PassengerId,Survived,surface,split,base_prob,graph_prob
5,0,fixed,0,0.11320111970058842,0.10881647614348759
7,0,fixed,0,0.24531223761621976,0.2262529958075447
14,0,fixed,0,0.03981575593577512,0.03213158674696498
20,1,fixed,0,0.5931456908354392,0.5907614155233676
25,0,fixed,0,0.01338210251962021,0.012037973770832251
27,0,fixed,0,0.11923178957715076,0.1249171098238986
29,1,fixed,0,0.6441860653128645,0.6326226527891836
31,0,fixed,0,0.3946955654557269,0.3796043367373975
32,1,fixed,0,0.9747531680798626,0.9755364046662002
35,0,fixed,0,0.3419519537581398,0.38569935548187906
44,1,fixed,0,0.9757300596968926,0.9720136570657744
46,0,fixed,0,0.1136255561997973,0.11314742449051363
54,1,fixed,0,0.9252788136091362,0.9200505917047714
56,1,fixed,0,0.2640768082914906,0.26558285530441
61,0,fixed,0,0.12398087766512057,0.12474864485959011
64,0,fixed,0,0.010619253542608512,0.010515815614025285
65,0,fixed,0,0.3154305761702398,0.2926507536583779
67,1,fixed,0,0.9325974717989153,0.929440316571113
69,1,fixed,0,0.09362847500166026,0.13750043970820944
76,0,fixed,0,0.11159534943341531,0.11364349501266714
80,1,fixed,0,0.7859297952423661,0.8276277821573659
91,0,fixed,0,0.11267396855648155,0.11240405004674006
95,0,fixed,0,0.07801900464726498,0.0779286486208986
100,0,fixed,0,0.14896673426810259,0.1447316022598256
104,0,fixed,0,0.11361936942042884,0.11175133097725576
106,0,fixed,0,0.11267396855648155,0.11240405004674006
109,0,fixed,0,0.10793421027667804,0.10505022589139328
114,0,fixed,0,0.12968814548065913,0.12102756732821902
115,0,fixed,0,0.47111502559550733,0.5177311562466695
119,0,fixed,0,0.6065117750896325,0.5861671043868578
127,0,fixed,0,0.11835336460911007,0.11924937369666425
129,1,fixed,0,0.9578789349755907,0.9651135586441404
132,0,fixed,0,0.10734460229143286,0.11832718551527002
135,0,fixed,0,0.11055478337031739,0.11802006543224916
142,1,fixed,0,0.5877713309519466,0.6064501983781797
144,0,fixed,0,0.10849358677676482,0.10678167780056191
147,1,fixed,0,0.08427291315595078,0.09731543684153655
148,0,fixed,0,0.01184009601356292,0.012223711052539003
149,0,fixed,0,0.09955601939484915,0.10338656060550534
151,0,fixed,0,0.09978269451747072,0.11479727138115159
154,0,fixed,0,0.10096467423788928,0.0901067750619663
156,0,fixed,0,0.25353123987643333,0.26050229247539697
165,0,fixed,0,0.013798782073629553,0.01278438999190499
171,0,fixed,0,0.22262200960143477,0.20872429457804964
174,0,fixed,0,0.33366750596174294,0.3424058852620173
175,0,fixed,0,0.23706489602376216,0.21786998254187298
177,0,fixed,0,0.013684782541100745,0.012384266622904448
178,0,fixed,0,0.9670320732024597,0.961862372128687
204,0,fixed,0,0.10541877747421471,0.1015255620260692
208,1,fixed,0,0.07955430548100638,0.0849694211338233
236,0,fixed,0,0.5817988944924481,0.6080615162609546
239,0,fixed,0,0.1307704803576561,0.13620668671356354
250,0,fixed,0,0.16532278428598146,0.20851505479525823
252,0,fixed,0,0.0652258087790723,0.03716806310599385
274,0,fixed,0,0.4023293837291137,0.36494897817283567
283,0,fixed,0,0.10759376200525866,0.10969585841404307
284,1,fixed,0,0.11318313385921008,0.11348603678771203
286,0,fixed,0,0.12219158147900033,0.11915600583779985
287,1,fixed,0,0.10970881749330508,0.11173320622844864
288,0,fixed,0,0.11254464790309798,0.11240405004674006
291,1,fixed,0,0.9569787121089336,0.9595608421251386
294,0,fixed,0,0.572634125401091,0.601671290179907
305,0,fixed,0,0.11331309449591251,0.11348603678771203
307,1,fixed,0,0.9764267209279314,0.9730725427928092
314,0,fixed,0,0.11267396855648155,0.11240405004674006
315,0,fixed,0,0.098712365223578,0.10760486972675556
323,1,fixed,0,0.9420768218948355,0.9394349659794279
325,0,fixed,0,0.019691705506693177,0.01917801250218839
332,0,fixed,0,0.291258978809917,0.2659791653599688
336,0,fixed,0,0.11267396855648155,0.11240405004674006
337,0,fixed,0,0.6093180367185689,0.5846443199636293
342,1,fixed,0,0.9366192949904958,0.9414887029646772
344,0,fixed,0,0.1136916386291651,0.11690055108912044
346,1,fixed,0,0.8894498545840862,0.9233848789891186
348,1,fixed,0,0.5872095183164945,0.5932904052956492
349,1,fixed,0,0.9552741639606513,0.957811327335727
351,0,fixed,0,0.11061382388931433,0.11238583282897205
358,0,fixed,0,0.9268394879065764,0.9335197182305894
363,0,fixed,0,0.05010258922871178,0.028497293723205655
364,0,fixed,0,0.10726508307585461,0.11580997157796229
366,0,fixed,0,0.11202684468353488,0.11521862138785026
370,1,fixed,0,0.9736950442772344,0.966515714136589
372,0,fixed,0,0.09556435578812664,0.10143864837239001
373,0,fixed,0,0.11254464790309798,0.11240405004674006
382,1,fixed,0,0.8503596199554687,0.8283945328652971
384,1,fixed,0,0.939994208042934,0.9389769878123972
395,1,fixed,0,0.9474824872043556,0.949164179139126
400,1,fixed,0,0.9259175695580439,0.9253706832535926
407,0,fixed,0,0.09399281641799001,0.09223633803194425
408,1,fixed,0,0.8591602006657252,0.897484757860507
413,1,fixed,0,0.9627539092726549,0.9539513534573529
417,1,fixed,0,0.9276599214276111,0.9286931385713705
426,0,fixed,0,0.11202684468353488,0.11588895003196982
427,1,fixed,0,0.9267448037684266,0.9200505917047714
430,1,fixed,0,0.12421678911953266,0.12966579523533167
434,0,fixed,0,0.24933509018766964,0.2449182562968444
436,1,fixed,0,0.8459220407399571,0.8255087766950148
441,1,fixed,0,0.9239959947657109,0.9212964662196232
449,1,fixed,0,0.8427767632371664,0.8519987866844849
450,1,fixed,0,0.2652271760308864,0.27492265119458503
462,0,fixed,0,0.11267396855648155,0.10999712064781178
466,0,fixed,0,0.10292248147498247,0.10273123199350039
470,1,fixed,0,0.8421178249582053,0.8481399250640179
474,1,fixed,0,0.9599114242826693,0.9476612914305451
478,0,fixed,0,0.0716536836001678,0.07356981595844042
484,1,fixed,0,0.2625992543890914,0.3007928401487106
494,0,fixed,0,0.18802222956269174,0.2127669274647684
499,0,fixed,0,0.9260758007547585,0.924332502400666
508,1,fixed,0,0.29358461217021464,0.27807671450097515
519,1,fixed,0,0.9260033443290806,0.9184152743061615
524,1,fixed,0,0.9725640890265399,0.9759913734796101
536,1,fixed,0,0.944577921661187,0.9538749986082926
540,1,fixed,0,0.9741915480368579,0.9710006678466996
550,1,fixed,0,0.9324785418656935,0.9507818684618956
551,1,fixed,0,0.1073581479952122,0.09465080074282542
559,1,fixed,0,0.9662396977841066,0.9724470031448321
578,1,fixed,0,0.9474552392420338,0.9411547828102651
588,1,fixed,0,0.18761403158817427,0.20242696533185578
603,0,fixed,0,0.2319032958689157,0.25754752282230636
608,1,fixed,0,0.3571407514904443,0.34577748309741047
612,0,fixed,0,0.10746867135412191,0.11832718551527002
615,0,fixed,0,0.11246176188536092,0.10999712064781178
618,0,fixed,0,0.4113395100237372,0.4165505674592137
626,0,fixed,0,0.27668203409724074,0.2580052907454924
627,0,fixed,0,0.07961827636837286,0.09519810714041535
628,1,fixed,0,0.9750052955430015,0.9788210558965535
629,0,fixed,0,0.11267396855648155,0.11240405004674006
638,0,fixed,0,0.14571853686273792,0.1357296781691908
639,0,fixed,0,0.016952367016826717,0.014606721387160064
642,1,fixed,0,0.9732377078733844,0.9705394950983849
648,1,fixed,0,0.21828668801958234,0.2267117678091247
653,0,fixed,0,0.11348910247209502,0.11240405004674006
666,0,fixed,0,0.060211993832959394,0.05208487821916042
669,0,fixed,0,0.10533989369457422,0.10333455955053597
679,0,fixed,0,0.013997573050249195,0.013257443123658296
684,0,fixed,0,0.009154456219467514,0.008883354710773669
686,0,fixed,0,0.16420120356146067,0.14090247178328766
687,0,fixed,0,0.012598593673990464,0.010411778034686773
697,0,fixed,0,0.1054350528517399,0.10123039690162723
708,1,fixed,0,0.3503384223257361,0.3134830387832473
709,1,fixed,0,0.9575980383014957,0.9421224257937969
719,0,fixed,0,0.11836540607074984,0.11979682306541029
724,0,fixed,0,0.10547101231932157,0.10838249629112146
725,1,fixed,0,0.633695353535305,0.608927359482792
730,0,fixed,0,0.5856347780267344,0.6016050857184665
733,0,fixed,0,0.08875815931107389,0.09847870131673961
735,0,fixed,0,0.11394263001170839,0.11690055108912044
738,1,fixed,0,0.7979484742808622,0.8009790028451091
766,1,fixed,0,0.9689085885239891,0.9724760761990213
774,0,fixed,0,0.05422158930294743,0.0746815161683466
780,1,fixed,0,0.9729948777561696,0.9706904230392247
781,1,fixed,0,0.6642369033439435,0.65839936357011
786,0,fixed,0,0.11108696789020421,0.11512990212102459
788,0,fixed,0,0.015695890904368105,0.012231260633506004
789,1,fixed,0,0.44099204738057607,0.4372788259165552
791,0,fixed,0,0.11912625680531187,0.1179825856671683
794,0,fixed,0,0.46123825935475204,0.5380635912693794
796,0,fixed,0,0.11387273658559982,0.11940835635742485
797,1,fixed,0,0.9641549191625257,0.9513210566228358
800,0,fixed,0,0.029093364195105505,0.02883955817017029
802,1,fixed,0,0.9682004683018369,0.9721812914302767
804,1,fixed,0,0.6943113777637991,0.6503545217294393
812,0,fixed,0,0.07559859040018323,0.078863508915296
815,0,fixed,0,0.11267396855648155,0.11175133097725576
819,0,fixed,0,0.09078733295197644,0.08643656553544793
823,0,fixed,0,0.23196808281431183,0.24041583018473903
831,1,fixed,0,0.40807496469299337,0.45064562146412024
840,1,fixed,0,0.3072675675216033,0.28430304735470285
846,0,fixed,0,0.10458894959581876,0.09708119803842406
849,0,fixed,0,0.2437531097411228,0.15259188705346843
857,1,fixed,0,0.9649617071670338,0.9707357281142258
863,1,fixed,0,0.9637313873946919,0.9510260102739596
871,0,fixed,0,0.11267396855648155,0.11240405004674006
874,0,fixed,0,0.10171043943196548,0.10232141127967961
876,1,fixed,0,0.6065815252884801,0.6088511773753775
884,0,fixed,0,0.11335010395152098,0.11970639069821772
885,0,fixed,0,0.10746867135412191,0.11832718551527002
886,0,fixed,0,0.02245444040864205,0.017810598937957875
891,0,fixed,0,0.11835336460911007,0.11856221420965969
1,0,fixed,1,0.07870303472888635,0.07460570512629312
17,0,fixed,1,0.012413858084072114,0.01206507886075143
21,0,fixed,1,0.09183205630031663,0.07240528149990925
23,1,fixed,1,0.6817213204630392,0.6731409697866841
24,1,fixed,1,0.3173102985316076,0.35228622358179856
36,0,fixed,1,0.4155418807701556,0.4484715349784816
40,1,fixed,1,0.9678637568329792,0.954769250866832
41,0,fixed,1,0.6124318791945405,0.6306771975538363
43,0,fixed,1,0.12264295277203362,0.12074879080613818
49,0,fixed,1,0.09608994587419407,0.10192762068366955
53,1,fixed,1,0.9368942273228337,0.9753447396305398
57,1,fixed,1,0.9267934450977497,0.9130380205295708
62,1,fixed,1,0.973805779330309,0.9736118030338635
63,0,fixed,1,0.3147763134559042,0.39058300389949135
68,0,fixed,1,0.11779669830581506,0.11894269169468151
72,0,fixed,1,0.008853922333114357,0.0075376363573234715
73,0,fixed,1,0.30036374419386164,0.32010769883251877
77,0,fixed,1,0.11080842188636388,0.11508385153750413
79,1,fixed,1,0.9759092508040965,0.9770135987416744
86,1,fixed,1,0.3816181403485062,0.38030097561358495
89,1,fixed,1,0.9752806693653967,0.9579711165400944
92,0,fixed,1,0.11679765910244189,0.11082064886661266
98,1,fixed,1,0.28746991671583105,0.24452266511180762
99,1,fixed,1,0.9740717401039298,0.9704837158378327
105,0,fixed,1,0.09825672116594132,0.0927767909704214
107,1,fixed,1,0.6359242483652511,0.6508256992185977
111,0,fixed,1,0.17156914766820425,0.13641886199154413
118,0,fixed,1,0.07183349459104749,0.05850294982765899
121,0,fixed,1,0.12673303209414516,0.09111937539956806
122,0,fixed,1,0.11176271432518907,0.11700012813491498
125,0,fixed,1,0.1013488136257769,0.0729734150938912
128,1,fixed,1,0.09775617474807861,0.10654389368012669
155,0,fixed,1,0.09473676415895864,0.08769356057945844
159,0,fixed,1,0.11080842188636388,0.11570980899767735
160,0,fixed,1,0.010666213975809757,0.013252323334298367
163,0,fixed,1,0.10892567259434537,0.10818248335435837
170,0,fixed,1,0.8485153991493748,0.8646017241302376
187,1,fixed,1,0.6763542916442385,0.6783850004347574
193,1,fixed,1,0.6219216386624956,0.6428431796161972
194,1,fixed,1,0.9683698457130745,0.975944222724477
197,0,fixed,1,0.12058639188678937,0.11355129849699512
213,0,fixed,1,0.10008948216224586,0.10705525734091162
214,0,fixed,1,0.11068882215308667,0.11417413064836626
219,1,fixed,1,0.9690326362147664,0.9507002947340499
222,0,fixed,1,0.11068882215308667,0.11590569689668134
225,1,fixed,1,0.2876877707920561,0.3345616138415179
247,0,fixed,1,0.6254394993293749,0.640011318621595
248,1,fixed,1,0.9194120350375562,0.9295123340659834
249,1,fixed,1,0.4213247956439684,0.4234199727647791
258,1,fixed,1,0.9729831826375195,0.9788588924857248
264,0,fixed,1,0.1874926274461253,0.22590529322742994
265,0,fixed,1,0.6857066867786237,0.6629841059023394
268,1,fixed,1,0.10646709178736208,0.1022185441399025
271,0,fixed,1,0.3348149908996513,0.34723471623709096
277,0,fixed,1,0.617627739763669,0.6148887247626434
279,0,fixed,1,0.012350134454457193,0.01024279469686689
282,0,fixed,1,0.0881148854063698,0.08473243033404719
289,1,fixed,1,0.0983663784341559,0.10153594047035196
290,1,fixed,1,0.6580353056133607,0.6591732479308678
301,1,fixed,1,0.6862790129583283,0.6576536813446135
306,1,fixed,1,0.17629493779832528,0.14977152167640861
309,0,fixed,1,0.121112109201819,0.11018529424316426
310,1,fixed,1,0.9686524840809105,0.9642767995894156
311,1,fixed,1,0.9648275013997436,0.9648625540381836
316,1,fixed,1,0.6110534007545595,0.6346221022197603
317,1,fixed,1,0.9164653379871112,0.9290341100220026
327,0,fixed,1,0.0694373233385664,0.07315367060269069
338,1,fixed,1,0.97089741729706,0.9752828227477593
352,0,fixed,1,0.3108169003393674,0.3451482303965011
354,0,fixed,1,0.06714195685028715,0.059360363943876164
359,1,fixed,1,0.6724229710860656,0.6541460991579605
360,1,fixed,1,0.6724229710860656,0.6541460991579605
365,0,fixed,1,0.1156109871243535,0.10237333009452863
368,1,fixed,1,0.6774740972896238,0.6704487524484957
374,0,fixed,1,0.3613348752748704,0.33978947374840185
378,0,fixed,1,0.3613208584193983,0.3556112070699506
380,0,fixed,1,0.11482628776381429,0.10999688410098989
381,1,fixed,1,0.9709912732753334,0.9791779547673137
385,0,fixed,1,0.11080842188636388,0.11508385153750413
386,0,fixed,1,0.23614746371773157,0.19616562348213987
390,1,fixed,1,0.943732253406881,0.9236006929241862
393,0,fixed,1,0.10124598619588632,0.10445147674223136
394,1,fixed,1,0.9821420956277451,0.9813779997055979
396,0,fixed,1,0.10892567259434537,0.11082064886661266
401,1,fixed,1,0.1278172664099753,0.12955250039132346
405,0,fixed,1,0.3941694065159329,0.43780158765994714
411,0,fixed,1,0.11080842188636388,0.11508385153750413
412,0,fixed,1,0.11360196204167582,0.08248801518811227
415,1,fixed,1,0.12668036870468694,0.12973824783043583
420,0,fixed,1,0.04635908941235168,0.0394017175908647
421,0,fixed,1,0.12264295277203362,0.12074879080613818
431,1,fixed,1,0.3540135722077318,0.350992376351502
439,0,fixed,1,0.18956461660844956,0.17637099852199767
446,1,fixed,1,0.9575585920279698,0.9599748243453172
447,1,fixed,1,0.9751660220566826,0.9763296357733176
463,0,fixed,1,0.3935028292694173,0.41035734168913396
467,0,fixed,1,0.2797079667413695,0.3085902358203677
473,1,fixed,1,0.9706250729592419,0.9737592687675831
475,0,fixed,1,0.6214651512516478,0.6291576207337136
481,0,fixed,1,0.008999891205391276,0.007970323805647928
483,0,fixed,1,0.10360392196928107,0.10074508336031357
488,0,fixed,1,0.3322053429862905,0.3053706818650052
490,1,fixed,1,0.9608999331989757,0.9604027296023426
492,0,fixed,1,0.10124556607425952,0.10877490483165617
495,0,fixed,1,0.10641143663879232,0.10985191491518889
503,0,fixed,1,0.6953262295744755,0.6701082109928697
504,0,fixed,1,0.6157217872679838,0.6184277180459898
506,0,fixed,1,0.3900671669982857,0.41258150416255696
514,1,fixed,1,0.9326049450958073,0.9153356518523447
523,0,fixed,1,0.10743778952404126,0.11060103321758259
529,0,fixed,1,0.10337146123666908,0.10235659802550595
530,0,fixed,1,0.09713259275927354,0.0826655504529563
553,0,fixed,1,0.12058639188678937,0.11575350329333815
556,0,fixed,1,0.2910100347296413,0.28185016149203135
564,0,fixed,1,0.11334723942701934,0.11885825831074938
569,0,fixed,1,0.10967157007442016,0.11060103321758259
573,1,fixed,1,0.5269941798401442,0.47044219182186253
574,1,fixed,1,0.6862790129583283,0.6576536813446135
576,0,fixed,1,0.0810417690230335,0.07065178606504352
579,0,fixed,1,0.6869015479770862,0.6721264552793635
585,0,fixed,1,0.12264295277203362,0.12140133353401726
587,0,fixed,1,0.09792497383113068,0.10421612827844527
595,0,fixed,1,0.09877072812691062,0.09574463434704461
597,1,fixed,1,0.9596521825312061,0.9631093530517045
600,1,fixed,1,0.2888611322782966,0.32277359633891994
607,0,fixed,1,0.11080842188636388,0.11508385153750413
610,1,fixed,1,0.972394441149384,0.9773484822189582
614,0,fixed,1,0.12058639188678937,0.11355129849699512
619,1,fixed,1,0.9754226348998593,0.9785596622316675
621,0,fixed,1,0.13445966220430192,0.11482310844264904
623,1,fixed,1,0.14222947058704608,0.11205221779283059
625,0,fixed,1,0.09043616162846231,0.0769946629474962
630,0,fixed,1,0.11772336438187048,0.1105282985049448
632,0,fixed,1,0.08947212242846185,0.08520584153689022
633,1,fixed,1,0.38073178549937997,0.3610340017155298
636,1,fixed,1,0.909559240877579,0.895424075194812
649,0,fixed,1,0.09981117092214319,0.10654389368012669
657,0,fixed,1,0.11080842188636388,0.11508385153750413
670,1,fixed,1,0.9521607651630443,0.9686842393860458
675,0,fixed,1,0.0756870679741213,0.08949780763899781
677,0,fixed,1,0.11080842188636388,0.11570980899767735
680,1,fixed,1,0.8139839880826916,0.7486331388520618
683,0,fixed,1,0.11679765910244189,0.11625944057747176
692,1,fixed,1,0.7883759040126735,0.7841003520972961
693,1,fixed,1,0.8485153991493748,0.8646017241302376
695,0,fixed,1,0.29329318932256476,0.2826269234005033
696,0,fixed,1,0.09797001170215729,0.10291149041272528
702,1,fixed,1,0.5269941798401442,0.47547004699365975
712,0,fixed,1,0.3368657388603378,0.3340580149291226
716,0,fixed,1,0.11574362666021419,0.09767336690327225
720,0,fixed,1,0.13071533207692587,0.12813534430373819
722,0,fixed,1,0.09841046668234854,0.09847055422658803
731,1,fixed,1,0.9780521022939052,0.9781172070497866
734,0,fixed,1,0.1090489530903508,0.11043972998221019
737,0,fixed,1,0.017698054501824028,0.013110751268746956
740,0,fixed,1,0.11080842188636388,0.11508385153750413
753,0,fixed,1,0.11331842469292136,0.11570980899767735
754,0,fixed,1,0.11080842188636388,0.11563089856458118
756,1,fixed,1,0.9443653439274565,0.9538145291043388
760,1,fixed,1,0.9691376115764274,0.9775440939990628
772,0,fixed,1,0.0852102430373254,0.07281391630392614
773,0,fixed,1,0.9379249332997734,0.9430272541378153
776,0,fixed,1,0.11482628776381429,0.11035965328504563
778,1,fixed,1,0.9141205938631459,0.8690551291862364
779,0,fixed,1,0.11772336438187048,0.1105282985049448
799,0,fixed,1,0.10967157007442016,0.11060103321758259
824,1,fixed,1,0.9575178100958803,0.9581001525994737
827,0,fixed,1,0.8485153991493748,0.8646017241302376
829,1,fixed,1,0.12058639188678937,0.11355129849699512
839,1,fixed,1,0.8494126057927891,0.8646017241302376
842,0,fixed,1,0.10735273660159585,0.10553344946849949
853,0,fixed,1,0.04987076241069216,0.04311341791282321
860,0,fixed,1,0.10967157007442016,0.11060103321758259
869,0,fixed,1,0.11261726523752168,0.11570980899767735
875,1,fixed,1,0.9329592667503487,0.9223283228780109
879,0,fixed,1,0.11080842188636388,0.11508385153750413
880,1,fixed,1,0.9495726078284811,0.9526114044393096
883,0,fixed,1,0.6214651512516478,0.6291576207337136
11,1,fixed,2,0.9660367527903508,0.9645216027854162
28,0,fixed,2,0.6124285619257059,0.4047871350658842
30,0,fixed,2,0.10407592996576151,0.10457154082425374
37,1,fixed,2,0.09642396485555764,0.10525319144914137
48,1,fixed,2,0.6379461141497537,0.6378487520870003
50,0,fixed,2,0.5393092885976827,0.5155504424623178
55,0,fixed,2,0.2741679621365766,0.2543903828121795
59,1,fixed,2,0.9813726210185476,0.9789957725728609
75,1,fixed,2,0.4683643347071334,0.47691661313019196
87,0,fixed,2,0.024949218101696816,0.03241098314255162
94,0,fixed,2,0.15782118037688675,0.1432285183284366
103,0,fixed,2,0.14458654959858022,0.1848777268368317
110,1,fixed,2,0.44832605600612463,0.5629679966745701
117,0,fixed,2,0.05912437415855844,0.05472081658222013
124,1,fixed,2,0.9359566777436197,0.9356871731284141
126,1,fixed,2,0.9621407169506732,0.9504021283274015
130,0,fixed,2,0.06937790857322025,0.06377160118929857
131,0,fixed,2,0.09231585156530962,0.1065651643509243
136,0,fixed,2,0.09546053343759342,0.11009209647716217
146,0,fixed,2,0.11814743994557102,0.1173661929030656
150,0,fixed,2,0.10687543620177424,0.11119048440184838
157,1,fixed,2,0.6433143793701211,0.6363470597605013
167,1,fixed,2,0.9661397431733628,0.9630890336903806
168,0,fixed,2,0.008366911889996395,0.007311261119850177
173,1,fixed,2,0.9471906373652141,0.9474701282233142
183,0,fixed,2,0.9622180699297983,0.9641973258170408
195,1,fixed,2,0.9565564371666396,0.9352383923831132
199,1,fixed,2,0.6379461141497537,0.6378487520870003
202,0,fixed,2,0.015400360517199136,0.02574947871790003
205,1,fixed,2,0.10713244824944401,0.10616988646088728
206,0,fixed,2,0.10990861582420043,0.09195997132001302
209,1,fixed,2,0.6448539972899568,0.6378487520870003
218,0,fixed,2,0.10168644994569905,0.10889920747131307
220,0,fixed,2,0.04963349236387084,0.05612431372840052
224,0,fixed,2,0.10407592996576151,0.10457154082425374
227,1,fixed,2,0.10619800192216336,0.10146632003995579
229,0,fixed,2,0.11864044064098998,0.1157508794457581
230,0,fixed,2,0.01812407832778844,0.023994882862690855
231,1,fixed,2,0.964128093530669,0.9618337813492978
233,0,fixed,2,0.06745844607669615,0.06642872779024009
241,0,fixed,2,0.07355801522817924,0.0776415945073892
242,1,fixed,2,0.6464679103456905,0.6677615874339032
245,0,fixed,2,0.09436929062964959,0.09208923215760129
251,0,fixed,2,0.09869363506491607,0.10370223090322275
263,0,fixed,2,0.18966523080681819,0.16587285619477665
266,0,fixed,2,0.10180511589955406,0.10073631029442781
270,1,fixed,2,0.980054276844895,0.9697754896635055
273,1,fixed,2,0.9759887070198484,0.9697941837529369
278,0,fixed,2,0.05598688000992788,0.08708700052271097
280,1,fixed,2,0.3865027423632405,0.4171078573747668
285,0,fixed,2,0.3096048180877766,0.2705073712593837
293,0,fixed,2,0.12491332872271906,0.12242643712919017
295,0,fixed,2,0.10882556632902712,0.105995545590984
297,0,fixed,2,0.1008637080953507,0.1084593081215388
299,1,fixed,2,0.2902564723467964,0.2839831241158343
313,0,fixed,2,0.9269612418954855,0.9346986704455256
318,0,fixed,2,0.07636459107975822,0.08775577178898247
319,1,fixed,2,0.9827910276477013,0.9833957003467977
320,1,fixed,2,0.9841311064170264,0.9777457257753802
321,0,fixed,2,0.10224928960196634,0.10560215311963901
322,0,fixed,2,0.10401568099922189,0.10668432603743085
330,1,fixed,2,0.9868735497957367,0.9863369033532893
333,0,fixed,2,0.2685792142934642,0.25062432935142265
334,0,fixed,2,0.055052824774576174,0.05435486906668749
345,0,fixed,2,0.10474667009011575,0.10852179969019435
350,0,fixed,2,0.07453107228325485,0.07649570800084164
356,0,fixed,2,0.10672398498689273,0.1081297240506675
361,0,fixed,2,0.026330012484255445,0.023530089961533125
362,0,fixed,2,0.11166385043831498,0.11345536124147526
376,1,fixed,2,0.9491936266683635,0.9385127603080593
383,0,fixed,2,0.2341351131117555,0.2281795988431693
387,0,fixed,2,0.009484246535419825,0.012130926852727233
399,0,fixed,2,0.10330493367707551,0.11921977765972368
402,0,fixed,2,0.1070386691674836,0.10525017406801783
410,0,fixed,2,0.01812407832778844,0.023994882862690855
414,0,fixed,2,0.05598688000992788,0.08708700052271097
419,0,fixed,2,0.11100405759207264,0.11151955472366572
440,0,fixed,2,0.10751157749843036,0.10388187480514417
453,0,fixed,2,0.4399183038110342,0.41243034937710293
456,1,fixed,2,0.09976487988394661,0.1085480050451405
461,1,fixed,2,0.2397994075607311,0.21587880532474374
464,0,fixed,2,0.0891099887274965,0.08402031835334521
465,0,fixed,2,0.10719601488813953,0.10400248263192931
468,0,fixed,2,0.23903499591972577,0.2253603644846357
471,0,fixed,2,0.09869363506491607,0.10370223090322275
476,0,fixed,2,0.1366116654425004,0.1562869102341226
480,1,fixed,2,0.7703860350579446,0.7213793574497842
482,0,fixed,2,0.0749972479809174,0.08996147414022483
496,0,fixed,2,0.08132525441326788,0.08473075203354116
501,0,fixed,2,0.06922462011876368,0.06724287680811045
509,0,fixed,2,0.061096508591960835,0.06569681738477592
511,1,fixed,2,0.09554797158329899,0.10067174953069385
522,0,fixed,2,0.10764417230874537,0.105995545590984
526,0,fixed,2,0.06575054114699456,0.06789406361384016
533,0,fixed,2,0.058577014184819205,0.055754607055510795
545,0,fixed,2,0.2611461374846999,0.2734153672788199
547,1,fixed,2,0.9753066239297496,0.9624567113850088
548,1,fixed,2,0.10466547193960045,0.11272510453027697
557,1,fixed,2,0.9437288382352637,0.946367230437494
560,1,fixed,2,0.4764298404879142,0.493911256211401
563,0,fixed,2,0.10979070896067702,0.11151955472366572
566,0,fixed,2,0.061635275148332225,0.1506759305268224
567,0,fixed,2,0.10897793195713863,0.10674939088271673
570,1,fixed,2,0.10209047141881973,0.10538541739930203
571,1,fixed,2,0.04148212134808836,0.038837486452279656
575,0,fixed,2,0.10646856748638348,0.10616988646088728
577,1,fixed,2,0.9092066670968937,0.9223424463648001
582,1,fixed,2,0.9668851254799495,0.9542714544611552
583,0,fixed,2,0.050264712338749254,0.04679691532928246
584,0,fixed,2,0.4438654930956978,0.41664090155220973
590,0,fixed,2,0.10719601488813953,0.10400248263192931
598,0,fixed,2,0.06665092507048212,0.04270016093932201
601,1,fixed,2,0.925454751635249,0.9367364291094388
605,1,fixed,2,0.41961518056700026,0.3972506230876789
609,1,fixed,2,0.9781519885459143,0.9739291711360758
613,1,fixed,2,0.6464679103456905,0.6677615874339032
617,0,fixed,2,0.05612748943701281,0.05545968170940785
620,0,fixed,2,0.10029069272435057,0.1060428635749607
622,1,fixed,2,0.3163823642464218,0.2804325007622295
637,0,fixed,2,0.2341351131117555,0.2281795988431693
640,0,fixed,2,0.1529207413281013,0.15149944291497372
644,1,fixed,2,0.46500661284488415,0.5270251793740036
646,1,fixed,2,0.449084477343555,0.46689214648000504
659,0,fixed,2,0.10073026383179762,0.10968996348288874
663,0,fixed,2,0.22683403044092826,0.22191131823605162
665,1,fixed,2,0.13914622153157793,0.12828462788171785
667,0,fixed,2,0.10334586408455473,0.10856072006308222
672,0,fixed,2,0.4660252855213619,0.3976764707092599
678,1,fixed,2,0.5771031672602923,0.5757556349101446
681,0,fixed,2,0.627556182410217,0.6361176099994047
682,1,fixed,2,0.37084748507219073,0.4167205282307357
689,0,fixed,2,0.11055621843861721,0.10816050717008141
690,1,fixed,2,0.982271292370185,0.9794572508268112
694,0,fixed,2,0.09675990271693828,0.10734120662924133
700,0,fixed,2,0.08365330494331326,0.07228958408909389
701,1,fixed,2,0.9814648893953659,0.9772768800048154
703,0,fixed,2,0.07383534980640079,0.07589330747820719
705,0,fixed,2,0.048278179150524854,0.04203269160711799
707,1,fixed,2,0.8978757652050045,0.9139104133317978
710,1,fixed,2,0.9670618446014739,0.9675739688621987
713,1,fixed,2,0.3448668148674813,0.332367193729022
717,1,fixed,2,0.9773406596111915,0.9626457810163302
718,1,fixed,2,0.9363315319824769,0.9366057029316427
721,1,fixed,2,0.9798780903633706,0.9772560213885346
726,0,fixed,2,0.07677030670532747,0.07403817075402123
732,0,fixed,2,0.8747572529627579,0.8162571070788855
744,0,fixed,2,0.1089016064160868,0.1077928659113553
745,1,fixed,2,0.2341351131117555,0.2281795988431693
750,0,fixed,2,0.0919680390270919,0.0944819057684776
755,1,fixed,2,0.9690803024313477,0.9707376889795059
757,0,fixed,2,0.10401568099922189,0.10885382539254805
759,0,fixed,2,0.09108305101673146,0.09813840383412613
764,1,fixed,2,0.9819750284632558,0.9715023224658385
768,0,fixed,2,0.605216114751815,0.6166027689414236
770,0,fixed,2,0.1050033146222933,0.10606870676406205
775,1,fixed,2,0.8252495415566863,0.8604744242694903
784,0,fixed,2,0.05237524576372379,0.060867627806395055
785,0,fixed,2,0.0643906051401223,0.06500694800108685
803,1,fixed,2,0.9828873582099164,0.9740076570859719
806,0,fixed,2,0.10209047141881973,0.10213596416907085
817,0,fixed,2,0.5761483196858252,0.570557085658812
818,0,fixed,2,0.09458507072131864,0.08966881401379741
820,0,fixed,2,0.012758032144448464,0.012797798492248665
826,0,fixed,2,0.09421354650012942,0.09571335722591474
832,1,fixed,2,0.9697877181896631,0.9775281615417541
833,0,fixed,2,0.09642396485555764,0.10525319144914137
841,0,fixed,2,0.1053306447585494,0.10616988646088728
848,0,fixed,2,0.07536151975116563,0.0954433455954576
851,0,fixed,2,0.018901749990031178,0.01725340487718772
855,0,fixed,2,0.9105639908329649,0.9118940461445701
858,1,fixed,2,0.23496674376726598,0.21587880532474374
867,1,fixed,2,0.915091885485503,0.9271508571003179
868,0,fixed,2,0.46593874991587825,0.3954480706523104
870,1,fixed,2,0.9459982310786835,0.9449568831461215
872,1,fixed,2,0.968349020097594,0.9627491948682844
881,1,fixed,2,0.9633509166086355,0.9621639665627564
887,0,fixed,2,0.11117474721657941,0.12316397855853535
890,1,fixed,2,0.434674896137792,0.434304868822216
3,1,fixed,3,0.600511076638793,0.6031707501959217
4,1,fixed,3,0.948130899708304,0.9440217521956649
10,1,fixed,3,0.9073827265302243,0.916467267818997
15,0,fixed,3,0.6635045190178618,0.6600249771208553
16,1,fixed,3,0.8686966691266828,0.8593756280075487
19,0,fixed,3,0.5454483266930662,0.5432191796750372
22,1,fixed,3,0.12148259838445565,0.12149135536280094
34,0,fixed,3,0.05771162344005071,0.05616628411458525
39,0,fixed,3,0.5435137612447596,0.577027449044569
66,1,fixed,3,0.959182953033101,0.9695645119336871
70,0,fixed,3,0.09887886327464616,0.09743364960413294
74,0,fixed,3,0.10458255091154842,0.10069259706810052
78,0,fixed,3,0.09580728396840676,0.09748422269192066
90,0,fixed,3,0.09511174979216695,0.09848162572044084
93,0,fixed,3,0.38208868966336823,0.4498534236910412
112,0,fixed,3,0.07318184074468059,0.0685439028330346
113,0,fixed,3,0.09578450261696846,0.09848162572044084
120,0,fixed,3,0.02696649091266152,0.03244907776971327
145,0,fixed,3,0.11045546778868774,0.11967564797229022
152,1,fixed,3,0.9495896801680684,0.9438435054817149
153,0,fixed,3,0.06074119620200111,0.059346510959462896
158,0,fixed,3,0.09895255513201744,0.09736956680770355
164,0,fixed,3,0.08349742268685359,0.08488512409326283
166,1,fixed,3,0.9553336240312068,0.9640337120763828
172,0,fixed,3,0.012952894756636512,0.01689505798554101
180,0,fixed,3,0.12134126217164544,0.12903206652924454
181,0,fixed,3,0.01178639894470853,0.01778620838114148
189,0,fixed,3,0.0686791236347384,0.08108329507319587
191,1,fixed,3,0.915283287421084,0.9133955000164005
192,0,fixed,3,0.11665657462992307,0.11837686928619978
196,1,fixed,3,0.9793503116909574,0.9621764338523842
198,0,fixed,3,0.06720412482110202,0.07099401126244735
200,0,fixed,3,0.9191557960290586,0.9088677898292368
201,0,fixed,3,0.09899997250040216,0.0992587921699785
203,0,fixed,3,0.07884024600982414,0.08313688683803433
210,1,fixed,3,0.3195298814152559,0.34402859879779474
211,0,fixed,3,0.0741662452400914,0.07861225750451029
215,0,fixed,3,0.10810901143992878,0.11074306009083792
216,1,fixed,3,0.9898953695063918,0.9843346750813216
221,1,fixed,3,0.09377418863601465,0.09340369663027455
228,0,fixed,3,0.09582401263362278,0.09366036982330565
232,0,fixed,3,0.10325905821459203,0.09732818962369981
234,1,fixed,3,0.7293996424401827,0.7675162390702571
237,0,fixed,3,0.08426617116442382,0.09110163631947013
243,0,fixed,3,0.09731980794928694,0.10007026869611504
253,0,fixed,3,0.2648785093021185,0.26403287854972085
257,1,fixed,3,0.9394241975854797,0.9346043338426896
261,0,fixed,3,0.10810901143992878,0.10870832758764101
267,0,fixed,3,0.03012258770224228,0.037355291307007994
275,1,fixed,3,0.6801924011503273,0.6444419229550027
281,0,fixed,3,0.05297991199130535,0.05994694032011118
300,1,fixed,3,0.9109367737878646,0.9194369066501493
302,1,fixed,3,0.09916157805732682,0.10241554248745934
328,1,fixed,3,0.9269925333552796,0.941877359351248
331,1,fixed,3,0.6954768083407019,0.6760263472572664
335,1,fixed,3,0.9638090926772378,0.952114308486464
339,1,fixed,3,0.0649963907135775,0.06929563274913726
340,0,fixed,3,0.3078442186242631,0.32910206177616297
343,0,fixed,3,0.09790223367005081,0.1029667370383138
347,1,fixed,3,0.8631470317974198,0.8801823297786385
357,1,fixed,3,0.9894170129233042,0.9868955436424016
367,1,fixed,3,0.9432670400375495,0.9292414160195347
371,1,fixed,3,0.6594031475528576,0.5977750961367033
379,0,fixed,3,0.09235622783807505,0.090580009029463
389,0,fixed,3,0.10578180977838289,0.10797390912153818
392,1,fixed,3,0.09399993199810423,0.09848162572044084
397,0,fixed,3,0.4535559110727467,0.5425764762343284
398,0,fixed,3,0.06341860552270746,0.06043194521693107
406,0,fixed,3,0.0939269487774169,0.10245681602980458
409,0,fixed,3,0.09429434227552355,0.09848162572044084
416,0,fixed,3,0.6369247941685788,0.6575250897351167
418,1,fixed,3,0.9349994799000287,0.9342802832680884
423,0,fixed,3,0.1021962213875376,0.09732818962369981
425,0,fixed,3,0.049057509597164387,0.06752142348890086
428,1,fixed,3,0.9346843782800957,0.9439507534586519
429,0,fixed,3,0.10810901143992878,0.10870832758764101
435,0,fixed,3,0.3440765080909187,0.39203788718406696
442,0,fixed,3,0.10144286607645248,0.10027233435118793
443,0,fixed,3,0.09972538355725274,0.0982004963550125
444,1,fixed,3,0.9113697953657327,0.8976268282662123
445,1,fixed,3,0.09764238635174037,0.09748422269192066
452,0,fixed,3,0.10140784772050142,0.09138199398659792
454,1,fixed,3,0.41086761483975387,0.40255484920197404
455,0,fixed,3,0.09580728396840676,0.09752565904350008
458,1,fixed,3,0.9557779336697217,0.9461872142215809
459,1,fixed,3,0.8557344779854665,0.8744102893936764
460,0,fixed,3,0.10810901143992878,0.10870832758764101
472,0,fixed,3,0.07180364497996855,0.0734585645493636
477,0,fixed,3,0.0939269487774169,0.08969133997912611
479,0,fixed,3,0.09466408916900194,0.09770522307296131
489,0,fixed,3,0.09921742510037329,0.09736956680770355
491,0,fixed,3,0.10140784772050142,0.09138199398659792
493,0,fixed,3,0.2957497683270553,0.2646381364585135
497,1,fixed,3,0.9405236182503454,0.944442372543073
502,0,fixed,3,0.6554700088222196,0.6415987736870687
505,1,fixed,3,0.9884093485270266,0.9825797606160617
510,1,fixed,3,0.6252402092747613,0.6790834366711405
515,0,fixed,3,0.08664683961874797,0.0852052194700279
516,0,fixed,3,0.35208880900260364,0.36027838339955365
525,0,fixed,3,0.10554296552226798,0.09969134827028253
531,1,fixed,3,0.9863955161294307,0.9846530513836929
535,0,fixed,3,0.6093476994330788,0.6096281601928266
538,1,fixed,3,0.9327827332703384,0.9288450403441912
539,0,fixed,3,0.09458727432335734,0.09322852348824165
541,1,fixed,3,0.9434430324534504,0.9439295114899184
542,0,fixed,3,0.024114928921902812,0.031046755934476748
543,0,fixed,3,0.02513273612007958,0.03165444929655767
544,1,fixed,3,0.06129876688689126,0.06906947318985505
546,0,fixed,3,0.24245996583962126,0.21499697626657613
549,0,fixed,3,0.07846163421428932,0.07801752103955203
552,0,fixed,3,0.09218992415631412,0.10199712757961142
554,1,fixed,3,0.10466654461827869,0.10070881349228038
558,0,fixed,3,0.3327301479111414,0.39248418544227825
568,0,fixed,3,0.012926984459484203,0.014916433729043242
572,1,fixed,3,0.9387564604221208,0.9023689867805109
580,1,fixed,3,0.18525891006361048,0.16974830189852552
581,1,fixed,3,0.9194094560978834,0.9054571763515998
586,1,fixed,3,0.9753814963409608,0.9768708203482577
589,0,fixed,3,0.09578450261696846,0.09848162572044084
592,1,fixed,3,0.9455628628438469,0.9505666818820556
594,0,fixed,3,0.6937754451860192,0.6833871714306404
604,0,fixed,3,0.0649963907135775,0.06929563274913726
606,0,fixed,3,0.08449135496592267,0.08206460523774324
611,0,fixed,3,0.0229851410261183,0.02738379145573691
631,1,fixed,3,0.2185336572060275,0.2279582350126404
635,0,fixed,3,0.009142687814451664,0.013784040863524798
641,0,fixed,3,0.07311440031457403,0.07798363592257322
643,0,fixed,3,0.009798425537593249,0.014418241752146378
645,1,fixed,3,0.7582279709715068,0.6782759533499307
647,0,fixed,3,0.09479478651329665,0.09848162572044084
650,1,fixed,3,0.6327702855263997,0.6169807583482569
652,1,fixed,3,0.9837886434411863,0.982285595257542
654,1,fixed,3,0.6795212587983318,0.6447107410458541
658,0,fixed,3,0.6825590248499654,0.7079996626342085
660,0,fixed,3,0.4712400264827315,0.423273425563731
662,0,fixed,3,0.07019668823440209,0.07122261315686422
685,0,fixed,3,0.05775848906463657,0.0495925560979159
688,0,fixed,3,0.09946217722961304,0.10027233435118793
691,1,fixed,3,0.5151221145516254,0.5251528463088179
704,0,fixed,3,0.10810901143992878,0.10832759052001481
706,0,fixed,3,0.08243324702608311,0.08332056394661291
714,0,fixed,3,0.1025108697493476,0.09910023061460337
727,1,fixed,3,0.9304616942427197,0.927714161116429
728,1,fixed,3,0.6801924011503273,0.6426980195535231
729,0,fixed,3,0.09218992415631412,0.09311781385148948
736,0,fixed,3,0.07445330596233596,0.07208292984123937
742,0,fixed,3,0.44103455965449306,0.4190192469254287
743,1,fixed,3,0.9855701234302007,0.9744276073227505
748,1,fixed,3,0.9058034270457628,0.8974636259887063
749,0,fixed,3,0.4837015682847167,0.5125214550380925
751,1,fixed,3,0.9507529053751319,0.9475795613678025
752,1,fixed,3,0.9592606370715048,0.9702059192140523
769,0,fixed,3,0.08559539666721677,0.07085279703388857
777,0,fixed,3,0.10915943532953314,0.11471495124629874
790,0,fixed,3,0.14081156432305805,0.11072632562296696
793,0,fixed,3,0.01178639894470853,0.01778620838114148
795,0,fixed,3,0.0959359653225273,0.09780731134201956
801,0,fixed,3,0.07793459055644683,0.06928302811408125
805,1,fixed,3,0.08205183870853758,0.08927995305930927
807,0,fixed,3,0.2991866247971813,0.2507532122185061
810,1,fixed,3,0.9787675202631319,0.9728093249324357
811,0,fixed,3,0.0959359653225273,0.09748422269192066
813,0,fixed,3,0.09713815452073052,0.10280292823666645
816,0,fixed,3,0.21451932671221285,0.2630527090189996
822,1,fixed,3,0.09764238635174037,0.09748422269192066
825,0,fixed,3,0.010549977359274544,0.01465767089536809
828,1,fixed,3,0.9260770043009228,0.929095924839435
843,1,fixed,3,0.9089986048957392,0.9257126327992055
854,1,fixed,3,0.973050770079171,0.9581818366931848
859,1,fixed,3,0.7185978328879641,0.6755410186279578
861,0,fixed,3,0.06175907252802859,0.07504327010484536
862,0,fixed,3,0.1009832191614663,0.10550369875271003
865,0,fixed,3,0.09649397839830541,0.09722184319454599
866,1,fixed,3,0.8800197555293373,0.8972523693509746
873,0,fixed,3,0.2966328931319814,0.40005555495012207
878,0,fixed,3,0.08201573413649164,0.08589174781577143
888,1,fixed,3,0.9557237766762744,0.9190892060807155
889,0,fixed,3,0.534724632325031,0.5693435817813187
2,1,fixed,4,0.9523419372254505,0.9428257764765916
6,0,fixed,4,0.08322836213916174,0.09252290201360681
8,0,fixed,4,0.05135233043359567,0.03488048673112412
9,1,fixed,4,0.8657103597794443,0.803552912722431
12,1,fixed,4,0.8989173368281687,0.9039932956665784
13,0,fixed,4,0.10431836689990925,0.11349727348122901
18,1,fixed,4,0.09399859998559518,0.0953302046204004
26,1,fixed,4,0.5223966397350399,0.6301865487963619
33,1,fixed,4,0.5973631156866775,0.6230956436016049
38,0,fixed,4,0.10431836689990925,0.11060518468965506
42,0,fixed,4,0.9168903465056276,0.914982127406052
45,1,fixed,4,0.5981826812762264,0.6055612902243657
47,0,fixed,4,0.10995664051329666,0.09910798282550509
51,0,fixed,4,0.010781408546544571,0.011940565118116798
52,0,fixed,4,0.10630523839136187,0.11052504694741337
58,0,fixed,4,0.11679828875932151,0.11130885776213509
60,0,fixed,4,0.014200516487083151,0.01606148921606566
71,0,fixed,4,0.09305969741643162,0.09662961300011985
81,0,fixed,4,0.10483920268905268,0.10435477263158642
82,1,fixed,4,0.10839203243237377,0.1033151113293921
83,1,fixed,4,0.5973631156866775,0.6230956436016049
84,0,fixed,4,0.39539754361217616,0.355048461154357
85,1,fixed,4,0.9306776556481122,0.9174655643610446
88,0,fixed,4,0.11341137494336549,0.10676304732231066
96,0,fixed,4,0.10442118570923663,0.10336497611584894
97,0,fixed,4,0.2990601370372547,0.299614420740388
101,0,fixed,4,0.5454703976938932,0.5334894420439945
102,0,fixed,4,0.07860173563942484,0.07747508466871648
108,1,fixed,4,0.10640978285783523,0.10328947496524932
116,0,fixed,4,0.31919888313634354,0.3703846665796929
123,0,fixed,4,0.1344206948843513,0.13057007466462225
133,0,fixed,4,0.5179702654312318,0.5125447464270961
134,1,fixed,4,0.907948318954705,0.9054024290391194
137,1,fixed,4,0.9492460199954809,0.9496169064673624
138,0,fixed,4,0.4491976089528088,0.42927630723113086
139,0,fixed,4,0.08283559874591045,0.10045440338677122
140,0,fixed,4,0.1687157006470977,0.1471791711812423
141,0,fixed,4,0.07485643596237715,0.0883230205407748
143,1,fixed,4,0.5625702933550507,0.5791311773326597
161,0,fixed,4,0.0853664416203216,0.08546137293145249
162,1,fixed,4,0.8930159175096001,0.880664980560729
169,0,fixed,4,0.33169673373235165,0.310461996750344
176,0,fixed,4,0.1046613212084286,0.11115836980924876
179,0,fixed,4,0.09399859998559518,0.0953302046204004
182,0,fixed,4,0.10404773032312714,0.11412073306919951
184,1,fixed,4,0.9776604309465111,0.9790116757531508
185,1,fixed,4,0.7644738843562846,0.7194448329473291
186,0,fixed,4,0.3714353779721252,0.34084587368630453
188,1,fixed,4,0.31927322812815656,0.3107972401081744
190,0,fixed,4,0.10266666915916968,0.10187940587438081
207,0,fixed,4,0.1762250734586723,0.17240802886056789
212,1,fixed,4,0.8947835690054198,0.8931987160516467
217,1,fixed,4,0.5440910532095294,0.5129282124408837
223,0,fixed,4,0.08200264246985951,0.1010527089819988
226,0,fixed,4,0.10781482083620461,0.10778147148639786
235,0,fixed,4,0.09732483528978456,0.09618847591192341
238,1,fixed,4,0.9714623192007401,0.9734444225404664
240,0,fixed,4,0.09136444070617654,0.09677018413380674
244,0,fixed,4,0.2880220751410146,0.35854438300768454
246,0,fixed,4,0.49676237785471833,0.4581588030424762
254,0,fixed,4,0.08496426161364322,0.07449064384820317
255,0,fixed,4,0.374821656607342,0.4372861834339291
256,1,fixed,4,0.529843515344716,0.5671665247411654
259,1,fixed,4,0.9410604001477699,0.9522644927584515
260,1,fixed,4,0.9509454527614267,0.939551278502704
262,1,fixed,4,0.6969095827962429,0.7049453991200496
269,1,fixed,4,0.9545622130355879,0.9564229463344552
272,1,fixed,4,0.033039515910650734,0.038428379585469026
276,1,fixed,4,0.959559420548121,0.9589281820931647
292,1,fixed,4,0.9619280908907313,0.9614437374476449
296,0,fixed,4,0.34434696082293875,0.32434452868908165
298,0,fixed,4,0.9390587202445205,0.9613693613376861
303,0,fixed,4,0.039790631244524165,0.022347537929025392
304,1,fixed,4,0.9551755506341362,0.9533566847326109
308,1,fixed,4,0.9683404516437237,0.966535916031883
312,1,fixed,4,0.959175408138286,0.9698901657833279
324,1,fixed,4,0.9631009371244007,0.9624458712780156
326,1,fixed,4,0.9728938054307056,0.9726394103837108
329,1,fixed,4,0.8791768301128066,0.8989243252408599
341,1,fixed,4,0.9734929578031121,0.9728076218634598
353,0,fixed,4,0.43291968199555786,0.480923412231119
355,0,fixed,4,0.11373157757064126,0.11063026792129207
369,1,fixed,4,0.5973631156866775,0.6230956436016049
375,0,fixed,4,0.050723766103907546,0.038249887767686105
377,1,fixed,4,0.5605463276357828,0.5371142055719694
388,1,fixed,4,0.8916814637610799,0.8866200650994659
391,1,fixed,4,0.2684257740216107,0.28006016963343133
403,0,fixed,4,0.18506616956446537,0.1965994576715237
404,0,fixed,4,0.09814326063440887,0.0900417088219169
422,0,fixed,4,0.11437646630427914,0.12141195546149054
424,0,fixed,4,0.4339931632144454,0.4434347812579455
432,1,fixed,4,0.43539034546547484,0.46357243419461225
433,1,fixed,4,0.9021549822909833,0.8880873114370791
437,0,fixed,4,0.022911012999945437,0.018864633634823647
438,1,fixed,4,0.8427883294904188,0.7410356637546737
448,1,fixed,4,0.38029751110350285,0.36822393191363034
451,0,fixed,4,0.088287722555617,0.08405553047426675
457,0,fixed,4,0.3237598458223009,0.3556565672203915
469,0,fixed,4,0.11448793146295126,0.11355465591361547
485,1,fixed,4,0.46692921728486264,0.464145281081166
486,0,fixed,4,0.015459639861855836,0.017714894137357846
487,1,fixed,4,0.9513193251766586,0.9650975030361651
498,0,fixed,4,0.09828068376467274,0.09750288727675512
500,0,fixed,4,0.10689698503413639,0.1042786325838402
507,1,fixed,4,0.9599315211269653,0.9613644404587206
512,0,fixed,4,0.11272787018128472,0.10263628520743688
513,1,fixed,4,0.5159373063434128,0.5449381557173428
517,1,fixed,4,0.9075063105882558,0.9165463507518434
518,0,fixed,4,0.07311617286606428,0.05216337656262265
520,0,fixed,4,0.10550385551352139,0.10327023271829262
521,1,fixed,4,0.947065723118426,0.9453945104003081
527,1,fixed,4,0.8707387482914221,0.8439809543050606
528,0,fixed,4,0.38800795175349084,0.3429497582989031
532,0,fixed,4,0.11475074675929264,0.11136210155357214
534,1,fixed,4,0.9425543271234408,0.9419757917538425
537,0,fixed,4,0.3740787687299912,0.3500449701550594
555,1,fixed,4,0.561513535673987,0.5436576968654698
561,0,fixed,4,0.11792232163797525,0.11355465591361547
562,0,fixed,4,0.0929353101730139,0.10046818075170424
565,0,fixed,4,0.5635834133123143,0.5461406957671632
591,0,fixed,4,0.3464397942961928,0.3543582625916328
593,0,fixed,4,0.07997601925039298,0.10238583335244632
596,0,fixed,4,0.05939270159627017,0.04750386155887868
599,0,fixed,4,0.11539479806815657,0.11797632534833703
602,0,fixed,4,0.10607452418919305,0.10332007834002382
616,1,fixed,4,0.9466024956732564,0.9522805820990417
624,0,fixed,4,0.06304047452114486,0.07727056502022749
634,0,fixed,4,0.1874843531108188,0.1866029573789775
651,0,fixed,4,0.10607452418919305,0.10332007834002382
655,0,fixed,4,0.5808666710942073,0.607610004630105
656,0,fixed,4,0.0850128256686961,0.047095127550124224
661,1,fixed,4,0.38806444760801717,0.36301370460593835
664,0,fixed,4,0.07392734511754608,0.07634079948997197
668,0,fixed,4,0.10640978285783523,0.10328947496524932
671,1,fixed,4,0.8862202438393991,0.8619825440716523
673,0,fixed,4,0.08513614743461247,0.09102103287195885
674,1,fixed,4,0.09307279688795692,0.0953302046204004
676,0,fixed,4,0.10683481090879676,0.11360307638099688
698,1,fixed,4,0.5977562198214735,0.6230956436016049
699,0,fixed,4,0.8538802928001265,0.8906031580028769
711,1,fixed,4,0.9521357829074891,0.9443487351185765
715,0,fixed,4,0.04488762960244193,0.05495562232886255
723,0,fixed,4,0.09175224687926291,0.09305790088186168
739,0,fixed,4,0.10607452418919305,0.10332007834002382
741,1,fixed,4,0.3701143830320111,0.37284599517082584
746,0,fixed,4,0.39191039495855395,0.38360680656792867
747,0,fixed,4,0.16887615470775538,0.18618129998271085
758,0,fixed,4,0.1146409035696186,0.11136646848305984
761,0,fixed,4,0.05158133613935671,0.06207058809252322
762,0,fixed,4,0.08890002924162596,0.1011624029764344
763,1,fixed,4,0.11520479555584932,0.11834798416127067
765,0,fixed,4,0.11014311436639274,0.11783097245060573
767,0,fixed,4,0.34925013408458433,0.336740397238877
771,0,fixed,4,0.10841395117393429,0.10435477263158642
782,1,fixed,4,0.9611225110469575,0.9691624846812388
783,0,fixed,4,0.43736112260237137,0.4411686059710209
787,1,fixed,4,0.5619159723192174,0.5812735900426512
792,0,fixed,4,0.07843006046733655,0.07646546749069308
798,1,fixed,4,0.5394111335257578,0.5305387078779362
808,0,fixed,4,0.561513535673987,0.5812735900426512
809,0,fixed,4,0.07848669369573708,0.07102185007053194
814,0,fixed,4,0.02310375055001767,0.02566895428553121
821,1,fixed,4,0.9221608785940104,0.9362613499022251
830,1,fixed,4,0.9616679049254709,0.965794433705478
834,0,fixed,4,0.10689698503413639,0.1042786325838402
835,0,fixed,4,0.10483920268905268,0.11368516064606476
836,1,fixed,4,0.9514848629603709,0.9389241277563681
837,0,fixed,4,0.10483920268905268,0.1070994877272964
838,0,fixed,4,0.10442118570923663,0.10336497611584894
844,0,fixed,4,0.10236162862489254,0.09394732188870601
845,0,fixed,4,0.10323661159416493,0.11791570521058309
847,0,fixed,4,0.025822629294682917,0.02528113815509035
850,1,fixed,4,0.9501205513072001,0.9616177069937162
852,0,fixed,4,0.08044650531935862,0.09750237074162196
856,1,fixed,4,0.5049528712853059,0.5770584710535545
864,0,fixed,4,0.014084350316169147,0.01907294758918771
877,0,fixed,4,0.06725008928553082,0.08741060009576043
882,0,fixed,4,0.10402716008322324,0.10327023271829262
17,0,pseudo,0,0.025327011227042014,0.022631739377976356
18,1,pseudo,0,0.10827341177052038,0.10868029160269264
19,0,pseudo,0,0.1424945025104942,0.16955518466407712
32,1,pseudo,0,0.9747875845575212,0.9844955885959458
46,0,pseudo,0,0.1136294469214254,0.1146243561195726
47,0,pseudo,0,0.12634409314816675,0.13451679240952377
48,1,pseudo,0,0.6333037599900152,0.6376333127093298
63,0,pseudo,0,0.37828188335686047,0.3835343979379349
65,0,pseudo,0,0.3601091941917348,0.2698250271514497
70,0,pseudo,0,0.1153362638003884,0.10924941104508917
75,1,pseudo,0,0.5054514693264917,0.38533386399146785
79,1,pseudo,0,0.9766396791950968,0.9801818410035383
85,1,pseudo,0,0.9394806694141227,0.9369947067635541
86,1,pseudo,0,0.3829544520856469,0.3649805270315938
87,0,pseudo,0,0.05615559437707737,0.04672883691278775
88,0,pseudo,0,0.11158336454118323,0.10856700921082622
96,0,pseudo,0,0.11388722422995612,0.1105676302006033
116,0,pseudo,0,0.14804993260088922,0.16167833158143788
117,0,pseudo,0,0.08453793063520233,0.07656630767892197
119,0,pseudo,0,0.5675298195262061,0.6012886726833075
130,0,pseudo,0,0.07686844118422433,0.07941399276798818
145,0,pseudo,0,0.11894803815688992,0.12106015645292918
150,0,pseudo,0,0.09243288753961018,0.09662013747026003
151,0,pseudo,0,0.08083838169343377,0.080745640535418
158,0,pseudo,0,0.11186963301282875,0.10856700921082622
160,0,pseudo,0,0.015478432641824637,0.013928648541904613
163,0,pseudo,0,0.11227632993614405,0.11064042719677969
176,0,pseudo,0,0.11047097633394377,0.10922666991390625
181,0,pseudo,0,0.016543100618333733,0.013559832531833228
182,0,pseudo,0,0.12811734268692884,0.13926403367412743
186,0,pseudo,0,0.36755520621369847,0.352638453189141
191,1,pseudo,0,0.919607818570606,0.9317671543251221
205,1,pseudo,0,0.10907430074913915,0.11344368874317769
212,1,pseudo,0,0.918911479583827,0.916833857075632
214,0,pseudo,0,0.10827341177052038,0.10868029160269264
217,1,pseudo,0,0.4936033406653738,0.49918525378939954
223,0,pseudo,0,0.0822563699032629,0.07602876759196274
224,0,pseudo,0,0.11227632993614405,0.1105676302006033
234,1,pseudo,0,0.7804338896554636,0.7213268020958565
236,0,pseudo,0,0.5127485430077428,0.5467646437635879
237,0,pseudo,0,0.0859625815711172,0.10144782364060202
239,0,pseudo,0,0.11894803815688992,0.11578699838403811
252,0,pseudo,0,0.039231072766709195,0.04316309143307837
264,0,pseudo,0,0.18881785407332877,0.17899146008409006
272,1,pseudo,0,0.030170279412607,0.04154033163955039
273,1,pseudo,0,0.9688997791356591,0.9769242074110128
279,0,pseudo,0,0.0235087239876197,0.02353139962999132
280,1,pseudo,0,0.3804665260180711,0.3616421807889433
281,0,pseudo,0,0.08453793063520233,0.07656630767892197
292,1,pseudo,0,0.976632568075344,0.9824244296157612
299,1,pseudo,0,0.3705806114249764,0.3404426403447954
310,1,pseudo,0,0.9686076407053646,0.9640332701021553
311,1,pseudo,0,0.9819054118441558,0.9810879820700801
312,1,pseudo,0,0.9786695576902577,0.9792990788506106
313,0,pseudo,0,0.9371977340515827,0.9413748648010895
315,0,pseudo,0,0.06002878819974293,0.04047035166562856
316,1,pseudo,0,0.5031077172151237,0.48374547798608675
317,1,pseudo,0,0.8772927681520952,0.8824623569209393
320,1,pseudo,0,0.9827838048240003,0.9855478960120015
325,0,pseudo,0,0.021072497471570684,0.014997830019246521
329,1,pseudo,0,0.9266795408720372,0.8749768241050734
334,0,pseudo,0,0.061316480015885626,0.06669649062080038
336,0,pseudo,0,0.11227632993614405,0.1105676302006033
337,0,pseudo,0,0.5537020709118574,0.5541097266988767
352,0,pseudo,0,0.37305863836080005,0.3404426403447954
361,0,pseudo,0,0.04224577809987545,0.02882840551236311
363,0,pseudo,0,0.03427065606178406,0.04294218820731843
367,1,pseudo,0,0.9460683760019841,0.955656184666465
375,0,pseudo,0,0.013644544110772655,0.015614642069997834
377,1,pseudo,0,0.5378589250317073,0.509749348092861
378,0,pseudo,0,0.4886616773527806,0.4519505914402111
379,0,pseudo,0,0.09956670344898796,0.10751724190060061
381,1,pseudo,0,0.9685304475483689,0.9614507755668831
382,1,pseudo,0,0.8179988739956789,0.8530277450194506
390,1,pseudo,0,0.9563818774274003,0.954152086313729
391,1,pseudo,0,0.2516592107944255,0.30925345119849323
401,1,pseudo,0,0.10765868422404357,0.13517985615368025
408,1,pseudo,0,0.9385701969496747,0.9603704776035736
410,0,pseudo,0,0.013046108412569602,0.016425919855348824
411,0,pseudo,0,0.11227632993614405,0.1105676302006033
413,1,pseudo,0,0.9565287856986647,0.9502331905253205
415,1,pseudo,0,0.1092872715305191,0.1290223363265549
418,1,pseudo,0,0.9372564322995797,0.9451948629936745
423,0,pseudo,0,0.11256415096669836,0.1105676302006033
426,0,pseudo,0,0.10849643963296665,0.11376470951568587
430,1,pseudo,0,0.12775992593119623,0.13417453911273763
433,1,pseudo,0,0.9296416246004611,0.9254662831582219
436,1,pseudo,0,0.9405580625551775,0.9375891419681802
437,0,pseudo,0,0.018805794410722904,0.018540480634747784
450,1,pseudo,0,0.29532524525769277,0.2815786259957282
452,0,pseudo,0,0.05584774439575864,0.04484822564903647
454,1,pseudo,0,0.3434097045162496,0.4039082669942202
455,0,pseudo,0,0.1136294469214254,0.1105676302006033
458,1,pseudo,0,0.9519912807667946,0.954422488780329
459,1,pseudo,0,0.8962573894740079,0.8851191612926589
462,0,pseudo,0,0.10205828367583344,0.10231629357875453
463,0,pseudo,0,0.3591299331100829,0.35083879678318136
472,0,pseudo,0,0.06950824340972703,0.0641227865085647
473,1,pseudo,0,0.9604437420870962,0.9578573489652465
477,0,pseudo,0,0.07205590899364653,0.0623400757867104
478,0,pseudo,0,0.06350939830931501,0.06291822653132223
482,0,pseudo,0,0.07111011685550014,0.07957001730203535
483,0,pseudo,0,0.08420429733143867,0.07602876759196274
484,1,pseudo,0,0.3311037171216221,0.39951529826242504
488,0,pseudo,0,0.28855946292322504,0.3198257280942064
490,1,pseudo,0,0.9519792701366588,0.9420935692399113
494,0,pseudo,0,0.21361171014073158,0.2150711207276834
497,1,pseudo,0,0.9731421386402577,0.9779250472882971
509,0,pseudo,0,0.05942660776598867,0.06617026073263954
510,1,pseudo,0,0.5047304187268276,0.38533386399146785
514,1,pseudo,0,0.9354374952338358,0.9308982031063788
516,0,pseudo,0,0.39880679170398153,0.34352509763935635
541,1,pseudo,0,0.9466331497313714,0.9436541972055835
544,1,pseudo,0,0.0709518695345001,0.06186734316012831
552,0,pseudo,0,0.09578051975627566,0.11304876397816083
557,1,pseudo,0,0.9343495156408769,0.9379004859829427
573,1,pseudo,0,0.5273289619188449,0.5628363206368415
575,0,pseudo,0,0.10933236931613097,0.11508646203904535
576,0,pseudo,0,0.04129548597423139,0.048321204700093975
583,0,pseudo,0,0.038294507730527776,0.03716754771688577
586,1,pseudo,0,0.960991748765291,0.9737163017967253
588,1,pseudo,0,0.27712971520042573,0.31333325234785087
590,0,pseudo,0,0.1136294469214254,0.1105676302006033
598,0,pseudo,0,0.02023549424522049,0.047843146414573
599,0,pseudo,0,0.2169658843402938,0.24232133144254678
604,0,pseudo,0,0.08493946659229491,0.08660769661453162
608,1,pseudo,0,0.4567639534636176,0.4299437562426263
610,1,pseudo,0,0.9742158506941748,0.9676135522790944
615,0,pseudo,0,0.09986350410632892,0.10231629357875453
616,1,pseudo,0,0.9690331102795731,0.9760246398623252
624,0,pseudo,0,0.051014563366864135,0.04598699063041256
628,1,pseudo,0,0.9764799879562419,0.9795504819144351
629,0,pseudo,0,0.11227632993614405,0.1105676302006033
632,0,pseudo,0,0.07441956032152544,0.07005165660111587
636,1,pseudo,0,0.9159239479624236,0.9226358922109981
639,0,pseudo,0,0.00994705009856479,0.014336408250220967
642,1,pseudo,0,0.9825489618596144,0.9823692901734759
643,0,pseudo,0,0.010063071415122117,0.011769398508947454
649,0,pseudo,0,0.10873641994746885,0.11469947960037782
651,0,pseudo,0,0.11227632993614405,0.1105676302006033
652,1,pseudo,0,0.9740447109630567,0.9784863045940289
660,0,pseudo,0,0.3549650077721533,0.4576056734298369
667,0,pseudo,0,0.10333738030482083,0.10705969233202417
675,0,pseudo,0,0.07111011685550014,0.07957001730203535
677,0,pseudo,0,0.11388722422995612,0.1105676302006033
681,0,pseudo,0,0.6301720279128342,0.6329673366026302
683,0,pseudo,0,0.1152116337663309,0.1151484630360956
695,0,pseudo,0,0.2716776952067255,0.264789002737611
699,0,pseudo,0,0.8732004921535556,0.9134303372747256
712,0,pseudo,0,0.42025992591133865,0.36272942469290853
714,0,pseudo,0,0.1148197671185321,0.1105676302006033
720,0,pseudo,0,0.06616215825455309,0.09167327496651542
726,0,pseudo,0,0.09301486447460339,0.08182383393988966
728,1,pseudo,0,0.6198837429508813,0.6376333127093298
729,0,pseudo,0,0.09870644132346182,0.11341422058911749
751,1,pseudo,0,0.9579319362576233,0.9564232845469925
756,1,pseudo,0,0.9731817922840662,0.9785886101852623
770,0,pseudo,0,0.11417864365818214,0.1105676302006033
773,0,pseudo,0,0.8794748185697289,0.8922138867705672
800,0,pseudo,0,0.02346631620087458,0.028957860826296804
807,0,pseudo,0,0.17594530779776985,0.20075946838732334
813,0,pseudo,0,0.10688540018297119,0.10953279118332986
822,1,pseudo,0,0.11388722422995612,0.1105676302006033
828,1,pseudo,0,0.9450230084437692,0.9432440879753606
834,0,pseudo,0,0.11227632993614405,0.10995517015930362
835,0,pseudo,0,0.10932301888834774,0.11344368874317769
838,0,pseudo,0,0.11388722422995612,0.1105676302006033
847,0,pseudo,0,0.021072497471570684,0.014997830019246521
849,0,pseudo,0,0.20831310387197302,0.15827868925419153
850,1,pseudo,0,0.9515193372038053,0.9685582850843615
852,0,pseudo,0,0.076686828616359,0.06606894077134028
854,1,pseudo,0,0.955164572198922,0.9652842325694269
857,1,pseudo,0,0.9705837339472865,0.9843837742412228
869,0,pseudo,0,0.11452692290528171,0.1105676302006033
876,1,pseudo,0,0.6098208423526096,0.641545966822044
878,0,pseudo,0,0.08500082570606479,0.08684867639985235
882,0,pseudo,0,0.10059571101913897,0.10231629357875453
886,0,pseudo,0,0.02147033527908908,0.024710659966305757
1,0,pseudo,1,0.06837134839565998,0.07726805249163793
6,0,pseudo,1,0.0759449556550431,0.08072687188216264
7,0,pseudo,1,0.41094063999922004,0.39887964584004976
9,1,pseudo,1,0.8580680752985346,0.8452712304861797
11,1,pseudo,1,0.968656762587535,0.9646654279299655
14,0,pseudo,1,0.1525210050155723,0.16631672824477006
21,0,pseudo,1,0.08260387797263462,0.07602757026432701
27,0,pseudo,1,0.09948051270478755,0.1000711050601771
30,0,pseudo,1,0.10018018716804238,0.09992293433516436
32,1,pseudo,1,0.9700645826049454,0.9711597078301925
34,0,pseudo,1,0.07342832540706398,0.08253298965653144
36,0,pseudo,1,0.30914701933521344,0.40867814022255833
39,0,pseudo,1,0.055780931819185434,0.08144838012488641
46,0,pseudo,1,0.09788805628933096,0.09729160975992529
49,0,pseudo,1,0.10708751668926086,0.11120509836480431
50,0,pseudo,1,0.45969582200338516,0.4768788059932335
51,0,pseudo,1,0.012350245254153699,0.010382151206314761
54,1,pseudo,1,0.8987777928488602,0.900177163980427
61,0,pseudo,1,0.10236690633222777,0.1034532134642329
64,0,pseudo,1,0.01390096426650566,0.01221956575114955
65,0,pseudo,1,0.3522950288235825,0.3294673090115498
70,0,pseudo,1,0.10345699658480446,0.10391294332324237
78,0,pseudo,1,0.10018018716804238,0.09993909690700974
80,1,pseudo,1,0.7351210015252754,0.7473741703340108
88,0,pseudo,1,0.09945294278157794,0.09438355847616003
92,0,pseudo,1,0.11043937011194578,0.10848221113803307
101,0,pseudo,1,0.6210987710278021,0.6270532615443166
108,1,pseudo,1,0.09716977180438527,0.09988709208326123
110,1,pseudo,1,0.35880859754568994,0.364385264504845
111,0,pseudo,1,0.13941612534422532,0.1172710512046227
117,0,pseudo,1,0.06975733259642826,0.07564318788451842
121,0,pseudo,1,0.1236052330138378,0.10196079465567871
125,0,pseudo,1,0.11424707761390857,0.16292411151260616
138,0,pseudo,1,0.6144626006909291,0.5895950791900623
142,1,pseudo,1,0.6396516012443234,0.6459332593419775
143,1,pseudo,1,0.40713846739588005,0.48955007076860857
150,0,pseudo,1,0.09258068681419841,0.08645023618948207
153,0,pseudo,1,0.0737410112314868,0.08622056618922058
168,0,pseudo,1,0.012447403521710749,0.011070924469033301
171,0,pseudo,1,0.32053239589391663,0.3270856714451172
172,0,pseudo,1,0.013141753254202507,0.012436665119298503
181,0,pseudo,1,0.01789964613771965,0.014603837473232491
191,1,pseudo,1,0.8964984273208324,0.8773426306872691
192,0,pseudo,1,0.1308071046304024,0.12243865015317382
209,1,pseudo,1,0.7096225457156429,0.7025880934173225
217,1,pseudo,1,0.6178846985023468,0.6200617937763183
218,0,pseudo,1,0.09368877612708694,0.08572197077713507
221,1,pseudo,1,0.10352791262285803,0.10059944444930373
232,0,pseudo,1,0.09716977180438527,0.10283030699075535
236,0,pseudo,1,0.6685746736334933,0.6466581433150872
239,0,pseudo,1,0.1308071046304024,0.12186011820843315
253,0,pseudo,1,0.31321430143496803,0.3122612139302573
259,1,pseudo,1,0.943544646940588,0.9405225483521934
261,0,pseudo,1,0.10167397708424576,0.09711411151207427
268,1,pseudo,1,0.09780689473339232,0.09688978615492283
277,0,pseudo,1,0.5197296157948678,0.5319054220358546
283,0,pseudo,1,0.107376079118164,0.10782056278028193
285,0,pseudo,1,0.3805681772497426,0.3413098810874249
289,1,pseudo,1,0.09589082498486978,0.09642118609229984
306,1,pseudo,1,0.1722012935473908,0.1237710377555147
311,1,pseudo,1,0.9821412699205876,0.9781559442715249
317,1,pseudo,1,0.7700789207313707,0.8031919556256126
321,0,pseudo,1,0.09775834477917077,0.10267824492290424
326,1,pseudo,1,0.9727913969766656,0.9604794870540685
330,1,pseudo,1,0.9718075519775855,0.9706868081815886
333,0,pseudo,1,0.5596543048187136,0.5429639870247647
337,0,pseudo,1,0.6221908190273815,0.6003333118427842
342,1,pseudo,1,0.9633874998031925,0.936104939882438
344,0,pseudo,1,0.1051480373655337,0.1055727887685807
345,0,pseudo,1,0.10379586322228103,0.10052891492854225
351,0,pseudo,1,0.10308455773283351,0.10367155064865119
367,1,pseudo,1,0.9490051612414472,0.9425358672594435
371,1,pseudo,1,0.5470585375752668,0.5209983166437916
380,0,pseudo,1,0.2111588831454653,0.19883877174162584
382,1,pseudo,1,0.899507672556952,0.881566666584096
384,1,pseudo,1,0.9557080796059929,0.9635467099727304
391,1,pseudo,1,0.1626266525368734,0.12969747099666123
396,0,pseudo,1,0.10181281925388319,0.10326369501061
398,0,pseudo,1,0.0970615712404621,0.10429443690670354
399,0,pseudo,1,0.09926524628949411,0.09429293195211062
409,0,pseudo,1,0.10223713459004609,0.10326369501061
411,0,pseudo,1,0.10018018716804238,0.09992293433516436
414,0,pseudo,1,0.0880110942153801,0.09829592175466666
416,0,pseudo,1,0.6389018015394244,0.6243193139728123
423,0,pseudo,1,0.10018018716804238,0.10243635196733639
428,1,pseudo,1,0.8647619598345724,0.8682277626244783
436,1,pseudo,1,0.9417363400885498,0.9479302965087242
445,1,pseudo,1,0.10018018716804238,0.09993909690700974
447,1,pseudo,1,0.9739785947589362,0.9783321168033766
463,0,pseudo,1,0.4608879099328982,0.44476990762598595
471,0,pseudo,1,0.09506319599266004,0.0993186652775213
473,1,pseudo,1,0.9526925627200437,0.9567097668742598
475,0,pseudo,1,0.6208913301022646,0.6243380045304207
477,0,pseudo,1,0.09764394313840004,0.09711473518924653
482,0,pseudo,1,0.09151083967386858,0.09871092687971385
490,1,pseudo,1,0.9601029567751763,0.9583551094912219
491,0,pseudo,1,0.06403640077272467,0.06430204351709026
515,0,pseudo,1,0.061393232652559714,0.07333091495441706
517,1,pseudo,1,0.9162898592897251,0.9140241711112234
524,1,pseudo,1,0.9501892857860449,0.9562956353302228
528,0,pseudo,1,0.3798442647976704,0.3444203453120378
530,0,pseudo,1,0.10548353498752851,0.10971695413211127
531,1,pseudo,1,0.977424916435965,0.982066982788355
532,0,pseudo,1,0.09948051270478755,0.1000711050601771
533,0,pseudo,1,0.06310165111190282,0.0699500899599967
540,1,pseudo,1,0.965820155200057,0.954033866554272
541,1,pseudo,1,0.9385291781263759,0.9260549043188153
542,0,pseudo,1,0.02531948188494884,0.02399789914509686
547,1,pseudo,1,0.9472169667761906,0.9591703027261751
553,0,pseudo,1,0.07555715848650596,0.08409347241470325
554,1,pseudo,1,0.10236690633222777,0.1034532134642329
560,1,pseudo,1,0.5991193020972169,0.6153522798320609
580,1,pseudo,1,0.08601454646440332,0.12561074193446403
582,1,pseudo,1,0.9685486143924538,0.9655940242713614
583,0,pseudo,1,0.08432413606453514,0.09823333461953708
584,0,pseudo,1,0.45337321959392113,0.41274011618465656
592,1,pseudo,1,0.9701437152545662,0.9709530869165045
593,0,pseudo,1,0.06966120827314856,0.07613714164212233
596,0,pseudo,1,0.03560208389683589,0.04022106009250106
602,0,pseudo,1,0.10018018716804238,0.09992293433516436
605,1,pseudo,1,0.42213331796518755,0.40433958095653727
610,1,pseudo,1,0.9747760855603824,0.971932005535745
612,0,pseudo,1,0.09436920198295086,0.09379402208779111
618,0,pseudo,1,0.4060265034353383,0.4704888444192257
626,0,pseudo,1,0.3782165314254241,0.4084784682267706
636,1,pseudo,1,0.8929287522249602,0.8845417261095182
639,0,pseudo,1,0.013204984893020225,0.011172062634845369
640,0,pseudo,1,0.11413700266048664,0.1190677403860373
641,0,pseudo,1,0.06924020682044728,0.07968159044451802
646,1,pseudo,1,0.3564252824208774,0.4906831622622533
653,0,pseudo,1,0.10538621638739452,0.1044291365788647
655,0,pseudo,1,0.7116832669575167,0.6868196052676944
659,0,pseudo,1,0.10278731219598689,0.1055727887685807
665,1,pseudo,1,0.1185483133230656,0.10856209588658527
666,0,pseudo,1,0.13383201653608845,0.10134936663280689
677,0,pseudo,1,0.10018018716804238,0.10071042537971349
679,0,pseudo,1,0.01789906648918534,0.01470590294219695
688,0,pseudo,1,0.11259724309472667,0.11032280271717675
690,1,pseudo,1,0.9809166177704586,0.9785728358941614
693,1,pseudo,1,0.4486040787065645,0.6265287225539471
701,1,pseudo,1,0.974008385740362,0.9680179847447513
704,0,pseudo,1,0.10192158822449401,0.1000711050601771
705,0,pseudo,1,0.061305606537218144,0.07189121639454686
707,1,pseudo,1,0.8782251116269546,0.8812172755300275
709,1,pseudo,1,0.6319175573090995,0.431777421824603
714,0,pseudo,1,0.10018018716804238,0.10418635266037554
719,0,pseudo,1,0.10167397708424576,0.10405752549164883
722,0,pseudo,1,0.10192210268117508,0.10266651732863193
723,0,pseudo,1,0.10648973319039487,0.10646611954460043
726,0,pseudo,1,0.07583370748573534,0.08069350111021793
733,0,pseudo,1,0.09151083967386858,0.09871092687971385
747,0,pseudo,1,0.10350736091405109,0.1296503998707179
754,0,pseudo,1,0.10308455773283351,0.10235805651845091
757,0,pseudo,1,0.09894032690981869,0.09988709208326123
766,1,pseudo,1,0.9530490547654729,0.9613813207794878
775,1,pseudo,1,0.8644321301509003,0.8749718369460457
780,1,pseudo,1,0.9716371373028839,0.9664926176077768
783,0,pseudo,1,0.5324546993845414,0.4998115381093114
784,0,pseudo,1,0.050740505158317,0.05985006482055602
791,0,pseudo,1,0.10167397708424576,0.09711411151207427
793,0,pseudo,1,0.01789964613771965,0.014603837473232491
794,0,pseudo,1,0.5252518382610704,0.4784804240019847
796,0,pseudo,1,0.0980196262208502,0.0974131663483619
798,1,pseudo,1,0.6389018015394244,0.6070166775423951
808,0,pseudo,1,0.6929652564412152,0.6739807794197616
810,1,pseudo,1,0.9716000824830143,0.9715047554178852
829,1,pseudo,1,0.10167397708424576,0.1000711050601771
836,1,pseudo,1,0.9594594069834486,0.944482696539381
850,1,pseudo,1,0.9633069265342264,0.968313041656354
862,0,pseudo,1,0.10920525006244923,0.10523055508096106
866,1,pseudo,1,0.8782251116269546,0.8618391076779203
869,0,pseudo,1,0.10316707242374562,0.10120870336657976
870,1,pseudo,1,0.9226486495151556,0.9098303926485196
871,0,pseudo,1,0.10018018716804238,0.09992293433516436
873,0,pseudo,1,0.36640427610622317,0.3652787345787711
875,1,pseudo,1,0.7786442848841146,0.7929017191634194
886,0,pseudo,1,0.010658990865011328,0.012055995370609909
888,1,pseudo,1,0.9655526055050645,0.9439515703284033
8,0,pseudo,2,0.0203939618095487,0.029620075756075937
28,0,pseudo,2,0.517295982594274,0.4703270666696944
50,0,pseudo,2,0.39425749654605924,0.403839450747126
55,0,pseudo,2,0.2928621120086178,0.24670839501650274
57,1,pseudo,2,0.9219529440902734,0.9155789105948049
62,1,pseudo,2,0.9768674898269272,0.9795444673897021
71,0,pseudo,2,0.11742077823264696,0.11291096793470874
72,0,pseudo,2,0.013339385352832894,0.013241991256993138
77,0,pseudo,2,0.10640928011216663,0.10515418992403958
88,0,pseudo,2,0.10685456099952764,0.10459529312918443
89,1,pseudo,2,0.9813072105999913,0.97469599538624
107,1,pseudo,2,0.6094908677193949,0.6054030857408939
114,0,pseudo,2,0.07737047681364702,0.12888244945316443
116,0,pseudo,2,0.2481172521708823,0.24428797940887514
132,0,pseudo,2,0.10695299002379209,0.09902082658972025
133,0,pseudo,2,0.6042450776232645,0.6069823868031025
134,1,pseudo,2,0.9239242817902779,0.9148704580048294
142,1,pseudo,2,0.5913029331694339,0.5847589693160204
143,1,pseudo,2,0.3907633310440397,0.37676705712750824
145,0,pseudo,2,0.14229288494727002,0.1623029579828119
146,0,pseudo,2,0.13375402794547492,0.14915315857813008
147,1,pseudo,2,0.0679261327490499,0.07474950071728625
150,0,pseudo,2,0.12493968718222327,0.11825573204247877
151,0,pseudo,2,0.12309242909184907,0.11406925783950322
158,0,pseudo,2,0.10776362406324297,0.10459529312918443
160,0,pseudo,2,0.019317672962543643,0.019757746796255995
161,0,pseudo,2,0.09295578866189345,0.08831779866780161
162,1,pseudo,2,0.9162878744462621,0.9066933634272497
163,0,pseudo,2,0.11055736989951775,0.10649168774411241
168,0,pseudo,2,0.010659409152252195,0.012522288687035713
169,0,pseudo,2,0.28686195660903,0.2864478577589575
179,0,pseudo,2,0.12244873712891297,0.11464064927695566
184,1,pseudo,2,0.9810193535060677,0.9822343416540597
188,1,pseudo,2,0.26811311474836774,0.25041229049917174
191,1,pseudo,2,0.9164111891919268,0.9037859936494811
192,0,pseudo,2,0.14629782719242795,0.15521993479895083
202,0,pseudo,2,0.031199334238264466,0.03013374184941987
209,1,pseudo,2,0.6504254388290169,0.650401434279084
212,1,pseudo,2,0.9122504677928612,0.9010361160852894
214,0,pseudo,2,0.12244873712891297,0.11464064927695566
218,0,pseudo,2,0.1271349897514149,0.12703771181148968
222,0,pseudo,2,0.11293124646043749,0.11645855427504655
224,0,pseudo,2,0.10640928011216663,0.10515418992403958
228,0,pseudo,2,0.10908585475388889,0.10722069392896322
236,0,pseudo,2,0.6444123541228359,0.6177951209621914
242,1,pseudo,2,0.6556631212064702,0.7043588689451027
244,0,pseudo,2,0.1792714135557155,0.18357100201624119
251,0,pseudo,2,0.10491285082052056,0.10492438830012621
269,1,pseudo,2,0.9735510192073763,0.9724472861556788
271,0,pseudo,2,0.36537380565234995,0.35202841311653227
276,1,pseudo,2,0.9716641260423291,0.9695595779185764
278,0,pseudo,2,0.12280711993581901,0.18284001744898667
279,0,pseudo,2,0.011065511126803795,0.011814136545861928
287,1,pseudo,2,0.10980085718971071,0.10700687406978829
291,1,pseudo,2,0.9536050852752016,0.9430138935055387
292,1,pseudo,2,0.9771895419655782,0.9760340129174504
293,0,pseudo,2,0.188357317131622,0.14760001142642992
296,0,pseudo,2,0.3131762745023298,0.30236445557494335
297,0,pseudo,2,0.10984609078850592,0.10734073345141001
300,1,pseudo,2,0.9376701515504621,0.9269299832641519
301,1,pseudo,2,0.742605096467911,0.7270721802738264
302,1,pseudo,2,0.1458348342377181,0.16601432653587467
303,0,pseudo,2,0.07432092863873668,0.07802791382382859
306,1,pseudo,2,0.1609690059470967,0.12757958082114376
309,0,pseudo,2,0.1531550009459333,0.14253713273606522
311,1,pseudo,2,0.9811624611929761,0.9790953053539231
314,0,pseudo,2,0.10640928011216663,0.10515418992403958
318,0,pseudo,2,0.12236683881694072,0.11406925783950322
320,1,pseudo,2,0.9647635538331445,0.9730755218221886
321,0,pseudo,2,0.10518788835324852,0.10338789074568472
324,1,pseudo,2,0.9747755154622502,0.9771573610774165
329,1,pseudo,2,0.9356342343395394,0.9444885460791967
333,0,pseudo,2,0.47093196310521324,0.44508715486152706
336,0,pseudo,2,0.10640928011216663,0.10515418992403958
338,1,pseudo,2,0.95587775557093,0.969374889234353
346,1,pseudo,2,0.9177705848517296,0.9435568333669452
371,1,pseudo,2,0.4501056605874703,0.4661415609683778
376,1,pseudo,2,0.9333235198345593,0.9043254419017807
385,0,pseudo,2,0.10640928011216663,0.10515418992403958
389,0,pseudo,2,0.11371082099113666,0.11299693329456655
412,0,pseudo,2,0.05209175115600548,0.07117299704224443
423,0,pseudo,2,0.10853132002503235,0.10515418992403958
426,0,pseudo,2,0.10535260801492508,0.10492438830012621
430,1,pseudo,2,0.14424743619354144,0.14399151726600765
439,0,pseudo,2,0.3926974447720781,0.3315392384783999
441,1,pseudo,2,0.9682971221083311,0.9646719261749163
443,0,pseudo,2,0.10506567250318627,0.10207621885171267
448,1,pseudo,2,0.37006438958235816,0.3550055399550035
452,0,pseudo,2,0.032304713471468655,0.0448803545866535
463,0,pseudo,2,0.30585102801673486,0.3156659743875811
464,0,pseudo,2,0.1138574963196235,0.10655497155924401
465,0,pseudo,2,0.10685456099952764,0.10459529312918443
469,0,pseudo,2,0.11371082099113666,0.11299693329456655
470,1,pseudo,2,0.49071600837648127,0.3828591522259109
479,0,pseudo,2,0.10541833803534538,0.10338789074568472
483,0,pseudo,2,0.0912372046188074,0.0989690120356447
494,0,pseudo,2,0.2555092345932484,0.24182281322497268
495,0,pseudo,2,0.10747724820924448,0.10478052899273199
503,0,pseudo,2,0.6612301439704955,0.6551544391825314
509,0,pseudo,2,0.05052474401562526,0.06940472985252624
519,1,pseudo,2,0.9231607525270882,0.9137332463591462
521,1,pseudo,2,0.9787630352111519,0.979927824541776
522,0,pseudo,2,0.10624310453064051,0.103614716744189
530,0,pseudo,2,0.109933684557951,0.09890883764047673
531,1,pseudo,2,0.9818814341118108,0.9827216202036874
543,0,pseudo,2,0.013495558417840293,0.013667556805312918
545,0,pseudo,2,0.3631771192998867,0.34230039476793894
550,1,pseudo,2,0.9445241094810337,0.9645017363727498
554,1,pseudo,2,0.10770015869693919,0.10854837382161904
556,0,pseudo,2,0.23682770674530423,0.2242826046796265
566,0,pseudo,2,0.06027798757123416,0.08867487795357637
568,0,pseudo,2,0.021481792985710683,0.027028207727746303
584,0,pseudo,2,0.42944698869267467,0.3946413094973757
585,0,pseudo,2,0.11369964276762169,0.11139046119882116
588,1,pseudo,2,0.28668979304951214,0.2515062154577069
595,0,pseudo,2,0.10497906356928927,0.10097657138733271
596,0,pseudo,2,0.054051514756800124,0.04949527101417766
606,0,pseudo,2,0.09574215349906208,0.08856632259568563
608,1,pseudo,2,0.38166614696388135,0.36898843424269057
609,1,pseudo,2,0.9751158955519887,0.9726359346928144
613,1,pseudo,2,0.6556631212064702,0.7043588689451027
614,0,pseudo,2,0.11590079184619939,0.11299693329456655
625,0,pseudo,2,0.061602642365571836,0.07115379232875323
635,0,pseudo,2,0.011574701275467008,0.01176570947172369
640,0,pseudo,2,0.1368036808636495,0.15380599998073743
650,1,pseudo,2,0.6114844254390858,0.6009886385303115
651,0,pseudo,2,0.10640928011216663,0.10515418992403958
654,1,pseudo,2,0.6411705556080253,0.6361999711657291
661,1,pseudo,2,0.3503551676187978,0.3854399206760959
665,1,pseudo,2,0.22938389104304088,0.22489364333063458
666,0,pseudo,2,0.09463369163283981,0.06159799690284076
676,0,pseudo,2,0.1126383471408803,0.11296374432474524
678,1,pseudo,2,0.6185397173909318,0.6102194021565381
680,1,pseudo,2,0.8315800482088977,0.8610279498216846
697,0,pseudo,2,0.09728502945114874,0.09834325180724482
698,1,pseudo,2,0.6550442822432763,0.6398075100523664
708,1,pseudo,2,0.38589128626809804,0.4274842719995873
709,1,pseudo,2,0.5419114346925468,0.4944332927051797
713,1,pseudo,2,0.38466832078217217,0.3790407374096979
714,0,pseudo,2,0.10887670570346916,0.10700687406978829
717,1,pseudo,2,0.9726223552962402,0.9798761441665619
718,1,pseudo,2,0.9328782137120365,0.9485175737917959
730,0,pseudo,2,0.574327516158594,0.593657888950227
733,0,pseudo,2,0.09176785527718859,0.08621289024106141
737,0,pseudo,2,0.015387227571218347,0.021862087777271187
739,0,pseudo,2,0.10640928011216663,0.10515418992403958
740,0,pseudo,2,0.10640928011216663,0.10515418992403958
743,1,pseudo,2,0.9827741911960866,0.9804105064193019
747,0,pseudo,2,0.1459310732869195,0.16284938684171035
752,1,pseudo,2,0.9686910832280912,0.977981153045784
753,0,pseudo,2,0.10857001708303993,0.10700687406978829
760,1,pseudo,2,0.9805924815151273,0.9810753177625166
767,0,pseudo,2,0.31420599677312033,0.28884286267149406
772,0,pseudo,2,0.03810648954107447,0.05756793582261258
773,0,pseudo,2,0.9099375869100881,0.9027144994352414
783,0,pseudo,2,0.47802976076089737,0.4589487696587016
786,0,pseudo,2,0.10491285082052056,0.10513432769711868
794,0,pseudo,2,0.19984599255542296,0.31120743841464854
799,0,pseudo,2,0.10346629672902852,0.10892883921067249
802,1,pseudo,2,0.969841428714068,0.9668904394645729
803,1,pseudo,2,0.8811880183855927,0.8945560268957753
804,1,pseudo,2,0.7537850202153532,0.7707914755989206
813,0,pseudo,2,0.1184859346398818,0.111465365967822
822,1,pseudo,2,0.10844525351879636,0.10700687406978829
828,1,pseudo,2,0.9401652299421015,0.9397968391798166
831,1,pseudo,2,0.39967390989016005,0.39447720246095097
837,0,pseudo,2,0.10907607831126237,0.10719586949058636
846,0,pseudo,2,0.08983012457926415,0.09619785520479629
855,0,pseudo,2,0.8768423494810688,0.9062304927712781
856,1,pseudo,2,0.6617905558627918,0.6546040083139945
862,0,pseudo,2,0.11568498072429227,0.13002174493575103
864,0,pseudo,2,0.017297217497341057,0.01778396226922095
868,0,pseudo,2,0.4289455410685576,0.3880694569863368
872,1,pseudo,2,0.9671396016705776,0.9652102409826999
877,0,pseudo,2,0.16569044296994506,0.1323667065076971
883,0,pseudo,2,0.5811793322580825,0.5827872460503802
889,0,pseudo,2,0.40939892884391016,0.37044233226714035
890,1,pseudo,2,0.42282135378634234,0.3941003726950498
1,0,pseudo,3,0.12238767065213423,0.1157536685094775
8,0,pseudo,3,0.009626151133063409,0.011130961139836934
13,0,pseudo,3,0.1225824924675476,0.12617103363282808
18,1,pseudo,3,0.0822364387823447,0.08596571895541219
22,1,pseudo,3,0.07831226340565357,0.0851753916068269
27,0,pseudo,3,0.12374381096206936,0.12768561641779735
32,1,pseudo,3,0.9835009692575911,0.9707324272767399
39,0,pseudo,3,0.14400054176940832,0.10607590111127564
41,0,pseudo,3,0.4941847856556025,0.5474821545365196
45,1,pseudo,3,0.6326023243886243,0.6074407651568123
46,0,pseudo,3,0.11692893759277272,0.12205868641168789
49,0,pseudo,3,0.1315716728162331,0.1209546648866439
53,1,pseudo,3,0.9556948866911977,0.943717466764353
58,0,pseudo,3,0.1264420282410922,0.12873268282478242
62,1,pseudo,3,0.9854047193912289,0.9792526429071067
71,0,pseudo,3,0.07850858159512845,0.08872674149780756
75,1,pseudo,3,0.7648777598928237,0.8453928755471175
77,0,pseudo,3,0.11611792132408232,0.11794864169513032
78,0,pseudo,3,0.11611792132408232,0.11772032639610695
86,1,pseudo,3,0.5737963717873154,0.6061996719165257
89,1,pseudo,3,0.9760526013635774,0.974777072418881
99,1,pseudo,3,0.9699109644379689,0.9752432612897707
109,0,pseudo,3,0.0932786048184595,0.10756326287049113
129,1,pseudo,3,0.9660527785156118,0.956709781163125
133,0,pseudo,3,0.5013616350341552,0.5313531929101406
143,1,pseudo,3,0.25979415181770427,0.2501114715885621
152,1,pseudo,3,0.9413032157492671,0.9414099014030829
153,0,pseudo,3,0.0853774130227992,0.10286807380968896
156,0,pseudo,3,0.32873089609893624,0.3446930886220708
165,0,pseudo,3,0.009292744072905746,0.00923222013684757
168,0,pseudo,3,0.00894653001556048,0.008218994644511632
169,0,pseudo,3,0.35953517769124654,0.33517179201858727
170,0,pseudo,3,0.7619928668237236,0.8451287466136318
176,0,pseudo,3,0.11560406082313975,0.1272004623020753
177,0,pseudo,3,0.00923951610156161,0.01137648537923532
180,0,pseudo,3,0.031668475887181066,0.029885846598496447
181,0,pseudo,3,0.011582129186902941,0.012965352871432887
186,0,pseudo,3,0.36192996185831383,0.3502000964158328
190,0,pseudo,3,0.09664593708183976,0.11266046127578208
191,1,pseudo,3,0.8898200833887446,0.8792889862074172
195,1,pseudo,3,0.8498241150629142,0.9099961107692067
204,0,pseudo,3,0.08912495988599375,0.10628643283289751
207,0,pseudo,3,0.1151081547961284,0.10448806752933963
209,1,pseudo,3,0.6403337384780544,0.6188137991024938
224,0,pseudo,3,0.11611792132408232,0.11794864169513032
229,0,pseudo,3,0.11416552830994739,0.10764627883154436
232,0,pseudo,3,0.11762101871707568,0.11869889979596603
239,0,pseudo,3,0.10701937485032849,0.10504780917977971
240,0,pseudo,3,0.07791424704218104,0.08771782276934975
246,0,pseudo,3,0.5708218278735883,0.554040130907802
248,1,pseudo,3,0.9757382214305994,0.9768458481827527
249,1,pseudo,3,0.37306029014071285,0.38753237247696376
250,0,pseudo,3,0.04168752380823597,0.05849081213303389
253,0,pseudo,3,0.3028143237905763,0.3003764025797981
255,0,pseudo,3,0.2252804763548402,0.22765185421373726
269,1,pseudo,3,0.9528231398434994,0.9461720144028128
272,1,pseudo,3,0.038649622115932925,0.03101327649513911
277,0,pseudo,3,0.4915889501842382,0.5236698799902869
279,0,pseudo,3,0.01081601716565389,0.008053937622457357
300,1,pseudo,3,0.9335826447038913,0.9008766422155811
305,0,pseudo,3,0.11775108207124887,0.12232066089117984
306,1,pseudo,3,0.1363140904111827,0.16236622024440345
308,1,pseudo,3,0.9559531619543251,0.9428024635074729
318,0,pseudo,3,0.05979762492797004,0.07272189794946751
319,1,pseudo,3,0.9854761122694934,0.9846644312000755
326,1,pseudo,3,0.9809898640866115,0.9792697684312258
327,0,pseudo,3,0.04784615264321,0.060500296446610535
329,1,pseudo,3,0.9177411501062714,0.9335597603845358
330,1,pseudo,3,0.9897348886559281,0.9872869085707939
332,0,pseudo,3,0.3574690117000649,0.3627522431914715
334,0,pseudo,3,0.09139603887372683,0.05749782666281572
351,0,pseudo,3,0.11651847471124523,0.1161747636913543
353,0,pseudo,3,0.44003058987911997,0.3748457860762701
361,0,pseudo,3,0.028758794712604455,0.024292788868051425
365,0,pseudo,3,0.18828453388993238,0.15512599486430284
369,1,pseudo,3,0.6222582596196317,0.6091543383786574
373,0,pseudo,3,0.12072536147643767,0.12144592851240987
376,1,pseudo,3,0.9418137985125691,0.9174402215701295
377,1,pseudo,3,0.5879479942432183,0.5894097018246379
379,0,pseudo,3,0.0835946838889649,0.08479026220606853
382,1,pseudo,3,0.8547949200337807,0.8060914799712068
383,0,pseudo,3,0.21302023292888309,0.21895690849491833
385,0,pseudo,3,0.11611792132408232,0.11794864169513032
386,0,pseudo,3,0.04508151480758299,0.030676141911063402
391,1,pseudo,3,0.32086147929275655,0.17980185706348875
393,0,pseudo,3,0.06277771570504023,0.06033899209344605
407,0,pseudo,3,0.08522978391684756,0.09788317798357758
419,0,pseudo,3,0.0822364387823447,0.08596571895541219
428,1,pseudo,3,0.8860652860466074,0.9254288234592074
432,1,pseudo,3,0.2559259387211514,0.24326459076532755
439,0,pseudo,3,0.1570770753330397,0.09562423515902103
443,0,pseudo,3,0.11814089786810691,0.11969444386206222
444,1,pseudo,3,0.8884037374315132,0.8788364410728668
446,1,pseudo,3,0.9730864681445553,0.961872435013505
450,1,pseudo,3,0.298525596633047,0.3484788061536599
455,0,pseudo,3,0.11775108207124887,0.12232066089117984
459,1,pseudo,3,0.8708036400738851,0.8723318800734042
466,0,pseudo,3,0.08211949458728048,0.11009697650022719
473,1,pseudo,3,0.9600453261680916,0.9638964190003686
476,0,pseudo,3,0.13330256743433153,0.1228897043032643
478,0,pseudo,3,0.10594455978187131,0.10705370196680171
479,0,pseudo,3,0.11864172232959576,0.11966768308147521
481,0,pseudo,3,0.013365986694322889,0.009717073159173958
489,0,pseudo,3,0.11775108207124887,0.12074567388983556
491,0,pseudo,3,0.04269826781091673,0.034795985935972634
492,0,pseudo,3,0.1213587467637453,0.12659430656278797
494,0,pseudo,3,0.3036170684867242,0.26366120044408736
501,0,pseudo,3,0.06649029492200426,0.0700123748557059
505,1,pseudo,3,0.9860258027051463,0.9855053813354436
507,1,pseudo,3,0.9049762690823827,0.9103592861345479
511,1,pseudo,3,0.11920928093962826,0.12162939272915987
514,1,pseudo,3,0.9383084700143921,0.9169099265375946
518,0,pseudo,3,0.09445114611730356,0.048888825332024904
525,0,pseudo,3,0.1264420282410922,0.12873268282478242
527,1,pseudo,3,0.8595862457514917,0.8473022648640997
531,1,pseudo,3,0.952180620745938,0.9600349872030411
543,0,pseudo,3,0.015610287339952646,0.015488647836233587
548,1,pseudo,3,0.08573594452931212,0.08629035945399907
551,1,pseudo,3,0.27569598142552776,0.2026447130216176
557,1,pseudo,3,0.9491804831196347,0.9328265458682246
558,0,pseudo,3,0.22659266536693376,0.22417181511400489
560,1,pseudo,3,0.5251136148977427,0.5604822563573972
561,0,pseudo,3,0.11920928093962826,0.12162939272915987
563,0,pseudo,3,0.0821184578999724,0.08596571895541219
565,0,pseudo,3,0.5866897972096091,0.5985902473938551
567,0,pseudo,3,0.12072536147643767,0.12168047297333362
571,1,pseudo,3,0.03187755671644934,0.02742010143818794
575,0,pseudo,3,0.1301047999340683,0.12655532576719225
576,0,pseudo,3,0.061240155572728966,0.04426809030392316
577,1,pseudo,3,0.8794780135798693,0.8777568069194992
578,1,pseudo,3,0.9260283353553265,0.9325943546143538
596,0,pseudo,3,0.03738094674522163,0.05004462262400172
597,1,pseudo,3,0.9023133718910441,0.9412298518097562
599,0,pseudo,3,0.22113127222306228,0.20265128636299728
607,0,pseudo,3,0.11611792132408232,0.1164224810773174
609,1,pseudo,3,0.9745116226541454,0.9694422794354823
627,0,pseudo,3,0.06271722611064554,0.06672205268004504
638,0,pseudo,3,0.09518654738103445,0.07628902414300968
646,1,pseudo,3,0.6646939710976693,0.5624284967854294
670,1,pseudo,3,0.9545970350478163,0.9533078933446204
678,1,pseudo,3,0.5696165945722442,0.5767106983611685
692,1,pseudo,3,0.7580648506608741,0.7423004341451589
700,0,pseudo,3,0.08821050107592979,0.07480839703014518
703,0,pseudo,3,0.04910726522460673,0.03454103062353199
705,0,pseudo,3,0.049130598488178745,0.04250362844804472
714,0,pseudo,3,0.11651847471124523,0.11504298308657589
719,0,pseudo,3,0.12257500550552562,0.11798094846345603
721,1,pseudo,3,0.9333393316545288,0.9466565435763595
723,0,pseudo,3,0.07831226340565357,0.0851753916068269
725,1,pseudo,3,0.47651427636896443,0.48298781896764786
726,0,pseudo,3,0.07626471339485417,0.07349427313201981
728,1,pseudo,3,0.6208774833885992,0.6091543383786574
730,0,pseudo,3,0.5768322691801833,0.5937689449879153
745,1,pseudo,3,0.21302023292888309,0.21895690849491833
747,0,pseudo,3,0.22997623374446527,0.22671480295284788
767,0,pseudo,3,0.38976911129650355,0.37578119538223753
771,0,pseudo,3,0.11651847471124523,0.11504298308657589
790,0,pseudo,3,0.13245454983137198,0.11158274602493165
791,0,pseudo,3,0.11884752408560058,0.11652256461762418
796,0,pseudo,3,0.0771827456690916,0.08196692228125993
799,0,pseudo,3,0.1264420282410922,0.12708709002726998
801,0,pseudo,3,0.04440289517053483,0.03939821786664834
802,1,pseudo,3,0.9723008242753223,0.9724037458865319
804,1,pseudo,3,0.7515072915382122,0.7391178324016223
810,1,pseudo,3,0.9610716428186271,0.9572947878717333
815,0,pseudo,3,0.11611792132408232,0.11619673082206307
816,0,pseudo,3,0.22244531160582243,0.23406713217765954
818,0,pseudo,3,0.1057805899104269,0.11633387514785039
823,0,pseudo,3,0.2491833831064688,0.26287990197790184
831,1,pseudo,3,0.3677277495014985,0.3203248488454969
837,0,pseudo,3,0.11896054239337446,0.11817417621219313
864,0,pseudo,3,0.011582129186902941,0.012965352871432887
866,1,pseudo,3,0.8768989815024882,0.8728891687523735
872,1,pseudo,3,0.9430113193075241,0.9321721540727991
873,0,pseudo,3,0.2691288702966781,0.31058696380813766
875,1,pseudo,3,0.8686253697825975,0.8519972619800332
876,1,pseudo,3,0.6408694038498629,0.6286310381987229
884,0,pseudo,3,0.08170381179636181,0.08852945795857553
4,1,pseudo,4,0.9676972737338205,0.9618060231121712
5,0,pseudo,4,0.10361431214947478,0.10516839873523706
8,0,pseudo,4,0.019150406521268083,0.022866871214639223
13,0,pseudo,4,0.10816732746814858,0.10888094197656231
16,1,pseudo,4,0.9092081702712917,0.8957088409899154
22,1,pseudo,4,0.10773618740659638,0.10340176062772924
42,0,pseudo,4,0.9184121142490203,0.9255334606615555
43,0,pseudo,4,0.10546191302684381,0.1107600846691927
44,1,pseudo,4,0.9539420454095286,0.9608325915156628
49,0,pseudo,4,0.09112832181469119,0.10226625401506598
54,1,pseudo,4,0.9197372825689275,0.9133045178168836
63,0,pseudo,4,0.3117093222700266,0.4044811797900145
64,0,pseudo,4,0.012446481099066245,0.01337229165141836
69,1,pseudo,4,0.11434592984029503,0.12284671837004335
73,0,pseudo,4,0.05014435726930199,0.06557471497913377
81,0,pseudo,4,0.10627031140207117,0.10690815336391032
83,1,pseudo,4,0.6678181196239126,0.650987650099733
84,0,pseudo,4,0.349777412440541,0.33954609837405847
93,0,pseudo,4,0.46645021933859454,0.5137063229337794
95,0,pseudo,4,0.0813400243914293,0.08186133735378806
98,1,pseudo,4,0.3593104594902946,0.33040625785344235
104,0,pseudo,4,0.10445805203873122,0.109143420328505
111,0,pseudo,4,0.09666681364237988,0.09997260364175099
112,0,pseudo,4,0.07032973168719185,0.0782814823223166
114,0,pseudo,4,0.1523697762424275,0.09582101223676086
116,0,pseudo,4,0.2781307013457571,0.26966656369280867
117,0,pseudo,4,0.07730012249885275,0.07895425613610232
118,0,pseudo,4,0.09920721970884433,0.0865181714824375
121,0,pseudo,4,0.03845520027088928,0.052778137339957724
123,0,pseudo,4,0.07375286741361715,0.07507022043148796
127,0,pseudo,4,0.10651987859988077,0.10981436691186017
139,0,pseudo,4,0.10450428820598961,0.09300371019452629
145,0,pseudo,4,0.1284247099216204,0.12864289934350087
160,0,pseudo,4,0.014956764467862321,0.01809883388719388
168,0,pseudo,4,0.0119116793747532,0.01103738001855504
170,0,pseudo,4,0.8412386965182078,0.8631641859776509
173,1,pseudo,4,0.9275158383506049,0.923365068013068
174,0,pseudo,4,0.2781307013457571,0.26966656369280867
184,1,pseudo,4,0.9785654711075885,0.9786506042912437
185,1,pseudo,4,0.7247060044563693,0.7292394602062863
189,0,pseudo,4,0.038945923586986717,0.02870131459681448
192,0,pseudo,4,0.1316500508387802,0.12188785460405369
197,0,pseudo,4,0.10651987859988077,0.10981436691186017
202,0,pseudo,4,0.018794366083788275,0.01818603562618956
208,1,pseudo,4,0.06023811314086732,0.060631382134698764
210,1,pseudo,4,0.3359607432969028,0.3090041707696232
224,0,pseudo,4,0.10546191302684381,0.1088556770672441
228,0,pseudo,4,0.10665523764381793,0.1079089847686209
232,0,pseudo,4,0.10586211964926708,0.10858819658094782
233,0,pseudo,4,0.08461679949059508,0.07913768904824303
234,1,pseudo,4,0.8067509712980875,0.7612830634308776
237,0,pseudo,4,0.08942262789325278,0.09018687252099337
247,0,pseudo,4,0.6308531508059122,0.6317230868718052
249,1,pseudo,4,0.36056915072521534,0.4079573062134919
251,0,pseudo,4,0.1050012926222386,0.10844774501741847
257,1,pseudo,4,0.9455380226217259,0.9341920027649521
263,0,pseudo,4,0.410690931319229,0.4411649486978867
266,0,pseudo,4,0.10135013583228154,0.10084480061061064
267,0,pseudo,4,0.046522057587404964,0.02901245648311098
272,1,pseudo,4,0.03383898344447845,0.03437755408262235
273,1,pseudo,4,0.9697073591880676,0.9735085623220402
275,1,pseudo,4,0.6678181196239126,0.650987650099733
277,0,pseudo,4,0.5741077938976512,0.5939062932334176
279,0,pseudo,4,0.012439071493023337,0.010185530914294577
283,0,pseudo,4,0.11253982090268866,0.11162468295060274
285,0,pseudo,4,0.29215940252233,0.299717916377414
289,1,pseudo,4,0.09516556321268808,0.09682302708762727
291,1,pseudo,4,0.9603769104580059,0.9635673060023665
292,1,pseudo,4,0.9701469427625539,0.9781448988460023
296,0,pseudo,4,0.27747511012047105,0.2911754842869775
300,1,pseudo,4,0.9566439102332435,0.9436377153545478
301,1,pseudo,4,0.771612010756898,0.7550124679086004
309,0,pseudo,4,0.06658870286110163,0.07567848924573317
332,0,pseudo,4,0.2875839879675649,0.3093037325106794
344,0,pseudo,4,0.10877933954346643,0.10835105600912076
345,0,pseudo,4,0.10318212844566002,0.1007599663089793
346,1,pseudo,4,0.9218854131669865,0.930262929137319
347,1,pseudo,4,0.8891479051948973,0.8955657388121925
349,1,pseudo,4,0.9492450875286099,0.9445449817611234
351,0,pseudo,4,0.10542591609381328,0.10622790773828136
363,0,pseudo,4,0.05944201344673451,0.06018911362355835
369,1,pseudo,4,0.6678181196239126,0.650987650099733
374,0,pseudo,4,0.4708366611470764,0.504947453758562
378,0,pseudo,4,0.366952441070715,0.3159316970424247
382,1,pseudo,4,0.7233339465106922,0.7147444749833406
388,1,pseudo,4,0.8992694619502984,0.902188408995171
390,1,pseudo,4,0.9311399103895641,0.9249235290653384
391,1,pseudo,4,0.2751943910248903,0.35313978608867663
392,1,pseudo,4,0.10708964681438624,0.10832689111822716
394,1,pseudo,4,0.9770751514024268,0.9801885537936419
400,1,pseudo,4,0.917322884994028,0.9070535388977105
412,0,pseudo,4,0.05602703650615333,0.07899710016059311
421,0,pseudo,4,0.10546191302684381,0.1107600846691927
423,0,pseudo,4,0.10546709906720272,0.10858819658094782
425,0,pseudo,4,0.04845613261950557,0.03365814632457595
427,1,pseudo,4,0.9214208877406306,0.9135324439157022
429,0,pseudo,4,0.10651987859988077,0.10981436691186017
431,1,pseudo,4,0.388413875851656,0.3609669744416962
435,0,pseudo,4,0.568751734088759,0.6202347239433585
458,1,pseudo,4,0.9473521358254369,0.9396973893853542
469,0,pseudo,4,0.10582325743870838,0.11011527431314715
473,1,pseudo,4,0.9632774676281539,0.973088161812177
477,0,pseudo,4,0.06574139566033242,0.06908540299101952
500,0,pseudo,4,0.10623951517064688,0.10886748323204581
503,0,pseudo,4,0.6603700701995104,0.6516858564824853
511,1,pseudo,4,0.10614160541711083,0.10953294971608511
515,0,pseudo,4,0.082106507369443,0.0733846979267972
516,0,pseudo,4,0.30387321438868203,0.2930161239846576
524,1,pseudo,4,0.9759017765027734,0.9838267242048994
525,0,pseudo,4,0.1050012926222386,0.1103458996322542
527,1,pseudo,4,0.8297335435310504,0.84636555482048
528,0,pseudo,4,0.2925793665004799,0.2849972348315588
540,1,pseudo,4,0.9583803759538921,0.9628002133287311
542,0,pseudo,4,0.01305309894082388,0.00956479322569613
544,1,pseudo,4,0.06751441428011137,0.07006339730011826
556,0,pseudo,4,0.19897652571202182,0.22815558732341434
558,0,pseudo,4,0.42168560061610055,0.4691135807581999
562,0,pseudo,4,0.09311176173164358,0.09859986282166742
567,0,pseudo,4,0.10671829095071972,0.1094213180596021
568,0,pseudo,4,0.017635652415059384,0.01910215422157679
577,1,pseudo,4,0.9062337431247096,0.9037199635268259
588,1,pseudo,4,0.19975165091872943,0.20915316576185183
591,0,pseudo,4,0.22460527099456526,0.2660563550788475
595,0,pseudo,4,0.09138439647277034,0.0956227066953999
607,0,pseudo,4,0.10508695500323052,0.10857641701323018
609,1,pseudo,4,0.9438424133576674,0.9469139871997153
618,0,pseudo,4,0.6326659033444105,0.5511927801702655
623,1,pseudo,4,0.087838440029176,0.07731027311974739
624,0,pseudo,4,0.05216542000260011,0.04944070946207461
628,1,pseudo,4,0.9792983235727385,0.9831367643475306
631,1,pseudo,4,0.1677392298248462,0.21163620269327446
639,0,pseudo,4,0.01214230550232667,0.009420188266102367
647,0,pseudo,4,0.10671829095071972,0.1094213180596021
650,1,pseudo,4,0.6218021085290829,0.6299265043667001
652,1,pseudo,4,0.9783099183638481,0.9805741733461225
661,1,pseudo,4,0.38304675956663164,0.33398232243470616
665,1,pseudo,4,0.2640285015383227,0.2528681531248883
670,1,pseudo,4,0.9546815872373124,0.9678772457271922
671,1,pseudo,4,0.8875925083589474,0.9198574403349442
701,1,pseudo,4,0.9827091362015563,0.978288478609963
711,1,pseudo,4,0.9538751597571704,0.9523521683735071
730,0,pseudo,4,0.6153213307405516,0.6411498082432926
731,1,pseudo,4,0.9819398227577935,0.980754137298668
734,0,pseudo,4,0.11447018755669629,0.11304270181602595
736,0,pseudo,4,0.04911814319603634,0.07193444880379464
737,0,pseudo,4,0.01370784920253239,0.014686332896139293
739,0,pseudo,4,0.10546191302684381,0.1088556770672441
749,0,pseudo,4,0.4073622943074569,0.3669831125482925
755,1,pseudo,4,0.9697127847236686,0.9702692541507267
768,0,pseudo,4,0.6529449872973553,0.6455318152147093
769,0,pseudo,4,0.052215291911423545,0.0728686014334975
770,0,pseudo,4,0.10445805203873122,0.109143420328505
773,0,pseudo,4,0.93255490255584,0.9303305949963323
774,0,pseudo,4,0.06989365872569955,0.09214908962187124
781,1,pseudo,4,0.6532399377112504,0.6765676407497078
784,0,pseudo,4,0.03632757106306128,0.028080012898128878
785,0,pseudo,4,0.07636052163308443,0.0748708297872332
791,0,pseudo,4,0.10745752361315011,0.11173925569590747
793,0,pseudo,4,0.014188233118645208,0.014213568474435308
794,0,pseudo,4,0.3957224650980612,0.40147123978902716
795,0,pseudo,4,0.10546191302684381,0.1088556770672441
796,0,pseudo,4,0.09516556321268808,0.09682302708762727
808,0,pseudo,4,0.6438005070380746,0.6366055696109348
817,0,pseudo,4,0.6153213307405516,0.6282073173733753
823,0,pseudo,4,0.19154085336110302,0.20416107091763927
824,1,pseudo,4,0.943292439516679,0.9598026777526371
830,1,pseudo,4,0.9713072499071518,0.9763669532046446
840,1,pseudo,4,0.30929605169302815,0.3046926490278419
841,0,pseudo,4,0.10816732746814858,0.11021742429248638
852,0,pseudo,4,0.07635560986204777,0.08000879191769583
865,0,pseudo,4,0.11447018755669629,0.1089518913128171
869,0,pseudo,4,0.1041492779843616,0.10744251855234366
870,1,pseudo,4,0.9267225621620537,0.9129309096366955
877,0,pseudo,4,0.06387950309318109,0.062409793712200234
881,1,pseudo,4,0.9672607955508589,0.9656528575100382
887,0,pseudo,4,0.10249130417585259,0.1077308612894555
888,1,pseudo,4,0.9547176863441874,0.9584507507979665
890,1,pseudo,4,0.3921803646222649,0.36258127488361724
1,0,group,42,0.10662063461159034,0.10572347683355429
2,1,group,42,0.9641845208109759,0.975331467596942
3,1,group,42,0.5091203531422347,0.5114500976871799
4,1,group,42,0.9567055603114116,0.9569893735896574
5,0,group,42,0.11774058524080114,0.1199250144529022
6,0,group,42,0.09669482904829556,0.10018080463909076
7,0,group,42,0.3507230441077694,0.3400951999193071
8,0,group,42,0.8203396536059478,0.8066086646730862
9,1,group,42,0.633874106357502,0.6896190856160151
10,1,group,42,0.9506486921517607,0.9571643206977738
11,1,group,42,0.6604738895957868,0.7054053483643243
12,1,group,42,0.9177730803838637,0.9371307245340813
13,0,group,42,0.11465722970645284,0.11987779571608613
14,0,group,42,0.07997828714259793,0.08426438286411717
15,0,group,42,0.7095050465268466,0.711050485294631
16,1,group,42,0.8922852133466552,0.8652357569893155
17,0,group,42,0.7211341284812912,0.6965568780702696
18,1,group,42,0.10563598803940756,0.10841499537492656
19,0,group,42,0.5839010547386029,0.5932255787984755
20,1,group,42,0.5579713051194223,0.5506646887381954
21,0,group,42,0.10625000496740718,0.09148284052537307
22,1,group,42,0.10263021366238845,0.10033615372506308
23,1,group,42,0.65737680098566,0.6418044767540614
24,1,group,42,0.40367180573602235,0.37008939840013977
25,0,group,42,0.7884506452507447,0.7652209566728856
26,1,group,42,0.5203907589107862,0.48427161305727934
27,0,group,42,0.10751305248203714,0.10899918433263074
28,0,group,42,0.4177071639028141,0.33907801985850317
29,1,group,42,0.6770104028681401,0.6786837145324959
30,0,group,42,0.09748667063571968,0.0913623773977775
31,0,group,42,0.39358276323268,0.3578219562735491
32,1,group,42,0.9449527389096983,0.9448665798392397
33,1,group,42,0.6135106281230198,0.6015157276740406
34,0,group,42,0.08718348034896374,0.07728370960198659
35,0,group,42,0.38327460834217836,0.42176636194814304
36,0,group,42,0.31769346822690336,0.33695118534684315
37,1,group,42,0.11178771798963558,0.10946977087075656
38,0,group,42,0.11291454269333234,0.11269640033506251
39,0,group,42,0.6043152365641538,0.6438872910401903
40,1,group,42,0.6920231526069618,0.6952426351159828
41,0,group,42,0.5885131585317918,0.5467400552331155
42,0,group,42,0.9318796670202598,0.9419429148935179
43,0,group,42,0.11565517509316135,0.11147188694572654
44,1,group,42,0.9663645203205037,0.9648306068230477
45,1,group,42,0.6558966637227875,0.6581079592027257
46,0,group,42,0.11740262948112275,0.10814067287415358
47,0,group,42,0.11560382551136458,0.10795656444244849
48,1,group,42,0.6785833356674508,0.6791752112355256
49,0,group,42,0.11149400016778506,0.10095820518179469
50,0,group,42,0.7143629683114856,0.7042324524450494
51,0,group,42,0.6837277558406392,0.703080469251618
52,0,group,42,0.11156868791428773,0.11016560618602336
53,1,group,42,0.9407558582699672,0.9659737338502323
54,1,group,42,0.9011725985257547,0.8941269224839444
55,0,group,42,0.2651699136139249,0.2621222591133268
56,1,group,42,0.367213268206371,0.3564295053583209
57,1,group,42,0.9187896991631541,0.9129248695463111
58,0,group,42,0.11360526488590247,0.10899568948411181
59,1,group,42,0.9661413030612869,0.9604234088120666
60,0,group,42,0.6321334923023711,0.6530319679582555
61,0,group,42,0.09954951725706758,0.10015686686996497
62,1,group,42,0.9476169438544119,0.9592949495607682
63,0,group,42,0.26795486885237774,0.2585276357488158
64,0,group,42,0.7424934345269156,0.7687111263736475
65,0,group,42,0.3332910858555616,0.32108453172749085
66,1,group,42,0.7319471087147638,0.7521880909549679
67,1,group,42,0.918930648016671,0.9376759339861541
68,0,group,42,0.10319403600258305,0.10234547163470023
69,1,group,42,0.6694913795364543,0.6927354690958105
70,0,group,42,0.09807466183324788,0.10467488844711088
71,0,group,42,0.09816194371822479,0.10802913971116515
72,0,group,42,0.6071306036824061,0.6149168825700665
73,0,group,42,0.1170990458465549,0.09928431061151029
74,0,group,42,0.10506369976409327,0.09996882703802851
75,1,group,42,0.1060909531020245,0.08147473429239857
76,0,group,42,0.1159028464948042,0.10510023675435928
77,0,group,42,0.11778102541304865,0.11959169644266225
78,0,group,42,0.1176053586562023,0.12159286485976727
79,1,group,42,0.9384532436153412,0.9520996911377415
80,1,group,42,0.6220431843181631,0.6679751005289181
81,0,group,42,0.11778398547836148,0.11484686270104214
82,1,group,42,0.1109920492999298,0.10877897442266421
83,1,group,42,0.6112862241158167,0.6015157276740406
84,0,group,42,0.42883237864807117,0.4026369994447058
85,1,group,42,0.9307136857459106,0.9363146905584583
86,1,group,42,0.6610046934061784,0.6585452182384717
87,0,group,42,0.07519546343282335,0.08574641304805634
88,0,group,42,0.11465722970645284,0.13127631698856512
89,1,group,42,0.9606543472976615,0.9359528574403477
90,0,group,42,0.1176053586562023,0.12159286485976727
91,0,group,42,0.10445958598114903,0.1008469117684154
92,0,group,42,0.11664391506350807,0.12254074151329958
93,0,group,42,0.3774825078962948,0.36670138107208033
94,0,group,42,0.10602157575078251,0.11369358118575298
95,0,group,42,0.06980792548115942,0.07318021744677908
96,0,group,42,0.11094516431666733,0.10952327073339893
97,0,group,42,0.21170432145695225,0.1874924705642349
98,1,group,42,0.38235274597349656,0.3937487795953514
99,1,group,42,0.9012413746072468,0.9148300334130833
100,0,group,42,0.10802982228750864,0.09554438770757985
101,0,group,42,0.5147622185426558,0.5174887041180413
102,0,group,42,0.11088908575246492,0.10952327073339893
103,0,group,42,0.3857519379008479,0.44933265654708876
104,0,group,42,0.11261868770721073,0.10961793193307373
105,0,group,42,0.08411387856946652,0.08501203737985571
106,0,group,42,0.12115582485128684,0.11959169644266225
107,1,group,42,0.5455684289561251,0.5419216049361903
108,1,group,42,0.11074904684709738,0.10872687585318033
109,0,group,42,0.09177048385297287,0.1033650728467997
110,1,group,42,0.681283893380024,0.7289688797741941
111,0,group,42,0.3038141669713278,0.3308126321812518
112,0,group,42,0.7371374588154309,0.7273648910674572
113,0,group,42,0.11094516431666733,0.11056413483385275
114,0,group,42,0.5453465723777243,0.5779311983540064
115,0,group,42,0.6649583389325477,0.6792698252182862
116,0,group,42,0.32333248092442546,0.3364931513749311
117,0,group,42,0.0848737215400258,0.07622578401150808
118,0,group,42,0.10953278361726553,0.09988889601449304
119,0,group,42,0.3757928931685535,0.4536801741223855
120,0,group,42,0.8209672971849652,0.8253024565532024
121,0,group,42,0.11260591580668573,0.11126330044488567
122,0,group,42,0.11176607440134222,0.1074174326418356
123,0,group,42,0.11654869509412158,0.1029255467501954
124,1,group,42,0.917935611222487,0.9460055555005366
125,0,group,42,0.26179870093566554,0.333720544956946
126,1,group,42,0.7169681833175722,0.707398859839802
127,0,group,42,0.11345574718453791,0.1155199344605509
128,1,group,42,0.06571532286628315,0.07368043131549132
129,1,group,42,0.6908626787281097,0.719385060289394
130,0,group,42,0.03769060616884226,0.055157656697694644
131,0,group,42,0.11031148694050301,0.10937740661950784
132,0,group,42,0.056959606473575515,0.07624863633512594
133,0,group,42,0.5213482364884804,0.5502333701903888
134,1,group,42,0.9309716979689711,0.9333229961812478
135,0,group,42,0.09776141300558298,0.09716181323301781
136,0,group,42,0.11537222614734016,0.12283364892888063
137,1,group,42,0.9634802907047054,0.9658989508936515
138,0,group,42,0.38360356250359007,0.39089785757811674
139,0,group,42,0.1089710929360958,0.10159558163768755
140,0,group,42,0.36836661309096935,0.3998479661450149
141,0,group,42,0.6620354166042552,0.6998305705912968
142,1,group,42,0.5962394000886733,0.5763720920446571
143,1,group,42,0.663403063316833,0.6690105117695558
144,0,group,42,0.05531800270716109,0.05936248546403815
145,0,group,42,0.12775665501492528,0.1229421560184867
146,0,group,42,0.13098850757181843,0.11961278572768258
147,1,group,42,0.11715253997028979,0.10814067287415358
148,0,group,42,0.5887820163554993,0.6684674895047218
149,0,group,42,0.10766146567768806,0.10540848727153053
150,0,group,42,0.08437245969630051,0.09626280393881424
151,0,group,42,0.08831740100433773,0.09899823514158727
152,1,group,42,0.9681481724627313,0.9668079912568395
153,0,group,42,0.07381039128520803,0.08516050112712858
154,0,group,42,0.07748389870522175,0.09513142446474104
155,0,group,42,0.0830159016106502,0.09037551131225424
156,0,group,42,0.269992307294865,0.2940734867452918
157,1,group,42,0.6643426100529877,0.6529785836814982
158,0,group,42,0.09707379319121093,0.10178908692984552
159,0,group,42,0.1109920492999298,0.10895283819551103
160,0,group,42,0.7210022868702499,0.7850557052104778
161,0,group,42,0.07838919134070817,0.08855769203847448
162,1,group,42,0.8907740968853219,0.8779022590696515
163,0,group,42,0.11074904684709738,0.10872687585318033
164,0,group,42,0.12097078977973559,0.11671293706374783
165,0,group,42,0.683898288002853,0.7461469557726512
166,1,group,42,0.7537238315641963,0.7978912909409556
167,1,group,42,0.9445891118189922,0.9442897270219852
168,0,group,42,0.531922852590834,0.5753312995225769
169,0,group,42,0.23900602235671897,0.2156448448041783
170,0,group,42,0.1071410468118811,0.08147473429239857
171,0,group,42,0.23821554495615738,0.23511514457966562
172,0,group,42,0.715182444138303,0.6965568780702696
173,1,group,42,0.8265042019626909,0.8172123428782962
174,0,group,42,0.2340320942237603,0.20628152549286782
175,0,group,42,0.2854272983800935,0.2917226417980093
176,0,group,42,0.10918517992639673,0.09866648592583707
177,0,group,42,0.717580569742782,0.773671935054211
178,0,group,42,0.9461365428994384,0.9626679276633121
179,0,group,42,0.11343815500306427,0.11451963271455107
180,0,group,42,0.0465346350336357,0.04389205738689598
181,0,group,42,0.65607146522263,0.7269730533961128
182,0,group,42,0.11330484696886803,0.10666259510909679
183,0,group,42,0.6579863531922867,0.6410528386214978
184,1,group,42,0.9480235121855258,0.9659292833174912
185,1,group,42,0.7039809287744158,0.7173172401345004
186,0,group,42,0.3529083490485619,0.34894723963427265
187,1,group,42,0.5716831051462131,0.5910064990790997
188,1,group,42,0.3231935061371254,0.3153091282992756
189,0,group,42,0.07841623606417632,0.09136279719184788
190,0,group,42,0.09748667063571968,0.0880576633951566
191,1,group,42,0.8974993930971809,0.8897113917089732
192,0,group,42,0.10239014549486124,0.10569634497113381
193,1,group,42,0.6294202687906333,0.6185722253085035
194,1,group,42,0.9424658455927459,0.9571452519106199
195,1,group,42,0.9277108170059079,0.9207312601270353
196,1,group,42,0.9320313501002025,0.9327334745203951
197,0,group,42,0.11571523769511735,0.11066319726197169
198,0,group,42,0.09715529133006551,0.10325346092823431
199,1,group,42,0.6785833356674508,0.6791752112355256
200,0,group,42,0.9223645087334383,0.9302438203526451
201,0,group,42,0.10687520708739001,0.10492411594384744
202,0,group,42,0.0962356879163597,0.10801187385483904
203,0,group,42,0.09462559423269862,0.09063565226059604
204,0,group,42,0.07485176518357932,0.08811363969785765
205,1,group,42,0.10026781250340774,0.10332481549954353
206,0,group,42,0.718812811350801,0.7627443347485917
207,0,group,42,0.11042570048647217,0.09744918186871517
208,1,group,42,0.11152129718659545,0.10185903532906228
209,1,group,42,0.7023588112441267,0.7066387978621895
210,1,group,42,0.2890800149054002,0.2577173937366765
211,0,group,42,0.0972399494427591,0.09819605932173511
212,1,group,42,0.8870987955964751,0.8756311253186615
213,0,group,42,0.10574091078752053,0.10782707501949666
214,0,group,42,0.10022723159301,0.10959580112456967
215,0,group,42,0.12678132704884845,0.12953018271766448
216,1,group,42,0.9657034551401295,0.9639664224283789
217,1,group,42,0.5067091822279219,0.5114500976871799
218,0,group,42,0.10869588902941882,0.10381305707868764
219,1,group,42,0.9596221095768264,0.9611558542562686
220,0,group,42,0.06844566303564689,0.08449515729171929
221,1,group,42,0.09391837048528974,0.10332481549954353
222,0,group,42,0.1022681780088678,0.10006885067666473
223,0,group,42,0.07993760988775969,0.08460780874768839
224,0,group,42,0.09748667063571968,0.0913623773977775
225,1,group,42,0.2926381354837883,0.2890860903742709
226,0,group,42,0.10330047747034522,0.09205822824375014
227,1,group,42,0.09978030123675687,0.09785562229890714
228,0,group,42,0.09248806224332062,0.09501216981061297
229,0,group,42,0.10531155344407744,0.10569634497113381
230,0,group,42,0.6461427897788481,0.6870641776852744
231,1,group,42,0.9587609053850524,0.9662891125661781
232,0,group,42,0.10468922582764423,0.1025383229694285
233,0,group,42,0.08616754779440597,0.09066754129005443
234,1,group,42,0.6579863531922867,0.6911491596280425
235,0,group,42,0.11289159083412163,0.1113140621848833
236,0,group,42,0.546766727894196,0.5757287298748937
237,0,group,42,0.09128636108823891,0.08922421412204438
238,1,group,42,0.9443890060096828,0.9600127100623194
239,0,group,42,0.1191371736978923,0.11905038897191529
240,0,group,42,0.0955582820495126,0.08843890176637272
241,0,group,42,0.693096444471866,0.6896737416407266
242,1,group,42,0.6807360231326491,0.7007391308600246
243,0,group,42,0.08155520192721087,0.08982550150074269
244,0,group,42,0.2397388234833052,0.27005963695491353
245,0,group,42,0.11923329948688786,0.12790512722963063
246,0,group,42,0.434501395790408,0.36484348430435726
247,0,group,42,0.6147578983484621,0.6190259471997571
248,1,group,42,0.9247134146934689,0.9292749225927194
249,1,group,42,0.40887429839893374,0.38618783102393034
250,0,group,42,0.09878838172511517,0.0979035964583888
251,0,group,42,0.1110878169793307,0.10619123719995002
252,0,group,42,0.6391927618819373,0.6645311141522611
253,0,group,42,0.2857569249440324,0.3165448447618525
254,0,group,42,0.11274573921402732,0.09977677537801333
255,0,group,42,0.4608709195536671,0.5530804522944285
256,1,group,42,0.6683046465939867,0.664065493024314
257,1,group,42,0.935798930965454,0.9181801587364853
258,1,group,42,0.955866643626708,0.963774322841441
259,1,group,42,0.9476342084257466,0.9615860750975117
260,1,group,42,0.8996616042674123,0.9080913328505253
261,0,group,42,0.10449133969277155,0.09195487206981867
262,1,group,42,0.6588274413681989,0.6553542984254472
263,0,group,42,0.39201526325078034,0.35180852956538905
264,0,group,42,0.251840130752062,0.2537175714661708
265,0,group,42,0.6699531031457265,0.6655415603809818
266,0,group,42,0.0955582820495126,0.09229308588607218
267,0,group,42,0.10791966801214382,0.08856594725062042
268,1,group,42,0.10266429222268167,0.10324674480835307
269,1,group,42,0.9226397073496959,0.9381103414173946
270,1,group,42,0.9613178862224373,0.9766838408191445
271,0,group,42,0.26203545150567303,0.3232919544969116
272,1,group,42,0.047409663550734955,0.0456222014806515
273,1,group,42,0.8946498889290243,0.9083174105263735
274,0,group,42,0.3920405174584054,0.3694682588232864
275,1,group,42,0.6135106281230198,0.6015157276740406
276,1,group,42,0.9341788540488235,0.9399626543213239
277,0,group,42,0.4642465636184068,0.5299563628303852
278,0,group,42,0.09164206883813938,0.09013489545119653
279,0,group,42,0.715182444138303,0.6965568780702696
280,1,group,42,0.6344634093059398,0.6737699765429986
281,0,group,42,0.0848737215400258,0.07622578401150808
282,0,group,42,0.1164096557837786,0.10767165148552915
283,0,group,42,0.1263145059565699,0.12472276091482087
284,1,group,42,0.11465722970645284,0.1115752498398711
285,0,group,42,0.30003720400215383,0.29270253816196373
286,0,group,42,0.12599970270981156,0.12926495152724507
287,1,group,42,0.11521004342154312,0.1089522060176069
288,0,group,42,0.10146089988693918,0.09490854218952544
289,1,group,42,0.08501643993371891,0.08997405095189914
290,1,group,42,0.6519154386548838,0.6619297512393465
291,1,group,42,0.9548338386843848,0.9603861554933742
292,1,group,42,0.9715239610603823,0.9708205696006299
293,0,group,42,0.11539392366160521,0.10022307559008159
294,0,group,42,0.6056631752522182,0.6094657359566558
295,0,group,42,0.09922009003834863,0.0913623773977775
296,0,group,42,0.35347032952754576,0.3099705957610837
297,0,group,42,0.11597126481854994,0.1206633593321235
298,0,group,42,0.9686880407531931,0.9723328463991053
299,1,group,42,0.269687875207385,0.25703170608169273
300,1,group,42,0.9489902526798545,0.9727278182303588
301,1,group,42,0.6654370272204883,0.6694959610990449
302,1,group,42,0.10557640445211952,0.09669854642570813
303,0,group,42,0.03249412041150988,0.044035060117574736
304,1,group,42,0.9489910496993643,0.9468151915751541
305,0,group,42,0.11873497022881803,0.10814067287415358
306,1,group,42,0.9683351581753272,0.9719047336900098
307,1,group,42,0.9621864333388387,0.9506963681304907
308,1,group,42,0.9629561268670588,0.967881051442172
309,0,group,42,0.09767415880089896,0.1026856107114107
310,1,group,42,0.9666523992832257,0.9802468598444124
311,1,group,42,0.9641432298217507,0.9562187854581982
312,1,group,42,0.9533606211382875,0.962896856915706
313,0,group,42,0.9402431061652133,0.9304257185174873
314,0,group,42,0.09748667063571968,0.09079329448813145
315,0,group,42,0.08905648179051437,0.08395056151546132
316,1,group,42,0.5879555591738321,0.5725633089595733
317,1,group,42,0.9330371731597679,0.9429125525106038
318,0,group,42,0.06552488851422889,0.072523222373045
319,1,group,42,0.95185298571007,0.9678604626157609
320,1,group,42,0.9495334394782552,0.9621663373908893
321,0,group,42,0.0922316021080334,0.09366916166889858
322,0,group,42,0.12115582485128684,0.11959169644266225
323,1,group,42,0.9247913680859206,0.9199911289800637
324,1,group,42,0.9218194232940705,0.9316559629093205
325,0,group,42,0.0962356879163597,0.10801187385483904
326,1,group,42,0.9654769398592221,0.9782477568327088
327,0,group,42,0.06545512272108234,0.06631898611887992
328,1,group,42,0.9283698862646823,0.9234018198869458
329,1,group,42,0.670186279664417,0.7098566780636415
330,1,group,42,0.9648031741350755,0.9707647217970804
331,1,group,42,0.6853640652824899,0.7143079740107864
332,0,group,42,0.35667376799533584,0.34513105575827535
333,0,group,42,0.24275484231918942,0.28568986117808554
334,0,group,42,0.1172438958401937,0.10565619239049441
335,1,group,42,0.9443948139149464,0.9680156531398938
336,0,group,42,0.11778102541304865,0.11959169644266225
337,0,group,42,0.4343682630399353,0.418347849893083
338,1,group,42,0.9458758648577718,0.9591220837942005
339,1,group,42,0.07846015864387924,0.08596859723767677
340,0,group,42,0.2715161315313775,0.25516018510061594
341,1,group,42,0.9424658455927459,0.9571452519106199
342,1,group,42,0.9608070282790465,0.9359528574403477
343,0,group,42,0.10237746455821826,0.10660805088044732
344,0,group,42,0.11425511976749261,0.11495240644317517
345,0,group,42,0.10328346275159267,0.10469856091720128
346,1,group,42,0.9165288423413587,0.9268322582315736
347,1,group,42,0.8978488092986361,0.8903390955235111
348,1,group,42,0.6246777163508365,0.6469164954284174
349,1,group,42,0.6888783707192662,0.7157540575389679
350,0,group,42,0.0796854818909789,0.09498834522718673
351,0,group,42,0.11841544821992826,0.12159286485976727
352,0,group,42,0.3244126568894461,0.3176451650980254
353,0,group,42,0.6273539488201758,0.6015816424050139
354,0,group,42,0.11007046444959599,0.10336270837427157
355,0,group,42,0.11875540919915246,0.10987233295595145
356,0,group,42,0.12180591605622326,0.12159286485976727
357,1,group,42,0.9666082064642377,0.9635042151165073
358,0,group,42,0.9083027485876617,0.9087448253120141
359,1,group,42,0.6770104028681401,0.6786837145324959
360,1,group,42,0.66989523811639,0.6699325865838143
361,0,group,42,0.08680402279089315,0.08124057644070448
362,0,group,42,0.13061336628305187,0.11806900333727242
363,0,group,42,0.5558487467207756,0.5661668877594095
364,0,group,42,0.09783977884036502,0.09891276872885608
365,0,group,42,0.11560382551136458,0.10627392774841832
366,0,group,42,0.08858324499719888,0.08629496919909155
367,1,group,42,0.9447719652493697,0.9240649126768442
368,1,group,42,0.5567440217284565,0.5509031748025071
369,1,group,42,0.6135106281230198,0.6015157276740406
370,1,group,42,0.961120084826261,0.9578304918595706
371,1,group,42,0.5562042295471766,0.4667086412379077
372,0,group,42,0.1100159602519253,0.10676552688278254
373,0,group,42,0.12127547025581989,0.11796162990580525
374,0,group,42,0.3975478922175274,0.38804074772871894
375,0,group,42,0.8204088181235144,0.8090607079615739
376,1,group,42,0.9350279848540114,0.9523440677453603
377,1,group,42,0.5966018213331211,0.5991020449727622
378,0,group,42,0.41526447817720935,0.36262880675290243
379,0,group,42,0.10351811155262695,0.08315490826765737
380,0,group,42,0.09291680956845812,0.09335831198578005
381,1,group,42,0.9234521462976256,0.9366345606009352
382,1,group,42,0.6894351898201526,0.750131635555034
383,0,group,42,0.29552946478380016,0.2776782951635608
384,1,group,42,0.9456190556002838,0.9537741523804217
385,0,group,42,0.09748667063571968,0.0913623773977775
386,0,group,42,0.09716673188943978,0.08268451231494461
387,0,group,42,0.635717636085429,0.6671039962446709
388,1,group,42,0.9010108002964968,0.9185773220085683
389,0,group,42,0.11345574718453791,0.11336165458103896
390,1,group,42,0.9306600059462283,0.9245936113584808
391,1,group,42,0.37784218458306235,0.3602298612304381
392,1,group,42,0.11074904684709738,0.11231854065982096
393,0,group,42,0.10382645220585009,0.09497640886255936
394,1,group,42,0.9677914976549536,0.965236885687428
395,1,group,42,0.550266501663534,0.5715908503731953
396,0,group,42,0.11701003373221795,0.11471821186358035
397,0,group,42,0.6226860202025072,0.6190730272606995
398,0,group,42,0.10135469065657401,0.10017711165360678
399,0,group,42,0.08237450221608346,0.08222033640448131
400,1,group,42,0.9349271478244865,0.9162899037417263
401,1,group,42,0.198512556281384,0.20784149059587548
402,0,group,42,0.09748667063571968,0.0913623773977775
403,0,group,42,0.5379954203098528,0.5723927836591661
404,0,group,42,0.11269118258641293,0.09746060606935505
405,0,group,42,0.5501765026834664,0.5433620046004761
406,0,group,42,0.10424943996836351,0.10051079075859126
407,0,group,42,0.07729119770974684,0.08743473392521257
408,1,group,42,0.923259218495931,0.9426542458194169
409,0,group,42,0.11840274060471256,0.11494739714138338
410,0,group,42,0.6461427897788481,0.6870641776852744
411,0,group,42,0.11778102541304865,0.11959169644266225
412,0,group,42,0.07283498822045555,0.08494751415786704
413,1,group,42,0.9614404125543742,0.9654654269369477
414,0,group,42,0.09164206883813938,0.09013489545119653
415,1,group,42,0.250146785599567,0.266919402132558
416,0,group,42,0.647528034411174,0.6350917035936011
417,1,group,42,0.9079968047583024,0.8922234494535337
418,1,group,42,0.9289020543974357,0.9314088471499926
419,0,group,42,0.11343815500306427,0.11451963271455107
420,0,group,42,0.6339497391791447,0.6709501229041647
421,0,group,42,0.10737528646961686,0.09454380382312907
422,0,group,42,0.11888551771586056,0.11524798130319037
423,0,group,42,0.09748667063571968,0.09079329448813145
424,0,group,42,0.6666651250360693,0.6665619556566243
425,0,group,42,0.09747084651196758,0.09819583715342377
426,0,group,42,0.10012643627331554,0.10366542051912953
427,1,group,42,0.9048564425667766,0.8914598014204974
428,1,group,42,0.9180214163820272,0.9344839054928489
429,0,group,42,0.11571523769511735,0.11066319726197169
430,1,group,42,0.20445164513466552,0.1368031074345577
431,1,group,42,0.39939080387301606,0.40325165146154796
432,1,group,42,0.5993701485639359,0.6312676824389963
433,1,group,42,0.8977138375974979,0.8989350275455231
434,0,group,42,0.15052435526061853,0.14227952638599653
435,0,group,42,0.29548011606447977,0.33662587657444604
436,1,group,42,0.9624729158895942,0.9509347312922369
437,0,group,42,0.4838376830137952,0.5870541138695187
438,1,group,42,0.8874323206200181,0.9005095783129946
439,0,group,42,0.264870867775784,0.27293458212343097
440,0,group,42,0.10809659027949983,0.10847319895706278
441,1,group,42,0.9142789084161856,0.9180212732368317
442,0,group,42,0.10204542179287014,0.09498433518431335
443,0,group,42,0.10654700798353109,0.1121244627386538
444,1,group,42,0.9095616038266712,0.9042383381629236
445,1,group,42,0.10205465674476122,0.1008469117684154
446,1,group,42,0.9548255454649001,0.9489896758745631
447,1,group,42,0.930280897914909,0.9401478097633236
448,1,group,42,0.3386291688733465,0.3311494303922524
449,1,group,42,0.7482653373559864,0.7750673504449479
450,1,group,42,0.22849241833684272,0.2623364809358531
451,0,group,42,0.08266951166585293,0.0845668555789911
452,0,group,42,0.11934871673711486,0.0986608622739046
453,0,group,42,0.4683600185624572,0.44081132635410214
454,1,group,42,0.3254509428985669,0.3426960776460219
455,0,group,42,0.11291454269333234,0.10909413750017656
456,1,group,42,0.10737528646961686,0.09395695339680704
457,0,group,42,0.32968649399185246,0.33016324398676805
458,1,group,42,0.9501431722272836,0.9520427690539537
459,1,group,42,0.8764107960995305,0.8771671554264406
460,0,group,42,0.11345574718453791,0.1155199344605509
461,1,group,42,0.29917321035567807,0.3011216946626069
462,0,group,42,0.09748667063571968,0.0880576633951566
463,0,group,42,0.3820821014299663,0.37495798396543534
464,0,group,42,0.10020983732703455,0.10467246671946223
465,0,group,42,0.11176607440134222,0.1074174326418356
466,0,group,42,0.07207484834514725,0.09280070081911629
467,0,group,42,0.09164206883813938,0.09013489545119653
468,0,group,42,0.22143872938097262,0.22421670972989755
469,0,group,42,0.11345574718453791,0.11336165458103896
470,1,group,42,0.7691277100568622,0.7778571748715957
471,0,group,42,0.08724561899612061,0.088340955765927
472,0,group,42,0.0958318236790224,0.09563428627783843
473,1,group,42,0.9383916344466542,0.9342909170887992
474,1,group,42,0.9464952348161226,0.9530758942562017
475,0,group,42,0.615341537508406,0.6122945113701281
476,0,group,42,0.33049216798846515,0.3767944157300576
477,0,group,42,0.10424943996836351,0.09048377953494309
478,0,group,42,0.09776970938393977,0.09698353639981902
479,0,group,42,0.10592524211171243,0.10683565886275394
480,1,group,42,0.7121191285082118,0.7228747072437564
481,0,group,42,0.6348511519671578,0.6530319679582555
482,0,group,42,0.08428549449347225,0.10148204378224668
483,0,group,42,0.07785042727733153,0.08336490501283382
484,1,group,42,0.5171882540982561,0.4863542805359115
485,1,group,42,0.43957823948073077,0.41425961533284655
486,0,group,42,0.6461427897788481,0.6870641776852744
487,1,group,42,0.9587609053850524,0.966168807542842
488,0,group,42,0.30783614597704634,0.328498274221457
489,0,group,42,0.10427750772106992,0.10178908692984552
490,1,group,42,0.6880762913473875,0.7028224190185169
491,0,group,42,0.11934871673711486,0.0986608622739046
492,0,group,42,0.10490452297902739,0.11776912689553154
493,0,group,42,0.2521649160379714,0.23221202142315178
494,0,group,42,0.2439843225048431,0.24968402686993527
495,0,group,42,0.10172739729577335,0.10515556954757586
496,0,group,42,0.12361289889899355,0.12553400682978155
497,1,group,42,0.9556938466830648,0.9680103840905451
498,0,group,42,0.11921953406751783,0.10393477441843811
499,0,group,42,0.9637006262482982,0.9691914708767736
500,0,group,42,0.11461144681684365,0.1129242792639906
501,0,group,42,0.12097078977973559,0.11671293706374783
502,0,group,42,0.6664362957872977,0.6708423805773007
503,0,group,42,0.6133171861322836,0.6027646543277388
504,0,group,42,0.5876575688232965,0.5836381417541147
505,1,group,42,0.9626308872302477,0.9693216210802527
506,0,group,42,0.3629352490124239,0.3688415088571669
507,1,group,42,0.9235231477048897,0.94036336974287
508,1,group,42,0.3068823826323952,0.295936252278128
509,0,group,42,0.09161024411656428,0.09318491892955298
510,1,group,42,0.10411038369635056,0.08147473429239857
511,1,group,42,0.10449133969277155,0.09138246976045235
512,0,group,42,0.11465722970645284,0.13127631698856512
513,1,group,42,0.4785319638459573,0.4943299976955387
514,1,group,42,0.9282716961979736,0.9070121335726017
515,0,group,42,0.10306783994264097,0.10301906432650994
516,0,group,42,0.3181617807194912,0.31115211694653694
517,1,group,42,0.8963869502707791,0.9124819522311007
518,0,group,42,0.1193261794590386,0.09800460555131313
519,1,group,42,0.928476354719486,0.9116129444592168
520,0,group,42,0.11088908575246492,0.10934860838969206
521,1,group,42,0.9522508218355185,0.9530790966610666
522,0,group,42,0.11778102541304865,0.11959169644266225
523,0,group,42,0.11875540919915246,0.10987233295595145
524,1,group,42,0.9525215900280395,0.9612317453817697
525,0,group,42,0.09564218777945489,0.09157564398815324
526,0,group,42,0.08306484966827771,0.0934813097418145
527,1,group,42,0.8133401732796197,0.8492753225830878
528,0,group,42,0.30425503652184605,0.3504666919846308
529,0,group,42,0.09493114792501277,0.08630025482148826
530,0,group,42,0.08772771644085567,0.07648279638819964
531,1,group,42,0.9432962363069888,0.9607351911579953
532,0,group,42,0.11764135065576578,0.12534890812375132
533,0,group,42,0.11595361113552545,0.11117002289700224
534,1,group,42,0.6603600367096193,0.7171003218264517
535,0,group,42,0.6039389718560879,0.6193715689204319
536,1,group,42,0.9602817999091329,0.9604772196474421
537,0,group,42,0.2694373011008956,0.2860311463409209
538,1,group,42,0.9626917035479848,0.9773750722727905
539,0,group,42,0.1044210313648573,0.10162721980088198
540,1,group,42,0.9571686802499435,0.9553756473999735
541,1,group,42,0.9528308559047953,0.9640010074428004
542,0,group,42,0.758631533668835,0.7841971423846515
543,0,group,42,0.7519561675338035,0.7740148009549738
544,1,group,42,0.09367114723387533,0.09224795860006978
545,0,group,42,0.28516432703563777,0.32913534996721355
546,0,group,42,0.18809953130292467,0.20889404857727012
547,1,group,42,0.9534952377752093,0.9396347274046548
548,1,group,42,0.10176948387944543,0.10589769368307794
549,0,group,42,0.10255811770716788,0.09591170720276847
550,1,group,42,0.9430323871698442,0.948509836052269
551,1,group,42,0.424920318639422,0.34291536300054315
552,0,group,42,0.10589392091426493,0.10961665393539852
553,0,group,42,0.10416501593887813,0.08574736081418378
554,1,group,42,0.10751305248203714,0.10831642798540542
555,1,group,42,0.5394531427053134,0.5295080584950088
556,0,group,42,0.2418592639209181,0.24150366575682514
557,1,group,42,0.9551686344368203,0.9685934952927007
558,0,group,42,0.1935224425517741,0.2327206561384825
559,1,group,42,0.9636392354088761,0.9691004432713749
560,1,group,42,0.6249653029968008,0.6111845842836867
561,0,group,42,0.12539167336113083,0.12776765477530136
562,0,group,42,0.07995024165810695,0.09303994558448568
563,0,group,42,0.10237746455821826,0.10660805088044732
564,0,group,42,0.11465722970645284,0.13127631698856512
565,0,group,42,0.6250096872587333,0.6386774304252744
566,0,group,42,0.10749015839979481,0.09771497476675096
567,0,group,42,0.12091844212568997,0.11796162990580525
568,0,group,42,0.646664990869791,0.691185768373056
569,0,group,42,0.11823579111499397,0.10996663702365729
570,1,group,42,0.09804180345124247,0.0880576633951566
571,1,group,42,0.049497725263738,0.052316144416098796
572,1,group,42,0.9323648638052575,0.9139689777765
573,1,group,42,0.49525574715407505,0.45880571872551934
574,1,group,42,0.6654370272204883,0.6694959610990449
575,0,group,42,0.11581537299291164,0.11343513142462007
576,0,group,42,0.10745749407785689,0.10014838283554306
577,1,group,42,0.9150609592014656,0.905535259516833
578,1,group,42,0.9467603972213997,0.9636644203260187
579,0,group,42,0.6545592820289794,0.672194375003618
580,1,group,42,0.2651715802739754,0.21394435156810185
581,1,group,42,0.9050689844558115,0.9074707786690138
582,1,group,42,0.9540645734331694,0.9469411910491834
583,0,group,42,0.0946568800436709,0.09806915436288878
584,0,group,42,0.3804482712430203,0.38373325222956867
585,0,group,42,0.12928189813631139,0.1284001605801514
586,1,group,42,0.9670218596775181,0.9716019107201601
587,0,group,42,0.10020983732703455,0.10492311890299244
588,1,group,42,0.25265211001919685,0.2411001325825342
589,0,group,42,0.10146089988693918,0.09490854218952544
590,0,group,42,0.10187629352605265,0.10178908692984552
591,0,group,42,0.20669296801568326,0.2173358557661095
592,1,group,42,0.9561102761360223,0.971017527994546
593,0,group,42,0.07240373736983384,0.07852142209181476
594,0,group,42,0.67103290560767,0.6810198335043929
595,0,group,42,0.10031902871498513,0.09110260560281545
596,0,group,42,0.0967658454670043,0.08947747948190969
597,1,group,42,0.9122441679515626,0.9399094123456956
598,0,group,42,0.023339499509772894,0.03940533637413759
599,0,group,42,0.13728361738612233,0.10930837023698721
600,1,group,42,0.2687455671778798,0.3258648837987308
601,1,group,42,0.9083501450394861,0.9140912993209037
602,0,group,42,0.11088908575246492,0.10952327073339893
603,0,group,42,0.34645791537204335,0.3534089035114338
604,0,group,42,0.09221570216270045,0.09351116420532676
605,1,group,42,0.33502777206040163,0.339687373027305
606,0,group,42,0.09990905394097617,0.09860894070234863
607,0,group,42,0.1193958393379904,0.11959169644266225
608,1,group,42,0.41228473649749897,0.346546150396026
609,1,group,42,0.947211539235641,0.9499902382883152
610,1,group,42,0.926960386325271,0.9465786453966564
611,0,group,42,0.5437572807447357,0.6274023688417135
612,0,group,42,0.0972399494427591,0.09819605932173511
613,1,group,42,0.6807360231326491,0.7007391308600246
614,0,group,42,0.11571523769511735,0.11066319726197169
615,0,group,42,0.10013891895217485,0.10145819354958961
616,1,group,42,0.9311660791076026,0.9417508031744894
617,0,group,42,0.10143969184304663,0.0976058068523734
618,0,group,42,0.6637951199525185,0.6815301919351986
619,1,group,42,0.9455613990070056,0.9648220993472464
620,0,group,42,0.09936001317305895,0.09744972063339069
621,0,group,42,0.10506369976409327,0.09895840360630208
622,1,group,42,0.31167680753378696,0.2767765219773628
623,1,group,42,0.11079809651821083,0.10338380479912761
624,0,group,42,0.06465173490583363,0.0626686360564788
625,0,group,42,0.12176089061515205,0.1050595395670984
626,0,group,42,0.25954208964576697,0.2750472249984376
627,0,group,42,0.06097137522615531,0.07066061241097446
628,1,group,42,0.953141647519979,0.9639966829974579
629,0,group,42,0.11088908575246492,0.10952327073339893
630,0,group,42,0.11571523769511735,0.11066319726197169
631,1,group,42,0.21081829271581384,0.18894100066821257
632,0,group,42,0.0675434597135097,0.08232439852488527
633,1,group,42,0.3679060081937292,0.3697130160991411
634,0,group,42,0.2967409424585289,0.23444666188300814
635,0,group,42,0.716169088729129,0.7551315043581839
636,1,group,42,0.9011073872677882,0.8877400399247957
637,0,group,42,0.26365356304420495,0.2613326565042104
638,0,group,42,0.11184188252356678,0.09795683079679177
639,0,group,42,0.49868223016259894,0.6031577919194832
640,0,group,42,0.11740359941669051,0.12002281914969556
641,0,group,42,0.09818448202463488,0.10014631773337103
642,1,group,42,0.9518068604565304,0.9543743564997406
643,0,group,42,0.7432029402846896,0.7685137078480566
644,1,group,42,0.10411038369635056,0.08147473429239857
645,1,group,42,0.7691277100568622,0.7778571748715957
646,1,group,42,0.26827448491976724,0.30145798385483563
647,0,group,42,0.10611859451984344,0.10271316993660722
648,1,group,42,0.25232751404803766,0.2647434180977775
649,0,group,42,0.08858324499719888,0.08683854998899232
650,1,group,42,0.5224763796489074,0.5355430001385484
651,0,group,42,0.11778102541304865,0.11959169644266225
652,1,group,42,0.9218405941194984,0.9411898620561833
653,0,group,42,0.11869191632726345,0.11484686270104214
654,1,group,42,0.668810992524428,0.664648273073974
655,0,group,42,0.6884837128381204,0.6682353822513931
656,0,group,42,0.10056990332026851,0.1060776777609041
657,0,group,42,0.09748667063571968,0.0913623773977775
658,0,group,42,0.6882434807703043,0.7272659609278412
659,0,group,42,0.09396250931704642,0.09744972063339069
660,0,group,42,0.33064482584704685,0.3245661407857111
661,1,group,42,0.2279224669412798,0.2868400405176791
662,0,group,42,0.08281508279583287,0.10044977740129005
663,0,group,42,0.30947732132748534,0.33718802911344553
664,0,group,42,0.10113522511481195,0.10119540684193618
665,1,group,42,0.14439547044807005,0.14444436898099405
666,0,group,42,0.10714179725015738,0.1065908069827478
667,0,group,42,0.09629983829248095,0.09521135879448968
668,0,group,42,0.116571055560332,0.120904406245646
669,0,group,42,0.09156854361216539,0.08824795211275296
670,1,group,42,0.9371574608610329,0.9433315791054283
671,1,group,42,0.9052344197448499,0.9245988800528593
672,0,group,42,0.4269578026550689,0.42044676997021657
673,0,group,42,0.07097333826903329,0.08843006632710791
674,1,group,42,0.09412620884504501,0.0936480768466697
675,0,group,42,0.0923248007400384,0.07887534352912419
676,0,group,42,0.1147662593092355,0.11313379146238013
677,0,group,42,0.11094516431666733,0.10952327073339893
678,1,group,42,0.5725675181680581,0.5868230959375894
679,0,group,42,0.4977214784674246,0.4768613960766009
680,1,group,42,0.2597547341932324,0.33765289533160237
681,0,group,42,0.6642653586144175,0.6786837145324959
682,1,group,42,0.35275127367540576,0.393162367595765
683,0,group,42,0.11841544821992826,0.12159286485976727
684,0,group,42,0.5531441715116383,0.5446866373031902
685,0,group,42,0.08516686912253857,0.07586513752357439
686,0,group,42,0.09239013216144462,0.09303877509047605
687,0,group,42,0.6136956076098371,0.6162273455315952
688,0,group,42,0.10546875110511249,0.10581427558171075
689,0,group,42,0.10066547837252228,0.10441328358785192
690,1,group,42,0.9526788415251719,0.9687749725004952
691,1,group,42,0.39748430891081166,0.3971428514126848
692,1,group,42,0.7229128109307656,0.7338010395577308
693,1,group,42,0.10411038369635056,0.08147473429239857
694,0,group,42,0.10751305248203714,0.10899918433263074
695,0,group,42,0.2933818194434126,0.3109969460669458
696,0,group,42,0.08277873633703278,0.08257949229061064
697,0,group,42,0.08450618319772765,0.08154038307178205
698,1,group,42,0.6559790105427893,0.6473990731970691
699,0,group,42,0.3195944763467706,0.2813678949264583
700,0,group,42,0.09248222415683398,0.0880559198456447
701,1,group,42,0.9519584910183081,0.9641597403024135
702,1,group,42,0.5179065769003058,0.4692071480408585
703,0,group,42,0.6890452906361134,0.7114408859523772
704,0,group,42,0.11611661423573985,0.11024567049270888
705,0,group,42,0.05653620261520592,0.06252134822392674
706,0,group,42,0.09555335151217297,0.08873048770800919
707,1,group,42,0.8941398187214392,0.8889575660220655
708,1,group,42,0.4232089095179181,0.4356096518080616
709,1,group,42,0.9533211974248667,0.964681122979081
710,1,group,42,0.7319471087147638,0.7521880909549679
711,1,group,42,0.9660157965091196,0.9768235902034287
712,0,group,42,0.3456023457493726,0.4028840544720591
713,1,group,42,0.2982002074402414,0.33202172295942617
714,0,group,42,0.10445958598114903,0.10492411594384744
715,0,group,42,0.07616893272916594,0.07278880325347335
716,0,group,42,0.09877280838744236,0.09051929100355813
717,1,group,42,0.9294034418063812,0.9456905407058341
718,1,group,42,0.9223472850271648,0.930953197863585
719,0,group,42,0.1106449161553135,0.10894606029642537
720,0,group,42,0.05616661121178346,0.07654758272590138
721,1,group,42,0.9377365291416364,0.9528605232757394
722,0,group,42,0.10410650800175682,0.1102924140951027
723,0,group,42,0.1079892796292383,0.10961627791992161
724,0,group,42,0.10020983732703455,0.10467246671946223
725,1,group,42,0.5206576875568585,0.5076165131022069
726,0,group,42,0.10353739442875741,0.10731041537271405
727,1,group,42,0.9290721992073822,0.9409440812113251
728,1,group,42,0.6672864766332931,0.6686472213228538
729,0,group,42,0.09014981569863001,0.09680099230502826
730,0,group,42,0.5918164465022366,0.5703011471396515
731,1,group,42,0.9493238359179171,0.9651781096836036
732,0,group,42,0.7074035099774202,0.7128067704090585
733,0,group,42,0.0911275710891739,0.09105841785876333
734,0,group,42,0.10257855913197719,0.11088746826534154
735,0,group,42,0.10257855913197719,0.11088746826534154
736,0,group,42,0.12048007744203007,0.09745600480037296
737,0,group,42,0.41907840673863656,0.5320181303937552
738,1,group,42,0.27285857647937656,0.32668162003728607
739,0,group,42,0.11522575354802396,0.10814067287415358
740,0,group,42,0.11778102541304865,0.11959169644266225
741,1,group,42,0.3226923543064793,0.32085082790180075
742,0,group,42,0.4353784669808393,0.3888862057415387
743,1,group,42,0.9531309359132442,0.964462462140766
744,0,group,42,0.1019137604800522,0.09971188124086405
745,1,group,42,0.2340320942237603,0.20522766344642462
746,0,group,42,0.3408446905354335,0.31132463887211476
747,0,group,42,0.10877117768293412,0.08876477181932019
748,1,group,42,0.8968703182530701,0.8910455053817004
749,0,group,42,0.4591949715142705,0.4306698186422765
750,0,group,42,0.11706693061181368,0.11204454900862593
751,1,group,42,0.9428497397428026,0.9550765394110414
752,1,group,42,0.8170673595279367,0.8141029444011645
753,0,group,42,0.10908155883361417,0.106533685131036
754,0,group,42,0.11454478322325577,0.11600145611047767
755,1,group,42,0.9037736096099914,0.9149949379240487
756,1,group,42,0.9423828737745632,0.9496982262931262
757,0,group,42,0.1204433940328182,0.12111616676941783
758,0,group,42,0.12238310094145327,0.13734366380391203
759,0,group,42,0.10779675452355823,0.10549177490569099
760,1,group,42,0.9566301641993615,0.9621249555327681
761,0,group,42,0.1044210313648573,0.09619242641800152
762,0,group,42,0.07388586709813193,0.0841158762636219
763,1,group,42,0.11764135065576578,0.12534890812375132
764,1,group,42,0.9581953356058943,0.9444601981869255
765,0,group,42,0.10131403627796129,0.10441328358785192
766,1,group,42,0.9440984328668867,0.9417871815124018
767,0,group,42,0.3420980013065576,0.3583765241071133
768,0,group,42,0.6417800209640766,0.6372411263235624
769,0,group,42,0.10984732056626419,0.09825478733339801
770,0,group,42,0.11691838521923237,0.10961793193307373
771,0,group,42,0.11841544821992826,0.12159286485976727
772,0,group,42,0.08028948256314289,0.08431390642686663
773,0,group,42,0.8996258628713716,0.9147644467659776
774,0,group,42,0.09250541588075789,0.08908757989334369
775,1,group,42,0.9071760704444422,0.8881662772111591
776,0,group,42,0.10151705141631151,0.10441328358785192
777,0,group,42,0.12148768506488658,0.1252530375786474
778,1,group,42,0.7324202743643601,0.7906797526507455
779,0,group,42,0.11925234128416536,0.12763464992153195
780,1,group,42,0.9389737211174469,0.9561084559206512
781,1,group,42,0.6878446935619278,0.6864941290582751
782,1,group,42,0.960385526496823,0.9613701325616796
783,0,group,42,0.36478914915276056,0.3687510224211476
784,0,group,42,0.09880552327218173,0.08835128975929532
785,0,group,42,0.0972399494427591,0.09819605932173511
786,0,group,42,0.10306783994264097,0.10301906432650994
787,1,group,42,0.6286542532924521,0.6158315570084132
788,0,group,42,0.715182444138303,0.6965568780702696
789,1,group,42,0.6654125584025422,0.7072792352538526
790,0,group,42,0.285965719161147,0.29348679907490105
791,0,group,42,0.10449133969277155,0.09195487206981867
792,0,group,42,0.12472914989409593,0.11996126118267955
793,0,group,42,0.65607146522263,0.7269730533961128
794,0,group,42,0.3960997499434268,0.32687555798392925
795,0,group,42,0.11571802900065253,0.11247525925844681
796,0,group,42,0.09432773877933309,0.09338687671371623
797,1,group,42,0.9312462722415754,0.9578916035470043
798,1,group,42,0.5401755420104221,0.5139060331675355
799,0,group,42,0.09564218777945489,0.09100536571971952
800,0,group,42,0.5426680235475172,0.5828886386837588
801,0,group,42,0.09005010345816615,0.08235303655156184
802,1,group,42,0.9253742812995206,0.945726648689206
803,1,group,42,0.9622518654551769,0.9505488345424185
804,1,group,42,0.6859465926001685,0.7157744748979292
805,1,group,42,0.04471988074287805,0.06161759973160491
806,0,group,42,0.11663295861120783,0.10971445643531777
807,0,group,42,0.32518840535205423,0.26694122724279623
808,0,group,42,0.6670571685669208,0.6565091908355692
809,0,group,42,0.07615473531372134,0.08191321504043662
810,1,group,42,0.9685974444743768,0.9634574222603668
811,0,group,42,0.11088908575246492,0.10952327073339893
812,0,group,42,0.0976235009954563,0.08624201066035635
813,0,group,42,0.1084906710147579,0.10915516550409905
814,0,group,42,0.790743595133962,0.7955520363193958
815,0,group,42,0.11921808959977431,0.12159286485976727
816,0,group,42,0.24486816558559546,0.24233791832523655
817,0,group,42,0.6246569102739113,0.62875875575372
818,0,group,42,0.11601336165622939,0.10409270459861444
819,0,group,42,0.0576346984920313,0.07098698068953241
820,0,group,42,0.6957081216400351,0.7380109276305934
821,1,group,42,0.9298051203441977,0.9419022460595702
822,1,group,42,0.10445958598114903,0.10395780346184236
823,0,group,42,0.3711848610152246,0.3014799909903084
824,1,group,42,0.7502134644134568,0.7466419643735409
825,0,group,42,0.683898288002853,0.7367930828267472
826,0,group,42,0.10551289493080392,0.10723025052107914
827,0,group,42,0.10411038369635056,0.08147473429239857
828,1,group,42,0.9566171160565528,0.9640302631619037
829,1,group,42,0.10449133969277155,0.09195487206981867
830,1,group,42,0.9335937428248553,0.9511758921259678
831,1,group,42,0.6899334019786907,0.7123515137699941
832,1,group,42,0.923259218495931,0.9452359787199823
833,0,group,42,0.10751305248203714,0.10899918433263074
834,0,group,42,0.11074904684709738,0.11056413483385275
835,0,group,42,0.10044367456676796,0.10237004549374347
836,1,group,42,0.9533024317767426,0.9544997042467802
837,0,group,42,0.1022765226735872,0.09055611694806111
838,0,group,42,0.10205465674476122,0.1008469117684154
839,1,group,42,0.1060909531020245,0.08147473429239857
840,1,group,42,0.27476849474484377,0.24843659672125842
841,0,group,42,0.12226210959882447,0.11689457529947794
842,0,group,42,0.0968779105580103,0.09761872317815566
843,1,group,42,0.9477190624009684,0.9722618168511893
844,0,group,42,0.0939054364584095,0.08524936583336998
845,0,group,42,0.10461662883838951,0.09339550903771342
846,0,group,42,0.08043035428224105,0.08046005427230786
847,0,group,42,0.0962356879163597,0.10801187385483904
848,0,group,42,0.10897143206687103,0.11327621348571267
849,0,group,42,0.08118735094988562,0.09083602305132417
850,1,group,42,0.9413929279036571,0.9471202724624731
851,0,group,42,0.8110240105722742,0.8322656752780689
852,0,group,42,0.06760385038229942,0.08075870222191514
853,0,group,42,0.7451876083206406,0.7755482195272038
854,1,group,42,0.9579731288722901,0.9644537801772524
855,0,group,42,0.8952811347183621,0.9075098673248375
856,1,group,42,0.6449322854050055,0.6236468615473918
857,1,group,42,0.9291335252212743,0.9452030110819791
858,1,group,42,0.33543278716866787,0.3399059540116716
859,1,group,42,0.6882701200161846,0.7094424606593043
860,0,group,42,0.11764135065576578,0.12534890812375132
861,0,group,42,0.05787769265644474,0.059667573605900505
862,0,group,42,0.10098823282401348,0.11474204735612971
863,1,group,42,0.9307384518000172,0.9390649896619269
864,0,group,42,0.65607146522263,0.7269730533961128
865,0,group,42,0.09396250931704642,0.09744972063339069
866,1,group,42,0.9083109993848152,0.9085372659542037
867,1,group,42,0.9237671687541305,0.9062691149329256
868,0,group,42,0.4243311217049011,0.39376832486600105
869,0,group,42,0.11841544821992826,0.12159286485976727
870,1,group,42,0.8167998069623762,0.8148410254400648
871,0,group,42,0.11522575354802396,0.10814067287415358
872,1,group,42,0.9480233471505429,0.9565052380969546
873,0,group,42,0.37227308209791715,0.3529718249569196
874,0,group,42,0.0888578181172585,0.09361854739737936
875,1,group,42,0.9285505416132922,0.9337844038314975
876,1,group,42,0.6454658932760673,0.6318892536016724
877,0,group,42,0.08811511874361895,0.08164112720883689
878,0,group,42,0.11408967272688385,0.11395833854667443
879,0,group,42,0.10196167426673351,0.1018461268916681
880,1,group,42,0.935448132553861,0.9366672237675694
881,1,group,42,0.932247024970093,0.9385293977751982
882,0,group,42,0.11228388815873235,0.10949441394642344
883,0,group,42,0.6411693825384529,0.6625961539675723
884,0,group,42,0.09966109743164644,0.09410629080103491
885,0,group,42,0.10892667196737742,0.10868937025237548
886,0,group,42,0.5445563179210842,0.5328734388284804
887,0,group,42,0.10666728649666199,0.10803895072004097
888,1,group,42,0.9655013259772396,0.9455100766365249
889,0,group,42,0.6465291098490877,0.6782686940573877
890,1,group,42,0.42371952060039775,0.4078164445609696
891,0,group,42,0.11345574718453791,0.11533694758102978
1,0,group,777,0.12327123293917934,0.11870304995579221
2,1,group,777,0.9547007239851439,0.9254630387743151
3,1,group,777,0.6520618085181984,0.6606939250203085
4,1,group,777,0.9747911819338747,0.9752876159730673
5,0,group,777,0.11911669479147587,0.11635848566536158
6,0,group,777,0.06308657756948854,0.06617158994987246
7,0,group,777,0.2637108640138122,0.2726888956042407
8,0,group,777,0.7210035931329437,0.7120442167899729
9,1,group,777,0.6190876643891013,0.646809342800983
10,1,group,777,0.9566318436857009,0.969734758906192
11,1,group,777,0.7131081725870283,0.7184901621703368
12,1,group,777,0.8829039509872209,0.9061624753673126
13,0,group,777,0.09872299036704112,0.09853045435113147
14,0,group,777,0.09767369970061347,0.07191067158366277
15,0,group,777,0.6997606596973978,0.7133286223017972
16,1,group,777,0.8128470602548526,0.8210598652569482
17,0,group,777,0.8283809900682563,0.8109011621699572
18,1,group,777,0.07692411123989591,0.08374285422874488
19,0,group,777,0.09160732589708673,0.1504089796760137
20,1,group,777,0.6175338131323523,0.6184553485017245
21,0,group,777,0.10758841520910041,0.12010809640087722
22,1,group,777,0.11476481872755022,0.10791484388802774
23,1,group,777,0.6479531485372214,0.598963162724896
24,1,group,777,0.3757644556413261,0.37942733221048575
25,0,group,777,0.6747453289486737,0.7082405347686526
26,1,group,777,0.5173013918837712,0.5373081051866573
27,0,group,777,0.10528823336408424,0.10661101588824654
28,0,group,777,0.3182862660376815,0.3781996839485748
29,1,group,777,0.7350952761298566,0.7520072661044
30,0,group,777,0.11022547672872095,0.10948093560957443
31,0,group,777,0.3732743257069107,0.37268897330673606
32,1,group,777,0.9365561464969892,0.9504555153051114
33,1,group,777,0.7435414237983783,0.7520072661044
34,0,group,777,0.0807037393032547,0.09763186257898353
35,0,group,777,0.42323086274393695,0.4143268951843132
36,0,group,777,0.31690125423428034,0.3225193461581024
37,1,group,777,0.10979163811243986,0.10999900970310772
38,0,group,777,0.09712149556004758,0.09748434307503007
39,0,group,777,0.1231974365871596,0.17176148021010637
40,1,group,777,0.6610822258247426,0.6596261648746211
41,0,group,777,0.6679582188897769,0.6132024378676274
42,0,group,777,0.9277305592060261,0.9385118633342919
43,0,group,777,0.10691520296919517,0.10669301803541793
44,1,group,777,0.9545824974860695,0.9650615642879036
45,1,group,777,0.6809585760208848,0.7056605090847183
46,0,group,777,0.09740195853327753,0.10570359505127584
47,0,group,777,0.09984666071508046,0.10257265521140352
48,1,group,777,0.6528368200315023,0.625729489197483
49,0,group,777,0.10502518774145225,0.11025962017402255
50,0,group,777,0.6206600221680364,0.6671671821310438
51,0,group,777,0.71522081081884,0.6219195770188449
52,0,group,777,0.1066492487528252,0.1029386384802503
53,1,group,777,0.9724815986054154,0.9655740355315595
54,1,group,777,0.9289994581651548,0.9279829810993749
55,0,group,777,0.24889733217836038,0.24080727030715368
56,1,group,777,0.32262129256183103,0.3398608129428233
57,1,group,777,0.9432832142549715,0.9346862593974627
58,0,group,777,0.1328884180398926,0.11986899899233006
59,1,group,777,0.9371753922967556,0.9515662219713314
60,0,group,777,0.7490265572376825,0.717990952798613
61,0,group,777,0.13030815776955176,0.1266286681357806
62,1,group,777,0.963036425927808,0.9633492580538527
63,0,group,777,0.36835101371924805,0.3934676043794583
64,0,group,777,0.7499420507072012,0.7668869286229267
65,0,group,777,0.3009213435390586,0.2807762525963365
66,1,group,777,0.7236841521995769,0.7429540808217832
67,1,group,777,0.9289801238108698,0.9470373156854088
68,0,group,777,0.09940775052561451,0.10242925134267294
69,1,group,777,0.6788559874083657,0.6903004029374671
70,0,group,777,0.09847128821484241,0.10061323330205535
71,0,group,777,0.11134799602937541,0.12203181602242938
72,0,group,777,0.6777671201567036,0.6851307723712977
73,0,group,777,0.12240218307269961,0.1266339583729903
74,0,group,777,0.11116155390469033,0.10839550127901817
75,1,group,777,0.11624548765969751,0.0960859793656263
76,0,group,777,0.10846225814408467,0.07769011983378085
77,0,group,777,0.10424564524383684,0.09972023024094796
78,0,group,777,0.12846238000897883,0.12290157384803213
79,1,group,777,0.9597559431745901,0.9666722150074369
80,1,group,777,0.5539963726168172,0.5706272186812712
81,0,group,777,0.10800473529408021,0.10948395057678126
82,1,group,777,0.096588601627269,0.09852989323167495
83,1,group,777,0.6809585760208848,0.7036955675143252
84,0,group,777,0.355980259273496,0.34821447536846695
85,1,group,777,0.9410009245373016,0.9250850942288348
86,1,group,777,0.520975205316816,0.5249638743523389
87,0,group,777,0.07740268025971601,0.09052695163134053
88,0,group,777,0.11024849733837003,0.11026938603910266
89,1,group,777,0.9632314832851256,0.9638845423086042
90,0,group,777,0.12822817252927218,0.12099919490383804
91,0,group,777,0.09980519430882072,0.10499428844288283
92,0,group,777,0.0982216164868458,0.10226834577665149
93,0,group,777,0.29018188472532525,0.2917708946777482
94,0,group,777,0.08030358026246451,0.07840725557407764
95,0,group,777,0.08708114932896607,0.09499504220141661
96,0,group,777,0.10424564524383684,0.09972023024094796
97,0,group,777,0.29229008825778113,0.2889690385669712
98,1,group,777,0.3301541106669763,0.3385336911075133
99,1,group,777,0.8881180859250422,0.9223840132533561
100,0,group,777,0.10813967118910381,0.12320490096271229
101,0,group,777,0.6499694054985896,0.6558426179406427
102,0,group,777,0.09172052227967373,0.09475757878901274
103,0,group,777,0.369269613576088,0.4198858274498033
104,0,group,777,0.11046947522093273,0.11485258979197727
105,0,group,777,0.09877181890336746,0.09975764471919214
106,0,group,777,0.0988514870205319,0.10499428844288283
107,1,group,777,0.6543119429254426,0.6475165153714962
108,1,group,777,0.10424564524383684,0.09887576141315081
109,0,group,777,0.09482720515490799,0.09296085018511135
110,1,group,777,0.6330587802862621,0.6072390335763889
111,0,group,777,0.25619518826901766,0.25862526914268114
112,0,group,777,0.6969981057068605,0.6550120941268376
113,0,group,777,0.12695366913680572,0.123389014185444
114,0,group,777,0.6642951169264053,0.7060918950210158
115,0,group,777,0.6769156440255284,0.638562351222257
116,0,group,777,0.28575298320667364,0.2888441263707988
117,0,group,777,0.05884390289794994,0.0648705901374673
118,0,group,777,0.09306675650426117,0.08636632081052431
119,0,group,777,0.4624815795344381,0.45593803352346046
120,0,group,777,0.7783670164557577,0.7871816247667635
121,0,group,777,0.1189096792362954,0.11965751964570025
122,0,group,777,0.10461701841045044,0.10821284124796811
123,0,group,777,0.11386150215733701,0.13494194108431787
124,1,group,777,0.9155843337603121,0.9144179089397284
125,0,group,777,0.24505284326396978,0.27671732699942175
126,1,group,777,0.6924786762308848,0.6944792512556658
127,0,group,777,0.11488760629967826,0.11472193805800542
128,1,group,777,0.10060801908978784,0.10149105716445267
129,1,group,777,0.6928685583016756,0.6239774376902621
130,0,group,777,0.07999357538008293,0.08379459726300399
131,0,group,777,0.10560519066339841,0.11175097567407198
132,0,group,777,0.10295087157721096,0.10714316940206996
133,0,group,777,0.65578640729542,0.6231323569803283
134,1,group,777,0.9093717574592365,0.9308949340078662
135,0,group,777,0.10232608343208137,0.09970234719550893
136,0,group,777,0.11511842671724062,0.12428148017068322
137,1,group,777,0.9520254429373542,0.9680025233737325
138,0,group,777,0.3759177424379002,0.4206366205484604
139,0,group,777,0.10932374638665866,0.11148992552748407
140,0,group,777,0.37408125581053125,0.41785315157555325
141,0,group,777,0.6914066473477444,0.6842920417233751
142,1,group,777,0.6507055620492207,0.6637516238148723
143,1,group,777,0.5167118372274482,0.5470549629092719
144,0,group,777,0.10074165555742566,0.10698665386383432
145,0,group,777,0.14621963653268252,0.15887213709038864
146,0,group,777,0.14239406606736688,0.1342387526002707
147,1,group,777,0.08919674275519585,0.07890545070808816
148,0,group,777,0.6674320104632355,0.770222754781596
149,0,group,777,0.13254041804971753,0.10372131962698689
150,0,group,777,0.09947957386642764,0.11434085205735171
151,0,group,777,0.09632489539117015,0.11376798257563801
152,1,group,777,0.959631081671593,0.9688490896436321
153,0,group,777,0.05861336262188416,0.06724472747192761
154,0,group,777,0.1027463591205195,0.10015080020431735
155,0,group,777,0.06353860421488845,0.06661890922931335
156,0,group,777,0.26567424614161733,0.266380922932665
157,1,group,777,0.6815818163848371,0.7064397098769521
158,0,group,777,0.1300739479146986,0.1242980732976257
159,0,group,777,0.09492187973481776,0.09691541322443288
160,0,group,777,0.7178464960593252,0.7022576297470207
161,0,group,777,0.09033116076068942,0.08551069152680507
162,1,group,777,0.8375207983119535,0.8727316845722352
163,0,group,777,0.09159911123040257,0.09975192683047422
164,0,group,777,0.0970474509742164,0.10048899072511563
165,0,group,777,0.7673358093315817,0.7041205478706879
166,1,group,777,0.7009269130508112,0.6476233450501007
167,1,group,777,0.9593815332791865,0.9621731645549929
168,0,group,777,0.437444605475193,0.5439917186531606
169,0,group,777,0.3227789362152953,0.31002240857014485
170,0,group,777,0.11734470475167581,0.09680896539021136
171,0,group,777,0.2805841654531454,0.2937409694279382
172,0,group,777,0.8283809900682563,0.8116025730886361
173,1,group,777,0.7642964771017994,0.7485789309725024
174,0,group,777,0.35002947011553526,0.3444514080798595
175,0,group,777,0.3413626534960767,0.35284014772130373
176,0,group,777,0.11772954776696637,0.11424469198310075
177,0,group,777,0.7229314731247874,0.6703157212131916
178,0,group,777,0.9667066897621119,0.9618775009985401
179,0,group,777,0.10350841491282695,0.10813814469938524
180,0,group,777,0.06800344539394246,0.05534271636317669
181,0,group,777,0.6398527536898749,0.6684643578951529
182,0,group,777,0.12403548190822873,0.11877636039677876
183,0,group,777,0.7549036047067833,0.7664350075269841
184,1,group,777,0.9423370589386035,0.9499591869878676
185,1,group,777,0.7593034964855566,0.781374138717299
186,0,group,777,0.33230979071440636,0.339866448320025
187,1,group,777,0.6856593501350025,0.7449802666678907
188,1,group,777,0.2670269103042001,0.2491723124438259
189,0,group,777,0.08194740522342324,0.07876251439583569
190,0,group,777,0.10209625730795985,0.09437775963433725
191,1,group,777,0.9063241436458904,0.9300076124150123
192,0,group,777,0.11680744942073953,0.12203202681506906
193,1,group,777,0.5650451961919065,0.549700744554305
194,1,group,777,0.9573283271607963,0.9615502453548661
195,1,group,777,0.9106899082109066,0.899916403239589
196,1,group,777,0.9247775912359971,0.935875000576571
197,0,group,777,0.09607850823861463,0.09852400314380934
198,0,group,777,0.08249696648404667,0.08277210647932469
199,1,group,777,0.6528368200315023,0.625729489197483
200,0,group,777,0.9216874666952285,0.9302561898200514
201,0,group,777,0.09684130454027798,0.09852989323167495
202,0,group,777,0.13031256946260633,0.08389474329039957
203,0,group,777,0.07890742746354702,0.06579486547415683
204,0,group,777,0.07859487476469691,0.08134767617384682
205,1,group,777,0.10685438310604918,0.11149387447538178
206,0,group,777,0.7422238444173453,0.7605660823327342
207,0,group,777,0.0928954266708074,0.08815059560702483
208,1,group,777,0.13245335767153882,0.11983782460490605
209,1,group,777,0.6816614791619023,0.7070213983152438
210,1,group,777,0.27898283688302633,0.2613051961407127
211,0,group,777,0.0823367719495295,0.09517368422346194
212,1,group,777,0.8826229825942842,0.8836517202889741
213,0,group,777,0.1049397304095602,0.10320076420576543
214,0,group,777,0.12155130041488439,0.1285251993069877
215,0,group,777,0.10614930092872839,0.11043924719104063
216,1,group,777,0.9700374345425563,0.9657855407293566
217,1,group,777,0.582349075871865,0.5899795931366395
218,0,group,777,0.08658809891323521,0.07584078809454935
219,1,group,777,0.9686112454831991,0.9645088722901156
220,0,group,777,0.07141280565950575,0.0690438960405256
221,1,group,777,0.09438482645212275,0.10362484469484454
222,0,group,777,0.09983061740453458,0.10250173077273492
223,0,group,777,0.0919997740850136,0.09088767266190591
224,0,group,777,0.12864796180738647,0.12290157384803213
225,1,group,777,0.3852508350234372,0.36138218403867567
226,0,group,777,0.09871043766497907,0.10294378500842988
227,1,group,777,0.10195504525780488,0.12121035726294611
228,0,group,777,0.0949988275785226,0.09751685857770434
229,0,group,777,0.14621963653268252,0.1613407270967242
230,0,group,777,0.6115454871515494,0.5895144853243974
231,1,group,777,0.9750732133540616,0.975262581042949
232,0,group,777,0.10424564524383684,0.09823294602040486
233,0,group,777,0.0991001642299147,0.10374629043387076
234,1,group,777,0.7661518018914267,0.7761512533725134
235,0,group,777,0.10456518509105954,0.10772055854124002
236,0,group,777,0.6444514928568261,0.61791790005254
237,0,group,777,0.10634681389020849,0.10693390246752389
238,1,group,777,0.9460470111031942,0.9654193232640208
239,0,group,777,0.14709461914700978,0.15234159434284766
240,0,group,777,0.10068835291169023,0.10633178239729964
241,0,group,777,0.6633120571861117,0.6391208314758352
242,1,group,777,0.7531420623134091,0.7866098321924891
243,0,group,777,0.09556825294833256,0.09620073337739651
244,0,group,777,0.1728377201207864,0.16101522130121293
245,0,group,777,0.10514758782946756,0.10999900970310772
246,0,group,777,0.31561868098102375,0.3415431719091171
247,0,group,777,0.6499694054985896,0.6553444231850976
248,1,group,777,0.9279816944151975,0.9351872414169304
249,1,group,777,0.40307773711210354,0.37722912942393405
250,0,group,777,0.16493475052674506,0.1654654684733469
251,0,group,777,0.10259815319569984,0.09846971121107942
252,0,group,777,0.6073121917514642,0.6355077929986916
253,0,group,777,0.3206517338822847,0.33943256267064154
254,0,group,777,0.0929021997740276,0.08813141145542888
255,0,group,777,0.5546234372293188,0.5463474165475327
256,1,group,777,0.601325869422638,0.590414712599404
257,1,group,777,0.9563155245768744,0.9512063582492883
258,1,group,777,0.9627425059274973,0.9674843679310048
259,1,group,777,0.9551234798222978,0.962249262774407
260,1,group,777,0.9397519080635197,0.9482283398161924
261,0,group,777,0.10958575313692702,0.11197638913563013
262,1,group,777,0.7549036047067833,0.7761512533725134
263,0,group,777,0.2676535949155124,0.34106779545728877
264,0,group,777,0.2062136902938819,0.23037733165183638
265,0,group,777,0.6816614791619023,0.7042641107748923
266,0,group,777,0.10221011313928854,0.09813017034467035
267,0,group,777,0.08312208611366484,0.09493950763319285
268,1,group,777,0.0950191816389773,0.0954011623101172
269,1,group,777,0.8870855177055521,0.9385479694913841
270,1,group,777,0.9526843516268587,0.9659844271172087
271,0,group,777,0.3115624236652017,0.32809796809129527
272,1,group,777,0.06949063972022891,0.05861854441028814
273,1,group,777,0.8530353730732129,0.8796928704213376
274,0,group,777,0.4533459068993527,0.4088708479641172
275,1,group,777,0.6605745897735137,0.6778660305163152
276,1,group,777,0.944262782266256,0.95205569749078
277,0,group,777,0.43370797367481884,0.41913110975288975
278,0,group,777,0.07732772384762343,0.0743176339362947
279,0,group,777,0.8283809900682563,0.8116025730886361
280,1,group,777,0.6573769989904305,0.722028420367775
281,0,group,777,0.06036748918072043,0.07218273506043822
282,0,group,777,0.10424564524383684,0.09832302467672742
283,0,group,777,0.1034587304485675,0.102993825260969
284,1,group,777,0.10548948280266492,0.11186081225963175
285,0,group,777,0.32515239563707127,0.3187982568473089
286,0,group,777,0.11233322557336618,0.11268639888563432
287,1,group,777,0.0955243418227209,0.09852989323167495
288,0,group,777,0.09925098607052753,0.10185488440470278
289,1,group,777,0.09984495916277113,0.0943360165872195
290,1,group,777,0.5886086404134735,0.559953074203374
291,1,group,777,0.9582563908070956,0.9576322218995847
292,1,group,777,0.972593408980676,0.9760274418472428
293,0,group,777,0.1870308001843723,0.17062927978302014
294,0,group,777,0.5906743438347923,0.5832694141963991
295,0,group,777,0.11022547672872095,0.10812903994327142
296,0,group,777,0.368624506048094,0.34778748253919445
297,0,group,777,0.10523047768486667,0.10654894619361678
298,0,group,777,0.9804116234822365,0.9753877878528674
299,1,group,777,0.3040230145438958,0.28299307482478636
300,1,group,777,0.942023596902963,0.9528627756835902
301,1,group,777,0.7435414237983783,0.7520072661044
302,1,group,777,0.1049018227872171,0.10282703445410443
303,0,group,777,0.049653565786171666,0.05886348309388532
304,1,group,777,0.952547035782941,0.963263261629959
305,0,group,777,0.08451580761068687,0.08226417047261705
306,1,group,777,0.9793355097833515,0.9709566875122174
307,1,group,777,0.9678155377352466,0.9678904052565014
308,1,group,777,0.9672223889834987,0.961476271776937
309,0,group,777,0.09865672176045887,0.11703061729657248
310,1,group,777,0.9637576814134894,0.9647002625544892
311,1,group,777,0.9692166012271528,0.9743304199676582
312,1,group,777,0.9654877181705812,0.956993634407189
313,0,group,777,0.930430709304744,0.9296729076580249
314,0,group,777,0.10424564524383684,0.09907252834995357
315,0,group,777,0.07620167828100449,0.07362275203597998
316,1,group,777,0.6499694054985896,0.6555739742538382
317,1,group,777,0.9091407195427655,0.9186149927525952
318,0,group,777,0.08517736716417001,0.09213017769355038
319,1,group,777,0.9649628889144891,0.9675418383896964
320,1,group,777,0.9684219219290661,0.9742119188265674
321,0,group,777,0.10258592071206359,0.1015946662926552
322,0,group,777,0.12864796180738647,0.12290157384803213
323,1,group,777,0.8901653589714721,0.8960492125609237
324,1,group,777,0.9415281006654416,0.9498573699355998
325,0,group,777,0.13031256946260633,0.08389474329039957
326,1,group,777,0.9600997787443336,0.9662687306403344
327,0,group,777,0.050062318349842455,0.06233544890703625
328,1,group,777,0.9253767527814272,0.9399815274748751
329,1,group,777,0.5604630254129596,0.5687702323453134
330,1,group,777,0.9670461402558023,0.9695916066014502
331,1,group,777,0.6722996085658755,0.6272822102414456
332,0,group,777,0.3182354216234345,0.3182316462273028
333,0,group,777,0.3598715293013841,0.33044745798307984
334,0,group,777,0.06809288043197034,0.06571343215713396
335,1,group,777,0.9297251795903924,0.9387819939102459
336,0,group,777,0.11022547672872095,0.10948093560957443
337,0,group,777,0.4358115006866797,0.42084567999885825
338,1,group,777,0.9699151983097364,0.9737571475797226
339,1,group,777,0.06568457426551633,0.07103305928132933
340,0,group,777,0.37426992752384974,0.35789743971054394
341,1,group,777,0.9573283271607963,0.9615502453548661
342,1,group,777,0.9625465433841132,0.9638845423086042
343,0,group,777,0.11898048167322207,0.12404259324559865
344,0,group,777,0.10892465823772406,0.10535315938635992
345,0,group,777,0.11969760755331074,0.12408517861525632
346,1,group,777,0.903585268256376,0.9197662320870623
347,1,group,777,0.8569483492626752,0.870678449566119
348,1,group,777,0.6116681717218488,0.6578702213191164
349,1,group,777,0.7030501216316603,0.7033510010846301
350,0,group,777,0.09604410327880193,0.09319085517535688
351,0,group,777,0.12658060947388802,0.12176932070724554
352,0,group,777,0.3747692239894931,0.3704006359309529
353,0,group,777,0.6085450160685401,0.6262059708927789
354,0,group,777,0.12768176155760164,0.1136070775144097
355,0,group,777,0.10528823336408424,0.10661101588824654
356,0,group,777,0.09684130454027798,0.09852989323167495
357,1,group,777,0.9752614981885593,0.9755825261696444
358,0,group,777,0.9357090173502204,0.928325663256409
359,1,group,777,0.6192277385726076,0.6000172767079055
360,1,group,777,0.7350952761298566,0.7520072661044
361,0,group,777,0.07999224944140755,0.09366113289721174
362,0,group,777,0.11515862951046382,0.12894590910121548
363,0,group,777,0.5201021453058405,0.48047323688406074
364,0,group,777,0.08434781522566523,0.09023008277963947
365,0,group,777,0.09814200232434979,0.11105151356739965
366,0,group,777,0.12282888434800064,0.11256393252035644
367,1,group,777,0.933869325131169,0.930849053203022
368,1,group,777,0.6175338131323523,0.6217219970409824
369,1,group,777,0.7435414237983783,0.7520072661044
370,1,group,777,0.9683451886105805,0.9693538508721949
371,1,group,777,0.41544893540012157,0.43248654359408545
372,0,group,777,0.09838439489478933,0.10414033683871132
373,0,group,777,0.107278254918906,0.11338190604090663
374,0,group,777,0.448539615867447,0.4101758891614873
375,0,group,777,0.7096694943255338,0.7345104395768397
376,1,group,777,0.9411127031447234,0.9471443934068104
377,1,group,777,0.6102351120217401,0.5978873570039098
378,0,group,777,0.4743887950627704,0.4388601040124767
379,0,group,777,0.10930200063625665,0.10455431022556186
380,0,group,777,0.08832072531088823,0.10512481247553528
381,1,group,777,0.941173466035361,0.945129329475988
382,1,group,777,0.8185628527730053,0.7943910087734688
383,0,group,777,0.38152739020450244,0.3475322817147273
384,1,group,777,0.9656322663046204,0.9678484862054395
385,0,group,777,0.0988514870205319,0.10570359505127584
386,0,group,777,0.143642398327422,0.1493616472376994
387,0,group,777,0.7490265572376825,0.717062521660458
388,1,group,777,0.9172921130769751,0.9151192530175557
389,0,group,777,0.10958575313692702,0.11012732941204004
390,1,group,777,0.9417687960615106,0.9371932014630814
391,1,group,777,0.2390950679427832,0.1837053125261088
392,1,group,777,0.09092995509266966,0.09933885945852808
393,0,group,777,0.10225066769693232,0.10391993693283978
394,1,group,777,0.9719830050254502,0.9677765095663007
395,1,group,777,0.6119526979659357,0.6700515195934348
396,0,group,777,0.11210236066503977,0.10918815273317013
397,0,group,777,0.650730494272235,0.6561730350731594
398,0,group,777,0.1153488860433977,0.11364859230020985
399,0,group,777,0.10100157128193134,0.11920908206863423
400,1,group,777,0.9249711971931043,0.9210232811947136
401,1,group,777,0.3628958244034041,0.28878309515170425
402,0,group,777,0.09486149479240165,0.09691541322443288
403,0,group,777,0.6629516350058595,0.7048609741464708
404,0,group,777,0.09552966621752108,0.09040508242565408
405,0,group,777,0.6537179093720268,0.6640818186453706
406,0,group,777,0.10482559254454624,0.10912079359853608
407,0,group,777,0.09103891325937769,0.08554509602686668
408,1,group,777,0.9567300872645008,0.9561944595780026
409,0,group,777,0.10577495938707393,0.10201214445830598
410,0,group,777,0.6115454871515494,0.5895144853243974
411,0,group,777,0.10424564524383684,0.09972023024094796
412,0,group,777,0.05189479617301988,0.07463702167483524
413,1,group,777,0.9669522617293748,0.968390180384384
414,0,group,777,0.07732772384762343,0.0743176339362947
415,1,group,777,0.15397065484679306,0.1740849834149529
416,0,group,777,0.6784927840738135,0.6664537800105594
417,1,group,777,0.9055251588206786,0.9282245034215457
418,1,group,777,0.9350526575537909,0.9338371893015334
419,0,group,777,0.10193711212666667,0.09593767821668495
420,0,group,777,0.6497842737563391,0.6161812119735168
421,0,group,777,0.13481173690469783,0.12373837092829743
422,0,group,777,0.13216416267784697,0.1249524351501979
423,0,group,777,0.12966422529243957,0.1247946677509005
424,0,group,777,0.5631236283553195,0.586771730726875
425,0,group,777,0.11880547237196194,0.1128801589198554
426,0,group,777,0.1043376956035476,0.10339679462993133
427,1,group,777,0.9112270240249354,0.9323532260220999
428,1,group,777,0.9034490343297611,0.9105234521909524
429,0,group,777,0.10958575313692702,0.11197638913563013
430,1,group,777,0.10276172516082543,0.10918886982279737
431,1,group,777,0.45326619915548577,0.4598794183898095
432,1,group,777,0.5110366565170559,0.5312895076349128
433,1,group,777,0.905520858296437,0.9192803002897858
434,0,group,777,0.21614450775814775,0.22720858271133776
435,0,group,777,0.28282829211199656,0.3099675144121299
436,1,group,777,0.9160768433379703,0.9317832245332276
437,0,group,777,0.6157282101943239,0.6857873312657452
438,1,group,777,0.9322020054248459,0.932212836518124
439,0,group,777,0.20921260885283122,0.21094473422972565
440,0,group,777,0.10251130167087033,0.10171342683896657
441,1,group,777,0.901959742698701,0.9229923185272166
442,0,group,777,0.1261682623532761,0.130762474675983
443,0,group,777,0.0950191816389773,0.0954011623101172
444,1,group,777,0.913237604316136,0.9297106763512907
445,1,group,777,0.10905989652793809,0.11085068070395605
446,1,group,777,0.9715920112712604,0.9611411948543038
447,1,group,777,0.9138760799514823,0.9250615725738115
448,1,group,777,0.32254393146065374,0.3306617903860209
449,1,group,777,0.7782111353948544,0.7337064713123256
450,1,group,777,0.23437261744742777,0.2668795283719032
451,0,group,777,0.09576747571969925,0.11036817678819959
452,0,group,777,0.11041284248120675,0.12093256004624432
453,0,group,777,0.4079949297537583,0.43950589125913253
454,1,group,777,0.2212363884621298,0.25111208707911653
455,0,group,777,0.09602719005857573,0.09789053719236794
456,1,group,777,0.10934333992172245,0.11470696925915871
457,0,group,777,0.31134235398271276,0.3271675259673583
458,1,group,777,0.9409765655632883,0.94238039014747
459,1,group,777,0.8187961093019321,0.8645450417893199
460,0,group,777,0.09607850823861463,0.09852400314380934
461,1,group,777,0.3114215673843905,0.3242790973463788
462,0,group,777,0.09396735820101337,0.09140333102010921
463,0,group,777,0.5822711693441117,0.4826017385619196
464,0,group,777,0.10081553535985559,0.10181773580642654
465,0,group,777,0.12444692502963214,0.12043103608774815
466,0,group,777,0.07701338984470589,0.06587526267447304
467,0,group,777,0.07732772384762343,0.0743176339362947
468,0,group,777,0.23724502158353117,0.22763459561573335
469,0,group,777,0.10343669247393764,0.10940441338193667
470,1,group,777,0.7782111353948544,0.7328105250888342
471,0,group,777,0.10259815319569984,0.09846971121107942
472,0,group,777,0.10081019393982064,0.09234475589679846
473,1,group,777,0.8945606614696341,0.9301491577086934
474,1,group,777,0.9270500628928812,0.9479756303705633
475,0,group,777,0.6607842357639923,0.6546785900451547
476,0,group,777,0.2954419556798161,0.29448432691100085
477,0,group,777,0.10482559254454624,0.11802868213792639
478,0,group,777,0.12095119917374804,0.10758593791693194
479,0,group,777,0.10259815319569984,0.1015946662926552
480,1,group,777,0.7680538964854167,0.7651553132119767
481,0,group,777,0.7490265572376825,0.717990952798613
482,0,group,777,0.08616984258060467,0.09206708482852857
483,0,group,777,0.09043994863003944,0.089637844280662
484,1,group,777,0.3561056673843708,0.35240632023322094
485,1,group,777,0.3570958999511118,0.3818604044764808
486,0,group,777,0.6115454871515494,0.5895144853243974
487,1,group,777,0.9573494223631887,0.9699599293550656
488,0,group,777,0.34342377868632934,0.35284014772130373
489,0,group,777,0.09906032172783452,0.10499428844288283
490,1,group,777,0.7030501216316603,0.7033510010846301
491,0,group,777,0.11041284248120675,0.12093256004624432
492,0,group,777,0.10788648268759336,0.10406553335294626
493,0,group,777,0.3400544587004195,0.3918853506074633
494,0,group,777,0.21670128163144445,0.1945181018888542
495,0,group,777,0.1066492487528252,0.10381380956040731
496,0,group,777,0.11473944233500721,0.106213860740189
497,1,group,777,0.9671030119716955,0.971440111633942
498,0,group,777,0.09445566978440226,0.09360303897155989
499,0,group,777,0.9739625523529305,0.9703492009854002
500,0,group,777,0.114242377015542,0.10918815273317013
501,0,group,777,0.0970474509742164,0.10048899072511563
502,0,group,777,0.739763267852579,0.7473475942034736
503,0,group,777,0.7481047273347474,0.7520072661044
504,0,group,777,0.519418831189933,0.5203320802958025
505,1,group,777,0.9635123568913512,0.9677842839495213
506,0,group,777,0.45530692912901055,0.44299338649759284
507,1,group,777,0.9407046453071877,0.9534996195727111
508,1,group,777,0.3083700640341143,0.32921514137052266
509,0,group,777,0.06887472156461819,0.06420108881871155
510,1,group,777,0.11741714839025522,0.09680896539021136
511,1,group,777,0.09607850823861463,0.09788322620990003
512,0,group,777,0.09602719005857573,0.09789053719236794
513,1,group,777,0.40058001147047917,0.49960832857495363
514,1,group,777,0.9111786093618731,0.8976438366237212
515,0,group,777,0.09668952304458987,0.10183338407323396
516,0,group,777,0.3833929323337294,0.3569191819772271
517,1,group,777,0.9420012378048435,0.9389867679824011
518,0,group,777,0.11690101611151747,0.11109747440981313
519,1,group,777,0.925676449063126,0.9258940003711681
520,0,group,777,0.10455859659072238,0.0999587668037698
521,1,group,777,0.9602406363210293,0.9554051292308632
522,0,group,777,0.1081515184168481,0.10812903994327142
523,0,group,777,0.13118363863966287,0.11986899899233006
524,1,group,777,0.9361284518253378,0.9476907113134553
525,0,group,777,0.10979163811243986,0.10999900970310772
526,0,group,777,0.08980407037232647,0.08487502180007937
527,1,group,777,0.8578034728614322,0.8317735346763798
528,0,group,777,0.28618755024084114,0.2688602355295996
529,0,group,777,0.06733000695480466,0.07238214532538714
530,0,group,777,0.09208786933223259,0.09412262337550906
531,1,group,777,0.9595888412057293,0.965826601182415
532,0,group,777,0.10523047768486667,0.10536529205552927
533,0,group,777,0.10848175960662752,0.11396823236613522
534,1,group,777,0.6499060710955763,0.6306665140337635
535,0,group,777,0.6502296432995182,0.6558426179406427
536,1,group,777,0.9502076818611915,0.950239896530126
537,0,group,777,0.39332856541515626,0.3710825107532659
538,1,group,777,0.9639214272958979,0.9637517211142342
539,0,group,777,0.12174003725712744,0.12135243775971477
540,1,group,777,0.9690031420899627,0.9649654558811648
541,1,group,777,0.9638326681201665,0.963084297504963
542,0,group,777,0.741288021030456,0.7746927830419525
543,0,group,777,0.7270952719959296,0.7552186219623607
544,1,group,777,0.08723359637504831,0.08636632081052431
545,0,group,777,0.26867833905848126,0.33028515256549174
546,0,group,777,0.21959195446326016,0.2422970232024532
547,1,group,777,0.9441878360266686,0.9508999593829089
548,1,group,777,0.10279796968057206,0.11054224456806527
549,0,group,777,0.08131910821240175,0.09063751520790186
550,1,group,777,0.942200598399427,0.95306018382491
551,1,group,777,0.4146546367336419,0.34693117150077224
552,0,group,777,0.1027863564621726,0.09637712938004281
553,0,group,777,0.08398379422637746,0.0803133065516747
554,1,group,777,0.10571069436604653,0.11269573327955468
555,1,group,777,0.6499694054985896,0.6631424493460331
556,0,group,777,0.2569464277360759,0.2842789895200658
557,1,group,777,0.9311659285072186,0.9520832616789764
558,0,group,777,0.338312555337163,0.32275342668782064
559,1,group,777,0.9573933217596625,0.9497760265377516
560,1,group,777,0.6667061662035731,0.6453962971053684
561,0,group,777,0.13481173690469783,0.12437461280720812
562,0,group,777,0.06503513414154825,0.07072776719125864
563,0,group,777,0.10485068723961687,0.10684867020437581
564,0,group,777,0.11024849733837003,0.11026938603910266
565,0,group,777,0.6314461102353428,0.6640818186453706
566,0,group,777,0.10113986909608144,0.14324332310390553
567,0,group,777,0.10842711110747304,0.11198482271290641
568,0,group,777,0.598893266420387,0.6434024470511062
569,0,group,777,0.10528823336408424,0.10661101588824654
570,1,group,777,0.09653690018641477,0.1044583856315653
571,1,group,777,0.03502488490572171,0.03521900989815539
572,1,group,777,0.9682188680218694,0.9599987382711868
573,1,group,777,0.5078472619710701,0.4948279086959141
574,1,group,777,0.7435414237983783,0.7520072661044
575,0,group,777,0.10859109221842586,0.10190445547889143
576,0,group,777,0.10624695706409412,0.11266761936569807
577,1,group,777,0.8850433640577335,0.8833750079301623
578,1,group,777,0.9684290485024055,0.971310295143791
579,0,group,777,0.623830997223239,0.6479948155864426
580,1,group,777,0.10661591663951546,0.1227393559784057
581,1,group,777,0.9266863674686181,0.9254365246429409
582,1,group,777,0.9728312431151301,0.9688227126422068
583,0,group,777,0.09473449128379223,0.11047864445110739
584,0,group,777,0.48519384357849976,0.46683896492930926
585,0,group,777,0.11254770110469459,0.11668900261520354
586,1,group,777,0.9688325183213806,0.968578216677056
587,0,group,777,0.07183638499705434,0.08635779301939718
588,1,group,777,0.23516540423858853,0.25803628562950426
589,0,group,777,0.0939086469345833,0.0959427682740051
590,0,group,777,0.09843750552500094,0.10570359505127584
591,0,group,777,0.2624587605343901,0.2963673783608825
592,1,group,777,0.9654317368225555,0.9727402141098703
593,0,group,777,0.06571951925603897,0.07574961499296136
594,0,group,777,0.7463539835330447,0.77760565270584
595,0,group,777,0.10850641288484532,0.10391225840920476
596,0,group,777,0.08163024199423861,0.08207111899857242
597,1,group,777,0.9266920076128327,0.9464501338936461
598,0,group,777,0.050658052341970024,0.062156888087261435
599,0,group,777,0.10528823336408424,0.10661101588824654
600,1,group,777,0.3713222878226055,0.37288540497684014
601,1,group,777,0.8913277146924669,0.8975426951873333
602,0,group,777,0.11022547672872095,0.10948093560957443
603,0,group,777,0.311978812957111,0.28320410683469815
604,0,group,777,0.09633018786352664,0.08839075274070703
605,1,group,777,0.34115591291158553,0.35179608018621794
606,0,group,777,0.11938544288437863,0.12045601432179856
607,0,group,777,0.12966422529243957,0.1242980732976257
608,1,group,777,0.3942329048775068,0.408407347067194
609,1,group,777,0.9267582640467333,0.9519133121741377
610,1,group,777,0.9372532680189951,0.9597689628174034
611,0,group,777,0.6702319013524587,0.6811103952291513
612,0,group,777,0.09239000087203197,0.09840778060789773
613,1,group,777,0.7531420623134091,0.7866098321924891
614,0,group,777,0.13481173690469783,0.12437461280720812
615,0,group,777,0.08985734313478964,0.08884950986010672
616,1,group,777,0.9036680222709657,0.9006564437174512
617,0,group,777,0.07973577464874425,0.08289255048485561
618,0,group,777,0.6213810766143238,0.6727374834297105
619,1,group,777,0.9430995179481303,0.9503531332203289
620,0,group,777,0.10520868381153796,0.10598364370894466
621,0,group,777,0.10186113980326433,0.09847695466685052
622,1,group,777,0.29705619815459516,0.27801984188034723
623,1,group,777,0.10335772829114426,0.1065950371257304
624,0,group,777,0.043468096690549324,0.04235262448994044
625,0,group,777,0.09785137457458666,0.09713443268955425
626,0,group,777,0.3206821836736747,0.33310969360535886
627,0,group,777,0.07711344469008673,0.08140845900443333
628,1,group,777,0.9667328659977795,0.9648232411645451
629,0,group,777,0.0988514870205319,0.10570359505127584
630,0,group,777,0.11488760629967826,0.11343865248618526
631,1,group,777,0.19165510967136687,0.2092342063495699
632,0,group,777,0.08929319237782594,0.09583854506285472
633,1,group,777,0.380108603883954,0.3639653818870724
634,0,group,777,0.19868522940871963,0.17882621103479687
635,0,group,777,0.7613459634194736,0.7568945132646138
636,1,group,777,0.913237604316136,0.9297106763512907
637,0,group,777,0.16444856004376254,0.19140584489146956
638,0,group,777,0.10706681353969154,0.09646775686739781
639,0,group,777,0.49297158670349034,0.45907490082100466
640,0,group,777,0.0937804191623278,0.08867008810059719
641,0,group,777,0.0792813847260648,0.08058280581578348
642,1,group,777,0.9685310731297335,0.9687568760506466
643,0,group,777,0.7613459634194736,0.7668869286229267
644,1,group,777,0.11741714839025522,0.09680896539021136
645,1,group,777,0.7782111353948544,0.7328105250888342
646,1,group,777,0.38115004237565775,0.3078195438464756
647,0,group,777,0.1067634781693716,0.10239827271104897
648,1,group,777,0.2112105430466136,0.20597851948117646
649,0,group,777,0.10344922216649277,0.09322145615983327
650,1,group,777,0.6490624961562523,0.6464684999483435
651,0,group,777,0.11022547672872095,0.10948093560957443
652,1,group,777,0.9350448269245402,0.9452797367278564
653,0,group,777,0.10577495938707393,0.10288034197893972
654,1,group,777,0.6433779580336371,0.6179721287441692
655,0,group,777,0.7434696969546511,0.70608400365222
656,0,group,777,0.10636942115745149,0.10661787734722893
657,0,group,777,0.12864796180738647,0.12290157384803213
658,0,group,777,0.7520072662305798,0.7766758311204509
659,0,group,777,0.10741812343356942,0.09876323112632715
660,0,group,777,0.24800209342144894,0.26506494018505555
661,1,group,777,0.17839505491766564,0.1874954341537419
662,0,group,777,0.08661687490824152,0.08051524659401975
663,0,group,777,0.5591626815444484,0.4640187152871514
664,0,group,777,0.09039144596327545,0.09321220479651346
665,1,group,777,0.17165981036181663,0.16441558313831764
666,0,group,777,0.10404459811222345,0.11437618592596883
667,0,group,777,0.10490204805699074,0.122125011768902
668,0,group,777,0.12864796180738647,0.12624321921371065
669,0,group,777,0.11174808478246717,0.10426293550214435
670,1,group,777,0.9511606203355737,0.9561078106299102
671,1,group,777,0.9413045454531616,0.9511799894268758
672,0,group,777,0.4048714633402521,0.42639075734017046
673,0,group,777,0.08601895457175023,0.09064012207646242
674,1,group,777,0.10193711212666667,0.09489641784510108
675,0,group,777,0.07725029839021086,0.07753835753618898
676,0,group,777,0.09356220734521141,0.09559309214129508
677,0,group,777,0.09949144405461256,0.10142148254273065
678,1,group,777,0.5317664593456678,0.5131954076751118
679,0,group,777,0.542704035105957,0.5880451724131155
680,1,group,777,0.27234753123173683,0.348407010401125
681,0,group,777,0.6809585760208848,0.7056605090847183
682,1,group,777,0.3820718315235689,0.3363390613771054
683,0,group,777,0.10842525199002047,0.11338190604090663
684,0,group,777,0.6867450457372405,0.6309232921183238
685,0,group,777,0.0862038870620631,0.09339351057203302
686,0,group,777,0.1019964925733868,0.08221968193891734
687,0,group,777,0.5772634508259978,0.5512604547306492
688,0,group,777,0.09748916921843623,0.10215626761057355
689,0,group,777,0.09998208443120643,0.10128152877477085
690,1,group,777,0.9702576950961561,0.9776163048308694
691,1,group,777,0.3163800038640341,0.3349755939558203
692,1,group,777,0.7293836503664538,0.737139895817408
693,1,group,777,0.11741714839025522,0.09680896539021136
694,0,group,777,0.13118363863966287,0.12418499161698815
695,0,group,777,0.26787215811702403,0.26854668301620793
696,0,group,777,0.07089548833854153,0.06052663144670105
697,0,group,777,0.08162301546192788,0.0834602861147919
698,1,group,777,0.6238195843524852,0.5949915851923858
699,0,group,777,0.3623605252711941,0.31915594645575673
700,0,group,777,0.097730550947275,0.06867262197067883
701,1,group,777,0.9633291916852276,0.9586932550719208
702,1,group,777,0.4258722891349517,0.5038418968846269
703,0,group,777,0.6692457729697955,0.6391208314758352
704,0,group,777,0.11488760629967826,0.1133135601812635
705,0,group,777,0.030546737506503566,0.041866818041190426
706,0,group,777,0.09044398290148888,0.07693802326984021
707,1,group,777,0.8968927060279622,0.8940224499470731
708,1,group,777,0.38338458849191387,0.4126910478167801
709,1,group,777,0.9659518131480919,0.9654727563038947
710,1,group,777,0.7236841521995769,0.7429540808217832
711,1,group,777,0.968413179095421,0.9638663644578045
712,0,group,777,0.37498364520090155,0.41125451415816994
713,1,group,777,0.2553025122602049,0.28615111731219417
714,0,group,777,0.10417106221806835,0.10333295343115705
715,0,group,777,0.06377015984716115,0.06996610334038039
716,0,group,777,0.14144553687781,0.11398111744118228
717,1,group,777,0.9512182099914561,0.9497909491071818
718,1,group,777,0.931138221323777,0.940665913446129
719,0,group,777,0.13757838276232115,0.12387148870127525
720,0,group,777,0.08153198826213189,0.07544802223889581
721,1,group,777,0.9460415154568911,0.9634528226489082
722,0,group,777,0.11357243699463507,0.1293925565413224
723,0,group,777,0.12003579644372818,0.1265271747907527
724,0,group,777,0.11157882455263193,0.1189286646875042
725,1,group,777,0.5193632493179735,0.4704974871154968
726,0,group,777,0.10687262988805747,0.10239827271104897
727,1,group,777,0.8914148853531387,0.9183323382562726
728,1,group,777,0.6238195843524852,0.5948304935744455
729,0,group,777,0.10217497931857968,0.124431014797271
730,0,group,777,0.6104142637871113,0.6092729159160652
731,1,group,777,0.9699407285460331,0.9752955598513549
732,0,group,777,0.6821143716255863,0.6749352199201438
733,0,group,777,0.06983466716449471,0.06116565083982053
734,0,group,777,0.10470563435316449,0.122125011768902
735,0,group,777,0.11031613925384375,0.10708097911663966
736,0,group,777,0.08447777652182886,0.07580180509255706
737,0,group,777,0.5981245717222132,0.6485634176445227
738,1,group,777,0.2771355236098498,0.2683949354312436
739,0,group,777,0.12864796180738647,0.12290157384803213
740,0,group,777,0.11022547672872095,0.10948093560957443
741,1,group,777,0.4035556922505056,0.36545922312208146
742,0,group,777,0.3557751163347315,0.4067306753527894
743,1,group,777,0.9626542449590932,0.9565066369444413
744,0,group,777,0.0933092969568076,0.08731484019215358
745,1,group,777,0.21301921627802609,0.21466016458808168
746,0,group,777,0.26250583938567706,0.26958014271559105
747,0,group,777,0.09490733939386606,0.10077141821441446
748,1,group,777,0.8852508142835709,0.8826931026520812
749,0,group,777,0.4910409900597761,0.48452687879331774
750,0,group,777,0.10856947716614883,0.1104345591714989
751,1,group,777,0.9321914838864561,0.94564157929782
752,1,group,777,0.8475644422761155,0.8556942075470908
753,0,group,777,0.11051275960367817,0.11485258979197727
754,0,group,777,0.0979401133065521,0.10096014289969514
755,1,group,777,0.863670670776978,0.879630561781435
756,1,group,777,0.9438409767834451,0.9465607371165493
757,0,group,777,0.114242377015542,0.11055164870898333
758,0,group,777,0.11921348996647511,0.13528386870387493
759,0,group,777,0.10477074342974725,0.11485258979197727
760,1,group,777,0.9616971179996351,0.9667480857909663
761,0,group,777,0.10801354353171594,0.1123397899353627
762,0,group,777,0.07963195046844192,0.08174140413658132
763,1,group,777,0.11133515285279048,0.11287508259096012
764,1,group,777,0.9027695943184731,0.9283132325043063
765,0,group,777,0.1067634781693716,0.10275108398142739
766,1,group,777,0.9493303872454212,0.9532948262858116
767,0,group,777,0.21578843367742478,0.21314685415090437
768,0,group,777,0.7333631649206643,0.7342222717903549
769,0,group,777,0.1091972844252707,0.10763667943973886
770,0,group,777,0.09396735820101337,0.09555864587534132
771,0,group,777,0.12658060947388802,0.12446232557197047
772,0,group,777,0.054299341680293794,0.061221212807984586
773,0,group,777,0.9462758028093943,0.9440412539777687
774,0,group,777,0.06298345320330287,0.06698195023508786
775,1,group,777,0.8704921250428546,0.8865573297666293
776,0,group,777,0.09356220734521141,0.09461606655513048
777,0,group,777,0.15355661489953182,0.1441058865734776
778,1,group,777,0.7525767650078189,0.6986847679090705
779,0,group,777,0.11488760629967826,0.11472193805800542
780,1,group,777,0.9681789958775316,0.9686100259198869
781,1,group,777,0.7058323074790416,0.6697562408647123
782,1,group,777,0.967970977490072,0.9655349044679324
783,0,group,777,0.5080721280492818,0.4291646352937949
784,0,group,777,0.11668570371578608,0.0895195734497947
785,0,group,777,0.0823367719495295,0.09410308831424627
786,0,group,777,0.12580263443821854,0.1233455993575459
787,1,group,777,0.5808632036310012,0.5894900024599213
788,0,group,777,0.8283809900682563,0.8116025730886361
789,1,group,777,0.7073351689165125,0.7070942238007438
790,0,group,777,0.35964790228135934,0.3924670982647619
791,0,group,777,0.13481173690469783,0.12437461280720812
792,0,group,777,0.1644844863098458,0.1530661349934058
793,0,group,777,0.6398527536898749,0.6684643578951529
794,0,group,777,0.37059478054458955,0.20762315415085686
795,0,group,777,0.12864796180738647,0.12099919490383804
796,0,group,777,0.08673813945518509,0.08323149435764692
797,1,group,777,0.9716634482861005,0.9659833528556109
798,1,group,777,0.5571928849717204,0.5619768637204455
799,0,group,777,0.10514758782946756,0.10999900970310772
800,0,group,777,0.528095431353097,0.5455783666065558
801,0,group,777,0.09129310206649306,0.09228250083815201
802,1,group,777,0.9162799857633427,0.9479331125310799
803,1,group,777,0.9195104949697545,0.9310097104880207
804,1,group,777,0.7490911390585262,0.7077189243980031
805,1,group,777,0.09129610717740051,0.07761844232328313
806,0,group,777,0.114242377015542,0.114544152939902
807,0,group,777,0.29159873951859516,0.27951980450732805
808,0,group,777,0.6527156611190044,0.6473768358382932
809,0,group,777,0.06237078829149074,0.06309630206415197
810,1,group,777,0.9621238104924198,0.9708185902829802
811,0,group,777,0.0988514870205319,0.10570359505127584
812,0,group,777,0.08953443273640556,0.0881183878551285
813,0,group,777,0.10399807558826006,0.10531321319269066
814,0,group,777,0.7571475433420394,0.7801274064255526
815,0,group,777,0.09947663348806335,0.10403709622761677
816,0,group,777,0.21534310204828122,0.22571764375242603
817,0,group,777,0.6520618085181984,0.6657790843256937
818,0,group,777,0.09924186370536295,0.12257947203831113
819,0,group,777,0.057133543723145656,0.06918073052658649
820,0,group,777,0.7499420507072012,0.7603266267812114
821,1,group,777,0.9259618151042899,0.9258358795578485
822,1,group,777,0.10435252353324755,0.09972023024094796
823,0,group,777,0.24409487746594985,0.24055878131166808
824,1,group,777,0.7014804850262342,0.7537873264637579
825,0,group,777,0.7673358093315817,0.6966162057073284
826,0,group,777,0.11080728221749613,0.11051341950371403
827,0,group,777,0.11741714839025522,0.09680896539021136
828,1,group,777,0.943589890040579,0.9616362938546122
829,1,group,777,0.09607850823861463,0.09852400314380934
830,1,group,777,0.9499531039254462,0.9536199801517459
831,1,group,777,0.7175102009844774,0.7111116740474771
832,1,group,777,0.9568129944235959,0.9591029286302123
833,0,group,777,0.13185071271597001,0.11986899899233006
834,0,group,777,0.1284134658345899,0.12498556887247946
835,0,group,777,0.12481468053896562,0.12410273279150087
836,1,group,777,0.9481079801307422,0.9279152851909589
837,0,group,777,0.10588322027342745,0.10288034197893972
838,0,group,777,0.0988514870205319,0.10570359505127584
839,1,group,777,0.11624548765969751,0.0960859793656263
840,1,group,777,0.30166510261792795,0.2660575169940948
841,0,group,777,0.10414719211232373,0.10932331313762551
842,0,group,777,0.11182728464095744,0.14163375752424934
843,1,group,777,0.9589362935964353,0.9602444687159645
844,0,group,777,0.09854663273437843,0.09744348233172109
845,0,group,777,0.10687262988805747,0.10239827271104897
846,0,group,777,0.08595671330098567,0.08496570163418722
847,0,group,777,0.13031256946260633,0.08389474329039957
848,0,group,777,0.10298635692608242,0.10944157943316486
849,0,group,777,0.11301524378395998,0.08486393035983092
850,1,group,777,0.9421374489122667,0.9486483615237769
851,0,group,777,0.767866606464752,0.7865478154369392
852,0,group,777,0.08339262989167863,0.0863086219493795
853,0,group,777,0.7689957141702608,0.7465006188104724
854,1,group,777,0.9682960641705641,0.9587510615059393
855,0,group,777,0.927485989031571,0.917155581929728
856,1,group,777,0.6059420287048518,0.6259197223684718
857,1,group,777,0.9388153819702607,0.9471342604291425
858,1,group,777,0.2847622857309139,0.263189467893568
859,1,group,777,0.6991855331416504,0.6972241470255502
860,0,group,777,0.10979163811243986,0.10999900970310772
861,0,group,777,0.062059345253852684,0.055802702589098696
862,0,group,777,0.11937892415677723,0.13134327906299245
863,1,group,777,0.9446541235199254,0.940533741085174
864,0,group,777,0.6398527536898749,0.6684643578951529
865,0,group,777,0.10892465823772406,0.10708097911663966
866,1,group,777,0.8576394493016607,0.8716516942159399
867,1,group,777,0.9340477653950076,0.9420656489133534
868,0,group,777,0.3567102117549209,0.3450476427317421
869,0,group,777,0.0997744631018005,0.10682874709616524
870,1,group,777,0.7436251345642019,0.7485789309725024
871,0,group,777,0.09172052227967373,0.09475757878901274
872,1,group,777,0.973354869605757,0.9674122053510653
873,0,group,777,0.2855295574739359,0.2759318527648616
874,0,group,777,0.0686423902036135,0.0791796176713376
875,1,group,777,0.8928269869294628,0.9248646000300607
876,1,group,777,0.6778531200386698,0.6639082303607612
877,0,group,777,0.0831774780447625,0.08446823372155063
878,0,group,777,0.09368595204944247,0.09826024732500886
879,0,group,777,0.0988514870205319,0.10570359505127584
880,1,group,777,0.9183323401543529,0.9313876396622245
881,1,group,777,0.9388195935695205,0.9481134620190076
882,0,group,777,0.09085301989053322,0.09342789483661106
883,0,group,777,0.524464906220526,0.49934554937995207
884,0,group,777,0.10607884783381291,0.10694191206615543
885,0,group,777,0.12057829306635795,0.1233455993575459
886,0,group,777,0.662771757612102,0.7222339890121425
887,0,group,777,0.09203864276422535,0.09292384106073664
888,1,group,777,0.9496300285927398,0.9736317592429877
889,0,group,777,0.6049598854391964,0.6552539270364341
890,1,group,777,0.4738225238189596,0.4821511673214383
891,0,group,777,0.09636957916375181,0.09603138947311682
