PassengerId,fold,Survived,champion_pred,champion_vote_fraction,TabPFN_v2_5__baseline,TabPFN_v2_5__familyfare,TabPFN_v3__baseline,TabPFN_v3__familyfare,TabPFN_v2__baseline,TabPFN_v2__familyfare
1,1,0,0,0.0,0.0761492252349853,0.08667239546775818,0.0710860192775726,0.07456521689891815,0.0701798498630523,0.0786333680152893
2,4,1,1,1.0,0.976423680782318,0.9836173057556152,0.9808483123779296,0.9831595420837402,0.9798317551612854,0.9796159267425536
3,3,1,0,0.3333333333333333,0.5415902137756348,0.5333020091056824,0.5495113134384155,0.5284247398376465,0.6105984449386597,0.5992118120193481
4,3,1,1,1.0,0.952873170375824,0.9506378173828125,0.9657624363899232,0.9502230882644653,0.9458923935890198,0.9322383999824524
5,0,0,0,0.0,0.0835311040282249,0.06992249190807343,0.0850154981017112,0.08173152059316635,0.0863990262150764,0.0840908586978912
6,4,0,0,0.0,0.0869147777557373,0.08356748521327972,0.0902591347694397,0.10034765303134918,0.0846074074506759,0.0896331071853637
7,0,0,0,0.0,0.1759823560714721,0.1926121711730957,0.2255313843488693,0.2074119746685028,0.2183472067117691,0.2294034361839294
8,4,0,0,0.0,0.0437312424182891,0.036219581961631775,0.024759043008089,0.03281811624765396,0.0384440086781978,0.0306299738585948
9,4,1,1,1.0,0.8936753273010254,0.9044375419616699,0.8866794109344482,0.8814674019813538,0.8439412713050842,0.8447904586791992
10,3,1,1,1.0,0.9423791766166688,0.9161815643310547,0.9397246837615968,0.8899440169334412,0.924006998538971,0.9013429284095764
11,2,1,1,1.0,0.9849408268928528,0.9790812134742737,0.940927803516388,0.9733726382255554,0.97379732131958,0.9596706032752992
12,4,1,1,1.0,0.892025887966156,0.895287036895752,0.9411766529083252,0.9506375789642334,0.9007741212844848,0.9029364585876464
13,4,0,0,0.0,0.0932041034102439,0.09388332813978195,0.1033645719289779,0.12362468242645264,0.089102566242218,0.093907430768013
14,0,0,0,0.0,0.011785177513957,0.012241171672940254,0.006315526086837,0.010594265535473824,0.0087391212582588,0.0074201370589435
15,3,0,1,1.0,0.8064899444580078,0.8154353499412537,0.7662863731384277,0.8044615983963013,0.7893702983856201,0.801903247833252
16,3,1,1,1.0,0.763171911239624,0.7677416801452637,0.8009060621261597,0.7718762159347534,0.7647727727890015,0.7873987555503845
17,1,0,0,0.0,0.0179224591702222,0.006068080198019743,0.0075246705673635,0.0036776794586330652,0.0142084946855902,0.0047790189273655
18,4,1,0,0.0,0.0774340629577636,0.08191391825675964,0.0960678234696388,0.09212575107812881,0.0726396143436431,0.0771059244871139
19,3,0,1,1.0,0.6860912442207336,0.6329652667045593,0.6913027167320251,0.597433865070343,0.7036375403404236,0.6076618432998657
20,0,1,1,1.0,0.6376431584358215,0.6776934266090393,0.6385188102722168,0.6818462610244751,0.6503080725669861,0.6766674518585205
21,1,0,0,0.0,0.106923334300518,0.10885114222764969,0.1092069819569587,0.11966463923454285,0.1051170378923416,0.1050951480865478
22,3,1,0,0.0,0.1580798923969268,0.16995666921138763,0.1799912452697754,0.14119383692741394,0.2044022977352142,0.193310335278511
23,1,1,1,1.0,0.7638784646987915,0.7721507549285889,0.7278870344161987,0.762088418006897,0.7715046405792236,0.7773004770278931
24,1,1,0,0.0,0.3780105113983154,0.3692156970500946,0.3280093371868133,0.31922048330307007,0.389975905418396,0.3832056522369385
25,0,0,0,0.0,0.0075625227764248,0.005702899303287268,0.0062108808197081,0.006193271838128567,0.0075166868045926,0.0058021838776767
26,4,1,0,0.0,0.4181448221206665,0.542995810508728,0.2222962230443954,0.45858892798423767,0.3312729001045227,0.4640660881996155
27,0,0,0,0.0,0.0901848375797271,0.08910449594259262,0.0936048999428749,0.09726177901029587,0.0917087197303772,0.090608425438404
28,2,0,0,0.0,0.3742611110210418,0.3356482982635498,0.384407639503479,0.38671430945396423,0.3150350153446197,0.352905809879303
29,0,1,1,1.0,0.7004014253616333,0.7084498405456543,0.702987015247345,0.727388322353363,0.7089095711708069,0.7266436219215393
30,2,0,0,0.0,0.0741049647331237,0.07513532042503357,0.0642781555652618,0.06094149127602577,0.066738948225975,0.0790414661169052
31,0,0,1,0.6666666666666666,0.662558376789093,0.5365812182426453,0.3841527998447418,0.4294578731060028,0.5684551000595093,0.5150443911552429
32,0,1,1,1.0,0.9953904747962952,0.993504524230957,0.9951452612876892,0.9946799278259277,0.9950780868530272,0.9936208724975586
33,4,1,1,1.0,0.6931168437004089,0.6919059157371521,0.7170694470405579,0.7061513066291809,0.7097790241241455,0.6943401098251343
34,3,0,0,0.0,0.0658222064375877,0.05723028630018234,0.0764640122652053,0.06642541289329529,0.0688473507761955,0.0661239773035049
35,0,0,0,0.3333333333333333,0.4896964430809021,0.47921454906463623,0.440809428691864,0.48392999172210693,0.5199784636497498,0.5785267353057861
36,1,0,0,0.0,0.2910295724868774,0.2726166844367981,0.2996413111686706,0.2849520444869995,0.2661844491958618,0.2875739932060241
37,2,1,0,0.0,0.0725365206599235,0.07656845450401306,0.0578165128827095,0.04023083671927452,0.0650640577077865,0.0763176083564758
38,4,0,0,0.0,0.093193382024765,0.09110648185014725,0.1017455160617828,0.11754152923822403,0.0852842926979065,0.0914833322167396
39,3,0,1,0.6666666666666666,0.6429625749588013,0.5345051288604736,0.631709098815918,0.5676748156547546,0.6175635457038879,0.4428673088550567
40,1,1,1,1.0,0.9532605409622192,0.961030900478363,0.9257791638374328,0.9462316036224365,0.9451661109924316,0.9605175852775574
41,1,0,0,0.3333333333333333,0.5754512548446655,0.6549190282821655,0.6035711169242859,0.7138296365737915,0.5961216688156128,0.6815585494041443
42,4,0,1,1.0,0.900174617767334,0.832259476184845,0.9133804440498352,0.84380704164505,0.8832398653030396,0.7959879636764526
43,1,0,0,0.0,0.0984248518943786,0.09314536303281784,0.0948949381709098,0.09541400521993637,0.0958492755889892,0.0931161642074585
44,0,1,1,1.0,0.9818833470344543,0.9802976250648499,0.977763533592224,0.9715384840965271,0.9689209461212158,0.9778759479522704
45,4,1,1,1.0,0.6695272922515869,0.6741477251052856,0.6818103790283203,0.6771621704101562,0.6824911832809448,0.6758078336715698
46,0,0,0,0.0,0.0844219401478767,0.09274432808160782,0.0886896699666976,0.09076404571533203,0.1003999412059784,0.094494804739952
47,4,0,0,0.0,0.0859360471367836,0.08074808120727539,0.0805986374616622,0.09436613321304321,0.0760899931192398,0.087024874985218
48,2,1,1,1.0,0.6940624713897705,0.702277660369873,0.7587158679962158,0.7606281042098999,0.7148889303207397,0.7203343510627747
49,1,0,0,0.0,0.0783164650201797,0.10571806877851486,0.0789975225925445,0.09589281678199768,0.0856932401657104,0.0999715849757194
50,2,0,1,1.0,0.7424558401107788,0.665807843208313,0.7180086374282837,0.6239295601844788,0.7071174383163452,0.6571757793426514
51,4,0,0,0.0,0.0306920427829027,0.009401786141097546,0.0187438577413558,0.011124941520392895,0.0263946093618869,0.0069277677685022
52,4,0,0,0.0,0.08839762955904,0.08746512979269028,0.0893662646412849,0.09878113865852356,0.0840342417359352,0.0912709310650825
53,1,1,1,1.0,0.9940924048423768,0.9937385320663452,0.9960699081420898,0.9954808950424194,0.994945228099823,0.9938166737556458
54,0,1,1,1.0,0.8577532172203064,0.8807947635650635,0.8767011165618896,0.9107521772384644,0.8462592363357544,0.8829057812690735
55,2,0,0,0.0,0.2380809336900711,0.24352547526359558,0.2640561461448669,0.262323796749115,0.2587372958660126,0.2784678339958191
56,0,1,0,0.0,0.2803071141242981,0.29796546697616577,0.2946234345436096,0.2945176362991333,0.2664239704608917,0.2748457193374634
57,1,1,1,1.0,0.863545298576355,0.8740928173065186,0.8738833665847778,0.8495083451271057,0.876931369304657,0.8764561414718628
58,4,0,0,0.0,0.0819971412420272,0.07854536175727844,0.0839013531804084,0.08718620985746384,0.081899456679821,0.0829733237624168
59,2,1,1,1.0,0.9954166412353516,0.9870613813400269,0.9927756786346436,0.9824954271316528,0.9942464828491212,0.982458472251892
60,4,0,0,0.0,0.0386866629123687,0.01167732197791338,0.0351684242486953,0.014986848458647728,0.0378580205142498,0.0107768950983881
61,0,0,0,0.0,0.0956670641899108,0.09784331172704697,0.1006273254752159,0.1075572818517685,0.0934504270553588,0.0948946177959442
62,1,1,1,1.0,0.9943983554840088,0.992795467376709,0.9946909546852112,0.9914470911026001,0.9973387122154236,0.9940272569656372
63,1,0,0,0.0,0.2975109815597534,0.31525948643684387,0.3432942628860473,0.3575720191001892,0.2932444214820862,0.3316488862037658
64,0,0,0,0.0,0.0086792446672916,0.005686961114406586,0.0084504028782248,0.006181687116622925,0.0069776866585016,0.0044172583147883
65,0,0,0,0.0,0.303494244813919,0.28947389125823975,0.3032390177249908,0.27136629819869995,0.3133370876312256,0.3089822828769684
66,3,1,1,1.0,0.9847105145454408,0.9820719957351685,0.9650242924690248,0.9637144207954407,0.9713804721832277,0.9672635793685912
67,0,1,1,1.0,0.919745683670044,0.9225340485572815,0.9289471507072448,0.9397431015968323,0.9091758728027344,0.9211810827255248
68,1,0,0,0.0,0.0902600288391113,0.0963926613330841,0.0919428840279579,0.10058054327964783,0.097091443836689,0.1005564928054809
69,0,1,0,0.0,0.029796365648508,0.10025188326835632,0.0221320260316133,0.1119551882147789,0.0272705890238285,0.1396883726119995
70,3,0,0,0.0,0.0721465647220611,0.07636404037475586,0.070234976708889,0.07568107545375824,0.0688729882240295,0.0840019285678863
71,4,0,0,0.0,0.0808952525258064,0.07812884449958801,0.0913470163941383,0.08429116010665894,0.075816161930561,0.082777589559555
72,1,0,0,0.0,0.0265687629580497,0.005170843563973904,0.025226654484868,0.0038355449214577675,0.027877677232027,0.0069716563448309
73,1,0,0,0.0,0.2626738250255584,0.31224215030670166,0.1710789054632187,0.25481081008911133,0.1875447034835815,0.3018177449703216
74,3,0,0,0.0,0.0606168396770954,0.06582562625408173,0.0519347004592418,0.07325462996959686,0.0549560785293579,0.0649410709738731
75,2,1,0,0.0,0.2172319293022155,0.19592036306858063,0.3520634174346924,0.6223065853118896,0.2530460357666015,0.1778536736965179
76,0,0,0,0.0,0.0924879610538482,0.10022339224815369,0.0958954691886901,0.09326347708702087,0.0976648405194282,0.0977580472826957
77,1,0,0,0.0,0.0833754986524581,0.09050431847572327,0.0706610605120658,0.08419200778007507,0.0836845636367797,0.0865553170442581
78,3,0,0,0.0,0.0665585994720459,0.06508830189704895,0.0628847181797027,0.06502978503704071,0.0636176168918609,0.0638957247138023
79,1,1,1,1.0,0.9897508025169371,0.9841859340667725,0.9817444682121276,0.9726007580757141,0.9880664944648744,0.9824889898300172
80,0,1,1,1.0,0.8515824675559998,0.7103970050811768,0.8977066278457642,0.6449089050292969,0.8515113592147827,0.6691073179244995
81,4,0,0,0.0,0.0826778560876846,0.08442569524049759,0.0845685005187988,0.09505411237478256,0.0749626979231834,0.0836311280727386
82,4,1,0,0.0,0.0815077945590019,0.08035348355770111,0.0860543847084045,0.09710949659347534,0.0826838761568069,0.0848014056682586
83,4,1,1,1.0,0.6970836520195007,0.6950347423553467,0.7078217267990112,0.706673264503479,0.7077226042747498,0.6964232325553894
84,4,0,0,0.0,0.2988170087337494,0.29670336842536926,0.2238953560590744,0.24109864234924316,0.3120364248752594,0.3194464147090912
85,4,1,1,1.0,0.8805504441261292,0.8824820518493652,0.8808737397193909,0.8845734596252441,0.900493860244751,0.8910055160522461
86,1,1,0,0.3333333333333333,0.5605506300926208,0.4423770010471344,0.6114249229431152,0.45672526955604553,0.6085188388824463,0.4477805495262146
87,2,0,0,0.0,0.013961860910058,0.010998399928212166,0.0087788114324212,0.013726283796131611,0.0091097261756658,0.0118909459561109
88,4,0,0,0.0,0.087049126625061,0.08483842760324478,0.1290307193994522,0.12474794685840607,0.1005859971046447,0.1000091508030891
89,1,1,1,1.0,0.977670669555664,0.9797967076301575,0.9786103963851928,0.9824297428131104,0.981075406074524,0.9875253438949584
90,3,0,0,0.0,0.0660403966903686,0.06610292196273804,0.0696935057640075,0.06677521765232086,0.0633264109492302,0.0629058629274368
91,0,0,0,0.0,0.0794292837381362,0.08228948712348938,0.0877037644386291,0.09555752575397491,0.085068941116333,0.0889654755592346
92,1,0,0,0.0,0.0974358767271041,0.09783174097537994,0.0873071402311325,0.09647925943136215,0.0915208756923675,0.0915100425481796
93,3,0,0,0.0,0.333638846874237,0.338379830121994,0.364372968673706,0.34648510813713074,0.4043783545494079,0.3972581326961517
94,2,0,0,0.0,0.1374373733997345,0.13936743140220642,0.1235700547695159,0.15145698189735413,0.1557890474796295,0.1486731469631195
95,0,0,0,0.0,0.057986032217741,0.06106209754943848,0.0811406075954437,0.07855266332626343,0.063035249710083,0.0666752904653549
96,4,0,0,0.0,0.0798324644565582,0.07737571746110916,0.0816684812307357,0.08687129616737366,0.0766215771436691,0.0798479467630386
97,4,0,0,0.0,0.3109425902366638,0.27675387263298035,0.3109984099864959,0.3076811730861664,0.2686727046966553,0.2483026087284088
98,1,1,0,0.0,0.3424918055534363,0.36221563816070557,0.3253421783447265,0.348327100276947,0.3452117443084717,0.3503230810165405
99,1,1,1,1.0,0.9806699752807616,0.9842063784599304,0.9737339019775392,0.9740951657295227,0.9785993695259094,0.9812336564064026
100,0,0,0,0.0,0.1434258669614792,0.17173314094543457,0.138040691614151,0.17852644622325897,0.1522397249937057,0.1836250126361847
101,4,0,0,0.3333333333333333,0.457685112953186,0.47982218861579895,0.4446582198143005,0.4875135123729706,0.4274274706840515,0.4972885251045227
102,4,0,0,0.0,0.0794181674718856,0.05078260228037834,0.0805492550134658,0.050780318677425385,0.0760539546608924,0.0582745596766471
103,2,0,0,0.0,0.4530812501907348,0.4550835192203522,0.4038658142089844,0.41844621300697327,0.4846169054508209,0.4216847717761993
104,0,0,0,0.0,0.0766670107841491,0.0810990184545517,0.0866527408361435,0.08915722370147705,0.0789828300476074,0.0828625932335853
105,1,0,0,0.0,0.0529700368642807,0.062081772834062576,0.0666527897119522,0.06820390373468399,0.0584473237395286,0.070957213640213
106,0,0,0,0.0,0.0795075520873069,0.08246289193630219,0.0882084667682647,0.09530453383922577,0.0819930583238601,0.0860475897789001
107,1,1,1,1.0,0.6432018876075745,0.6588815450668335,0.6294254064559937,0.6975650787353516,0.6674906015396118,0.6834806799888611
108,4,1,0,0.0,0.0791783705353736,0.07624362409114838,0.080355167388916,0.08365298807621002,0.074849285185337,0.0781725347042083
109,0,0,0,0.0,0.0721591934561729,0.07423557341098785,0.0849518030881881,0.08800961077213287,0.0794299468398094,0.0819623693823814
110,2,1,1,0.6666666666666666,0.670427143573761,0.4737589359283447,0.6691499948501587,0.42760103940963745,0.682691752910614,0.5165953636169434
111,1,0,0,0.0,0.2939068078994751,0.3079974353313446,0.3133545815944671,0.32180947065353394,0.3134528398513794,0.3119405210018158
112,3,0,0,0.0,0.0516970232129097,0.04866762459278107,0.0473985970020294,0.045328859239816666,0.0630258321762085,0.0642333477735519
113,3,0,0,0.0,0.0674560964107513,0.0679355338215828,0.0705491080880165,0.06799575686454773,0.0628132447600364,0.0617353245615959
114,0,0,0,0.0,0.0264650620520114,0.0440959669649601,0.0180571526288986,0.04530390724539757,0.0385893955826759,0.0432799868285656
115,0,0,1,0.6666666666666666,0.6042119860649109,0.6636086106300354,0.6333802342414856,0.6920332908630371,0.6274243593215942,0.6811038851737976
116,4,0,0,0.0,0.4019469320774078,0.41910722851753235,0.2860791087150574,0.17277196049690247,0.3209522366523742,0.3331020474433899
117,2,0,0,0.0,0.0494219958782196,0.0464748851954937,0.0570986904203891,0.03833264485001564,0.0584114603698253,0.0526793524622917
118,1,0,0,0.0,0.0539900660514831,0.028667056933045387,0.0713710263371467,0.024240568280220032,0.0460506826639175,0.0261836051940917
119,0,0,0,0.3333333333333333,0.5104151368141174,0.5060219168663025,0.5121496915817261,0.5233696699142456,0.6347495913505554,0.6389493942260742
120,3,0,0,0.0,0.0453984551131725,0.029132716357707977,0.0265360139310359,0.01976366713643074,0.0656535923480987,0.0319857001304626
121,1,0,0,0.0,0.1187035962939262,0.0911882072687149,0.1109647154808044,0.06287786364555359,0.1356497853994369,0.0903909653425216
122,1,0,0,0.0,0.0849947109818458,0.08440589159727097,0.0750913545489311,0.07791023701429367,0.0883176252245903,0.0873938649892807
123,4,0,0,0.0,0.108978271484375,0.1323617696762085,0.1103954836726188,0.14658479392528534,0.1180033162236213,0.1434942334890365
124,2,1,1,1.0,0.8598311543464661,0.8731460571289062,0.9097902774810792,0.9026003479957581,0.9191375970840454,0.9121525287628174
125,1,0,0,0.0,0.2754065692424774,0.2623558044433594,0.3266285061836242,0.23335778713226318,0.2966555058956146,0.2306486815214157
126,2,1,1,1.0,0.9862961769104004,0.9828746318817139,0.966524302959442,0.9729536771774292,0.9735636711120604,0.964877188205719
127,0,0,0,0.0,0.091350719332695,0.09107042104005814,0.0946807190775871,0.0926840752363205,0.0949489399790763,0.089032731950283
128,1,1,0,0.0,0.0781714171171188,0.08364976942539215,0.0804274827241897,0.08137121796607971,0.0828693956136703,0.0809104591608047
129,0,1,1,1.0,0.901624083518982,0.948682427406311,0.944732666015625,0.9453253149986267,0.9370614290237428,0.9518093466758728
130,2,0,0,0.0,0.0544030368328094,0.056868672370910645,0.0564647950232028,0.0579717755317688,0.0580133497714996,0.0551087222993373
131,2,0,0,0.0,0.0682194530963897,0.07479466497898102,0.0730667859315872,0.06767350435256958,0.0714298635721206,0.0779741257429122
132,0,0,0,0.0,0.0906768143177032,0.09373102337121964,0.0951024889945983,0.09990698099136353,0.099132090806961,0.1027048751711845
133,4,0,0,0.3333333333333333,0.4660235941410064,0.5387712717056274,0.5254035592079163,0.5600672960281372,0.47711181640625,0.5555079579353333
134,4,1,1,1.0,0.8965434432029724,0.9238337874412537,0.9065649509429932,0.9316597580909729,0.8835772275924683,0.906635046005249
135,0,0,0,0.0,0.1142292618751525,0.11673310399055481,0.1198060363531112,0.11946015059947968,0.1110404059290885,0.1096948161721229
136,2,0,0,0.0,0.111699491739273,0.09903091937303543,0.1114981174468994,0.09971975535154343,0.1166475787758827,0.1179672181606292
137,4,1,1,1.0,0.9784627556800842,0.9779118299484253,0.9799500703811646,0.9788755178451538,0.9793838858604432,0.9799696207046508
138,4,0,0,0.0,0.321945458650589,0.3747192621231079,0.3677120208740234,0.40267473459243774,0.3320557177066803,0.3963095843791961
139,4,0,0,0.0,0.0854760780930519,0.0788307711482048,0.0939554274082183,0.09628770500421524,0.074828028678894,0.0858579725027084
140,4,0,0,0.3333333333333333,0.4826956689357757,0.49421602487564087,0.4732488095760345,0.45972976088523865,0.4983454644680023,0.4865149259567261
141,4,0,0,0.0,0.0430735163390636,0.0615837424993515,0.0406170934438705,0.09941884875297546,0.0498574338853359,0.0623571276664733
142,0,1,1,1.0,0.5728386044502258,0.6206663250923157,0.5635395050048828,0.6004406213760376,0.5822939276695251,0.6132477521896362
143,4,1,1,0.6666666666666666,0.6169207692146301,0.7118796110153198,0.5886408090591431,0.6864447593688965,0.6048460602760315,0.7093521952629089
144,0,0,0,0.0,0.1056166216731071,0.10292781889438629,0.102101631462574,0.11117296665906906,0.1063932180404663,0.0966123342514038
145,3,0,0,0.0,0.1243079602718353,0.15031883120536804,0.1275626271963119,0.10686618089675903,0.1281863451004028,0.1362270414829254
146,2,0,0,0.0,0.1223973259329795,0.10998997092247009,0.1271553635597229,0.13454806804656982,0.1169995665550232,0.1484895795583725
147,0,1,0,0.0,0.0820010900497436,0.08350034058094025,0.0892479345202446,0.09830015897750854,0.0844549983739852,0.0877534449100494
148,0,0,0,0.0,0.0100327599793672,0.009012307040393353,0.0103841051459312,0.00975725706666708,0.0106955347582697,0.0083236629143357
149,0,0,0,0.0,0.1488586813211441,0.17186139523983002,0.142761081457138,0.18310844898223877,0.1674997806549072,0.206589788198471
150,2,0,0,0.0,0.106492169201374,0.11314985901117325,0.1141079366207122,0.10897970199584961,0.1175396591424942,0.1157112792134285
151,0,0,0,0.0,0.0905927121639251,0.10531195998191833,0.1063912808895111,0.09862419962882996,0.1078195497393608,0.1023578867316246
152,3,1,1,1.0,0.959830403327942,0.9630508422851562,0.9702943563461304,0.9538567662239075,0.9536650776863098,0.9459661841392516
153,3,0,0,0.0,0.0526849515736103,0.04543104022741318,0.0632641315460205,0.06929348409175873,0.0580954551696777,0.0489026755094528
154,0,0,0,0.0,0.0808711871504783,0.09689705818891525,0.0851600617170333,0.08934435248374939,0.0983789563179016,0.0975657925009727
155,1,0,0,0.0,0.0817370787262916,0.08056727051734924,0.0747501924633979,0.07735804468393326,0.0822560414671897,0.0803571790456771
156,0,0,0,0.0,0.1755826473236084,0.18818476796150208,0.2450350373983383,0.2421906292438507,0.1832922399044037,0.1970748603343963
157,2,1,1,1.0,0.7307257652282715,0.7313261032104492,0.7554081678390503,0.7379753589630127,0.7315272092819214,0.7389031052589417
158,3,0,0,0.0,0.0745256319642067,0.07193052768707275,0.0837648808956146,0.08994919806718826,0.0732424184679985,0.0788855403661727
159,1,0,0,0.0,0.0845579206943512,0.09359180927276611,0.0863895192742347,0.09269113093614578,0.0859053879976272,0.0939414799213409
160,1,0,0,0.0,0.0246063768863677,0.006469251587986946,0.0167237017303705,0.0045128692872822285,0.0243984218686819,0.0060086413286626
161,4,0,0,0.0,0.0644377619028091,0.05984937399625778,0.0662761032581329,0.08207423985004425,0.0726502761244773,0.0711189210414886
162,4,1,1,1.0,0.8463369011878967,0.8316797018051147,0.8095369935035706,0.8272303342819214,0.7957772016525269,0.821414589881897
163,1,0,0,0.0,0.0859211683273315,0.09030526876449585,0.0873189941048622,0.09262426197528839,0.0847533196210861,0.088700033724308
164,3,0,0,0.0,0.0747499763965606,0.0734478309750557,0.0752954259514808,0.08122320473194122,0.0684865787625312,0.0816168040037155
165,0,0,0,0.0,0.0126209631562232,0.01025905180722475,0.0110257025808095,0.009690756909549236,0.009788142517209,0.0078275948762893
166,3,1,1,1.0,0.964646339416504,0.9655940532684326,0.9499599933624268,0.9442147016525269,0.9460400938987732,0.934046745300293
167,2,1,1,1.0,0.9966059923171996,0.9948042035102844,0.996558666229248,0.9934521913528442,0.9976257085800172,0.9946762919425964
168,2,0,0,0.0,0.0123159596696496,0.009819245897233486,0.0083550484851002,0.007645801175385714,0.012911713682115,0.0098808743059635
169,4,0,0,0.0,0.2512229979038238,0.24221214652061462,0.2287652641534805,0.23271042108535767,0.2401142865419387,0.2221156954765319
170,1,0,0,0.0,0.4529789984226227,0.5402100086212158,0.4565483927726745,0.5134947299957275,0.3639373481273651,0.5051296353340149
171,0,0,0,0.0,0.2041392922401428,0.22774507105350494,0.2714470028877258,0.23895949125289917,0.2082149684429168,0.2066510468721389
172,3,0,0,0.0,0.020346600562334,0.014046872965991497,0.0146029591560363,0.009923853911459446,0.0222646091133356,0.0120684746652841
173,2,1,1,1.0,0.9919223189353944,0.9909022450447083,0.9867928624153136,0.9859931468963623,0.9884958267211914,0.9804506897926332
174,0,0,0,0.0,0.3582660853862762,0.34675562381744385,0.1843781471252441,0.15866783261299133,0.2993727624416351,0.2725611627101898
175,0,0,0,0.3333333333333333,0.3565074205398559,0.2873539626598358,0.3811246454715729,0.28563618659973145,0.3409786224365234,0.2950499057769775
176,4,0,0,0.0,0.0911655277013778,0.0877484381198883,0.0827899724245071,0.0867152214050293,0.0817368701100349,0.0850794091820716
177,0,0,0,0.0,0.0086248833686113,0.006428362336009741,0.0087845055386424,0.007103721145540476,0.0068083736114203,0.0055490117520093
178,0,0,1,1.0,0.9786375761032104,0.9812489151954651,0.9917056560516356,0.9905784726142883,0.9750507473945618,0.97530859708786
179,4,0,0,0.0,0.0774340629577636,0.08191391825675964,0.0960678234696388,0.09212575107812881,0.0726396143436431,0.0771059244871139
180,3,0,0,0.0,0.1107499450445175,0.13741277158260345,0.1238336786627769,0.13341103494167328,0.1154523789882659,0.1588312089443206
181,3,0,0,0.0,0.0298895463347435,0.01902773790061474,0.0137093914672732,0.008486264385282993,0.0386267527937889,0.0145907737314701
182,4,0,0,0.0,0.1162218376994133,0.11901812255382538,0.1558507829904556,0.1530151516199112,0.1396100223064422,0.1364831328392028
183,2,0,1,1.0,0.9824793338775636,0.9816214442253113,0.9831557273864746,0.979098916053772,0.9624911546707152,0.9686866998672484
184,4,1,1,1.0,0.978246569633484,0.9748523235321045,0.9672647714614868,0.965087890625,0.979068398475647,0.9737138152122498
185,4,1,1,1.0,0.8489558100700378,0.9023428559303284,0.8496487736701965,0.8500959873199463,0.8814175724983215,0.884361982345581
186,4,0,0,0.0,0.3919244408607483,0.3989386260509491,0.3629662990570068,0.3658677935600281,0.4146368205547333,0.3850866556167602
187,1,1,1,1.0,0.648525059223175,0.727840781211853,0.6618632674217224,0.7569485306739807,0.6569259166717529,0.7137723565101624
188,4,1,0,0.0,0.2260585129261016,0.2381732165813446,0.2303377836942672,0.24630403518676758,0.2537038326263428,0.234833687543869
189,3,0,0,0.0,0.0555874407291412,0.056050483137369156,0.0575061365962028,0.07404402643442154,0.0560837313532829,0.0672662258148193
190,4,0,0,0.0,0.0705674067139625,0.0673651397228241,0.0761641561985015,0.08417834341526031,0.075792372226715,0.0755710750818252
191,3,1,1,1.0,0.9011855125427246,0.9230718612670898,0.910426676273346,0.9156874418258667,0.8880842328071594,0.9227252006530762
192,3,0,0,0.0,0.1244301199913024,0.1447460651397705,0.1346586346626281,0.12464392185211182,0.1256523132324218,0.1369214355945587
193,1,1,0,0.3333333333333333,0.5812162160873413,0.6485734581947327,0.596177339553833,0.6849003434181213,0.6207590103149414,0.6755454540252686
194,1,1,1,1.0,0.988247275352478,0.986522376537323,0.9814562797546388,0.9800631403923035,0.9874173998832704,0.9830771684646606
195,2,1,1,1.0,0.9916976094245912,0.9921225309371948,0.993153989315033,0.985442042350769,0.9949989914894104,0.9896276593208312
196,3,1,1,1.0,0.9873729348182678,0.9873029589653015,0.9895474910736084,0.9911900758743286,0.9918996095657348,0.9816239476203918
197,1,0,0,0.0,0.0909206047654151,0.08920244127511978,0.0679225400090217,0.07572665810585022,0.086626797914505,0.0840472877025604
198,3,0,0,0.0,0.0628836527466774,0.05433906987309456,0.064632624387741,0.07380614429712296,0.0650192201137542,0.0743974596261978
199,2,1,1,1.0,0.6940624713897705,0.702277660369873,0.7587158679962158,0.7606281042098999,0.7148889303207397,0.7203343510627747
200,3,0,1,1.0,0.8536580801010132,0.8637382388114929,0.8340794444084167,0.861412525177002,0.8391150832176208,0.8401921987533569
201,3,0,0,0.0,0.0801168233156204,0.07781562209129333,0.0944854170083999,0.10303837060928345,0.0819859132170677,0.082306258380413
202,2,0,0,0.0,0.0141391074284911,0.008909153752028942,0.0055299550294876,0.005954864900559187,0.009786332026124,0.0063257818110287
203,3,0,0,0.0,0.0599582940340042,0.05757243186235428,0.0598273836076259,0.06371542811393738,0.0639725551009178,0.0674937665462493
204,0,0,0,0.0,0.069575086236,0.0716521292924881,0.0848023891448974,0.08189663290977478,0.0750940516591072,0.0769377946853637
205,2,1,0,0.0,0.084180012345314,0.08616699278354645,0.0907743200659751,0.09986793994903564,0.0808021798729896,0.0889283567667007
206,2,0,0,0.0,0.1970635056495666,0.3210839629173279,0.2044394761323928,0.18727171421051025,0.2570340633392334,0.2982975840568542
207,4,0,0,0.0,0.0852493718266487,0.10784085094928741,0.0917912200093269,0.11930029094219208,0.0982810705900192,0.1322960704565048
208,0,1,0,0.0,0.0115030361339449,0.03185019642114639,0.008809370920062,0.05442945659160614,0.0072586508467793,0.0335238873958587
209,2,1,1,1.0,0.7321212887763977,0.7209370136260986,0.7533910274505615,0.7392805814743042,0.735539972782135,0.7412608861923218
210,3,1,0,0.0,0.3541579842567444,0.3706943988800049,0.3736351132392883,0.341744065284729,0.3660999834537506,0.3566844761371612
211,3,0,0,0.0,0.0606942400336265,0.08071647584438324,0.0629672110080719,0.09586120396852493,0.0656683295965194,0.1008123606443405
212,4,1,1,1.0,0.7886645793914795,0.7686275243759155,0.7637537121772766,0.8159300684928894,0.769513726234436,0.7980611324310303
213,1,0,0,0.0,0.0849956944584846,0.0927777960896492,0.0684753879904747,0.08301866054534912,0.0831110030412674,0.0888135358691215
214,1,0,0,0.0,0.1202062591910362,0.11389300227165222,0.1819482743740081,0.1556837260723114,0.1207116246223449,0.1189732551574707
215,3,0,0,0.0,0.0761572644114494,0.07702845335006714,0.0783600732684135,0.07647871971130371,0.078501209616661,0.0863007754087448
216,3,1,1,1.0,0.9978280067443848,0.9959707260131836,0.9962414503097534,0.9961913228034973,0.9984091520309448,0.996658205986023
217,4,1,0,0.3333333333333333,0.4531139731407165,0.48719561100006104,0.427836000919342,0.48310837149620056,0.4736741185188293,0.5304548740386963
218,2,0,0,0.0,0.0837659388780593,0.08568365126848221,0.09939856082201,0.09529004991054535,0.0954141095280647,0.1020766943693161
219,1,1,1,1.0,0.9860157370567322,0.9876560568809509,0.989673674106598,0.988712728023529,0.9857407212257384,0.9893070459365844
220,2,0,0,0.0,0.0828409641981124,0.08838268369436264,0.0931535810232162,0.07039009034633636,0.0877278447151184,0.0860264301300048
221,3,1,0,0.0,0.0810484364628791,0.07987747341394424,0.0843111276626586,0.08293706923723221,0.0835824012756347,0.0819970220327377
222,1,0,0,0.0,0.1171380579471588,0.11475169658660889,0.1278059184551239,0.1276940256357193,0.115389198064804,0.1195768564939498
223,4,0,0,0.0,0.0657521858811378,0.0583593025803566,0.0747918114066124,0.08422970771789551,0.0732824429869651,0.0716639682650566
224,2,0,0,0.0,0.0741049647331237,0.07513532042503357,0.0642781555652618,0.06094149127602577,0.066738948225975,0.0790414661169052
225,1,1,0,0.0,0.334214448928833,0.33609625697135925,0.3474132120609283,0.3647042512893677,0.3112574219703674,0.3559666275978088
226,4,0,0,0.0,0.0889110788702964,0.0893944501876831,0.0926909446716308,0.10794780403375626,0.0851131156086921,0.0939819514751434
227,2,1,0,0.0,0.090792566537857,0.0854075700044632,0.0999084711074829,0.10937788337469101,0.0930319800972938,0.0957177504897117
228,3,0,0,0.0,0.0751232579350471,0.07442159205675125,0.0777441412210464,0.07497871667146683,0.0776253044605255,0.0784587040543556
229,2,0,0,0.0,0.1096226274967193,0.10147219151258469,0.1183212995529174,0.10884004831314087,0.0910241454839706,0.1016561686992645
230,2,0,0,0.0,0.0131496042013168,0.010094585828483105,0.0093957418575882,0.00957973301410675,0.0116333160549402,0.0111159849911928
231,2,1,1,1.0,0.9669958353042604,0.9605830311775208,0.981131374835968,0.9825946092605591,0.964601993560791,0.9517228007316588
232,3,0,0,0.0,0.0730716362595558,0.07281345874071121,0.0799694955348968,0.0807025134563446,0.0766210108995437,0.0803927630186081
233,2,0,0,0.0,0.0702080130577087,0.06755775958299637,0.0891394615173339,0.08850395679473877,0.0825463086366653,0.079989343881607
234,3,1,1,0.6666666666666666,0.7441143989562988,0.7176712155342102,0.8092676401138306,0.7601996660232544,0.7177677750587463,0.687850832939148
235,4,0,0,0.0,0.088167481124401,0.0914168432354927,0.1024661660194397,0.1001090481877327,0.0869287401437759,0.091308020055294
236,0,0,1,1.0,0.6053261160850525,0.6365270614624023,0.6085771322250366,0.6041015982627869,0.6026846766471863,0.6173762083053589
237,3,0,0,0.0,0.0691790282726287,0.07411353290081024,0.0613908618688583,0.07636798918247223,0.0691288486123085,0.0806409046053886
238,4,1,1,1.0,0.9865172505378724,0.9800096750259399,0.9793841242790222,0.9659586548805237,0.9866236448287964,0.9698290824890136
239,0,0,0,0.0,0.1274712681770324,0.12326426059007645,0.1234418973326683,0.1279284656047821,0.1085235252976417,0.1160416826605796
240,4,0,0,0.0,0.088008239865303,0.0843636691570282,0.10115347802639,0.09861738979816437,0.0884858220815658,0.0893016159534454
241,2,0,0,0.0,0.0309458151459693,0.0494503490626812,0.021699933335185,0.04512111097574234,0.0309215448796749,0.0627111494541168
242,2,1,1,1.0,0.6490970253944397,0.6585137248039246,0.6511749029159546,0.6547514200210571,0.6656644940376282,0.6846511363983154
243,3,0,0,0.0,0.0875485986471176,0.10287599265575409,0.0957745388150215,0.09615281969308853,0.0893027931451797,0.1071447283029556
244,4,0,0,0.0,0.3933083117008209,0.41760551929473877,0.2259204387664795,0.13033336400985718,0.3073095977306366,0.3159571588039398
245,2,0,0,0.0,0.0218094754964113,0.053630344569683075,0.0099313240498304,0.04645407944917679,0.0089547606185078,0.0318360403180122
246,4,0,1,1.0,0.5276168584823608,0.5469426512718201,0.5365822315216064,0.5173736214637756,0.6225515007972717,0.6672769784927368
247,1,0,0,0.3333333333333333,0.5895817279815674,0.6311364769935608,0.6135335564613342,0.6640480756759644,0.6269826292991638,0.6440601348876953
248,1,1,1,1.0,0.8547095656394958,0.87497878074646,0.864991307258606,0.8808158040046692,0.8409075736999512,0.8622487783432007
249,1,1,0,0.0,0.3448970019817352,0.3263632655143738,0.3561133444309234,0.3538895547389984,0.3303834795951843,0.331984281539917
250,0,0,0,0.0,0.0483207777142524,0.038150135427713394,0.036924198269844,0.07416956126689911,0.0400047302246093,0.0522461161017417
251,2,0,0,0.0,0.07165989279747,0.07861542701721191,0.0757534205913543,0.08325962722301483,0.0682784169912338,0.0791423618793487
252,0,0,0,0.0,0.0688323229551315,0.07394072413444519,0.0404050722718238,0.08254300802946091,0.0671854838728904,0.1093923598527908
253,3,0,0,0.0,0.1856552809476852,0.18056952953338623,0.2280036062002182,0.20505209267139435,0.1873880922794342,0.1823701560497284
254,4,0,0,0.0,0.0449947118759155,0.02894408442080021,0.0625862851738929,0.03255265951156616,0.0451078005135059,0.0249806698411703
255,4,0,0,0.3333333333333333,0.5318821668624878,0.3614933490753174,0.6015023589134216,0.3492651879787445,0.5216150283813477,0.3360249400138855
256,4,1,1,1.0,0.6278836131095886,0.6756525039672852,0.6829798221588135,0.6752303838729858,0.5772095918655396,0.640665590763092
257,3,1,1,1.0,0.9539464712142944,0.9608489871025085,0.9609081745147704,0.9654005169868469,0.938908576965332,0.9582908153533936
258,1,1,1,1.0,0.9954847693443298,0.9939225912094116,0.995391011238098,0.9921190738677979,0.9979444146156312,0.9962203502655028
259,4,1,1,1.0,0.9616551399230956,0.9737577438354492,0.9756275415420532,0.9808285236358643,0.967543601989746,0.9719833135604858
260,4,1,1,1.0,0.9463573098182678,0.9245020151138306,0.9405445456504822,0.9182533025741577,0.9192194938659668,0.8887426257133484
261,3,0,0,0.0,0.0701970905065536,0.06980354338884354,0.0835206061601638,0.0745716392993927,0.0747406333684921,0.0764772295951843
262,4,1,0,0.3333333333333333,0.4860470592975616,0.6566808223724365,0.212178498506546,0.5039771199226379,0.4141634702682495,0.5894421339035034
263,2,0,0,0.0,0.3337180614471435,0.282647967338562,0.3511360585689544,0.3086149990558624,0.3146357536315918,0.294279545545578
264,1,0,0,0.0,0.1257957220077514,0.12273380160331726,0.1131217181682586,0.10507366061210632,0.1311022341251373,0.1410642117261886
265,1,0,1,1.0,0.7344416379928589,0.7325785160064697,0.8203740119934082,0.8101236820220947,0.7482801675796509,0.7448996305465698
266,2,0,0,0.0,0.0792119055986404,0.07908959686756134,0.0887868478894233,0.08658431470394135,0.0822140648961067,0.0844148993492126
267,3,0,0,0.0,0.0237877443432807,0.014122014865279198,0.0218774452805519,0.01270289532840252,0.0197818242013454,0.0054416954517364
268,1,1,0,0.0,0.0621326565742492,0.07670405507087708,0.0562533773481845,0.0625528022646904,0.062563344836235,0.0732752084732055
269,4,1,1,1.0,0.9674323201179504,0.9519597291946411,0.9745543003082277,0.9646098613739014,0.9652141332626344,0.9264764189720154
270,2,1,1,1.0,0.9841700792312622,0.9762582182884216,0.9876102209091188,0.9886922240257263,0.97445809841156,0.9620262384414672
271,1,0,0,0.0,0.2189759910106659,0.205940842628479,0.2338320165872573,0.1868424415588379,0.233924850821495,0.2162951678037643
272,4,1,0,0.0,0.0477679930627346,0.032728709280490875,0.0425681248307228,0.041594248265028,0.0484898015856742,0.0428088828921318
273,2,1,1,1.0,0.9852291345596312,0.9757553339004517,0.9821465015411376,0.9764695167541504,0.9794557094573976,0.966637372970581
274,0,0,0,0.3333333333333333,0.347549557685852,0.34926682710647583,0.3542675673961639,0.39138829708099365,0.3366987705230713,0.3368118405342102
275,3,1,1,1.0,0.7304733991622925,0.7359350323677063,0.7628993988037109,0.7741340398788452,0.7414381504058838,0.7360885143280029
276,4,1,1,1.0,0.9720178842544556,0.9706531763076782,0.9800097942352296,0.9794124364852905,0.9685963988304138,0.9607542157173156
277,1,0,0,0.3333333333333333,0.4595163464546203,0.5072112083435059,0.5471002459526062,0.5944242477416992,0.539017915725708,0.5747745037078857
278,2,0,0,0.0,0.0739984661340713,0.061308056116104126,0.0501410029828548,0.030765797942876816,0.0702124312520027,0.0632669180631637
279,1,0,0,0.0,0.0154265211895108,0.004647095687687397,0.0071966424584388,0.002954465337097645,0.0124895926564931,0.0035145443398505
280,2,1,0,0.3333333333333333,0.5534214973449707,0.4357202649116516,0.5730334520339966,0.3703111708164215,0.5743644833564758,0.4474875330924988
281,3,0,0,0.0,0.0500473156571388,0.045196980237960815,0.0630838945508003,0.05653970688581467,0.0613391622900962,0.0552691109478473
282,1,0,0,0.0,0.0616483986377716,0.01869669370353222,0.0673018917441368,0.014494027011096478,0.0630533024668693,0.0143900169059634
283,0,0,0,0.0,0.0875626876950264,0.1000869944691658,0.0917120799422264,0.10064452886581421,0.0839103162288665,0.0910122618079185
284,0,1,0,0.0,0.0890409126877784,0.09805888682603836,0.0945340096950531,0.10609643161296844,0.0875522121787071,0.0903023779392242
285,2,0,0,0.0,0.3512440621852875,0.31564560532569885,0.2645273506641388,0.2690865397453308,0.3620891571044922,0.3546662926673889
286,0,0,0,0.0,0.0808492377400398,0.08739368617534637,0.0890762358903884,0.09345477819442749,0.0860646665096283,0.0888567119836807
287,0,1,0,0.0,0.0787627696990966,0.08565343171358109,0.0872741937637329,0.09468518942594528,0.0846979618072509,0.0875683277845382
288,0,0,0,0.0,0.0808412656188011,0.08747728168964386,0.0871890485286712,0.09253674745559692,0.0804000347852706,0.0833630636334419
289,1,1,0,0.0,0.1021557822823524,0.0944385752081871,0.1140883192420005,0.10972748696804047,0.1006777435541153,0.09965580701828
290,1,1,1,1.0,0.6672494411468506,0.6916606426239014,0.6561896800994873,0.696607232093811,0.6914003491401672,0.6912669539451599
291,0,1,1,1.0,0.9750525951385498,0.9726492762565613,0.97159743309021,0.9797900915145874,0.972682237625122,0.9704792499542236
292,4,1,1,1.0,0.9861725568771362,0.9887436628341675,0.989588737487793,0.9892805814743042,0.9913855195045472,0.9907976388931274
293,2,0,0,0.0,0.1764216721057891,0.2082175463438034,0.2207472473382949,0.22825241088867188,0.2781325578689575,0.2925980687141418
294,0,0,1,0.6666666666666666,0.5355502367019653,0.6015958786010742,0.5140126347541809,0.5634552240371704,0.5078700184822083,0.585762619972229
295,2,0,0,0.0,0.0754327997565269,0.08365949988365173,0.074052445590496,0.08608318120241165,0.0679080858826637,0.079803928732872
296,4,0,0,0.0,0.2326661497354507,0.2628310024738312,0.2358481884002685,0.22240126132965088,0.244805634021759,0.2424393892288208
297,2,0,0,0.0,0.0816857367753982,0.0802675411105156,0.0870050340890884,0.08917417377233505,0.0771975815296173,0.0825208574533462
298,4,0,1,1.0,0.9710733890533448,0.9734163284301758,0.9634338617324828,0.9775897860527039,0.9718675017356871,0.9741851687431335
299,2,1,0,0.0,0.3023717999458313,0.2874263525009155,0.316478431224823,0.34889310598373413,0.2695512175559997,0.2669585049152374
300,3,1,1,1.0,0.946418821811676,0.9254664182662964,0.9672649502754213,0.9322917461395264,0.9400200247764589,0.9098726511001588
301,1,1,1,1.0,0.9044764041900636,0.8417484164237976,0.8931770324707031,0.7748271226882935,0.8985644578933716,0.8092817068099976
302,3,1,0,0.0,0.069826453924179,0.07839027792215347,0.0546327456831932,0.07463759183883667,0.069599837064743,0.0837915688753128
303,4,0,0,0.0,0.0526089407503604,0.03841119259595871,0.0454154983162879,0.03450389206409454,0.0524683184921741,0.0416470728814601
304,4,1,1,1.0,0.9433088302612304,0.9448305368423462,0.9682681560516356,0.9584698677062988,0.9585963487625122,0.9529452919960022
305,0,0,0,0.0,0.08371452242136,0.08804015070199966,0.08449537307024,0.08596405386924744,0.083124041557312,0.0821150690317154
306,1,1,0,0.0,0.1445056200027465,0.1205880418419838,0.1424260884523391,0.12014191597700119,0.1298308372497558,0.1155876293778419
307,0,1,1,1.0,0.9899351000785828,0.9840577840805054,0.9895786046981812,0.9890438914299011,0.988587200641632,0.9865055680274964
308,4,1,1,1.0,0.9825932383537292,0.981513261795044,0.9833661317825316,0.9773301482200623,0.985658586025238,0.9763684272766112
309,1,0,0,0.0,0.0981304496526718,0.11262180656194687,0.1018655970692634,0.11103176325559616,0.1062175184488296,0.1170220971107482
310,1,1,1,1.0,0.9846224784851074,0.9854137897491455,0.985284388065338,0.9862474799156189,0.9797163009643556,0.9791974425315856
311,1,1,1,1.0,0.9811197519302368,0.9835744500160217,0.9845441579818726,0.9852868914604187,0.9751759767532348,0.9874189496040344
312,4,1,1,1.0,0.9646450281143188,0.9427427053451538,0.9418115615844728,0.963079571723938,0.9617424607276917,0.969383716583252
313,2,0,1,1.0,0.9482754468917848,0.960635781288147,0.9439915418624878,0.965835452079773,0.920685052871704,0.9441449046134948
314,0,0,0,0.0,0.0795075520873069,0.08246289193630219,0.0882084667682647,0.09530453383922577,0.0819930583238601,0.0860475897789001
315,0,0,0,0.0,0.0680919587612152,0.0813201516866684,0.0817466527223587,0.0839073434472084,0.0975270643830299,0.0975428521633148
316,1,1,0,0.3333333333333333,0.5855300426483154,0.6254403591156006,0.6061218976974487,0.6604142785072327,0.6178742051124573,0.6467908620834351
317,1,1,1,1.0,0.8904531002044678,0.8139528036117554,0.8921693563461304,0.7774490118026733,0.868083655834198,0.7945862412452698
318,2,0,0,0.0,0.0865004435181617,0.09169837087392807,0.0989047065377235,0.09927554428577423,0.1031971350312233,0.0955443605780601
319,2,1,1,1.0,0.9854063391685486,0.9772909879684448,0.9777765274047852,0.9827951192855835,0.9795262813568116,0.9602152109146118
320,2,1,1,1.0,0.9942055344581604,0.9944272041320801,0.990350604057312,0.9920827150344849,0.9953559637069702,0.9946229457855223
321,2,0,0,0.0,0.0742482021450996,0.07782651484012604,0.0742044225335121,0.06232108175754547,0.0688862949609756,0.079382337629795
322,2,0,0,0.0,0.0782824084162712,0.08020535111427307,0.0881637930870056,0.11000336706638336,0.0770545303821563,0.0845268070697784
323,0,1,1,1.0,0.8888260126113892,0.8811982274055481,0.8956486582756042,0.8999456763267517,0.8754045367240906,0.8630707859992981
324,4,1,1,1.0,0.9767143726348876,0.978694498538971,0.9718060493469238,0.9701000452041626,0.9693917632102966,0.9698542356491088
325,0,0,0,0.0,0.011746528558433,0.012393207289278507,0.0057472535409033,0.010002050548791885,0.0085731986910104,0.0069316527806222
326,4,1,1,1.0,0.9815690517425536,0.983954906463623,0.982790470123291,0.9839736223220825,0.981131672859192,0.979250192642212
327,1,0,0,0.0,0.0599874332547187,0.05112217739224434,0.0691616088151931,0.06412911415100098,0.0641783848404884,0.0578360855579376
328,3,1,1,1.0,0.904710054397583,0.9172500967979431,0.9395948052406312,0.9271499514579773,0.9090945720672609,0.9298192262649536
329,4,1,1,1.0,0.8943322896957397,0.8472411632537842,0.8866929411888123,0.8187820315361023,0.8599949479103088,0.766463041305542
330,2,1,1,1.0,0.9971725940704346,0.995673656463623,0.996835470199585,0.9919379353523254,0.9973077178001404,0.995494544506073
331,3,1,1,0.6666666666666666,0.6724432706832886,0.6909953355789185,0.6615076065063477,0.7181432843208313,0.6727426052093506,0.6991184949874878
332,0,0,0,0.0,0.2738151252269745,0.2800294756889343,0.2868905067443847,0.29539158940315247,0.2762492299079895,0.2741317749023437
333,2,0,0,0.0,0.3475154638290405,0.31836724281311035,0.3760901987552643,0.375211238861084,0.2933211028575897,0.3046151399612427
334,2,0,0,0.0,0.0180875714868307,0.014966457150876522,0.0102911004796624,0.020442724227905273,0.0102398768067359,0.0089294994249939
335,3,1,1,1.0,0.9521000385284424,0.9508673548698425,0.9581137895584106,0.9519325494766235,0.9248453974723816,0.9519646763801576
336,0,0,0,0.0,0.079807624220848,0.08290941268205643,0.0845014676451683,0.07821732759475708,0.0813114121556282,0.0795870125293731
337,0,0,0,0.3333333333333333,0.4619416892528534,0.4846901297569275,0.3960617780685425,0.4654274582862854,0.4461983740329742,0.4920453727245331
338,1,1,1,1.0,0.9946497082710266,0.9934215545654297,0.9949601292610168,0.9920894503593445,0.997766613960266,0.995943009853363
339,3,1,0,0.0,0.0494513288140296,0.04222914204001427,0.0613830089569091,0.06608343869447708,0.0567594952881336,0.0542164593935012
340,3,0,0,0.0,0.3014180660247803,0.3063552975654602,0.315245658159256,0.3035779297351837,0.2893122434616089,0.295558363199234
341,4,1,1,1.0,0.9834305047988892,0.9782055020332336,0.9791660308837892,0.9711382985115051,0.9836077690124512,0.9676606059074402
342,0,1,1,1.0,0.9475913643836976,0.9363097548484802,0.9517557621002196,0.9508453607559204,0.8992632031440735,0.897601306438446
343,3,0,0,0.0,0.1034480333328247,0.10374316573143005,0.1166467815637588,0.11090963333845139,0.1020373180508613,0.1019876152276992
344,0,0,0,0.0,0.1201597228646278,0.12220492959022522,0.122383065521717,0.11847957968711853,0.1061883345246315,0.1072181761264801
345,2,0,0,0.0,0.1054478883743286,0.09843975305557251,0.1145791187882423,0.12367930263280869,0.1141307502985,0.1170102804899215
346,0,1,1,1.0,0.9789778590202332,0.9587218165397644,0.9822792410850524,0.9488708972930908,0.9738054275512696,0.9527546167373656
347,3,1,1,1.0,0.6855380535125732,0.6781795620918274,0.6914241313934326,0.6785569190979004,0.6760020852088928,0.6657466292381287
348,0,1,1,0.6666666666666666,0.5747702121734619,0.635648250579834,0.5587345957756042,0.6630575656890869,0.5666419863700867,0.6414660215377808
349,0,1,1,1.0,0.9574068784713744,0.949158787727356,0.944573163986206,0.9442151188850403,0.938466727733612,0.9541667699813844
350,2,0,0,0.0,0.0621768049895763,0.06597591191530228,0.078499898314476,0.08332373946905136,0.0728617757558822,0.0741209611296653
351,0,0,0,0.0,0.077259749174118,0.08870145678520203,0.0854008197784423,0.08815997838973999,0.07924535125494,0.0805538520216941
352,1,0,0,0.0,0.3574859201908111,0.3463101089000702,0.4837501645088196,0.38017773628234863,0.3683257699012756,0.3633584082126617
353,4,0,0,0.0,0.1090603545308113,0.06453508138656616,0.0902676284313201,0.05612724646925926,0.0957708060741424,0.0736398845911026
354,1,0,0,0.0,0.0274216327816247,0.01186581514775753,0.0404332838952541,0.010139843448996544,0.0324696153402328,0.0114028211683034
355,4,0,0,0.0,0.0839353650808334,0.08031006902456284,0.0842530727386474,0.08768897503614426,0.0810827389359474,0.0815015509724617
356,2,0,0,0.0,0.0907151848077774,0.08555372059345245,0.1053138822317123,0.08723607659339905,0.0862975195050239,0.096066303551197
357,3,1,1,1.0,0.9952822327613832,0.9964752197265625,0.995993435382843,0.9973567724227905,0.9972952604293824,0.9953665733337402
358,0,0,1,1.0,0.8580288290977478,0.842166543006897,0.852848470211029,0.8565441966056824,0.8382878303527832,0.826846182346344
359,1,1,1,0.6666666666666666,0.7211093902587891,0.7376886606216431,0.806525468826294,0.814656138420105,0.741298496723175,0.7427431344985962
360,1,1,1,0.6666666666666666,0.7211093902587891,0.7376886606216431,0.806525468826294,0.814656138420105,0.741298496723175,0.7427431344985962
361,2,0,0,0.0,0.0135473133996129,0.009952234104275703,0.0079902987927198,0.012482276186347008,0.0117640439420938,0.0068179261870682
362,2,0,0,0.0,0.096620887517929,0.09441269934177399,0.1039074510335922,0.10866940021514893,0.1102999895811081,0.1196558326482772
363,0,0,0,0.0,0.0252126697450876,0.049962762743234634,0.013083073310554,0.04930367320775986,0.0196992382407188,0.0477578081190586
364,0,0,0,0.0,0.0762094557285308,0.07670464366674423,0.0865616872906684,0.087130606174469,0.0881734490394592,0.0918434262275695
365,1,0,0,0.0,0.0702181756496429,0.08255366235971451,0.0507627055048942,0.06008050590753555,0.0775641351938247,0.0752863138914108
366,0,0,0,0.0,0.0888952240347862,0.0900818258523941,0.0916264280676841,0.09603763371706009,0.1015451699495315,0.10027477145195
367,3,1,1,1.0,0.945846438407898,0.9559640288352966,0.9773029088974,0.9735244512557983,0.951120138168335,0.9642865657806396
368,1,1,1,0.6666666666666666,0.7108945846557617,0.7348114252090454,0.725513219833374,0.7541431784629822,0.6817735433578491,0.7117875218391418
369,4,1,1,1.0,0.6931168437004089,0.6919059157371521,0.7170694470405579,0.7061513066291809,0.7097790241241455,0.6943401098251343
370,0,1,1,1.0,0.9905004501342772,0.9910245537757874,0.9946437478065492,0.9941037893295288,0.993582546710968,0.9912800788879396
371,3,1,1,1.0,0.5138847231864929,0.5345683097839355,0.4624294936656952,0.45962852239608765,0.5878780484199524,0.6089066863059998
372,0,0,0,0.0,0.0892196595668792,0.09050098061561584,0.0913063660264015,0.09638648480176926,0.0901513919234275,0.0844990164041519
373,0,0,0,0.0,0.0845676660537719,0.09045140445232391,0.0891191065311431,0.09594415128231049,0.0814413204789161,0.0853868499398231
374,1,0,0,0.0,0.3146243691444397,0.315421462059021,0.2808318138122558,0.2862010598182678,0.2914479970932007,0.3280507326126098
375,4,0,0,0.0,0.0516528040170669,0.03817193582653999,0.0382870361208915,0.03837334364652634,0.0498024858534336,0.0428752973675727
376,2,1,1,1.0,0.9790830016136168,0.970142662525177,0.9818238019943236,0.9775345921516418,0.9690322279930116,0.9333338141441344
377,4,1,1,0.6666666666666666,0.5143764019012451,0.5487388372421265,0.5290419459342957,0.5546050071716309,0.5334982872009277,0.565155029296875
378,1,0,0,0.0,0.3630920648574829,0.4082608222961426,0.3319019675254822,0.3583347797393799,0.3733083605766296,0.4195975959300995
379,3,0,0,0.0,0.0795038193464279,0.07514264434576035,0.0738962441682815,0.07289473712444305,0.0874950066208839,0.0794596225023269
380,1,0,0,0.0,0.088082730770111,0.09868685901165009,0.0934049189090728,0.10149350762367249,0.0834774523973465,0.0939132049679756
381,1,1,1,1.0,0.9905778765678406,0.9878183603286743,0.9895547032356262,0.9863022565841675,0.9885809421539308,0.9843846559524536
382,0,1,1,1.0,0.8437849283218384,0.9301469922065735,0.77858567237854,0.9509922862052917,0.81528240442276,0.9333215355873108
383,2,0,0,0.0,0.2396022379398346,0.2197851687669754,0.2864305973052978,0.49127066135406494,0.1684178113937378,0.1706089526414871
384,0,1,1,1.0,0.9802327156066896,0.9601202011108398,0.9850983023643494,0.9625473618507385,0.9815004467964172,0.9281473755836488
385,1,0,0,0.0,0.0833754986524581,0.09050431847572327,0.0706610605120658,0.08419200778007507,0.0836845636367797,0.0865553170442581
386,1,0,0,0.0,0.25943723320961,0.32071012258529663,0.177268698811531,0.266048789024353,0.1896707266569137,0.3045883774757385
387,2,0,0,0.0,0.0405108071863651,0.017511043697595596,0.0271866507828235,0.01674298197031021,0.0450823791325092,0.0215704645961523
388,4,1,1,1.0,0.785657525062561,0.7594113349914551,0.8000748753547668,0.803206205368042,0.761808454990387,0.7702339887619019
389,3,0,0,0.0,0.0711946934461593,0.07056114077568054,0.0785557776689529,0.07674674689769745,0.0743146836757659,0.0803318917751312
390,1,1,1,1.0,0.9021092057228088,0.8987446427345276,0.8955299258232117,0.8795825839042664,0.907142698764801,0.9072301387786864
391,4,1,0,0.0,0.3366265296936035,0.28100621700286865,0.363126277923584,0.34358444809913635,0.3005881607532501,0.3073515892028808
392,3,1,0,0.0,0.068557396531105,0.06960763037204742,0.0753926709294319,0.06915751844644547,0.0663471668958664,0.0636193603277206
393,1,0,0,0.0,0.0648139342665672,0.07462205737829208,0.0716989785432815,0.07395421713590622,0.0714310929179191,0.0760247930884361
394,1,1,1,1.0,0.997152864933014,0.9967150688171387,0.9966016411781312,0.9961272478103638,0.998557984828949,0.9980126619338988
395,0,1,1,1.0,0.8716475963592529,0.9075392484664917,0.8911017775535583,0.9071894884109497,0.8545487523078918,0.9161689281463624
396,1,0,0,0.0,0.0939765125513076,0.09151419997215271,0.0974302664399147,0.08924265205860138,0.0879731774330139,0.0897750928997993
397,3,0,1,0.6666666666666666,0.4984241425991058,0.39317065477371216,0.5063381791114807,0.38516536355018616,0.5104478597640991,0.360440731048584
398,3,0,0,0.0,0.0714347064495086,0.07657933980226517,0.0600992441177368,0.08340021222829819,0.0769995003938674,0.0794311016798019
399,2,0,0,0.0,0.1238731443881988,0.13433034718036652,0.1381711214780807,0.12699134647846222,0.138589933514595,0.1439632773399353
400,0,1,1,1.0,0.9050437211990356,0.9072800874710083,0.9056578874588012,0.9202864766120911,0.8951340317726135,0.9027832746505736
401,1,1,0,0.0,0.0887180417776107,0.08396505564451218,0.0926901698112487,0.08524440228939056,0.097121462225914,0.0867191553115844
402,2,0,0,0.0,0.0772498473525047,0.07858680188655853,0.0702852010726928,0.06853660941123962,0.0748142376542091,0.0804706364870071
403,4,0,0,0.0,0.0807608067989349,0.06414340436458588,0.0959600806236267,0.08935561776161194,0.1346657872200012,0.0819873288273811
404,4,0,0,0.0,0.0774399191141128,0.07335510104894638,0.0748135074973106,0.092169851064682,0.0756861418485641,0.0837919041514396
405,1,0,1,0.6666666666666666,0.6409131288528442,0.3727097511291504,0.6385599374771118,0.38649776577949524,0.654999315738678,0.3779933452606201
406,3,0,0,0.0,0.0629214197397232,0.07057101279497147,0.0608348362147808,0.07375311851501465,0.0633427798748016,0.0754351466894149
407,0,0,0,0.0,0.0627236813306808,0.06561130285263062,0.0823933854699134,0.07879849523305893,0.0688222646713256,0.0705941021442413
408,0,1,1,1.0,0.9866067171096802,0.9781942963600159,0.9757274389266968,0.9648633003234863,0.9832189679145812,0.9736304879188538
409,3,0,0,0.0,0.0679748058319091,0.06915920972824097,0.073840782046318,0.07140088826417923,0.0665768161416053,0.0630051791667938
410,2,0,0,0.0,0.0131496042013168,0.010094585828483105,0.0093957418575882,0.00957973301410675,0.0116333160549402,0.0111159849911928
411,1,0,0,0.0,0.0833754986524581,0.09050431847572327,0.0706610605120658,0.08419200778007507,0.0836845636367797,0.0865553170442581
412,1,0,0,0.0,0.0836318060755729,0.08573111891746521,0.0782428085803985,0.07967662811279297,0.0819728150963783,0.0802921280264854
413,0,1,1,1.0,0.9762405157089232,0.9648362398147583,0.986975908279419,0.9752343893051147,0.9790653586387634,0.9427698850631714
414,2,0,0,0.0,0.0739984661340713,0.061308056116104126,0.0501410029828548,0.030765797942876816,0.0702124312520027,0.0632669180631637
415,1,1,0,0.0,0.085088200867176,0.07777310907840729,0.0873033255338668,0.08287946879863739,0.0946125760674476,0.0834778472781181
416,3,0,1,0.6666666666666666,0.7657880187034607,0.8038138151168823,0.7516559362411499,0.7436568737030029,0.7617931365966797,0.8017622232437134
417,0,1,1,1.0,0.8421549201011658,0.8801181316375732,0.8613101243972778,0.8935642242431641,0.8261874914169312,0.8823168873786926
418,3,1,1,1.0,0.8965075016021729,0.9040156602859497,0.8678234815597534,0.9083276987075806,0.8727269172668457,0.8724609613418579
419,2,0,0,0.0,0.1149378269910812,0.12671706080436707,0.169574350118637,0.3057759404182434,0.1159325987100601,0.121022492647171
420,1,0,0,0.0,0.069492757320404,0.027145422995090485,0.0431254431605339,0.022925695404410362,0.0650531500577926,0.0173113122582435
421,1,0,0,0.0,0.0984248518943786,0.09314536303281784,0.0948949381709098,0.09541400521993637,0.0958492755889892,0.0931161642074585
422,4,0,0,0.0,0.0974049717187881,0.09501995146274567,0.0984519943594932,0.1060604602098465,0.0874180644750595,0.0935035943984985
423,3,0,0,0.0,0.0737813487648963,0.07245223224163055,0.0807716250419616,0.07869143784046173,0.0767384991049766,0.0796428173780441
424,4,0,0,0.3333333333333333,0.5800464153289795,0.4251595437526703,0.6218444108963013,0.4094073176383972,0.5245746374130249,0.3567914962768554
425,3,0,0,0.0,0.0376350060105323,0.027122698724269867,0.0481293685734272,0.032930225133895874,0.0344646275043487,0.0155133474618196
426,0,0,0,0.0,0.0895398557186126,0.09254804253578186,0.0914540588855743,0.09962151944637299,0.1006620153784751,0.0988695845007896
427,0,1,1,1.0,0.8569719791412354,0.8800451755523682,0.8802322149276733,0.9126074910163879,0.8488227725028992,0.8852563500404358
428,3,1,1,1.0,0.8474597334861755,0.8679013848304749,0.8318036198616028,0.8601932525634766,0.8424568772315979,0.8393930792808533
429,3,0,0,0.0,0.0701970905065536,0.06980354338884354,0.0835206061601638,0.0745716392993927,0.0747406333684921,0.0764772295951843
430,0,1,0,0.0,0.1169923990964889,0.1198965311050415,0.1090053766965866,0.11666630208492279,0.1134987324476242,0.1417424976825714
431,1,1,0,0.0,0.3783231079578399,0.37163782119750977,0.3349182307720184,0.3323688209056854,0.3747812211513519,0.3770846128463745
432,4,1,0,0.3333333333333333,0.5844460725784302,0.4336555302143097,0.5655925273895264,0.37826985120773315,0.5573427677154541,0.4171334207057953
433,4,1,1,1.0,0.8403186798095703,0.867106556892395,0.8427348136901855,0.8852028846740723,0.8151388764381409,0.8494397401809692
434,0,0,0,0.0,0.3707738220691681,0.3480846583843231,0.1712829172611236,0.15050071477890015,0.3012407124042511,0.2683905065059662
435,3,0,0,0.3333333333333333,0.5047120451927185,0.46915751695632935,0.5291156768798828,0.4905088543891907,0.5490472316741943,0.50726717710495
436,0,1,1,1.0,0.9874462485313416,0.9829217195510864,0.9863379001617432,0.9674184918403625,0.9884079694747924,0.9688910245895386
437,4,0,0,0.0,0.0250230617821216,0.009847338311374187,0.020368006080389,0.0143971536308527,0.025620786473155,0.0110172536224126
438,4,1,1,1.0,0.9509037137031556,0.9448853135108948,0.783856987953186,0.8606084585189819,0.9206512570381165,0.9149985909461976
439,1,0,0,0.0,0.2242296785116195,0.2787550985813141,0.2599492073059082,0.3206389248371124,0.1991564184427261,0.2300636619329452
440,2,0,0,0.0,0.0844773650169372,0.08488138765096664,0.0926984995603561,0.07370954006910324,0.0849868580698967,0.0890199169516563
441,0,1,1,1.0,0.8334931135177612,0.8564110994338989,0.838769793510437,0.8752767443656921,0.8254298567771912,0.8482301235198975
442,3,0,0,0.0,0.0747400820255279,0.07812565565109253,0.0790126249194145,0.07533524930477142,0.0720236003398895,0.0723118931055069
443,3,0,0,0.0,0.0731818526983261,0.07542121410369873,0.1218418180942535,0.20917415618896484,0.0767634734511375,0.0831108167767524
444,3,1,1,1.0,0.8098835945129395,0.8229996562004089,0.8279672861099243,0.8638780117034912,0.7953639626502991,0.8028677105903625
445,3,1,0,0.0,0.0656841918826103,0.06450071930885315,0.0672637820243835,0.0668594092130661,0.0637238621711731,0.0660489499568939
446,1,1,1,1.0,0.9816278219223022,0.9821706414222717,0.9783890843391418,0.9800052046775818,0.9843424558639526,0.98128342628479
447,1,1,1,1.0,0.9845505952835084,0.9871200323104858,0.9763363599777222,0.975103497505188,0.9854198694229126,0.9879984855651855
448,4,1,0,0.0,0.2734586000442505,0.3131968677043915,0.271253228187561,0.27647969126701355,0.3376069068908691,0.3216946125030517
449,0,1,1,1.0,0.9631022214889526,0.9557567834854126,0.949775218963623,0.9545959234237671,0.9568541049957277,0.9626705646514891
450,0,1,0,0.0,0.2355640828609466,0.257388174533844,0.3017629086971283,0.3139529228210449,0.2316415607929229,0.2424459308385849
451,4,0,0,0.0,0.0681824311614036,0.07625187188386917,0.0949608087539672,0.1090012788772583,0.0881326794624328,0.0993074625730514
452,3,0,0,0.0,0.1264760196208953,0.11804234981536865,0.0863722786307334,0.08781732618808746,0.0927280783653259,0.1170157417654991
453,2,0,0,0.0,0.4083201885223388,0.3798084259033203,0.3811313509941101,0.36751213669776917,0.3888784945011139,0.3675376772880554
454,3,1,0,0.0,0.3881780207157135,0.39349326491355896,0.4224745631217956,0.41935276985168457,0.3973902463912964,0.4047825038433075
455,3,0,0,0.0,0.0694117024540901,0.06935692578554153,0.0663719475269317,0.06383950263261795,0.0719916895031929,0.0717594698071479
456,2,1,0,0.0,0.0742805823683738,0.07591556012630463,0.0805762931704521,0.07597599923610687,0.0719807147979736,0.0811071991920471
457,4,0,0,0.0,0.3604936599731445,0.34393852949142456,0.3592059910297394,0.33921438455581665,0.3643884658813476,0.3252881169319153
458,3,1,1,1.0,0.9710837602615356,0.9783905148506165,0.981908082962036,0.9828311800956726,0.973020613193512,0.9812257289886476
459,3,1,1,0.6666666666666666,0.615016758441925,0.5777662396430969,0.6369744539260864,0.597914457321167,0.6285327672958374,0.5872066617012024
460,3,0,0,0.0,0.0701970905065536,0.06980354338884354,0.0835206061601638,0.0745716392993927,0.0747406333684921,0.0764772295951843
461,2,1,0,0.0,0.3365164697170257,0.31835758686065674,0.3144703507423401,0.2915906310081482,0.3123739659786224,0.3086217939853668
462,0,0,0,0.0,0.0772369801998138,0.07854966819286346,0.0849175378680229,0.0919828712940216,0.0814043954014778,0.0835692957043647
463,1,0,0,0.3333333333333333,0.4131955802440643,0.4025971293449402,0.3657254576683044,0.3599506616592407,0.4254557490348816,0.4101756811141968
464,2,0,0,0.0,0.0863953530788421,0.07889751344919205,0.0933660417795181,0.08632008731365204,0.0960153266787529,0.0955745279788971
465,2,0,0,0.0,0.0719582140445709,0.07208821177482605,0.0616864934563636,0.049158088862895966,0.0768081918358802,0.0808388292789459
466,0,0,0,0.0,0.076015256345272,0.07485326379537582,0.0859551280736923,0.08591368794441223,0.0853966921567916,0.0901721864938736
467,1,0,0,0.0,0.0740294754505157,0.07136556506156921,0.0556843727827072,0.05120159685611725,0.0774244144558906,0.0832173302769661
468,2,0,0,0.0,0.2158633917570114,0.206078439950943,0.2107566446065902,0.17000174522399902,0.1971625834703445,0.1975901126861572
469,4,0,0,0.0,0.0852885320782661,0.08066805452108383,0.0859303250908851,0.08978094160556793,0.0813845545053482,0.0844084545969963
470,0,1,1,1.0,0.9721759557724,0.963540256023407,0.955173671245575,0.9566987156867981,0.9622557163238524,0.9667917490005492
471,2,0,0,0.0,0.07165989279747,0.07861542701721191,0.0757534205913543,0.08325962722301483,0.0682784169912338,0.0791423618793487
472,3,0,0,0.0,0.0586509108543396,0.05185628682374954,0.0654158070683479,0.07255443185567856,0.0635102614760398,0.0656570419669151
473,1,1,1,1.0,0.9730268716812134,0.977021336555481,0.9687633514404296,0.9699130058288574,0.970525085926056,0.965301752090454
474,0,1,1,1.0,0.9454423785209656,0.9474085569381714,0.9743568897247314,0.9727601408958435,0.9571520686149596,0.95224267244339
475,1,0,1,1.0,0.6457351446151733,0.6898117065429688,0.6197980642318726,0.6950372457504272,0.6588221788406372,0.7161689400672913
476,2,0,0,0.0,0.2987263798713684,0.3396552801132202,0.2976506352424621,0.3022872805595398,0.376378446817398,0.380760908126831
477,3,0,0,0.0,0.0629214197397232,0.07057101279497147,0.0608348362147808,0.07375311851501465,0.0633427798748016,0.0754351466894149
478,0,0,0,0.0,0.0824929028749466,0.08274740725755692,0.0849916189908981,0.08545486629009247,0.0843905732035636,0.0787258744239807
479,3,0,0,0.0,0.0664286315441131,0.06669104099273682,0.0714824199676513,0.07105155289173126,0.0658144205808639,0.0622851327061653
480,2,1,1,0.6666666666666666,0.9267069101333618,0.9458757638931274,0.8666800260543823,0.9137580394744873,0.9138871431350708,0.9100624322891236
481,1,0,0,0.0,0.0181326642632484,0.004887602757662535,0.0134767331182956,0.0036952795926481485,0.0177565552294254,0.0041091050952672
482,2,0,0,0.0,0.0664772987365722,0.05913940817117691,0.0461882129311561,0.029878972098231316,0.0618941932916641,0.0556897148489952
483,1,0,0,0.0,0.0663929507136344,0.05897624418139458,0.0718035772442817,0.07440829277038574,0.0703319907188415,0.0679159611463546
484,0,1,0,0.0,0.3870806992053985,0.4814492166042328,0.4891720414161682,0.494177907705307,0.4000067710876465,0.4337388575077057
485,4,1,0,0.3333333333333333,0.4698892831802368,0.5193220973014832,0.4889363646507263,0.47344544529914856,0.5258022546768188,0.5259014964103699
486,4,0,0,0.0,0.028071092441678,0.00972550269216299,0.0198770873248577,0.011957027018070221,0.0298946127295494,0.0094319572672247
487,4,1,1,1.0,0.9771916270256042,0.9852833151817322,0.9859617352485656,0.9846005439758301,0.986169457435608,0.9836935997009276
488,1,0,0,0.0,0.2934622168540954,0.29149365425109863,0.3291370570659637,0.31078580021858215,0.3043627142906189,0.3153896033763885
489,3,0,0,0.0,0.0810520946979522,0.08156128972768784,0.0824885070323944,0.08641672134399414,0.0797567367553711,0.0836054682731628
490,1,1,1,1.0,0.92720764875412,0.9141273498535156,0.9486224055290222,0.9354962706565857,0.912321388721466,0.8993486166000366
491,3,0,0,0.0,0.1264760196208953,0.11804234981536865,0.0863722786307334,0.08781732618808746,0.0927280783653259,0.1170157417654991
492,1,0,0,0.0,0.0949353724718093,0.09628283232450485,0.0921630859375,0.087064728140831,0.0922608971595764,0.0954510793089866
493,3,0,0,0.0,0.2225332260131836,0.2277926355600357,0.2743770182132721,0.25080347061157227,0.221371978521347,0.2259435951709747
494,0,0,0,0.0,0.1927855461835861,0.2054448425769806,0.2552716434001922,0.2225480079650879,0.1837945878505706,0.2033654749393463
495,1,0,0,0.0,0.0939913168549537,0.08499257266521454,0.0808576345443725,0.0706874430179596,0.0917956307530403,0.0797238498926162
496,2,0,0,0.0,0.0204013064503669,0.06542167067527771,0.0101983975619077,0.06650367379188538,0.0083137638866901,0.0390893183648586
497,3,1,1,1.0,0.9194027185440063,0.9230866432189941,0.9632338881492616,0.961009681224823,0.9324079155921936,0.931715726852417
498,4,0,0,0.0,0.0914634466171264,0.0866347923874855,0.1008460521697998,0.1176476925611496,0.0921417027711868,0.0889214351773262
499,0,0,1,1.0,0.9700590372085572,0.9645858407020569,0.9762533903121948,0.9820517897605896,0.9707236289978028,0.9484642744064332
500,4,0,0,0.0,0.0806435942649841,0.07810145616531372,0.0810351893305778,0.08565530180931091,0.0743483826518058,0.0780477076768875
501,2,0,0,0.0,0.0837714150547981,0.05931418389081955,0.0825062990188598,0.057781197130680084,0.0701396986842155,0.0589108429849147
502,3,0,1,1.0,0.6663216352462769,0.664337158203125,0.685994565486908,0.6736193895339966,0.705109715461731,0.6868858337402344
503,1,0,1,1.0,0.7296298146247864,0.7313992381095886,0.7457359433174133,0.8014482259750366,0.7478234171867371,0.7277097702026367
504,1,0,0,0.3333333333333333,0.5334431529045105,0.5873129963874817,0.5729348063468933,0.6524150371551514,0.5987716913223267,0.6233334541320801
505,3,1,1,1.0,0.9978832602500916,0.997734785079956,0.9945099353790284,0.9969752430915833,0.9984793663024902,0.9958701133728028
506,1,0,0,0.3333333333333333,0.3526395559310913,0.37318286299705505,0.3313495814800262,0.37200117111206055,0.3222180306911468,0.3789898753166199
507,4,1,1,1.0,0.9700559973716736,0.9710777401924133,0.9645554423332214,0.9651669263839722,0.9507406949996948,0.944497287273407
508,0,1,0,0.0,0.3031601905822754,0.2714729905128479,0.2616887092590332,0.2733435034751892,0.321665346622467,0.2914062738418579
509,2,0,0,0.0,0.0882811993360519,0.09204162657260895,0.0836434066295623,0.09665890783071518,0.0914129987359047,0.0912442803382873
510,3,1,0,0.0,0.3423030078411102,0.341491162776947,0.4441799819469452,0.4405486285686493,0.2934447526931762,0.3094001412391662
511,2,1,0,0.0,0.0700169503688812,0.07427887618541718,0.0776001065969467,0.07614344358444214,0.0713227242231369,0.0790652185678482
512,4,0,0,0.0,0.0973109677433967,0.08075415343046188,0.1285533010959625,0.11513596028089523,0.1076143831014633,0.1127224043011665
513,4,1,1,0.6666666666666666,0.4833121299743652,0.5187839269638062,0.5147759318351746,0.6307731866836548,0.5268819332122803,0.4906140267848968
514,1,1,1,1.0,0.9624010920524596,0.967957615852356,0.9647197723388672,0.9771247506141663,0.925857424736023,0.9369550943374634
515,3,0,0,0.0,0.064657524228096,0.07169920206069946,0.0698301494121551,0.08134618401527405,0.0676044002175331,0.0907796770334243
516,3,0,0,0.0,0.3765430748462677,0.3819800019264221,0.406733751296997,0.3917258083820343,0.4142531752586365,0.4146738350391388
517,4,1,1,1.0,0.9164563417434692,0.9096161127090454,0.9351695775985718,0.9383641481399536,0.9015772938728333,0.9046491384506226
518,4,0,0,0.0,0.1191120520234108,0.10224071145057678,0.1328702121973037,0.1286991983652115,0.1423579901456833,0.1359923183917999
519,0,1,1,1.0,0.8459382057189941,0.8625168800354004,0.86063551902771,0.891800045967102,0.8266302347183228,0.8556289672851562
520,4,0,0,0.0,0.0759088844060897,0.07308784127235413,0.0785058066248893,0.08601847290992737,0.0785811394453048,0.0792826265096664
521,4,1,1,1.0,0.9774080514907836,0.9803253412246704,0.9767462015151978,0.9829888939857483,0.979777455329895,0.9811395406723022
522,2,0,0,0.0,0.0782132595777511,0.08048813045024872,0.0752815753221511,0.080052949488163,0.0691218972206115,0.0771941617131233
523,1,0,0,0.0,0.0874830782413482,0.09322775155305862,0.0756618380546569,0.08041771501302719,0.0910615772008895,0.0894705951213836
524,0,1,1,1.0,0.9957711100578308,0.9938967227935791,0.9953520894050598,0.9928306937217712,0.9953086376190186,0.9919977188110352
525,3,0,0,0.0,0.0693143606185913,0.06847059726715088,0.0740185901522636,0.0855313166975975,0.0704158842563629,0.072815790772438
526,2,0,0,0.0,0.0563639029860496,0.05717587471008301,0.0644280537962913,0.061331599950790405,0.0642212256789207,0.0679360851645469
527,4,1,1,0.6666666666666666,0.3988345563411712,0.37877172231674194,0.4860995709896087,0.591694712638855,0.4104328155517578,0.4746764898300171
528,4,0,0,0.0,0.3695780634880066,0.4000476896762848,0.3861149251461029,0.39909934997558594,0.3677746653556824,0.3925305604934692
529,1,0,0,0.0,0.0674732699990272,0.06875746697187424,0.0744829177856445,0.07626518607139587,0.0745705068111419,0.0759085342288017
530,1,0,0,0.0,0.1012715324759483,0.10815195739269257,0.1010577529668808,0.1046617180109024,0.0934986770153045,0.1015729829668998
531,3,1,1,1.0,0.9963860511779784,0.9964669942855835,0.9919718503952026,0.9903242588043213,0.99565327167511,0.995353937149048
532,4,0,0,0.0,0.085728034377098,0.08091078698635101,0.0858700349926948,0.09010078012943268,0.0809873789548873,0.0822046101093292
533,2,0,0,0.0,0.0833315178751945,0.0641070082783699,0.0732283219695091,0.056052498519420624,0.0826929360628128,0.0586109161376953
534,4,1,1,1.0,0.9140143394470216,0.9254802465438843,0.901692032814026,0.9069758653640747,0.8833914399147034,0.8873408436775208
535,3,0,0,0.3333333333333333,0.5140942335128784,0.49255824089050293,0.4941494464874267,0.4770679175853729,0.5239310264587402,0.514079213142395
536,0,1,1,1.0,0.9264524579048156,0.9244922399520874,0.9007790088653564,0.9396718740463257,0.907019317150116,0.9264293313026428
537,4,0,1,1.0,0.5702990293502808,0.5586141347885132,0.5425001382827759,0.512622058391571,0.5895358324050903,0.5692577362060547
538,3,1,1,1.0,0.945398211479187,0.9283168911933899,0.9221696853637696,0.9419420957565308,0.9102787971496582,0.90518057346344
539,3,0,0,0.0,0.0629434138536453,0.06384677439928055,0.0581364929676055,0.07067805528640747,0.0586002804338932,0.0625241696834564
540,0,1,1,1.0,0.9874559044837952,0.9865366816520691,0.9926965236663818,0.9902250170707703,0.9866334795951844,0.9829641580581664
541,3,1,1,1.0,0.9410997033119202,0.8995645642280579,0.9621177315711976,0.9091373682022095,0.9363104701042176,0.8645361661911011
542,3,0,0,0.0,0.03002212010324,0.01678302139043808,0.0166976526379585,0.012822511605918407,0.0470778383314609,0.0166018549352884
543,3,0,0,0.0,0.0298750307410955,0.016879741102457047,0.0159883219748735,0.012413819320499897,0.0472795292735099,0.0169120132923126
544,3,1,0,0.0,0.0831830948591232,0.08599931001663208,0.0815600976347923,0.07859298586845398,0.0618534088134765,0.0864841863512992
545,2,0,0,0.0,0.2534974217414856,0.2694258689880371,0.3037332594394684,0.35201603174209595,0.1957201957702636,0.261149525642395
546,3,0,0,0.0,0.1610792577266693,0.15881145000457764,0.1791790425777435,0.1610056310892105,0.1487973928451538,0.1386769711971283
547,2,1,1,1.0,0.9582355618476868,0.9673970937728882,0.9545803666114808,0.9755229949951172,0.9381928443908693,0.9631926417350768
548,2,1,0,0.0,0.1012753993272781,0.09545295685529709,0.0971841961145401,0.09944507479667664,0.1116145849227905,0.1107928603887558
549,3,0,0,0.0,0.0588529631495475,0.059296149760484695,0.0746761262416839,0.07632168382406235,0.0627930164337158,0.069177508354187
550,0,1,1,1.0,0.8977760076522827,0.8933266401290894,0.8921626210212708,0.9053965210914612,0.8756007552146912,0.868938684463501
551,0,1,0,0.3333333333333333,0.3815009593963623,0.3395676016807556,0.3528463244438171,0.3312331736087799,0.3123574554920196,0.3056046962738037
552,3,0,0,0.0,0.0743550062179565,0.07697310298681259,0.0626530051231384,0.07744394242763519,0.0813680812716484,0.0800147056579589
553,1,0,0,0.0,0.0890175104141235,0.08941958844661713,0.0859836488962173,0.08487823605537415,0.0876126140356063,0.0860601365566253
554,3,1,0,0.0,0.0717667788267135,0.07370981574058533,0.0774482786655426,0.07625306397676468,0.0756279081106185,0.0721309185028076
555,4,1,1,0.6666666666666666,0.5206104516983032,0.5602123141288757,0.5294169783592224,0.581240177154541,0.5234401226043701,0.5710563063621521
556,1,0,0,0.0,0.2520788908004761,0.2422107309103012,0.2424809634685516,0.20748725533485413,0.2595271170139313,0.2361083477735519
557,2,1,1,1.0,0.9461852312088012,0.9593873023986816,0.9670314192771912,0.9647119045257568,0.9437193870544434,0.9427444934844972
558,3,0,0,0.0,0.3382019400596618,0.3452845811843872,0.3379153907299042,0.43732473254203796,0.2732570171356201,0.3246712982654571
559,0,1,1,1.0,0.9953997135162354,0.9926323294639587,0.9935033917427064,0.9918718338012695,0.9933000802993774,0.9908781051635742
560,2,1,1,1.0,0.5020967125892639,0.569250226020813,0.5125932693481445,0.593051016330719,0.5242878198623657,0.6501146554946899
561,4,0,0,0.0,0.083860844373703,0.0809045284986496,0.0868877470493316,0.09126028418540955,0.0815497711300849,0.0844882130622863
562,4,0,0,0.0,0.0698509886860847,0.06407071650028229,0.0752258226275444,0.0816355049610138,0.0749201029539108,0.0742451623082161
563,2,0,0,0.0,0.1140230521559715,0.10737918317317963,0.125173270702362,0.13226188719272614,0.1108183562755584,0.1177004650235176
564,1,0,0,0.0,0.0826277062296867,0.08928687125444412,0.0742515698075294,0.08059966564178467,0.0879301652312278,0.0973326414823532
565,4,0,0,0.3333333333333333,0.5876240134239197,0.6121116876602173,0.5471487045288086,0.5825071930885315,0.5972195267677307,0.6588319540023804
566,2,0,0,0.0,0.0959278345108032,0.10096262395381927,0.1227108463644981,0.09817328304052353,0.1276255548000335,0.1198742091655731
567,2,0,0,0.0,0.0799431502819061,0.08312499523162842,0.0808624103665351,0.07673221826553345,0.0678518265485763,0.0770938619971275
568,3,0,0,0.0,0.0289508458226919,0.023104755207896233,0.0200810693204402,0.014923015609383583,0.0399973541498184,0.0272528659552335
569,1,0,0,0.0,0.0874631255865097,0.09315700829029083,0.1425131857395172,0.11088395118713379,0.089898020029068,0.0895729064941406
570,2,1,0,0.0,0.0660376921296119,0.07590870559215546,0.0687425285577774,0.05779173970222473,0.0662502124905586,0.0768527388572692
571,2,1,0,0.0,0.0576815046370029,0.05179831385612488,0.072084404528141,0.07185360789299011,0.0636596083641052,0.0687369853258133
572,3,1,1,1.0,0.8890304565429688,0.9311873912811279,0.9390326738357544,0.9578639268875122,0.8852128386497498,0.9317611455917358
573,1,1,1,0.6666666666666666,0.3966044187545776,0.4194023609161377,0.5784677863121033,0.4980078935623169,0.4244002997875213,0.3944151699542999
574,1,1,1,1.0,0.9044764041900636,0.8417484164237976,0.8931770324707031,0.7748271226882935,0.8985644578933716,0.8092817068099976
575,2,0,0,0.0,0.082177460193634,0.0870346799492836,0.0871474370360374,0.09388861060142517,0.08742156624794,0.0922671630978584
576,1,0,0,0.0,0.0937992930412292,0.09853997826576233,0.0924764201045036,0.10405471175909042,0.0820391625165939,0.0881871283054351
577,2,1,1,1.0,0.8345270752906799,0.836784303188324,0.8509874939918518,0.8215225338935852,0.8256829977035522,0.8148790001869202
578,0,1,1,1.0,0.9874985218048096,0.977637529373169,0.9934167861938475,0.9814949035644531,0.99070543050766,0.9653645157814026
579,1,0,1,1.0,0.6142576336860657,0.7254275679588318,0.643684446811676,0.7561647295951843,0.6398064494132996,0.7051013708114624
580,3,1,0,0.0,0.2029175758361816,0.18907207250595093,0.1457342505455017,0.13658201694488525,0.1989523619413375,0.1862898766994476
581,3,1,1,1.0,0.7917960286140442,0.8174712657928467,0.7786006331443787,0.8452240228652954,0.7581363916397095,0.781731903553009
582,2,1,1,1.0,0.9911498427391052,0.9697291254997253,0.9787914752960204,0.9432627558708191,0.9855880737304688,0.9665934443473816
583,2,0,0,0.0,0.0737811177968978,0.0765509083867073,0.088283397257328,0.09228497743606567,0.0864755064249038,0.0884987413883209
584,2,0,0,0.0,0.4555381238460541,0.4845488965511322,0.4159682691097259,0.39232075214385986,0.5501976013183594,0.5204281210899353
585,1,0,0,0.0,0.0942060053348541,0.10067661106586456,0.0940387845039367,0.10077780485153198,0.0980855077505111,0.0974611863493919
586,3,1,1,1.0,0.9955341815948486,0.9940997362136841,0.9953354597091676,0.993731677532196,0.997201681137085,0.9910268783569336
587,1,0,0,0.0,0.1121041104197502,0.09467203915119171,0.1161214709281921,0.10999664664268494,0.1057687997817993,0.1030618995428085
588,0,1,0,0.0,0.1684179157018661,0.19096893072128296,0.2524506151676178,0.22375789284706116,0.1584426462650299,0.1889943033456802
589,3,0,0,0.0,0.0674560964107513,0.0679355338215828,0.0705491080880165,0.06799575686454773,0.0628132447600364,0.0617353245615959
590,2,0,0,0.0,0.0752357318997383,0.07636865973472595,0.0657123774290084,0.06380513310432434,0.07369215041399,0.0814541727304458
591,4,0,0,0.0,0.4082273244857788,0.4518333971500397,0.2510988414287567,0.13195036351680756,0.3434709906578064,0.3273005783557892
592,3,1,1,1.0,0.964086890220642,0.9716305136680603,0.9825342893600464,0.9811506867408752,0.9650217294692992,0.975253164768219
593,4,0,0,0.0,0.0700224265456199,0.06136355176568031,0.0708532929420471,0.07642212510108948,0.06754831969738,0.0686140358448028
594,3,0,1,1.0,0.7282683849334717,0.7359503507614136,0.7170191407203674,0.7738398313522339,0.7237160205841064,0.7048918604850769
595,1,0,0,0.0,0.0835225656628608,0.09466791898012161,0.0953534245491027,0.10360510647296906,0.0933664664626121,0.1026797890663147
596,4,0,0,0.0,0.038113035261631,0.020389553159475327,0.0505841560661792,0.020717818289995193,0.0371128469705581,0.0142290368676185
597,1,1,1,1.0,0.9727654457092284,0.9654170870780945,0.9712652564048768,0.9418743252754211,0.9769799709320068,0.9648993015289308
598,2,0,0,0.0,0.0937162488698959,0.058510370552539825,0.0840749144554138,0.05710725858807564,0.0953755527734756,0.0703067183494567
599,4,0,0,0.0,0.0839353650808334,0.08031006902456284,0.0842530727386474,0.08768897503614426,0.0810827389359474,0.0815015509724617
600,1,1,0,0.0,0.3480120301246643,0.3196679353713989,0.3085844814777374,0.33847105503082275,0.3029845356941223,0.2950766086578369
601,2,1,1,1.0,0.9526475667953492,0.9634860754013062,0.943512797355652,0.9681154489517212,0.9243689179420472,0.9456860423088074
602,4,0,0,0.0,0.0794181674718856,0.07680830359458923,0.0805492550134658,0.08525515347719193,0.0760539546608924,0.0779452919960022
603,0,0,0,0.0,0.1740032285451889,0.16591010987758636,0.1774288564920425,0.1709108054637909,0.177509143948555,0.1837263703346252
604,3,0,0,0.0,0.0499018356204032,0.042971886694431305,0.0619609504938125,0.0676303282380104,0.0581863299012184,0.0554210804402828
605,2,1,0,0.0,0.3939552903175354,0.3461848199367523,0.3350024819374084,0.2679634392261505,0.3988786339759826,0.3873640894889831
606,3,0,0,0.0,0.0569138787686824,0.0589410699903965,0.0493276938796043,0.07626891136169434,0.0563264675438404,0.0663547813892364
607,1,0,0,0.0,0.0874386876821518,0.087259940803051,0.0922475308179855,0.09273781627416611,0.0887651070952415,0.089160069823265
608,0,1,0,0.0,0.3634441494941711,0.3233884274959564,0.2738987505435943,0.28058916330337524,0.3899367749691009,0.3381211161613464
609,2,1,1,1.0,0.992536187171936,0.9743702411651611,0.9880274534225464,0.9783390760421753,0.978528618812561,0.9667046666145324
610,1,1,1,1.0,0.9899882078170776,0.9883256554603577,0.9907773733139038,0.9900824427604675,0.9902356863021852,0.9896342158317566
611,3,0,0,0.0,0.0502881407737731,0.029489437118172646,0.0183158461004495,0.013921009376645088,0.0596311688423156,0.037978958338499
612,0,0,0,0.0,0.0850193873047828,0.0836283341050148,0.0888087749481201,0.09090773016214371,0.0913319587707519,0.095087245106697
613,2,1,1,1.0,0.6490970253944397,0.6585137248039246,0.6511749029159546,0.6547514200210571,0.6656644940376282,0.6846511363983154
614,1,0,0,0.0,0.0909206047654151,0.08920244127511978,0.0679225400090217,0.07572665810585022,0.086626797914505,0.0840472877025604
615,0,0,0,0.0,0.0745655447244644,0.07724358141422272,0.0849691107869148,0.09142788499593735,0.0794081315398216,0.0821077227592468
616,4,1,1,1.0,0.9482767581939696,0.9475218653678894,0.9452744722366332,0.9554919004440308,0.9318458437919616,0.9327832460403442
617,2,0,0,0.0,0.011047851294279,0.013116000220179558,0.0071250381879508,0.016221649944782257,0.0061837439425289,0.0119926668703556
618,0,0,1,1.0,0.6174224615097046,0.5484378933906555,0.6063327789306641,0.514190673828125,0.589844822883606,0.5096861124038696
619,1,1,1,1.0,0.9934238195419312,0.9930968880653381,0.9882678389549256,0.9919294118881226,0.993960976600647,0.9955422282218932
620,2,0,0,0.0,0.0925506502389907,0.09091242402791977,0.0988650172948837,0.100137859582901,0.0823180973529815,0.0893646106123924
621,1,0,0,0.0,0.075351670384407,0.1004544198513031,0.0837267041206359,0.1112397238612175,0.0878092125058174,0.1114505231380462
622,2,1,0,0.0,0.3162250518798828,0.29999151825904846,0.3235604763031006,0.33223044872283936,0.3606055974960327,0.3864912092685699
623,1,1,0,0.0,0.0832327082753181,0.10875192284584045,0.0903626084327697,0.11735127866268158,0.0864142403006553,0.1210754811763763
624,4,0,0,0.0,0.082790732383728,0.050710469484329224,0.0833924561738967,0.04863487184047699,0.0756805986166,0.0574427247047424
625,1,0,0,0.0,0.0958737432956695,0.09968170523643494,0.0932065844535827,0.10179337114095688,0.0868650674819946,0.0910818204283714
626,0,0,0,0.0,0.2730419933795929,0.2856545150279999,0.3148708343505859,0.28192734718322754,0.2951479852199554,0.28752401471138
627,0,0,0,0.0,0.0885900557041168,0.08416308462619781,0.1020712256431579,0.09186511486768723,0.1020086407661438,0.0917787030339241
628,0,1,1,1.0,0.9943665266036988,0.9916641116142273,0.991960346698761,0.9914379119873047,0.9919355511665344,0.9906595945358276
629,0,0,0,0.0,0.079807624220848,0.08290941268205643,0.0845014676451683,0.07821732759475708,0.0813114121556282,0.0795870125293731
630,1,0,0,0.0,0.0887052118778228,0.08925072848796844,0.0763771161437034,0.07856512069702148,0.0858417525887489,0.0843424946069717
631,3,1,0,0.0,0.1516404598951339,0.13480401039123535,0.1756110489368438,0.1295447200536728,0.1589052975177765,0.1420304030179977
632,1,0,0,0.0,0.0648524835705757,0.05569014325737953,0.0684095099568367,0.06503133475780487,0.0666918456554412,0.0623413957655429
633,1,1,1,0.6666666666666666,0.4308586120605469,0.38642168045043945,0.3546745181083679,0.35683485865592957,0.3879780769348144,0.3986417055130005
634,4,0,0,0.0,0.0534299314022064,0.04290974140167236,0.0335478112101554,0.03756441920995712,0.0425025448203086,0.0485220029950141
635,3,0,0,0.0,0.0173165146261453,0.01075209304690361,0.0118557903915643,0.010759728960692883,0.0212207604199647,0.0096881473436951
636,1,1,1,1.0,0.8456078171730042,0.8413892984390259,0.8758808970451355,0.8593019843101501,0.8528862595558167,0.844636082649231
637,2,0,0,0.0,0.2396022379398346,0.2197851687669754,0.2864305973052978,0.49127066135406494,0.1684178113937378,0.1706089526414871
638,0,0,0,0.0,0.1182416975498199,0.13779614865779877,0.1252442598342895,0.1522640585899353,0.1222900599241256,0.1738230586051941
639,0,0,0,0.0,0.0132428426295518,0.016056707128882408,0.0083807157352566,0.012290016748011112,0.0122098037973046,0.0128505770117044
640,2,0,0,0.0,0.0890634357929229,0.1189582496881485,0.0937033221125602,0.13265204429626465,0.0900599807500839,0.1007764190435409
641,3,0,0,0.0,0.0687864869832992,0.07013841718435287,0.0733295008540153,0.06719441711902618,0.0691279023885726,0.0812435820698738
642,0,1,1,1.0,0.9885034561157228,0.9889363646507263,0.9939456582069396,0.9932757019996643,0.9913263320922852,0.98797607421875
643,3,0,0,0.0,0.0286700800061225,0.019776778295636177,0.0209092125296592,0.017404766753315926,0.0347503758966922,0.0200074259191751
644,2,1,0,0.0,0.2227440178394317,0.20430144667625427,0.382736325263977,0.571441650390625,0.2649326026439667,0.185281440615654
645,3,1,1,1.0,0.9938833713531494,0.9915133714675903,0.9817979335784912,0.9827623963356018,0.9907976388931274,0.990205705165863
646,2,1,0,0.0,0.3096716701984405,0.29890841245651245,0.3588539958000183,0.330724835395813,0.2883698046207428,0.3278766572475433
647,3,0,0,0.0,0.0709204822778701,0.07320484519004822,0.0765586048364639,0.0706147849559784,0.0681444630026817,0.0694633796811103
648,0,1,0,0.0,0.243027776479721,0.2573246657848358,0.3169137239456177,0.288981556892395,0.2381840050220489,0.2461937516927719
649,1,0,0,0.0,0.0863102748990058,0.08219394832849503,0.0756674110889434,0.07783082127571106,0.0869477018713951,0.0840023085474968
650,3,1,1,1.0,0.6023293733596802,0.5867003798484802,0.6088134050369263,0.5846133232116699,0.6395617723464966,0.6221923232078552
651,4,0,0,0.0,0.0794181674718856,0.07680830359458923,0.0805492550134658,0.08525515347719193,0.0760539546608924,0.0779452919960022
652,3,1,1,1.0,0.9927995800971984,0.9921054840087891,0.9882184267044068,0.9853853583335876,0.99235737323761,0.9867366552352904
653,0,0,0,0.0,0.0815428420901298,0.08951443433761597,0.0867459252476692,0.09049766510725021,0.0820111557841301,0.0844899863004684
654,3,1,1,1.0,0.7308494448661804,0.7383942008018494,0.7697818279266357,0.7812168598175049,0.7432934045791626,0.7394792437553406
655,4,0,1,1.0,0.6753026843070984,0.6789450645446777,0.7102822065353394,0.6651984453201294,0.6818322539329529,0.6600757241249084
656,4,0,0,0.0,0.0898405164480209,0.0730501338839531,0.0829511135816574,0.09550996869802475,0.0864056646823883,0.086734838783741
657,1,0,0,0.0,0.0833754986524581,0.09050431847572327,0.0706610605120658,0.08419200778007507,0.0836845636367797,0.0865553170442581
658,3,0,1,1.0,0.7221798896789551,0.7431954145431519,0.7080600261688232,0.7353217601776123,0.7245851159095764,0.7580094933509827
659,2,0,0,0.0,0.1053740382194519,0.0948193296790123,0.1031596809625625,0.07434560358524323,0.0885798335075378,0.0955405831336975
660,3,0,0,0.0,0.3968125581741333,0.3862830400466919,0.4855981171131134,0.44805750250816345,0.5429839491844177,0.4687463641166687
661,4,1,0,0.0,0.3354183137416839,0.3604692816734314,0.2792285084724426,0.3424607813358307,0.4025326371192932,0.482405424118042
662,3,0,0,0.0,0.0534672662615776,0.04736781120300293,0.0583580657839775,0.06252827495336533,0.0609846152365207,0.060252696275711
663,2,0,0,0.0,0.345255970954895,0.3213973939418793,0.3211885094642639,0.3133378028869629,0.3255180120468139,0.3153347671031952
664,4,0,0,0.0,0.0699474141001701,0.04945818707346916,0.0723011046648025,0.041118718683719635,0.073409765958786,0.0549656525254249
665,2,1,0,0.0,0.1636561751365661,0.12690111994743347,0.1191617250442504,0.09819100797176361,0.127224713563919,0.1284303665161132
666,0,0,0,0.0,0.098936952650547,0.08969135582447052,0.0859231352806091,0.11461882293224335,0.1208844631910324,0.1171393543481826
667,2,0,0,0.0,0.1071233004331588,0.09217828512191772,0.1047511994838714,0.08555306494235992,0.0923211798071861,0.0965615361928939
668,4,0,0,0.0,0.0791783705353736,0.07624362409114838,0.080355167388916,0.08365298807621002,0.074849285185337,0.0781725347042083
669,0,0,0,0.0,0.070444568991661,0.07431565970182419,0.0834389477968216,0.08576583117246628,0.0778207406401634,0.0800121277570724
670,1,1,1,1.0,0.9762999415397644,0.9895309805870056,0.9880860447883606,0.9933932423591614,0.97346031665802,0.991157293319702
671,4,1,1,1.0,0.8684051036834717,0.7881635427474976,0.8617822527885437,0.7727447748184204,0.8238452672958374,0.7212227582931519
672,2,0,0,0.0,0.3419272005558014,0.35232993960380554,0.3182154893875122,0.34737467765808105,0.3750858902931213,0.4088420867919922
673,4,0,0,0.0,0.0673403441905975,0.061344780027866364,0.0860439389944076,0.08131728321313858,0.0844749957323074,0.074703425168991
674,4,1,0,0.0,0.0803254544734954,0.08138620853424072,0.0949261561036109,0.09213464707136154,0.0739470645785331,0.0769654884934425
675,1,0,0,0.0,0.0685540214180946,0.06621241569519043,0.0543308518826961,0.05812723934650421,0.0709727108478546,0.0718096941709518
676,4,0,0,0.0,0.0893650949001312,0.09033745527267456,0.085310660302639,0.09176281094551086,0.0788036659359932,0.087237112224102
677,1,0,0,0.0,0.0897554531693458,0.0884113535284996,0.0859324187040329,0.08717567473649979,0.0837578997015953,0.088966891169548
678,2,1,1,0.6666666666666666,0.5789810419082642,0.5774480104446411,0.5245640277862549,0.5075669884681702,0.554682195186615,0.5787845253944397
679,0,0,0,0.0,0.0181664451956748,0.01822173222899437,0.0090439049527049,0.011856640689074993,0.0171450674533844,0.0116258934140205
680,1,1,0,0.3333333333333333,0.3653296828269958,0.3599821925163269,0.3707253634929657,0.38456663489341736,0.3493482172489166,0.3603603541851043
681,2,0,1,0.6666666666666666,0.7041577696800232,0.6837476491928101,0.7111757397651672,0.7174069285392761,0.712647557258606,0.7276678681373596
682,2,1,0,0.3333333333333333,0.4315172135829925,0.45212483406066895,0.4282093048095703,0.43773216009140015,0.4460274577140808,0.4923154711723327
683,1,0,0,0.0,0.0998136922717094,0.09907728433609009,0.0872701629996299,0.09674197435379028,0.0875548049807548,0.0958626493811607
684,0,0,0,0.0,0.0084573868662118,0.0102446423843503,0.0067059923894703,0.011225833557546139,0.0058846771717071,0.0056534749455749
685,3,0,0,0.0,0.0747320875525474,0.062385350465774536,0.0642150193452835,0.06859592348337173,0.0683472901582717,0.0786854922771453
686,0,0,0,0.0,0.1393906474113464,0.16321498155593872,0.1476655304431915,0.1879735291004181,0.1559036970138549,0.1990395784378051
687,0,0,0,0.0,0.0068426514044404,0.008708233013749123,0.0060522342100739,0.010832869447767735,0.0051942989230155,0.0059787230566143
688,3,0,0,0.0,0.0796716809272766,0.08350589126348495,0.0846526324748992,0.07995349913835526,0.0753180682659149,0.0765581801533699
689,2,0,0,0.0,0.0810136646032333,0.08176153153181076,0.0793462991714477,0.08426203578710556,0.070509023964405,0.0790074840188026
690,2,1,1,1.0,0.9959229230880736,0.9934482574462891,0.9956013560295104,0.9927319884300232,0.9966514706611632,0.995162069797516
691,3,1,1,0.6666666666666666,0.5850119590759277,0.5792856216430664,0.5974130630493164,0.5646311640739441,0.6971448063850403,0.6316302418708801
692,1,1,1,1.0,0.9518086910247804,0.9465025067329407,0.9133195877075196,0.9212266206741333,0.9233629703521729,0.9271490573883056
693,1,1,0,0.0,0.4796027839183807,0.5423738360404968,0.7678827047348022,0.6282832026481628,0.3813798725605011,0.5084083676338196
694,2,0,0,0.0,0.076532281935215,0.0829993486404419,0.0802877992391586,0.07962439954280853,0.0732588022947311,0.0821706354618072
695,1,0,0,0.0,0.2786989212036133,0.24068138003349304,0.2508608996868133,0.24102027714252472,0.2522480487823486,0.2515711486339569
696,1,0,0,0.0,0.092357724905014,0.08340996503829956,0.1076395586133003,0.0996447503566742,0.092758759856224,0.0930684432387352
697,0,0,0,0.0,0.079987458884716,0.06524944305419922,0.0837364643812179,0.08174777030944824,0.0822446197271347,0.0795987099409103
698,4,1,1,1.0,0.6813803315162659,0.6913285851478577,0.7176902294158936,0.7007784843444824,0.7067424654960632,0.6917741894721985
699,4,0,0,0.0,0.2925146818161011,0.2686314582824707,0.336264967918396,0.3328806757926941,0.2668964266777038,0.2837920784950256
700,2,0,0,0.0,0.0959353223443031,0.11483506113290787,0.0755092501640319,0.09181994944810867,0.0935941562056541,0.0953531414270401
701,2,1,1,1.0,0.9854018688201904,0.9827172756195068,0.9010411500930786,0.9803697466850281,0.9845009446144104,0.9831108450889589
702,1,1,1,0.6666666666666666,0.4057458043098449,0.41456225514411926,0.4009334743022918,0.5025256872177124,0.4276291728019714,0.4104175567626953
703,2,0,0,0.0,0.031381107866764,0.04675094410777092,0.0232655201107263,0.04973931610584259,0.0354629307985305,0.0521154105663299
704,3,0,0,0.0,0.0711975470185279,0.07076594233512878,0.0783070251345634,0.07639425992965698,0.0759001970291137,0.0778563171625137
705,2,0,0,0.0,0.0731223970651626,0.04900427162647247,0.0719891041517257,0.04184141382575035,0.0735046714544296,0.0469973087310791
706,3,0,0,0.0,0.0705605968832969,0.0711495652794838,0.0563417859375476,0.0767836719751358,0.0786711871623992,0.0773007050156593
707,2,1,1,1.0,0.971453845500946,0.9538952112197876,0.9767835140228271,0.9064005613327026,0.9704023599624634,0.9449605345726012
708,0,1,0,0.3333333333333333,0.3920677304267883,0.39388343691825867,0.4135408401489258,0.4615389406681061,0.4394886493682861,0.4399805068969726
709,0,1,1,1.0,0.9598217606544496,0.9536284804344177,0.9535565972328186,0.9661089777946472,0.9614344239234924,0.9527422785758972
710,2,1,1,1.0,0.9942125082015992,0.9918250441551208,0.9880896210670472,0.9874449968338013,0.9878692626953124,0.9838910698890686
711,4,1,1,1.0,0.9684972763061525,0.9717053771018982,0.9695663452148438,0.9724608659744263,0.973977506160736,0.9732787013053894
712,1,0,0,0.0,0.3462150990962982,0.33473145961761475,0.342572271823883,0.3274393677711487,0.3479383587837219,0.3573694229125976
713,2,1,0,0.0,0.283478319644928,0.24618741869926453,0.2633027136325836,0.286968857049942,0.2272263914346695,0.2244088351726532
714,3,0,0,0.0,0.0862375348806381,0.08472912013530731,0.0974682047963142,0.1083541288971901,0.0880536884069442,0.0893981680274009
715,4,0,0,0.0,0.059718020260334,0.05828564614057541,0.0590642914175987,0.06912117451429367,0.0608984194695949,0.0638839676976203
716,1,0,0,0.0,0.115105427801609,0.13573896884918213,0.1108809411525726,0.13779374957084656,0.1225604116916656,0.1351476013660431
717,2,1,1,1.0,0.9824093580245972,0.9740428924560547,0.9844885468482972,0.9875655770301819,0.9785585403442384,0.9686800837516784
718,2,1,1,1.0,0.8681030869483948,0.8902112245559692,0.922736406326294,0.9170714616775513,0.917756199836731,0.9112342000007628
719,0,0,0,0.0,0.066999964416027,0.07551902532577515,0.0957205593585968,0.09760969877243042,0.0861701369285583,0.0714928805828094
720,1,0,0,0.0,0.0755177438259124,0.07815858721733093,0.0862689688801765,0.08497467637062073,0.0806159824132919,0.0822990387678146
721,2,1,1,1.0,0.9959635734558104,0.961280107498169,0.995065689086914,0.9363539814949036,0.9959025382995604,0.939128041267395
722,1,0,0,0.0,0.0769460499286651,0.08882016688585281,0.0678301006555557,0.06903676688671112,0.0709075033664703,0.0835279524326324
723,4,0,0,0.0,0.0759882554411888,0.0785607099533081,0.0930923447012901,0.09020037949085236,0.0751617178320884,0.0774561613798141
724,0,0,0,0.0,0.0999456122517585,0.09191104769706726,0.1133184134960174,0.1010042130947113,0.1013235673308372,0.0947992354631424
725,0,1,1,0.6666666666666666,0.5245183706283569,0.5115917325019836,0.4514786005020141,0.4951031804084778,0.5897749066352844,0.6021754741668701
726,2,0,0,0.0,0.0224000811576843,0.020840447396039963,0.0123614566400647,0.021663367748260498,0.0107888262718915,0.0096915513277053
727,3,1,1,1.0,0.8415517807006836,0.8816576600074768,0.8497196435928345,0.8898638486862183,0.8183649778366089,0.8936585187911987
728,3,1,1,1.0,0.7345037460327148,0.7339928150177002,0.7489808797836304,0.7615533471107483,0.7407526969909668,0.7325952053070068
729,3,0,0,0.0,0.0728086233139038,0.08118799328804016,0.0738582089543342,0.08249829709529877,0.0699980482459068,0.0863427370786666
730,0,0,1,0.6666666666666666,0.5896452069282532,0.6596415042877197,0.5592694282531738,0.6353466510772705,0.6234816312789917,0.660912811756134
731,1,1,1,1.0,0.9959102272987366,0.994723916053772,0.9955543875694276,0.9930664896965027,0.9979089498519896,0.996685028076172
732,2,0,1,1.0,0.7673783898353577,0.7683877348899841,0.6502677798271179,0.7604305148124695,0.6631289720535278,0.6418824195861816
733,0,0,0,0.0,0.0802915394306182,0.056337472051382065,0.0732128024101257,0.066039077937603,0.0841293409466743,0.0706939250230789
734,1,0,0,0.0,0.1183123812079429,0.11928985267877579,0.1105876863002777,0.12234064191579819,0.1025808528065681,0.1185082495212555
735,0,0,0,0.0,0.1198683157563209,0.12528258562088013,0.124427855014801,0.12389516085386276,0.107850082218647,0.1089394837617874
736,3,0,0,0.0,0.0782703757286071,0.07896509766578674,0.0682288110256195,0.09499460458755493,0.0689467191696167,0.0751859620213508
737,1,0,0,0.0,0.0207235906273126,0.007149084471166134,0.0139967389404773,0.00470905564725399,0.0226396173238754,0.0082533061504364
738,0,1,1,0.6666666666666666,0.4309808313846588,0.39128372073173523,0.4864290356636047,0.4178318977355957,0.5595301985740662,0.5133225917816162
739,4,0,0,0.0,0.0794181674718856,0.07680830359458923,0.0805492550134658,0.08525515347719193,0.0760539546608924,0.0779452919960022
740,1,0,0,0.0,0.0833754986524581,0.09050431847572327,0.0706610605120658,0.08419200778007507,0.0836845636367797,0.0865553170442581
741,4,1,0,0.3333333333333333,0.4089255630970001,0.4100896418094635,0.4022621214389801,0.38340234756469727,0.4227046966552734,0.4120004177093506
742,3,0,0,0.0,0.4093740582466125,0.491056889295578,0.4217596650123596,0.5965759754180908,0.4661078751087188,0.500761091709137
743,3,1,1,1.0,0.9752024412155152,0.9653651714324951,0.9799851775169371,0.9834637641906738,0.9791180491447448,0.9657272696495056
744,2,0,0,0.0,0.0758176296949386,0.08350861072540283,0.076193556189537,0.08360506594181061,0.0738243237137794,0.0819761976599693
745,2,1,0,0.0,0.2340243309736251,0.19880017638206482,0.2157730907201767,0.3972449004650116,0.1577676683664322,0.1687211841344833
746,4,0,0,0.3333333333333333,0.4129818081855774,0.3823484778404236,0.3997062444686889,0.4234534204006195,0.4459815323352813,0.5020573139190674
747,4,0,0,0.0,0.1197467073798179,0.15419670939445496,0.1472721695899963,0.1656990647315979,0.176210343837738,0.213108479976654
748,3,1,1,1.0,0.7859317660331726,0.8037354350090027,0.8015976548194885,0.8348441123962402,0.7824442386627197,0.7864328622817993
749,3,0,0,0.3333333333333333,0.4338881373405456,0.493476927280426,0.4152406752109527,0.40787431597709656,0.4919002950191498,0.5699893832206726
750,2,0,0,0.0,0.066395491361618,0.07064728438854218,0.0723282247781753,0.06433064490556717,0.0678733065724372,0.0792639255523681
751,3,1,1,1.0,0.9267722368240356,0.942491888999939,0.854067862033844,0.9102097749710083,0.8999344706535339,0.930836021900177
752,3,1,1,1.0,0.9761505126953124,0.9816752672195435,0.9693720936775208,0.9698566794395447,0.975675106048584,0.967308521270752
753,1,0,0,0.0,0.0906044542789459,0.08526094257831573,0.0871630385518074,0.09439093619585037,0.0926444679498672,0.0921103879809379
754,1,0,0,0.0,0.0850410312414169,0.08839935064315796,0.0806842520833015,0.09029804170131683,0.0818047747015953,0.0891093164682388
755,2,1,1,1.0,0.9684388637542723,0.9643558859825134,0.9777892827987672,0.9762430191040039,0.9546058177947998,0.9472721815109252
756,1,1,1,1.0,0.9708049297332764,0.9672921299934387,0.938726842403412,0.9347129464149475,0.9462764859199524,0.93729567527771
757,2,0,0,0.0,0.0719928815960884,0.07347312569618225,0.0799379497766494,0.09597517549991608,0.0732257962226867,0.0813139453530311
758,4,0,0,0.0,0.0945473983883857,0.11416401714086533,0.1112351268529892,0.10519561171531677,0.0905922502279281,0.1045006141066551
759,2,0,0,0.0,0.0671337693929672,0.06920982897281647,0.0674721002578735,0.059896573424339294,0.0725628808140754,0.0769665911793708
760,1,1,1,1.0,0.9916003346443176,0.9894474744796753,0.9899529218673706,0.9868632555007935,0.987658143043518,0.9737294912338256
761,4,0,0,0.0,0.0779851526021957,0.0768241286277771,0.0913022384047508,0.09954212605953217,0.0644401982426643,0.0762692913413047
762,4,0,0,0.0,0.0744417160749435,0.06518235057592392,0.07288359105587,0.07564347237348557,0.0759728997945785,0.0761128142476081
763,4,1,0,0.0,0.0940873771905899,0.09079726040363312,0.0912773236632347,0.09692072123289108,0.085448607802391,0.0882165655493736
764,2,1,1,1.0,0.9969497323036194,0.990086019039154,0.9847698211669922,0.9792023301124573,0.997246026992798,0.992466926574707
765,4,0,0,0.0,0.0939118936657905,0.09772247076034546,0.0878272950649261,0.09471794962882996,0.0865828692913055,0.0949152559041976
766,0,1,1,1.0,0.9949392080307008,0.9931927919387817,0.9940348863601683,0.9942538738250732,0.9942038655281068,0.9923990964889526
767,4,0,0,0.0,0.3771437406539917,0.38197094202041626,0.3245569765567779,0.3426207900047302,0.461102545261383,0.4319128096103668
768,2,0,1,0.6666666666666666,0.4815781116485595,0.5162367820739746,0.5060102343559265,0.4846693277359009,0.5428019762039185,0.5397976636886597
769,3,0,0,0.0,0.0657565593719482,0.06635288149118423,0.0704416558146476,0.07595646381378174,0.0531135909259319,0.0720373168587684
770,2,0,0,0.0,0.0734222531318664,0.07808235287666321,0.0754763931035995,0.06947577744722366,0.0760981142520904,0.0852449387311935
771,4,0,0,0.0,0.0838434696197509,0.08356179296970367,0.0841334462165832,0.09573953598737717,0.0765545815229415,0.0828486084938049
772,1,0,0,0.0,0.0677354335784912,0.03642920404672623,0.0772584155201911,0.030163699761033058,0.0734456926584243,0.0489602461457252
773,1,0,1,1.0,0.8836983442306519,0.89152592420578,0.9305994510650636,0.9249796271324158,0.8571089506149292,0.8630954027175903
774,0,0,0,0.0,0.0901848375797271,0.08910449594259262,0.0936048999428749,0.09726177901029587,0.0917087197303772,0.090608425438404
775,2,1,1,1.0,0.7996734380722046,0.7960944175720215,0.8439345955848694,0.8741428852081299,0.7077236175537109,0.7240313291549683
776,1,0,0,0.0,0.0951372757554054,0.10010050237178802,0.0926540940999984,0.09807495772838593,0.0895111486315727,0.0961448028683662
777,3,0,0,0.0,0.0899739637970924,0.09028846025466919,0.0977912247180938,0.08330655097961426,0.0988121554255485,0.1100580841302871
778,1,1,1,1.0,0.953920602798462,0.9297878742218018,0.956579089164734,0.8931496739387512,0.965983748435974,0.9341161847114564
779,1,0,0,0.0,0.0918803513050079,0.08904927968978882,0.0869947671890258,0.07687097042798996,0.0854582488536834,0.0840137004852294
780,0,1,1,1.0,0.9940486550331116,0.9923508167266846,0.9937525391578674,0.9937490820884705,0.9933542013168336,0.9920371770858764
781,0,1,1,1.0,0.7069035768508911,0.7172081470489502,0.7041239738464355,0.7136879563331604,0.7008216977119446,0.7186738848686218
782,4,1,1,1.0,0.9866206645965576,0.9866502285003662,0.987277626991272,0.9847228527069092,0.9902905225753784,0.989133894443512
783,4,0,1,0.6666666666666666,0.4330812990665436,0.4805174469947815,0.4354189038276672,0.413976788520813,0.4784996807575226,0.4919043779373169
784,2,0,0,0.0,0.0152706522494554,0.020143909379839897,0.0096649629995226,0.022562403231859207,0.0123962946236133,0.0217996705323457
785,2,0,0,0.0,0.0753015875816345,0.062151018530130386,0.0685027986764907,0.04507705569267273,0.0764672458171844,0.0786500796675682
786,0,0,0,0.0,0.0832208842039108,0.08412448316812515,0.0875694751739502,0.09343978762626648,0.0842348635196685,0.0849013179540634
787,4,1,1,0.6666666666666666,0.6081498861312866,0.6380424499511719,0.6084548234939575,0.6279251575469971,0.6004789471626282,0.6295299530029297
788,0,0,0,0.0,0.0087303770706057,0.006381213665008545,0.0082352086901664,0.007890588603913784,0.0074640004895627,0.0049312808550894
789,0,1,1,1.0,0.8425557613372803,0.5587621331214905,0.7566823959350586,0.4644072353839874,0.7659182548522949,0.4690409004688263
790,3,0,0,0.0,0.2276005297899246,0.21072649955749512,0.2556836009025574,0.2177545726299286,0.2262749671936035,0.2117107957601547
791,0,0,0,0.0,0.1084311157464981,0.08178423345088959,0.0999902784824371,0.07483415305614471,0.1101106032729148,0.0936313346028328
792,4,0,0,0.0,0.1107552945613861,0.12688566744327545,0.102374717593193,0.11574435234069824,0.1116527467966079,0.1424107849597931
793,3,0,0,0.0,0.0298895463347435,0.01902773790061474,0.0137093914672732,0.008486264385282993,0.0386267527937889,0.0145907737314701
794,0,0,0,0.0,0.3014914095401764,0.29023680090904236,0.3069195449352264,0.29047855734825134,0.3119905889034271,0.3060109317302704
795,3,0,0,0.0,0.0660169720649719,0.06451787799596786,0.0694958344101905,0.0683434009552002,0.0651917606592178,0.0620163716375827
796,0,0,0,0.0,0.1116064488887786,0.10566572099924088,0.1191341131925582,0.11596579849720001,0.1055909991264343,0.1049358323216438
797,0,1,1,1.0,0.8416216969490051,0.9113113880157471,0.9761672616004944,0.9704560041427612,0.8806359767913818,0.9237782955169678
798,4,1,1,0.6666666666666666,0.5887806415557861,0.648939847946167,0.536142110824585,0.6104829907417297,0.5531443953514099,0.6252279877662659
799,1,0,0,0.0,0.0877948105335235,0.08807729184627533,0.0897764638066291,0.08475135266780853,0.0915020033717155,0.0892941206693649
800,0,0,0,0.0,0.0208288915455341,0.04182710871100426,0.0155890639871358,0.043341878801584244,0.0174680519849061,0.0418863147497177
801,3,0,0,0.0,0.0636309459805488,0.06619955599308014,0.0554629974067211,0.07032129168510437,0.0660862624645233,0.0700919330120086
802,0,1,1,1.0,0.9845495223999025,0.9800676107406616,0.98612779378891,0.98213791847229,0.9793655276298524,0.9798797965049744
803,2,1,1,1.0,0.9907485246658324,0.980362594127655,0.9862769842147828,0.9588738679885864,0.99090838432312,0.9812670946121216
804,0,1,1,1.0,0.8363959789276123,0.7609302997589111,0.7761907577514648,0.7967259883880615,0.765015721321106,0.7710027694702148
805,3,1,0,0.0,0.0655510053038597,0.06367355585098267,0.0677530020475387,0.07023555785417557,0.0714452937245369,0.0700863748788833
806,2,0,0,0.0,0.0687495321035385,0.07471394538879395,0.0722411274909973,0.06829386204481125,0.0686574205756187,0.07840396463871
807,3,0,0,0.0,0.1425138413906097,0.14390456676483154,0.1158732175827026,0.10256054252386093,0.1537908017635345,0.1650301814079284
808,4,0,1,0.6666666666666666,0.5788759589195251,0.6396873593330383,0.5900512337684631,0.6281841993331909,0.5881878137588501,0.6379276514053345
809,4,0,0,0.0,0.0750113576650619,0.07451039552688599,0.0907801911234855,0.08682261407375336,0.0800508558750152,0.0776276811957359
810,3,1,1,1.0,0.9836601614952089,0.9816482067108154,0.9866611957550048,0.9754397869110107,0.9834637641906738,0.9837205410003662
811,3,0,0,0.0,0.0660079419612884,0.06435296684503555,0.0697907507419586,0.06774886697530746,0.0651029199361801,0.0638007298111915
812,0,0,0,0.0,0.0923914238810539,0.1064462959766388,0.1085348427295684,0.11773669719696045,0.1158977821469307,0.0981135368347168
813,3,0,0,0.0,0.0887202471494674,0.08680817484855652,0.0957278609275817,0.08823153376579285,0.0859623849391937,0.0883409678936004
814,4,0,0,0.0,0.0769375935196876,0.02021848037838936,0.0999253839254379,0.019435934722423553,0.0753737390041351,0.0198882147669792
815,0,0,0,0.0,0.0789577066898346,0.08239425718784332,0.0879978835582733,0.09247511625289917,0.0841576308012008,0.0883743464946746
816,3,0,0,0.0,0.1243504956364631,0.11896577477455139,0.1060184836387634,0.10259750485420227,0.1282440721988678,0.1476432383060455
817,2,0,1,0.6666666666666666,0.6154667139053345,0.6055448651313782,0.6129451990127563,0.6337939500808716,0.6718721389770508,0.6612334251403809
818,2,0,0,0.0,0.0894908010959625,0.09485410153865814,0.101164162158966,0.11148180067539215,0.0830855295062065,0.1091237291693687
819,0,0,0,0.0,0.0755966529250145,0.08153150975704193,0.0878208205103874,0.08482656627893448,0.0930699557065963,0.0939906239509582
820,2,0,0,0.0,0.0113680195063352,0.0061463466845452785,0.0094047309830784,0.007540674414485693,0.0093000261113047,0.0055088340304791
821,4,1,1,1.0,0.9685353636741638,0.9764785766601562,0.9766972064971924,0.9817808866500854,0.9687290787696838,0.9732377529144288
822,3,1,0,0.0,0.0696597099304199,0.06818389147520065,0.08430877327919,0.08488064259290695,0.0726577416062355,0.0747086927294731
823,0,0,0,0.0,0.3802151083946228,0.21756260097026825,0.1250202655792236,0.1288464069366455,0.2836520373821258,0.2220157533884048
824,1,1,1,1.0,0.9590924382209778,0.9690105319023132,0.9546902179718018,0.967851996421814,0.958158552646637,0.96763277053833
825,3,0,0,0.0,0.0220747478306293,0.016625044867396355,0.0163324642926454,0.010379647836089134,0.0257182028144598,0.0148496450856328
826,2,0,0,0.0,0.0692183822393417,0.06954608112573624,0.0710823833942413,0.06507619470357895,0.0681810528039932,0.0742781311273574
827,1,0,0,0.0,0.4796027839183807,0.5423738360404968,0.7678827047348022,0.6282832026481628,0.3813798725605011,0.5084083676338196
828,3,1,1,1.0,0.9070534706115724,0.8771170973777771,0.8925198912620544,0.8272297382354736,0.862754762172699,0.7688938975334167
829,1,1,0,0.0,0.0909206047654151,0.08920244127511978,0.0679225400090217,0.07572665810585022,0.086626797914505,0.0840472877025604
830,4,1,1,1.0,0.9793953895568848,0.9794268608093262,0.985284388065338,0.985489010810852,0.9825900793075562,0.9757080674171448
831,0,1,1,1.0,0.719292938709259,0.6111243963241577,0.7389730215072632,0.5952363014221191,0.7128946781158447,0.538361668586731
832,2,1,1,1.0,0.996088683605194,0.9930918216705322,0.99451345205307,0.9897690415382385,0.993543267250061,0.9881321787834167
833,2,0,0,0.0,0.0725365206599235,0.07656845450401306,0.0578165128827095,0.04023083671927452,0.0650640577077865,0.0763176083564758
834,4,0,0,0.0,0.0807993859052658,0.08007009327411652,0.0820492357015609,0.08731164783239365,0.0754448994994163,0.0792790427803993
835,4,0,0,0.0,0.0898429751396179,0.09200102090835571,0.0872310101985931,0.09632588922977448,0.0794383212924003,0.091725155711174
836,4,1,1,1.0,0.9739932417869568,0.9766924381256104,0.9788630604743958,0.9812729358673096,0.9754067659378052,0.9789355397224426
837,4,0,0,0.0,0.0846825540065765,0.08618327975273132,0.084829568862915,0.09396686404943466,0.0755762457847595,0.0842760652303695
838,4,0,0,0.0,0.0798324644565582,0.07737571746110916,0.0816684812307357,0.08687129616737366,0.0766215771436691,0.0798479467630386
839,1,1,0,0.3333333333333333,0.4591366946697235,0.5171012282371521,0.6357637643814087,0.5666478276252747,0.3691648244857788,0.4887721538543701
840,0,1,0,0.0,0.3208011984825134,0.31735241413116455,0.3216683566570282,0.3275332748889923,0.3295509219169616,0.3125022947788238
841,2,0,0,0.0,0.0772922486066818,0.08188794553279877,0.0797322764992713,0.07248780131340027,0.0836902260780334,0.0857294499874115
842,1,0,0,0.0,0.111843816936016,0.12903641164302826,0.1117943227291107,0.11002066731452942,0.1273080259561538,0.1183843612670898
843,3,1,1,1.0,0.9353419542312622,0.9353765249252319,0.9294899702072144,0.9488497376441956,0.9071090817451476,0.9063771963119508
844,4,0,0,0.0,0.0732540190219879,0.06743323057889938,0.0722381919622421,0.07296749204397202,0.0735424757003784,0.0743187516927719
845,4,0,0,0.0,0.0954079404473304,0.09710974246263504,0.0881659686565399,0.10077058523893356,0.0815409272909164,0.0953942239284515
846,0,0,0,0.0,0.0759062245488166,0.07324904948472977,0.0856402292847633,0.09084978699684143,0.0780519098043441,0.0811176151037216
847,4,0,0,0.0,0.0302960574626922,0.011702909134328365,0.0192145723849535,0.011133315041661263,0.0219041146337986,0.0063779298216104
848,2,0,0,0.0,0.0640086829662323,0.06973292678594589,0.0715731978416442,0.06988140195608139,0.0675926283001899,0.0744039490818977
849,0,0,0,0.0,0.2043043822050094,0.22159719467163086,0.179368108510971,0.2387372851371765,0.1916409134864807,0.2629641890525818
850,4,1,1,1.0,0.9740167856216432,0.9837439656257629,0.986466646194458,0.9848445653915405,0.9850820302963256,0.9814193844795228
851,2,0,0,0.0,0.0409252010285854,0.012280730530619621,0.0251896306872367,0.010533779859542847,0.0339543148875236,0.0102230198681354
852,4,0,0,0.0,0.0643546879291534,0.059447240084409714,0.0705367848277092,0.07716988027095795,0.0779630690813064,0.0742030441761016
853,1,0,0,0.0,0.0676860064268112,0.03731841966509819,0.0323368087410926,0.046295415610075,0.0480114072561264,0.0253888554871082
854,3,1,1,1.0,0.9610802531242372,0.9680657982826233,0.9680553674697876,0.9654526710510254,0.952083945274353,0.9628786444664
855,2,0,1,1.0,0.8816813230514526,0.8239288330078125,0.884543240070343,0.800520658493042,0.875810980796814,0.7521861791610718
856,4,1,1,1.0,0.6517955660820007,0.7182984352111816,0.746680736541748,0.7478002905845642,0.6220301389694214,0.6841762661933899
857,0,1,1,1.0,0.9893025755882264,0.9867233037948608,0.989636480808258,0.9885495901107788,0.9880453944206238,0.9808068871498108
858,2,1,0,0.0,0.3146613538265228,0.2930370569229126,0.2952609956264496,0.2928716242313385,0.2861229181289673,0.2916776835918426
859,3,1,1,1.0,0.963017463684082,0.9601715207099915,0.9597665071487428,0.9531923532485962,0.964533269405365,0.9582200050354004
860,1,0,0,0.0,0.0874631255865097,0.09315700829029083,0.1425131857395172,0.11088395118713379,0.089898020029068,0.0895729064941406
861,3,0,0,0.0,0.0502987653017044,0.05341021716594696,0.0490755140781402,0.07540077716112137,0.0527275130152702,0.061720136553049
862,3,0,0,0.0,0.111394815146923,0.1313672661781311,0.1220969855785369,0.11335080116987228,0.0996752604842186,0.1238016039133071
863,0,1,1,1.0,0.985749363899231,0.9855676889419556,0.9933407306671144,0.9916682839393616,0.9865986704826356,0.9841374158859252
864,4,0,0,0.0,0.045154083520174,0.01575438678264618,0.0439317412674427,0.014697103761136532,0.0417377278208732,0.0165300983935594
865,3,0,0,0.0,0.1031513661146164,0.11106914281845093,0.111619234085083,0.10057616978883743,0.0932014435529708,0.1001218855381012
866,3,1,1,1.0,0.8487433195114136,0.866265594959259,0.8592144250869751,0.8542506694793701,0.8326722383499146,0.8702490329742432
867,2,1,1,1.0,0.8444699645042419,0.8727778196334839,0.8345077633857727,0.8743723034858704,0.8668442964553833,0.8445364236831665
868,2,0,0,0.0,0.3879920542240143,0.4226067066192627,0.355312317609787,0.36984241008758545,0.4190059900283813,0.4165601134300232
869,1,0,0,0.0,0.0880462601780891,0.0939970463514328,0.0892746374011039,0.09524284303188324,0.0892439782619476,0.0952824652194976
870,2,1,1,1.0,0.9916597604751588,0.9905194044113159,0.9810638427734376,0.9836609363555908,0.9838778972625732,0.9742498993873596
871,0,0,0,0.0,0.079807624220848,0.08290941268205643,0.0845014676451683,0.07821732759475708,0.0813114121556282,0.0795870125293731
872,2,1,1,1.0,0.9843990206718444,0.9774696230888367,0.9852790832519532,0.9767918586730957,0.9799185991287231,0.9813852310180664
873,3,0,0,0.0,0.2449108362197876,0.2650645077228546,0.1761294603347778,0.15420125424861908,0.2446979135274887,0.2669521570205688
874,0,0,0,0.0,0.0650980174541473,0.06993985176086426,0.084051713347435,0.08750414848327637,0.0733085125684738,0.0781789869070053
875,1,1,1,1.0,0.8956552743911743,0.9070706367492676,0.8924072980880737,0.9032484889030457,0.8767669796943665,0.9064791202545166
876,0,1,1,1.0,0.6909061670303345,0.7046914100646973,0.6805627346038818,0.6889089345932007,0.6859797835350037,0.7006022334098816
877,4,0,0,0.0,0.0769911408424377,0.07049902528524399,0.0892213061451911,0.09084762632846832,0.0640329122543335,0.0764911845326423
878,3,0,0,0.0,0.0709204822778701,0.06975346803665161,0.0765586048364639,0.07677778601646423,0.0681444630026817,0.0798247158527374
879,1,0,0,0.0,0.0833754986524581,0.09050431847572327,0.0706610605120658,0.08419200778007507,0.0836845636367797,0.0865553170442581
880,1,1,1,1.0,0.9712560176849364,0.9816727042198181,0.9881483912467957,0.9892652034759521,0.964300274848938,0.9830639362335204
881,2,1,1,1.0,0.994310736656189,0.9843487739562988,0.9936913251876832,0.9737836122512817,0.9921993613243104,0.9828251600265504
882,4,0,0,0.0,0.0740326270461082,0.07113492488861084,0.0776147916913032,0.08454901725053787,0.0777923762798309,0.0781093388795852
883,1,0,1,1.0,0.6479312777519226,0.6967997550964355,0.6297776699066162,0.7148598432540894,0.6641331911087036,0.7139655947685242
884,0,0,0,0.0,0.1325979828834533,0.13733220100402832,0.1300856918096542,0.1324484944343567,0.1495158970355987,0.1265009045600891
885,0,0,0,0.0,0.0858896970748901,0.0843316912651062,0.0898600816726684,0.09393826127052307,0.0918113589286804,0.0968628376722335
886,0,0,0,0.0,0.0148904733359813,0.015491092577576637,0.0100922724232077,0.014308820478618145,0.0183534417301416,0.0118843642994761
887,2,0,0,0.0,0.1367066204547882,0.14621853828430176,0.1486487239599228,0.13628661632537842,0.1469669044017791,0.1491614580154419
888,3,1,1,1.0,0.9724174737930298,0.9721404314041138,0.9764158725738524,0.9690691232681274,0.9673635959625244,0.9650731086730956
889,3,0,0,0.3333333333333333,0.604351818561554,0.5217204093933105,0.6094067096710205,0.5629639029502869,0.5594956278800964,0.4225903153419494
890,2,1,0,0.0,0.4382964074611664,0.41457709670066833,0.3779194951057434,0.3849957585334778,0.4184496998786926,0.3818641304969787
891,0,0,0,0.0,0.0834403038024902,0.0856311246752739,0.0927788913249969,0.09381374716758728,0.0926122367382049,0.0909912511706352
