PassengerId,fold,Survived,no_wcg__RandomForest,no_wcg__ExtraTrees,no_wcg__GradientBoosting,no_wcg__XGBoost,no_wcg__LightGBM,no_wcg__CatBoost,no_wcg__Ensemble,global_loo__RandomForest,global_loo__ExtraTrees,global_loo__GradientBoosting,global_loo__XGBoost,global_loo__LightGBM,global_loo__CatBoost,global_loo__Ensemble,fold_safe__RandomForest,fold_safe__ExtraTrees,fold_safe__GradientBoosting,fold_safe__XGBoost,fold_safe__LightGBM,fold_safe__CatBoost,fold_safe__Ensemble
1,1,0,0.09271011868682498,0.11448628241955112,0.10733213726766527,0.0837615355849266,0.09436275493449486,0.08800082426104074,0.09677560885908393,0.09028468740026385,0.10825430476081853,0.11403705364908483,0.10023107379674911,0.10757572873557132,0.09513601170371545,0.1025864766743672,0.08960997896903307,0.11012899919189133,0.11145310484091396,0.09602323174476624,0.11153775772448649,0.09912215469669643,0.10297920452796458
2,4,1,0.9618365902396986,0.9262331241940612,0.9374342763457136,0.9461771845817566,0.9444879786852559,0.9631280839407551,0.9465495396645403,0.9413119130141124,0.9139385829461484,0.9184271228793075,0.9215299487113953,0.922254830040406,0.9468491359935707,0.92738525559749,0.9521841929611933,0.9282063079760215,0.9371747150969781,0.9462823867797852,0.9471643399463849,0.968034308691297,0.9465077085752767
3,3,1,0.568156755445317,0.6073725322134691,0.5236616288263329,0.5445802211761475,0.536236801622617,0.5728352632152199,0.5588072004165172,0.5868051364475805,0.6106163104906595,0.5896665874824103,0.5809414982795715,0.5907725935415179,0.5763355363378732,0.5891896104299355,0.5823345145169916,0.6094534818457018,0.5710288352047007,0.5981605648994446,0.5965163637421151,0.5865699511719435,0.5906772852301495
4,3,1,0.9392214758202924,0.9192520611933891,0.8825524646194512,0.9341710209846497,0.9486218122829612,0.9500474741389936,0.9289777181732894,0.9201112453306609,0.9082719385338428,0.7900403168940594,0.8527109622955322,0.8990701489729647,0.9328609440637615,0.8838442593484702,0.916700423934375,0.9054931012658284,0.8380971855763711,0.8836857676506042,0.8986667556140698,0.9291193249323506,0.8952937598289331
5,0,0,0.12279816663486803,0.12467612044358704,0.1281703249120193,0.1433340311050415,0.1549738819960866,0.11731401155222543,0.13187775610730465,0.11939914699274709,0.12165850667129237,0.1584841061961014,0.13550807535648346,0.14259983716781535,0.13120875741665516,0.13480973830018247,0.11639538026659592,0.12244916368970275,0.17345239283272304,0.14365415275096893,0.1466197668592569,0.1387494308475885,0.14022004787447268
6,4,0,0.12187738651594147,0.12730140302176038,0.13611118349518564,0.13284200429916382,0.13502016843971593,0.13714532272356994,0.13171624474922283,0.11884104121512401,0.125809447717977,0.137272471646052,0.13794884085655212,0.1369872557407898,0.12536322519166587,0.13037038039469345,0.11430088184438479,0.1261297792475554,0.13204276902822668,0.14417922496795654,0.14501800827375255,0.12673132176515473,0.13140033085450512
7,0,0,0.3166945738078724,0.31783054723031706,0.1713953284450312,0.18294991552829742,0.18176455891833557,0.2470446266404486,0.23627992509505036,0.30956699548959454,0.3457959419155166,0.18619437202332262,0.2106146365404129,0.19852978727883364,0.22540939832197446,0.24601852192827578,0.2998500418205774,0.3478080903584072,0.1880225601887364,0.2128630131483078,0.1998617767250505,0.24435612508384216,0.24879360122082023
8,4,0,0.20910953289013073,0.3858877977914346,0.23704954564379072,0.16191186010837555,0.13264927345588617,0.19658825358678178,0.2205327105793999,0.17881143161340232,0.2195582271206287,0.04981769059686092,0.07182503491640091,0.055318927505256014,0.06358948037581066,0.10648679868805992,0.1762518595615332,0.2457638082020797,0.11976354004381366,0.10551287978887558,0.10436947320319916,0.11148611692341916,0.1438579462871534
9,4,1,0.6094392273985382,0.5965070771057337,0.5550626596201741,0.49660754203796387,0.5184169379232969,0.5109389516935205,0.5478287326298712,0.7616966241410854,0.7771271315291877,0.862293602227944,0.8556086421012878,0.8309298719956545,0.8570857132498223,0.8241235975408301,0.7453155720429249,0.7672548377560886,0.7911672120949839,0.7898828387260437,0.7572384365492243,0.7974827827800774,0.7747236133248905
10,3,1,0.8768112552351075,0.827263099787798,0.9339985926933938,0.9445294737815857,0.9389381052525603,0.9038757345795552,0.9042360435549999,0.879420482897502,0.8131690088338989,0.8693120197028482,0.888184130191803,0.8893363900560314,0.8990886348653286,0.8730851110912352,0.8812773105752393,0.8144704699393197,0.8759867119869269,0.8822581171989441,0.8934130099767768,0.8853710956242017,0.8721294525502347
11,2,1,0.7116477918125528,0.6523640236651446,0.77759653942809,0.7795273661613464,0.785567661087754,0.8328940803567089,0.756599577085266,0.8041801510364244,0.7958386682518278,0.9247931934582938,0.9079208970069885,0.9551026880104954,0.9413141348746764,0.8881916221064509,0.7772251204468339,0.7643403132369122,0.9126705385979709,0.9096578359603882,0.937013510205356,0.9450352373630515,0.874323759301752
12,4,1,0.7660242019827068,0.8083833507979891,0.6843177272228069,0.817184567451477,0.8244371342897439,0.8910680504619823,0.798569172034451,0.7460492676422458,0.8110409776976429,0.6571293293190117,0.8192490339279175,0.8355692295323904,0.8938599766240013,0.7938163024572015,0.7703931204645468,0.8192303826825248,0.725755600581062,0.8444769978523254,0.8575362573636633,0.9015466891457639,0.8198231746816476
13,4,0,0.11454900167682304,0.12249831197266846,0.11695596790103512,0.11617303639650345,0.1261047472128505,0.1218302683867087,0.11968522225776487,0.11364271974577037,0.12685148229332385,0.11772270669354884,0.11242704093456268,0.12675938338608705,0.12198229211117873,0.11989760419407856,0.11297397996591965,0.12467766019401512,0.11836127605630459,0.11183380335569382,0.1240588305723288,0.12151582707642815,0.118903562870115
14,0,0,0.09303565452327976,0.11747968962876636,0.22066385631700955,0.21662788093090057,0.23725858693360863,0.169862833203192,0.1758214169227928,0.07705082168871419,0.09714981448363902,0.14097733131662973,0.08433958142995834,0.07569262902192757,0.034832210555860256,0.08500706474945485,0.07631294831649628,0.10325433612962683,0.12841197104138977,0.08856616914272308,0.08717060921131965,0.036139103198155685,0.08664252283995187
15,3,0,0.6251103227051372,0.611098628638464,0.6648956901753682,0.606481671333313,0.6324847626655896,0.6407196796942314,0.6301317925353506,0.6527723788909614,0.6135148612152972,0.6246474781741462,0.6213088035583496,0.6287002770770467,0.6647486555222363,0.6342820757396728,0.6524636845707448,0.6123520325703395,0.6360619932815303,0.6472083330154419,0.6293961830186902,0.6660260207602564,0.6405847078695005
16,3,1,0.8315405914057687,0.8286259615111745,0.8459699931325277,0.8315292000770569,0.7984210290515298,0.8018842738568513,0.8229951748391515,0.8140646202781123,0.8036674203133423,0.806864557119764,0.7559059262275696,0.7556225502793749,0.7370794272044083,0.7788674169037619,0.8137115183961894,0.8104090990141243,0.8232948471441146,0.7288184762001038,0.7786655049616467,0.719478153830609,0.7790629332577979
17,1,0,0.12103960814526243,0.2858139368553434,0.19391467200643084,0.18360519409179688,0.20473619124712625,0.16035848289909982,0.19157801420750994,0.08412919685402531,0.17727252722699532,0.059409505899152344,0.04745715111494064,0.06352156878519552,0.03606763899843802,0.07797626481312453,0.08005240416448497,0.1877963952893632,0.04748678149000432,0.0653570294380188,0.07490857696950662,0.04109977500268074,0.08278349372567645
18,4,1,0.11460587067431294,0.12351490136458468,0.12417833453545654,0.126456156373024,0.12559750153922847,0.1183764534336293,0.12212153632003932,0.11209270124279062,0.12583911119611943,0.12442924965796062,0.12970662117004395,0.129442065091209,0.1272345918223984,0.12479072336342033,0.11309573620642129,0.12239358647183693,0.12207532630076273,0.13181214034557343,0.12761969904302628,0.11894671844037111,0.12265720113466529
19,3,0,0.6935759584907806,0.6597520032332249,0.6215789739375306,0.626128613948822,0.6705094690842786,0.6221852413567263,0.6489550433418938,0.7279834027234288,0.6715326697147003,0.6584083976090086,0.6680384278297424,0.6702008669400161,0.6329074164905059,0.6715118635512337,0.7325590727222623,0.6708565089812819,0.6944166204862545,0.6932687759399414,0.6796389177888094,0.6393903839574993,0.6850217133126748
20,0,1,0.6075540244391385,0.6929619754535514,0.614591808196875,0.5679219961166382,0.563127652670949,0.6227858399755442,0.6114905494754493,0.6174128298225712,0.6859095818326557,0.6298789610494098,0.6277042627334595,0.6657794992753187,0.6343856307182755,0.643511794238615,0.6118098575023291,0.6852217926321368,0.65303819776399,0.63531494140625,0.6721034173458554,0.661380020300806,0.6531447044918945
21,1,0,0.11936457715459793,0.13571084513089038,0.10088734752009247,0.11745738238096237,0.1102245517593541,0.14718226544553922,0.12180449489857274,0.1195437566465129,0.13846890088871688,0.09883974719055943,0.09868089854717255,0.09241286809607244,0.1554314052402459,0.11722959610154667,0.11662048569317271,0.14080841706300223,0.0961232798475581,0.10417115688323975,0.09549648393678917,0.15990975433092044,0.1188549296257804
22,3,1,0.24613032480931377,0.2775686604433601,0.2113136502748643,0.23704105615615845,0.2733744210885702,0.197564410875357,0.24049875394127063,0.2184928580251606,0.26730509126546287,0.2398247160461134,0.24021512269973755,0.2869890684060814,0.19379724637818269,0.24110401713678975,0.21279909261841207,0.2558540123066834,0.24775366750822858,0.20013180375099182,0.26797793338693954,0.18906918334679348,0.2289309488196748
23,1,1,0.689641430801264,0.6897390270923061,0.6186920862514532,0.6150263547897339,0.6457731014971867,0.6886595962715985,0.6579219327839237,0.6930963258944352,0.6997475529600722,0.7267400622249811,0.7034746408462524,0.7215927473078577,0.7296449133687912,0.7123827071003982,0.6913292501334769,0.703186448426906,0.703500695609649,0.6669424176216125,0.7180123009293827,0.7143541896357798,0.6995542170594679
24,1,1,0.32739135102312616,0.278908738236683,0.36825251928281727,0.38213348388671875,0.379548528309731,0.3539529194545081,0.34836459003226405,0.32339745854459095,0.29645386450015276,0.37448769841137475,0.3815900981426239,0.4020812840198933,0.355978047701925,0.3556647418867601,0.3223029727201855,0.29316166416417583,0.40915465384912814,0.3965436816215515,0.3869084281672016,0.349179308845913,0.3595417848946926
25,0,0,0.1392601895488468,0.40054733179804947,0.11627621799918585,0.12300271540880203,0.107447257553685,0.19328807272259255,0.1799702975051936,0.08248099639721532,0.20717455231376877,0.03433375810511947,0.024374380707740784,0.02642088285994411,0.03232081626394338,0.06785089777462197,0.08133693010226052,0.22336643305364784,0.03890437057626356,0.02770724706351757,0.034020850048090114,0.03905645213780991,0.07406538049693158
26,4,1,0.1279207884666741,0.30308303464627045,0.06976665917609551,0.05440659448504448,0.06987310358002213,0.054265895726876054,0.11321934601349712,0.31183797921780754,0.4694463177853445,0.5637902293749621,0.6049532890319824,0.5517998125897243,0.33056711305442005,0.4720657901757068,0.32018757653738156,0.44165189226189094,0.4186876306346453,0.5803569555282593,0.5799982802631451,0.28908767451130674,0.43832833495610485
27,0,0,0.11486209609950201,0.13045559349900304,0.11815310129719997,0.12751932442188263,0.12996663879476844,0.12884170264105949,0.12496640945890258,0.11762961024246214,0.13182544894655526,0.12746802224371767,0.12704414129257202,0.13135855701473678,0.1262207606993669,0.12692442340656845,0.12297233508163839,0.13027982408945343,0.1321256981901504,0.13332584500312805,0.13151992851716357,0.12407145824362424,0.12904918152085967
28,2,0,0.30180237972827184,0.2941561692159964,0.26166531884858796,0.3609846532344818,0.32066027926857116,0.21980327695235297,0.29317867954137705,0.37047476954267944,0.28258666074568606,0.40097002850101643,0.39991822838783264,0.40637695057235346,0.276575323354026,0.356150326850599,0.3572558059481115,0.2696232023056535,0.4030032826535648,0.3941285014152527,0.3586014376700982,0.29130532274127374,0.345652925455659
29,0,1,0.6683369947903828,0.6753854374193746,0.6841978437559075,0.6600375771522522,0.6690637914526603,0.6866269706409157,0.6739414358685821,0.6805105645599585,0.6732123232369444,0.7172018552423229,0.6939584016799927,0.7009549077471329,0.6719992155198479,0.6896395446643665,0.6660168415218594,0.6684083259324911,0.6881628663013096,0.6610295176506042,0.6771558887894111,0.6792113122691401,0.6733307920774692
30,2,0,0.09711504785581446,0.10965045792920508,0.10686890160556944,0.09982087463140488,0.09558763914832631,0.10685810459255,0.10265017096047835,0.09328656197024426,0.10856474467230012,0.1036145466304501,0.09830430895090103,0.09313695573750888,0.10667539880820154,0.10059708612826765,0.09283965107761265,0.10906577711588897,0.10641495751371609,0.09499331563711166,0.0923469899395418,0.10984956795721496,0.100918376540181
31,0,0,0.38348097646934876,0.4254548705439089,0.5893620822050719,0.5546032786369324,0.42788171383415136,0.6427157036169318,0.5039164375510575,0.3897624838271575,0.40578924729499133,0.48143299030014963,0.42279985547065735,0.4805378368267275,0.6073611293936189,0.464613923852217,0.3946715660031369,0.41028162203235824,0.4821098731673002,0.39728355407714844,0.48270700673614814,0.5982031641924918,0.46087613103476394
32,0,1,0.9616136258565513,0.9768804619677515,0.9497654053076053,0.9432644248008728,0.94946984703497,0.9725090251202966,0.9589171316813412,0.9739643299687143,0.9803559655859583,0.9687726168683864,0.9734926819801331,0.968896002632736,0.9862307561589093,0.9752853921991396,0.9747936160437088,0.9812062471233711,0.9654113727708789,0.9748665690422058,0.9731253790151179,0.9894809937978308,0.9764806962988523
33,4,1,0.6639677650097139,0.6666602291863916,0.6464429465826191,0.6303828358650208,0.6282983020666965,0.6395189474745057,0.6458785043641578,0.6684227770822332,0.6533146521770876,0.6575100762577039,0.6437457203865051,0.6278526664024549,0.6510844390503573,0.6503217218927236,0.6695775346767066,0.6511900218412285,0.6613698353805191,0.6242931485176086,0.6135545978170259,0.6466499315061982,0.6444391782898812
34,3,0,0.13579077676037155,0.12104520996832588,0.14801217260514749,0.10630469024181366,0.07754209019285989,0.08149847271287922,0.11169890208023295,0.1254536290249493,0.12042513670512087,0.12371184712667725,0.09582864493131638,0.07266010164335991,0.10138189501397382,0.10657687574089958,0.12337223957882971,0.12208981786526842,0.12933130150714062,0.08517925441265106,0.07108372391189305,0.10948772835080069,0.10675734427109725
35,0,0,0.2915105820596526,0.21707119145024398,0.35347413072325634,0.3285471200942993,0.3834465522273351,0.33695823747932496,0.3185013023390187,0.31195973729732634,0.2177158760409174,0.3418680835256997,0.28929898142814636,0.35832928039931156,0.3742662295311568,0.31557303137042636,0.30758868582410015,0.22105976449600107,0.3396849573404531,0.29487037658691406,0.42031501558374273,0.393602844014739,0.329520273974325
36,1,0,0.2277026060339876,0.18936730971531227,0.24322143291696358,0.24510008096694946,0.23907703930416407,0.24291633249735842,0.23123080023912257,0.26675298178354123,0.20777593564282498,0.2841219416350628,0.29110652208328247,0.2557212837980768,0.27101959785287444,0.26274971046594375,0.2530367048690501,0.20343739770304978,0.2567051163731956,0.27721312642097473,0.2404666910719611,0.27603590382723886,0.25114915671091165
37,2,1,0.09645010254610216,0.10877834146367946,0.09736928191286293,0.0999700054526329,0.1138653608972322,0.10178680940106753,0.1030366502789295,0.09129554314164576,0.10706448073718348,0.10182102849815194,0.1064213365316391,0.1121255442412825,0.10693286884126578,0.10427680033186143,0.08855652720485226,0.10690287066561832,0.09585780465061759,0.104085773229599,0.11003098561989304,0.09938811641640022,0.10080367963116339
38,4,0,0.11454900167682304,0.12249831197266846,0.11695596790103512,0.11617303639650345,0.1261047472128505,0.11808279259873238,0.11906064295976881,0.11364271974577037,0.12598528966242536,0.11611768836444221,0.11242704093456268,0.1246436829984506,0.1203758879071929,0.11886538493547401,0.11297397996591965,0.12467766019401512,0.11836127605630459,0.11183380335569382,0.1240588305723288,0.11998994524266525,0.11864924923115452
39,3,0,0.6618998678444195,0.5752009587487881,0.612558041732746,0.5874695777893066,0.6028272798580121,0.60096517548206,0.6068201502425553,0.7112188446218639,0.6107485204279376,0.63971308245356,0.6441270112991333,0.5949549655218074,0.6180495042380206,0.636468654760387,0.7029963886240579,0.6019686259490643,0.66634595855863,0.6433982849121094,0.599614575291738,0.6153184233644763,0.6382737094500126
40,1,1,0.6593232680691532,0.6261410864395595,0.6013193304672885,0.5913539528846741,0.6308603599241422,0.6391007999085982,0.6246831329489025,0.7521576139794519,0.7774510066596646,0.9225946881369036,0.9062783122062683,0.913308474558844,0.9101591117298305,0.8636582012118271,0.7193226927280086,0.7825544242445124,0.832330092770883,0.8529158234596252,0.8666927306546268,0.8362194414502429,0.8150058675513164
41,1,0,0.5774480197159445,0.6424910378421334,0.5272437358447516,0.5070234537124634,0.5333199347049699,0.4379245174560883,0.5375751165460585,0.6374114381988297,0.6818381728154457,0.6288412809192625,0.6482340097427368,0.647016273382232,0.6275600030156429,0.6451501963456915,0.6509842041934054,0.6755843600226478,0.6024723750834382,0.5850114226341248,0.5970862757715878,0.5922049658354638,0.6172239339234445
42,4,0,0.8270450300974009,0.7843881403292322,0.882141900252709,0.8773307800292969,0.8464809751479622,0.8432836742631601,0.8434450833532935,0.8243342707124931,0.7881419947943938,0.8504914829297943,0.8582115173339844,0.8376320680843689,0.7879046380103885,0.8244526619775704,0.8286272317135638,0.8025948211300192,0.8588704383118039,0.861931324005127,0.8449588554415011,0.8108197941411218,0.834633744123856
43,1,0,0.11824701954732568,0.12914572951664233,0.15663228177604163,0.14113561809062958,0.14072439658381972,0.13858717724917657,0.13741203712727257,0.11622432094414854,0.1322400910453405,0.15368560026064484,0.1477050930261612,0.13491172273187044,0.13524253648520912,0.13666822741556242,0.11761214857266317,0.13161460314906007,0.14564867555843886,0.14204707741737366,0.12193132372404723,0.13760488544436475,0.13274311897765795
44,0,1,0.8787303538059758,0.7622408432777513,0.9611529331343245,0.9574230909347534,0.9604983220865645,0.9290785298150215,0.9081873455090652,0.9245606027882131,0.8753526090074257,0.9665659519009394,0.9764459133148193,0.9791800892827192,0.9670456546204824,0.9481918034857664,0.9205759900752218,0.854662654846259,0.9684034626038787,0.976437509059906,0.9650143254820467,0.9649265415356952,0.9416700806005012
45,4,1,0.6460523411931932,0.6642126767388391,0.6464429465826191,0.6303828358650208,0.6282983020666965,0.6350562939490252,0.6417408993992323,0.6538035262631853,0.6490888703311686,0.6575100762577039,0.6437457203865051,0.6278526664024549,0.6245522224039405,0.642758847007493,0.6531266340260086,0.6494198913868876,0.6613698353805191,0.6242931485176086,0.6135545978170259,0.6273346069450354,0.6381831190121807
46,0,0,0.1132841424331789,0.12416819081572268,0.11349244301539387,0.1100861057639122,0.11900770958949923,0.1153866056466981,0.1159041995440675,0.11595231425078216,0.12537759298350087,0.11557096573099482,0.11910475790500641,0.12325944607244492,0.11212898055013494,0.11856567624881068,0.11609558605470914,0.12454096326404283,0.11452587271976812,0.11699877679347992,0.12207719018685255,0.11247041589449285,0.11778480081889091
47,4,0,0.14778133006101174,0.13704165022710893,0.1332946331236477,0.13593050837516785,0.13950301099755386,0.14824133738798767,0.14029874502874629,0.12353475490655683,0.1274817759950847,0.137272471646052,0.13794884085655212,0.1369872557407898,0.14166635233842856,0.134148575247244,0.121299412626372,0.12833749781119577,0.13204276902822668,0.14417922496795654,0.14501800827375255,0.1414308272104913,0.1353846233196658
48,2,1,0.6894571726293808,0.6946797949391497,0.6762430726547168,0.647142231464386,0.6450439792475352,0.6644341047829869,0.6695000592863593,0.6875667630451717,0.7012150939839373,0.675997785176333,0.6533399224281311,0.6490436520796168,0.6660263426610057,0.6721982598956993,0.6823261041191024,0.704094243450343,0.6937382457147571,0.6564990282058716,0.6546938388066356,0.6730126675488597,0.6773940213075949
49,1,0,0.12977723783014344,0.14077199709655128,0.15951782945032864,0.17479906976222992,0.17664424293045838,0.1637822628191588,0.15754877331481176,0.11674282997877289,0.13027566453003336,0.14907735256398613,0.1640625298023224,0.1526013781322072,0.1507588215150708,0.14391976275373214,0.12223493275105447,0.13859954015277293,0.14350798100830967,0.16130830347537994,0.14235079146465038,0.13847512090910905,0.14107944496021274
50,2,0,0.6231846242929747,0.6379735912261026,0.6189292243470496,0.5760478973388672,0.5460608143874313,0.5509935005579272,0.5921982753583921,0.6614143256582954,0.6634184006742442,0.575659159767417,0.6008166670799255,0.579998490468426,0.6421627059378406,0.6205782915976915,0.6453830595894131,0.6622383535276585,0.6189954583528178,0.6026853919029236,0.5966726954266272,0.6193760764444778,0.624225172540653
51,4,0,0.10011061237354316,0.2826825498788906,0.09813473715375783,0.0602048859000206,0.05264817497170131,0.07190297349738337,0.1109473222958828,0.05957341090058246,0.16280997735229144,0.05752827299365028,0.04189232364296913,0.042857524226956434,0.024575623263474917,0.0648728553966541,0.06038420255617005,0.1836734680710122,0.07440188916713543,0.05167797580361366,0.04031294215704299,0.04920355802624964,0.07660900596353731
52,4,0,0.11048454024931618,0.12225186888323755,0.11530949152691258,0.11274462938308716,0.10762706704894773,0.11808279259873238,0.11441673161503892,0.11321514625818101,0.12598528966242536,0.11409409723500709,0.11011215299367905,0.10948071005850166,0.11818704177638976,0.11517907299736398,0.10874548537522753,0.12467766019401512,0.11379881846070931,0.10817784816026688,0.10836804363682666,0.11831523043457921,0.11368051437693745
53,1,1,0.9731798409783988,0.9660725892191827,0.9475934266539252,0.9559469223022461,0.9577346803934341,0.9715620136714653,0.9620149122031088,0.9675149272769746,0.9747096299150377,0.9710199956057817,0.9637759923934937,0.9670110015002774,0.9850453663122332,0.9715128188339663,0.9676044820386295,0.9750023479235165,0.954960143229661,0.964177668094635,0.9638286458594884,0.9819973221075929,0.9679284348755872
54,0,1,0.8465305990027691,0.7894331118591136,0.8553911470510885,0.8743497729301453,0.8525468755566673,0.8578462518382473,0.8460162930396717,0.8276422626133683,0.7733130366197715,0.8096180033238887,0.8235182166099548,0.8152493087272447,0.8130785674128561,0.8104032325511806,0.8347474922983156,0.7815376865519568,0.8250269651862745,0.8317059874534607,0.8380418778097757,0.8217287673612431,0.8221314627768377
55,2,0,0.4114974970101809,0.41755016468232,0.1894654116331002,0.2284136861562729,0.2003361723730258,0.2502705944734926,0.2829222543880654,0.3141715594412558,0.3776931324135955,0.1650121109293029,0.22516478598117828,0.19192426950000466,0.26277483639760846,0.25612344911049095,0.322455125714447,0.3958782362273272,0.20837675105500372,0.23180967569351196,0.20253226087528822,0.24926387531391253,0.26838598747991504
56,0,1,0.28382621656443924,0.2950616037538588,0.2426549325687947,0.3044978976249695,0.2691800067598084,0.2828356350459717,0.27967604871964036,0.2883193390300663,0.28541310586944857,0.2708457716512099,0.32332420349121094,0.29356345101381986,0.30573295813824836,0.2945331381990006,0.28587556135535536,0.28038062642184525,0.2709117925159509,0.3048761487007141,0.30689971250689513,0.29345001068435383,0.29039897536418574
57,1,1,0.8224123556630674,0.7431702932759535,0.8595362980588649,0.8777972459793091,0.850116243294492,0.8345328793770902,0.8312608859414627,0.8230491835503014,0.7618322382103315,0.8285465343180095,0.8268656134605408,0.8242910125274177,0.766537248742036,0.8051869718014395,0.83526184628549,0.7644017103562686,0.8422704409673957,0.8645410537719727,0.8595085186281926,0.7877048005985348,0.8256147284346423
58,4,0,0.11784863536363413,0.13502169266868094,0.12478225417039124,0.10150127112865448,0.12400472176569664,0.12705416708239667,0.12170212369657568,0.12618060088210492,0.13382565065671698,0.12949309890325297,0.10104850679636002,0.10987794729447384,0.12502661340935575,0.12090873632371073,0.12799669108027384,0.13040492787590052,0.12352946955456157,0.10418281704187393,0.12416490101868297,0.12150845759118681,0.12196454402707993
59,2,1,0.8742687858027696,0.7571546165968044,0.9568757189967968,0.9576602578163147,0.9620659175740348,0.9030225177870047,0.9018413024289542,0.914464909580488,0.8606614521387218,0.9622157631284561,0.9576708674430847,0.9759487387352417,0.9538516637030787,0.9374688991215118,0.9204623306410837,0.8583043406956015,0.9604799620543523,0.9504397511482239,0.9690216447415031,0.9782720292797327,0.9394966764267494
60,4,0,0.08664110062173074,0.2328035488839114,0.07475130703319324,0.05747085437178612,0.046975310048151586,0.034185731282209045,0.08880464204016367,0.07006675045717559,0.13608000558056282,0.04975993790816581,0.046929981559515,0.04100425450309047,0.017092009808312162,0.0601554899694703,0.08366322628037073,0.15339437001550849,0.061584084269453825,0.0638849288225174,0.0425242656569225,0.028636837122265703,0.07228128536117309
61,0,0,0.11903060987870764,0.13465111645021652,0.15637648273800994,0.14959527552127838,0.15151607934118383,0.13888243144968965,0.141675332563181,0.11630700832888544,0.13220802450354005,0.1592720830079884,0.13846971094608307,0.13350691475336085,0.1349012067892397,0.1357774913881829,0.11914167178167036,0.13078355054818314,0.1623725981007253,0.14016607403755188,0.13687770317983974,0.12839299216102135,0.13628909830149863
62,1,1,0.9669841184899368,0.9461405956066778,0.9259489664883992,0.9438417553901672,0.9415730381286151,0.9577174862591058,0.9470343267271503,0.9630720490037197,0.9702328596302514,0.9529030776356666,0.9574981927871704,0.9575486576067046,0.9787008906512903,0.9633259545524672,0.9568127337490933,0.9637744168175366,0.945808639594136,0.9616048336029053,0.9597200863681494,0.9742729946967248,0.9603322841380908
63,1,0,0.3310461914316234,0.2998814439502803,0.36614071238011503,0.3497156798839569,0.3764210361044984,0.37984816874660937,0.3505088720828472,0.34713616595169017,0.3088124064529789,0.3622597771743111,0.39035364985466003,0.43733690099685507,0.3772603912963881,0.3705265486211472,0.3460956635496184,0.2989497054658622,0.37693358399210825,0.37942805886268616,0.3471402412919951,0.32757050699313145,0.3460196266925669
64,0,0,0.1330564790334708,0.33519387839682396,0.16258065218350476,0.15771935880184174,0.16383644685512808,0.14805749979441563,0.1834073858441975,0.09147502955061672,0.2008908176862072,0.04317436833759999,0.04965294152498245,0.03535780498407209,0.02872693917642824,0.07487965020998445,0.08834266937612899,0.2092545008989277,0.05209750349900707,0.06355179846286774,0.05219781231738775,0.04484597346814929,0.08504837633707808
65,0,0,0.21568356819067924,0.20086466029324335,0.2642243322525049,0.29983940720558167,0.30264958811487386,0.2741464825466434,0.2595680064339211,0.2229328946716073,0.1956567648095762,0.2944146984263747,0.33529210090637207,0.305646263728046,0.2985042603281477,0.275407830478354,0.22003551274788136,0.1998711362774349,0.26897420041743075,0.3153752088546753,0.30922396827508203,0.2733476624061528,0.26447128149644283
66,3,1,0.7202677941158836,0.628519269955177,0.6695159202188558,0.6745628118515015,0.698082950274033,0.7477469569996593,0.6897826172358518,0.7773181547721096,0.7172076941539475,0.8955743102396836,0.9142808318138123,0.9032818739134159,0.8900403194980561,0.8496171973985042,0.7897896339201804,0.711616557612569,0.901988771694406,0.8621318936347961,0.8990454681736001,0.8911338498606867,0.8426176958160396
67,0,1,0.8394101504076882,0.8519422903619326,0.8183596115985963,0.8693214058876038,0.8623317809649788,0.8654794930416003,0.8511407887103999,0.8297921989822582,0.8210274802181228,0.814258901132224,0.8087821006774902,0.8127565566975928,0.8517831876752031,0.8230667375638151,0.8251620635465898,0.8308901066422582,0.8039569537542364,0.8118505477905273,0.8355188085972417,0.851514382247909,0.8264821437631269
68,1,0,0.12194269929241837,0.12252686410027008,0.12276696034361477,0.1229899600148201,0.1196561324579639,0.11568489994271733,0.12092791935863409,0.11872714119098665,0.12353535582754915,0.11913869546793994,0.11646893620491028,0.11717061144960238,0.11830554846110047,0.11889104810034813,0.12002311951085853,0.12298365443064856,0.12260555508412847,0.12831880152225494,0.12238217068349808,0.12006128536819519,0.1227290977665973
69,0,1,0.27484486197482316,0.3872615825773627,0.2315757015269507,0.14951951801776886,0.12139908466222873,0.26515809146797814,0.238293140037852,0.15794138279370812,0.24909552430320925,0.04644878970429432,0.027268318459391594,0.01972488544355976,0.040127119608748395,0.09010100338548524,0.1729677410400413,0.26083951200880967,0.046906613979777696,0.02872324362397194,0.024523895279584505,0.055670777906372836,0.09827196397309299
70,3,0,0.09250721846079593,0.1016516571617137,0.09806050539698481,0.09082034230232239,0.09073196078500101,0.08372629258183148,0.09291632944810822,0.08782671882030108,0.10832807746405995,0.09844373307400436,0.09442780166864395,0.09514390732324263,0.09358691933842932,0.09629285961478021,0.08944139109729583,0.10835937748157659,0.09591532028211301,0.09118317067623138,0.09417192825849753,0.08741118726047713,0.09441372917603191
71,4,0,0.117502428011969,0.12268383965166194,0.12417833453545654,0.126456156373024,0.1290503957564348,0.12147350507657573,0.12355744323418699,0.11883624226520179,0.12564555047155215,0.12442924965796062,0.12984853982925415,0.141198039235245,0.12427023090250612,0.1273713087269533,0.12233397738726992,0.12297997124573319,0.12207532630076273,0.1318228840827942,0.13061367429359377,0.1134216685491622,0.12387458364321934
72,1,0,0.1632013718071691,0.2746442842216014,0.11431246452875117,0.10871889442205429,0.10187062046135997,0.07762191738508424,0.14006159213767005,0.09784587958198485,0.1667077906192002,0.044222489738810614,0.03384967893362045,0.032095304952260074,0.03225619221502413,0.06782955600681673,0.08077452987099885,0.18215307666735553,0.05253521850869957,0.051461439579725266,0.04605049980170614,0.03414113121625917,0.07451931594079074
73,1,0,0.30906131357475053,0.20385146222011769,0.1794041304688335,0.2199496328830719,0.2886947186327707,0.30031223223855386,0.2502122483363497,0.2750735423924383,0.182095239418734,0.1994721427433106,0.22694234549999237,0.3110677095968948,0.3131249945033838,0.251295995692459,0.30554352840829613,0.2141857967376476,0.16471387952557895,0.2284381240606308,0.34553439224016724,0.30951991162194253,0.2613226054323772
74,3,0,0.09603002087839062,0.11261286727320877,0.11697430388988705,0.1146191880106926,0.10908837817983455,0.11044147640126925,0.10996103910554715,0.10884833237070851,0.11148511950762173,0.11618752876672453,0.1138322576880455,0.10667823533384678,0.12557774740607117,0.11376820351216971,0.10200250458060642,0.11356899124796366,0.11356137342374552,0.11238915473222733,0.1095286106971228,0.12450388908461786,0.11259242062771393
75,2,1,0.2958276119944224,0.1962294614158274,0.365651787898134,0.3010091483592987,0.27026936692556214,0.38711130385263154,0.30268311340764603,0.33547317990972586,0.19379793874343926,0.33970780278544854,0.3454147279262543,0.2535947619772526,0.33309032464434796,0.30017978933107803,0.3388149581507366,0.1837380306610522,0.4542843125270471,0.3660886585712433,0.2922361766851357,0.3285624051486021,0.3272874236239695
76,0,0,0.16577850998246935,0.16766231483072447,0.12036946180385032,0.16087551414966583,0.17785478774237654,0.12555182100389298,0.15301540158549656,0.16235188561501002,0.17466204899946147,0.15099378393892604,0.17181415855884552,0.17243388425360995,0.1408286613707916,0.1621807371227741,0.15906370244726803,0.1801944844991629,0.1485952424302627,0.17525361478328705,0.16343927367754546,0.1369034295307379,0.16057495789471066
77,1,0,0.11117115028752492,0.12226235103574776,0.11204109972703512,0.10878746211528778,0.10665020681316287,0.11739161809222358,0.11305064801183032,0.10853714922800538,0.12374221187911533,0.10251329035440893,0.10677272081375122,0.10994239717777682,0.1158202672198735,0.11122133944548852,0.10896728926651854,0.1232386174049255,0.10955170256624945,0.1041194349527359,0.10286878364507133,0.11686116006876533,0.11093449798404434
78,3,0,0.09254376488299716,0.10921703603321037,0.10552787592477407,0.09316202998161316,0.09616157119315746,0.0988738035943446,0.09924768026834946,0.09524300088004077,0.11027438498600986,0.10584063778567189,0.09442780166864395,0.0994483143379139,0.10089442604436064,0.10102142761710683,0.09478228998708763,0.10989959457668844,0.1073739033458172,0.09806626290082932,0.09918290274287941,0.09962101067785095,0.10148766070519216
79,1,1,0.8042300324851126,0.7008427710499063,0.9474200085093921,0.9539016485214233,0.8854306059339244,0.9160017021117108,0.8679711281019116,0.8289354921101768,0.7525636881376431,0.9552723207625206,0.9528734683990479,0.9592813084351756,0.9437677237347524,0.8987823335965526,0.8305985789613028,0.7538981666591019,0.9712584259809962,0.971393346786499,0.9655731206480198,0.9587247547463942,0.9085743989637189
80,0,1,0.5892599253861333,0.6174658586422942,0.5331375685540208,0.5326007008552551,0.4991712053265004,0.536394725032424,0.5513383306327713,0.7336342432587213,0.7556872803234803,0.8656901946897221,0.8854896426200867,0.8723108684781145,0.8766152048189682,0.8315712390315154,0.7275474224528672,0.7311658316318906,0.8410503854067274,0.8307396769523621,0.7908216589693682,0.8258216299327056,0.7911911008909869
81,4,0,0.11068559607249334,0.12246987274890758,0.11567878804588795,0.11030028760433197,0.11168933109077192,0.11547897410914094,0.11438380827858895,0.1094037991068604,0.1269755489249544,0.11378483801002814,0.11050084233283997,0.11073671353483995,0.11525900077693146,0.11444345711440906,0.10875005648975952,0.12467766019401512,0.11267952168644334,0.11183380335569382,0.11230652753454705,0.11713587242347955,0.11456390694732306
82,4,1,0.11761899012955195,0.12217641769240868,0.12417833453545654,0.126456156373024,0.134008983675228,0.11617833025472697,0.123436202110066,0.11756679896424138,0.12573009300121885,0.12442924965796062,0.12970662117004395,0.1381231996691529,0.11599091824539604,0.1252578134513356,0.11976723797374822,0.12264425272602549,0.12207532630076273,0.13181214034557343,0.1344403179942763,0.11650502826384615,0.12454071726737204
83,4,1,0.6639677650097139,0.6666602291863916,0.6464429465826191,0.6303828358650208,0.6282983020666965,0.6395189474745057,0.6458785043641578,0.6684227770822332,0.6533146521770876,0.6575100762577039,0.6437457203865051,0.6278526664024549,0.6441122697947608,0.6491596936834575,0.6673129844121563,0.6511900218412285,0.6613698353805191,0.6242931485176086,0.6135545978170259,0.6397004906542375,0.6429035131037959
84,4,0,0.23384612621760997,0.18656506406535395,0.15606309106283717,0.1725464016199112,0.22539492922077256,0.21808074660182847,0.19874939313138557,0.20492251582660612,0.18307128994445063,0.20065162515664442,0.17692191898822784,0.2410539887932962,0.26293066289475536,0.21159200026733005,0.20799814705639919,0.1807819646423718,0.16289460045908652,0.17481113970279694,0.21501100734353626,0.27495412518251894,0.20274183073111826
85,4,1,0.7530586918041405,0.7356262390295741,0.826387507356122,0.7970737218856812,0.8504370794750384,0.8221330047257611,0.7974527073793862,0.7589945298447737,0.7497572615168784,0.7651532327720699,0.749312698841095,0.7758387236257602,0.7652406585869425,0.7607161841979198,0.7642504406169178,0.7605884491632893,0.7761535068607381,0.7558268904685974,0.7859021943696137,0.7735915830195503,0.7693855107497842
86,1,1,0.607071501174502,0.5653098758104416,0.5324631895888939,0.5658085346221924,0.5656547248989373,0.5490427261008187,0.5642250920326309,0.6305374883694307,0.6490722490608101,0.6427134085695929,0.6536536812782288,0.6425363129672195,0.6466818376026499,0.6441991629746553,0.6313679031496605,0.6379743448158367,0.6130772585939853,0.6102294325828552,0.5992447250919077,0.6331281312532389,0.6208369659145807
87,2,0,0.11059802292462216,0.10099050544763112,0.138514429687939,0.10629644989967346,0.1005157247242204,0.09437210731012312,0.10854787333236822,0.11702642970315791,0.09911509319473186,0.1127482685659521,0.0668635219335556,0.09862813117183936,0.07149920794834062,0.0943134420862629,0.11790698444622998,0.09115169796863755,0.10159515795716846,0.08159847557544708,0.08816920587944953,0.036137061576426745,0.08609309723389322
88,4,0,0.11408015485174282,0.12225742773028027,0.11695596790103512,0.11617303639650345,0.1261047472128505,0.11588100768528574,0.11857539029628297,0.11321483467092307,0.12433903250263867,0.11378483801002814,0.11242704093456268,0.1246436829984506,0.12088614708876375,0.11821592936756115,0.11303145123028749,0.12303140303422844,0.11836127605630459,0.11183380335569382,0.1240588305723288,0.11973404624323838,0.11834180174868025
89,1,1,0.7495377788652162,0.7829734546980069,0.7745731700847244,0.7058937549591064,0.8211940752764879,0.7131650518929173,0.7578895476294097,0.814370272909037,0.8566785626130907,0.895743561956959,0.9109330177307129,0.9176061403468709,0.8954659417773433,0.8817995828890023,0.8429497274194421,0.8692894907734273,0.9440128538086271,0.9457210302352905,0.9491193924200887,0.9202364180885552,0.9118881521242383
90,3,0,0.09333677307082681,0.10852953327492448,0.10552787592477407,0.09316202998161316,0.0915129046864913,0.0988738035943446,0.09849048675549574,0.09442975338829429,0.11027438498600986,0.10584063778567189,0.09442780166864395,0.09629043913864874,0.10089442604436064,0.10035957383527155,0.09396904249534115,0.10989959457668844,0.1073739033458172,0.09806626290082932,0.09613135507481912,0.09962101067785095,0.10084352817855768
91,0,0,0.12433903123947855,0.12575789740343854,0.11444190716467373,0.1311570405960083,0.13272729479224316,0.11849330766449258,0.12448607981005581,0.12417902580587134,0.12684576937253708,0.11557096573099482,0.12844312191009521,0.13470254362912837,0.11212898055013494,0.12364506783312695,0.1281972728822771,0.12566659655584522,0.11666480821762104,0.12497486919164658,0.13546616468981496,0.11637387321938218,0.12455726412609784
92,1,0,0.1126366996077633,0.12252686410027008,0.10139660378000612,0.11131951957941055,0.10973568079889379,0.1159600086886631,0.11226256275916782,0.10919436058006338,0.12353535582754915,0.10344612158912883,0.10901195555925369,0.11535495033359988,0.11620687696539596,0.11279160347583181,0.1101846952583628,0.12298365443064856,0.10611768883512258,0.10541945695877075,0.11198489804323333,0.1192238852830201,0.11265237980152634
93,3,0,0.4368598135540596,0.40572984137693036,0.49939714743448266,0.44419610500335693,0.43829688876697004,0.4303431406600372,0.4424704894659727,0.43219148648645556,0.40448262711312066,0.4854114268273175,0.47192540764808655,0.43634360187501087,0.36227651271762323,0.43210517711126906,0.4449663975286395,0.43017565109715716,0.49969769261758057,0.3430800437927246,0.4480903602105326,0.38802962571957106,0.4256732951610342
94,2,0,0.12599044205958598,0.1036069290540638,0.11371477203525468,0.11902246624231339,0.10802214920336911,0.14160175711567882,0.1186597526183776,0.17545991761782684,0.14062492939093976,0.11059859179585542,0.12345956265926361,0.1106479795931726,0.17865628164212913,0.13990787711653122,0.15970616349925482,0.1374742172346986,0.13321705775952003,0.12132243812084198,0.10335079255394723,0.17108367968911273,0.13769239147622922
95,0,0,0.1174088887919154,0.1225144269996355,0.08621202557945991,0.09286408871412277,0.07064134605223492,0.06993486393202339,0.09326260667823197,0.12188009524624178,0.12090229359452946,0.06888391384148775,0.09747745841741562,0.09083770065745528,0.07560337559677568,0.09593080622565092,0.12095209259355905,0.12088762343530929,0.0899245846937298,0.10422759503126144,0.08134461329129554,0.08516882011596212,0.1004175548601862
96,4,0,0.11408015485174282,0.12225742773028027,0.11695596790103512,0.11617303639650345,0.1261047472128505,0.11588100768528574,0.11857539029628297,0.11321483467092307,0.12433903250263867,0.11378483801002814,0.11242704093456268,0.1246436829984506,0.12088614708876375,0.11821592936756115,0.11303145123028749,0.12303140303422844,0.11836127605630459,0.11183380335569382,0.1240588305723288,0.11973404624323838,0.11834180174868025
97,4,0,0.3064945708073705,0.32583528611792945,0.3089885188018575,0.30399996042251587,0.2988057804886268,0.27335264904130957,0.30291279427993495,0.2956127026776468,0.32659690896870736,0.27691829877656576,0.2866850197315216,0.2885395502741805,0.25957448010151685,0.2889878267550231,0.31645756505180866,0.33617642505263523,0.28243222980477434,0.28278619050979614,0.3010068982198601,0.2939312850022261,0.30213176560685007
98,1,1,0.3302838410068814,0.3066917711316588,0.34904124389367236,0.3193422853946686,0.3097119524404989,0.3873342248743695,0.3337342197902916,0.26742772519921326,0.2989101695522524,0.3445025777926625,0.3571140468120575,0.345697611655765,0.28918787906050714,0.31714000167874296,0.2836646037636026,0.3113868566520976,0.30382456264116603,0.29875999689102173,0.3000382748476016,0.3475393631339923,0.3075356096549136
99,1,1,0.8651656866179864,0.8049935213039348,0.8725015358066524,0.9002560973167419,0.8878173243827842,0.8657403275944261,0.866079082170421,0.8845676471151274,0.8922078098612171,0.9382890869176052,0.9382032155990601,0.9463580691451507,0.942278209774444,0.9236506730687675,0.8789476692277312,0.8783800519253483,0.8833764653690898,0.9182823896408081,0.9178341166283893,0.9194290498934317,0.899374957114133
100,0,0,0.1337223326084841,0.12572230730336206,0.11289328306421688,0.1157313883304596,0.13037127279073246,0.1694543664162588,0.13131582508558565,0.14231797911968366,0.14457187313212838,0.14696793131487787,0.12334281206130981,0.12152984485594277,0.19201149217564673,0.14512365544326486,0.14708948014414772,0.14618372181978492,0.15518763232187727,0.12890614569187164,0.13105016994884033,0.22640219591410926,0.15580322430677185
101,4,0,0.5563975545812864,0.5733060466553992,0.48233207095220154,0.5105408430099487,0.5168352606296658,0.4931065226458421,0.5220863830790572,0.5618898634642168,0.5827793221812961,0.4972987463313991,0.5264851450920105,0.5502934195588964,0.5011972522333181,0.5366572914768561,0.5460669310987887,0.5846526839191734,0.512124412563952,0.5121994018554688,0.5206194548375026,0.5008693571519556,0.5294220402378068
102,4,0,0.10807194326151368,0.12201098464084938,0.11530949152691258,0.11274462938308716,0.10762706704894773,0.11588100768528574,0.11360752059109937,0.10921078074809619,0.12433903250263867,0.11179675946257829,0.11011215299367905,0.10948071005850166,0.12088614708876375,0.11430426380904292,0.10779285562949438,0.12303140303422844,0.11379881846070931,0.10817784816026688,0.10836804363682666,0.11973404624323838,0.113483835860794
103,2,0,0.3947454715377451,0.3646740619311313,0.4714201995255251,0.4534046947956085,0.5178137724181952,0.4639063613489926,0.44432742692619964,0.4111975603493829,0.3423697596653216,0.4616344933321148,0.4437791407108307,0.4768657257351302,0.43389388015230324,0.42829009332418055,0.42592942314984694,0.345931960464796,0.438512941168504,0.4676555097103119,0.4850632070384954,0.4109171539574008,0.42900169924822584
104,0,0,0.12207855740531857,0.1256420287723765,0.1281703249120193,0.1433340311050415,0.1549738819960866,0.11531621339460944,0.1315858395975753,0.12328517655303112,0.12739524518461542,0.13487529969775233,0.13890254497528076,0.14727259499689677,0.11212898055013494,0.1306433069929519,0.12178372865349692,0.12599945450389,0.12440326207446262,0.13929957151412964,0.14498702449852588,0.11537470497230182,0.12864129103613448
105,1,0,0.10270144769778937,0.1103429222718535,0.10239879969431943,0.08688067644834518,0.0892596515779776,0.07535942670570973,0.09449048739933247,0.09534910293480238,0.10608814966794683,0.09784973631279499,0.09657955169677734,0.09317963539729632,0.09493594265832417,0.09733035311132367,0.09274441791278644,0.11062586982017547,0.10920447939145991,0.09311424195766449,0.09023184146339318,0.09878050929637638,0.09911689330697598
106,0,0,0.11486651826614223,0.12538523944215207,0.11682133925561256,0.12324800342321396,0.12330046035889511,0.11657807272649505,0.12003327224541849,0.11762096443089919,0.12637782349179733,0.10762039062263444,0.11437251418828964,0.12464474459871021,0.11212898055013494,0.1171275696470776,0.11655845733627852,0.12536910551641872,0.11764400938686229,0.1131223514676094,0.1258491120203095,0.11560124131195605,0.11902404617323907
107,1,1,0.6344682760692001,0.6281146065195834,0.6352905982673659,0.5897123217582703,0.5709916891624298,0.5927040295621633,0.6085469202231687,0.6572267438804144,0.6320471471255609,0.5852217370818497,0.5817765593528748,0.5851785562326528,0.6054120909455732,0.6078104724364877,0.6629854248525772,0.6417337303051002,0.5949407178992637,0.6064022183418274,0.6010051921238143,0.6162043174608376,0.6205452668305701
108,4,1,0.1053197302606249,0.12201098464084938,0.11530949152691258,0.11274462938308716,0.10762706704894773,0.11588100768528574,0.11314881842428456,0.10760524227831887,0.12433903250263867,0.11179675946257829,0.11011215299367905,0.10948071005850166,0.1186892746300312,0.11367052865429128,0.10665196362436352,0.12303140303422844,0.11379881846070931,0.10817784816026688,0.10836804363682666,0.11806242388084655,0.1130150834662069
109,0,0,0.1172643047334319,0.12467612044358704,0.11517998477872735,0.13044552505016327,0.12682017804072201,0.11533261235035266,0.12161978756616404,0.11961481051126639,0.12768071505786804,0.1145349919897892,0.11604773253202438,0.13629113475503576,0.10855333779115559,0.1204537871061899,0.11940665292753914,0.12623810789774187,0.11822615299459645,0.11484384536743164,0.1374598795262551,0.11677954442271771,0.12215903052271364
110,2,1,0.6618036868795805,0.649295279036154,0.5670517752457112,0.4982181787490845,0.5318557749088958,0.6771773820264056,0.5975670128076386,0.7194812935961,0.6942117706948524,0.764159885148151,0.7401185035705566,0.6962513602518573,0.6967348810092252,0.7184929490451237,0.6946750541354442,0.6905407498653763,0.7579897573600224,0.7198317050933838,0.7047579802271602,0.6863153534062783,0.7090184333479441
111,1,0,0.3325654140099496,0.3153688704010703,0.37443445623745875,0.3286319077014923,0.2923343518022884,0.2896363263880191,0.32216188775671306,0.33559350196262,0.31671355950737684,0.35599881379421483,0.3527391254901886,0.29841507704845044,0.289334135608729,0.32479903556859663,0.34267389662838976,0.3251020307387329,0.3032147550068192,0.3443003296852112,0.2854867997402505,0.30800783101810336,0.3181309404695845
112,3,0,0.6648082108347276,0.6727486409380412,0.6525216058340364,0.6596012115478516,0.6526808396949532,0.6903263334767173,0.6654478070543879,0.36804993856442003,0.41621023118250644,0.09240163992360502,0.11746416240930557,0.1190166790853254,0.165800155574652,0.21315713445663576,0.37702404291199537,0.4292326625352474,0.08658822106115804,0.11560225486755371,0.12139048114062287,0.18440188848505912,0.2190399251669394
113,3,0,0.09153453602677823,0.1081896537934141,0.10552787592477407,0.09316202998161316,0.0915129046864913,0.09765843851090648,0.09793090648732955,0.09363351939851583,0.11027438498600986,0.10584063778567189,0.09442780166864395,0.09629043913864874,0.10021928061090232,0.10011434393139876,0.09317280850556268,0.10969635969623835,0.1073739033458172,0.09806626290082932,0.09613135507481912,0.09962101067785095,0.10067695003351959
114,0,0,0.5679049117307206,0.5760333255135026,0.5023694993911069,0.5112327933311462,0.5248008208187088,0.5416637911162168,0.5373341903169003,0.28588026055977767,0.37389089819280535,0.040699924104912036,0.024717222899198532,0.020459072549888175,0.05503232424064824,0.13344661709120498,0.3177808719045137,0.37675154491701607,0.0441550839544248,0.03286024183034897,0.0340328933236679,0.07050394386583325,0.14601409663263412
115,0,0,0.6485958317029895,0.6688202831657593,0.6241712778070341,0.6347236633300781,0.613346075932379,0.6220103946363682,0.6352779210957681,0.693350936607476,0.6705087347424264,0.7365481843065637,0.7236306667327881,0.7097047386980544,0.6841808647647404,0.7029873543086749,0.6810068255507384,0.6596845204973315,0.7220953599341682,0.6945298314094543,0.6811812303901839,0.6767012620246735,0.6858665049677583
116,4,0,0.11707464270246407,0.12225186888323755,0.1296140708291103,0.1333598643541336,0.1261047472128505,0.11808279259873238,0.12441466443008806,0.11364271974577037,0.12598528966242536,0.12928176722832196,0.13048313558101654,0.1246436829984506,0.1203758879071929,0.12406874718719628,0.11297397996591965,0.12467766019401512,0.1288881790815802,0.12974430620670319,0.1240588305723288,0.11998994524266525,0.12338881687720202
117,2,0,0.07744741655566845,0.08991602154208286,0.04294577266719964,0.04120790585875511,0.03728871330454548,0.04473328677340039,0.05558985278360865,0.07976677808083081,0.08653030365231575,0.0450849934445982,0.04991760104894638,0.03992396239649712,0.05708790976211523,0.05971859139755058,0.07642023497089986,0.09370682683885667,0.04531409986984576,0.054465509951114655,0.04175010325626765,0.052422673813698625,0.060679908116780534
118,1,0,0.10653973620340862,0.12575000032590197,0.11756767484242296,0.11378046870231628,0.12595474682397134,0.13335820685060729,0.12049180562477141,0.1040938731172625,0.1000079308727795,0.11185265424735932,0.1138906180858612,0.15124172683897358,0.06071873864954985,0.10696759030196432,0.10093643251638797,0.11080454817953128,0.11708041828949439,0.106350839138031,0.12425608141520114,0.061165883568478345,0.10343236718452067
119,0,0,0.4402239026581259,0.42223016171177025,0.4139441021009071,0.4905725419521332,0.4361267350931274,0.4040392803386616,0.43452278730912086,0.4155502109550338,0.42788891968766873,0.46199258664879406,0.5246130228042603,0.47487931085672797,0.5346538197909998,0.4732629784572474,0.4253062314469,0.4534555493131257,0.45011850651654034,0.47703516483306885,0.5161236363637274,0.5226536317958246,0.47411545337819777
120,3,0,0.17594228131293785,0.3572500108260105,0.18301331896043563,0.1392308920621872,0.12696395307481143,0.16098142920808683,0.19056364757407823,0.10726883921238911,0.19747953465193557,0.04905707549158022,0.09943250566720963,0.09436595414446941,0.06133640149547866,0.10149005177717708,0.10691033594365017,0.20488463883261857,0.05472734645379661,0.09845596551895142,0.09300916715529285,0.0719405301587737,0.10498799734384723
121,1,0,0.13331902327811898,0.1315591834931779,0.16250055725199739,0.17819806933403015,0.2567519891541638,0.182441591512425,0.17412840233731885,0.1603106150827371,0.12909985449538183,0.19380538429730124,0.21941924095153809,0.30609186987756226,0.19773579628893742,0.20107712683224296,0.1609061852919564,0.15084870516395038,0.16234621812995192,0.20854707062244415,0.3238490570246733,0.19060804611064933,0.19951754705727093
122,1,0,0.11300477033300141,0.12226235103574776,0.12276696034361477,0.12022838741540909,0.12090573609240574,0.11739161809222358,0.11942663721873373,0.11276096344163035,0.12374221187911533,0.11432582169299549,0.11409614980220795,0.11610243532371987,0.1158202672198735,0.11614130822659041,0.11322890743452144,0.1232386174049255,0.11730421912992205,0.12677642703056335,0.12383486490648382,0.11686116006876533,0.12020736599586357
123,4,0,0.17254695714442267,0.15202193255645147,0.20119869758386544,0.22643713653087616,0.3104293283132012,0.19201520157653135,0.20910820895089138,0.18132087654104487,0.16329855326775966,0.19557295918899104,0.2412567138671875,0.2964349390030088,0.2355718005264612,0.21890930706574213,0.16885445250541836,0.14578020348480766,0.19572199549318428,0.2337472140789032,0.2913417389970935,0.20117191588845187,0.20610292007464315
124,2,1,0.836593922480709,0.8546160983236323,0.8881016097085346,0.890259861946106,0.8832084601103721,0.9427055902160739,0.8825809237975712,0.8213437401891813,0.8308171613508595,0.8815088562098607,0.8896695375442505,0.8591940915306749,0.9244702563815999,0.8678339405344044,0.8294529064627382,0.8299113186094399,0.8668009053355568,0.8693175911903381,0.8621349199416062,0.9372584601055665,0.8658126836075408
125,1,0,0.2591976955325714,0.28339873835788304,0.252494474211367,0.22410914301872253,0.21265644457437902,0.2898559534686003,0.25361874152725383,0.2387081473698,0.2871638089941834,0.2430434412846987,0.28018301725387573,0.24066650946801482,0.20406450888233407,0.24897157220881777,0.24690270079581553,0.2890625314339882,0.23021553671260753,0.21174101531505585,0.24889042923182733,0.24639394201503118,0.24553435925072092
126,2,1,0.5820480719714742,0.5823211855996315,0.6517488864110434,0.60774827003479,0.5883560299226692,0.5704288925544589,0.5971085560823445,0.6678017223734494,0.7113678859089831,0.9374396761762334,0.9234251379966736,0.9528441866839152,0.8201209262414396,0.835499922563449,0.6726230990959704,0.7070104630364167,0.9184663814769034,0.911368727684021,0.922558658301019,0.8313246837120007,0.8272253355510552
127,0,0,0.10569288228577395,0.12330103482600123,0.12628751944671354,0.12359362840652466,0.12628636102264607,0.1232630742884905,0.12140408337935832,0.10954892389690064,0.1266784978387005,0.12746802224371767,0.12704414129257202,0.13135855701473678,0.1240566582791768,0.12435913342763408,0.11518570833201103,0.12766695731793057,0.13406134615825688,0.13332584500312805,0.13151992851716357,0.12379773597932811,0.1275929202179697
128,1,1,0.10592633785716701,0.12226235103574776,0.11931456801576855,0.10460451990365982,0.09690414773495748,0.10430249287491528,0.10888573623703597,0.10521010105940205,0.12334865492346742,0.10961986934797403,0.10206126421689987,0.10335800124090294,0.1057426041043611,0.10822341581550124,0.10567910452863793,0.12289166943637823,0.11317882502161451,0.10223425179719925,0.10412326074201234,0.10777453487208867,0.10931360773298848
129,0,1,0.7376922745375611,0.739409910915053,0.6912455413326236,0.6487271189689636,0.6294077875302307,0.7491993355682237,0.6992803281421093,0.8210786822010013,0.8656888404102737,0.9214371716301961,0.932746410369873,0.9280409709893046,0.9463140286354775,0.9025510173726876,0.8159270488714859,0.829003072150137,0.8919370332988498,0.914008378982544,0.9034422901100476,0.9173670729234087,0.8786141493894122
130,2,0,0.10456501437493068,0.10974002225225364,0.09917291108748402,0.07662557065486908,0.06481630684372647,0.07431851410561466,0.08820638988647975,0.09834021242862961,0.10868041240985164,0.13520148276691624,0.06921222805976868,0.06604898158323398,0.0898640030530634,0.0945578867169106,0.09594935827837953,0.10904346684698898,0.09230937434802258,0.07105477899312973,0.07569842852718277,0.0710464701880131,0.08585031286361945
131,2,0,0.09621224266676687,0.10845744061196659,0.08860786381859506,0.06895138323307037,0.07289755013274027,0.10121040561518116,0.08938948101305338,0.09769646386055622,0.10739242323493729,0.09675896189772572,0.0781666487455368,0.06757570992985051,0.1051909323419643,0.09213019000176181,0.09313619920621855,0.10723081316337214,0.08395031422933472,0.07442793995141983,0.07091126898314616,0.10769389033723135,0.08955840431178712
132,0,0,0.11349792346156012,0.12330690923466375,0.13131082670755362,0.11369666457176208,0.1036126678092312,0.1032278989388678,0.11477548178727306,0.11616113206144703,0.12431202764028998,0.13140475900090937,0.11980204284191132,0.09978400522311506,0.11178368323178868,0.1172079416665769,0.1153552562077254,0.12359654882257681,0.12216171769173521,0.12234813719987869,0.09700615887457742,0.10971390910292618,0.11503028798323661
133,4,0,0.5926773270820758,0.5908020169033796,0.49064904663256753,0.4758593738079071,0.45350505181592116,0.42635034685755213,0.5049738605165672,0.6397302339737955,0.647542726869733,0.5637902293749621,0.5508719682693481,0.5239127696624968,0.5243587907088668,0.5750344531432003,0.6353210722637609,0.6509958076344025,0.561626008444769,0.5348389744758606,0.5156955911780616,0.5216824923313584,0.5700266577213687
134,4,1,0.8320405412807856,0.7881585829772746,0.8608785880176235,0.8703550100326538,0.8416865840419174,0.8448942572077318,0.8396689272596645,0.8266067817244029,0.7911858277730094,0.8245106394837136,0.8352652192115784,0.828949944335849,0.7948833309647219,0.8169002905822125,0.8375664093921402,0.804913890949089,0.8463588459206638,0.861931324005127,0.8449588554415011,0.8262827224858872,0.8370020080324014
135,0,0,0.12156508458401433,0.1312271777798214,0.11349244301539387,0.1100861057639122,0.11900770958949923,0.1419736647498953,0.12289203091375604,0.11941127019852653,0.13104446161133154,0.11557096573099482,0.12270117551088333,0.12325944607244492,0.1479913344933174,0.12666310893624974,0.11515739302130155,0.12980251676012788,0.11452587271976812,0.12070295214653015,0.12207719018685255,0.14554728245141824,0.12463553454766642
136,2,0,0.11390204584859483,0.11683064776360404,0.11303543731730817,0.1251809298992157,0.10482139583206412,0.13257876894302986,0.11772487093396944,0.11537737684834556,0.11746264967689084,0.12039295142744108,0.10916036367416382,0.09862811069274655,0.1386319231779807,0.1166088959162614,0.11296050761878242,0.11635960324365811,0.11532714030395518,0.1397503763437271,0.11712691776303862,0.13955577622846935,0.12351338691693846
137,4,1,0.9060514748664392,0.9395670774911391,0.8823232716899992,0.874445378780365,0.889469260377079,0.9456642343346076,0.9062534495899381,0.9002813555247352,0.8914006346952239,0.8935349061886158,0.8118468523025513,0.8576772770263311,0.9329268601861717,0.8812779809872715,0.9038569848067398,0.9176205143531151,0.8940485832778384,0.8454862833023071,0.8779103343285573,0.9534190896349117,0.8987236316172449
138,4,0,0.3748302251780455,0.3352057221550658,0.4535753834487806,0.4626593589782715,0.4927303787858804,0.3646400565302656,0.41394018751271816,0.3969687375224675,0.34258627944876396,0.4607108674132981,0.44901055097579956,0.46725119487353506,0.3966240971772422,0.41885862123518436,0.37186619648070496,0.3269411244055212,0.4487306460868708,0.44547584652900696,0.4704382883737761,0.34836242405772977,0.40196908765560163
139,4,0,0.13608172234619792,0.12514963641117893,0.11866285522723252,0.13900919258594513,0.12934649658315128,0.12820486547118262,0.12940912810414806,0.1375072402881739,0.1290286598287828,0.12491727981944971,0.16693814098834991,0.17398746918726887,0.13073999541222173,0.1438531309207078,0.1386414204424611,0.12447435544528952,0.12658220512239698,0.14885717630386353,0.15667974387494185,0.11830107289534975,0.13558932901405044
140,4,0,0.39352773583391093,0.35479496547151973,0.4400060286939688,0.5368642210960388,0.5651595632501344,0.45182337154000024,0.4570293143142621,0.36302838853818203,0.3330089691507658,0.43426388008978084,0.5110058188438416,0.535979903875448,0.4168924610536478,0.4323632369252776,0.388461927617413,0.35083549515682655,0.44716253917735654,0.527989387512207,0.54880454979102,0.4535931357377645,0.45280783916543116
141,4,0,0.6381088877327276,0.6296374458241564,0.5232680387419401,0.578235387802124,0.5672353885983636,0.6010473298968763,0.5895887464326979,0.3710499945811506,0.3839796687380794,0.07264724449921063,0.07930146157741547,0.0881018192542876,0.14569396702455092,0.19012902594578246,0.3709461809090892,0.39457373928379513,0.08915686965034693,0.11558763682842255,0.12175827688539899,0.1407750039747712,0.2054662845886373
142,0,1,0.5845154651101674,0.5990763128721367,0.555781750119428,0.5384719967842102,0.5488649724057142,0.5391891658960372,0.5609832771979489,0.5929478115622807,0.6107792669184139,0.586559347542736,0.5451560616493225,0.5443887651945114,0.5754091154228771,0.5758733947150236,0.5766885877366121,0.608526038877395,0.5613030949291666,0.5397453308105469,0.5166666740112053,0.5432269225672166,0.5576927748220237
143,4,1,0.6043411181496807,0.6011013370562573,0.4985843494687016,0.4827116131782532,0.4832128999148268,0.5323272314749847,0.5337130915404507,0.6320268065819692,0.6464526577778041,0.544991901728013,0.5155839323997498,0.5017141192384827,0.5815984275091758,0.5703946408725324,0.6389438899757818,0.6507445114521134,0.543613188502053,0.5125817060470581,0.5152701661225779,0.584911898709537,0.5743442268015202
144,0,0,0.10831922385029666,0.1259955537109963,0.08361308417509804,0.12285416573286057,0.11071835638650811,0.09417811473234468,0.10761308309801738,0.11681274165565438,0.12650382922141987,0.07172121566554494,0.129744753241539,0.10336377954371705,0.12770298158021712,0.11264155015134872,0.12120116033520312,0.1276134396023948,0.11159106046887661,0.12667307257652283,0.11179703314622054,0.11606203078157004,0.1191562994851313
145,3,0,0.11187898180504216,0.1233692085032196,0.10552787592477407,0.09598536789417267,0.0915129046864913,0.11862808360893574,0.10781707040377259,0.11254982968042727,0.12181248638383228,0.10584063778567189,0.1070600375533104,0.09780882009596369,0.1313232094964452,0.11273250349927512,0.11060208601064664,0.12260176464702634,0.1073739033458172,0.10090617835521698,0.09613135507481912,0.12889720102135832,0.11108541474248076
146,2,0,0.1416540777293106,0.11645202713821225,0.16137737202629607,0.11823144555091858,0.12408314336996788,0.17642688114646815,0.13970415782686224,0.20111944925586125,0.13044953665381212,0.1834280456005688,0.1359914243221283,0.15579768295120405,0.20582154879205475,0.16876794792927152,0.1902025268703125,0.12780626674183876,0.19941549770704084,0.16085438430309296,0.13808349154198893,0.21599938154022472,0.17206025811741643
147,0,1,0.11599349853042083,0.12452374637127825,0.12195077535626905,0.1259452998638153,0.12611931951148056,0.11657807272649505,0.12185178539329317,0.12096252821690742,0.12537759298350087,0.12055449720259513,0.12722857296466827,0.12464474459871021,0.11212898055013494,0.12181615275275279,0.11990002112228673,0.12454096326404283,0.12317363098824928,0.1286577433347702,0.1258491120203095,0.11402944628001545,0.12269181950161231
148,0,0,0.29145381201097037,0.4086214493715718,0.19261958697976383,0.15260308980941772,0.12823003080403086,0.25772880162874034,0.2385427951007491,0.14811250749343818,0.21559132836783082,0.03553285017509589,0.02492261677980423,0.03742649013988868,0.04597846640284363,0.08459404322648358,0.1612382913379492,0.23131008861481742,0.04208659544546331,0.026967192068696022,0.03746459524053588,0.05937503531764712,0.09307363300418481
149,0,0,0.23038924636953284,0.25358127683767895,0.18297084205222738,0.17763282358646393,0.19285427049080966,0.2545230162108593,0.21532524592459532,0.22803926851192632,0.28027556881183885,0.18269102281631097,0.20909269154071808,0.21762805343568498,0.23909945610370456,0.2261376768700306,0.23080183306960805,0.2998197672772321,0.2066632486016341,0.24642051756381989,0.23308065285687776,0.26294286874134865,0.2466214813517534
150,2,0,0.2368628200186096,0.18282647939932178,0.15846396036795918,0.17315514385700226,0.16435847053630842,0.2134303138383423,0.18818286466959058,0.22407033653435074,0.1976657606533311,0.14357036685428132,0.1495930552482605,0.16919148299950057,0.21732806422583015,0.18356984441925903,0.22001111539734908,0.18563277120513297,0.1449029611159322,0.13419176638126373,0.15136935441494823,0.20238292507737982,0.17308181559866764
151,0,0,0.163185160019425,0.1631151700934443,0.18027575734943513,0.14523863792419434,0.18757923271780472,0.14482604823766637,0.16403666772366166,0.1514948488480868,0.16262193443076753,0.14366017068912024,0.1354074627161026,0.17202814323187685,0.12366996524674165,0.14814708752711592,0.15591412816097802,0.15923214309278555,0.13588406694310948,0.14083832502365112,0.15131587144195838,0.1384219595031006,0.14693441569426385
152,3,1,0.9339300954890846,0.9132691897051708,0.9288352236853417,0.9262545108795166,0.9249858963771121,0.9495361668365383,0.929468513828794,0.902771961071938,0.907455884335198,0.8724612107893049,0.8297381401062012,0.8500071418325039,0.927961063122949,0.8817325668763492,0.9036044550202779,0.9057606459696232,0.8756873226699664,0.8562738299369812,0.8507692276995507,0.9291487431157229,0.8868740374020203
153,3,0,0.10627333349950002,0.10736525920191407,0.0996837863963028,0.09240033477544785,0.07754209019285989,0.06918364742779111,0.09207474191563596,0.10619242999725928,0.10940095618657805,0.0928310855119461,0.0934915542602539,0.07266010164335991,0.06907531601219791,0.09060857393526585,0.10448074306575124,0.10886827104041451,0.0910573529151977,0.08138735592365265,0.07108372391189305,0.06923929219653555,0.08768612317557412
154,0,0,0.09402211825180616,0.11878283552229223,0.11433368463907367,0.10058026015758514,0.09163540238340809,0.10053799895784933,0.1033153833186691,0.09233591793090402,0.13077230770544185,0.1000968207016855,0.10276112705469131,0.10649570847780594,0.1084076733062058,0.10681159252945574,0.09075265746540392,0.129923239697114,0.10756356023402383,0.1016492173075676,0.10269788062775803,0.09540550012242299,0.10466534257571505
155,1,0,0.10837870596984481,0.12226235103574776,0.11931456801576855,0.10624738037586212,0.1088541529709514,0.1052873384269968,0.11172408279919524,0.10635856570731526,0.12374221187911533,0.1129493523948532,0.10206126421689987,0.10465107958032116,0.10851609397506043,0.10971309462559418,0.1065208660586339,0.1232386174049255,0.11317882502161451,0.10223425179719925,0.10850469567236816,0.11060400219453702,0.11071354302487972
156,0,0,0.22459322514352892,0.21480364708225327,0.30630647267047134,0.2724350392818451,0.3158894354957461,0.206957031133469,0.25683080846788564,0.2285565243152786,0.2016761067161403,0.2853653438519966,0.26934814453125,0.2928619091889075,0.20150651695661498,0.2465524242600313,0.22165399001548736,0.20076249757219689,0.2425147056623228,0.22212760150432587,0.24721872855524668,0.22982936884030966,0.22735114869164819
157,2,1,0.6925754521992732,0.6946797949391497,0.6924588842222923,0.647142231464386,0.6450439792475352,0.6790159035633553,0.6751527076059985,0.6944944157503313,0.7008352269374036,0.7154281094340054,0.6907925605773926,0.7365214459260321,0.6768780452346004,0.7024916339766275,0.6902672026863778,0.7037143764038093,0.6937382457147571,0.6564990282058716,0.6912243734587483,0.6943147776113485,0.6882930006801521
158,3,0,0.11613431644032389,0.11140470056742198,0.11178026106038147,0.13633272051811218,0.15371971068936519,0.10251224759668642,0.12198065947871517,0.10830113894682408,0.11085180770970532,0.1197743787518344,0.1464281529188156,0.15950878703628765,0.10314914364190143,0.12466890150089475,0.11136982365684771,0.11047701730038388,0.12009675912183149,0.15133680403232574,0.15744005372176306,0.09962101067785095,0.12505691141850048
159,1,0,0.11231348898954614,0.12266870024209697,0.12276696034361477,0.12022838741540909,0.12090573609240574,0.11739161809222358,0.11937914852921605,0.11206968209817508,0.12374221187911533,0.11432582169299549,0.11409614980220795,0.11610243532371987,0.11568490275312916,0.11600353392489048,0.11253762609106621,0.1232386174049255,0.11730421912992205,0.12677642703056335,0.12117204893670731,0.1159203262642352,0.11949154414290328
160,1,0,0.153791809320055,0.23007773605405157,0.14257133461737018,0.17604494094848633,0.22372373666644726,0.074669953064652,0.16681325177851036,0.08528109719224691,0.136630465464785,0.03860542494227265,0.03930060565471649,0.03890401045019058,0.025628556691175287,0.06072502673256448,0.07050741759907118,0.14847019756048893,0.030653533231586826,0.06774936616420746,0.041483816677441346,0.028039500220050053,0.06448397190880763
161,4,0,0.12767410057483544,0.12277535646491607,0.10728854589557475,0.10687094181776047,0.11102194123022158,0.09183320929954937,0.11124401588047626,0.11914897985522986,0.11456233666721,0.11496836878207219,0.10758500546216965,0.10614478529785061,0.10051830937538611,0.1104879642399864,0.11330905770770554,0.11325868684773797,0.11198353199144939,0.10572934150695801,0.10406887610972373,0.10002058707246915,0.10806168020600729
162,4,1,0.8143572365032188,0.7859321784184582,0.8574418920044906,0.8535343408584595,0.8066151651199531,0.798756080773667,0.8194394822797079,0.8116545335267419,0.7637441841398743,0.820803842670514,0.8217689990997314,0.7945819683977954,0.7672682120457178,0.7966369566467291,0.8099136665000685,0.7759036317146513,0.8401830654328309,0.8228925466537476,0.790704897902193,0.772913185970776,0.8020851656957111
163,1,0,0.10924939360746222,0.12226235103574776,0.11931456801576855,0.10878746211528778,0.1104931815990361,0.1149991456675502,0.11418435034014209,0.10852357084554652,0.12374221187911533,0.1129493523948532,0.10677272081375122,0.10994239717777682,0.11215518904374991,0.1123475736924655,0.1086858711968652,0.1232386174049255,0.11317882502161451,0.1102658063173294,0.11032450093960677,0.11428951380560093,0.11333052244765705
164,3,0,0.09450141389129288,0.10779319103048392,0.10552787592477407,0.09316202998161316,0.0915129046864913,0.08920890642874901,0.09695105365723405,0.09590077608634065,0.10836330360715442,0.10584063778567189,0.1070600375533104,0.09780882009596369,0.08810259437706312,0.10051269491758402,0.09469444279511086,0.10778787413353806,0.1073739033458172,0.10090617835521698,0.09613135507481912,0.08813498526512062,0.09917145649493714
165,0,0,0.16764357456581788,0.31364928460466085,0.18905555586899592,0.16604302823543549,0.16921692046040157,0.12457473498348116,0.1883638497864655,0.10410696636296221,0.1811794448563639,0.03942501105723994,0.08076716959476471,0.0677603661520837,0.032541583724095026,0.08429675695791825,0.11861123063882441,0.18730047406876593,0.05145708937411324,0.08746828138828278,0.05335376788833273,0.042105419236708255,0.09004937709917123
166,3,1,0.6828265834842674,0.5934998765721964,0.6510439062046919,0.5874695777893066,0.6195113345968405,0.638409245925794,0.6287934207621827,0.704342056235878,0.6744086477190084,0.8741671246831372,0.8815691471099854,0.8277904375531532,0.8581213527105036,0.8033997943352775,0.7172114073252988,0.6669686112952965,0.87662314340455,0.8306135535240173,0.810495743264439,0.8531446893627763,0.7925095246960631
167,2,1,0.9329997756673262,0.9104264830888478,0.931701757928477,0.9423487782478333,0.9571511338057843,0.9223704769367675,0.9328330676125058,0.9569629391238906,0.9538462457268997,0.9578451426721086,0.9676730632781982,0.9734656380232013,0.9662985477200154,0.9626819294240523,0.9524898845091917,0.9481546115846279,0.9506697098616488,0.9595385193824768,0.967770249563107,0.9663452035984816,0.9574946964165889
168,2,0,0.2093992723199821,0.42272262198592375,0.07694441456559645,0.07040350884199142,0.053492886779106956,0.14294917035398963,0.16265197914109839,0.09294739082128385,0.22675810500451457,0.041828678649943156,0.039485275745391846,0.03986459311245319,0.04362817030412289,0.08075203560628491,0.07545158965653367,0.2186809531730305,0.03981875087830708,0.03190872073173523,0.029727122485074763,0.041005310065794914,0.07276540783174602
169,4,0,0.17739261243446836,0.18126000675285775,0.11312455364060807,0.12123406678438187,0.12194530527249797,0.20925702929845166,0.15403559569721093,0.16689441491217533,0.17431054432069587,0.13660406430171623,0.12134144455194473,0.10574368783551916,0.22577933696227132,0.15511224881405375,0.16291234182290673,0.17048997887682982,0.11696462487302622,0.12206842005252838,0.11550586439752379,0.2031149186793789,0.1485093581170323
170,1,0,0.44615134416518243,0.28263433582016056,0.5506941191524075,0.3696068823337555,0.34764026394141523,0.5889050886156139,0.43093867233808913,0.4333686542438714,0.27451129207289054,0.584857097833268,0.41026219725608826,0.3512274578894907,0.6401469984334257,0.4490622829548391,0.46527514911855483,0.2594097302080687,0.6463670654510791,0.41948401927948,0.40604358092064924,0.6411199995229855,0.47294992408346953
171,0,0,0.24279999747168593,0.22491160448133585,0.23425436169479677,0.16556385159492493,0.17156797537874124,0.19367481668223321,0.2054621012172863,0.24950718116493714,0.24940207851955426,0.1591234625258249,0.18901662528514862,0.18331323216576623,0.17703961926682948,0.20123369982134343,0.24783177055674385,0.24544379647942643,0.17572837259657895,0.1889759600162506,0.1724075605100948,0.19168919295101308,0.20367944218501793
172,3,0,0.09118849471120037,0.23738282150458165,0.1667217059048958,0.2075229436159134,0.19011025330132492,0.09839459512208398,0.16522013569333333,0.0784872576679721,0.16960844716167425,0.06416002525208171,0.08982044458389282,0.08205591895647354,0.03656517549359157,0.08678287818594767,0.0704632202203381,0.18009429974892194,0.0628065817057802,0.0809253603219986,0.09168262048761762,0.04509909287299793,0.08851186255960906
173,2,1,0.6481208946736843,0.5698260742827795,0.7648448158243331,0.7171127796173096,0.7504448332604898,0.6953060327728829,0.6909425717385798,0.7523263543488787,0.7389650975736982,0.9083486130062896,0.9179502725601196,0.9455862729947719,0.9191347185760362,0.863718554843299,0.7474135448577851,0.7282971704267376,0.8752503900878092,0.8816490769386292,0.9166583215612116,0.9256198483878324,0.8458147253766675
174,0,0,0.1139361869152362,0.12330690923466375,0.11585471685069983,0.1218622624874115,0.11106254057519863,0.11266776835410629,0.11644839740288603,0.11465267196864999,0.12431202764028998,0.13045717947192503,0.1300981491804123,0.11505297317427501,0.1108925592492222,0.12091092678079574,0.11380105569182945,0.12359654882257681,0.11821218572877075,0.1281154602766037,0.11567884570135173,0.11318577228372728,0.1187649780841433
175,0,0,0.27208765346765523,0.27798499471644306,0.2118023594238037,0.16555720567703247,0.20475740105978268,0.2472550165396879,0.22990743848073417,0.30111946408440526,0.29583473643830205,0.18351698268719935,0.17196662724018097,0.246349576505202,0.2629557161099979,0.24362385051088123,0.30735599847101885,0.29974378518924766,0.22740635356668248,0.1851690411567688,0.24218494779614402,0.27450750817101655,0.25606127239181303
176,4,0,0.1420853333800127,0.12432988823204,0.10145850100837164,0.10316326469182968,0.09928365136879658,0.1182920017341447,0.11476877340253254,0.12208688528979485,0.12035866852058275,0.1088012365764877,0.09982925653457642,0.10456460049098722,0.12824517206407784,0.11398096991275111,0.1211248377675374,0.11538395413984584,0.11002224259988548,0.10076037049293518,0.10631643523191547,0.11294495917392386,0.11109213323434051
177,0,0,0.19322831442727711,0.3715694463853934,0.1602837903928444,0.1323976069688797,0.16383644685512808,0.1974966645291305,0.2031353782597755,0.14231443097842192,0.21057876521120691,0.036845647434935784,0.027066225185990334,0.03483202292336423,0.033203612626542714,0.08080678406007699,0.12364351711627548,0.224601756421274,0.047628961997199855,0.03065531887114048,0.040721917356591475,0.03717615844508484,0.08407127170126102
178,0,0,0.9447979947166639,0.9362087190130185,0.9491605694590418,0.9346031546592712,0.9457775885895864,0.9652503383894977,0.9459663941378464,0.9272998898793249,0.9346925796807568,0.9140070839605717,0.918889582157135,0.9180761233194296,0.9542464762551189,0.9278686225420563,0.9396310174854879,0.9424464672807444,0.933034254515557,0.9407286643981934,0.9449305980865361,0.9648060050956483,0.9442628344770277
179,4,0,0.11460587067431294,0.12351490136458468,0.12417833453545654,0.126456156373024,0.12559750153922847,0.1183764534336293,0.12212153632003932,0.11209270124279062,0.12583911119611943,0.12442924965796062,0.12970662117004395,0.129442065091209,0.1272345918223984,0.12479072336342033,0.11309573620642129,0.12239358647183693,0.12207532630076273,0.13181214034557343,0.12761969904302628,0.11894671844037111,0.12265720113466529
180,3,0,0.12303302112194335,0.12495939856429428,0.23141504513502775,0.07934590429067612,0.06233294648094623,0.09415410514180873,0.11920673678911606,0.12096344261565067,0.12570304548381833,0.23107206871567196,0.07646994292736053,0.07342215416885736,0.10259028604845824,0.12170348999330283,0.11865095446972361,0.1226620470627644,0.1660083367555403,0.08638643473386765,0.07134055879067916,0.09948926275312654,0.11075626576095027
181,3,0,0.18197327149333692,0.22614089477108357,0.10357980854554012,0.12401111423969269,0.12035909471981346,0.06280638830558985,0.1364784286791761,0.10137628032352833,0.12035769325893772,0.0515517783105993,0.049528032541275024,0.060938320761819834,0.033871891505296174,0.06960399945024273,0.09135731472474008,0.13874999176740405,0.0631390124089812,0.06254955381155014,0.0709075510686876,0.0400186271239306,0.0777870084842156
182,4,0,0.13264078805127066,0.14554974688894076,0.11271092145831538,0.13284200429916382,0.13229601628754348,0.1559644075008162,0.13533398074767505,0.1309527414173841,0.14763076785923307,0.137272471646052,0.13794884085655212,0.12836688253218198,0.15082557271992705,0.1388328795052217,0.12983971862454305,0.14127286142500836,0.13204276902822668,0.14417922496795654,0.13973310651050613,0.14366156918269993,0.13845487495649011
183,2,0,0.15401227785116162,0.33832789953081843,0.16296784017071944,0.15910658240318298,0.11644256780232742,0.15159353478744972,0.1804084504242766,0.5553495562953746,0.5870857871933792,0.9275857330484909,0.918146014213562,0.9460482289983406,0.8409121712606136,0.79585458183496,0.5269327402824522,0.5815786263384369,0.9198145084728105,0.8733537197113037,0.8970250258049239,0.8138101971004748,0.7687524696184003
184,4,1,0.8487837796897476,0.7962845249252455,0.9598716978632512,0.9699722528457642,0.967232551007882,0.950629550590074,0.9154623928203274,0.8759889990246038,0.8605862629964365,0.9595563424560299,0.9687974452972412,0.9762427092662642,0.9614905972854647,0.9337770593876733,0.8785734367347944,0.8416633270679086,0.9539699689308867,0.9646547436714172,0.9659706223295362,0.9568962622297902,0.9269547268273888
185,4,1,0.6833733061885615,0.5685535273589386,0.7940530734574538,0.8405480980873108,0.8053539116066898,0.7735184770993164,0.7442333989663785,0.7267045067401282,0.6258142752303752,0.7292830776417456,0.7804547548294067,0.8209567398885569,0.776621604506116,0.7433058264727215,0.7202573704734163,0.6303707368004552,0.7869309002731489,0.8052175045013428,0.8343592636870963,0.7895930235207296,0.7611214665426981
186,4,0,0.3009131923552291,0.3007590281422908,0.36876380810748965,0.3988099992275238,0.3943190921241746,0.3492775633251339,0.35214044721364024,0.30263255134406125,0.3093308201725831,0.38131379221005857,0.4045250415802002,0.40214232023002827,0.33998924679943976,0.3566556287227285,0.3151875694951137,0.31740721113789316,0.38974713189501337,0.39865928888320923,0.3949977499607389,0.3656458701528394,0.3636074702541346
187,1,1,0.5980138040777817,0.5671639740977295,0.4238582028189015,0.4851379692554474,0.4888907714617672,0.5518477572754658,0.5191520798311822,0.6526895367402867,0.6797693784452498,0.6511676489571241,0.680067777633667,0.6716867476396219,0.706702448674987,0.6736805896818228,0.6322729945071842,0.6533626570971334,0.6251510024302412,0.5981555581092834,0.598491723357515,0.6641858848721188,0.6286033033955793
188,4,1,0.24534985470983506,0.1811994006922517,0.1899136384970055,0.2086687535047531,0.22127831276955742,0.2035698123617816,0.20832996208919738,0.22517563932595078,0.1741633558842425,0.22247799638287524,0.2157609909772873,0.20847901353834236,0.2109344428711808,0.20949857316331313,0.22757419144871643,0.17034279044037645,0.19324966755300285,0.21044975519180298,0.21664128224084098,0.2012967519411599,0.20325907313598324
189,3,0,0.11388184519875968,0.1079618487165831,0.11057467852183991,0.10136084258556366,0.09682550273432752,0.09977550198245469,0.10506336995658808,0.10004804878635606,0.09755920958744459,0.09394040267232541,0.09391259402036667,0.08318641798380857,0.045344359483651064,0.08566517208899206,0.10660349412987226,0.10419091635654965,0.09860140377465479,0.09660732746124268,0.08869356749051337,0.08727982240596147,0.09699608860313236
190,4,0,0.10783510029217377,0.12251714570676228,0.11572620851578765,0.11527060717344284,0.11046127181844184,0.11269019700305054,0.11408342175160982,0.11203922199017816,0.12387335381338635,0.11451672253496041,0.11385481804609299,0.12385558329178534,0.12253485375208313,0.11844575890474772,0.11055872100780534,0.12269510449312439,0.1155802261995505,0.11303722113370895,0.10782467505682902,0.11973404624323838,0.11490499902237608
191,3,1,0.8435846227493894,0.8333874492249672,0.8551014070501222,0.8785440325737,0.8705871139656044,0.8582727643475374,0.85657956498522,0.821552415724905,0.8038544479821917,0.8299257843288551,0.8332807421684265,0.8357361661314123,0.8198730155350787,0.8240370953118115,0.8224639477010633,0.8109465764916796,0.8282492561825605,0.8449001312255859,0.8399457790487584,0.8110106147335926,0.8262527175638733
192,3,0,0.11367277592892021,0.1233692085032196,0.10552787592477407,0.09598536789417267,0.0915129046864913,0.12256842246266389,0.10877275923337362,0.11108583789679193,0.1242796557801387,0.10584063778567189,0.1070600375533104,0.09780882009596369,0.12998721998993623,0.11267703485030213,0.10913809422701126,0.1250663382271776,0.1073739033458172,0.10090617835521698,0.09613135507481912,0.12940784787119944,0.11133728618354027
193,1,1,0.5449042795261354,0.5849809867457536,0.4394456527572691,0.4801191985607147,0.48708580951317787,0.51210085510114,0.5081061303673651,0.6066770152186566,0.6107792775138453,0.53233987207705,0.5711817145347595,0.5795062797349956,0.5881079602259113,0.581432019884203,0.613337946174339,0.6223806821438342,0.5433730377155253,0.542107880115509,0.5683012307964191,0.6047595556603991,0.5823767221010042
194,1,1,0.8325322688987863,0.8065646326146463,0.9306274354521274,0.9205839037895203,0.9003344798784961,0.9077253162689597,0.883061339483756,0.8695282267400402,0.8362853814845391,0.9464618976575865,0.9610397815704346,0.9636422718715466,0.9381470515497208,0.9191841018123112,0.8651438241324995,0.8497286414227004,0.9366308266647827,0.9471556544303894,0.9631325969562645,0.9530236868641712,0.9191358717451344
195,2,1,0.9270449327588844,0.9546898502581619,0.9233517604656067,0.9116259813308716,0.9195628429496208,0.9338908479870608,0.9283610359583677,0.9231279505365948,0.9653945734245348,0.9563993653638451,0.9529621005058289,0.9567158996801005,0.9724050284744197,0.9545008196642205,0.9222077156519498,0.9587702912270043,0.9417439290713773,0.9377507567405701,0.9476486394473603,0.963292200934139,0.9452355888454
196,3,1,0.9186550404063965,0.947285805730953,0.917748861349111,0.9226164817810059,0.9371807147052879,0.9437843605915489,0.9312118774273839,0.9378635520680126,0.9681198315759898,0.9555305095791758,0.9493008255958557,0.9614918899083159,0.9717144471389095,0.9573368426443765,0.9380282334681482,0.9738159884683626,0.954019792350515,0.9536007046699524,0.9565375648958123,0.9679179441331393,0.9573200379976549
197,1,0,0.10138128843466361,0.11689454519842551,0.14024315718106625,0.1379571557044983,0.13480767313224398,0.12355689686937983,0.12580678608671292,0.10516933134806068,0.11546145863135406,0.13298514464454814,0.1337953805923462,0.11972069175559627,0.11391798119017897,0.12017499802701403,0.10313478675481925,0.11405070081915873,0.14078193444293174,0.13204419612884521,0.11589874701060242,0.11916204438816909,0.12084540159075441
198,3,0,0.10614143983141486,0.09936207049037828,0.0996837863963028,0.10818793624639511,0.10076228255751661,0.09303501363502109,0.10119542152617145,0.1158772677950337,0.10810234968788655,0.0928310855119461,0.0988711342215538,0.09428518385164614,0.07733512512175761,0.09788369103163731,0.1146984654334078,0.10745450135761504,0.09314339013561226,0.09476884454488754,0.09818596376034011,0.07715373804051416,0.09756748387872949
199,2,1,0.6894571726293808,0.6946797949391497,0.6762430726547168,0.647142231464386,0.6450439792475352,0.6644341047829869,0.6695000592863593,0.6875667630451717,0.7012150939839373,0.675997785176333,0.6533399224281311,0.6490436520796168,0.6660263426610057,0.6721982598956993,0.6823261041191024,0.704094243450343,0.6937382457147571,0.6564990282058716,0.6546938388066356,0.6730126675488597,0.6773940213075949
200,3,0,0.8043541041743483,0.7561475632297966,0.86159906813332,0.8628906607627869,0.8568106871224359,0.8256904210257764,0.8279154174080773,0.7731036527041989,0.7509768702911025,0.8180231134653926,0.7963203191757202,0.7977715016815338,0.8032730710674829,0.7899114213975718,0.7811915133193033,0.7529394917601587,0.8090925867659187,0.8081675171852112,0.7910735151108882,0.7972485669310492,0.7899521985120882
201,3,0,0.10820344564212583,0.11198698707500084,0.10924623707627897,0.12203400582075119,0.1306268416117386,0.10213841473024735,0.11403932199269046,0.11190174034128743,0.11181353950169509,0.1113862343116663,0.12561193108558655,0.1299708079981392,0.10137011600098396,0.11534239487322641,0.1109574271404625,0.11146078832220274,0.1091439249349012,0.12257284671068192,0.13267956703161085,0.10132817272334042,0.11469045447719994
202,2,0,0.12371322659199552,0.08256075392755303,0.13528940639173664,0.22616921365261078,0.15162939819959084,0.047313117162848785,0.1277791859877226,0.11032979691365942,0.08359715037820273,0.16169409273850763,0.15483400225639343,0.10706856284360086,0.028377250761755214,0.10765014264868654,0.11770448475197455,0.07615201832493196,0.12862746177850118,0.12794768810272217,0.0952846285258713,0.02792844033343143,0.09560745363623875
203,3,0,0.1000960083508844,0.1113384605519074,0.0726485169278275,0.05200865492224693,0.06137265810583686,0.08000110921987696,0.07957756801309668,0.09400940336450724,0.11033269331097927,0.07554594821812063,0.05608995258808136,0.07230420121894482,0.09722133756064891,0.08425058937688036,0.09294647063317323,0.1094220974790103,0.08682622572877885,0.07262089103460312,0.07129243431400092,0.093650930619452,0.08779317496816973
204,0,0,0.12402021106574383,0.13077375132494257,0.11368210994774341,0.10042424499988556,0.1040296725493402,0.11245353207765968,0.1142305869942192,0.12791308373111018,0.1315649694059997,0.12358033204812237,0.13279063999652863,0.12164710850453049,0.11995394904380215,0.12624168045501558,0.1275331836606908,0.12892618762105026,0.1307076924386242,0.13567055761814117,0.12489234618704334,0.10874718924370595,0.12607952612820927
205,2,1,0.10492587953638775,0.11034111582773293,0.10800573658834096,0.09617636352777481,0.09661560486457595,0.10121161517745704,0.10287938592037822,0.09824394978486567,0.10753988212320657,0.10675060890055865,0.10085801780223846,0.09379517590562451,0.10135248220151959,0.10142335278633556,0.09974981662247226,0.10770001451147555,0.10895228461229986,0.10922204703092575,0.09634961939625405,0.11054751871266853,0.10542021681434932
206,2,0,0.6761334498372051,0.6415336416507921,0.6378020521085969,0.7156633734703064,0.7581720278945546,0.8333954726816389,0.7104500029405156,0.40266793896120023,0.46295836216554553,0.06438212234916624,0.1746070683002472,0.09595130385879747,0.2316637414866057,0.2387050895202604,0.4696066112470957,0.49304770485456106,0.07313549176010144,0.1669030636548996,0.1135166134865092,0.2596872463103822,0.26264945521892485
207,4,0,0.13960051940379656,0.12212639606865032,0.12417833453545654,0.12941834330558777,0.15385185779909225,0.12271144659968475,0.13198114961871135,0.15001725466336122,0.1335649825143614,0.13682598414810732,0.13917194306850433,0.15053126837859754,0.15023113792698367,0.1433904284499859,0.1416534929375418,0.12434032433938817,0.12777529265528034,0.1410161554813385,0.1586050708736943,0.1482817045677404,0.14027867347583056
208,0,1,0.11024510260060713,0.1349688188152273,0.10309572963694012,0.11226484924554825,0.10866955667736627,0.1370185608225513,0.11771043629970673,0.08290462712935341,0.10502101431228066,0.061273696362845985,0.038366641849279404,0.032798609073130376,0.020224705479072836,0.05676488236766044,0.0971658211356883,0.10802156081097808,0.06669078926130091,0.04706544801592827,0.042646403724160446,0.03001125798750459,0.06526688015592676
209,2,1,0.6925754521992732,0.6946797949391497,0.6924588842222923,0.647142231464386,0.6450439792475352,0.6717750823945705,0.6739459040778677,0.696312597568513,0.7008352269374036,0.7154281094340054,0.6907925605773926,0.7365214459260321,0.6768780452346004,0.7027946642796579,0.6883480107671858,0.7037143764038093,0.6937382457147571,0.6564990282058716,0.6912243734587483,0.6943147776113485,0.6879731353602867
210,3,1,0.35600389066658344,0.3243998985353308,0.3550062060797365,0.338988333940506,0.3600224933090392,0.33877021624267567,0.3455318397956453,0.3420097550255694,0.3206265834219378,0.3334519951436197,0.34130290150642395,0.3394304737171192,0.3182095655440711,0.33250521239312353,0.32824460341505934,0.30971795524952783,0.324001360714721,0.3335855007171631,0.31717950104176584,0.33566220901073257,0.32473185502482826
211,3,0,0.08742249207880187,0.10852953327492448,0.07640736160170031,0.06359369307756424,0.06548977571933268,0.08988402409305386,0.0818878133075629,0.0855021725247566,0.10989766540929027,0.07536980268262547,0.07051437348127365,0.06719188429825634,0.09192581226181787,0.08340028510967003,0.08636360585334701,0.1095274204545143,0.08317457604490125,0.07179439812898636,0.06485161604508237,0.09134512761141143,0.08450945735637377
212,4,1,0.8057629115515843,0.7569451960918234,0.8608785880176235,0.8703550100326538,0.857445877504517,0.8244110845345191,0.8292997779554534,0.8051196725836431,0.7700122391755415,0.8245106394837136,0.8408650755882263,0.8404166293535122,0.7638943660836645,0.8074697703780501,0.8194148322259183,0.7799222077901462,0.8463588459206638,0.8709718585014343,0.8649146926870748,0.7857478535023298,0.827888381771261
213,1,0,0.10687638910155267,0.12269999718329054,0.11931456801576855,0.10624738037586212,0.1088541529709514,0.10991218480904107,0.11231744540941105,0.10803608706032843,0.1230335637128538,0.11771198120703857,0.10421321541070938,0.10983528271399363,0.10851609397506043,0.11189103734666404,0.10902642173862781,0.12257657822576465,0.11317882502161451,0.1035134494304657,0.11765266323147487,0.11060400219453702,0.1127586566404141
214,1,0,0.1240845445259192,0.13098349799835876,0.13494984734764565,0.1432572454214096,0.1606343229303641,0.14072723062434145,0.13910611480800644,0.12221370550323334,0.1283831217151159,0.13268226795179908,0.14537379145622253,0.1570504782546589,0.13388692148679687,0.13659838106130442,0.11994189439216425,0.1280732728856809,0.12638030939642989,0.14326439797878265,0.156576255206053,0.13248579625822204,0.13445365435288878
215,3,0,0.11373795800548507,0.10909994211810622,0.11867245903914866,0.11935392022132874,0.11061113002339663,0.11625710657726111,0.11462208599745441,0.119557305721782,0.10645516947871023,0.11779903495741162,0.11510208994150162,0.10667823533384678,0.12600812881873055,0.11526666070866379,0.11786908897676426,0.10800544845802827,0.11649421731667343,0.1142149567604065,0.11225065479897255,0.12153528478935968,0.11506160851670076
216,3,1,0.9650522568081163,0.9417814128623019,0.9356519072566967,0.9498370885848999,0.9529399085548984,0.9756559748415857,0.9534864248180831,0.965650491572827,0.9631477803737092,0.9617902919440907,0.966234028339386,0.9708110212298386,0.9880848915461141,0.9692864175009941,0.9663644655060062,0.9637441816241058,0.9606534162192042,0.9746749401092529,0.9697917938155952,0.9868253529500157,0.9703423583706965
217,4,1,0.5429119726543701,0.5733060466553992,0.5713700453481168,0.5439589619636536,0.5096397185655744,0.4994536933644742,0.540106739758598,0.5571191403601603,0.5827793221812961,0.5878948191570813,0.5703161358833313,0.5502934195588964,0.5161630742880562,0.5607609852381369,0.5443556098484603,0.585351096617586,0.545268890388632,0.5121994018554688,0.5206194548375026,0.5008693571519556,0.5347773017832675
218,2,0,0.14322767675848322,0.11500868590058838,0.20937990261620537,0.2549356520175934,0.20558214882092324,0.14024169869654876,0.17806262746839038,0.14744878593341368,0.1260687775688879,0.20054273096977535,0.23012715578079224,0.21035540502424957,0.176317639405411,0.18181008244708827,0.1465034546759923,0.11870855038802273,0.21964813739463981,0.23751768469810486,0.2069607078021216,0.1339540933184946,0.1772154380462293
219,1,1,0.959631724631496,0.9398700751257775,0.9447237983736292,0.949497401714325,0.9462597624206308,0.9740350938571822,0.9523363093538401,0.9409428664709181,0.9181053324294846,0.9148380359540729,0.9087677597999573,0.9068830194524007,0.9487017696406463,0.9230397972912465,0.9532902073585278,0.9252479989023373,0.9424259994828067,0.9471086859703064,0.9500232919173915,0.9636319964369978,0.9469546966780611
220,2,0,0.10833164446983477,0.11578566823695587,0.11103644715415938,0.12978360056877136,0.1404396881550317,0.12743835433064563,0.12213590048589977,0.11040347875822726,0.11625206289863177,0.1081956188327739,0.12743419408798218,0.15484574472769555,0.12536240187237696,0.12374891686294792,0.10683813090123354,0.11529932538651085,0.1119962099278784,0.1441282033920288,0.15458471624970765,0.12161532086063172,0.12574365111966515
221,3,1,0.10055269594257493,0.10625253747467234,0.10552787592477407,0.09316202998161316,0.0915129046864913,0.08272182944826911,0.09662164557639916,0.1022275402312866,0.10748185070229724,0.10584063778567189,0.1070600375533104,0.09780882009596369,0.08839441814564956,0.10146888408569654,0.10102120694005683,0.10707724053283355,0.1073739033458172,0.10090617835521698,0.09613135507481912,0.08737003569913862,0.09997998665798039
222,1,0,0.13329839827485562,0.13035324589751843,0.1736493129583973,0.23773422837257385,0.1467108483603868,0.12894589390546024,0.15844865462819868,0.12735615285790483,0.1283831217151159,0.18030198172019,0.19827038049697876,0.15458052355069826,0.13388692148679687,0.1537965136379474,0.12079337034316766,0.1280732728856809,0.17435056202313462,0.21328946948051453,0.15215342612153002,0.13248579625822204,0.15352431618537493
223,4,0,0.11243103935062801,0.122372329408394,0.10091686531151431,0.11528222262859344,0.11978187325095746,0.08734011689963052,0.10968740780828629,0.11120606654875173,0.12284168705784755,0.10626754284066502,0.11476429551839828,0.1215980753039255,0.09383331440073994,0.111751830278388,0.11279110177714927,0.12153737941746792,0.11034586569178544,0.11094468832015991,0.11991226097665442,0.08916325410550556,0.11078242504812041
224,2,0,0.09711504785581446,0.10965045792920508,0.10686890160556944,0.09982087463140488,0.09558763914832631,0.10685810459255,0.10265017096047835,0.09328656197024426,0.10856474467230012,0.1036145466304501,0.09830430895090103,0.09313695573750888,0.10667539880820154,0.10059708612826765,0.09283965107761265,0.10906577711588897,0.10641495751371609,0.09499331563711166,0.0923469899395418,0.10984956795721496,0.100918376540181
225,1,1,0.32448888908484735,0.30095595375420187,0.3982012756173098,0.40190231800079346,0.44174643601454405,0.37699117629000456,0.3740476747936168,0.3460443636179621,0.30695696342106527,0.38154159305280866,0.43279340863227844,0.5046780311488397,0.3898880165168196,0.39365039606496227,0.3421351472633702,0.29677680211648827,0.46684309661870965,0.42672279477119446,0.4107311633312364,0.3375847463615653,0.3801322917437607
226,4,0,0.11068559607249334,0.12246987274890758,0.11567878804588795,0.11030028760433197,0.11168933109077192,0.11611537913994636,0.11448987578372319,0.1094037991068604,0.1269755489249544,0.11378483801002814,0.11050084233283997,0.11073671353483995,0.11393228059720549,0.11422233708445473,0.10875005648975952,0.12467766019401512,0.11267952168644334,0.11183380335569382,0.11230652753454705,0.11675494145513508,0.11450041845259898
227,2,1,0.09851507248420073,0.11548301693769872,0.10800573658834096,0.09617636352777481,0.09661560486457595,0.11985040132303064,0.10577436595427031,0.09389721761233955,0.1140545881782839,0.10675060890055865,0.10085801780223846,0.09379517590562451,0.11875001890363537,0.1046842712171134,0.09080829144978604,0.11282425728012711,0.10895228461229986,0.10922204703092575,0.09634961939625405,0.1182277402955377,0.10606404001082174
228,3,0,0.0913128326519003,0.1081896537934141,0.0997633220873355,0.10123254358768463,0.0977181129234436,0.0961327405992596,0.0990582009405063,0.09171417387735502,0.10989766540929027,0.09874155046489409,0.11200430244207382,0.09807620275486072,0.09648071939021816,0.10115243572311533,0.09045753349967663,0.10932418557406422,0.10292958712554222,0.10256700962781906,0.09815509152165225,0.09593868787382469,0.09989534920376317
229,2,0,0.10330225463032218,0.11971724487831868,0.10800573658834096,0.09812518209218979,0.09661560486457595,0.12402672944823155,0.10829879208366318,0.10613053484205219,0.11472205387955366,0.10675060890055865,0.10085801780223846,0.09379517590562451,0.12282656860475547,0.10751382665579715,0.10847940510484008,0.11351153218237106,0.10895228461229986,0.10922204703092575,0.09634961939625405,0.13053611845157584,0.11117516779637776
230,2,0,0.1437114723159484,0.37871790911840475,0.06804221013476684,0.08536110818386078,0.06034868561413888,0.17258089732567394,0.1514603804487989,0.06403304877468836,0.25681515031534924,0.04602856733260332,0.044739432632923126,0.040164384310277905,0.05205346330854056,0.08397234111239707,0.06444398729413302,0.2288169843543527,0.043739346098564974,0.03499232605099678,0.03888153565922461,0.05119586515794717,0.07701167410253654
231,2,1,0.954110679134035,0.926205220296192,0.9183574666194053,0.9286982417106628,0.9254121310745376,0.9594681107636491,0.9353753082664136,0.9400784355666555,0.9144791961693545,0.8981933252202103,0.9026057720184326,0.9065903594422238,0.9346574779851738,0.9161007610670082,0.950357612092547,0.909478971278319,0.9012957903302226,0.9098094701766968,0.9252393407297522,0.9327914438639943,0.9214954380785886
232,3,0,0.11434826813311451,0.11084759614091183,0.11178026106038147,0.13127124309539795,0.1557565474204153,0.09871598266536219,0.12045331641926385,0.11428843041216612,0.1108538713737408,0.1197743787518344,0.12314032763242722,0.14441859546685026,0.10052653258677069,0.11883368937063157,0.11661651945405783,0.11047908096441937,0.12009675912183149,0.14045189321041107,0.1537181920615806,0.09958546249251961,0.12349131788413666
233,2,0,0.10835448381898076,0.11398147799925558,0.07098737161676495,0.07245630025863647,0.06544130729168932,0.08118218327882164,0.08540052071069144,0.11182211226401502,0.11328450852732085,0.07093604490956562,0.07577230036258698,0.0685634290887014,0.06857574498529627,0.08482569002291435,0.11235631517779594,0.11545545940789599,0.07336625771145239,0.0807308629155159,0.06954661823844187,0.07709236752844531,0.08809131349659123
234,3,1,0.16979827395153924,0.35359921717521686,0.19814533055664674,0.1392308920621872,0.12696395307481143,0.1533131074102266,0.190175129038438,0.4613880309937839,0.4580487020836089,0.749298222230202,0.6908443570137024,0.7170080628682688,0.5880710059188099,0.610776396851396,0.4200939725080576,0.46504576118822866,0.7668647823418947,0.6865881681442261,0.71019507408247,0.5941022271707185,0.6071483309059326
235,4,0,0.10775019323029168,0.121606014736487,0.11567878804588795,0.11030028760433197,0.10450973883288674,0.11567249236058046,0.11258625246841097,0.10622763998636439,0.12648915330343452,0.11378483801002814,0.11050084233283997,0.10356999754953752,0.12025832319881895,0.11347179906350391,0.10772072670695593,0.1237950342656017,0.11267952168644334,0.11183380335569382,0.10647070331755344,0.11121303191376089,0.11228547020766819
236,0,0,0.6007446058415096,0.5986587302573642,0.6178046487561908,0.5384719967842102,0.5488649724057142,0.6194999124318233,0.5873408110794687,0.6028371590244086,0.6110247933437155,0.586559347542736,0.5451560616493225,0.5443887651945114,0.6185089622392881,0.5847458481656637,0.5934130859745929,0.6087715653026967,0.5827806524791269,0.5397453308105469,0.5166666740112053,0.6156741203113756,0.5761752381482573
237,3,0,0.08662454128546686,0.11514606337705341,0.08743296391276757,0.11252910643815994,0.07795939907246709,0.1256041899771124,0.1008827106771712,0.1027046279259602,0.12295292260530304,0.0812941833428905,0.09721890836954117,0.07112338216090566,0.13112600274426076,0.10107000452481021,0.1020441237571348,0.12209340921370852,0.0781466475140959,0.09476884454488754,0.07447964470657388,0.12163945815117977,0.09886202131459673
238,4,1,0.8476788058606575,0.7740761319599669,0.8941166460483279,0.9213935136795044,0.9184912753123845,0.9170436791922202,0.8788000086755102,0.9169007815007728,0.8885784368165816,0.9402146254288393,0.9562757015228271,0.9698428328383351,0.9705218018578592,0.9403890299942024,0.8974892517379561,0.8837437826051333,0.9001934601693512,0.9306215643882751,0.9355492510984649,0.9572356792452467,0.9174721648740712
239,0,0,0.11408036665620579,0.13006493940388994,0.11349244301539387,0.1100861057639122,0.10572019708525583,0.1366271262925712,0.11834519636953814,0.11689996484648842,0.12867652214244732,0.11557096573099482,0.12270117551088333,0.11505297317427501,0.15067112755630874,0.12492878816023295,0.1117176852997373,0.12821130196068703,0.11452587271976812,0.12070295214653015,0.11567884570135173,0.14150847383094795,0.12205752194317036
240,4,0,0.11390104462595396,0.12429895293344188,0.11969852104442898,0.12038251757621765,0.12335024666377335,0.1186188772330073,0.12004169334613718,0.11149562794227814,0.12583911119611943,0.11994162388094626,0.12296750396490097,0.13342093450985062,0.1269813893280805,0.12344103180369598,0.11157893046443725,0.12269474348924106,0.11766118787796304,0.12370020896196365,0.12154499321745765,0.11894671844037111,0.11935446374190561
241,2,0,0.6144465943080392,0.6428660491822002,0.5059673302239946,0.6005190014839172,0.5883560299226692,0.5465294147098806,0.5831140699717834,0.3517389685575503,0.4155416698829021,0.07715811546129005,0.13156478106975555,0.10622601118955506,0.08019573861958335,0.19373754746343938,0.35445448671828406,0.40713647962079613,0.06384003050755208,0.17269006371498108,0.09163097631094487,0.0985033811887182,0.19804256967687936
242,2,1,0.6301650726765522,0.6425677604811086,0.5059673302239946,0.5749093890190125,0.5757514685861796,0.6092943370610913,0.5897758930079897,0.7548109929033996,0.7921297646313413,0.9338249314350638,0.9175789952278137,0.9294777936737972,0.8958591480852314,0.8706136043261077,0.6875710052452468,0.6845796584561282,0.7552104932396925,0.6950200200080872,0.692331950759489,0.6593698435799883,0.6956804952147719
243,3,0,0.13204843199401492,0.12371974821811044,0.11178026106038147,0.13667522370815277,0.15371971068936519,0.12254667111656684,0.13008167446443192,0.12832818560084933,0.12267615226174551,0.1197743787518344,0.1464281529188156,0.15950878703628765,0.12754931952654366,0.13404416268267935,0.1291767149853464,0.12366606958923446,0.12009675912183149,0.15133680403232574,0.15744005372176306,0.12568775997498946,0.13456736023758176
244,4,0,0.10600272768205635,0.12210425994030698,0.1028124495138989,0.09761904180049896,0.08009293674657754,0.10855005900864297,0.10286357911533028,0.1094356018617896,0.12598528966242536,0.10528493213896031,0.09527295082807541,0.08761932977950129,0.10807931795777365,0.10527957037142094,0.10793349209259326,0.12467766019401512,0.10112766919520443,0.0931946262717247,0.07951981878559171,0.10799781225636801,0.10240851313258287
245,2,0,0.09882692334265161,0.10809458077991878,0.09108239025857383,0.07740473747253418,0.0912783430795006,0.10178680940106753,0.09474563072237441,0.10426453725948939,0.13759055485841198,0.1353059685972048,0.09104420989751816,0.0821712987598993,0.10045594797449837,0.10847208622450366,0.09316020598098543,0.09176268972556878,0.07556059809975924,0.06986888498067856,0.046016891381955,0.02991742350490092,0.06771444894564131
246,4,0,0.6232263304404729,0.6211685446057668,0.7481370560825675,0.6741823554039001,0.7292548698056563,0.7878713093677612,0.6973067442843541,0.5940189272130908,0.5996777902867272,0.7597555893855573,0.6870246529579163,0.7369990100064064,0.8322443942755219,0.7016200606875366,0.5965924043837154,0.5875913811094878,0.7419698201072589,0.6907020807266235,0.7670798228112647,0.7830453954540821,0.6944968174320721
247,1,0,0.625046769096829,0.6281146065195834,0.6134771337056902,0.5897123217582703,0.5709916891624298,0.5377823520158704,0.5941874787097788,0.6409783750103567,0.6332781876899347,0.5738464004322921,0.5761052966117859,0.5719745469038655,0.5833033519456722,0.5965810264323178,0.651522882265738,0.6382734128447826,0.5949407178992637,0.6030891537666321,0.5789336567130448,0.5938721713060705,0.6101053324659219
248,1,1,0.8090277025012281,0.793636715144501,0.8595362980588649,0.8777972459793091,0.850116243294492,0.8237015745441884,0.8356359632537638,0.8604888730333873,0.8917212344835881,0.9276909061707211,0.9279119372367859,0.9279086378298065,0.9350299951743105,0.9117919306547665,0.8279273359495214,0.7989928627081239,0.8393917007726899,0.8629096746444702,0.850713665635742,0.8175571696296117,0.8329154015566931
249,1,1,0.32915846577805863,0.31516211406434536,0.30181957525018044,0.2552252411842346,0.25077640373929344,0.3254971776151504,0.2962731629385438,0.2972640136727613,0.31921556812982654,0.36857049171668127,0.31712573766708374,0.26087069461663454,0.3155289433576148,0.3130959081934337,0.3028313767646646,0.3112859416064461,0.27578551927043826,0.24192829430103302,0.24550561219923558,0.31821961945277843,0.282592727265766
250,0,0,0.28238939838595384,0.3078008251006186,0.11384570211039012,0.09872811287641525,0.0938974752575475,0.15379940132869,0.17507681917660256,0.19924022502438857,0.22403163382417055,0.04501760778108128,0.03424861654639244,0.030258702168613736,0.036704754828730306,0.09491692336222947,0.18888255890219002,0.19263637831691108,0.05659412898521496,0.03632308170199394,0.03420007622354587,0.04976492050292151,0.09306685743879624
251,2,0,0.09699447602298879,0.1093143331344596,0.10686890160556944,0.10827138274908066,0.10097019738105684,0.10719652798298447,0.10493596981268996,0.09095348226016099,0.10856474467230012,0.1036145466304501,0.09830430895090103,0.10090453974507832,0.10667539880820154,0.10150283684451535,0.09048251607079669,0.10906577711588897,0.10641495751371609,0.10060488432645798,0.09929785372413771,0.10299987319612233,0.10147764365785329
252,0,0,0.6416592686144834,0.6927244554666613,0.40887409003950664,0.5270544290542603,0.501505088890982,0.6062331498970265,0.5630084136604867,0.40417894258665316,0.476743569138326,0.03710156709843524,0.024374380707740784,0.020736945487672655,0.1040284353344758,0.1778606400588839,0.44994401707535936,0.4853327594857,0.0673627190501686,0.03212157264351845,0.03353626239619349,0.1400890011074895,0.20139772195973824
253,3,0,0.3345581796107624,0.3432720282439091,0.1654744992128792,0.25613513588905334,0.2681115190377683,0.26378832844880246,0.27188994840719577,0.324210030371786,0.3388103119174265,0.16319621360377712,0.2717234790325165,0.2668759905551611,0.25456605999648063,0.2698970142461913,0.31950284920872146,0.3284213245501222,0.17318665138867745,0.24880385398864746,0.269599320483337,0.22088999592032846,0.26006733258997233
254,4,0,0.13212408718729654,0.12101861769363441,0.12417833453545654,0.12941834330558777,0.13846362781909555,0.1232530251511223,0.12807600594869883,0.1061283625517262,0.10033890000271212,0.10279091524861214,0.11601607501506805,0.09711761906586816,0.042920938936116794,0.09421880180335057,0.10273589138919081,0.10006129428271092,0.10738083213842826,0.12545961141586304,0.10281547116828733,0.05182377438936828,0.09837947913064145
255,4,0,0.6272057409802446,0.5917527827878679,0.5373094568522295,0.4860852360725403,0.4764309781388729,0.45424930147133785,0.5288389160505155,0.7022170542795361,0.6412361010211105,0.5637902293749621,0.5582877397537231,0.5393570511348144,0.5987310222279822,0.6006031996320214,0.7050991810158733,0.6619136530039788,0.5687191431071942,0.5774956941604614,0.5603085445429997,0.5776178368930794,0.6085256754539311
256,4,1,0.6354470310708709,0.6296374458241564,0.5232680387419401,0.578235387802124,0.5672353885983636,0.6097070571987507,0.5905883915393676,0.7092684170991083,0.6693633811044807,0.6641105635349995,0.6748175024986267,0.6510247280808051,0.6715312780426045,0.6733526450601042,0.7057916197439149,0.6804787384272245,0.6371320508756567,0.6674017310142517,0.6523451194575985,0.6488807141771684,0.6653383289493024
257,3,1,0.9029886202785172,0.9003181998243885,0.9346717792479048,0.9412732124328613,0.9378268147803993,0.9375006100280551,0.9257632060986878,0.8836780477386176,0.8720933702428314,0.8968350842968574,0.8980998992919922,0.8770564725621551,0.9100564764178075,0.8896365584250434,0.8982911547626984,0.8852138410063473,0.8982411532929943,0.8797675371170044,0.8854870776879141,0.9074852762682462,0.892414340022534
258,1,1,0.9649399907232387,0.9471587629867956,0.9409675488764082,0.9521223306655884,0.9557209606335063,0.9623610533920528,0.9538784412129315,0.9753901620383264,0.9723459548683466,0.9544964535056594,0.9574981927871704,0.9668763113127448,0.9787674256176268,0.9675624166883122,0.9704453365045664,0.965887512055632,0.947940778461335,0.962118923664093,0.9662264370678806,0.9769204319191305,0.9649232366121062
259,4,1,0.8918761570150097,0.8980759895799887,0.946388828149108,0.9463116526603699,0.9536190534969421,0.9541065749844767,0.9317297093143158,0.8999768910595615,0.856591102766395,0.9344436031200459,0.9208234548568726,0.9259896320928749,0.925044955133594,0.9104782731715573,0.9099659865223453,0.8741831473076296,0.9328251080733336,0.9437440633773804,0.9421611909513563,0.9520540327333057,0.9258222548275583
260,4,1,0.8269371705391038,0.7901967400708694,0.8560397167369106,0.8245370984077454,0.7982294419182349,0.8248164166829096,0.8201260973926289,0.8854252040877221,0.8817255685318657,0.9079368562554452,0.9121074080467224,0.9056207595018733,0.9136400881520397,0.9010759807626112,0.8647065177914234,0.8712211368352341,0.8753743338085548,0.876923143863678,0.867722624260455,0.9057065772734747,0.8769423889721365
261,3,0,0.09827211715044401,0.1124445144430869,0.11867245903914866,0.11935392022132874,0.11380340739273229,0.11258662480466393,0.11252217384190075,0.09437538705510054,0.10430585941317957,0.11779903495741162,0.11510208994150162,0.1114402002142831,0.1028469737281429,0.10764492421826988,0.10040942089052504,0.11343424592690003,0.11649421731667343,0.1142149567604065,0.11388891950443557,0.11663096937749132,0.1125121216294053
262,4,1,0.11042843941714452,0.27248187505803595,0.11747299607709438,0.08162914216518402,0.10910291564766961,0.07934250952885243,0.12840964631566348,0.2377289518686903,0.3634367930338836,0.7216234769346606,0.7285566926002502,0.7023771216852063,0.42703653187721563,0.5301265946666511,0.23944439465843353,0.362066170920457,0.5762542071216175,0.6030910611152649,0.6331612235556641,0.35051915115139154,0.4607560347538047
263,2,0,0.3264290309528966,0.3536750680291494,0.22061939908072414,0.22179457545280457,0.21618302262722383,0.23377662864997337,0.2620796207987953,0.3423499325973651,0.37310892276407337,0.22218196486845013,0.18774734437465668,0.23453388178003987,0.24522289363919125,0.2675241566706294,0.33594640458770325,0.3701710332476248,0.20783050589201105,0.19650587439537048,0.2571254198114823,0.22791225126782105,0.26591524820033546
264,1,0,0.1932456405963478,0.22703760007535928,0.09684732634259367,0.10751848667860031,0.08948634014591315,0.13803214334975614,0.1420279228647617,0.19826596512918923,0.2110496942347308,0.12601987132408582,0.1225472167134285,0.09793285923369612,0.15106198754816388,0.15114626569721573,0.1960945153510934,0.20685776227747765,0.10195149424971722,0.12514439225196838,0.0974474878420765,0.15769821214048219,0.1475323106854692
265,1,0,0.6992316273743613,0.6886279159811949,0.7083017028850306,0.6672806739807129,0.6880294269889242,0.6736923750171281,0.687527287037892,0.7226943042534,0.6981267773564668,0.7333621164513722,0.7082056999206543,0.7215927473078577,0.7173514341973132,0.7168888465811774,0.7165255175634051,0.7048699501104078,0.7280720123139581,0.6921307444572449,0.7127560079549669,0.70919981589386,0.7105923413823071
266,2,0,0.10746473417072376,0.11638395883524646,0.10808427431223946,0.11792060732841492,0.13370282346663986,0.12416371190490073,0.1179533516696942,0.10692658302743986,0.11625206289863177,0.1081956188327739,0.11980240046977997,0.14775997893465917,0.12339176334118417,0.12038806791741145,0.10325404679465665,0.11529932538651085,0.1119962099278784,0.1303429901599884,0.14949658882126218,0.12212566087471623,0.12208580366083545
267,3,0,0.0675814590094916,0.07996318770050563,0.08241491559579033,0.07339933514595032,0.08377943402745633,0.03743615769153238,0.07076241486178776,0.06358393014646276,0.08658710378645619,0.0914764308710136,0.05171173810958862,0.07590951330873698,0.027018405419067002,0.06604785360688753,0.06442521024961892,0.09376455644257453,0.08888565587761789,0.06426186114549637,0.08928415844577457,0.02528879359718478,0.0709850392930445
268,1,1,0.09349965278166993,0.11404863627200837,0.10733213726766527,0.0858156606554985,0.09580704354450513,0.09217870435484632,0.09811363914603223,0.09260430218423954,0.1082201896222258,0.10940467504156892,0.1027039885520935,0.1076809061800405,0.09837591935078539,0.1031649968218256,0.09071508599607626,0.11009488405329859,0.11145310484091396,0.10234279185533524,0.10454534274095911,0.10246915131612261,0.10360339346711762
269,4,1,0.9226835322302946,0.9120694725759724,0.8342186257467765,0.8841114044189453,0.9231085888746653,0.9358610400166629,0.9020087773105527,0.9354933093498272,0.9517128715653326,0.8793906269716377,0.9406829476356506,0.9460566390023776,0.969857329452752,0.937198953996263,0.922249440339365,0.9359073111869182,0.8384233773151191,0.9231668710708618,0.937066155109566,0.958184032177953,0.9191661978666305
270,2,1,0.9401941867809829,0.9124034036220909,0.9175079840315274,0.9280094504356384,0.9418263593462541,0.9563776401731937,0.9327198373982812,0.9378004048366404,0.9326928111440648,0.9579956179040741,0.9616220593452454,0.9692438040486793,0.9764689309548651,0.9559706047055948,0.950743463943302,0.9276479347562336,0.9504693074323111,0.956901490688324,0.97169682616684,0.9724398260804478,0.9549831415112431
271,1,0,0.2570595356743143,0.18864760041455716,0.2628799833394054,0.2922382652759552,0.2878444895954449,0.24191902278780986,0.2550981495145811,0.25278007941747116,0.19289416174216326,0.25874198043697766,0.28533557057380676,0.2626075395830444,0.25598628448639527,0.25139093603997636,0.25037584209465824,0.18045538988224347,0.23821336408539995,0.2730116844177246,0.25699449169612326,0.2528829654279345,0.24198895626734734
272,4,1,0.10145288214380925,0.11904309694157336,0.08035189796877693,0.07804818451404572,0.06294139951674847,0.07730596154039515,0.08652390377089147,0.10244189538197444,0.11262696554495437,0.07221652876822156,0.08343827724456787,0.0641053826941733,0.09860902638837779,0.08890634600371156,0.10014167225112204,0.1073085645524668,0.07042537785618319,0.07932499796152115,0.06952915693202122,0.09225612986766288,0.0864976499034962
273,2,1,0.8569131032871299,0.7934054078719136,0.900904799482687,0.886451005935669,0.8463499649264308,0.841659497934405,0.8542806299063725,0.890598472098501,0.8817276946919506,0.9449282470141075,0.9263896942138672,0.9324137460287892,0.9439435308171098,0.9200002308107207,0.8812091505311421,0.8776529784931828,0.9342972772562256,0.914280354976654,0.9192851147625907,0.9438026580352493,0.911754589009174
274,0,0,0.330263459944222,0.3363641071939092,0.5073722348109952,0.43723422288894653,0.44945535854764707,0.44855329545303524,0.41820711313979253,0.3330396250343628,0.3180230379584438,0.41260867024141296,0.4490067958831787,0.4828497705457898,0.3827274658102522,0.3963758942455734,0.30233802305478197,0.31195031457405104,0.4222697666678388,0.42722585797309875,0.47051604316025236,0.4060573543191338,0.39005955995819275
275,3,1,0.7092715735188502,0.7044386565027713,0.7087882505046688,0.7140770554542542,0.7084986285676822,0.6816763420236439,0.7044584177619784,0.7163421068558185,0.6959495105742397,0.7078833840069593,0.7148211598396301,0.702722146146488,0.6907077883848878,0.7047376826346705,0.7108076333419482,0.691585348669985,0.6935309941753997,0.6801205277442932,0.6878253851134543,0.6789661366096219,0.6904726709424504
276,4,1,0.9379325951659936,0.9618103235869214,0.8728612865481093,0.8990746140480042,0.9344542125786957,0.950887720857607,0.9261701254642217,0.9209755960721602,0.9606211625451828,0.9015874978309687,0.9406829476356506,0.951288266354622,0.971288768093606,0.941074039755365,0.9302045849323664,0.9624499561357084,0.8694730859276335,0.9308463931083679,0.9397358481276568,0.964045067815282,0.9327924893411691
277,1,0,0.6332846970347077,0.6452432006287127,0.6258329437930691,0.5795599222183228,0.5868191350678675,0.5053903367028431,0.5960217059075872,0.6461085776383257,0.6397817374242952,0.5908490079493524,0.5799163579940796,0.5879155996588181,0.6143822291048741,0.6098255849616241,0.6421673107023874,0.6419020212298906,0.6114943030160098,0.5997294187545776,0.6033270956366312,0.6174210263911751,0.6193401959551119
278,2,0,0.1073667765542487,0.11387587843811534,0.1028695022482229,0.09431839734315872,0.06979616581780938,0.10147827187339648,0.09828416537915859,0.10010872317821447,0.1124626130616286,0.09470761611045743,0.0907643735408783,0.06491112425142254,0.098307407386026,0.09354364292143788,0.09814379135750251,0.11754274889824423,0.09598594590117632,0.09137293696403503,0.06760583635817861,0.1050822064555564,0.09595557765578218
279,1,0,0.08933004278807365,0.28574186478327135,0.14376279540988854,0.13146819174289703,0.12167884728303764,0.12569073142914114,0.14961207890605155,0.07051690552951467,0.17603748449195258,0.07032621098872917,0.047189485281705856,0.05447107206360663,0.035437090941214396,0.07566304154945389,0.07031324789591693,0.1866852841782521,0.07339957326169685,0.06614451110363007,0.05456779153989113,0.040585345667272614,0.0819492922744433
280,2,1,0.6141985497012022,0.6162440908158338,0.5989288957259336,0.5919404029846191,0.55735297271203,0.5937739111384026,0.5954064705130035,0.6724980878131916,0.6516080228031356,0.5793347989817621,0.6239564418792725,0.6307274301340007,0.6496914696416056,0.6346360418754946,0.6566667716430765,0.65730053480763,0.6262736586567833,0.6412664651870728,0.646457716882941,0.6689301975054667,0.6494825574471617
281,3,0,0.1332336360345574,0.1042115379114647,0.16546966413931638,0.09735215455293655,0.07551748792798411,0.05936275215313571,0.10585787211989914,0.11837807818993137,0.10830038134262641,0.13737919400497595,0.08678380399942398,0.06742051297058135,0.06018669147748191,0.09640811033083684,0.11632245826190252,0.10955150814071565,0.1400241048144742,0.08684954792261124,0.06826555981794426,0.06733029190162564,0.09805724514321225
282,1,0,0.11767183308134352,0.12226235103574776,0.11921410203894295,0.12815450131893158,0.12986219615518954,0.11767024549338234,0.12247253818725629,0.11700265484037999,0.11360335546253826,0.15039988681028252,0.11354438215494156,0.1323606257790911,0.07423974229917282,0.11685844122440103,0.11785035938541796,0.12533001585707454,0.10966329743777076,0.1291740983724594,0.1369836962337064,0.08942584937848909,0.11807121944415301
283,0,0,0.11338768681924542,0.12428593519931418,0.11349244301539387,0.1100861057639122,0.10572019708525583,0.1127907365302788,0.1132938507355667,0.11537780813534224,0.12426361285401903,0.11557096573099482,0.11910475790500641,0.11505297317427501,0.11447486117430375,0.11730749649565686,0.11327303167572061,0.1234122168004173,0.11452587271976812,0.11699877679347992,0.11567884570135173,0.10701231389235265,0.11515017626384838
284,0,1,0.11291803822870924,0.12330690923466375,0.11349244301539387,0.1100861057639122,0.10900161560718638,0.1127907365302788,0.11359930806335736,0.11660133067423627,0.12431202764028998,0.11557096573099482,0.11910475790500641,0.11505297317427501,0.11648749007507686,0.11785492419997988,0.11525039925931327,0.12359654882257681,0.11452587271976812,0.11699877679347992,0.11567884570135173,0.1145608647041298,0.11676855133343661
285,2,0,0.2816967718862824,0.30637045900005083,0.2972932582868737,0.2858928442001343,0.2761119770385947,0.3185339539685822,0.29431654406341967,0.29758228234888195,0.3109918489113227,0.2514333747579148,0.24930356442928314,0.26039148465447287,0.36253102623152506,0.2887055968889001,0.2996225805422558,0.29399238846421494,0.22111160433338242,0.26845625042915344,0.2595314918913521,0.3227449562593785,0.2775765453199562
286,0,0,0.12398066845893517,0.13208705419467495,0.11135855596497536,0.12562651932239532,0.12762719991978566,0.1294345607697702,0.12501909310508946,0.12762353026091183,0.13407643448100315,0.1250105787193243,0.13549166917800903,0.15081006739867875,0.12796932135014624,0.13349693356467887,0.1272818545709121,0.13125113584212114,0.12668770396465048,0.14250986278057098,0.1494700587972924,0.12537009483563397,0.1337617851318635
287,0,1,0.11987966760830998,0.1266354520337409,0.11444190716467373,0.1311570405960083,0.13272729479224316,0.11869999006465526,0.12392355870993854,0.12141884720476452,0.12679735458626612,0.11557096573099482,0.12844312191009521,0.13470254362912837,0.11404021218073747,0.12349550754033109,0.11996562333719107,0.12574722179864298,0.11666480821762104,0.12497486919164658,0.13546616468981496,0.11477400234099072,0.12293211492931788
288,0,0,0.10888798241007992,0.12330690923466375,0.11585471685069983,0.10493101924657822,0.10968891425997118,0.11286848405501837,0.11258967100950187,0.11116757144141275,0.12431202764028998,0.11533476124755684,0.11474654823541641,0.10741774265664851,0.10997578128561022,0.11382573875115579,0.11036169558769113,0.12359654882257681,0.11667147915089707,0.11465376615524292,0.10947843832927999,0.11318577228372728,0.11465795005490254
289,1,1,0.11023754872104784,0.1270917749756376,0.09789040712559416,0.09505607187747955,0.09616982203262658,0.11494400873097581,0.10689827224389356,0.11071923443744378,0.12556024999256002,0.09363016229985174,0.09657955169677734,0.09317963539729632,0.11929322526833033,0.10649367651537658,0.10974233141330364,0.12661659450934284,0.09232679669541555,0.0959492176771164,0.09254293211458678,0.12232240608081844,0.1065833797484306
290,1,1,0.6852364137676471,0.6769850376103488,0.6695667072418323,0.6507498621940613,0.6368905640780471,0.6427093983024416,0.6603563305323963,0.7093070599802438,0.6983432307282215,0.6630668992588896,0.6864275932312012,0.671333325988176,0.6802360329166588,0.684785690350565,0.6983538298832563,0.7053225816893551,0.6984979796035702,0.6921307444572449,0.6575952740722981,0.6747629576510534,0.6877772278927963
291,0,1,0.9116468898966023,0.873273621028923,0.9174582714357752,0.9310282468795776,0.9347496154514573,0.9563833200653266,0.9207566607929436,0.8946638068470482,0.8667286336537485,0.8776706072916739,0.8956777453422546,0.8898385426270482,0.9409484516799878,0.8942546312402935,0.9036114851010177,0.8721102265988401,0.899871146037047,0.908619225025177,0.9274279898405507,0.941370715557575,0.9088351313600345
292,4,1,0.9632536378264753,0.9631476736928304,0.9435200266562631,0.9528647661209106,0.9619595191330012,0.971189484830292,0.9593225180432953,0.931480598066488,0.9399405787150622,0.9276810825378048,0.9216185808181763,0.92945856427999,0.9550807144674494,0.9342100198141616,0.9493069269216632,0.9506434187466958,0.94409767176317,0.944277286529541,0.9528710223922712,0.9755509218525954,0.9527912080343226
293,2,0,0.4127145015172595,0.3828137411516716,0.5747683371531003,0.3232281506061554,0.3705619142375463,0.3699723783397272,0.4056765038342434,0.41106866699710776,0.3684579529918815,0.5477817873620031,0.34595987200737,0.4028391423520654,0.29464047996004117,0.3951246502784114,0.4285726919957771,0.3750040245873823,0.5103874159534645,0.31635773181915283,0.3711926540663843,0.35078666847613965,0.3920501978163834
294,0,0,0.5629950497876784,0.5992306837854026,0.5059450577367065,0.5112327933311462,0.5248008208187088,0.5295493570102875,0.538958960411655,0.5789970802487342,0.6088960934223372,0.5749049782058225,0.5435118079185486,0.5484332468351079,0.5533211315422486,0.5680107230287997,0.5565635626314749,0.607062844914201,0.5363769340181507,0.5235421657562256,0.5206858876214692,0.5254822217720321,0.5449522694522589
295,2,0,0.09624782361644701,0.1089061485645275,0.10686890160556944,0.09982087463140488,0.09558763914832631,0.10648115397175388,0.10231875692300484,0.09187186753410623,0.10801496766102754,0.1036145466304501,0.09830430895090103,0.09313695573750888,0.10667539880820154,0.10026967422036588,0.09232928210440017,0.10851600010461636,0.10641495751371609,0.09499331563711166,0.0923469899395418,0.10931462317763026,0.1006525280795027
296,4,0,0.24818557396074936,0.1966483265953678,0.19184430678363726,0.200094535946846,0.22046952650476961,0.25125710773803633,0.2180832295882344,0.23146678539092122,0.1934510892438957,0.1958502149210153,0.22095660865306854,0.23222333257229746,0.2388812881449325,0.21880488648768842,0.24021736220386208,0.18667937283012914,0.19126722846128885,0.21052992343902588,0.23739490469686958,0.25656409184253776,0.2204421472456189
297,2,0,0.1125772138187173,0.1097695427791798,0.130551862552576,0.13485018908977509,0.12869415432392767,0.10142571665363267,0.11964477986963475,0.10463330698196151,0.10839636724148377,0.11690856550755128,0.1064213365316391,0.1121255442412825,0.11246826587713102,0.11015889773017486,0.10297646101927138,0.10795716378388277,0.14151259981251643,0.1321813464164734,0.12449861911268889,0.11644527332649172,0.12092857724522076
298,4,0,0.8385267714652151,0.8708693082079413,0.8981333801106831,0.9586099982261658,0.9526532065985074,0.9449394117366029,0.910622012724186,0.8528720776712597,0.8174756883339795,0.918610940759152,0.9504406452178955,0.9633730374829695,0.9380507629448165,0.906803858735012,0.87749673452402,0.8909749373029844,0.9389202801847639,0.9629029035568237,0.9652850948472171,0.965380569796755,0.9334934200354272
299,2,1,0.3211431462012099,0.3069567346705599,0.40059468934351466,0.4272843897342682,0.44104381000328896,0.31597232443361456,0.368832515731076,0.33580226605893143,0.3061020641282681,0.3915764661942379,0.4215787649154663,0.4479654893184172,0.3350045712246357,0.37300493697332615,0.3316792537353706,0.3097917208233297,0.37739387817259135,0.42781445384025574,0.4280196541546884,0.3159017432212027,0.36510011732457304
300,3,1,0.9564161660675407,0.9540201171562029,0.9178143070290785,0.9324209690093994,0.9323328616258175,0.9509431595668691,0.9406579300758179,0.9217346997937942,0.9245714892654295,0.8775534081013145,0.8655038475990295,0.8770564725621551,0.9390561526604402,0.9009126783303605,0.9453369976809582,0.927652982187486,0.824730455812733,0.8474854230880737,0.8823746821525199,0.9505866096503178,0.8963611917620149
301,1,1,0.6992316273743613,0.6886279159811949,0.7083017028850306,0.6672806739807129,0.6880294269889242,0.6736923750171281,0.687527287037892,0.754165017868216,0.788740348802135,0.9104273297797222,0.8936459422111511,0.9143700230470697,0.8894408311299102,0.8584649154730339,0.7354514353448194,0.7892482427446517,0.836125909077885,0.8556832075119019,0.8833613515028583,0.8205492329415925,0.8200698965206181
302,3,1,0.08308541030005817,0.10385313798288676,0.09696489655426856,0.11180464923381805,0.08212893106394739,0.10863981199808548,0.0977461395221774,0.1139668057489507,0.109917170029807,0.09626146364499319,0.11196108162403107,0.08074340364594741,0.13326354370236795,0.10768557806601622,0.08953484039274341,0.10686287625559375,0.08757441226967505,0.10461735725402832,0.08142941654103948,0.10660384993965798,0.09610379210878967
303,4,0,0.10727206745810859,0.11869218082745533,0.08035189796877693,0.07804818451404572,0.06294139951674847,0.0783628736146044,0.0876114339832899,0.10693743612922992,0.11544341706728825,0.07483728401310887,0.08343827724456787,0.0641053826941733,0.10163297391363449,0.09106579517700045,0.10363284748829273,0.1073085645524668,0.07042537785618319,0.07932499796152115,0.06952915693202122,0.09416535792657581,0.08739771711951014
304,4,1,0.8434819060700174,0.8489369610765777,0.9281419235985443,0.8840224146842957,0.9010985417849305,0.9389735983904647,0.8907758909341384,0.8434477011183155,0.8354571632907372,0.8961071172329023,0.8609519600868225,0.8522522784691859,0.9310024068175053,0.8698697711692447,0.842412367433752,0.8436066310662502,0.9217110581686078,0.8819929957389832,0.8867217334353986,0.9210288180825768,0.8829122673209281
305,0,0,0.1132841424331789,0.12416819081572268,0.11349244301539387,0.1100861057639122,0.11900770958949923,0.1153866056466981,0.1159041995440675,0.11595231425078216,0.12537759298350087,0.11557096573099482,0.11910475790500641,0.12325944607244492,0.11212898055013494,0.11856567624881068,0.11609558605470914,0.12454096326404283,0.11452587271976812,0.11699877679347992,0.12207719018685255,0.11247041589449285,0.11778480081889091
306,1,1,0.6190194025726925,0.6427594449273194,0.5751104967512818,0.659774124622345,0.8070410177721975,0.4874464436380816,0.6318584883806528,0.4838059665024008,0.4281675916517086,0.02025239010181863,0.03849666938185692,0.03720013384158849,0.10522921359187848,0.1855253275118753,0.48232662933727377,0.4668040718218516,0.18045323960518067,0.14990606904029846,0.09876284825762771,0.2079713135722736,0.26437069527241763
307,0,1,0.9458549697705778,0.9022841129487692,0.9388617033958765,0.9481222033500671,0.9482867743419231,0.9703191778266205,0.9422881569389725,0.9649589222630293,0.9396000585702505,0.9639104952079149,0.9749533534049988,0.9722891951022054,0.9847856570136284,0.9667496135936712,0.9662628582501731,0.9323551170811512,0.9577245361315112,0.9763045907020569,0.9592074995642134,0.9842255571121125,0.9626800264735362
308,4,1,0.9447086838018361,0.9260989142018616,0.9456282359215097,0.9457626342773438,0.9632246518041608,0.9693705955515425,0.9491322859263758,0.9260477482455529,0.9109537233612887,0.9254088008137846,0.9216185808181763,0.92945856427999,0.957120597204138,0.9284346691204882,0.9423404403285044,0.9302878276177751,0.94409767176317,0.944277286529541,0.9528710223922712,0.9765602231767496,0.948405745301335
309,1,0,0.11359139424109957,0.14103558035916022,0.15070209445333968,0.1500059962272644,0.1699358443491854,0.17616568885513403,0.1502394330808639,0.12381733127493116,0.1389943030859529,0.17442770289083406,0.1595536470413208,0.15681592096206068,0.1829992525921799,0.15610135964121324,0.11752249103093623,0.13611897059770814,0.14734464347743534,0.15774336457252502,0.1514366521715597,0.1600054250468845,0.14502859114950814
310,1,1,0.9549923039546638,0.929969447292198,0.9467098135640121,0.9578188061714172,0.9607412146534324,0.9827854627546759,0.9555028413983997,0.9333367156346973,0.90954699124416,0.944287189553124,0.9266466498374939,0.8994582880321175,0.9677335068242482,0.9301682235209734,0.9463386327505438,0.9099009807707228,0.9564299289824548,0.9547059535980225,0.9495127819349186,0.9799545704997141,0.9494738080893961
311,1,1,0.9458825217941531,0.9028904521294461,0.9453009979628388,0.9456885457038879,0.9498826306967215,0.9697152497761483,0.9432267330105326,0.9595963481542945,0.9352164164030637,0.9591759809590755,0.9636157751083374,0.9663561252650817,0.976387721748267,0.96005806127302,0.9417039303510586,0.8871965774517351,0.9410303553799829,0.9477307796478271,0.9447688324292236,0.9605044308044727,0.9371558176773833
312,4,1,0.8808357454211841,0.9470002566670235,0.9279545959108833,0.9443235993385315,0.9353932355312264,0.9167455021501583,0.9253754891698345,0.9265510660060962,0.9616600367973362,0.95787529250962,0.9470483660697937,0.9657523913964613,0.9509890047641878,0.9516460262572493,0.896268336415212,0.9585163380803817,0.9321967764417385,0.9413034319877625,0.9533103314911966,0.9345344565917358,0.9360216118346711
313,2,0,0.8817617950389814,0.7940759780269094,0.9003081091870976,0.9138505458831787,0.9213711361968233,0.8810971603182115,0.8820774541085334,0.8897858715166901,0.8069477761338244,0.8914444406229013,0.8825700879096985,0.8861992522750124,0.8477386084104432,0.8674476728114283,0.8956735838036451,0.8127681865861891,0.8995366273419494,0.9035457968711853,0.9040827032787178,0.8686488677614636,0.8807092942738584
314,0,0,0.11486651826614223,0.12538523944215207,0.11682133925561256,0.12324800342321396,0.12330046035889511,0.11657807272649505,0.12003327224541849,0.11762096443089919,0.12637782349179733,0.10762039062263444,0.11437251418828964,0.12464474459871021,0.11212898055013494,0.1171275696470776,0.11655845733627852,0.12536910551641872,0.11764400938686229,0.1131223514676094,0.1258491120203095,0.11560124131195605,0.11902404617323907
315,0,0,0.15249823340100058,0.12279737546524354,0.3360928684672513,0.27896079421043396,0.1946567905108965,0.14055710979928412,0.20426052864235164,0.15767568911087726,0.1497337602769856,0.3790642494144313,0.2632361948490143,0.19994076172285274,0.20415956621745343,0.22563503693193576,0.148458151421313,0.14102297177251125,0.3778106932233603,0.2771240770816803,0.2169137693753297,0.13415481060293502,0.21591407891285494
316,1,1,0.6102719196494066,0.6281146065195834,0.49691997214222405,0.533787190914154,0.5139403100619914,0.532314277335707,0.5525580461038444,0.6248575992498079,0.6332781876899347,0.5387511067669425,0.5761052966117859,0.5719745469038655,0.5773291054979932,0.587049307120055,0.6283597226000602,0.6382734128447826,0.5564916355138682,0.5593198537826538,0.5597334464710894,0.5879078123555745,0.588347647261338
317,1,1,0.8459828807726906,0.7989682959363921,0.8444994157219075,0.8485788702964783,0.8262009729361091,0.8430898073134961,0.8345533738295122,0.8478652152950171,0.8081703368939582,0.8164985159120023,0.81711345911026,0.824908986896997,0.8186169071472137,0.8221955702092414,0.8474751501968507,0.8093493766689542,0.8370444544974445,0.8485296964645386,0.8379152322134338,0.8259269660337435,0.8343734793458275
318,2,0,0.2389868718950757,0.18112474444177287,0.11025333698620281,0.12876315414905548,0.10679089111391826,0.17245772895890857,0.15639612125748895,0.222523948553634,0.19541599105685228,0.1152489194312101,0.11989796161651611,0.10758194191512428,0.15731525478326916,0.152997336226101,0.21871164099687937,0.18949357868061636,0.09893895981619377,0.11858491599559784,0.09566093508075384,0.14348213616246674,0.14414536112208465
319,2,1,0.9156969293614404,0.8643771776793492,0.9175079840315274,0.922764778137207,0.9402291554836494,0.9533611360361745,0.9189895267882247,0.8972384272605979,0.9127472617326013,0.9593430101791764,0.9616220593452454,0.9692438040486793,0.9740406444836232,0.9457058678416539,0.9070985835950991,0.902742474276612,0.9504693074323111,0.956901490688324,0.97169682616684,0.9671840164169156,0.9426821164293503
320,2,1,0.8353666753497768,0.8774779181651451,0.8846531649003117,0.9181565642356873,0.906527995935732,0.9454080081900818,0.8945983877961223,0.9180337236046618,0.9256700050311506,0.969633747656165,0.9706566333770752,0.9751431557791974,0.9742336764619958,0.9555618236517075,0.8999101502289386,0.9194592546220202,0.9585263486204947,0.9620124101638794,0.9720718942318436,0.9803072802170694,0.9487145563473741
321,2,0,0.0951059921952565,0.10901168183520246,0.10686890160556944,0.10827138274908066,0.10097019738105684,0.10681852632498355,0.1045077803485249,0.09020097678491941,0.10801496766102754,0.1036145466304501,0.09830430895090103,0.10090453974507832,0.10120075295918929,0.10037334878859427,0.09063433605848059,0.10823840671858051,0.10641495751371609,0.10060488432645798,0.09929785372413771,0.10074355418695406,0.10098899875472116
322,2,0,0.1170333862775937,0.10965045792920508,0.13822912276837918,0.15342894196510315,0.10560666248725362,0.10685810459255,0.12180111267001412,0.11208045297025926,0.10889268717005396,0.10502209689766061,0.10723434388637543,0.10354223507280012,0.10667539880820154,0.10724120246755849,0.11174146728073933,0.1093937196136428,0.13714404102911093,0.11108187586069107,0.10246024985597907,0.10984956795721496,0.1136118202662297
323,0,1,0.8438669173299327,0.792227663622613,0.8757325235164876,0.8693737387657166,0.8640026568873801,0.9033675587993517,0.8580951764869136,0.8551403514808971,0.7892584043920345,0.8792271243579366,0.8647428154945374,0.8722114053962757,0.817110550601926,0.8462817752872679,0.8559449360696207,0.7869634301189444,0.8867298989402819,0.8733768463134766,0.8751712908179118,0.864652310678834,0.8571397854898448
324,4,1,0.8479223139923968,0.7899672375567132,0.8951623117089914,0.8975592255592346,0.8780020481253453,0.864422077464852,0.8621725357345889,0.9013780089943193,0.8796945611294045,0.9190150853684069,0.9411311745643616,0.9205782888855853,0.9495601461990545,0.9185595441901886,0.8883160776910323,0.8701159616294596,0.8853945034142182,0.9217166900634766,0.9029007754280157,0.9341874459794365,0.9004385757009398
325,0,0,0.14044170860308328,0.08737703633250782,0.16472728952336835,0.2836522161960602,0.1973086329436508,0.06825195474951598,0.15695980639136442,0.10465683414516251,0.07812866426256447,0.1693004416536809,0.1377054750919342,0.11105647988120747,0.03487874796357847,0.10595444049968801,0.11081083470939698,0.08192064544448661,0.17171461895510842,0.1440773755311966,0.07794381089580518,0.026094419808859265,0.10209361755747551
326,4,1,0.9531270982423012,0.9242431610550806,0.9454957446378659,0.945501983165741,0.9521438738404877,0.9690634576869894,0.9482625531047442,0.9699891161015859,0.9473151446666935,0.9571306556464158,0.9662773013114929,0.9661404138091746,0.977970770242331,0.9641372336296157,0.9739838590418611,0.9398207000401568,0.9495740244709386,0.9572716951370239,0.9495732130606029,0.9675155228127635,0.9562898357605578
327,1,0,0.09889199206717987,0.11522184866411245,0.09180652368222554,0.0655422955751419,0.05056665254144203,0.0668001994252142,0.081471585325886,0.10794947848198574,0.11996688874714714,0.08266212624604326,0.069760262966156,0.057908989730011795,0.07676168748702829,0.0858349056097287,0.11030611324439614,0.12011777548319441,0.09232192298421252,0.06982918828725815,0.05808160853876506,0.07658958783976372,0.08787436606293166
328,3,1,0.8917073377727731,0.8766770643509941,0.8551014070501222,0.8852174878120422,0.8862477494915652,0.9160168140699647,0.8851613100912435,0.8717332178681735,0.8625795348334488,0.8271071783849396,0.8376178741455078,0.8482828117328186,0.8874702729830534,0.8557984816579902,0.8775893870392592,0.8680951516855413,0.8251895845221792,0.8230319023132324,0.8588222336071011,0.8859972086691699,0.8564542446394138
329,4,1,0.6533909128108495,0.5948599902880354,0.5443626575020214,0.5214452147483826,0.5311178167151176,0.5432391774355741,0.5647359615833301,0.769802503838513,0.7842044509685417,0.8379729528363155,0.8364715576171875,0.8515351134201192,0.8727393236725743,0.8254543170588751,0.7559940146752185,0.7708605823862585,0.7792365501345103,0.8171473741531372,0.8199527123002078,0.8246673797409042,0.794643102231706
330,2,1,0.9600775070457804,0.9500533162643785,0.9530176615257077,0.9570412039756775,0.960967482236045,0.973860620996832,0.9591696320074035,0.9722503309933169,0.9721777758552126,0.9717415574090166,0.9678381085395813,0.9758238284166052,0.9881570292858766,0.9746647717499348,0.9662297385531182,0.9691320973406886,0.9661012145798877,0.9628351926803589,0.9735107725833532,0.985111336775028,0.970486725418739
331,3,1,0.7495835048274301,0.688312030981008,0.6334018229767707,0.6409769058227539,0.6900145568511986,0.6759923955480439,0.6797135361678676,0.7553740490574722,0.6863762670610034,0.7210997975724407,0.7344134449958801,0.6955546892274896,0.7318487812989288,0.7207778382022024,0.7485118272917928,0.6708511308212302,0.7097090234103564,0.6907305717468262,0.6880618008808714,0.7004574638287837,0.70138696966331
332,0,0,0.28622437549607094,0.2857161732074898,0.3117507161679259,0.3044978976249695,0.3217892433261686,0.3100412107426065,0.3033366027608719,0.299007303988803,0.28358514888020125,0.30905224527227504,0.32332420349121094,0.3463926021802847,0.326517162682121,0.314646444415816,0.29571157415067123,0.27855266943259793,0.30005405193656354,0.3048761487007141,0.33726727232377,0.2928064328738592,0.30154469156969604
333,2,0,0.3187642445305318,0.3145726646359032,0.33741292497970066,0.3997814655303955,0.4162162541865016,0.3790505633655638,0.36096635287143275,0.3627373965479466,0.31475568719454844,0.3003986834302641,0.40544238686561584,0.39414204151859666,0.37202758127862384,0.3582506294725992,0.3525689400056982,0.3089363788498422,0.3354536078970884,0.3813627064228058,0.4050324692714358,0.3457551615009435,0.3548515439913023
334,2,0,0.1195974084612537,0.109738860321417,0.11371477203525468,0.09003396332263947,0.09169225320488297,0.1041329729157251,0.10481837171019548,0.09972894480173364,0.09094373435514988,0.11005280870711373,0.10716439038515091,0.09432642139724894,0.06817539604060174,0.09506528261449979,0.09793103475631122,0.08445042142764356,0.06909137690838345,0.04974677786231041,0.07153274942844104,0.03005291133775513,0.06713421195347413
335,3,1,0.8899605662382354,0.8733175677570748,0.9284866049093567,0.9419692158699036,0.9384696612717194,0.9338424973016232,0.917674352224652,0.8782374688878734,0.8696473665899269,0.8727174951426855,0.8675410747528076,0.8484600868139717,0.910059357976733,0.8744438083606663,0.8850778453372633,0.8734426951583248,0.8924247635746684,0.8659785985946655,0.8719514718709646,0.9009342960919433,0.8816349451046382
336,0,0,0.10938422216568436,0.12416819081572268,0.11585471685069983,0.10493101924657822,0.11277291553572462,0.1153866056466981,0.11374961171018463,0.11311618282310419,0.12537759298350087,0.11533476124755684,0.11474654823541641,0.11515047612469384,0.11212898055013494,0.11597575699406784,0.11380451018823258,0.12454096326404283,0.11667147915089707,0.11465376615524292,0.1155786534365143,0.11497742995465439,0.11670446702493066
337,0,0,0.3672739196807612,0.3243188475186845,0.3582735764727322,0.3754488527774811,0.38310882791376777,0.3619981491594811,0.36173702892048465,0.3882689545870983,0.3087108780329095,0.3504068688483126,0.39398330450057983,0.42949975995372824,0.4039140440423822,0.37913063499416844,0.3956505349429708,0.3275503458461313,0.39048170491441336,0.4483528435230255,0.4278905763031862,0.4107931448413577,0.4001198583951808
338,1,1,0.9561675360307411,0.9458302219456124,0.9141589534722452,0.958747386932373,0.9315960922254968,0.9496710932656476,0.9426952139786859,0.9581366445854813,0.9612557572052227,0.9551547113170602,0.9544658064842224,0.9700336932626241,0.9680425681438127,0.9611815301664037,0.9594455893315861,0.9604119225049684,0.9596717328185603,0.9666560292243958,0.9629110471329079,0.9763352867749886,0.9642386012979011
339,3,1,0.10806299119983274,0.10959328463144163,0.0996837863963028,0.11090549826622009,0.10370346138038745,0.07571084843042475,0.10127664505076824,0.10619242999725928,0.11054010071838666,0.0928310855119461,0.0988711342215538,0.09855497275027655,0.0755856257550355,0.09709589149240964,0.10527052239211593,0.10962495943187225,0.09314339013561226,0.09476884454488754,0.09964199824399729,0.0788487088357042,0.0968830705973649
340,3,0,0.33817754345380446,0.31471745100893456,0.3743734250467857,0.3629591166973114,0.2981974330049822,0.31777759370638076,0.33436709381969987,0.33761424807900225,0.31716522502734207,0.3586967210070949,0.3458617925643921,0.2872488836498206,0.31916505108248644,0.32762532023502305,0.32772690346816813,0.3087017298090127,0.32956539041631605,0.3288790285587311,0.2897976880538093,0.3107612239706534,0.31590532737944843
341,4,1,0.8619148296857468,0.8396160671200306,0.9487684816535549,0.9558172821998596,0.9379306116782148,0.9537809213321454,0.9163046989449253,0.8687249462347704,0.8732503124527727,0.9554364366348933,0.9653262495994568,0.9720908293004653,0.9723770521310796,0.9345343043922397,0.8643211904210727,0.8580337206933446,0.9471504989980456,0.9638938307762146,0.9613190293633266,0.9724576811257098,0.9278626585629522
342,0,1,0.7386235568444283,0.833110061813879,0.856185983186891,0.8580408692359924,0.9088006026827715,0.8567553198182003,0.8419193989303604,0.8270218446209125,0.9015301451067811,0.9108292241837105,0.945588231086731,0.9613689095346317,0.9234229184534155,0.9116268788310303,0.8070768011156847,0.8797429965898392,0.8621164453740271,0.8648645281791687,0.9284914328243472,0.8903397163793525,0.8721053200770698
343,3,0,0.11663150343400683,0.12589302945949202,0.10924623707627897,0.12561115622520447,0.1306268416117386,0.12405117506521297,0.12200999047865563,0.11436227791394965,0.12485914216786967,0.1113862343116663,0.12561193108558655,0.1299708079981392,0.1282065594564509,0.12239949215561037,0.11442504392956994,0.1258490594953586,0.1091439249349012,0.12257284671068192,0.13267956703161085,0.12801316534370144,0.12211393457430399
344,0,0,0.12156508458401433,0.1312271777798214,0.11349244301539387,0.1100861057639122,0.11900770958949923,0.1419736647498953,0.12289203091375604,0.11941127019852653,0.13104446161133154,0.11557096573099482,0.12270117551088333,0.12325944607244492,0.1479913344933174,0.12666310893624974,0.11515739302130155,0.12980251676012788,0.11452587271976812,0.12070295214653015,0.12207719018685255,0.14554728245141824,0.12463553454766642
345,2,0,0.11474612419058104,0.11760228813769179,0.10808427431223946,0.12025141716003418,0.13370282346663986,0.12846840397080078,0.1204758885396645,0.11433888082314211,0.1173946141377225,0.1081956188327739,0.12356586754322052,0.14775997893465917,0.12760458553787538,0.12314325763489892,0.1161041410157003,0.11652499249585975,0.1119962099278784,0.1303429901599884,0.14949658882126218,0.13477781488356433,0.12654045621737556
346,0,1,0.8943288167524497,0.8621916813943085,0.8940414188934712,0.8613908290863037,0.8522190651888061,0.8943754800344413,0.8764245485582968,0.9131480861824556,0.9174955434884972,0.9428523339636311,0.9504631161689758,0.9397704183832705,0.958840856415519,0.9370950591003915,0.9039005867028735,0.9138264757345966,0.9316346590870542,0.9347355961799622,0.9354119617312829,0.9296685356039941,0.9248629691732939
347,3,1,0.7653145745359466,0.7563934691812869,0.829100964571484,0.8259568810462952,0.7571093720929748,0.7844552266313046,0.7863884146765485,0.7512923174493839,0.75057321401976,0.7411998249033853,0.7833170294761658,0.7527796783996792,0.7326004082142931,0.7519604120771111,0.7646938098971826,0.7532965077751016,0.7322203403536799,0.7620509266853333,0.7645633591271767,0.7300564741636548,0.7511469030003548
348,0,1,0.6135280593722227,0.6292451180604387,0.5932075975505999,0.5704901218414307,0.5629358142591938,0.543881436359249,0.5855480245738557,0.6521593815278591,0.6663289807487797,0.6192350127561679,0.603660523891449,0.5803116351248735,0.5888553825135617,0.6184251527604484,0.6376252876876992,0.6636171567708328,0.6241259377874178,0.5950317978858948,0.5450660805485238,0.5867900966999515,0.6087093928967199
349,0,1,0.7097295648427303,0.5703536051354091,0.7658853292547654,0.7081992030143738,0.6769370324586732,0.6876381036965746,0.6864571397337544,0.8239190775132795,0.7099966531889451,0.8877214848239585,0.8696544170379639,0.9035015128669299,0.8722078333409541,0.8445001631286719,0.8081853302541423,0.6897508987856938,0.8834642914247188,0.8385704159736633,0.8234321347808765,0.844501897401737,0.8146508281034719
350,2,0,0.10370633802724374,0.11027341940010835,0.10708140817869362,0.11534728109836578,0.11932640148617955,0.0994238845061211,0.10919312211611869,0.1063435368792657,0.10887392052470805,0.10558668399446619,0.10663002729415894,0.11575844641502332,0.09254696967267158,0.10595659746338229,0.10630847536430969,0.10930752001810534,0.10777950663010492,0.10190271586179733,0.11745214885747933,0.09545233553580755,0.1063671170446007
351,0,0,0.10701924752491924,0.1234570250693177,0.11349244301539387,0.1100861057639122,0.10772658063243543,0.11461754323071299,0.11273315753944857,0.11111019093465054,0.12426361285401903,0.11557096573099482,0.11910475790500641,0.11505297317427501,0.11143160166496686,0.11608901704398544,0.10975541447502891,0.12367717406537457,0.11452587271976812,0.11699877679347992,0.11567884570135173,0.1073625703372876,0.11466644234871513
352,1,0,0.36930972680093643,0.3299715795199084,0.375595301822152,0.39126014709472656,0.3809555780669886,0.33029571104723926,0.36289800739199185,0.3727017980852957,0.32740764554059737,0.37514341055579714,0.3937305212020874,0.37427525068441897,0.35755720945919317,0.3668026392545649,0.3767538397422195,0.325394229034313,0.4063600722710594,0.3931947648525238,0.3620885505727886,0.37171552450199663,0.3725844968291501
353,4,0,0.14747892357418466,0.14718405876686957,0.15756130531245577,0.160654678940773,0.1583085686248632,0.132858037886179,0.15067426218422086,0.14808375339852528,0.1367275772735988,0.1794640373887621,0.17668330669403076,0.18358031084137783,0.16345148947548793,0.16466507917863044,0.14954938730782452,0.14140430723227232,0.18289813379678999,0.1603611260652542,0.18433359106239633,0.14041912466045253,0.15982761168749832
354,1,0,0.08793996406023707,0.11647739017947376,0.11048131044747125,0.09634565562009811,0.10335822547816373,0.10683829970681555,0.10357347424870991,0.08576718652198151,0.0944601970514569,0.09605879676466436,0.10413376986980438,0.11310524893333748,0.04662158251814736,0.09002446360989866,0.08737394416112292,0.10101113916564808,0.1085891902742306,0.09872773289680481,0.11287367726496493,0.04876501568614767,0.09289011657481984
355,4,0,0.1145456892920805,0.134610620793194,0.1281526389281401,0.11782016605138779,0.12978537322310493,0.12803551784004769,0.1254916676879925,0.11325082748108732,0.13342484942066585,0.12949309890325297,0.11741577088832855,0.12029451010107844,0.1233490930999501,0.1228713583157272,0.11215143634023697,0.13079207818410346,0.12693424196610742,0.12088284641504288,0.1333671060492755,0.12150845759118681,0.12427269442432551
356,2,0,0.10997569963346641,0.11062578053184106,0.11103644715415938,0.12978360056877136,0.13732160616920538,0.10872744081737347,0.11791176247913618,0.11242312290837314,0.10936242789279177,0.1081956188327739,0.1242758184671402,0.12901890800257385,0.11268313654196259,0.11599317210760257,0.11345256805153954,0.1093937196136428,0.1119962099278784,0.126539945602417,0.13200217251475196,0.11639543021796164,0.11829667432136522
357,3,1,0.9281959889076445,0.914400399422017,0.9534797955713836,0.9406752586364746,0.9490144617812197,0.9699481465497273,0.9426190084780777,0.9556165979957884,0.9475507250458306,0.9691605319104636,0.9434354305267334,0.9646236350294591,0.9887163578371349,0.9615172130575684,0.9542657405389644,0.9524705997674778,0.9628420920966515,0.960882306098938,0.9624812510563666,0.9880784956108872,0.963503414194881
358,0,0,0.8467679464678194,0.7854953809886678,0.8789379820562827,0.8821440935134888,0.8730365465276028,0.8529044331593357,0.853214397118866,0.8329960206634003,0.77063241386805,0.857784545150266,0.8270059823989868,0.8344209998865536,0.7808057119010906,0.8172742789780579,0.8429489981037354,0.7684117376435067,0.8571637446335049,0.8389789462089539,0.8577871632863904,0.8025268665195119,0.8279695760659338
359,1,1,0.6793985945607095,0.6886279159811949,0.6186920862514532,0.6150263547897339,0.6457731014971867,0.6688420527767409,0.6527266843095032,0.705591218136014,0.6981267773564668,0.7267400622249811,0.7082056999206543,0.7215927473078577,0.7129657794997575,0.7122037140742885,0.6929356030964459,0.7048699501104078,0.703500695609649,0.6669424176216125,0.7127560079549669,0.706667543929111,0.6979453697203655
360,1,1,0.6793985945607095,0.6886279159811949,0.6186920862514532,0.6150263547897339,0.6457731014971867,0.6688420527767409,0.6527266843095032,0.705591218136014,0.6981267773564668,0.7267400622249811,0.7082056999206543,0.7215927473078577,0.7129657794997575,0.7122037140742885,0.6929356030964459,0.7048699501104078,0.703500695609649,0.6669424176216125,0.7127560079549669,0.706667543929111,0.6979453697203655
361,2,0,0.11575103258072889,0.09230228172375066,0.14048302838900956,0.14532119035720825,0.14460441965099627,0.06562075303318067,0.11734711762247904,0.09331744795933716,0.09433651668398547,0.10149470584791163,0.07731151580810547,0.10320809928276797,0.047107714865871515,0.08612933340799654,0.09149730740892056,0.08571323723388484,0.09534877891615941,0.06659095734357834,0.09854415891196092,0.023893968364683785,0.07693140136319798
362,2,0,0.1483492737345701,0.1253667070969968,0.20740116582248108,0.20197097957134247,0.2580637725074353,0.1698800243970241,0.18517198718830827,0.15292915354173175,0.12374024082028605,0.212186391982275,0.24485105276107788,0.26930090549130964,0.16255946253028844,0.1942612011878281,0.1590920790206665,0.12890418042438082,0.22134533859096078,0.22897197306156158,0.27268656969561716,0.16351363061070745,0.19575229523398238
363,0,0,0.5969509346822661,0.6519286698026117,0.33549614267879624,0.36672350764274597,0.4723954831550352,0.4762628545863279,0.4832929320912972,0.3270556883556283,0.39670247776896655,0.020182592847375454,0.038370635360479355,0.029621028042655654,0.07329697241544027,0.14753823246509093,0.3531292362703773,0.38866688959304746,0.026008453636095455,0.05555685609579086,0.05035941582350208,0.07526198433285801,0.15816380595861182
364,0,0,0.11703537955445874,0.12467612044358704,0.10954230250604238,0.13044552505016327,0.11474426934051461,0.10107799798969919,0.11625359914741087,0.11924318345655571,0.1265113435416458,0.10435523708511468,0.1257629543542862,0.12505774584071158,0.10850025264479017,0.11823845282051734,0.11829063616292156,0.12506873638151964,0.11557561947177504,0.12823066115379333,0.11896486930377066,0.1124555714726251,0.11976434899106754
365,1,0,0.08724689907184759,0.12276727084221628,0.13483426812293423,0.14284026622772217,0.1399113366712535,0.11330806076719552,0.12348468361719488,0.12045118334204316,0.1269486456597625,0.1371728027851674,0.14895164966583252,0.13088184081036236,0.13286508709292105,0.13287853489268148,0.10222778462916433,0.11436538347886381,0.13870115697946578,0.15794864296913147,0.1198623404541672,0.12486534873500658,0.12632844287429984
366,0,0,0.12056193514662882,0.12575789740343854,0.12195077535626905,0.12788693606853485,0.12874553351048654,0.11102661657310604,0.12265494900974395,0.12126393516907105,0.12684576937253708,0.11253540712286818,0.12126869708299637,0.1259489037441923,0.11003161471552901,0.11964905453453234,0.12035961190739759,0.12566659655584522,0.12442322455105455,0.12260043621063232,0.12835909990830421,0.1129564088260868,0.12239422965988676
367,3,1,0.9028811091918262,0.9381621072831894,0.9200149408179457,0.9226164817810059,0.9514693779023343,0.9651809411566226,0.933387493022154,0.9005193302542174,0.9244668545966639,0.9020341620359422,0.8670571446418762,0.9047858420449579,0.9491571109872413,0.9080034074268165,0.9080315891849945,0.9277701065860451,0.8988664581658686,0.8862771391868591,0.912509932891829,0.9503245508055238,0.9139632961368533
368,1,1,0.6980987622358975,0.735531522873155,0.6099886428177634,0.5663267970085144,0.5606005000692297,0.6358460561724962,0.6343987135295094,0.7175845137311736,0.7413644128169926,0.6652832320114792,0.6517115235328674,0.6806727721554832,0.7042828532004876,0.6934832179080805,0.7103336909990805,0.7358650893868792,0.6673949319270591,0.6095734238624573,0.6220144951447684,0.6612321463441414,0.6677356296107309
369,4,1,0.6639677650097139,0.6666602291863916,0.6464429465826191,0.6303828358650208,0.6282983020666965,0.6395189474745057,0.6458785043641578,0.6684227770822332,0.6533146521770876,0.6575100762577039,0.6437457203865051,0.6278526664024549,0.6510844390503573,0.6503217218927236,0.6695775346767066,0.6511900218412285,0.6613698353805191,0.6242931485176086,0.6135545978170259,0.6466499315061982,0.6444391782898812
370,0,1,0.9370730023958879,0.9709283007796083,0.9493231317798365,0.9609845280647278,0.965019419031663,0.9755041171628696,0.9598054165357655,0.9537209104946328,0.9711259185773758,0.9733688585694167,0.9762269854545593,0.9737532292936757,0.9899880624191086,0.9730306608014614,0.9502456974162609,0.9340432325289811,0.9307065248261707,0.9442363381385803,0.9486178159553424,0.9674620658431696,0.9458852791180842
371,3,1,0.48127839654330234,0.4546920184689671,0.7515207077144394,0.6231940388679504,0.5967037075647003,0.6971048684367809,0.6007489562660233,0.4690960878234219,0.4672504598968742,0.7262763908298371,0.6036986112594604,0.581139886634816,0.5072659275161633,0.5591212273267622,0.47987651569574635,0.48369782147820056,0.7001426231295835,0.6095253229141235,0.5707732419828063,0.6066121307017883,0.5751046093170413
372,0,0,0.11557018229043521,0.12153824299477144,0.12029033272423736,0.10248526930809021,0.09355485316737149,0.09426500151917969,0.10795064700068088,0.11979368527231933,0.12328249263604524,0.13140475900090937,0.11210028827190399,0.09276129005896433,0.10361524192456406,0.11382629286078438,0.11489167371114709,0.12235223749328657,0.12216171769173521,0.1129259318113327,0.09700615887457742,0.11008858010110625,0.1132377166138642
373,0,0,0.11291803822870924,0.12330690923466375,0.11349244301539387,0.1100861057639122,0.10900161560718638,0.1127907365302788,0.11359930806335736,0.11660133067423627,0.12431202764028998,0.11557096573099482,0.11910475790500641,0.11505297317427501,0.11648749007507686,0.11785492419997988,0.11525039925931327,0.12359654882257681,0.11452587271976812,0.11699877679347992,0.11567884570135173,0.1145608647041298,0.11676855133343661
374,1,0,0.3104215191844994,0.22104381418076866,0.40281341285002836,0.43520388007164,0.4317383685096488,0.3661881040095373,0.3612348498010204,0.32593824925739034,0.2197834732369183,0.32845229553952415,0.4202883243560791,0.46472537535487507,0.3601846162550558,0.3532287223333071,0.31996614163757847,0.2144382153665812,0.4175633983160102,0.40406712889671326,0.47127553855198523,0.35489505169927205,0.3637009124113567
375,4,0,0.23926533448252202,0.43323662692228293,0.25405762304781826,0.2443273514509201,0.24039669287447768,0.2334192404202617,0.2741171448663804,0.1415795237496981,0.2293890329223737,0.05167004095795654,0.06888316571712494,0.07301714251162525,0.06988831694193184,0.10573787046678505,0.14298414194225836,0.2431891291793174,0.12298329740475297,0.1390274316072464,0.17714971312989006,0.1263562993463165,0.1586150021016303
376,2,1,0.9269247180768267,0.885470078171743,0.9337277492023008,0.94364333152771,0.953049986787169,0.9360766845734446,0.9298154247231991,0.9376687760725749,0.8786521721148076,0.9230480590243656,0.9264690279960632,0.9350284889411916,0.9010767373251778,0.9169905435790301,0.9305682573089511,0.8779241299444628,0.9273387316030882,0.9289245009422302,0.9377122506836955,0.9251526107888757,0.9212700802118838
377,4,1,0.5857556309567247,0.5795044978329358,0.5741399966238522,0.4792490303516388,0.4392647718346747,0.568385461087709,0.5377165647812558,0.5746270383320791,0.5835890316072352,0.5296571973706454,0.48585593700408936,0.4767558898905405,0.5308833024003758,0.5302280661008275,0.5679954793345232,0.5869752856815341,0.5687952835167314,0.46547800302505493,0.45865400970499814,0.5200749198571482,0.5279954968533316
378,1,0,0.3341452059618743,0.32243831233191644,0.2745504546981443,0.5055100321769714,0.35806311922608947,0.33482534359127575,0.3549220779977119,0.3401564188227865,0.30005570555304695,0.26401197148392774,0.46901610493659973,0.3212018702854365,0.30531171985790156,0.3332922984899498,0.325063840966175,0.32472458801747284,0.25497828958838326,0.4950072169303894,0.3938713622906869,0.373518491269028,0.36119396484368926
379,3,0,0.10552069540861952,0.11493443233217047,0.08074596915484294,0.09889379888772964,0.06548977571933268,0.09539025874194085,0.09349582170743934,0.09762064344419355,0.11663573743603557,0.08038429490593262,0.10621841996908188,0.07038226869151169,0.10962160609957758,0.09681049509105548,0.09995582018766037,0.11787676586528723,0.08842241410430378,0.09697504341602325,0.06544838256502061,0.11062222534347027,0.09655010858029424
380,1,0,0.11782696220651884,0.12252686410027008,0.10806314993368028,0.11131951957941055,0.11367568854732271,0.1133227448678947,0.11445582153918286,0.11251322661838084,0.12353535582754915,0.11396508897199398,0.10901195555925369,0.11535495033359988,0.11457201561517812,0.11482543215432595,0.1135035612966803,0.12298365443064856,0.10964511523380946,0.11163301020860672,0.12001294564628075,0.11742858097483144,0.1158678112984762
381,1,1,0.9153867027571146,0.8947332718667902,0.9384370104501051,0.9336740970611572,0.8810361550807078,0.9142385912341311,0.9129176380750009,0.9061021439679428,0.9144964782836966,0.9548876270067825,0.936083972454071,0.9491467693014481,0.9572402716837446,0.9363262104496142,0.9207483219862787,0.9081087408142319,0.9520444849358733,0.9580399990081787,0.9568318800663608,0.9558242532370693,0.9419329466746654
382,0,1,0.6615146008851807,0.6093595198605569,0.8063406641952728,0.7190266847610474,0.7355510000072575,0.7474418343465968,0.713205717342652,0.7105216671615996,0.6593277123556996,0.7365481843065637,0.7273966670036316,0.7927568659735524,0.7559327023195755,0.7304139665201037,0.6908181364740155,0.6463452710339046,0.8052420292384485,0.7754018306732178,0.7742931605378063,0.7582140105634222,0.7417190730868024
383,2,0,0.1120643274557828,0.10982415519967655,0.13026711001545913,0.13294649124145508,0.13448909374523535,0.10974341068763209,0.12155576472420683,0.11215988212196926,0.10889268717005396,0.12585216700990817,0.1328200399875641,0.11938330237919258,0.10624282924205142,0.11755848465178989,0.11629533348671978,0.1093937196136428,0.14868993713091053,0.12255137413740158,0.12432975587589414,0.11288657084518638,0.12235778184829253
384,0,1,0.9033923387824908,0.8620551286014608,0.9214945877327794,0.94195157289505,0.9451587565444142,0.942878121091646,0.9194884176079736,0.88943872496896,0.8564907563203065,0.8974648392145399,0.9048656821250916,0.8982518797343676,0.9383591787207323,0.8974785101806663,0.8973357032917464,0.8631201460451473,0.9088020372394007,0.9193806052207947,0.9388179643377775,0.9307216789147834,0.9096963558416084
385,1,0,0.11117115028752492,0.12226235103574776,0.11204109972703512,0.10878746211528778,0.10665020681316287,0.11739161809222358,0.11305064801183032,0.10853714922800538,0.12374221187911533,0.10251329035440893,0.10677272081375122,0.10994239717777682,0.1158202672198735,0.11122133944548852,0.10896728926651854,0.1232386174049255,0.10955170256624945,0.1041194349527359,0.10286878364507133,0.11686116006876533,0.11093449798404434
386,1,0,0.3094689957091879,0.20367832913709727,0.1794041304688335,0.21540269255638123,0.2896842840756138,0.3026977858553871,0.2500560363004168,0.2872802595612708,0.18275902008251468,0.1994721427433106,0.22694234549999237,0.3110677095968948,0.30798152960148817,0.2525838345142452,0.31527671703527727,0.2141857967376476,0.16966694113079003,0.2284381240606308,0.3385289326345692,0.30619058946768646,0.2620478501777669
387,2,0,0.2179456190113243,0.26668430088426964,0.2729918011312079,0.12818105518817902,0.20756473364752606,0.059541630554073174,0.19215152340276337,0.14767060658014464,0.16866807185602223,0.0369038200222876,0.13133743405342102,0.0705043265194121,0.039010591234853974,0.09901580837769026,0.136396190732304,0.1792573888073519,0.03891606051747618,0.11643979698419571,0.05461781790072857,0.034904084484344185,0.09342188990440009
388,4,1,0.7729533058049842,0.7401539760578647,0.8399219407539419,0.8370760679244995,0.8295118341275715,0.7872898235014103,0.8011511580283786,0.7653825328818349,0.7456303250248473,0.8245106394837136,0.8368067145347595,0.8319206425176643,0.7277107828873437,0.7886602728883605,0.7788133631901673,0.7597645597991626,0.8425679374278876,0.8502622842788696,0.8255139818614687,0.751604196035298,0.8014210537654756
389,3,0,0.09127576983378193,0.1124445144430869,0.11228000308624297,0.110663041472435,0.10475130215146301,0.11258662480466393,0.10733354263194561,0.0916756944090051,0.11202522439196874,0.10999652819096159,0.10985144972801208,0.09754656392610217,0.11521730734773773,0.10605212799896457,0.09128672734606487,0.11343424592690003,0.11171964911706424,0.1142149567604065,0.09929315697075879,0.1118773497608262,0.10697101431367009
390,1,1,0.8271603166438504,0.7675029596197426,0.895255110724919,0.9023801684379578,0.8975841621657369,0.8811776681027597,0.8618433976158277,0.8200484335612573,0.7788888115649371,0.889067633710736,0.8688353300094604,0.8684165851886793,0.8301221293152213,0.8425631538917152,0.8325622734076815,0.7741153089729288,0.8806472982302687,0.8860843777656555,0.889796349185371,0.8323534875495202,0.8492598491852374
391,4,1,0.3558176486807361,0.3579139237770719,0.22425747518970773,0.3140978217124939,0.3692334470426239,0.33297658919504775,0.32571615093294687,0.3907463754471744,0.3799605914273871,0.24204314417528033,0.3436604142189026,0.4023792291921302,0.33555638482103783,0.3490576898803187,0.33207932324982997,0.3444482343425104,0.2404859255513793,0.3472948372364044,0.41379708026250606,0.2883082222939827,0.3277356038227688
392,3,1,0.08822015992551802,0.1081896537934141,0.10552787592477407,0.09566079080104828,0.09281588165019775,0.09750234762656981,0.09798611828692033,0.09174420709173171,0.11027438498600986,0.10584063778567189,0.09550449997186661,0.09629043913864874,0.10063607946331049,0.10004837473953988,0.09180416179190792,0.10969635969623835,0.1073739033458172,0.09806626290082932,0.0971604530839314,0.09958546249251961,0.1006144338852073
393,1,0,0.10807373267359187,0.11410811653692636,0.13094872779930425,0.11233565211296082,0.12595474682397134,0.10108422475912088,0.11541753345097924,0.1058269213487176,0.1082372569259623,0.13382109318323218,0.13628976047039032,0.15458052355069826,0.10262112763374952,0.12356278051879169,0.1027785453200926,0.1122945388935274,0.14435146914798305,0.12954454123973846,0.14301754008983716,0.10458094006943629,0.1227612624601025
394,1,1,0.9577075609715484,0.9503804848859652,0.9624127222338263,0.9645806550979614,0.9669157618597681,0.9772726089727581,0.9632116323369713,0.967224135268955,0.9679674816039706,0.9663313480733082,0.9638494253158569,0.9725010202378889,0.9837231127517053,0.9702660872086141,0.9641440197468008,0.9681020304757393,0.9607965701612718,0.9660096764564514,0.9673832274810545,0.9848748762101878,0.9685517334219175
395,0,1,0.7212473212238496,0.7080638863275215,0.6192157847200954,0.5224711894989014,0.5419199534449429,0.6738211193862766,0.6311232091002646,0.8204033482150074,0.8441883067394018,0.876499292816339,0.8854896426200867,0.8761236247161426,0.9266852193576308,0.8715649057441015,0.7955607587637828,0.8060324683607645,0.850455105276055,0.8307396769523621,0.8186115534659881,0.8761723548494695,0.8295953196114036
396,1,0,0.11002919377959311,0.12269999718329054,0.11931456801576855,0.10878746211528778,0.10858443592223228,0.11763775535359175,0.11450890206162731,0.10857042895613177,0.1230335637128538,0.11771198120703857,0.10901195555925369,0.11535495033359988,0.1145485143649209,0.1147052323556331,0.1095607636344312,0.12277272991640542,0.11317882502161451,0.11163301020860672,0.11960531109384015,0.11686116006876533,0.1156019666572772
397,3,0,0.5815886356427783,0.6082789649620072,0.6330710552868541,0.6405012607574463,0.6826348204568513,0.5845283439662415,0.6217671801786965,0.5879110640077649,0.6125210723954214,0.6436891223193849,0.6459105014801025,0.6539251438850814,0.5814587921515683,0.6209026160398872,0.5853424649531137,0.6113582437504638,0.6462727736635238,0.6796920299530029,0.6591617271322963,0.5865699511719435,0.6280661984373906
398,3,0,0.11245892493906519,0.13265004733679386,0.08743296391276757,0.11252910643815994,0.08029441056697385,0.12061786605022454,0.10766388654066415,0.11052108594368325,0.1326008804827901,0.0812941833428905,0.09721890836954117,0.07443046562629582,0.12102714550887013,0.10284877821234516,0.10848496569217905,0.13134973584271542,0.0781466475140959,0.09476884454488754,0.07561360582977708,0.11826324260400972,0.10110450700461077
399,2,0,0.2487025374955888,0.18185889973124722,0.15557250639593967,0.16900062561035156,0.15875404211531519,0.23204712745790612,0.19098928980105806,0.21893438325214618,0.19911605084519574,0.14508508137118717,0.14793062210083008,0.14732180986783827,0.2279299374785449,0.1810529808192904,0.20956499614372542,0.1869494955336301,0.14641340119223084,0.15418867766857147,0.15216345352487892,0.21919071697839856,0.1780784568402392
400,0,1,0.8425480415380809,0.8042703300219939,0.8683704710506512,0.8718299269676208,0.8623317809649788,0.8452559100966174,0.8491010767733238,0.8221127347067778,0.7715491217937713,0.8401057293718268,0.8254335522651672,0.8127565566975928,0.7937982261988064,0.8109593201723237,0.8187012610534393,0.7818076969194925,0.846240361859974,0.837409257888794,0.840096259374447,0.7876710604125876,0.8186543162514557
401,1,1,0.11147313148421709,0.11802881561239072,0.10930930037474956,0.09505607187747955,0.09616982203262658,0.09348329669225959,0.10392007301228717,0.10955848183177087,0.12070873919657217,0.10106252054953191,0.09657955169677734,0.09317963539729632,0.10548292878991164,0.10442864291031004,0.10993855240485244,0.12105291746971515,0.10769547517141255,0.0959492176771164,0.0946443634266663,0.10646431738969148,0.10595747392324237
402,2,0,0.10201150295738591,0.10965045792920508,0.10800573658834096,0.11694647371768951,0.12033920735635466,0.10921410242656295,0.11102791349592317,0.09819905881732881,0.10856474467230012,0.10675060890055865,0.11973191797733307,0.11638578987381755,0.10754955299755822,0.1095302788731494,0.10022172152056845,0.10906577711588897,0.10895228461229986,0.11946985125541687,0.11936077728406136,0.1118444480999811,0.11148580998136942
403,4,0,0.5234623620103956,0.5528775273398533,0.45088014545958494,0.44584745168685913,0.4614424241480877,0.5041486686362652,0.4897764298801743,0.3267854576682665,0.353789430689674,0.05085465383526604,0.1133829802274704,0.06999796035300059,0.11703526218174408,0.1719742908259036,0.3373094867265508,0.3703592883311718,0.11385218095822676,0.08773216605186462,0.08914426215449296,0.14311544599949272,0.19025213837029992
404,4,0,0.1343114354195886,0.12101861769363441,0.12417833453545654,0.12941834330558777,0.14286719548484464,0.1202554325817912,0.1286748931701505,0.14197901764073562,0.1330310719804509,0.13682598414810732,0.1343013346195221,0.14573446603624804,0.15023113792698367,0.1403505020586746,0.11774035234803581,0.1170757495803854,0.12207532630076273,0.13181214034557343,0.1344403179942763,0.11972105141216509,0.12381082299686645
405,1,0,0.6080244420427572,0.628623711045232,0.5227978494841027,0.5402150750160217,0.539412199225834,0.5408187978134055,0.5633153457712254,0.6362498880546487,0.6320673491457629,0.5803742468158111,0.5817765593528748,0.5851785562326528,0.5891800165907476,0.600804436032083,0.6257986057372427,0.6404840910554609,0.5876549816157239,0.5833161473274231,0.5927457271937906,0.5948204429144988,0.6041366659740234
406,3,0,0.08645459130127253,0.11396739905967798,0.09132047734380805,0.1160271093249321,0.10335969717744149,0.12093235487003207,0.10534360484619404,0.10143994197032331,0.11985314731758848,0.0980149053076976,0.12102944403886795,0.10618224746636802,0.1451474177224878,0.11527785063722218,0.10111210769329981,0.12244190978806296,0.09582386826527439,0.1273839920759201,0.10995501744323011,0.1347380549644975,0.11524249170504748
407,0,0,0.11834809519890487,0.1230607232959318,0.12265653989193216,0.11785587668418884,0.11346706902782232,0.08988686970133505,0.11421252896668585,0.12188009524624178,0.12254315273538863,0.09574532903713837,0.10581763833761215,0.1391254056062916,0.0861311440871543,0.11187379417497113,0.12095209259355905,0.12215746470515056,0.10810028393987867,0.10779504477977753,0.1166322319609796,0.09587429271403973,0.11191856844889751
408,0,1,0.8229452725929046,0.7136270673288511,0.9418638759825315,0.9264200925827026,0.8890489387517976,0.8960046834548865,0.8649849884489457,0.8767935849785399,0.7958305963174246,0.9484001446061721,0.943034827709198,0.9544762369109449,0.9227846378401937,0.9068866713937456,0.8576279147354914,0.7747464638724937,0.9478243315295211,0.9381135106086731,0.9397061952270092,0.9134063343462057,0.8952374583865655
409,3,0,0.08822015992551802,0.1081896537934141,0.10552787592477407,0.09566079080104828,0.09281588165019775,0.09750234762656981,0.09798611828692033,0.09174420709173171,0.11027438498600986,0.10584063778567189,0.09550449997186661,0.09629043913864874,0.10026902296599842,0.09998719865665454,0.09180416179190792,0.10969635969623835,0.1073739033458172,0.09968554228544235,0.0971604530839314,0.09958546249251961,0.1008843137826428
410,2,0,0.1437114723159484,0.37871790911840475,0.06804221013476684,0.08536110818386078,0.06034868561413888,0.17258089732567394,0.1514603804487989,0.06403304877468836,0.25681515031534924,0.04602856733260332,0.044739432632923126,0.040164384310277905,0.05205346330854056,0.08397234111239707,0.06444398729413302,0.2288169843543527,0.043739346098564974,0.03499232605099678,0.03888153565922461,0.05119586515794717,0.07701167410253654
411,1,0,0.11117115028752492,0.12226235103574776,0.11204109972703512,0.10878746211528778,0.10665020681316287,0.11739161809222358,0.11305064801183032,0.10853714922800538,0.12374221187911533,0.10251329035440893,0.10677272081375122,0.10994239717777682,0.1158202672198735,0.11122133944548852,0.10896728926651854,0.1232386174049255,0.10955170256624945,0.1041194349527359,0.10286878364507133,0.11686116006876533,0.11093449798404434
412,1,0,0.10219086210779764,0.11561508391896425,0.08943669316574228,0.13628625869750977,0.10857851279862499,0.11140055201725056,0.11058466045098157,0.10730235590408299,0.11546145863135406,0.09662160219360678,0.11938914656639099,0.10991739689633401,0.10969057365356123,0.109730422307555,0.10474648010177803,0.11385454912851796,0.08319307025156743,0.1153922826051712,0.10320837624103149,0.11624333732757561,0.10610634927594027
413,0,1,0.9359202165830122,0.9176393153588616,0.9408041524369424,0.9481222033500671,0.9487972247204671,0.974833265767729,0.9443527297028466,0.9234142935671866,0.8990548270811011,0.9186026649724082,0.9269471764564514,0.9311149619724632,0.9588919561012312,0.9263376466918068,0.9288762510249394,0.9227926098367897,0.921830834858694,0.9423773884773254,0.9516642526257805,0.9661686936494266,0.9389516717454924
414,2,0,0.1073667765542487,0.11387587843811534,0.1028695022482229,0.09431839734315872,0.06979616581780938,0.10147827187339648,0.09828416537915859,0.10010872317821447,0.1124626130616286,0.09470761611045743,0.0907643735408783,0.06491112425142254,0.098307407386026,0.09354364292143788,0.09814379135750251,0.11754274889824423,0.09598594590117632,0.09137293696403503,0.06760583635817861,0.1050822064555564,0.09595557765578218
415,1,1,0.11140872997411272,0.11784322342679852,0.10930930037474956,0.09505607187747955,0.09616982203262658,0.09002077147690561,0.10330131986044541,0.1087989881608848,0.12070873919657217,0.10106252054953191,0.09657955169677734,0.09317963539729632,0.10058381256083494,0.10348554126031623,0.10993855240485244,0.12105291746971515,0.10769547517141255,0.0959492176771164,0.0946443634266663,0.10271345745508938,0.1053323306008087
416,3,0,0.6899203364637302,0.7244630221979969,0.5505796397268372,0.5844151377677917,0.6078854687160452,0.6694462355979196,0.6377849734117201,0.6823777489557361,0.7019948967988106,0.6093730683017322,0.6363873481750488,0.6702008669400161,0.6349401542749613,0.6558790139077174,0.6844200594749733,0.7068591026847497,0.6023329082778284,0.6580933928489685,0.6768261922504638,0.6382445909548382,0.6611293744153036
417,0,1,0.8834880976729029,0.8001089397569016,0.9382662582821664,0.94195157289505,0.9476458536163412,0.8889960821462034,0.9000761340615941,0.8714104729222676,0.7861447711427416,0.8989253295109123,0.9048656821250916,0.8982518797343676,0.8670711698462505,0.8711115508802718,0.8775569407552164,0.7969402385321825,0.8989909730073187,0.9193806052207947,0.934236580789897,0.8613511658305888,0.8814094173559996
418,3,1,0.8018601517870788,0.7449507820091509,0.86159906813332,0.8628906607627869,0.8568106871224359,0.840874164441072,0.828164252375974,0.7860758341252534,0.7561302746579336,0.8180231134653926,0.8180297017097473,0.8005525340593832,0.8450896663862528,0.8039835207339937,0.7963562598579971,0.7577109138778587,0.8090925867659187,0.813034176826477,0.7910735151108882,0.8407761170780794,0.8013405949195365
419,2,0,0.11561303448969208,0.1170039975394012,0.11103644715415938,0.13231368362903595,0.1404396881550317,0.1318394868890887,0.12470772297606816,0.11927333348974735,0.1173946141377225,0.1081956188327739,0.12743419408798218,0.15484574472769555,0.12963255577246102,0.12612934350806376,0.12114578205809501,0.11652499249585975,0.1119962099278784,0.1441282033920288,0.15458471624970765,0.13422268762366385,0.13043376529120557
420,1,0,0.68249341896818,0.5944670639766586,0.6196593779142076,0.5923909544944763,0.6043850291037997,0.6760523639972643,0.6282413680757645,0.4002061914735042,0.35489711145371466,0.04092182702044325,0.028544483706355095,0.04051496914948203,0.10652890474581116,0.1619355812582184,0.41692249585079444,0.3745090517446075,0.05090009119271881,0.08591718971729279,0.04661421196101676,0.08627574458241834,0.17685646417480808
421,1,0,0.11824701954732568,0.12914572951664233,0.15663228177604163,0.14113561809062958,0.14072439658381972,0.13858717724917657,0.13741203712727257,0.11622432094414854,0.1322400910453405,0.15368560026064484,0.1477050930261612,0.13491172273187044,0.13524253648520912,0.13666822741556242,0.11761214857266317,0.13161460314906007,0.14564867555843886,0.14204707741737366,0.12193132372404723,0.13760488544436475,0.13274311897765795
422,4,0,0.11162526824445976,0.12856153435923198,0.15305227902911875,0.1265391707420349,0.12272943688960648,0.13604764952205528,0.1297592231310845,0.11731718695077784,0.1274557048777637,0.14924974792593504,0.11741577088832855,0.11205762348139713,0.12301477234343429,0.12441846774460608,0.11447699589200899,0.1277760364073421,0.1627103374126055,0.12088284641504288,0.11802466637631287,0.1221741912274464,0.12767417895512645
423,3,0,0.11639955018439657,0.11084759614091183,0.11178026106038147,0.13623376190662384,0.1557565474204153,0.09828238910865074,0.12155001763689663,0.11336943399639551,0.1108538713737408,0.1197743787518344,0.14800086617469788,0.14441859546685026,0.10089442604436064,0.12288526196797991,0.11569752303828724,0.11047908096441937,0.12009675912183149,0.15133680403232574,0.1537181920615806,0.09962101067785095,0.12515822831604922
424,4,0,0.6102843613457662,0.5891252558204546,0.5077199950550905,0.4807939827442169,0.5184169379232969,0.5302649992940857,0.5394342553638185,0.6722511549567062,0.6380878618380461,0.5700285228328258,0.5608066916465759,0.5797235363615052,0.6088400268803013,0.6049562990859934,0.6768368407718912,0.6563489693037804,0.5660205576700266,0.5590858459472656,0.5620803696971494,0.5851586692655419,0.6009218754426091
425,3,0,0.09030406475100247,0.09744683212400605,0.0926327303260185,0.09219508618116379,0.08888318130808967,0.10771089301704949,0.09486213128455499,0.08446893807706306,0.09123660315166641,0.08540307521677303,0.05443558469414711,0.07999670079242358,0.05049756782590239,0.07433974495966258,0.08060189344570758,0.09497864866605672,0.09031413035866168,0.06461387872695923,0.08931635404869066,0.05742413533440641,0.0795415067634137
426,0,0,0.10950704634032916,0.12416819081572268,0.12094752248737306,0.10727649182081223,0.11538277271159908,0.11451431052730485,0.11529938911719018,0.11303722361398187,0.12537759298350087,0.12055449720259513,0.11980204284191132,0.11515047612469384,0.11003161471552901,0.11732557458036866,0.11372555097911025,0.12454096326404283,0.12216171769173521,0.12234813719987869,0.1155786534365143,0.10915342129553608,0.11791807397780289
427,0,1,0.8465305990027691,0.7900721209981227,0.8553911470510885,0.8743497729301453,0.8525468755566673,0.8577749284696341,0.8461109073347377,0.8282958573846102,0.7733130366197715,0.8096180033238887,0.8235182166099548,0.8152493087272447,0.8130785674128561,0.8105121650130543,0.8314993348290857,0.7815376865519568,0.8233577339786138,0.8317059874534607,0.8380418778097757,0.8184964848232498,0.8207731842410237
428,3,1,0.851244119792358,0.7710930566071333,0.8817073348337711,0.8752050995826721,0.8837681387940547,0.8461942731564119,0.8515353371277335,0.8421376719892579,0.7566258406290661,0.8302921250087347,0.825827419757843,0.8005525340593832,0.821822312284673,0.8128763172881597,0.841470971888411,0.7607541520630631,0.8413000800770356,0.8257594704627991,0.7931957176008377,0.834857052025032,0.8162229073528631
429,3,0,0.09827211715044401,0.1124445144430869,0.11867245903914866,0.11935392022132874,0.11380340739273229,0.11258662480466393,0.11252217384190075,0.10023094261074798,0.11202522439196874,0.11779903495741162,0.11510208994150162,0.1114402002142831,0.1201714985158054,0.11279483177195308,0.10040942089052504,0.11343424592690003,0.11649421731667343,0.1142149567604065,0.11388891950443557,0.11663096937749132,0.1125121216294053
430,0,1,0.27803942785606556,0.2907523532671128,0.1861489857688656,0.33512982726097107,0.31580460402561594,0.24284903880547387,0.2747873728306841,0.2638734896715407,0.3308014677954914,0.2585803673877526,0.23868966102600098,0.24225548343744294,0.18617122906404984,0.25339528306371306,0.26597817343682534,0.34719949647785947,0.2341156580769459,0.2621891498565674,0.24250409180881133,0.23975811140303216,0.26529078017667357
431,1,1,0.392120951981379,0.3282443837334787,0.454985701436755,0.4877914488315582,0.4313886639731303,0.35909754574842784,0.40893811595078816,0.38054087005995946,0.32475630142685874,0.4799860144949682,0.48179754614830017,0.45197599142732037,0.3090936421400252,0.4046917276162386,0.3867338448926256,0.3245047403553506,0.5265798594880284,0.4893453121185303,0.4452087507995309,0.3038698939708851,0.4127070669374918
432,4,1,0.616593656402219,0.5966568926118129,0.5187154225977693,0.5214452147483826,0.5223588045176487,0.5095989752137013,0.5475614943485889,0.6336134655377522,0.6464526577778041,0.5700285228328258,0.5608066916465759,0.5644219530119124,0.5876143097440235,0.5938229334251489,0.638697597261404,0.6500460987537007,0.5660205576700266,0.5590858459472656,0.5620803696971494,0.5762250777238767,0.5920259245089038
433,4,1,0.826455875133625,0.7873199948784125,0.8574418920044906,0.8535343408584595,0.8066151651199531,0.8260824643044091,0.8262416220498916,0.8232911501664519,0.790563176135865,0.820803842670514,0.8261237144470215,0.8045218502297325,0.7640239574843993,0.8048879485223307,0.8333775317488112,0.8052928363461505,0.8440207697300078,0.8467050790786743,0.8188819577219666,0.7932494795687464,0.8235879423657261
434,0,0,0.11233331285665815,0.1234083805690118,0.13131082670755362,0.11369666457176208,0.10167417407420752,0.10790342277961519,0.11505446359313473,0.11582446746459771,0.12431202764028998,0.13140475900090937,0.11980204284191132,0.09978400522311506,0.11612561207388014,0.11787548570745057,0.11560192494420941,0.12333159155761955,0.12216171769173521,0.12234813719987869,0.09700615887457742,0.11446717226261999,0.11581945042177338
435,3,0,0.4209951074428837,0.4052175140134437,0.5607232149635398,0.3723575472831726,0.41224070531711987,0.40465468567459084,0.4293647957824584,0.43188722439360977,0.4166411106937516,0.5391581714390249,0.42315083742141724,0.4094354816515189,0.37780072581866264,0.4330122585696641,0.45101402843968097,0.411884185347316,0.4856189050698872,0.39640820026397705,0.4801243354390746,0.3950832096913313,0.43668881070854454
436,0,1,0.9260674666733043,0.9256982700625336,0.9252856082649668,0.9377062916755676,0.9343332642715099,0.9668651985069271,0.9359926832424681,0.945886521099062,0.9392994995296882,0.9601618429799073,0.9666239023208618,0.9585138139514138,0.9801341323126435,0.9584366186989295,0.9258890831334905,0.9218841308287125,0.9502863460685809,0.9626813530921936,0.9521126523644002,0.9763214707476373,0.9481958393725023
437,4,0,0.27263207842014003,0.39957275004659065,0.07238624678408039,0.08834701776504517,0.08247168647440796,0.1905813270501627,0.18433185109007116,0.16244507376863468,0.22061666719940737,0.05085465383526604,0.04349920526146889,0.04727618538708491,0.06267883300268237,0.09789510307575738,0.17835159728559652,0.2427380979689005,0.06891095696896804,0.06862103939056396,0.07582917408615318,0.0814700520989912,0.1193201529665289
438,4,1,0.6724175661562258,0.7332906392581402,0.8667112181558908,0.7868080735206604,0.8263301961387655,0.8050775991132256,0.781772548723818,0.822608040937939,0.8701276779658662,0.9111477439542491,0.8973090052604675,0.9003246715102561,0.9370774573437561,0.889765766162089,0.7910978562854315,0.8491808554873745,0.8700251117265608,0.8480739593505859,0.8805807459073112,0.9021071449733925,0.8568442789551094
439,1,0,0.2758397192205863,0.22102225581756263,0.096481279986496,0.18904444575309753,0.1797165467288496,0.13870639012369843,0.1834684396050484,0.25042993831255417,0.25333911555300387,0.1486844155410523,0.24588215351104736,0.19013554696744958,0.17614489040442288,0.21076934338158837,0.2567320227308782,0.2277922731028187,0.07975832274786136,0.2214653044939041,0.21202989236504444,0.2077821265995812,0.20092665700668133
440,2,0,0.10887950240899706,0.11638395883524646,0.11103644715415938,0.12978360056877136,0.1404396881550317,0.12804329089112607,0.122427748002222,0.1108479232026717,0.11625206289863177,0.1081956188327739,0.1328200399875641,0.15484574472769555,0.12536240187237696,0.12472063192028565,0.10728257534567798,0.11529932538651085,0.1119962099278784,0.1441282033920288,0.15458471624970765,0.12161532086063172,0.12581772519373924
441,0,1,0.8740559197138323,0.7954977368711887,0.9079677407956309,0.9208019375801086,0.9241323933086907,0.8366437744590908,0.8765165837880902,0.9042105991976088,0.8877697009678155,0.9504962412744912,0.9650661945343018,0.9613394269371334,0.9562594000902045,0.9375235938335924,0.8525234568475178,0.7935416081770305,0.899556012890568,0.904484212398529,0.921832229981347,0.8257995543281387,0.8662895124371883
442,3,0,0.10214110946703182,0.10932904472750311,0.10552787592477407,0.09316202998161316,0.0915129046864913,0.10088741348258501,0.10042672971166641,0.1092333858090794,0.11123405311396413,0.10584063778567189,0.1070600375533104,0.09780882009596369,0.10193361900181494,0.10551842555996739,0.10595002501855802,0.11067806705402172,0.1073739033458172,0.10090617835521698,0.09613135507481912,0.10208718674852399,0.10385445259949284
443,3,0,0.11302910000841687,0.10708259172933172,0.10552787592477407,0.09566079080104828,0.09473919550166787,0.10120154267150291,0.10287351610612361,0.11904713594117415,0.10937955602661982,0.10584063778567189,0.09550449997186661,0.09514390732324263,0.10427480479962732,0.10486509030803373,0.11852733670993022,0.11000735749444812,0.1073739033458172,0.09968554228544235,0.09877721728550973,0.10385728607192755,0.1063714405321792
444,3,1,0.8038101100158963,0.7567164095881165,0.8503066274750739,0.8734164834022522,0.8538287887542966,0.8256904210257764,0.8272948067102353,0.7736592082597544,0.7499892159701148,0.8180231134653926,0.8194649815559387,0.8033824707058953,0.8032730710674829,0.7946320101707631,0.7816853404797971,0.7520199515302737,0.8090925867659187,0.8182768225669861,0.8088116474952939,0.7972485669310492,0.794522485961553
445,3,1,0.09254376488299716,0.10907184547059692,0.10552787592477407,0.09316202998161316,0.09616157119315746,0.0988738035943446,0.09922348184124721,0.09524300088004077,0.11027438498600986,0.10584063778567189,0.09442780166864395,0.0994483143379139,0.10089442604436064,0.10102142761710683,0.09478228998708763,0.10989959457668844,0.1073739033458172,0.09806626290082932,0.09918290274287941,0.09962101067785095,0.10148766070519216
446,1,1,0.7807916070799423,0.7680378028430546,0.9159869124875274,0.9566439390182495,0.9514249162880465,0.9054457554289692,0.879721822190965,0.7910293533763983,0.7506881698882122,0.8511549264375879,0.87958163022995,0.9254490542867336,0.8613717245109731,0.8432124764549759,0.8034585362471112,0.7941617171055521,0.9431443116236098,0.9642948508262634,0.9672815738616841,0.9518835390284104,0.9040374214487716
447,1,1,0.8532795415510503,0.7638738236944408,0.8595362980588649,0.8828249573707581,0.8565667319181941,0.8812828345927948,0.8495606978643505,0.8914611895625658,0.8768987297213597,0.9307606957174822,0.9294527173042297,0.935144698278345,0.9505857379551995,0.9190506280898636,0.8849383339495468,0.8658041447659537,0.880983225321065,0.9123135209083557,0.9078561020697806,0.9179279620814869,0.8949705481826982
448,4,1,0.2610052661807087,0.18353798803083904,0.19432182739619033,0.21416136622428894,0.25052529137523444,0.23595742511197976,0.22325152738654017,0.24700127163771987,0.17636182637197795,0.24665739134419618,0.22524315118789673,0.255367332953091,0.2635467895263003,0.23569629383686366,0.2429755813362431,0.1732523831392341,0.20244521476300126,0.2263536900281906,0.2572046769420899,0.25431994908009564,0.22609191588147576
449,0,1,0.6786686485678607,0.5874495074568896,0.8094628525956848,0.7190266847610474,0.7593006713405964,0.6384325744267695,0.6987234898581414,0.8028722589765981,0.7744201930302492,0.9214371716301961,0.9010897874832153,0.9504184006581702,0.9170690951356287,0.8778844844856762,0.806088807406547,0.7339620343942413,0.9600137726413793,0.9102776050567627,0.8617454845517999,0.8990176376068368,0.8618508902762612
450,0,1,0.3091980687526428,0.2994504952841567,0.24126736995015097,0.19361509382724762,0.25592601004563054,0.29576889035731474,0.2658709880361905,0.3188596585968541,0.31349272840998144,0.20371532330063016,0.2100626826286316,0.22828136850885383,0.30249214686746473,0.2628173180520693,0.31397380403782793,0.3045729400918243,0.21725574993147642,0.21712402999401093,0.2264474827407023,0.2782331567405031,0.2596011939227241
451,4,0,0.12416040359052626,0.1170525239063381,0.08987916117715182,0.11049020290374756,0.17328535370484222,0.1285758939002124,0.12390725653046972,0.1242030381648798,0.13128801047308375,0.11264283290305804,0.13340426981449127,0.18826320318210243,0.1435832011590987,0.1388974259494523,0.118459324852017,0.1166385845484097,0.08440847143862147,0.128060981631279,0.19380239355398965,0.12629038997243325,0.127943357666125
452,3,0,0.09969668593015778,0.10517762255850478,0.09401513426651681,0.09598536789417267,0.09341199865888301,0.10227322343367386,0.09842667212365147,0.1046092147024057,0.11316643332449251,0.09417475378593951,0.09284217655658722,0.09514390732324263,0.11675061980365871,0.1027811842493877,0.10256810347703832,0.11490754081107286,0.09270938140944998,0.09806626290082932,0.09773284865334897,0.11548761142204464,0.10357862477896401
453,2,0,0.3800815115232026,0.329579351772483,0.4837496483052199,0.5373895764350891,0.6048699655209452,0.45174172014233244,0.46456862894987866,0.3954768842444379,0.3483163930504965,0.4216779176997965,0.5107253193855286,0.6205677505103177,0.40352424161134676,0.4500480844169873,0.39214435532204583,0.351677398318593,0.4511426813613401,0.5301041603088379,0.6264526512307479,0.4072229393558019,0.45979069764956104
454,3,1,0.3451916655093858,0.3282886160543129,0.39959582303044117,0.3034856617450714,0.24301774486034722,0.3215219882765037,0.32351691657934367,0.3345983958110968,0.32634402509690813,0.3900590727896208,0.3097448945045471,0.2653782412467662,0.31905758962132674,0.32419703651171095,0.3608022998629749,0.36977209215966617,0.3876010274796883,0.37393462657928467,0.3028888685306223,0.37497465185179013,0.36166226107733773
455,3,0,0.09254376488299716,0.10921703603321037,0.10552787592477407,0.09316202998161316,0.09616157119315746,0.0988738035943446,0.09924768026834946,0.09524300088004077,0.11027438498600986,0.10584063778567189,0.09442780166864395,0.0994483143379139,0.10089442604436064,0.10102142761710683,0.09478228998708763,0.10989959457668844,0.1073739033458172,0.09806626290082932,0.09918290274287941,0.09962101067785095,0.10148766070519216
456,2,1,0.10051761502010662,0.10828374334149513,0.09108239025857383,0.07631416618824005,0.07857100894622752,0.10146352376821136,0.09270540792047575,0.10215802224222624,0.10739242323493729,0.09675896189772572,0.08631565421819687,0.07987501179393323,0.1064993796996979,0.09649990884778621,0.09920776132203435,0.10723081316337214,0.08395031422933472,0.0887148454785347,0.08269111210652495,0.10864066374869615,0.09507258500808283
457,4,0,0.4217898364623855,0.42509690851777593,0.3715206284854769,0.36153289675712585,0.4039408231216277,0.3071907575099593,0.3818453084757252,0.41582312155741047,0.4352721773205843,0.3500591198697565,0.3727852702140808,0.3836627038400783,0.287143352566492,0.37412429089473376,0.41432969949385795,0.44748534140452734,0.33502542403281366,0.3667953312397003,0.3939942599045284,0.29734252296462277,0.3758287631733417
458,3,1,0.9316156758428434,0.9366284913986247,0.9023405870223257,0.9216729402542114,0.9422622362344192,0.9626092397824559,0.9328548617558134,0.9180488679509449,0.9201561964510576,0.8631295068701144,0.8286805152893066,0.86603470583341,0.9468079756857467,0.8904762946800967,0.9084496867662992,0.9230967944720238,0.8753327160415488,0.9006182551383972,0.8890031458677419,0.9470175194852599,0.9072530196285451
459,3,1,0.7517112861228002,0.7541023819667012,0.7768685736629496,0.7994934320449829,0.751083093225246,0.7721291801112342,0.7675646578556522,0.7388634399396549,0.7511464643941391,0.7156290989439033,0.7396393418312073,0.7527796783996792,0.7125129473889391,0.7350951618162538,0.7541867606644264,0.7527639928555662,0.7127605408693976,0.7013747692108154,0.7645633591271767,0.7012850173169916,0.7311557400073956
460,3,0,0.09827211715044401,0.1124445144430869,0.11867245903914866,0.11935392022132874,0.11380340739273229,0.11258662480466393,0.11252217384190075,0.10023094261074798,0.11202522439196874,0.11779903495741162,0.11510208994150162,0.1114402002142831,0.1201714985158054,0.11279483177195308,0.10040942089052504,0.11343424592690003,0.11649421731667343,0.1142149567604065,0.11388891950443557,0.11663096937749132,0.1125121216294053
461,2,1,0.34538090551720174,0.3955297055140056,0.2420787168853996,0.2490362823009491,0.26728646117781435,0.20867695134629427,0.2846648371236108,0.3554704060377152,0.41527118418147124,0.18727524004078805,0.24412256479263306,0.2822138962854016,0.24386335494928302,0.2880361077145487,0.34275599798863304,0.414812384949859,0.212284405405917,0.26604536175727844,0.2976230484597475,0.21385566109721715,0.29122947660977533
462,0,0,0.1258308190335122,0.12541498552604388,0.1281703249120193,0.1433340311050415,0.1549738819960866,0.11731401155222543,0.13250634235415482,0.1248292732827929,0.12778118481148706,0.13487529969775233,0.13890254497528076,0.14727259499689677,0.11212898055013494,0.13096497971905746,0.12333167042795737,0.1263385776513609,0.12440326207446262,0.13929957151412964,0.14498702449852588,0.1158598623188045,0.1290366614142068
463,1,0,0.387153294305109,0.4043828459446964,0.3746249668698521,0.3463685214519501,0.4437345736657923,0.3913323539939198,0.3912660927052199,0.40779636088902776,0.404641022117668,0.46368501270082674,0.3474607765674591,0.4208508326228003,0.41213780805283873,0.4094286354917701,0.41751602421262846,0.40705518153434034,0.35300602767051925,0.36806535720825195,0.4087653035579201,0.3946016746223845,0.39150159480100744
464,2,0,0.10906979140124112,0.11785427998501438,0.08319835167070337,0.08872740715742111,0.08617702419389735,0.09291095099082909,0.09632296756651773,0.11439348045233598,0.11638023150359658,0.0806637776935077,0.08589210361242294,0.0901066197944313,0.0785496272347908,0.09433097338184755,0.11468076978587002,0.11525350125562729,0.08560016044968947,0.0878799557685852,0.08894674179067079,0.0901282009822337,0.09708155500544607
465,2,0,0.10201150295738591,0.10965045792920508,0.10800573658834096,0.11694647371768951,0.12033920735635466,0.10921410242656295,0.11102791349592317,0.09819905881732881,0.10856474467230012,0.10675060890055865,0.11973191797733307,0.11638578987381755,0.10754955299755822,0.1095302788731494,0.10022172152056845,0.10906577711588897,0.10895228461229986,0.11946985125541687,0.11936077728406136,0.1118444480999811,0.11148580998136942
466,0,0,0.11591425843333762,0.12467612044358704,0.10954230250604238,0.13044552505016327,0.11150311337587074,0.09933995863126395,0.11523687974004417,0.11737767262552765,0.1264108737880268,0.09880598334743149,0.11604773253202438,0.12363901876612109,0.10502663714302748,0.11455131970035981,0.11716951504180045,0.12496826662790061,0.11240742579626202,0.11484384536743164,0.11896486930377066,0.1108756883577417,0.11653826841581784
467,1,0,0.11450410978928119,0.12432439864622248,0.12688668542851742,0.122602179646492,0.1120196297249632,0.10239909861579526,0.11712268364187858,0.11253978253194889,0.12362350037693327,0.12294809003184855,0.11692201346158981,0.1096250064896497,0.10044688830836034,0.11435088020005509,0.11034820112211362,0.12079764781342903,0.12197983334225983,0.11457305401563644,0.11443615118862902,0.09345305141947734,0.1125979898169242
468,2,0,0.2055735783213586,0.16537617574483945,0.14870924022567097,0.15830954909324646,0.13782869162761313,0.151162444961393,0.16115994666235361,0.23195726676016074,0.16657568542956178,0.15646805911952044,0.18182045221328735,0.15140518742452116,0.14928844818525663,0.172919183188718,0.22618101869299495,0.17323657142599366,0.15535221669385085,0.19019775092601776,0.1578339412626256,0.14656002972264842,0.17489358812068853
469,4,0,0.10992504487670991,0.12728699456436413,0.12467644223819044,0.11782016605138779,0.11118656539938825,0.13025194765782588,0.12019119346464438,0.11058466071253233,0.125809447717977,0.12610485991583903,0.11741577088832855,0.11205762348139713,0.12353464649111577,0.1192511682011983,0.11020113382304347,0.1261297792475554,0.12693424196610742,0.12088284641504288,0.11802466637631287,0.12045106201005415,0.1204372883063527
470,0,1,0.6797556050895999,0.5873013731053655,0.7960564511284328,0.7190266847610474,0.7254205524194296,0.667918139386372,0.6959131343150411,0.8010729223265152,0.7744201930302492,0.9214371716301961,0.9010897874832153,0.9493142373678397,0.9170690951356287,0.8774005678289406,0.808149051794157,0.7322953677275746,0.9600137726413793,0.9102776050567627,0.8567133556580906,0.8990588056693052,0.8610846597578782
471,2,0,0.09699447602298879,0.1093143331344596,0.10686890160556944,0.10827138274908066,0.10097019738105684,0.10719652798298447,0.10493596981268996,0.09095348226016099,0.10856474467230012,0.1036145466304501,0.09830430895090103,0.10090453974507832,0.10667539880820154,0.10150283684451535,0.09048251607079669,0.10906577711588897,0.10641495751371609,0.10060488432645798,0.09929785372413771,0.10299987319612233,0.10147764365785329
472,3,0,0.10895730014292217,0.11066024472131986,0.0996837863963028,0.11090549826622009,0.10370346138038745,0.09226257593123582,0.10436214447306469,0.09960328304308648,0.10270095386910824,0.09036165702518542,0.09564682096242905,0.09361047317856985,0.04685927305923167,0.08813041018960177,0.10490143014160364,0.10963974567006275,0.09314339013561226,0.09476884454488754,0.09964199824399729,0.09133625537127242,0.09890527735123932
473,1,1,0.8881295708709748,0.7830668680068252,0.8907585370852065,0.9082063436508179,0.900701080107609,0.8669009066138148,0.8729605510558747,0.908039165278066,0.8933723334051674,0.938962771512667,0.9441139101982117,0.9375972084697684,0.9389419752087874,0.9268378940121113,0.9073922685378629,0.8751040313335822,0.8833764653690898,0.9057449698448181,0.9147895015572102,0.9347830453913265,0.9035317136723149
474,0,1,0.9058071865028205,0.8851017112660177,0.930893937577545,0.9106501936912537,0.9165523093386844,0.9399174867477412,0.9148204708540104,0.8919349736811769,0.8526332708816197,0.9173108720261043,0.8850314617156982,0.8926661257577758,0.9277752789256967,0.8945586638313453,0.9012007001552611,0.8632855777807878,0.9175425643767039,0.8796486854553223,0.8833536367726984,0.9226789218955262,0.8946183477393834
475,1,0,0.6405603250028443,0.6289555360829394,0.5227978494841027,0.533787190914154,0.526581727575598,0.5448549987966509,0.5662562713093815,0.6613024630896447,0.6370195688642529,0.6224289780783853,0.6208924055099487,0.5949922586056331,0.6085152991225072,0.6241918288783953,0.6643827605338033,0.6432428641945396,0.5997259532258103,0.5997393131256104,0.5918122711834289,0.5958747660632648,0.6157963213877429
476,2,0,0.3106479692202713,0.30008333277937754,0.39172134624058885,0.4156835973262787,0.3949457365792148,0.32890446541843615,0.3569977412606945,0.30642063853071666,0.3020421389835826,0.3813083548857116,0.41632750630378723,0.3870771681532502,0.3320907509070661,0.3542110929606857,0.30925752609663476,0.30955550347742833,0.3727692500110382,0.41330623626708984,0.36851248569661404,0.34079445254807755,0.3523659090161471
477,3,0,0.08645459130127253,0.11396739905967798,0.09132047734380805,0.1160271093249321,0.10335969717744149,0.12093235487003207,0.10534360484619404,0.09797966378717025,0.12056160054321417,0.0980149053076976,0.12102944403886795,0.10618224746636802,0.1447723778151172,0.11475670649307251,0.10111210769329981,0.12244190978806296,0.09582386826527439,0.1273839920759201,0.10995501744323011,0.1347380549644975,0.11524249170504748
478,0,0,0.1193381296674103,0.12184120290669395,0.1307528314604964,0.12788693606853485,0.11902335235222913,0.10642982595708697,0.12087871306874194,0.12060491571297036,0.12492533764236209,0.12276467737276729,0.12126869708299637,0.11717110942706488,0.10478944657387397,0.11858736396867249,0.12345931606115687,0.12379634576558199,0.12442322455105455,0.12260043621063232,0.11401123332054763,0.10618784196231282,0.11907973297854768
479,3,0,0.08618318101822434,0.1081896537934141,0.0997633220873355,0.10123254358768463,0.0977181129234436,0.0961327405992596,0.0982032590015603,0.08768067342682533,0.10989766540929027,0.09874155046489409,0.09885326027870178,0.0965541151881037,0.09529860918545033,0.09783764565887756,0.08717318278428426,0.10932418557406422,0.10292958712554222,0.09968554228544235,0.09815509152165225,0.09522053989057958,0.09874802153026081
480,2,1,0.6575575920628054,0.5824639824694068,0.7648448158243331,0.7201629281044006,0.758730566674017,0.7266597534044333,0.7017366064232327,0.6958001163306368,0.6142605904202089,0.6253637015964154,0.6342971324920654,0.684773598232553,0.7211566183096001,0.6626086262302465,0.6787368331895098,0.6212869800431892,0.5592563383665045,0.6455280780792236,0.6696546445059521,0.7367134738579505,0.6518627246737216
481,1,0,0.12717478438422972,0.2587266871979228,0.11431246452875117,0.10871889442205429,0.10187062046135997,0.06991015788553422,0.1301189348133087,0.0871916940781141,0.16347561615729272,0.044222489738810614,0.03384967893362045,0.031003688981040636,0.024977128205856795,0.06412004934912255,0.07337418314103139,0.18296987925126068,0.05018095365152961,0.051461439579725266,0.03295476142994621,0.0232214110016818,0.06902710467586248
482,2,0,0.09928568899593114,0.11121075328185395,0.1028695022482229,0.0866905078291893,0.07363156956760666,0.09888934236206373,0.0954295607141446,0.09985610542871261,0.10980606868885519,0.09470761611045743,0.08339742571115494,0.07032985799817917,0.09696502386980958,0.09251034963452814,0.09595107351298057,0.11177796747707454,0.09598594590117632,0.08605155348777771,0.06760583635817861,0.09531603017012166,0.09211473448455156
483,1,0,0.10696247452218349,0.11940799532505317,0.09789040712559416,0.09433966130018234,0.0905997279660359,0.08520495231044581,0.09906753642491581,0.10796949507332719,0.12295580055118499,0.08953234180073887,0.09467445313930511,0.09317963539729632,0.0877422914620181,0.09934233623731176,0.11115310468637359,0.12329997882432797,0.09576917759296023,0.09599759429693222,0.0946443634266663,0.0917659922739875,0.10210503518354128
484,0,1,0.5312364603140038,0.6395936398149601,0.34065177263008106,0.3822105824947357,0.46002723184997424,0.37397736248260244,0.4546161749310596,0.5476835598704461,0.6441658448436712,0.3809788063463552,0.520401120185852,0.5530437520527307,0.5083219381081353,0.5257658369011985,0.5326721072560421,0.6546664860192805,0.37106936490364206,0.5086337924003601,0.5259316494596263,0.44662047915618314,0.5065989798658557
485,4,1,0.4315049080461973,0.3960938510489861,0.4400060286939688,0.5368642210960388,0.5604409560056596,0.4819583653866925,0.4744780550462571,0.43594382860155323,0.40160035658735416,0.4127384493596213,0.5257660150527954,0.5569255372655543,0.4707641293205692,0.46728971936457453,0.4362990092035686,0.4008227429780412,0.44716253917735654,0.527989387512207,0.54880454979102,0.46202719574657347,0.47051757073479444
486,4,0,0.1705334590156946,0.4074848643831495,0.08135636566387319,0.09474849700927734,0.07831908820015547,0.1482344445822787,0.16344611980907148,0.10158787435665789,0.22267136430252005,0.051610257513391086,0.04232412576675415,0.03524175732221841,0.05945416888332671,0.08548159135747804,0.09341835156969636,0.23225446275678743,0.06657774524491263,0.06027613952755928,0.057235008859126746,0.07119698767156338,0.09682644927160763
487,4,1,0.9584316732969008,0.927750050359827,0.9202745101334598,0.9166997075080872,0.9362515380661174,0.9602313852525682,0.93660647743616,0.942589140687023,0.9141849400662208,0.8945284347979632,0.8994224071502686,0.9072019542083156,0.94364131367991,0.9169280317649501,0.9522380617003268,0.931699644218073,0.9173528006194407,0.9266653060913086,0.9326634784274026,0.9626988423150751,0.9372196888952711
488,1,0,0.31545304697013277,0.28049308133742895,0.36720868282651054,0.3365987539291382,0.3499504550569443,0.29456234525446173,0.3240443942291027,0.2980788437762843,0.27041868886470033,0.32734086110066346,0.3252233564853668,0.35498245782530086,0.3032482039138428,0.31321540199435977,0.2931599608105753,0.26846318308929423,0.3449867560045184,0.3398515284061432,0.36452934738732845,0.27795785898705233,0.3148247724474853
489,3,0,0.11613431644032389,0.11140470056742198,0.11178026106038147,0.13633272051811218,0.15371971068936519,0.10251224759668642,0.12198065947871517,0.10830113894682408,0.11085180770970532,0.1197743787518344,0.1464281529188156,0.15950878703628765,0.10314914364190143,0.12466890150089475,0.11136982365684771,0.11047701730038388,0.12009675912183149,0.15133680403232574,0.15744005372176306,0.09962101067785095,0.12505691141850048
490,1,1,0.7216565745497661,0.5970950691484611,0.5911577016834624,0.52777498960495,0.5614860725245002,0.6627397983879572,0.6103183676498494,0.7877598988502673,0.6718975029448868,0.8630695348481837,0.8552361726760864,0.8371274859220704,0.8572793229224204,0.812061653027319,0.7731721254943542,0.6883724089307264,0.7455293403795026,0.7393971085548401,0.7899555538184757,0.8238266571763478,0.7600421990590411
491,3,0,0.09969668593015778,0.10517762255850478,0.09401513426651681,0.09598536789417267,0.09341199865888301,0.10227322343367386,0.09842667212365147,0.1046092147024057,0.11316643332449251,0.09417475378593951,0.09284217655658722,0.09514390732324263,0.11675061980365871,0.1027811842493877,0.10256810347703832,0.11490754081107286,0.09270938140944998,0.09806626290082932,0.09773284865334897,0.11548761142204464,0.10357862477896401
492,1,0,0.10783515919239822,0.12269999718329054,0.11931456801576855,0.10624738037586212,0.1088541529709514,0.10991218480904107,0.11247724042455197,0.10803608706032843,0.12287157516376848,0.11771198120703857,0.10421321541070938,0.10983528271399363,0.10851609397506043,0.1118640392551498,0.10902642173862781,0.12278750274000778,0.11317882502161451,0.1035134494304657,0.11765266323147487,0.11060400219453702,0.11279381072612128
493,3,0,0.3271742651014513,0.3470273970581015,0.25905476192166055,0.26489153504371643,0.2332959846620841,0.27887538240567544,0.2850532210321149,0.3340126860018501,0.3452499232664361,0.27442357553095853,0.29474979639053345,0.22661746805324692,0.29370416635209384,0.2947929359325198,0.3248849172611059,0.33395207931778276,0.26949800526225487,0.2533632516860962,0.23382911883084612,0.2581432405180055,0.2789451021460152
494,0,0,0.19321425669454817,0.19049614545390767,0.138552893629369,0.17776080965995789,0.1589488037458966,0.12720823506996784,0.1643635240422745,0.21447360236653457,0.1910941999651719,0.16464907025844588,0.17661882936954498,0.1639398461282724,0.17116862060451882,0.18032402811541473,0.21259369092666097,0.1982825332505155,0.15443172715302747,0.14487673342227936,0.1548688303451316,0.17119834740530263,0.17270864375048628
495,1,0,0.11282158391591521,0.12269999718329054,0.12276696034361477,0.12022838741540909,0.11433158182869946,0.1173591946519273,0.11836795088980939,0.10850891855827825,0.12087204682879225,0.12288859143227404,0.11646893620491028,0.11717061144960238,0.12113170647805559,0.11784013515865213,0.11294274121113251,0.11660664965503477,0.11943733133876078,0.12831880152225494,0.12907777635722667,0.1134806151273024,0.119977319201952
496,2,0,0.11256823825173924,0.11192664793145063,0.08387553415273753,0.11083949357271194,0.11528306743872516,0.11602352634348137,0.10841941794847432,0.1219586732442644,0.1449583767647886,0.14617759111835418,0.1323307305574417,0.12277560574538798,0.0962847638343628,0.12741429021076658,0.10218200198417451,0.09096118348370145,0.061980170850212936,0.0928475633263588,0.069919582141818,0.0322052216726427,0.07501595390981806
497,3,1,0.9212865763994926,0.9295383235323326,0.9199510946965125,0.9324209690093994,0.9514693779023343,0.9589241082190756,0.9355984082931911,0.9384859971071198,0.9520824138361683,0.958703912793752,0.951098620891571,0.9708110212298386,0.9840142570305785,0.9591993704815046,0.914430211601636,0.899771721356048,0.8990070442609046,0.8862771391868591,0.9098047713996311,0.9427677972545428,0.9086764475099369
498,4,0,0.11863170410002143,0.12710806894630178,0.11567878804588795,0.10889378935098648,0.11168933109077192,0.11719023739425187,0.1165319864880369,0.1124063479925068,0.13029342182459488,0.11378483801002814,0.11050084233283997,0.11073671353483995,0.11814387184639605,0.11597767259020095,0.1080235922489706,0.128090261297564,0.11267952168644334,0.11183380335569382,0.11230652753454705,0.11645996949738223,0.11489894593676682
499,0,0,0.8513031745707709,0.8812304995932394,0.8330485788748407,0.8963855504989624,0.9245376230404141,0.9167857522389234,0.8838818631361918,0.8545939090593773,0.862998795875315,0.7807250841509874,0.8956777453422546,0.8898385426270482,0.855485094868902,0.8565531953206473,0.8644696160231358,0.9034197120013503,0.8899702082492016,0.908619225025177,0.9274279898405507,0.9061344078599742,0.9000068598332316
500,4,0,0.10870616961471216,0.12245546429151133,0.11530949152691258,0.11274462938308716,0.10762706704894773,0.11643235644615048,0.11387919638522023,0.11321514625818101,0.12433903250263867,0.11179675946257829,0.11011215299367905,0.10948071005850166,0.11909682709605604,0.11467343806193911,0.10874548537522753,0.12303140303422844,0.11379881846070931,0.10817784816026688,0.10836804363682666,0.11843495166561191,0.11342609172214513
501,2,0,0.10334393081266718,0.11053838818084213,0.10800573658834096,0.09617636352777481,0.09661560486457595,0.10075657949301131,0.10257276724453539,0.09566252515848489,0.10759562600267925,0.10675060890055865,0.10144198685884476,0.09379517590562451,0.09309778607808042,0.09972395148404542,0.09716839199609148,0.10770001451147555,0.10895228461229986,0.11443708091974258,0.09910272509124804,0.11321079161720014,0.10676188145800959
502,3,0,0.703767175268322,0.7039999840640988,0.7087882505046688,0.7140770554542542,0.7084986285676822,0.682528844419419,0.7036099897130741,0.7133080966499143,0.6933569179816471,0.7078833840069593,0.6855323314666748,0.6990897392710275,0.6787470187786474,0.696319581359145,0.705976717829299,0.691585348669985,0.6935309941753997,0.6731846928596497,0.6878253851134543,0.6678061828020148,0.6866515535749671
503,1,0,0.6944269711065857,0.6886279159811949,0.7271438886502252,0.6672806739807129,0.6880294269889242,0.6766443947034816,0.6903588785685207,0.7208725114460999,0.6930287381407806,0.7333621164513722,0.7082056999206543,0.7215927473078577,0.7173514341973132,0.715735541244013,0.7147037247561051,0.6997719108947213,0.7280720123139581,0.6921307444572449,0.7127560079549669,0.70919981589386,0.7094390360451427
504,1,0,0.6311583344482776,0.6436482327561713,0.5454041048608453,0.5317124724388123,0.5606820826405535,0.5022737979559592,0.5691465041834365,0.6488751184949508,0.6352937695814045,0.6371748462502201,0.6482340097427368,0.6281288530252069,0.6172405171470559,0.6358245190402626,0.6563438986350036,0.6368943478048709,0.614437272323788,0.5930294394493103,0.6096747075995328,0.598706093425135,0.6181809598729401
505,3,1,0.9559992506305749,0.9492004332694325,0.9424565400491157,0.9406752586364746,0.9431073706437089,0.9651524402676489,0.9494318822494925,0.9654216138283697,0.965863571703365,0.9552508369095756,0.9504402875900269,0.9605405717387875,0.980636860286823,0.9630256236761578,0.9604460852284887,0.9752848159741037,0.9550528414404312,0.9633793234825134,0.9595919256999527,0.980184019441704,0.9656565018778654
506,1,0,0.37463084254171747,0.3218969669629765,0.5506410018854079,0.5160844922065735,0.6022196105584634,0.4398309058618463,0.4675506366694975,0.40026047996037895,0.3496333145382384,0.5287545789740177,0.5106005668640137,0.6179601106932637,0.45066393911139097,0.47631216502355056,0.3928590425543994,0.3334385684584409,0.5508259919532158,0.5187582969665527,0.5767623819657803,0.4062165726638952,0.46314347576038073
507,4,1,0.847313497984675,0.792191314855701,0.8727647446863602,0.8703550100326538,0.8616871078540667,0.8555510212628212,0.849977116112713,0.9064355021176715,0.877838668419738,0.9190301393660476,0.926919162273407,0.9242300583148252,0.9460606623527865,0.9167523654740792,0.8904738351221184,0.8674901641202786,0.8773107481557398,0.9091556072235107,0.9092665518088866,0.9323448013546995,0.8976736179642054
508,0,1,0.2232409275494451,0.18927829391903256,0.26937774627379185,0.33638235926628113,0.29067138749248217,0.22743602124967757,0.25606445595845173,0.22132326883070352,0.18517045741849195,0.3165161922587964,0.34208962321281433,0.30778769263769695,0.26093428783792894,0.27230358703273866,0.22392442592091227,0.19040789474085335,0.3074577310071697,0.31557852029800415,0.3047827263867326,0.2545184431634873,0.2661116235861932
509,2,0,0.13841526380683722,0.11891187192129628,0.12262032401301838,0.1412854641675949,0.15532908720531205,0.14541557169167119,0.136996263800955,0.12447125124826129,0.12521112844097276,0.1614116666937568,0.1504991054534912,0.1333695949156173,0.13948342626692864,0.139074362169838,0.13145157503641924,0.12325107767103476,0.1211100444623332,0.1448156237602234,0.15596005556594864,0.16366852443885402,0.14004281682246886
510,3,1,0.31558324431919144,0.20299938177741136,0.41038651586677105,0.32596051692962646,0.25969118828910676,0.4160344289343287,0.32177587935273927,0.3399929378882785,0.20050551318659737,0.40466853833384386,0.35043632984161377,0.24302098678845738,0.42683561341260184,0.3275766532418988,0.3198916708068737,0.18875466281161773,0.3942766035176951,0.2973209619522095,0.2395616141576236,0.4277265136335947,0.31125533781326903
511,2,1,0.0851968762515812,0.09597981811447694,0.09108239025857383,0.07740473747253418,0.08092399771001714,0.09734335440615063,0.08798852903555565,0.08648239845518778,0.09466486684702113,0.09675896189772572,0.08631565421819687,0.08664222687870825,0.10678808557439794,0.09294203231187295,0.08580716327176008,0.09902802387229136,0.08395031422933472,0.09172515571117401,0.08898644222722976,0.09669256511675772,0.09103161073809127
512,4,0,0.11408015485174282,0.12225742773028027,0.11695596790103512,0.11617303639650345,0.1261047472128505,0.11588100768528574,0.11857539029628297,0.11330288888236015,0.11991741971460038,0.1252728129526275,0.11649159342050552,0.1246436829984506,0.13459663537796254,0.12237083889108444,0.12091075873817839,0.12135566075210223,0.1221476890961472,0.11183380335569382,0.1240588305723288,0.13598560760461936,0.12271539168651162
513,4,1,0.5093379222523687,0.48962326982070814,0.7056899906602794,0.6466412544250488,0.6115654623417155,0.63011367398553,0.5988285955809417,0.5097845348608391,0.485977506995216,0.6907560584140242,0.6219861507415771,0.5886882853439712,0.5991280430030035,0.5827200965597719,0.49265042633388456,0.4970192618432335,0.6791114288805185,0.6523866653442383,0.5978378511204772,0.6471956809754252,0.5943668857496295
514,1,1,0.933377507653434,0.9056014679494897,0.9182775370319677,0.9179609417915344,0.924136563888323,0.9438849541745209,0.9238731620815448,0.9085742718184177,0.8866216417801871,0.8897967770814241,0.8830596804618835,0.8881686222501797,0.9316616740999533,0.8979804445820075,0.9166250955553621,0.8812027936985839,0.9139822945778494,0.9382337331771851,0.9361437120335554,0.947970258434983,0.9223596479129198
515,3,0,0.08798541806227292,0.10852953327492448,0.0997633220873355,0.10123254358768463,0.0977181129234436,0.09733116635934615,0.09876001604916788,0.08847690741660379,0.10989766540929027,0.09874155046489409,0.09885326027870178,0.0965541151881037,0.0959441403168244,0.09807793984573634,0.08796941677406273,0.1095274204545143,0.10292958712554222,0.09968554228544235,0.09815509152165225,0.09522053989057958,0.09891459967529888
516,3,0,0.37992128471716524,0.3737425356595608,0.4280904796496389,0.4249700903892517,0.3609086023911953,0.40669210677940054,0.3957208499310354,0.3848013266950926,0.3555737906155026,0.42589580989505155,0.4069421589374542,0.3545979143283071,0.35509234458300337,0.380483890842402,0.3776978615773591,0.3394774680409952,0.4329267603746846,0.38636693358421326,0.36197424303123305,0.3348975738879621,0.37222347341607454
517,4,1,0.8241581136213625,0.8389057763447384,0.8340603838528606,0.8416086435317993,0.8295118341275715,0.8614591157324719,0.8382839778684672,0.836139804872211,0.8048189929918818,0.7892862513781773,0.7856683731079102,0.8186433059096682,0.8294685741782086,0.8106708837396761,0.8248954930650244,0.8317888369309799,0.8322328515110408,0.7913193702697754,0.8095526461971048,0.8448232875267442,0.8224354142501116
518,4,0,0.16398366410501214,0.14527792184160557,0.18843911489436282,0.1792200207710266,0.17201734092938062,0.18497323480248973,0.1723185495573129,0.16564312717884477,0.1500550173994796,0.17101602953136102,0.17426425218582153,0.15913877342030602,0.19271131204634367,0.16880475196035943,0.16389030077316188,0.146423462913987,0.15403899146891595,0.17038550972938538,0.15782023195320352,0.20337581660080442,0.16598905223990967
519,0,1,0.8500379131821262,0.7913161702523563,0.8743735230959641,0.8880026936531067,0.8858708163070167,0.863072175127814,0.8587788819363973,0.8317029358278017,0.7768975422274706,0.8383963368317358,0.8379113078117371,0.8384559121631848,0.8130785674128561,0.8227404337124642,0.8428531992729251,0.7834466747086231,0.8398553547699233,0.8500300049781799,0.8613636462475507,0.8209939287199798,0.833090468116197
520,4,0,0.11694541987325638,0.1229460608038696,0.12007763395321613,0.1258912980556488,0.13279117782009955,0.11944851565001417,0.12301668435935077,0.12162066827807164,0.1247398337386898,0.11882878137277925,0.1272263526916504,0.14639738048714793,0.12253485375208313,0.12689131172007034,0.12257156844686247,0.12269510449312439,0.12327498918472123,0.1276073455810547,0.13287726918574008,0.11973404624323838,0.12479338718912354
521,4,1,0.9717881068402819,0.9596065197497016,0.9359771661230474,0.9273149371147156,0.9307760139474567,0.9649871485298243,0.9484083153841713,0.9856889155143492,0.9786684760990513,0.9456208910788153,0.9524186253547668,0.9480767040838685,0.9769719697824737,0.9645742636522208,0.9657596993291651,0.9452752853997515,0.9173528006194407,0.9211738705635071,0.9169982968187874,0.9648281325257042,0.9385646808760593
522,2,0,0.0949598973614155,0.10934780662994792,0.10686890160556944,0.09982087463140488,0.09558763914832631,0.10648115397175388,0.10217771222473632,0.09116529643059042,0.10801496766102754,0.1036145466304501,0.09830430895090103,0.09313695573750888,0.10120075295918929,0.09923947139494453,0.09162271100088433,0.10823840671858051,0.10641495751371609,0.09499331563711166,0.0923469899395418,0.10746117532637067,0.10017959268936749
523,1,0,0.11637427188441964,0.12914572951664233,0.15663228177604163,0.13442714512348175,0.1387068542377905,0.12460596236724023,0.133315374150936,0.1130349326662966,0.1322400910453405,0.15368560026064484,0.12636113166809082,0.1285923001990314,0.1268892837479844,0.13013388993123143,0.11338627757059612,0.1314184514584193,0.14564867555843886,0.1153922826051712,0.11994587553973257,0.13040103620439703,0.1260320998227925
524,0,1,0.9550257799547692,0.9738527425189558,0.9452475442141647,0.9432644248008728,0.9518866381833629,0.968082674425448,0.9562266340162622,0.9816196595092044,0.9801255160181441,0.9687726168683864,0.9734926819801331,0.968896002632736,0.9882890947389235,0.9768659286245879,0.9809650095313394,0.9776691271617637,0.9654113727708789,0.9748665690422058,0.9760451560911065,0.9893049753833991,0.9773770349967822
525,3,0,0.10124448904224963,0.11455969816985032,0.11228000308624297,0.110663041472435,0.10475130215146301,0.11334046303691342,0.10947316615985905,0.09737673550399346,0.11507741562875111,0.10999652819096159,0.10985144972801208,0.09754656392610217,0.11014662997513949,0.10666588715882663,0.09747943172654873,0.11648959961503491,0.11171964911706424,0.1188071221113205,0.09929315697075879,0.10903263363082973,0.10880359886192614
526,2,0,0.08173101007108097,0.09567732490875792,0.08776792782468394,0.06833721697330475,0.0697220642384036,0.08654295573915763,0.08162974995923146,0.08311373624838116,0.09480456086947378,0.09439661027558326,0.06461885571479797,0.06657480976449322,0.09254224833355232,0.0826751368677136,0.08082849733080764,0.0991002849445524,0.08069359637798093,0.06744684278964996,0.07199008646717685,0.07998958600339517,0.08000814898559383
527,4,1,0.7365476294189948,0.7406726862474313,0.8034168776587072,0.7616496086120605,0.7935125512083173,0.7459286486281791,0.7636213336289482,0.7283927216765319,0.7341790549484795,0.7356666994123982,0.7584085464477539,0.7687184230111564,0.685326087476311,0.7351152554954384,0.7270123757242227,0.744253642580696,0.771972964869078,0.7514291405677795,0.7703296662448125,0.7087170870736113,0.7456191461767
528,4,0,0.3265447888927193,0.3174770140342034,0.33901030929815756,0.424269437789917,0.44358990985348773,0.34476105421275316,0.36594208568020636,0.3278070413313073,0.3079028883713132,0.35549072063878034,0.4260919988155365,0.442006307555068,0.3309002727241699,0.36503320490602914,0.35148087074726986,0.3220078408117161,0.35758375675305976,0.4262520670890808,0.46139696773067507,0.35329470141662084,0.378669367424737
529,1,0,0.11147313148421709,0.11802881561239072,0.10930930037474956,0.09505607187747955,0.09616982203262658,0.09348329669225959,0.10392007301228717,0.10955848183177087,0.12070873919657217,0.10106252054953191,0.09657955169677734,0.09317963539729632,0.10548292878991164,0.10442864291031004,0.10993855240485244,0.12105291746971515,0.10769547517141255,0.0959492176771164,0.0946443634266663,0.10646431738969148,0.10595747392324237
530,1,0,0.09061896634472512,0.11292767445271416,0.06759350817184648,0.05857987329363823,0.05858891896486114,0.10886086219769238,0.08286163390424625,0.08242955903819192,0.10876578329537137,0.0763931327377324,0.08050859719514847,0.07223324497129736,0.10352313811137666,0.08730890922485303,0.07956737462889861,0.11264945369292313,0.06486698745155083,0.061453647911548615,0.06598999154940997,0.09684244204424786,0.08022831621309649
531,3,1,0.8558834399264471,0.76282114333704,0.9492727161385791,0.9261704087257385,0.9243270288611017,0.924988516251294,0.8905772088733668,0.9096444364195584,0.9191097989357623,0.9625455730229415,0.9570398926734924,0.973534567562854,0.971018730775965,0.9488154998984288,0.9142417250360434,0.9097288674440583,0.9618633590057237,0.9613182544708252,0.9711537111284966,0.971901322355076,0.9483678732400371
532,4,0,0.11415353242933544,0.134610620793194,0.1281526389281401,0.11782016605138779,0.12978537322310493,0.125800460734552,0.12505379869328573,0.11315353665636048,0.13342484942066585,0.12949309890325297,0.11741577088832855,0.12029451010107844,0.1233490930999501,0.12285514317827272,0.1113671226147468,0.13079207818410346,0.12693424196610742,0.12088284641504288,0.1333671060492755,0.12150845759118681,0.12414197547007716
533,2,0,0.14867756962403536,0.11982782948715344,0.12449787032663273,0.12597686052322388,0.11395481085203925,0.10136212156993281,0.1223828437305029,0.12045616722309262,0.11031211679486182,0.11690856550755128,0.11044298112392426,0.09781698396562047,0.1154822519776189,0.11190317776544487,0.12718150142020795,0.10999651343755355,0.14151259981251643,0.1270490139722824,0.10794930791268963,0.09093201598567333,0.1174368254234872
534,4,1,0.6468245510117524,0.629822839349523,0.6857235616412478,0.6313708424568176,0.6315767682307106,0.5893208828987232,0.6357732409314624,0.7793157945278127,0.8121783831608901,0.8996531768267318,0.9040216207504272,0.8996040391478423,0.8971895799366074,0.8653270990583852,0.775402805198234,0.7924009675209303,0.8483375563900568,0.8858463764190674,0.875761121229306,0.8572332032571292,0.8391636716691206
535,3,0,0.5449707841967562,0.6103479304792485,0.5300877853586274,0.5802475214004517,0.6078854687160452,0.5732820464882311,0.57447025610656,0.562925489440929,0.6112041999674379,0.6093730683017322,0.6363873481750488,0.6668024631616094,0.5805758704456129,0.6112114065820616,0.5653341646193659,0.6101413125335325,0.5972575763415691,0.654964029788971,0.6654978708347373,0.5815192882671427,0.6124523737308863
536,0,1,0.8829712552097916,0.7783446993906138,0.919650806395128,0.9427659511566162,0.9423760331617038,0.9132141240826324,0.8965538115660809,0.9336615695642784,0.8740062632572976,0.9476781727276324,0.9707547426223755,0.9686658806880297,0.9669211084306137,0.9436146228817045,0.8760913548518954,0.7693716417287763,0.9072099899594356,0.9301818609237671,0.9377964491990723,0.8862795039040476,0.8844884667611657
537,4,0,0.5551374420231794,0.6176612310281806,0.7092299238620534,0.4382191300392151,0.376685690122259,0.6096690700135721,0.5511004145147432,0.4966828708383106,0.5647954354552531,0.695028809064915,0.46725019812583923,0.40204640588388585,0.6101208373006608,0.5393207594448108,0.4991565086810811,0.5913638147512363,0.6623597908181561,0.4901334345340729,0.4375564212063354,0.6200158755995858,0.5500976409317446
538,3,1,0.9227953202451112,0.8743044569570366,0.9356519072566967,0.9468545913696289,0.9470114265271479,0.9468885835874896,0.9289177143238517,0.917555222963958,0.8455561264590243,0.9002773999336133,0.9039086103439331,0.900309995211693,0.9235179154413585,0.8985208783922634,0.9258394348339184,0.8523789606629093,0.8996958400226103,0.8945701718330383,0.8987869238548805,0.924567765852098,0.8993065161765758
539,3,0,0.09770051421538724,0.11314868787272848,0.10399561963574433,0.09455350786447525,0.09616157119315746,0.10761053066712582,0.10219507190810309,0.09289764841791781,0.11522596762720293,0.10437336937765719,0.09442780166864395,0.0994483143379139,0.10683017144904518,0.10220054547973015,0.09098056308974141,0.1148066320636639,0.10464347583538575,0.09806626290082932,0.09777815387265766,0.10531126400172652,0.10193105862733408
540,0,1,0.9510936237235772,0.9433302615112158,0.9450050654303238,0.9595818519592285,0.9559209064808758,0.9716153547971922,0.9544245106504021,0.9435292237091842,0.913036288012143,0.9268133430086277,0.9347962141036987,0.9291065680352525,0.9531510297181557,0.933405444431177,0.9509715110630581,0.9371444703444558,0.9367020869612747,0.9472562670707703,0.9493543455950334,0.9615055050920261,0.9471556976877697
541,3,1,0.9403175808997082,0.9378081589221735,0.9268153548744822,0.9455196857452393,0.9389441042792366,0.9579538346351766,0.9412264532260026,0.915096604521277,0.8932643252063227,0.8782446074788974,0.8808018565177917,0.8763598500820936,0.9464110986470867,0.8983630570755783,0.912615301532317,0.9051762019982021,0.8824725369334867,0.8822516798973083,0.891101265645397,0.9411676086032594,0.9024640991016617
542,3,0,0.15912697765524295,0.3538985766851027,0.14833868241752302,0.12433896958827972,0.08045604587740572,0.14147055520606075,0.16793830123826914,0.09973301990282823,0.19823945948162783,0.0666756589181381,0.0434330478310585,0.06304739246945276,0.056321518304806584,0.087908349484652,0.09619721166955028,0.20564456366231085,0.07116832509358878,0.0622183158993721,0.06482361120114784,0.06387021489343445,0.09398704040323405
543,3,0,0.16374614227440756,0.3538985766851027,0.14833868241752302,0.12433896958827972,0.08045604587740572,0.14147055520606075,0.16870816200812994,0.09973301990282823,0.19823945948162783,0.0666756589181381,0.0434330478310585,0.06304739246945276,0.056321518304806584,0.087908349484652,0.09619721166955028,0.20564456366231085,0.07116832509358878,0.0622183158993721,0.06482361120114784,0.06387021489343445,0.09398704040323405
544,3,1,0.0917045433588011,0.11450932272662094,0.0982049778969132,0.13827069103717804,0.11718259804394757,0.14534839685643652,0.11753675498664955,0.1009350700400291,0.12051164775676923,0.10527759859374684,0.14410831034183502,0.11731946162985692,0.1510680280424261,0.12320335273411052,0.09969412798468019,0.11803192876757256,0.12034126978031208,0.12648452818393707,0.1153556319683941,0.16181753936057322,0.12362083767424487
545,2,0,0.3079886254802346,0.3109267436509402,0.21260999575980913,0.23223137855529785,0.19050410443231322,0.31990466246744736,0.26236091839100706,0.2871127885104199,0.3255050652315936,0.23678423965066198,0.23918665945529938,0.18867880121468947,0.2950309935107985,0.2620497579289105,0.2930607943358206,0.31848638969416837,0.2332834629404612,0.22605997323989868,0.2017108068848582,0.2541321830107437,0.25445560168432513
546,3,0,0.1718378557957624,0.19058897748780992,0.07313262169575618,0.13996002078056335,0.07550010028634359,0.15675177981998853,0.13462855931103734,0.1655912320639626,0.1831961335588231,0.06829614420801394,0.12551920115947723,0.06907618537607928,0.15881193064684834,0.12841513783553407,0.16637432156464585,0.1828377470934549,0.06404089220284095,0.1138504147529602,0.07050423279715406,0.15273661405360173,0.12505737041077628
547,2,1,0.8956668937441018,0.8049820617067659,0.9250397484328757,0.9138505458831787,0.9213711361968233,0.8801615691269438,0.8901786591817814,0.8925865813020346,0.8218302534279426,0.8914444406229013,0.8825700879096985,0.8861992522750124,0.8611854222680391,0.8726360063009381,0.8889384717672181,0.8243396912849483,0.8995366273419494,0.9035457968711853,0.9040827032787178,0.8682285440752368,0.8814453057698759
548,2,1,0.11316905752855971,0.11397210501065534,0.09841619852128106,0.11877654492855072,0.13205128873406535,0.12646826196936597,0.11714224278207967,0.12075137388596371,0.1159450397590461,0.10633221091023169,0.13498935103416443,0.15484574472769555,0.13132835490519562,0.12736534587038284,0.12153476028980044,0.11514770912706841,0.09817106473877922,0.13911515474319458,0.15123172944674984,0.1328676093707334,0.1263446712860543
549,3,0,0.07708074975913917,0.0976110043155055,0.09132047734380805,0.11320004612207413,0.10335969717744149,0.10750891397617554,0.0983468147823573,0.09805333056663844,0.12008717534189695,0.0980149053076976,0.12102944403886795,0.10618224746636802,0.11622626675711839,0.10993222824643122,0.08826386080719624,0.1146535285914044,0.11402754819330642,0.10597405582666397,0.10216479062066088,0.125937238008857,0.10850350367468148
550,0,1,0.7980207911094777,0.6593066550989296,0.8996453037246025,0.9500994682312012,0.9495869974356994,0.8679702394984156,0.8541049091830544,0.7454548605684039,0.6588287459442198,0.8728662100239856,0.9077515006065369,0.9034912689030465,0.7865393839029085,0.8124886616581835,0.740370291138544,0.6583596466196008,0.8950884579003235,0.9301818609237671,0.9377964491990723,0.8027369427347499,0.8274222747526763
551,0,1,0.30715578939730304,0.27459969695563746,0.30265748350820293,0.3353584408760071,0.2606156560462569,0.33460228490261057,0.302498225281003,0.2917642747265568,0.24746947955471352,0.330265134310079,0.3190789520740509,0.35934677808962895,0.2793339072066644,0.3045430876602822,0.30164568835724237,0.26519795813974506,0.3165454124939064,0.32423296570777893,0.3290877487718607,0.3528176945411977,0.31492124466862187
552,3,0,0.11192896730221515,0.13252175499295332,0.09594545851886459,0.12379785627126694,0.10183083301174767,0.14686367510887458,0.11881475753432036,0.10787472618023083,0.13291258747410875,0.09779191230715083,0.12357412278652191,0.09900081753060196,0.14160035969280738,0.11712575432857027,0.10780294111565904,0.13166144283403408,0.09183185939586633,0.12257284671068192,0.10158312587700552,0.14836074464517582,0.11730216009640378
553,1,0,0.10314459522320618,0.11689454519842551,0.14024315718106625,0.14113561809062958,0.13677750707112324,0.12639837948559024,0.1274323003750068,0.10976031170587108,0.11546145863135406,0.13298514464454814,0.139743834733963,0.1256670091393063,0.11841440959959866,0.12367202807577354,0.10772576711262968,0.11405070081915873,0.14078193444293174,0.14204707741737366,0.11782617279025139,0.12409313147072093,0.12442079734217769
554,3,1,0.10108996850612637,0.11353231593005407,0.11228000308624297,0.1271320879459381,0.12992114321121076,0.10890000520179577,0.11547592064689467,0.09153271762105669,0.11507741562875111,0.10999652819096159,0.1164514571428299,0.10999387362235136,0.11335479120221142,0.109401130568027,0.09532815521077194,0.11628636473458483,0.11171964911706424,0.12117797136306763,0.11782897901857617,0.10903263363082973,0.11189562551248242
555,4,1,0.570300629194346,0.5777635211875005,0.4708769804310189,0.4792490303516388,0.4686077794286483,0.5093738488976557,0.5126952982484679,0.5676717262124478,0.5835890316072352,0.4800718551506772,0.48585593700408936,0.4767558898905405,0.5120748562831563,0.5176698826913576,0.5627041091466014,0.5840693027755512,0.4894443556955009,0.46547800302505493,0.47352848521604307,0.5150379598347644,0.515043702615586
556,1,0,0.27082036456792674,0.1868237164957585,0.31940698664403977,0.3543680012226105,0.3104095180427277,0.19502429350829115,0.27280881341355906,0.2518959500511205,0.19842398224425795,0.3167581544559335,0.3649212419986725,0.3113170076385528,0.19809853315901224,0.27356914492459156,0.25446301115808967,0.19751844683402148,0.3283639961015692,0.3570864796638489,0.30969881036957203,0.19677258801605396,0.27398388869052587
557,2,1,0.8760404977365319,0.8801421301635508,0.925114202773056,0.9311048984527588,0.9460239694345611,0.9500256955555604,0.9180752323526697,0.8674511024247002,0.8749615784260307,0.9146102274983494,0.926781177520752,0.922586427759034,0.8903387081574856,0.8994548702977252,0.8704417781893549,0.8629727111139909,0.9159568926799275,0.920897901058197,0.9277596194108733,0.9227734937578191,0.903467066035027
558,3,0,0.2687049844752767,0.19835799661679548,0.21484499631572002,0.29345160722732544,0.3385020399889834,0.2741236249153883,0.26466420825658155,0.27606128375832467,0.19058271194214912,0.18593286393817535,0.3119722604751587,0.33655602952203706,0.24272426363301455,0.25730490221147656,0.30052024343318645,0.20609874709250564,0.2284687055617385,0.20535726845264435,0.30716005384384715,0.3133197754174346,0.2601541323002261
559,0,1,0.9532837453647911,0.9507474055011551,0.9376582882241482,0.953730583190918,0.9614645502339784,0.9777641433126162,0.9557747859712679,0.9598903489915206,0.9661106671806847,0.9546468147147552,0.9669753909111023,0.9665463527074628,0.9847763733618374,0.9664909913112272,0.9574464568705764,0.955058017460182,0.9506572675051407,0.9657683372497559,0.975483913580072,0.9845807709737071,0.9648324606065724
560,2,1,0.601288616790869,0.629716275556911,0.5989288957259336,0.5919404029846191,0.55735297271203,0.5410755233628264,0.5867171145221981,0.6389887655608344,0.6550533625276236,0.5793347989817621,0.6239564418792725,0.6307274301340007,0.6421160820599414,0.6283628135239058,0.6128649274248992,0.652512370550887,0.5971577967362718,0.6524437069892883,0.646457716882941,0.6347830464719879,0.6327032608427124
561,4,0,0.11271669951836458,0.12728699456436413,0.13757885605953962,0.1356056183576584,0.13023374331084905,0.13714532272356994,0.1300945390890576,0.11363617467158482,0.125809447717977,0.137272471646052,0.135188490152359,0.1331670053066888,0.12529325041457806,0.1283944733182066,0.11156060630191895,0.1261297792475554,0.13723822918262144,0.13963209092617035,0.14011343134283352,0.12469613494424939,0.12989504532422483
562,4,0,0.10721739136121185,0.12247563166524825,0.1128512242482593,0.11195290833711624,0.10375980131479799,0.10737154488576697,0.11093808363540009,0.1107000123377155,0.12387335381338635,0.11196535724656215,0.11233381927013397,0.09793834615671868,0.11396542302741747,0.11179605197532233,0.10921951135534268,0.12256090535892528,0.11376609266652302,0.1115281879901886,0.10238780234160692,0.11419480366801953,0.11227621723010098
563,2,0,0.1148977269074317,0.1170039975394012,0.11103644715415938,0.13231368362903595,0.13732160616920538,0.13251280222904707,0.12418104393804677,0.11762080221164259,0.11867123282336593,0.1081956188327739,0.1242758184671402,0.12901890800257385,0.13014648964620273,0.12132147833061652,0.11949325077999025,0.11798318647579284,0.1119962099278784,0.126539945602417,0.13200217251475196,0.1320327411749013,0.12334125107928862
564,1,0,0.11300477033300141,0.12226235103574776,0.12276696034361477,0.12022838741540909,0.12090573609240574,0.11739161809222358,0.11942663721873373,0.11276096344163035,0.12374221187911533,0.11432582169299549,0.11409614980220795,0.11610243532371987,0.1158202672198735,0.11614130822659041,0.11322890743452144,0.1232386174049255,0.11730421912992205,0.12677642703056335,0.12383486490648382,0.11686116006876533,0.12020736599586357
565,4,0,0.569878644334277,0.5822400591422995,0.4854666632982632,0.49819836020469666,0.4928174101376197,0.5316873374808502,0.5267147457663344,0.5614627277634224,0.584697930336271,0.4789870757870332,0.4416283965110779,0.47360205904545416,0.539741365624255,0.513353259177919,0.5536782477124804,0.5858394332298922,0.4661622771437548,0.4277302622795105,0.457551727975897,0.5285809034903531,0.5032571419719813
566,2,0,0.12561430094851955,0.11230098070441168,0.09791973035396874,0.09792452305555344,0.0940766967652987,0.132919592899489,0.1101259707878735,0.15842287180377243,0.14511137190799903,0.1754063941286432,0.11492571234703064,0.11468249380753316,0.17471470495578303,0.14721059149179355,0.16383486121613486,0.13641525083698253,0.1617558598698676,0.12332798540592194,0.09892652498733802,0.17608098148223822,0.14339024396641387
567,2,0,0.09728687211674138,0.10934780662994792,0.10686890160556944,0.09982087463140488,0.09558763914832631,0.09900906159241037,0.10132019262073337,0.09190351420420138,0.10801496766102754,0.1036145466304501,0.09830430895090103,0.09155213633618055,0.100523023858153,0.09898541627348559,0.09184413290886222,0.10823840671858051,0.10641495751371609,0.09499331563711166,0.09079899045459058,0.10857294304724893,0.10014379104668499
568,3,0,0.3652815177042395,0.5142719831303408,0.1668579317922185,0.18719884753227234,0.2071060544465196,0.30503100988987264,0.2909578907492439,0.22983107691708735,0.289882121769788,0.07196948835001749,0.05335361137986183,0.07670731241204207,0.08722571110283983,0.13482822032193942,0.22702978658543663,0.311209865677305,0.0801924864906016,0.07847563177347183,0.10122601493544918,0.10312662211005476,0.15021006792871983
569,1,0,0.11709688260703034,0.12914572951664233,0.15663228177604163,0.1379571557044983,0.1387068542377905,0.12460596236724023,0.13402414436820723,0.11367299647267724,0.1322400910453405,0.15368560026064484,0.14147350192070007,0.1285923001990314,0.1268892837479844,0.1327589622743964,0.11402434137697677,0.1314184514584193,0.14564867555843886,0.13204419612884521,0.11994587553973257,0.13040103620439703,0.12891376271113494
570,2,1,0.10302871405678025,0.10982415519967655,0.1028695022482229,0.0866905078291893,0.07977640658302682,0.10737737086327578,0.09826110946336195,0.10006313976081466,0.10889268717005396,0.09847309044098991,0.08710791915655136,0.07331166152172046,0.10624282924205142,0.09568188788203028,0.10199568419636056,0.1093937196136428,0.09598594590117632,0.08605155348777771,0.07533974818829221,0.11087542361572546,0.09660701250049583
571,2,1,0.10178840138138384,0.11066252128368281,0.05296876859484745,0.07097715884447098,0.06544130729168932,0.07341408698160383,0.07920870739627969,0.1069811826566337,0.10958430146789103,0.05075714257643693,0.07577230036258698,0.0685634290887014,0.06389525438783294,0.07925893509001383,0.10183067556482638,0.11149056118391831,0.0594380921718584,0.0807308629155159,0.06954661823844187,0.07046975660817043,0.08225109444712188
572,3,1,0.9058796110397833,0.9181829420089127,0.9182017347350357,0.9060012698173523,0.9026653248724648,0.9363542385327156,0.9145475201677107,0.8827289190218043,0.8860197501787612,0.8564295874930579,0.7870732545852661,0.8291508140466574,0.9118602081770579,0.8588770889171007,0.872927232158223,0.8850125216396234,0.8743925343110587,0.8307065963745117,0.8459332080876032,0.9095728143764381,0.869757484491243
573,1,1,0.4839853397363407,0.4289624062536685,0.6756784165577495,0.6578694581985474,0.6055606883267743,0.5708772465250143,0.5704889259330157,0.5067501168984405,0.4293241914752743,0.7152491534230891,0.6038766503334045,0.5645659672650176,0.5295419563794944,0.5582180059624534,0.4982851466295128,0.4352260493635416,0.6946818597861464,0.5873191952705383,0.5715394065958435,0.5809699928666798,0.5613369417520437
574,1,1,0.6992316273743613,0.6886279159811949,0.7083017028850306,0.6672806739807129,0.6880294269889242,0.6736923750171281,0.687527287037892,0.754165017868216,0.788740348802135,0.9104273297797222,0.8936459422111511,0.9143700230470697,0.8894408311299102,0.8584649154730339,0.7354514353448194,0.7892482427446517,0.836125909077885,0.8556832075119019,0.8833613515028583,0.8205492329415925,0.8200698965206181
575,2,0,0.12059321468140624,0.11034111582773293,0.11545476353398997,0.09617636352777481,0.09661560486457595,0.100785180858147,0.10666104054893781,0.12273647636049759,0.10826118906536462,0.1258771272573378,0.12336178123950958,0.12623396735161316,0.10592178470034137,0.11873205432911067,0.12819066361154094,0.10805095108326322,0.10895228461229986,0.11443708091974258,0.11495263769271936,0.11952854933566216,0.1156853612092047
576,1,0,0.10609508925943159,0.12564065286548484,0.12276696034361477,0.1229899600148201,0.1196561324579639,0.10773347727030771,0.11748037870193714,0.10887203568805313,0.12782337291941756,0.11913869546793994,0.11646893620491028,0.11564630515972306,0.11923069760530308,0.11786334050755784,0.1106221932699407,0.1294393546449993,0.12260555508412847,0.12681151926517487,0.11513070996326656,0.1239533912223508,0.12142712057497679
577,2,1,0.7820868654892129,0.7610519263930116,0.8564306665109612,0.8746774196624756,0.8605405721394989,0.8210380018012942,0.8259709086660756,0.7940888584551761,0.762742075291027,0.8293037491015769,0.8490668535232544,0.8478368050763297,0.7793230014968664,0.8103935571573717,0.7993283261705979,0.7694930112021913,0.8396749146643064,0.8522358536720276,0.8621349199416062,0.8117174739325643,0.8224307499305489
578,0,1,0.9390047833722283,0.9449781670076653,0.9407221357472543,0.953730583190918,0.9651764031486981,0.9754346046093898,0.9531744461793589,0.9462915270049724,0.9198097043473927,0.9083361123413163,0.8966966867446899,0.91388015616899,0.9605776513341928,0.9242653063235923,0.9485313777812968,0.9019931785914941,0.9231315608974429,0.919120192527771,0.9446672459570944,0.9560414632119107,0.9322475031611681
579,1,0,0.596875556071869,0.6544247714754008,0.455819240988369,0.4851379692554474,0.49714660690753554,0.5339092064317262,0.537218891855058,0.6532063020962466,0.710660245849819,0.6884777888031188,0.6877966523170471,0.6894263214100016,0.6799591968115872,0.68492108454797,0.6431109128394334,0.6976593647462358,0.6343989879372035,0.5981555581092834,0.6078053471341025,0.6301872892114468,0.6352195766629509
580,3,1,0.11505342946662786,0.11140470056742198,0.11178026106038147,0.13633272051811218,0.15371971068936519,0.10251224759668642,0.12180051164976585,0.10890124323393102,0.11085180770970532,0.1197743787518344,0.14800086617469788,0.15950878703628765,0.10314914364190143,0.1250310377580596,0.10928507205216673,0.11047701730038388,0.12009675912183149,0.15133680403232574,0.15744005372176306,0.09962101067785095,0.1247094528177203
581,3,1,0.8606906828976376,0.7550337197569518,0.9007134479503724,0.9189474582672119,0.8644188996143934,0.8681406759983018,0.8613241474141449,0.8651371801110544,0.7622159465751657,0.8302921250087347,0.8094125390052795,0.783283654216222,0.8364927050342307,0.8144723583251146,0.8651468976245336,0.7653335352937382,0.8413000800770356,0.8412511348724365,0.7895906797896601,0.846053525311727,0.8247793088281884
582,2,1,0.9566840831243292,0.8968740247573364,0.9270812151554915,0.9240512847900391,0.944041666960225,0.945207035821834,0.9323232184348758,0.9450178551053917,0.9321571341441376,0.9686043734929536,0.9664067625999451,0.9732758680931654,0.9736161362138822,0.9598463549415792,0.9558834855471228,0.9184112541934936,0.9595690308973476,0.9578233361244202,0.970572693218309,0.9592875040870665,0.9535912173446266
583,2,0,0.11509128735167866,0.12310350731210985,0.08348948235752177,0.07209379225969315,0.05412149640395325,0.11185712388357866,0.09329278159475589,0.10877341029435438,0.11814906855895757,0.09009603493389169,0.08049063384532928,0.05953468554386982,0.09909445289295746,0.09268971434489336,0.11248217377254134,0.12279222694641476,0.083422105296803,0.0818234384059906,0.05990542288709683,0.09815102453733503,0.09309606530769693
584,2,0,0.37652047591028537,0.3160834379451964,0.4879664299484263,0.5373895764350891,0.585289296284255,0.46884856489196897,0.46201629690253687,0.38167708076556156,0.32564777491977515,0.47795039893030344,0.5642343759536743,0.6220375885892596,0.43988415954147947,0.46857189645000896,0.38423235667497085,0.32371964163596634,0.49344759492537654,0.5583319067955017,0.6041515220760548,0.4807995653575579,0.4741137645775713
585,1,0,0.12023591909590775,0.1294349711392173,0.15663228177604163,0.1553853303194046,0.15207800924279427,0.13858717724917657,0.14205894813709036,0.12199784678701858,0.1322400910453405,0.15368560026064484,0.15734155476093292,0.14224719529284316,0.13569627126184242,0.14053475990143707,0.12342347836991112,0.13161460314906007,0.14564867555843886,0.1597582995891571,0.1306968487926063,0.13652286364576113,0.13794412818415575
586,3,1,0.9425287645941449,0.9092970634006069,0.9355006356908434,0.93887859582901,0.9305313128597631,0.9714635767877016,0.9380333248603449,0.9533898878750451,0.9455260205805694,0.9552508369095756,0.9504402875900269,0.9536862480755177,0.989109097343704,0.9579003963957397,0.9527339761549659,0.9500942653340474,0.9522414707884593,0.962056577205658,0.9476886017162129,0.9863238557510268,0.9585231244917283
587,1,0,0.10960071133335686,0.1314155242044808,0.09789040712559416,0.09505607187747955,0.09616982203262658,0.09793968706855842,0.10467870394034937,0.11499103760589492,0.12816896251460586,0.09363016229985174,0.09657955169677734,0.09317963539729632,0.11316672370475664,0.10661934553653046,0.11077503713984446,0.13087553905207028,0.09576917759296023,0.0959492176771164,0.09254293211458678,0.12268568945951819,0.10809959883934939
588,0,1,0.2908735941640744,0.3313645168013626,0.2073199113289255,0.14592114090919495,0.14291289732218485,0.20315665352126205,0.22025811900783404,0.2731994657948304,0.29543930203216917,0.17309095579853315,0.16240277886390686,0.1363360201174668,0.15501658752400171,0.19924751835515134,0.2488230366625982,0.2799062027663837,0.1522396020498411,0.13443037867546082,0.11498971006075717,0.1566607773235157,0.1811749512564261
589,3,0,0.09153453602677823,0.1081896537934141,0.10552787592477407,0.09316202998161316,0.0915129046864913,0.09765843851090648,0.09793090648732955,0.09363351939851583,0.11027438498600986,0.10584063778567189,0.09442780166864395,0.09629043913864874,0.10021928061090232,0.10011434393139876,0.09317280850556268,0.10969635969623835,0.1073739033458172,0.09806626290082932,0.09613135507481912,0.09962101067785095,0.10067695003351959
590,2,0,0.10201150295738591,0.10965045792920508,0.10800573658834096,0.11694647371768951,0.12033920735635466,0.10921410242656295,0.11102791349592317,0.09819905881732881,0.10856474467230012,0.10675060890055865,0.11973191797733307,0.11638578987381755,0.10754955299755822,0.1095302788731494,0.10022172152056845,0.10906577711588897,0.10895228461229986,0.11946985125541687,0.11936077728406136,0.1118444480999811,0.11148580998136942
591,4,0,0.1037523918380946,0.12079189555403123,0.10039981276314008,0.08577301353216171,0.07480924449946158,0.0945635682749233,0.09668165441030209,0.10754904182432748,0.12387335381338635,0.10786570560315419,0.08457547426223755,0.09064719127050622,0.11004533316828387,0.10409268332364928,0.10760174852136828,0.12269510449312439,0.09997553775986356,0.08368302136659622,0.0722110466509479,0.10776435662501455,0.09898846923615247
592,3,1,0.9410009906992077,0.9429456570667392,0.9200149408179457,0.9324209690093994,0.9514693779023343,0.9665034381453017,0.9423925622734879,0.9542873412775154,0.9626714666781587,0.958703912793752,0.951098620891571,0.9712424556290609,0.9853888690336382,0.9638987777172826,0.9331925776267872,0.9268307126466512,0.8990070442609046,0.8862771391868591,0.912509932891829,0.9514092539686495,0.9182044434302801
593,4,0,0.0991313508787566,0.12062502538716105,0.09923284862464378,0.08141312003135681,0.0674369087504154,0.08466732785761871,0.09208443025499204,0.10329247384902046,0.12372616537693297,0.1026116967330495,0.08153796941041946,0.07379724344279992,0.0925902516517449,0.09625930007732787,0.10458114510137481,0.12241371692247192,0.0988257907068061,0.07888559997081757,0.07175023191519733,0.08042112730411113,0.09281293532012981
594,3,0,0.6861827965166176,0.7063711064467737,0.7087882505046688,0.7140770554542542,0.7084986285676822,0.6928596868595399,0.702796254058256,0.5109279511192794,0.44411188875321095,0.6455623855840846,0.1793801486492157,0.15525919287505627,0.17053958424102947,0.3509635252036461,0.6991394916619608,0.6861088611535803,0.6935309941753997,0.6801205277442932,0.6878253851134543,0.7162294342653577,0.6938257823523409
595,1,0,0.09580977009354044,0.12429473264097657,0.09162754187881596,0.08803056925535202,0.0892596515779776,0.12695223906987543,0.102662417419423,0.11266716534775863,0.12308552349130146,0.09062983223790216,0.09657955169677734,0.0903149940689001,0.1443847485351344,0.10961030256296235,0.11020697661423981,0.12722254813149728,0.09364305767384508,0.0919768363237381,0.08470151475708068,0.1432196437220046,0.10849509620373425
596,4,0,0.12460654337544431,0.12439405422441875,0.11003939385044006,0.11286382377147675,0.1385693950702414,0.13651328102594387,0.12449774855299418,0.10052806491837563,0.09783431481584827,0.09700004241565106,0.07468682527542114,0.07350561288115276,0.03846075880354623,0.08033593651833251,0.09604071031343633,0.09995776908652915,0.09996398551171962,0.09179554879665375,0.09197963908751729,0.05627764712600753,0.08933588332031062
597,1,1,0.8938829428775977,0.7777392967585142,0.9114594208583652,0.9432063102722168,0.9378934972926488,0.8908860351262466,0.8925112505309315,0.9173349333396946,0.865735411586917,0.9382140748030672,0.9421808123588562,0.943769943610927,0.9452847732245188,0.9254199914873301,0.9046233667220253,0.8616348652418784,0.9152352767836609,0.9468724131584167,0.9362664874087582,0.9354760055030762,0.9166847358029692
598,2,0,0.13092384639791135,0.13115001332470363,0.07690182477793317,0.06234902888536453,0.03725050966932708,0.0733898867303433,0.08532751829759716,0.14070837059457358,0.12655774911502837,0.0862761384231331,0.05751040205359459,0.03889121183685879,0.056187864818599054,0.08435528947363123,0.14538885498293092,0.131958549501999,0.07305288237841842,0.06143011897802353,0.03803365900724678,0.0756876302177841,0.08759194917773379
599,4,0,0.1145456892920805,0.134610620793194,0.1281526389281401,0.11782016605138779,0.12978537322310493,0.12803551784004769,0.1254916676879925,0.11325082748108732,0.13342484942066585,0.12949309890325297,0.11741577088832855,0.12029451010107844,0.1233490930999501,0.1228713583157272,0.11215143634023697,0.13079207818410346,0.12693424196610742,0.12088284641504288,0.1333671060492755,0.12150845759118681,0.12427269442432551
600,1,1,0.4319814337758037,0.38464335931861077,0.4239405185202967,0.39531299471855164,0.4292140932427803,0.47553374811857807,0.4234376912824368,0.4375140508356252,0.40313231058286,0.3916825370650982,0.3877304792404175,0.39448654675053546,0.6014933056877092,0.4360065383603743,0.43475841867712345,0.38956037169270696,0.4567017628908745,0.4276465177536011,0.4481210562785604,0.5549727621589843,0.45196014824197506
601,2,1,0.8712282282703351,0.796881890305469,0.9250397484328757,0.9138505458831787,0.9213711361968233,0.8790838126037575,0.8845758936154065,0.885483425519256,0.8029633736433189,0.8662301717972171,0.8825700879096985,0.8861992522750124,0.8354350231327153,0.8598135557128697,0.8864573787856896,0.8083008545554824,0.8884668282395741,0.9035457968711853,0.9040827032787178,0.8717082955474511,0.8770936428796833
602,4,0,0.10807194326151368,0.12201098464084938,0.11530949152691258,0.11274462938308716,0.10762706704894773,0.11588100768528574,0.11360752059109937,0.10921078074809619,0.12433903250263867,0.11179675946257829,0.11011215299367905,0.10948071005850166,0.12088614708876375,0.11430426380904292,0.10779285562949438,0.12303140303422844,0.11379881846070931,0.10817784816026688,0.10836804363682666,0.11973404624323838,0.113483835860794
603,0,0,0.20452770518962404,0.18757455614866383,0.2132889137589002,0.2553827464580536,0.2337066954154234,0.19151361268567094,0.21433237160938934,0.2062055260672982,0.18611125356406497,0.25556184956944605,0.282560795545578,0.2712816638180448,0.2294180987160972,0.2385231978800882,0.20017127155116238,0.19001950249394012,0.24925693785576175,0.2681930959224701,0.26761625424091867,0.2205174675615651,0.23262908827096965
604,3,0,0.10895730014292217,0.11031852870396605,0.0996837863963028,0.11090549826622009,0.10370346138038745,0.08269708337972072,0.10271094304491987,0.10619242999725928,0.11054010071838666,0.0928310855119461,0.0988711342215538,0.09855497275027655,0.0755856257550355,0.09709589149240964,0.10527052239211593,0.10962495943187225,0.09314339013561226,0.09476884454488754,0.09964199824399729,0.0788487088357042,0.0968830705973649
605,2,1,0.24265094004972154,0.16512168849425893,0.2625899657102108,0.3018803298473358,0.3223438508055425,0.24282320256532186,0.2562349962453986,0.24631685305724355,0.17848653284027816,0.2600276167926002,0.3168610632419586,0.35317648044236133,0.27086086789272007,0.27095490237786035,0.2400603736101156,0.1740068125350545,0.27364840923921735,0.3070203959941864,0.35343954675610506,0.2749068549430614,0.2705137321796234
606,3,0,0.08431353596535461,0.105156414510226,0.10254058870572952,0.1160271093249321,0.13252425131784792,0.09748734217060577,0.10634154033244933,0.08956709540841327,0.11148492337917632,0.11009866870906394,0.12303124368190765,0.1390520631731823,0.11043758874729714,0.11394526384984008,0.09005437703355552,0.1127027740056577,0.11092080355685678,0.1273839920759201,0.1412752742763871,0.11046094305465018,0.11546636066717121
607,1,0,0.11974397689794794,0.12192053863511182,0.11921410203894295,0.12994863092899323,0.14245361169155957,0.120766960567375,0.12567463679332175,0.11832255465723963,0.1242606324780003,0.11508913880252092,0.12653765082359314,0.13353357202062016,0.1158202672198735,0.12226063600030794,0.11888788989383253,0.1232386174049255,0.11810822285028072,0.11805913597345352,0.13373895065635358,0.11686116006876533,0.12148232947460186
608,0,1,0.24155154352567001,0.19425565663625835,0.3120535788334234,0.27566424012184143,0.2984102620294569,0.2623694119681515,0.26405078218580025,0.2532042234528099,0.18752107998454298,0.2990307122075406,0.3124437928199768,0.3367231372469682,0.3016385271589782,0.28176024547846945,0.24521290950899788,0.19140312544590032,0.3275094578922191,0.2946318984031677,0.32651164150424067,0.3018094050992222,0.2811797396422913
609,2,1,0.8768907348954201,0.7884984270204451,0.9396663883673083,0.9340205788612366,0.9398904941250684,0.8917275197028179,0.8951156904953828,0.925514803505926,0.8991014546530719,0.9692677942386408,0.963571310043335,0.9663492698127887,0.9562447955972645,0.9466749046418377,0.9375617324192091,0.8949245313061257,0.9697652345354671,0.9604635834693909,0.9643306130543482,0.9698658895450202,0.949485264054927
610,1,1,0.9302371055844708,0.9031343635531615,0.92996094521689,0.9285951256752014,0.9338349035093647,0.950268858536217,0.9293385503458842,0.9527560397411448,0.9413100739728386,0.9511166275648778,0.9543002843856812,0.9409392245223741,0.976351394618717,0.9527956074676054,0.9402512669939983,0.9430495982700478,0.946798757177854,0.9571801424026489,0.9499103711972907,0.9735844764632239,0.9517957687508439
611,3,0,0.25513268678436835,0.42860402938440256,0.13265265078259447,0.11175986379384995,0.13903089027771268,0.25167089353748445,0.21980850242673539,0.15202454346105726,0.2121954972668904,0.0528157096583174,0.049621645361185074,0.06767351179990388,0.07316494866573892,0.10124930936884882,0.1530437977747996,0.22531224606114075,0.05770717778491993,0.055051565170288086,0.07722972117647034,0.07136251188712427,0.10661783664245715
612,0,0,0.11302942766558166,0.12416819081572268,0.13131082670755362,0.11369666457176208,0.10654627485602074,0.10554034303561292,0.11571528794204228,0.1160887949789308,0.12537759298350087,0.13140475900090937,0.11980204284191132,0.10703310187446652,0.10850025264479017,0.11803442405408482,0.11677712234405917,0.12454096326404283,0.12216171769173521,0.12234813719987869,0.10249139426364849,0.10915342129553608,0.11624545934315007
613,2,1,0.6301650726765522,0.6425677604811086,0.5059673302239946,0.5749093890190125,0.5757514685861796,0.6092943370610913,0.5897758930079897,0.7548109929033996,0.7921297646313413,0.9338249314350638,0.9175789952278137,0.9294777936737972,0.8958591480852314,0.8706136043261077,0.6875710052452468,0.6845796584561282,0.7552104932396925,0.6950200200080872,0.692331950759489,0.6593698435799883,0.6956804952147719
614,1,0,0.10138128843466361,0.11689454519842551,0.14024315718106625,0.1379571557044983,0.13480767313224398,0.12355689686937983,0.12580678608671292,0.10516933134806068,0.11546145863135406,0.13298514464454814,0.1337953805923462,0.11972069175559627,0.11391798119017897,0.12017499802701403,0.10313478675481925,0.11405070081915873,0.14078193444293174,0.13204419612884521,0.11589874701060242,0.11916204438816909,0.12084540159075441
615,0,0,0.12279816663486803,0.12467612044358704,0.1281703249120193,0.1433340311050415,0.1549738819960866,0.11731401155222543,0.13187775610730465,0.1248292732827929,0.12778118481148706,0.13487529969775233,0.13890254497528076,0.14727259499689677,0.11212898055013494,0.13096497971905746,0.12333167042795737,0.1263385776513609,0.12440326207446262,0.13929957151412964,0.14498702449852588,0.1158598623188045,0.1290366614142068
616,4,1,0.783415228780924,0.7325144530425851,0.8504735042768897,0.8965286612510681,0.8905197903330202,0.8162666088352729,0.8282863744199599,0.8717487175805174,0.8667110474414822,0.9349268263665205,0.9156099557876587,0.9310967920208959,0.9008055742662991,0.9034831522438956,0.8652645360757725,0.8674827003963653,0.9005405730986026,0.904065728187561,0.9011515915424688,0.8902163357751628,0.8881202441793221
617,2,0,0.12210963460427796,0.1029525774039783,0.08780366971225281,0.11459570378065109,0.11220112099288719,0.1019354786081895,0.1069330308503728,0.09320670355762418,0.09706962152950549,0.10464374634126278,0.08936884254217148,0.10894467162395749,0.05496744152424696,0.09136683785312807,0.09551077846058943,0.0897295554844656,0.07111053682412784,0.10134827345609665,0.07373128942423118,0.033459798556471576,0.07748170536766372
618,0,0,0.6285595461288183,0.6313489466554955,0.5269863738279079,0.5224711894989014,0.5271284117576839,0.5509593813062641,0.5645756415291785,0.6528022008436648,0.6673610698281609,0.5985368297223351,0.5789197087287903,0.5588370573648496,0.5888553825135617,0.607552041500227,0.6409718207531582,0.6646492458502141,0.5960925011260788,0.5616191625595093,0.5252945009364742,0.5799785633099697,0.5947676324225674
619,1,1,0.9016095350921379,0.8324657836302177,0.9421049795481014,0.9513048529624939,0.945980478255351,0.9350689325384672,0.9180890936711281,0.9451084056160107,0.9020802510787715,0.949714426180648,0.951408863067627,0.973422724010209,0.9661976847038058,0.9479887257761785,0.9333836626056177,0.8877351223409804,0.9556737383550444,0.9702377915382385,0.9704324609954573,0.9739716745771854,0.9485724084020873
620,2,0,0.10417711152820193,0.11578566823695587,0.10800573658834096,0.11694647371768951,0.12033920735635466,0.12743835433064563,0.11544875862636475,0.09896566792808824,0.11613046960722717,0.10675060890055865,0.11973191797733307,0.11638578987381755,0.12586185463079516,0.1139710514863033,0.09639353763116783,0.11517773209510625,0.10895228461229986,0.11946985125541687,0.11936077728406136,0.1196026570656634,0.11315947332395258
621,1,0,0.10719260614695818,0.12455509820806879,0.14722454973881763,0.24793687462806702,0.1699358443491854,0.122270827885904,0.15318596682616684,0.12639665837788563,0.12776775908748894,0.15840601400101942,0.2064562737941742,0.15681592096206068,0.1421525761935043,0.15299920040268886,0.10738305474052351,0.12171492833548887,0.16808571880773843,0.23292143642902374,0.1514366521715597,0.14293342592080774,0.15407920273419035
622,2,1,0.36883257782824447,0.3492832607762148,0.43197706999942914,0.4385456442832947,0.4426588341938064,0.3705552507813852,0.4003087729770624,0.3407676186616359,0.33360996384362795,0.3967672040668154,0.4233100414276123,0.3870771681532502,0.36267209964569513,0.3740340159664395,0.3685960197611607,0.3443922205069518,0.41326824239673093,0.4350568652153015,0.38596471973832464,0.34446540400366615,0.381957245270356
623,1,1,0.08781971544318261,0.12187126077637198,0.10441643855700478,0.11263366788625717,0.12041925403507192,0.11434015617921954,0.11025008214618465,0.10707056370193165,0.11899758954276149,0.12859494236428104,0.12698246538639069,0.10904378629034996,0.13467326420316156,0.12089376858147938,0.09893660299811817,0.1169862578467904,0.09052469709119661,0.09208604693412781,0.10169049821629886,0.11242875270392219,0.10210880929840899
624,4,0,0.11048454024931618,0.12225186888323755,0.11530949152691258,0.11274462938308716,0.10762706704894773,0.11808279259873238,0.11441673161503892,0.11321514625818101,0.12598528966242536,0.11409409723500709,0.11011215299367905,0.10948071005850166,0.11818704177638976,0.11517907299736398,0.10874548537522753,0.12467766019401512,0.11379881846070931,0.10817784816026688,0.10836804363682666,0.12025992749848512,0.1140046305542551
625,1,0,0.1105940912276538,0.12680594214598892,0.12276696034361477,0.1217607706785202,0.11433158182869946,0.10978957856482909,0.1176748207982177,0.11212672825793103,0.1297596721198677,0.11913869546793994,0.11646893620491028,0.11564630515972306,0.1246749239205232,0.1196358768551492,0.11178272999566277,0.1320394345092301,0.11730421912992205,0.12681151926517487,0.11473749618043891,0.12733477792715095,0.12166836283459659
626,0,0,0.3135966462423379,0.31225648384080057,0.3942652656655412,0.2574455142021179,0.23580121091728068,0.24483404753209662,0.2930331947333625,0.32039384673657184,0.3247091369151225,0.3036253797378603,0.2721088230609894,0.2460947563620395,0.2888715971930432,0.2926339233342711,0.33435749820801125,0.31154652201947824,0.30236516372686256,0.2722480893135071,0.21417666943445413,0.2818786285319792,0.28609542853904874
627,0,0,0.16575807095160502,0.188736284304277,0.1259177289580558,0.09664751589298248,0.10225182161385338,0.1518497304565533,0.13852685869622117,0.16763230720782216,0.17992222515193737,0.11714859079747192,0.14525769650936127,0.14099565950091839,0.1322242525880616,0.14719678862592878,0.16582671876180105,0.17098074100442798,0.13257766853799557,0.1328248828649521,0.12418881918375158,0.13589912488239195,0.14371632587255334
628,0,1,0.9601854318383494,0.9389178678797384,0.9214693573873117,0.9335811138153076,0.9400207599590574,0.9737596434901267,0.9446556957283152,0.9596496413844291,0.9707490430193703,0.9424165451488703,0.9666239023208618,0.9629253165582934,0.9888653433175977,0.9652049652915705,0.9590059444734332,0.9689375140359819,0.9446808644069459,0.9626813530921936,0.9699622994666989,0.9879466367365579,0.9655357687019686
629,0,0,0.10938422216568436,0.12416819081572268,0.11585471685069983,0.10493101924657822,0.11277291553572462,0.1153866056466981,0.11374961171018463,0.11311618282310419,0.12537759298350087,0.11533476124755684,0.11474654823541641,0.11515047612469384,0.11212898055013494,0.11597575699406784,0.11380451018823258,0.12454096326404283,0.11667147915089707,0.11465376615524292,0.1155786534365143,0.11497742995465439,0.11670446702493066
630,1,0,0.10083460704587696,0.11689454519842551,0.14024315718106625,0.1379571557044983,0.13480767313224398,0.11282670754525088,0.12392730763456031,0.10363807364659022,0.11546145863135406,0.13298514464454814,0.1337953805923462,0.11972069175559627,0.11391798119017897,0.11991978841010228,0.1016035290533488,0.11405070081915873,0.14078193444293174,0.13204419612884521,0.11589874701060242,0.11916204438816909,0.12059019197384266
631,3,1,0.31144083997264427,0.2890806720964136,0.10472378719629759,0.1767573058605194,0.24802590150657375,0.19036029769569515,0.22006480072135728,0.2980357419293646,0.30469727091631915,0.10180704880325096,0.1683381199836731,0.24443371294685595,0.14815282721948705,0.21091078696649176,0.3019696941938447,0.29918622979866405,0.10907519525674081,0.18942469358444214,0.2381087251124694,0.14466980336949425,0.21373905688594252
632,1,0,0.09755393972912756,0.11646681885446496,0.09180652368222554,0.0655422955751419,0.05056665254144203,0.06888159409586216,0.08180297074637735,0.10140849344520657,0.12001462408059675,0.08266212624604326,0.069760262966156,0.062304814163128976,0.07988698963228505,0.08600621842223609,0.10376512820761695,0.12016265066309896,0.09232192298421252,0.06982918828725815,0.062279699196611846,0.08444408125428605,0.08880044509884742
633,1,1,0.3833843079882892,0.33004731272704885,0.4017566661951535,0.39174386858940125,0.4925025363504868,0.5070320746374588,0.41774446108130636,0.38695441063579494,0.33464748654776383,0.39548080431466953,0.40748000144958496,0.46148525426063486,0.45210337629067393,0.406358555583187,0.40429966303014725,0.3292727942705357,0.3753843664515411,0.4006385803222656,0.4740554816042923,0.4025567445882464,0.3977012717111713
634,4,0,0.13752196283148727,0.152541462255902,0.07392296338494353,0.06722552329301834,0.05282654809233579,0.07821107714550032,0.09370825616719787,0.14344948897238197,0.13911575793675807,0.08354599218172344,0.07292907685041428,0.04867034542778043,0.09491367797464659,0.09710405655728413,0.14156537401572422,0.1371850023463917,0.07157590961827164,0.07012426108121872,0.056465890485299805,0.08715630403082243,0.09401212359628808
635,3,0,0.14650831309540188,0.36875109975385534,0.1193251685851482,0.12876614928245544,0.0878386717752632,0.12402769493010088,0.16253618290370417,0.07775066239105898,0.22060438022915738,0.0666756589181381,0.04222540557384491,0.05480223122904384,0.043772237532699536,0.08430509597899045,0.07232596526889214,0.22883074263805223,0.07116832509358878,0.06178931146860123,0.05362361805070816,0.0534457485227101,0.09019728517375877
636,1,1,0.8271501966366506,0.7410154111210714,0.8677959587685783,0.8777972459793091,0.8616113415545221,0.8217565821735685,0.8328544560389499,0.81805943325988,0.7618420963834197,0.8401894725803174,0.8394616842269897,0.8411049091558637,0.7727904103328647,0.8122413343232224,0.8349195270481992,0.7590839306098096,0.8490232572929388,0.8629096746444702,0.8647862810848508,0.788088762861535,0.8264685722569671
637,2,0,0.1120643274557828,0.10982415519967655,0.13026711001545913,0.13294649124145508,0.13448909374523535,0.10974341068763209,0.12155576472420683,0.11215988212196926,0.10889268717005396,0.12585216700990817,0.1328200399875641,0.11938330237919258,0.10624282924205142,0.11755848465178989,0.11629533348671978,0.1093937196136428,0.14868993713091053,0.12255137413740158,0.12432975587589414,0.11288657084518638,0.12235778184829253
638,0,0,0.15820369141446938,0.12298583068818153,0.36026085669375635,0.3109886646270752,0.24747954311915477,0.17174727185879513,0.2286109764002387,0.17289042439900357,0.1486506743524888,0.39662148555277177,0.29326334595680237,0.2409206106697751,0.22227324936374657,0.245769965049098,0.1747262201810273,0.15399041024346627,0.4223177143252446,0.30604419112205505,0.24549154012571522,0.22221334606241097,0.2541305703433199
639,0,0,0.3970363583466492,0.439175550840498,0.1298192876786061,0.09850825369358063,0.10410265624939441,0.22184812780669097,0.2317483724359032,0.17233635517474488,0.27410061394507856,0.016343096730794943,0.02750679850578308,0.04112683983113629,0.06055855190281591,0.0986620426817256,0.20455652633272967,0.2689745871487805,0.02287625543886272,0.028007369488477707,0.027618650792452973,0.06431134546120293,0.10272412244375108
640,2,0,0.1094268573172013,0.106735562466486,0.11371477203525468,0.1096385195851326,0.11435998174703317,0.10162365562553946,0.10924989146277451,0.12139646421626911,0.11822660598121647,0.11410447140094265,0.113770991563797,0.11272063182010594,0.15647316857087026,0.12278205559220023,0.12500538634264438,0.11680189991074014,0.11549521576967332,0.11673155426979065,0.11436886969177332,0.1279430354451401,0.11939099357162697
641,3,0,0.09298174463793557,0.1081896537934141,0.10552787592477407,0.09566079080104828,0.09281588165019775,0.09707351061394358,0.09870824290355222,0.09577770754226139,0.11027438498600986,0.10584063778567189,0.10826355218887329,0.09780882009596369,0.10145558328990224,0.10323678098144706,0.0950885125073003,0.10969635969623835,0.1073739033458172,0.10090617835521698,0.0971604530839314,0.10036866515482172,0.10176567869055433
642,0,1,0.9629181824518728,0.9621118780834741,0.9460070070482175,0.9609845280647278,0.9626215333931777,0.9776886426919797,0.9620552952889082,0.9754792940608549,0.9763863095663748,0.9733688585694167,0.9762269854545593,0.9737532292936757,0.9878309623147904,0.9771742732099452,0.9564718167043806,0.9560914103723851,0.9307065248261707,0.9442363381385803,0.9486178159553424,0.9667544744777934,0.9504797300791087
643,3,0,0.16065695008643022,0.37432475611698535,0.14839954865777466,0.14410102367401123,0.13797380355082325,0.1444280595649836,0.18498069027516803,0.08528648170061982,0.21830044385545355,0.04905707549158022,0.09682542830705643,0.08238517415779888,0.04772624109082497,0.09659680743388897,0.08303908954299201,0.22652680626434835,0.05472734645379661,0.09780313074588776,0.07734212210089055,0.06028370353195889,0.09995369977331235
644,2,1,0.28943005823802853,0.19268957537594136,0.31913164237147207,0.27661949396133423,0.252578385269713,0.3858239865987511,0.2860455236358734,0.31841857079501273,0.1968033295790188,0.3157768942864973,0.3044973313808441,0.22641880747222926,0.32703163418153813,0.28149109461585675,0.3175095700420512,0.1834100881632984,0.3537183521173384,0.32339799404144287,0.23434095272537975,0.326261510219644,0.2897730778848591
645,3,1,0.7487939250215009,0.6603233887298795,0.8200636741083479,0.8133860230445862,0.830029618058601,0.8193286460703518,0.7819875458388779,0.8449240868258642,0.8235022412931228,0.9319484268174121,0.9163776636123657,0.9479769382087707,0.94370226332815,0.901405270014281,0.8416726395123278,0.8162902238969952,0.9265991256443483,0.9029539227485657,0.9469398266843159,0.9351506271252319,0.8949343942686306
646,2,1,0.32550095292803116,0.3514880985265761,0.19960893275227057,0.19915485382080078,0.1661931480281422,0.32257289770292896,0.26075314729312493,0.31546980402724323,0.3614305166221935,0.1969500782206852,0.170701265335083,0.16207428350043174,0.32845097929273254,0.25584615449972825,0.3237127349238993,0.35476180083236664,0.20819053191377254,0.18655048310756683,0.1785932205228065,0.289979874986377,0.25696477438113147
647,3,0,0.09168683424367033,0.1081896537934141,0.10552787592477407,0.09316202998161316,0.0915129046864913,0.09765843851090648,0.09795628952347823,0.09566130675490607,0.11027438498600986,0.10584063778567189,0.10826355218887329,0.09780882009596369,0.09979724659284271,0.10294099140071125,0.09497211171994498,0.10969635969623835,0.1073739033458172,0.10090617835521698,0.09613135507481912,0.09866276313153666,0.10129044522059555
648,0,1,0.3152780151187115,0.32843392697378554,0.20892511010645193,0.20308826863765717,0.2491949974285754,0.29782138560012517,0.26712361731088446,0.3208856163711368,0.3578837588669914,0.21971169086807904,0.2568281292915344,0.24678226913960874,0.29745928835961494,0.28325845881616085,0.3224982514447346,0.34372069628934665,0.20625152494484286,0.2222672551870346,0.24216627194805107,0.26051783145303664,0.26623697187784107
649,1,0,0.10837870596984481,0.12226235103574776,0.11931456801576855,0.10624738037586212,0.1088541529709514,0.10554375660563622,0.1117668191623018,0.10635856570731526,0.12374221187911533,0.1129493523948532,0.10206126421689987,0.10465107958032116,0.10951565788028134,0.10987968860979766,0.1065208660586339,0.1232386174049255,0.11317882502161451,0.10223425179719925,0.10850469567236816,0.11164195355371984,0.11088653491807686
650,3,1,0.5832628141425508,0.6075272000670353,0.5970494781699701,0.606481671333313,0.6160169840147961,0.5782755849581196,0.598102288780964,0.6018670492424529,0.6122721546465036,0.6246474781741462,0.5879519581794739,0.6051373262037311,0.5789849313069201,0.6018101496255379,0.5972792518570383,0.611056045948266,0.5914800713712293,0.6246263384819031,0.599350158786198,0.5962610681991105,0.6033421557739576
651,4,0,0.10807194326151368,0.12201098464084938,0.11530949152691258,0.11274462938308716,0.10762706704894773,0.11588100768528574,0.11360752059109937,0.10921078074809619,0.12433903250263867,0.11179675946257829,0.11011215299367905,0.10948071005850166,0.12088614708876375,0.11430426380904292,0.10779285562949438,0.12303140303422844,0.11379881846070931,0.10817784816026688,0.10836804363682666,0.11973404624323838,0.113483835860794
652,3,1,0.8366844258273147,0.7611123271835077,0.8817073348337711,0.8752050995826721,0.8837681387940547,0.8537761883081478,0.8487089190882446,0.8961213261031222,0.9078885194831969,0.9385263665710787,0.9446572065353394,0.948428754612001,0.9541988317252239,0.9316368341716603,0.8996119618842554,0.9010287807750325,0.9368469157103718,0.9532409310340881,0.9455883185407838,0.955957357337178,0.9320457108802849
653,0,0,0.10878016674936086,0.12319104060360173,0.11349244301539387,0.1100861057639122,0.10772658063243543,0.11266776835410629,0.11265735085313505,0.11281388793686993,0.12431202764028998,0.11557096573099482,0.11910475790500641,0.11505297317427501,0.1108925592492222,0.11629119527277637,0.1114591114772483,0.12364336530197756,0.11452587271976812,0.11699877679347992,0.11567884570135173,0.10925097870730668,0.11525949178352203
654,3,1,0.710250409497686,0.7044386565027713,0.7087882505046688,0.7140770554542542,0.7084986285676822,0.6816763420236439,0.7046215570917844,0.7135306656505478,0.6959495105742397,0.7078833840069593,0.7148211598396301,0.702722146146488,0.6915748994729999,0.704413627615144,0.7079961921366776,0.691585348669985,0.6935309941753997,0.6801205277442932,0.6878253851134543,0.6789661366096219,0.6900040974082386
655,4,0,0.6718005965925454,0.6684012058318268,0.6942927161970701,0.575192928314209,0.5826092912265124,0.5925276461121978,0.6308040640457269,0.671427471917914,0.6533146521770876,0.6313538089298416,0.6157673597335815,0.5724927521381972,0.6465209098300422,0.6318128257877773,0.6669633289590525,0.6490960047472115,0.6739575049198997,0.5821231603622437,0.5787957918997169,0.6375101114256416,0.6314076503856276
656,4,0,0.12164122479783794,0.13149509508120397,0.12471129844423036,0.16483230888843536,0.2543104223447108,0.11612600342167259,0.15218605882968184,0.14507558041004168,0.13648887729047446,0.12523652657425785,0.16251684725284576,0.2587920823766678,0.131969371672124,0.16001321426273526,0.15943434008292837,0.13131724907382203,0.12871777746633642,0.16748718917369843,0.2682972108387666,0.15405122808284505,0.16821749911973283
657,1,0,0.11117115028752492,0.12226235103574776,0.11204109972703512,0.10878746211528778,0.10665020681316287,0.11739161809222358,0.11305064801183032,0.10853714922800538,0.12374221187911533,0.10251329035440893,0.10677272081375122,0.10994239717777682,0.1158202672198735,0.11122133944548852,0.10896728926651854,0.1232386174049255,0.10955170256624945,0.1041194349527359,0.10286878364507133,0.11686116006876533,0.11093449798404434
658,3,0,0.7203355761605131,0.6722379889558394,0.6617938203225928,0.6357666850090027,0.6743689067530441,0.6703682835684751,0.6724785434615778,0.42932698767797073,0.36433681057542283,0.09952023044653169,0.12339262664318085,0.10816429082903667,0.15404713093028036,0.2131313461837372,0.7712013953961943,0.6831547391077607,0.7355791839818896,0.7190624475479126,0.7011019028404882,0.7134928869578046,0.7205987593053417
659,2,0,0.10358411858807058,0.11625968817472362,0.10800573658834096,0.09812518209218979,0.09661560486457595,0.13138737604880632,0.10899628439278453,0.10453597598007307,0.11519713941737462,0.10675060890055865,0.10085801780223846,0.09541474543906238,0.12395012082079447,0.1077844347266836,0.10740164210849402,0.11404992438947599,0.10895228461229986,0.10922204703092575,0.09798205148256049,0.1293700568587913,0.11116300108042457
660,3,0,0.4222651883003684,0.4302831126307378,0.3685117400913132,0.35224398970603943,0.28428109148231245,0.41825775423723877,0.3793071460746683,0.47125675565496966,0.4856766806127601,0.305633131459936,0.3952469825744629,0.32167671553795824,0.4463819523493778,0.4043120363649107,0.47465303173858664,0.49884147025856523,0.3009474365194844,0.3664657771587372,0.36614209277629406,0.5063591069801474,0.4189014859053024
661,4,1,0.38878754967395984,0.2821185901766714,0.15325643953422133,0.28262048959732056,0.3561017813752078,0.3711780276817392,0.3056771463398533,0.41837874064893055,0.3133362926038315,0.2157734733257175,0.30279311537742615,0.36400791888900697,0.46317460924376436,0.34624402501477947,0.4183651364973079,0.305382725141027,0.16297375745538362,0.3429928123950958,0.40935834336656834,0.4244244462195982,0.3439162035124968
662,3,0,0.11212823896204749,0.11373026095178138,0.10248255514504805,0.08615196496248245,0.07625689756432204,0.09141774627207298,0.09702794397629239,0.1013068135542163,0.1153431313611279,0.09164900550333104,0.07305778563022614,0.07551253953002787,0.07400606673305567,0.08847922371866415,0.10080479181068881,0.11621496447021874,0.09538194130773552,0.08701108396053314,0.07938752912860186,0.08331568726770135,0.0936859996575799
663,2,0,0.3726370161861251,0.4021963721806723,0.24372185471728422,0.12034390866756439,0.15234975886073496,0.1990249073519816,0.2483789696607271,0.3719464447498133,0.4198101912736698,0.16740336714383713,0.11938832700252533,0.17177243823189633,0.2508173729249989,0.2501896902211235,0.35219814947740347,0.4193513920420575,0.21964516307312232,0.12015190720558167,0.16523016007440178,0.20801655595779717,0.24743222130506062
664,4,0,0.1024245053163495,0.12251714570676228,0.10180070431312153,0.08577301353216171,0.07674750947895041,0.10214087609116695,0.09856729240641873,0.10713295118712997,0.12387335381338635,0.10497511500073778,0.08457547426223755,0.09488381110342461,0.11004533316828387,0.10424767308920002,0.10782356816401067,0.12269510449312439,0.10377466893137159,0.08368302136659622,0.07809314826512362,0.10828960889049588,0.10072652001845372
665,2,1,0.09668894818706837,0.10215841753521028,0.1208827108512446,0.0918709933757782,0.09015724364179652,0.0863793737107106,0.09802294788363476,0.08926184034123406,0.10315326648607631,0.12420418680500384,0.10085801780223846,0.09389033256062392,0.0902448512152207,0.10026874920173287,0.08896788037917369,0.10348819747615257,0.14481135305371087,0.10487348586320877,0.09544127625527245,0.09409040732171427,0.10527876672487209
666,0,0,0.17121347996347588,0.1504656383428823,0.251136539102914,0.26680833101272583,0.3152411006936283,0.15318379070027227,0.21800814663598309,0.19866323494074875,0.1560117815204472,0.2601944175074827,0.292192280292511,0.30234308025431583,0.13378907836181772,0.22386564547955384,0.18508917176434808,0.1523797219658882,0.21285446493005733,0.28485026955604553,0.2938018343133546,0.17264117352979308,0.21693610600991445
667,2,0,0.1111318158880402,0.11674184109119823,0.10800573658834096,0.11926063895225525,0.12033920735635466,0.13138737604880632,0.11781110265416592,0.10850187608143337,0.11672324383504526,0.10675060890055865,0.11973191797733307,0.11638578987381755,0.13014648964620273,0.11637332105239842,0.1113675422098543,0.11585362219318251,0.10895228461229986,0.11946985125541687,0.11936077728406136,0.1320327411749013,0.11783946978828604
668,4,0,0.1053197302606249,0.12201098464084938,0.11530949152691258,0.11274462938308716,0.10762706704894773,0.11588100768528574,0.11314881842428456,0.10760524227831887,0.12433903250263867,0.11179675946257829,0.11011215299367905,0.10948071005850166,0.1186892746300312,0.11367052865429128,0.10665196362436352,0.12303140303422844,0.11379881846070931,0.10817784816026688,0.10836804363682666,0.11806242388084655,0.1130150834662069
669,0,0,0.12407844375378621,0.12714923872315698,0.1281703249120193,0.1286599338054657,0.11979733749417307,0.10670159381254675,0.122426145416858,0.12534957657536375,0.12731644360078223,0.12647605009123294,0.12574239075183868,0.13025430401462104,0.10769827422928901,0.12380617321052126,0.12445157053428109,0.12587383644065603,0.12102619619401545,0.12031537294387817,0.12601900830141066,0.10641837401431412,0.12068405973809257
670,1,1,0.9543433155618453,0.9346243878185828,0.9075936067595048,0.9082486629486084,0.9099166222119128,0.9462084361074137,0.9268225052346446,0.9404842516150732,0.9099139301370991,0.8777054964248374,0.8764998912811279,0.8592661684054259,0.9356258002903034,0.8999159230256444,0.9466398585258111,0.9197474244669138,0.8967345129872694,0.9242715239524841,0.9159952319233291,0.9550428438660022,0.9264052326203016
671,4,1,0.8744364782726374,0.7891130064696287,0.8974476900242541,0.9107210636138916,0.9183026678160785,0.841908765802148,0.8719882786664397,0.8720627097897816,0.7821864572294528,0.83522395123197,0.889614999294281,0.8760910723230234,0.8436005888757001,0.8497966297907015,0.8890504270618025,0.8141462000553903,0.8665427518069249,0.9122342467308044,0.9046775306166395,0.8933371325679023,0.8799980481399104
672,2,0,0.4916216595478532,0.49190881252086893,0.4710360319821055,0.5086167454719543,0.51843430116108,0.496034051544209,0.4962752670380118,0.4303049491145962,0.41294036060651285,0.4653805460045788,0.5642343759536743,0.5891816163161422,0.45298784571953354,0.4858382822858397,0.44325221276099985,0.42585372710416847,0.4684172250682843,0.5241146683692932,0.5567415224903305,0.45113268809738905,0.47825200731507755
673,4,0,0.1293159555445866,0.12110025435028182,0.09752475378131477,0.11239684373140335,0.10461231640384479,0.10437966141157941,0.11155496420383512,0.12789050238851987,0.1226976586591756,0.11274529846646152,0.11476429551839828,0.10279925995609894,0.09433104825340188,0.11253801054034267,0.13431885379899153,0.12246134662508619,0.10500305321768776,0.11094468832015991,0.10556042868194054,0.0950134524400499,0.11221697051398596
674,4,1,0.11891136271987277,0.12351490136458468,0.12417833453545654,0.126456156373024,0.12559750153922847,0.11965126157572516,0.12305158635131525,0.11568777047615778,0.12583911119611943,0.12442924965796062,0.12970662117004395,0.129442065091209,0.1272345918223984,0.12538990156898155,0.11669080543978837,0.12244443823893583,0.12207532630076273,0.13181214034557343,0.12761969904302628,0.11894671844037111,0.12326485463474295
675,1,0,0.11253422512598793,0.12500043353054655,0.12688668542851742,0.122602179646492,0.11067938684559424,0.0920015384520311,0.11495074150486154,0.11646516065115965,0.12145220891717669,0.12294809003184855,0.11692201346158981,0.11154882904427271,0.09975499746035472,0.11484854992773369,0.11413670530422713,0.12027272706313942,0.12197983334225983,0.1159542053937912,0.11902766449736259,0.09122494938624114,0.11376601416450355
676,4,0,0.11895902389514437,0.12225186888323755,0.11045789396664922,0.11274462938308716,0.10762706704894773,0.12391093244394459,0.11599190260350176,0.1177336635550066,0.12880174118475923,0.11100957096497262,0.11011215299367905,0.11137178034605459,0.13157421687612117,0.11843385432009887,0.11516299257104308,0.12467766019401512,0.11379881846070931,0.10817784816026688,0.10836804363682666,0.12496315639225034,0.11585808656918523
677,1,0,0.11186281382506964,0.12226235103574776,0.12276696034361477,0.12022838741540909,0.11433158182869946,0.11630826882178563,0.1179600605450544,0.11142542018364078,0.12334865492346742,0.11432582169299549,0.11409614980220795,0.11168362118402483,0.1158202672198735,0.11511665583436832,0.11272139850351266,0.123087821127019,0.11730421912992205,0.12677642703056335,0.11916143220993373,0.11686116006876533,0.11931874301161935
678,2,1,0.5643983974885791,0.5982570309833584,0.48442329595295963,0.49807867407798767,0.5028663102221006,0.5472734114765108,0.5325495200335827,0.6087701465332904,0.599566612784698,0.5208814747419082,0.5422788858413696,0.5248404835682197,0.5936846568027635,0.5650037100453749,0.5995112696703623,0.6038164277658123,0.5216866247541502,0.5303958058357239,0.5247059618582662,0.5738829961876843,0.5589998476786665
679,0,0,0.40722954800861033,0.41260197407849325,0.13671095137279585,0.08277250826358795,0.10125300004415037,0.13473375171789534,0.21255028891425554,0.1683419869245627,0.24084697814192257,0.019315894285960256,0.028190428391098976,0.04112683983113629,0.04454796361558048,0.0903950151983769,0.20157685205454792,0.2401156739474399,0.02287625543886272,0.028697572648525238,0.027618650792452973,0.04161649861600937,0.09375025058297302
680,1,1,0.38722592773255754,0.3837440013178971,0.5922495411143154,0.3228995203971863,0.28094921751889135,0.43270845777496747,0.3999627776426358,0.398048655367133,0.3882706626967479,0.5291422130301809,0.34297266602516174,0.28403076831617297,0.36958557827523586,0.3853417572851054,0.3748577257506771,0.3789793173193822,0.6198591282014722,0.34167230129241943,0.3966511411267326,0.36044782850245183,0.4120779070321892
681,2,0,0.6764379020767226,0.6946797949391497,0.6179954000235589,0.6008705496788025,0.5830863272383064,0.6550933951777272,0.6380272281890446,0.6715167475292121,0.6988759126973876,0.6558305363725359,0.6458567976951599,0.6285805187149248,0.6488337704290617,0.6582490472397137,0.6662760886031427,0.704094243450343,0.6792553828289323,0.6177071928977966,0.6299103727472424,0.6593861026704732,0.6594382305329884
682,2,1,0.37575684435675577,0.33543295071161483,0.4592326910221969,0.5307528376579285,0.5484086110925623,0.4935861959319917,0.45719502179550825,0.3853907127912836,0.35562615681281773,0.40684735612518946,0.45475345849990845,0.498087960410867,0.4798226959857251,0.4300880567709652,0.4030684274155021,0.3354933046496198,0.3954916920316232,0.46947744488716125,0.5345938371809368,0.46185551605875413,0.4333300370372662
683,1,0,0.1131781140337766,0.12254635468720253,0.12276696034361477,0.1229899600148201,0.1196561324579639,0.11568489994271733,0.11947040358001587,0.11156055526454006,0.12353535582754915,0.11913869546793994,0.11646893620491028,0.11717061144960238,0.11843054936898388,0.11771745059725426,0.11285653358441197,0.12298365443064856,0.12260555508412847,0.12831880152225494,0.11974632271632972,0.11754037780458759,0.12067520752372687
684,0,0,0.13428955547018231,0.1191000965125041,0.12342544294040858,0.20618116855621338,0.11545423636312858,0.07229810530453105,0.128458100857828,0.0934075496686873,0.09340140271462984,0.12858737842553766,0.09355829656124115,0.10555675490608714,0.02921357889812698,0.090620826862385,0.09428892380775757,0.10198637029052741,0.11590221695227851,0.0981195718050003,0.07598044715948346,0.02472399348068717,0.0851669205826224
685,3,0,0.09704394928078774,0.10981814043559363,0.11066317674490542,0.12530240416526794,0.10280877261025954,0.11896452244881728,0.11076682761427192,0.12870199107950905,0.11864001561852618,0.122554038852628,0.14042243361473083,0.11032622584497144,0.12849476919673383,0.12485657903451655,0.12463539407869442,0.11723639021351133,0.13984843200202113,0.11237122118473053,0.09906322694787077,0.14921414561153043,0.12372813500639311
686,0,0,0.15081643378586637,0.13729862556258576,0.23691715229390137,0.2951774001121521,0.21104432462998932,0.1700331735742951,0.200214518326465,0.15734802877931842,0.15613270256562928,0.301847634657768,0.26981884241104126,0.22563736856807787,0.24198300044176854,0.2254612629039339,0.17004081152827025,0.15700025083994001,0.3112877721653074,0.2714255452156067,0.23287736132714112,0.267407863454556,0.23500660075513694
687,0,0,0.07328823854478453,0.12777594630589215,0.07361005405514326,0.1356576830148697,0.11545423636312858,0.07319525951052763,0.09983023629905763,0.06978246161182466,0.09404704083118583,0.07805527463148962,0.05789441615343094,0.10555675490608714,0.025625470032597925,0.07182690302776935,0.07507509384378448,0.10023848179742735,0.07199081004025422,0.06078897416591644,0.07598044715948346,0.030335811657131118,0.06906826977733284
688,3,0,0.10518202041728984,0.10932904472750311,0.10552787592477407,0.08842799067497253,0.0915129046864913,0.098406096408022,0.09973098880650881,0.1076637967912785,0.11161923080177341,0.10584063778567189,0.1070600375533104,0.09780882009596369,0.10225411241606458,0.10537443924067708,0.10434365706153914,0.11182327790932685,0.1073739033458172,0.10090617835521698,0.09613135507481912,0.10234678877127089,0.10382086008633169
689,2,0,0.10385614611434008,0.11034111582773293,0.10686890160556944,0.10827138274908066,0.09839581145892512,0.09900906159241037,0.10445706989134308,0.09749550905719241,0.10753988212320657,0.1036145466304501,0.09830430895090103,0.09920200552764441,0.100523023858153,0.1011132126912579,0.09628099273327057,0.10770001451147555,0.10641495751371609,0.10060488432645798,0.09764587279647181,0.10857294304724893,0.10286994415477348
690,2,1,0.9661003856570856,0.9524600918529518,0.9409307873801351,0.9415196776390076,0.9603600118681276,0.9728298377093173,0.9557001320177708,0.9625104059264623,0.9652645355330692,0.9634227180142004,0.9622421860694885,0.9721676874830981,0.9847037915075058,0.9683852207556374,0.957190987699747,0.9636708637066842,0.9517791300310536,0.9545655846595764,0.9679742410436996,0.9848306656304181,0.9633352454618629
691,3,1,0.4006176687844611,0.3386942182765635,0.4253633703174674,0.4898935556411743,0.5898052453294668,0.415194335521825,0.443261398978493,0.39635205963965653,0.4138105565573235,0.4858836059922858,0.5161986351013184,0.5893936875495795,0.450159631126467,0.47529969599443844,0.43785373662126525,0.4851240200471567,0.4989187873838736,0.6255598068237305,0.6368689292062267,0.5234327917062179,0.5346263452980784
692,1,1,0.7089499940606182,0.6424980714738603,0.8094947006276592,0.7898209095001221,0.8117045409802536,0.8099502403049323,0.7620697428245742,0.7413795500258386,0.6943207053445642,0.8174858484300975,0.825469434261322,0.8442422845810343,0.8298355186373155,0.7921222235466954,0.7452728162146091,0.687558445011582,0.885720810525549,0.8387230038642883,0.8743710231076931,0.8596327407581167,0.8152131399136395
693,1,1,0.4504884885402232,0.28263433582016056,0.5332780917057623,0.3584868609905243,0.32959609358459596,0.5889050886156139,0.42389815987614665,0.429153784625341,0.27785337431261053,0.5527486179616289,0.36241427063941956,0.3088502827584835,0.6401469984334257,0.4285278881218182,0.4624077543918035,0.2594097302080687,0.626737918100043,0.4017803966999054,0.37777937960241437,0.6411199995229855,0.46153919642087
694,2,0,0.10030857378329681,0.11025169569565442,0.09736928191286293,0.0999700054526329,0.1138653608972322,0.10142571665363267,0.10386510573255199,0.09567695823820227,0.10839636724148377,0.10182102849815194,0.1064213365316391,0.1121255442412825,0.10693286884126578,0.10522901726533757,0.09423704349244336,0.10823475716991862,0.09585780465061759,0.104085773229599,0.11003098561989304,0.09938811641640022,0.10197241342981196
695,1,0,0.28232713091833683,0.2584060958809922,0.34852070352015857,0.3579811453819275,0.32634398293934075,0.2944647047374741,0.31134062722970496,0.2882710263302562,0.25721101041543437,0.34534824471259856,0.3706524670124054,0.31826403386708335,0.27644520459348304,0.3093653311552101,0.29384158134370647,0.2501262947794217,0.3387984589654796,0.3586631715297699,0.3167701192626834,0.29654726148845173,0.30912448122825215
696,1,0,0.11075346389895742,0.12571537040330397,0.09789040712559416,0.09433966130018234,0.0905997279660359,0.10666547602383818,0.104327351119652,0.10988974134988616,0.12473675216053522,0.08953234180073887,0.09467445313930511,0.09317963539729632,0.10578686014020199,0.10296663066466061,0.11095688369482481,0.12576805216062698,0.09576917759296023,0.09599759429693222,0.09254293211458678,0.1109796965963929,0.10533572274272064
697,0,0,0.12595827422000408,0.12714923872315698,0.1281703249120193,0.1286599338054657,0.11979733749417307,0.10670159381254675,0.12273945049456098,0.11908959048994092,0.12119376546058752,0.1488676275374285,0.12262371927499771,0.1260417006877646,0.12472964533813764,0.12709100813147614,0.11899311288523497,0.12198442247899789,0.16900082783205747,0.12416210025548935,0.12746999146879434,0.12771986793739099,0.13155505380966082
698,4,1,0.6627911338330827,0.6666602291863916,0.6464429465826191,0.6303828358650208,0.6282983020666965,0.645942832704895,0.6467530467064508,0.671427471917914,0.6533146521770876,0.6575100762577039,0.6437457203865051,0.6278526664024549,0.6474081025827091,0.6502097816207291,0.6728265768223004,0.6511900218412285,0.6613698353805191,0.6242931485176086,0.6135545978170259,0.6507449699185035,0.6456631917161976
699,4,0,0.3732385745668213,0.35821167006962007,0.4122610077660547,0.45164695382118225,0.34181313727262097,0.4146972693890513,0.39197810214755846,0.36310052668502196,0.3660539917915403,0.40916582404689594,0.4284217655658722,0.37765046683465575,0.43255614953494564,0.39615812074315526,0.3348183687358533,0.35206492148430013,0.5042586689616096,0.43498367071151733,0.3667151036203016,0.3288422556420967,0.3869471648592798
700,2,0,0.14788586165280906,0.18686796390651922,0.14269729094909198,0.15385863184928894,0.16825882514135457,0.1418832412762511,0.1569086357958858,0.15737263159833856,0.19470552172977082,0.15981450851465548,0.15926600992679596,0.14657937267674123,0.14320095242985623,0.1601564994793597,0.15831184254561828,0.1920499633550428,0.16020687102550957,0.1639627069234848,0.16057789075518286,0.10847265352709028,0.15726365468865475
701,2,1,0.8544865160434265,0.8598219191804386,0.9278479556624186,0.907717227935791,0.7971944447966263,0.9014198687940977,0.8747479887354663,0.8666200410786937,0.9023937966325511,0.9670301894804143,0.9590482711791992,0.9599276634287099,0.9647610519863091,0.9366301689643128,0.8737394473855653,0.9012230312304058,0.9580598979286333,0.9568946361541748,0.9625017915769676,0.963260487283873,0.93594654859327
702,1,1,0.4897260804770814,0.4289624062536685,0.6784183426861272,0.6578694581985474,0.6173629321545482,0.5970934251637336,0.5782387741556176,0.5067501168984405,0.43180038195146475,0.7152491534230891,0.6038766503334045,0.5707680556242316,0.5295419563794944,0.5596643857683542,0.5012993310266759,0.4352260493635416,0.6971307710795606,0.5873191952705383,0.5778202192476118,0.5809699928666798,0.5632942598091013
703,2,0,0.6447702847201444,0.6434293885126452,0.5195628346860295,0.6191396713256836,0.5956260224634011,0.6085382524640282,0.6051777423619886,0.3434165040199749,0.41871349921598183,0.07715811546129005,0.13156478106975555,0.10635361361009672,0.09160753830695614,0.19480234194734253,0.36204897990413876,0.4122137807187863,0.06384003050755208,0.17928746342658997,0.09270842700922001,0.1138470989916217,0.20399096342631812
704,3,0,0.09538382080626531,0.1124445144430869,0.11228000308624297,0.12611320614814758,0.11380340739273229,0.11258662480466393,0.11210192944685649,0.0966808412192369,0.11202522439196874,0.10999652819096159,0.11904755979776382,0.1114402002142831,0.11521730734773773,0.11073461019365866,0.09685931949901395,0.11343424592690003,0.11171964911706424,0.1142149567604065,0.11388891950443557,0.1118773497608262,0.11033240676144106
705,2,0,0.09262715245221803,0.10235636608380194,0.10178457507424984,0.09430952370166779,0.09368366044363216,0.08706322933761895,0.09530408451553145,0.08800634770288757,0.10370304349734893,0.1036145466304501,0.09830430895090103,0.09930204641357947,0.09681789631877816,0.09829136491899088,0.08660349186712907,0.10431556787346104,0.10641495751371609,0.09423777461051941,0.09315910746585512,0.09218865785542932,0.09615325953101833
706,3,0,0.11494154063210947,0.13307167251950852,0.08743296391276757,0.11252910643815994,0.08029441056697385,0.13222643168689185,0.11008268762606854,0.10676238362975364,0.1260699596374712,0.0812941833428905,0.09721890836954117,0.07443046562629582,0.12938076617246091,0.10252611112973553,0.10929683523490198,0.13134973584271542,0.0781466475140959,0.09476884454488754,0.07561360582977708,0.13950989742380351,0.1047809277316969
707,2,1,0.8410457646640701,0.8212603008023542,0.8698876628375415,0.8526176810264587,0.8414006905365642,0.7879363239982088,0.8356914039775329,0.8462449065006586,0.8792137200254111,0.9346456049676749,0.9286057949066162,0.9367766243619898,0.9245761054636773,0.908343792704338,0.8335615810655654,0.8746321718437389,0.9070864654507359,0.8940308094024658,0.9147076675719583,0.9079429897282202,0.8886602808437809
708,0,1,0.403954726355791,0.39628063508687283,0.4863968774441067,0.4625928997993469,0.41698535753414184,0.40486792309346853,0.42851306988562127,0.38076985754995873,0.38768938669249203,0.5608158343593216,0.41932371258735657,0.3759110228323453,0.405515484028163,0.4216708830082728,0.3870635913613942,0.38240484971898153,0.5411117245925824,0.40092796087265015,0.38257924356419987,0.3617882112905741,0.4093125969000637
709,0,1,0.8524771087269735,0.8406221505579015,0.8130432346534249,0.8963855504989624,0.9179646002892347,0.9155951861454318,0.8726813051453215,0.8487023625906137,0.8289272032843663,0.8004362789625985,0.8956777453422546,0.882343866803689,0.8408767673770547,0.8494940373934294,0.8445400190630771,0.837478210629687,0.8870332173074117,0.908619225025177,0.9274279898405507,0.9034855331125085,0.884764032496402
710,2,1,0.6947472297128368,0.6068903927193156,0.7423842277228269,0.7265276312828064,0.7431353248474434,0.7160867113529638,0.7049619196063655,0.799752084004716,0.731090001959407,0.9505802319823169,0.9314978122711182,0.9594580713226298,0.8723665842360722,0.8741241309627099,0.777943452819843,0.7375745908580201,0.9507773382510236,0.9381866455078125,0.9545680266723507,0.9037661351905859,0.8771360315499391
711,4,1,0.8759545175567482,0.8282452681859159,0.9233129526606945,0.9462325572967529,0.9477363403910086,0.9640448311838915,0.914254411212502,0.881585860185325,0.8563252443276165,0.9084292312564273,0.9200153350830078,0.915136273604634,0.9484655155010518,0.9049929099930104,0.9009765236492018,0.8665377947558077,0.9310813306027693,0.9415075182914734,0.9361903268357983,0.965057015983908,0.9235584183531595
712,1,0,0.39043732412269244,0.3277796603279892,0.45701147067374154,0.4857092797756195,0.4328538206496335,0.3487316744452568,0.4070872049991555,0.379587187281597,0.3255509203943986,0.47474053743849054,0.4886148273944855,0.4231614654904265,0.29951589976358023,0.3985284729604963,0.3881270679028699,0.32353750388811414,0.5236941249613363,0.485843688249588,0.4192061524785711,0.2985561302959687,0.40649411129607466
713,2,1,0.2975755962417331,0.2901121637777618,0.17267684593198393,0.18422384560108185,0.1702897836074681,0.2640857793053613,0.2298273357442317,0.28439961016745924,0.30830963543214923,0.21767345481031178,0.20701539516448975,0.17866378605014807,0.2814053492481164,0.24624453847877908,0.2717623231685909,0.3046377574628782,0.18301033809787798,0.21646004915237427,0.1816711396027638,0.2641306593194905,0.23694537780066258
714,3,0,0.12484312383662176,0.11198698707500084,0.11178026106038147,0.13283085823059082,0.15371971068936519,0.10213841473024735,0.12288322593703455,0.1252853024319524,0.11181353950169509,0.1197743787518344,0.1464281529188156,0.15950878703628765,0.10137011600098396,0.12736337944026152,0.12750866562998783,0.11146078832220274,0.12009675912183149,0.15133680403232574,0.15744005372176306,0.10132817272334042,0.12819520725857522
715,4,0,0.11055435090329536,0.12166754561995329,0.0997950411670209,0.10535024851560593,0.0913349929069595,0.08322396764236902,0.10198769112586734,0.10167237837606966,0.12407911782767743,0.10626754284066502,0.11211584508419037,0.10279925995609894,0.08274002198608287,0.10494569434513071,0.09844987089682233,0.12080606975631815,0.10500305321768776,0.10303458571434021,0.08934599599480164,0.08524224428569901,0.10031363664427818
716,1,0,0.17502903812455264,0.1532140976174522,0.11498217732195788,0.15649153292179108,0.1695570640059295,0.15005787068465465,0.15322196344605632,0.1635134106946191,0.1700119977323979,0.16540138448069197,0.1591220647096634,0.16682978490213332,0.1456464098146283,0.16175417538902231,0.16885377127449552,0.1651107433651606,0.12327739844659862,0.16426466405391693,0.17719202195519504,0.15506468970100987,0.15896054813272942
717,2,1,0.9332322232284963,0.887444777884549,0.9201529637808176,0.8978872895240784,0.860796218934675,0.906402635821146,0.900986018195627,0.9389025827872585,0.9224216222434495,0.9666254189673757,0.9664067625999451,0.9721277187751481,0.9643531241799213,0.9551395382588497,0.9496679345851333,0.9230641428290206,0.9553521400719674,0.9578233361244202,0.9701845358212866,0.9534264549669356,0.9515864240664605
718,2,1,0.8255575899017037,0.8422476909189048,0.8757865078054582,0.905095100402832,0.8804919640330255,0.9398046329511749,0.8781639143355164,0.7959626851715828,0.82616958891428,0.8773446933572028,0.857639491558075,0.8248238004674096,0.9178472778353848,0.8499645895506558,0.8085024261754152,0.8210891938326227,0.8938482882486707,0.8581563830375671,0.8387357150632716,0.9242719029414795,0.8574339848831711
719,0,0,0.10201556549180915,0.12721951151859895,0.1103231909430304,0.10851659625768661,0.10866955667736627,0.12717811437385454,0.11398708921039098,0.0978124964718005,0.13413720811699284,0.10946904403398151,0.10795022547245026,0.12051585255134119,0.12918764667265387,0.11651207888653668,0.10554024469060688,0.1368860186927564,0.11562857002168303,0.11670967936515808,0.11179023361830895,0.12908704328799783,0.11927363161275187
720,1,0,0.10508385302138364,0.12144831641288963,0.09463674416069857,0.08903706818819046,0.0876643103205883,0.1097028876720197,0.10126219662929503,0.10692675801441123,0.1242606324780003,0.0941596026589615,0.07627245038747787,0.07479339641210578,0.11316172663130744,0.09826242776371068,0.10626954965614552,0.1232386174049255,0.09266458537223403,0.08314496278762817,0.07933321987343318,0.11604725137834866,0.10011636441211917
721,2,1,0.8912218286500245,0.7831275846740756,0.9426337938968639,0.9493698477745056,0.9684497772243749,0.9086845648900135,0.9072478995183095,0.9245243338920119,0.8779460031166955,0.9589319019897449,0.959887683391571,0.9753942739867452,0.9638413453269082,0.9434209236172795,0.9271126114658534,0.8764955272262476,0.956439499481462,0.9525395631790161,0.9769235099995889,0.9786818217530596,0.9446987555175379
722,1,0,0.09895372987368509,0.1143227328375753,0.09708610316360165,0.08243429660797119,0.0865623659660145,0.10038638180637512,0.09662426837587049,0.08957114670241716,0.1081108371173509,0.10712928637980364,0.10023107379674911,0.10625080155808445,0.09482205703705991,0.10101920043191084,0.08742254237065135,0.11019645606266683,0.10796671631664681,0.09602323174476624,0.0989771235772946,0.09728852813509489,0.09964576636785344
723,4,0,0.11390104462595396,0.12413700961360384,0.11969852104442898,0.12038251757621765,0.12335024666377335,0.11694657891983147,0.11973598640730151,0.11149562794227814,0.12583911119611943,0.11994162388094626,0.1273478865623474,0.13342093450985062,0.1272345918223984,0.12421329598565671,0.11157893046443725,0.12244443823893583,0.11766118787796304,0.13241340219974518,0.12632543407067343,0.11894671844037111,0.12156168521535429
724,0,0,0.13314185771103668,0.13145982238794335,0.1431561514329625,0.13526177406311035,0.1620412672811387,0.1317391474928606,0.13946667006150867,0.13074663073281598,0.12974875486856832,0.12409620382486225,0.12069821357727051,0.14863909577624368,0.1306418473309025,0.13076179101844385,0.12675502807166134,0.13094335101723445,0.11643212789728248,0.12105076760053635,0.13621346226995765,0.1360826302503626,0.12791289451783913
725,0,1,0.4114912593804872,0.36983539365595197,0.5048620081990516,0.481011301279068,0.509789526618777,0.5349625838858817,0.46865867883653617,0.43271448331667994,0.34177033847480365,0.4250180081078608,0.4502740800380707,0.43672863693553793,0.46448959556453834,0.4251658570729152,0.4513524714849265,0.3961358447554302,0.47507870653074546,0.5252231359481812,0.5497790923750195,0.5126922257483385,0.4850435794737735
726,2,0,0.09866097946290818,0.10954507898305714,0.10800573658834096,0.09617636352777481,0.09661560486457595,0.10556264397865876,0.10242773456755262,0.09638057744514483,0.10611259924011739,0.1025233679188358,0.10324826836585999,0.0991350942363202,0.07827701761641662,0.09761282080378247,0.08805323096179389,0.09318694994744382,0.06909137690838345,0.08385162055492401,0.05468162732412706,0.03774372488222959,0.0711014217631503
727,3,1,0.834370705353194,0.7700974907579068,0.8760178728076586,0.8896324634552002,0.8952679840550476,0.8402587771410123,0.8509408822616699,0.8237215054387709,0.784341815379474,0.8415477521050306,0.8405523300170898,0.8357361661314123,0.856476629629107,0.8303960331168141,0.8175092412461307,0.7736799056033983,0.857792915289702,0.8558411002159119,0.841670911367168,0.8534490990758056,0.8333238621330195
728,3,1,0.7103500048913992,0.7044386565027713,0.7087882505046688,0.7140770554542542,0.7084986285676822,0.6816763420236439,0.7046381563240698,0.7174205382283675,0.6959495105742397,0.7078833840069593,0.7148211598396301,0.702722146146488,0.6769764365058809,0.7026288625502609,0.7118860647144972,0.691585348669985,0.6935309941753997,0.6801205277442932,0.6878253851134543,0.6648317998896787,0.6882966867178847
729,3,0,0.0988802569074839,0.11328261915337028,0.0926327303260185,0.09455350786447525,0.07213907025672105,0.14042746784953655,0.1019859420596009,0.1036459362008887,0.12288110002284215,0.09285241553131486,0.09284217655658722,0.07178787454003449,0.14941153346867342,0.1055701727200568,0.10346860039415796,0.12202158663124765,0.09031413035866168,0.09806626290082932,0.07412693855623959,0.14362908373215086,0.10527110042888117
730,0,0,0.5777386177285723,0.5709163234526876,0.5328513682393125,0.532320499420166,0.5248008208187088,0.5276858221859168,0.5443855753075606,0.61284281743853,0.6278848121666533,0.6082654710051633,0.5684016346931458,0.5484332468351079,0.5544047699296043,0.586705458678034,0.5788299376579139,0.6172551274213809,0.552085037349713,0.5492587685585022,0.5206858876214692,0.5301514778263154,0.5580443727392157
731,1,1,0.9566592700328198,0.9505347795572531,0.9387960792558235,0.9513893127441406,0.9445131966693472,0.9587740096619229,0.9501111079868845,0.9740755989098097,0.9727207476534929,0.9544964535056594,0.9520171880722046,0.946649563621633,0.9798322907768013,0.9632986404232667,0.9695011437464199,0.9665400826185558,0.947940778461335,0.962118923664093,0.9655348882693693,0.980550073160698,0.9653643149867451
732,2,0,0.4249304596060151,0.3943431249461475,0.5156140082052774,0.4591929316520691,0.5424756839419446,0.5148752376599762,0.47523857433523825,0.42657594955230194,0.4126112371801303,0.6484268345431209,0.6528499722480774,0.6793684719444868,0.4773611279245337,0.5495322655654418,0.43090942337466537,0.39691161598658736,0.685515193803866,0.7141100764274597,0.6715700356391328,0.47110409476994347,0.5616867400002757
733,0,0,0.12001771254471416,0.1255524498585487,0.12282157633975041,0.11293291300535202,0.10833851905922516,0.1026613371973567,0.11538741800082451,0.12004328545710509,0.12650056087863865,0.12276467737276729,0.11348480731248856,0.10907297042936542,0.12125634616657535,0.11885377460282337,0.11593079087439329,0.12647501525290347,0.12442322455105455,0.11527378857135773,0.11401123332054763,0.0930136079841163,0.11485461009239549
734,1,0,0.11237618271139733,0.13035324589751843,0.12276696034361477,0.12022838741540909,0.11433158182869946,0.1253331907050235,0.12089825815027709,0.11223791453988338,0.12715605294996937,0.11432582169299549,0.11409614980220795,0.11168362118402483,0.13388692148679687,0.11889774694264629,0.11067119812228239,0.12760738539716082,0.11730421912992205,0.12677642703056335,0.11658573695301988,0.13248579625822204,0.12190512714852841
735,0,0,0.11896056492266166,0.13049508036574733,0.11349244301539387,0.1100861057639122,0.10772658063243543,0.1410556533038275,0.12030273800066299,0.11639123024540647,0.1301535648854013,0.11557096573099482,0.12270117551088333,0.11505297317427501,0.14539820907616607,0.12421135310385449,0.11126231104988807,0.12891162003419765,0.11452587271976812,0.12070295214653015,0.11567884570135173,0.14118542163663084,0.12204450388139443
736,3,0,0.10945321861462931,0.1189148501974312,0.10766648922720368,0.12379785627126694,0.15371971068936519,0.11435797497861415,0.1213183499964184,0.10673726507251168,0.11781381279719388,0.10985153220044798,0.12357412278652191,0.15950878703628765,0.10859537724061845,0.12101348285559693,0.10562495152297224,0.11739730891269147,0.10637385111264261,0.12257284671068192,0.15535249225181616,0.10783755399743826,0.11919316741804042
737,1,0,0.368105760562206,0.49805326373794534,0.14512623719809364,0.1567389965057373,0.1223213531234142,0.2306002918220399,0.25349098382490604,0.21418145664871419,0.23529304441529442,0.04805248675097948,0.03280545026063919,0.02870196862176247,0.03940941101448422,0.09974063628531232,0.23027254482562592,0.2836233509484154,0.053368725686369134,0.04925648868083954,0.05758293092394975,0.05035335787260005,0.12074289982296663
738,0,1,0.3993248241786289,0.3592038089436739,0.5704604028665089,0.46043065190315247,0.4772733806369147,0.4346083547195941,0.45021690387474544,0.42735881868396397,0.4263772933613964,0.6213961320934764,0.5231553316116333,0.48840133385820317,0.5235625614535278,0.5017085785103668,0.4174810805024331,0.445440883601518,0.5841272397707536,0.48026636242866516,0.5291937270245214,0.5285007308920218,0.4975016707033188
739,4,0,0.10807194326151368,0.12201098464084938,0.11530949152691258,0.11274462938308716,0.10762706704894773,0.11588100768528574,0.11360752059109937,0.10921078074809619,0.12433903250263867,0.11179675946257829,0.11011215299367905,0.10948071005850166,0.12088614708876375,0.11430426380904292,0.10779285562949438,0.12303140303422844,0.11379881846070931,0.10817784816026688,0.10836804363682666,0.11973404624323838,0.113483835860794
740,1,0,0.11117115028752492,0.12226235103574776,0.11204109972703512,0.10878746211528778,0.10665020681316287,0.11739161809222358,0.11305064801183032,0.10853714922800538,0.12374221187911533,0.10251329035440893,0.10677272081375122,0.10994239717777682,0.1158202672198735,0.11122133944548852,0.10896728926651854,0.1232386174049255,0.10955170256624945,0.1041194349527359,0.10286878364507133,0.11686116006876533,0.11093449798404434
741,4,1,0.3597834031271554,0.3299985441266777,0.41940044140186267,0.3988099992275238,0.47077001526947304,0.3496020987115468,0.3880607503107065,0.3447042433175233,0.32963217989983257,0.4461040342599481,0.4124647378921509,0.4681172377845424,0.41425633556490343,0.4025464614531501,0.34802486364687585,0.3316891461138025,0.42529246970336426,0.4061738848686218,0.45143094034375547,0.4347100963125035,0.39955356683148724
742,3,0,0.37763028478500443,0.32005328936296945,0.3998938661603826,0.43205416202545166,0.49687504804049254,0.3932763329720838,0.40329716389106407,0.34964020298467957,0.3231522367755229,0.42152334942853226,0.3892955780029297,0.5123160019704409,0.4018116100880687,0.39962316320836233,0.38045639721960467,0.36531109796907507,0.4520123606351278,0.5155714750289917,0.5480938387725377,0.44099760773269375,0.45040712955967177
743,3,1,0.858621589927599,0.9427702937181217,0.8255739366856215,0.8268817663192749,0.9091575295434757,0.8882447224202549,0.8752083064357246,0.8885929463766659,0.9637614049538173,0.9036734022548271,0.9224857687950134,0.9528418992347939,0.9544164009120251,0.9309619704211904,0.8805943934495208,0.9624727584351062,0.7960368067895078,0.9142517447471619,0.951195376515166,0.951243565667964,0.9092991076007377
744,2,0,0.1064542387947931,0.10599125310180843,0.11371477203525468,0.09003396332263947,0.09169225320488297,0.10126307642026212,0.10152492614660678,0.10412688410976342,0.11093397339077989,0.10675060890055865,0.10085801780223846,0.09234098094523394,0.11539345593994232,0.10506732018141943,0.10929564904404009,0.11250838671329956,0.11629131650545826,0.10669022798538208,0.09378902242347932,0.11770977026516162,0.10938072882280347
745,2,1,0.11108267898244001,0.10982415519967655,0.13026711001545913,0.13294649124145508,0.13448909374523535,0.10974341068763209,0.12139215664531634,0.11293336278495268,0.10889268717005396,0.12585216700990817,0.1328200399875641,0.11938330237919258,0.10624282924205142,0.11768739809562048,0.11396280792811908,0.1093937196136428,0.14868993713091053,0.12255137413740158,0.12432975587589414,0.11374342444740977,0.12211183652222965
746,4,0,0.5991585469527405,0.6616984723642895,0.5904565529676973,0.45502224564552307,0.41147768575314597,0.6671056042346455,0.564153184653007,0.5822239648957899,0.6175898782860172,0.6541146609497945,0.4516977071762085,0.4273919139850478,0.7297474017894808,0.5771275878470563,0.5575371819882136,0.5947997353578859,0.6472991764159927,0.5018458366394043,0.48006516813624506,0.6593856413544248,0.5734887899820277
747,4,0,0.14933062493544821,0.12590688901906533,0.10907694608144163,0.12751652300357819,0.11954491392068488,0.13905302635616504,0.12840482055273056,0.17402338549746993,0.1391171573454682,0.13470199156811757,0.1273355334997177,0.1558033565022469,0.17800278024762872,0.1514973674434415,0.1508228942268715,0.13316375837102232,0.1281545163556718,0.1336110383272171,0.13546727831603272,0.16232242156456328,0.14059031786022977
748,3,1,0.8097668379397127,0.7544600594930206,0.8535584269994827,0.8767037391662598,0.8705871139656044,0.8278262913371619,0.8321504114835403,0.7770756889761485,0.7496835759836238,0.8299257843288551,0.8332807421684265,0.8336200554364189,0.8066310489494972,0.8050361493071617,0.7851206531889382,0.7517143115437825,0.8252205871917214,0.8430728912353516,0.8329238703654646,0.7972485669310492,0.8058834800760512
749,3,0,0.4693692379941408,0.46014377053795036,0.6438632729463785,0.4718611538410187,0.5250015747149229,0.4768975493963537,0.5078560932384608,0.47271765830807283,0.43634504001100993,0.6950970464050542,0.47436821460723877,0.5395155170039654,0.4814852504170779,0.5165881211254031,0.4727722956346397,0.4088600561724501,0.6633116474184179,0.480069637298584,0.4882544460141931,0.46590435808278857,0.49652874010351217
750,2,0,0.08484175457642557,0.0961535153849484,0.09108239025857383,0.07740473747253418,0.07914806077177101,0.09782144869970048,0.08774198452732558,0.08539668317272621,0.09466486684702113,0.09675896189772572,0.08710791915655136,0.07331166152172046,0.10678808557439794,0.09067136302835713,0.08472144798929851,0.09902802387229136,0.08395031422933472,0.0828629583120346,0.07643614749430869,0.09669256511675772,0.08728190950233759
751,3,1,0.872299255894027,0.7613738423775439,0.9492727161385791,0.9261704087257385,0.9243270288611017,0.92431789998412,0.8929601919968516,0.8721980607344403,0.7604013330225702,0.8917220480622577,0.8608825206756592,0.8892401269353578,0.8849119447631367,0.8598926723655702,0.8797153141669378,0.7631056813526299,0.9001301889969836,0.856060266494751,0.8813808752345355,0.889755678820224,0.8616913341776771
752,3,1,0.7765379622623189,0.7584381098717852,0.6503578987041339,0.5972046256065369,0.6211274339790851,0.8472336657818644,0.708483282700954,0.7866639711530611,0.7605538422823942,0.8742632027951969,0.9048001766204834,0.8761392257152077,0.9471330068293143,0.8582589042326094,0.7853858150540071,0.7707024927644556,0.8683251003060076,0.8493727445602417,0.8838455159823652,0.9432934824097515,0.8501541918461379
753,1,0,0.11053930593516974,0.12185466561923881,0.10088734752009247,0.11597198247909546,0.11458636882678341,0.11199911951524662,0.11263979831593775,0.11176800252057587,0.1242606324780003,0.09883974719055943,0.09868089854717255,0.09917543023172942,0.11818801170793806,0.10848545377932926,0.11146178927780553,0.1232386174049255,0.0961232798475581,0.1054418534040451,0.10339710232807449,0.11724889063628537,0.10948525548311569
754,1,0,0.11002919377959311,0.12269999718329054,0.11204109972703512,0.10878746211528778,0.10480002615052937,0.11735482019833511,0.1126187665256785,0.10720160597001581,0.1230335637128538,0.10251329035440893,0.10677272081375122,0.10994239717777682,0.1158202672198735,0.11088064087478001,0.10845978033550975,0.12277272991640542,0.10955170256624945,0.1041194349527359,0.10286878364507133,0.11686116006876533,0.11077226524745619
755,2,1,0.7189504136209673,0.7457422366049216,0.8393870070510354,0.8908858895301819,0.8877499150793157,0.6407437497379294,0.7872432019373918,0.8630892975849317,0.8587837885515693,0.9595972184218244,0.966464102268219,0.9720086959218156,0.9341263499877756,0.9256782421226892,0.8458673728335785,0.8576757479678929,0.9487216945579541,0.9595385193824768,0.967770249563107,0.9468161036520121,0.9210649479928369
756,1,1,0.7990275052794343,0.6987019672974232,0.9219940055173018,0.9098978638648987,0.8580342366494718,0.8734372439891521,0.8435154704329471,0.8457194989181043,0.7602377621543301,0.9517908782761734,0.9612325429916382,0.9636422718715466,0.9359829474230963,0.9031009836058147,0.822324049323177,0.7009131453404683,0.944147679985372,0.9330638647079468,0.9454493526275707,0.8810762345789833,0.8711623877605862
757,2,0,0.10434441459757325,0.10965045792920508,0.1028695022482229,0.0866905078291893,0.08156519362234618,0.10685810459255,0.09866303013651445,0.10341044221877504,0.10889268717005396,0.09847309044098991,0.08122887462377548,0.08378307126474716,0.10667539880820154,0.09707726075442384,0.10108184540415416,0.1093937196136428,0.09598594590117632,0.0919908732175827,0.08639419272714298,0.10984956795721496,0.09911602413681897
758,4,0,0.1162583897328318,0.12093419927665984,0.11567878804588795,0.11030028760433197,0.10450973883288674,0.12299112754383497,0.11511208850607221,0.11267059292106313,0.13041442008800144,0.11772270669354884,0.11050084233283997,0.10537105214379001,0.13570818052563924,0.11873129911748043,0.11219841961857774,0.12515606366889626,0.11267952168644334,0.11183380335569382,0.10647070331755344,0.12174434126741457,0.11501380881909651
759,2,0,0.10375300409989217,0.10982415519967655,0.10808427431223946,0.11792060732841492,0.12799517237874405,0.10894399343655632,0.1127535344592539,0.10324761158215195,0.10889268717005396,0.1081956188327739,0.11980240046977997,0.11370198622287894,0.10539551673514294,0.1098726368354636,0.10321255006719594,0.1093937196136428,0.1119962099278784,0.110563263297081,0.12009600071582047,0.11275780727442208,0.11133659181600677
760,1,1,0.9305661507917518,0.8954438184184209,0.9411459185627669,0.9603806734085083,0.9610120728488342,0.9636946791279454,0.942040552193038,0.9547947947176364,0.9396782211981707,0.9544964535056594,0.9574981927871704,0.9668763113127448,0.975380723913508,0.9581207829058149,0.9487633776980552,0.9390706018066654,0.947940778461335,0.9652956128120422,0.9678113731233652,0.9725783390473403,0.9569100138248006
761,4,0,0.11863170410002143,0.12629405036302363,0.11567878804588795,0.10889378935098648,0.11168933109077192,0.11472739289335415,0.11598584264067427,0.1124063479925068,0.12732260110950583,0.11378483801002814,0.11050084233283997,0.11073671353483995,0.11814387184639605,0.11548253580435278,0.1080235922489706,0.12542904881378028,0.11267952168644334,0.11183380335569382,0.11230652753454705,0.11645996949738223,0.11445541052280288
762,4,0,0.10236307796886104,0.12129169205382775,0.09786344353988605,0.08322446793317795,0.07010026233093171,0.0868856295584623,0.09362142889752446,0.10620983217186482,0.12387335381338635,0.10544487544477792,0.08340879529714584,0.07111489777933087,0.1014075855551042,0.09857655667693499,0.1062625388689056,0.12256090535892528,0.09837908867066081,0.08252938836812973,0.06843219036980187,0.09715698555138538,0.09588684953130143
763,4,1,0.11656612941713794,0.13649122119412246,0.15717757740262517,0.1265391707420349,0.14294854759598263,0.12523375312917104,0.13415939991351236,0.11531951832806146,0.1359372992113511,0.15517790593090589,0.11741577088832855,0.12234670573811456,0.12446440919906974,0.1284436015493052,0.11564298468371231,0.13243833534389016,0.1627103374126055,0.12088284641504288,0.1333671060492755,0.12480599444902682,0.13164126739225884
764,2,1,0.9021768883978315,0.8830214848481049,0.9432413397741379,0.939786434173584,0.9560660404633955,0.9642599160811336,0.9314253506230311,0.9192287466693301,0.9500880109694767,0.9651132423741428,0.9678860306739807,0.9755737286201139,0.9779249838025665,0.9593024571849351,0.9281519364184804,0.9333133768009333,0.9557216280155743,0.9594446420669556,0.9687953393886638,0.9803386441941486,0.9542942611474593
765,4,0,0.13003051339803862,0.12247114559735962,0.11332454111200511,0.14375318586826324,0.12473219801261388,0.12930189462745617,0.12726891310262278,0.14371196020723334,0.12876672717915702,0.11784867482624078,0.16638806462287903,0.17215294281212434,0.14043144018365483,0.14488330163854823,0.14289942555890256,0.12464264618841289,0.12781970982451685,0.14418737590312958,0.15145062614377933,0.13437144661011338,0.1375618717048091
766,0,1,0.958085536057491,0.9655584953027725,0.9415278189653926,0.9492255449295044,0.9557489634066207,0.9673808065986527,0.9562545275434056,0.963925469151665,0.9784762527591628,0.9479185659788589,0.9670832753181458,0.9687913504075749,0.9867955989463999,0.9688317520936345,0.9657046511239233,0.9762961207797679,0.9547337777770502,0.9626398086547852,0.9737010966654844,0.986312153992125,0.9698979348321892
767,4,0,0.34580872563961257,0.27685032014992783,0.22655506979095508,0.3062991797924042,0.38412064006164137,0.38370643355200973,0.32055672816442504,0.3647954090190906,0.27589667279750607,0.21091209941588648,0.26668429374694824,0.31185913175601826,0.40659772370318387,0.3061242217397722,0.4102646377558314,0.2807289522669545,0.23952646139230016,0.28869855403900146,0.3560116025374444,0.4415246917071789,0.3361258166164518
768,2,0,0.659841318502342,0.6877482851428302,0.6000911610812542,0.5922802090644836,0.6120948579061599,0.6500921281023349,0.633691326633234,0.665511574583279,0.6924828897844281,0.6446004194685563,0.659813404083252,0.6066568378835693,0.6496695515866308,0.6531224462316192,0.661423587000558,0.6967461662349608,0.5929845196128759,0.5915497541427612,0.5887469046540647,0.6650266159446497,0.6327462579316451
769,3,0,0.09155807839642029,0.10755181507633452,0.10435848914609187,0.1146191880106926,0.08457849032930663,0.12784258442255944,0.10508477423023421,0.1222079590188823,0.11089901926248932,0.10351322278218472,0.11196108162403107,0.08074340364594741,0.12825167879121313,0.10959606085412466,0.11511934665215058,0.11064026417424692,0.11346330141505824,0.09299673140048981,0.08142269429699077,0.132358646657812,0.10766683076612471
770,2,0,0.10667280508000526,0.10992127454124033,0.11103644715415938,0.12978360056877136,0.13448909374523535,0.10889741448802454,0.11680010592957268,0.10601912700837884,0.10894843104952663,0.1081956188327739,0.1328200399875641,0.11938330237919258,0.10321139167212674,0.11309631848826045,0.11015457837312935,0.1093937196136428,0.1119962099278784,0.12255137413740158,0.12432975587589414,0.11345186384738357,0.11531291696255497
771,4,0,0.11149878288568014,0.12246987274890758,0.11567878804588795,0.11030028760433197,0.11168933109077192,0.11556557980235765,0.11453377369632287,0.11065246668718628,0.12532929176516774,0.11378483801002814,0.11050084233283997,0.11073671353483995,0.11481357786266591,0.11430295503212133,0.10999872407008542,0.12303140303422844,0.11267952168644334,0.11183380335569382,0.11230652753454705,0.11687329314018505,0.11445387880353051
772,1,0,0.10281823340684743,0.11685504103296848,0.0860461184481172,0.07258011400699615,0.07056756993343974,0.08556531596008192,0.0890720654647418,0.10569964083646442,0.12040284625910028,0.08073318191928108,0.0773887112736702,0.07015685272824843,0.08919120814853128,0.0905954068608826,0.10774811372038073,0.12074702453224323,0.08929591230041344,0.07112736999988556,0.06582304809977246,0.09655851352395153,0.09188333036277449
773,1,0,0.9111856136519905,0.9162768712510269,0.8994131149611024,0.8923153281211853,0.9017438192789938,0.9363205364800747,0.9095425472907288,0.8920142209534538,0.9028517100882493,0.7778133046826364,0.8414497971534729,0.8654292855274696,0.909984115177476,0.8649237389304596,0.9018408598245959,0.9019491389823048,0.8899512064081196,0.8773881196975708,0.8828456930187277,0.9059407878417366,0.893319300962176
774,0,0,0.11486209609950201,0.13045559349900304,0.11815310129719997,0.12751932442188263,0.12996663879476844,0.12884170264105949,0.12496640945890258,0.11762961024246214,0.13182544894655526,0.12746802224371767,0.12704414129257202,0.13135855701473678,0.1262207606993669,0.12692442340656845,0.12297233508163839,0.13027982408945343,0.1321256981901504,0.13332584500312805,0.13151992851716357,0.12407145824362424,0.12904918152085967
775,2,1,0.7450918291847606,0.767806409235236,0.9068575996684005,0.8831021189689636,0.8854434197768157,0.7672884873932442,0.8259316440379034,0.8351365213457146,0.7757189221761862,0.8830950141385082,0.8434897661209106,0.8503459920700328,0.744602541773419,0.8220647929374618,0.8226089560556819,0.7810605946230619,0.8713846354232622,0.8649678826332092,0.8570287564580765,0.7723165835097962,0.8282279014505146
776,1,0,0.12084679234266457,0.12252686410027008,0.10806314993368028,0.10872751474380493,0.11395643527371806,0.1133227448678947,0.11457391687700542,0.11288755998970079,0.12353535582754915,0.11396508897199398,0.10421321541070938,0.10983528271399363,0.10957044230063209,0.11233449086909651,0.11375866330986213,0.12298365443064856,0.10964511523380946,0.1035134494304657,0.11805453521893251,0.1124763682951835,0.11340529765315031
777,3,0,0.16520177622909274,0.1731763342357045,0.1735942376486532,0.20656423270702362,0.21633794388366212,0.15868450361355,0.18225983805294768,0.16239475437799328,0.1900087644464584,0.18245003238545063,0.2044931799173355,0.21515489335881435,0.15973808169657364,0.18570661769710428,0.16076414342504297,0.18231794147289399,0.17229348883266138,0.17789128422737122,0.20130926786223993,0.15622904410990815,0.17513419498835292
778,1,1,0.695617852129271,0.6323291223469308,0.7587944139368037,0.7385479807853699,0.7346978715523815,0.7341512775900111,0.7156897530567947,0.7709916081040306,0.7634226068378522,0.9056173447295081,0.9176551699638367,0.9369562552179093,0.9137224378806241,0.8680609037889602,0.7289290203629807,0.770692791441098,0.9058671107625699,0.9086636900901794,0.9299891373125007,0.8928022710491483,0.8561573368364128
779,1,0,0.10083460704587696,0.11689454519842551,0.14024315718106625,0.1379571557044983,0.13480767313224398,0.1176083453557757,0.12472424726964779,0.10363807364659022,0.11546145863135406,0.13298514464454814,0.1337953805923462,0.11972069175559627,0.11391798119017897,0.11991978841010228,0.1016035290533488,0.11405070081915873,0.14078193444293174,0.13204419612884521,0.11589874701060242,0.11916204438816909,0.12059019197384266
780,0,1,0.9703184658335815,0.9683897999743167,0.9363187819654387,0.9369363188743591,0.9469487510121787,0.9615538402627842,0.9534109929871099,0.9757712734208602,0.9795682728279748,0.9607060998038095,0.9650661945343018,0.9614903597502839,0.9865068970215158,0.9715181828931242,0.9746597213592771,0.9763254911758807,0.9593644167109499,0.9590468406677246,0.951965260253185,0.9858342268897587,0.967865992842796
781,0,1,0.6373940238441564,0.6490544869741277,0.6891081389335755,0.6294081211090088,0.643007523971251,0.6656666480408066,0.6522731571454876,0.6457936667652455,0.6572120289249742,0.7172018552423229,0.6505987644195557,0.6962638315287276,0.6741929397558293,0.6735438477727759,0.6421421927555553,0.6454715827394464,0.703185714692852,0.6486344933509827,0.6771558887894111,0.6871606100404527,0.66729174706145
782,4,1,0.949240883951542,0.9541596585134208,0.8786432258073339,0.92460036277771,0.9479184231280232,0.9627532410039308,0.9362192991969934,0.9299430292614621,0.9279369201419767,0.8262165975493241,0.8786249756813049,0.8866338838949658,0.9519520002736922,0.9002179011337876,0.9501460124887556,0.9366841906884499,0.8794314728254106,0.9064710140228271,0.9245627298322722,0.9731635806111525,0.9284098334114779
783,4,0,0.37943762451674357,0.3403118728918359,0.42432024195211165,0.40673506259918213,0.4740447067120729,0.402026649304393,0.4044793596627231,0.3622005133521283,0.33831378554791514,0.47959614285111085,0.41553226113319397,0.49186922836663777,0.44477170053239007,0.42204727196389596,0.37167864883899604,0.34458805476347415,0.4376342945601327,0.4097854793071747,0.4604028435645641,0.49362571129361843,0.41961917205466
784,2,0,0.13265710872625266,0.10500738390758431,0.09791973035396874,0.11902246624231339,0.10802214920336911,0.13954220298630796,0.11702850690329934,0.11964714224226301,0.10243945784022007,0.07199197565702747,0.07047802209854126,0.07780301754432316,0.06853588668360888,0.08514925034433064,0.12309344816579745,0.09465359450330975,0.07006839569262832,0.05688638240098953,0.06299934633901369,0.030442290279545314,0.07302390956354733
785,2,0,0.09819088967238504,0.10905217668625665,0.10686890160556944,0.10827138274908066,0.09381818578132518,0.10478458160791959,0.10349768635042275,0.09334878632239198,0.10801496766102754,0.1036145466304501,0.09830430895090103,0.09691782599729015,0.1034603147052482,0.1006101250445515,0.09367603948984705,0.10851600010461636,0.10641495751371609,0.10562597960233688,0.10186199026913274,0.0992579041352626,0.10255881185248529
786,0,0,0.10950704634032916,0.12403900664873783,0.12094752248737306,0.10727649182081223,0.11538277271159908,0.11451431052730485,0.1152778584226927,0.11303722361398187,0.12520292436622021,0.12055449720259513,0.11980204284191132,0.11515047612469384,0.11003161471552901,0.11729646314415523,0.11372555097911025,0.12448744554850708,0.12216171769173521,0.12234813719987869,0.1155786534365143,0.10915342129553608,0.11790915435854692
787,4,1,0.6124469172339185,0.5822400591422995,0.4903665734141551,0.5171701908111572,0.47044905774098356,0.5369892208854765,0.5349436698713317,0.5895864380213641,0.5869201525584934,0.47808733037954415,0.48585593700408936,0.48156034615049187,0.5612634090949373,0.5305456022014867,0.5845878333608703,0.5858394332298922,0.4894443556955009,0.46547800302505493,0.45865400970499814,0.5355842151052058,0.519931308353587
788,0,0,0.08777923735136776,0.2916491692891157,0.1295309927374948,0.17347174882888794,0.1551270079081109,0.11258020617208572,0.15835639371451046,0.05466516717923148,0.16598323699149317,0.058549161722763296,0.040996793657541275,0.054825561031420694,0.03669494311235929,0.06861914394913488,0.054356316085438255,0.17752630148705187,0.05841171689813882,0.04812731221318245,0.0597073629809362,0.047303276124626974,0.07423871429822909
789,0,1,0.6628102611052,0.4926258805046868,0.7353732904590091,0.6659864187240601,0.6655820715802477,0.6463289272187847,0.644784474931998,0.6985925583496463,0.5575866374243744,0.5937486234966551,0.6311825513839722,0.6972021425263591,0.6265222098399681,0.6341391205034959,0.6949834384513411,0.55877381483924,0.6727832096968374,0.6388235688209534,0.6602599447749442,0.617943278101557,0.6405945424474788
790,3,0,0.3517129947635202,0.34948365998897163,0.38659163736398694,0.4026194214820862,0.3464439490551375,0.3441618072677563,0.3635022449869098,0.34234618330899313,0.3134790386940787,0.3702238506019844,0.4499526619911194,0.36661234623565814,0.3190938492355936,0.3602846550112379,0.30834239827992693,0.29914731483281737,0.3489156645298788,0.3335855007171631,0.34118199876228633,0.2923407266968482,0.3205856006364868
791,0,0,0.10569288228577395,0.12330103482600123,0.12628751944671354,0.12359362840652466,0.12628636102264607,0.1232630742884905,0.12140408337935832,0.11436571947491006,0.11904296040998048,0.14977621123691282,0.12389776110649109,0.13269676109805234,0.14867590498723718,0.13140921971893066,0.11259963839735865,0.12213731815218111,0.18016627795778908,0.13408078253269196,0.13302460896845666,0.15234744452314086,0.13905934508860307
792,4,0,0.1385258471287959,0.1253481980249606,0.11866285522723252,0.13900919258594513,0.12118671550740669,0.15249132421563916,0.13253735544832998,0.13568021182462245,0.13984202698677423,0.12491727981944971,0.1543789803981781,0.15524720170761058,0.16778495816775393,0.1463084431507315,0.1365777054543748,0.13386730030782032,0.12658220512239698,0.1430620551109314,0.13102091281633588,0.1661027859525339,0.13953549412739888
793,3,0,0.18197327149333692,0.22614089477108357,0.10357980854554012,0.12401111423969269,0.12035909471981346,0.06280638830558985,0.1364784286791761,0.10137628032352833,0.12035769325893772,0.0515517783105993,0.049528032541275024,0.060938320761819834,0.033871891505296174,0.06960399945024273,0.09135731472474008,0.13874999176740405,0.0631390124089812,0.06254955381155014,0.0709075510686876,0.0400186271239306,0.0777870084842156
794,0,0,0.2203670773488279,0.20176586565541524,0.2642243322525049,0.29983940720558167,0.30264958811487386,0.25605158673594114,0.25748297621885746,0.22907909103319918,0.1956567648095762,0.2944146984263747,0.33529210090637207,0.305646263728046,0.3016224580609756,0.27695189616075727,0.22616350131598656,0.1998711362774349,0.26897420041743075,0.3153752088546753,0.30922396827508203,0.2727659852152344,0.265395666725974
795,3,0,0.08928074528929417,0.10921703603321037,0.10552787592477407,0.09316202998161316,0.09616157119315746,0.0988738035943446,0.09870384366939897,0.09243469215748604,0.11027438498600986,0.10584063778567189,0.09550449997186661,0.0994483143379139,0.10089442604436064,0.10073282588055146,0.09249464685766226,0.10989959457668844,0.1073739033458172,0.09806626290082932,0.09918290274287941,0.09962101067785095,0.10110638685028792
796,0,0,0.13093066422415178,0.13281728302766208,0.1281703249120193,0.1433340311050415,0.15078993030049406,0.14607878432496255,0.13868683631572187,0.12599714249381877,0.13367067686757161,0.1279349180192896,0.13215424120426178,0.1456438010686037,0.14345686577828595,0.1348096075719719,0.1227253849016196,0.13303311221973058,0.12102619619401545,0.12884117662906647,0.14498702449852588,0.15048513635469613,0.1335163384662757
797,0,1,0.7858166443533449,0.8561637184583242,0.9119416842293792,0.8003756403923035,0.8885584591340632,0.857897272429218,0.8501255698327721,0.7843112748768157,0.8164282197303475,0.8487916814656292,0.8208811283111572,0.845075021595521,0.8664618066988626,0.8303248554463889,0.7900998669931659,0.8301694175964368,0.8813965854166707,0.8420636653900146,0.8664688012203933,0.882501611101436,0.8487833246196861
798,4,1,0.5830947205164362,0.626686704315448,0.4708939732869842,0.484392911195755,0.5005328571351304,0.5023302379673494,0.5279885674028505,0.6006697913980495,0.635912970438111,0.49473383685614436,0.482026606798172,0.531171057537733,0.5395148114802527,0.5473381790847437,0.5837536652564898,0.6584291359708697,0.4749111242193527,0.47402286529541016,0.5126952959614502,0.5080131186589885,0.5353042008937601
799,1,0,0.12423017358580575,0.12880391711600642,0.15663228177604163,0.13994820415973663,0.15392818671016034,0.1061504415971241,0.13494886749081247,0.12314956183577543,0.13275851164422553,0.16932591034062594,0.14350052177906036,0.13904988803498625,0.1268892837479844,0.1391122795637763,0.12394494200429072,0.1314184514584193,0.1495325773240539,0.13186731934547424,0.14660287622150608,0.13040103620439703,0.13562786709302355
800,0,0,0.6373742383206314,0.6140568042027952,0.5269863738279079,0.5076811909675598,0.501505088890982,0.5763328191889949,0.5606560858998119,0.32560840078615083,0.37766058264169433,0.03024320684499061,0.024374380707740784,0.020736945487672655,0.05950650171073601,0.1396883363631642,0.35739969621522943,0.3699020288071623,0.03806995822066842,0.03212157264351845,0.03353626239619349,0.08096168399279506,0.1519985337125945
801,3,0,0.11372053319581368,0.12617336096665555,0.10254058870572952,0.1160271093249321,0.13625206412487792,0.11900246415945917,0.11895268674624465,0.10340345026246664,0.12396939830720513,0.11009866870906394,0.12303124368190765,0.14502454433434003,0.12842143732278474,0.12232479043629468,0.10270493285326054,0.1249593156346941,0.11092080355685678,0.1273839920759201,0.14326878132836465,0.12646367937644962,0.12261691747092429
802,0,1,0.8720333794611619,0.7951127880681609,0.9164905776878696,0.9317029714584351,0.9362288361316324,0.8725326135089001,0.8873501943860266,0.9055043634846717,0.8857536089601276,0.9538625755051635,0.9697743058204651,0.9655276502620311,0.9631599596535544,0.9405970772810022,0.8973357943541307,0.8761634654661229,0.9432617080183471,0.9673051834106445,0.9668442753651234,0.9564987318236238,0.9345681930729988
803,2,1,0.8466962487565644,0.8299985290196354,0.9409307873801351,0.9359760880470276,0.9485578500523881,0.9520904971299317,0.909041666730947,0.8760168135346323,0.8522580383246827,0.9646024553679409,0.9622421860694885,0.9756899134581282,0.9633359204885154,0.9323575545405646,0.8700842963982767,0.854207248168306,0.9643214374117831,0.9504397511482239,0.9629803550999007,0.9725940351833631,0.9291045205683088
804,0,1,0.694503433452633,0.6074394777212428,0.6426727459723323,0.7019206881523132,0.7285679426724665,0.6851191546411927,0.67670390710203,0.7177831171325924,0.6080850194767319,0.704799624750872,0.6852981448173523,0.7748566603550467,0.6957404330339109,0.697760499927751,0.6994932971288033,0.6079753876807236,0.6342362047019476,0.6922444701194763,0.7512686825702642,0.7062721905823003,0.6819150387972525
805,3,1,0.0954478442461946,0.1099776894285943,0.07640736160170031,0.05736685171723366,0.0642312895684421,0.08804343355417092,0.08191241168605598,0.09107064047468041,0.11047715179702121,0.07536980268262547,0.05735832825303078,0.06623972843788924,0.09192581226181787,0.08207357731784415,0.09201432714797798,0.11010690684224525,0.08317457604490125,0.06971282511949539,0.06465221056555283,0.09134512761141143,0.08516766222193069
806,2,0,0.10306648098065362,0.10982415519967655,0.1028695022482229,0.0866905078291893,0.07977640658302682,0.10737737086327578,0.09826740395067417,0.10169356322822672,0.10889268717005396,0.09847309044098991,0.08710791915655136,0.07331166152172046,0.10624282924205142,0.09595362512659897,0.0993649664136058,0.1093937196136428,0.09598594590117632,0.08605155348777771,0.07828377684175214,0.1106182482045358,0.0966163684104151
807,3,0,0.2527821207548152,0.2753792395311998,0.14718150910275132,0.2139151692390442,0.1271341847042972,0.17641579390496182,0.19880133620617824,0.2362823581558518,0.27635308376697415,0.13853522542821217,0.17368696630001068,0.13212196187628897,0.20095643069757252,0.1929893377041517,0.22535561388211964,0.2714347117651722,0.1412164367085735,0.15917985141277313,0.1264015972937391,0.18064378088359434,0.18403866532432864
808,4,0,0.6000688385484629,0.5822400591422995,0.4903665734141551,0.5171701908111572,0.5000176298595972,0.5316873374808502,0.536925104876087,0.5826311259017326,0.5869201525584934,0.47808733037954415,0.48585593700408936,0.48156034615049187,0.5426236145765596,0.5262797510951518,0.5792964631729483,0.5858394332298922,0.4894443556955009,0.46547800302505493,0.47352848521604307,0.5305631039402718,0.5206916407132852
809,4,0,0.11181206178959376,0.12413700961360384,0.11673788051678788,0.11693713814020157,0.11596876947524283,0.11064678998713343,0.11603994158709388,0.11149562794227814,0.12583911119611943,0.11728540379303042,0.12134144455194473,0.10574368783551916,0.12297176591091467,0.11744617353830109,0.11157893046443725,0.12231023910473669,0.11581866911909437,0.12206842005252838,0.11550586439752379,0.11804412608303382,0.1175543748702257
810,3,1,0.9336511044717207,0.9255586646121476,0.9476965610716672,0.9471321105957031,0.9592730393098726,0.971938596407213,0.9475416794113873,0.9220204347479543,0.8966476571688827,0.9139340730092943,0.8808018565177917,0.8990701489729647,0.9533149412510877,0.9109648519446625,0.9278339613533655,0.9090026823802407,0.9380482350698198,0.9266583323478699,0.9207079695037778,0.9638270458282847,0.9310130377472264
811,3,0,0.08793447838747172,0.10921703603321037,0.10552787592477407,0.09566079080104828,0.09616157119315746,0.0988738035943446,0.09889592598900107,0.09243469215748604,0.11027438498600986,0.10584063778567189,0.09550449997186661,0.0994483143379139,0.10089442604436064,0.10073282588055146,0.09249464685766226,0.10989959457668844,0.1073739033458172,0.09806626290082932,0.09918290274287941,0.09962101067785095,0.10110638685028792
812,0,0,0.12415431708846288,0.13611678765147933,0.11433368463907367,0.1157313883304596,0.126751906256981,0.134223742580999,0.12521863775790923,0.11793246899353302,0.14672512758965348,0.09798122022043017,0.1082506850361824,0.12418919019524273,0.1311480524726769,0.12103779075128646,0.11929246316146852,0.14502597064067482,0.0926228745072372,0.10729818046092987,0.12340188352833743,0.1306785585291734,0.11971998847130355
813,3,0,0.12129180585128033,0.124210612629106,0.10405389642274211,0.11774188280105591,0.13625206412487792,0.11844378618969846,0.12033234133646012,0.11700621152309831,0.12253375743973903,0.1116363904784624,0.12303124368190765,0.14502454433434003,0.13152489254997257,0.12512617333458667,0.11702033782672246,0.123523674767228,0.11379420633107504,0.1273839920759201,0.14522188456260823,0.12563867069188261,0.12543046104257274
814,4,0,0.16373881711832317,0.33035724010814843,0.1273334563548755,0.1213577389717102,0.1497047148834312,0.11230641823896065,0.16746639761257484,0.08305945913382348,0.1673598716756857,0.053850496201772714,0.05481536686420441,0.06884368132601679,0.04299310412972652,0.07848699655520494,0.1285535567891264,0.20571133292717228,0.09625433471699026,0.08970485627651215,0.13662252307485404,0.08641022446920485,0.12387613804230999
815,0,0,0.12433903123947855,0.12575789740343854,0.11444190716467373,0.1467595249414444,0.16383150108689493,0.11869999006465526,0.13230497531676422,0.12417902580587134,0.12737110979635466,0.11557096573099482,0.14034898579120636,0.14960285787592292,0.11212898055013494,0.12820032092508082,0.12272964698299653,0.1261919369796628,0.11666480821762104,0.14075061678886414,0.1450483067851709,0.11637387321938218,0.12795986482894958
816,3,0,0.2275422386909504,0.25521352738041786,0.14048365481376346,0.2139151692390442,0.1271341847042972,0.1616767615174394,0.18766092272431875,0.2047455333706328,0.24473399831700599,0.13853522542821217,0.17368696630001068,0.13212196187628897,0.1689842526936206,0.17713465633096187,0.19856197564895986,0.241672217014099,0.13969421482800773,0.15917985141277313,0.12466469437141571,0.14962026561491512,0.16889886981502844
817,2,0,0.575589126317885,0.5981664994487247,0.5481464140447004,0.5434776544570923,0.5600264438489677,0.5468823510978197,0.5620480815358648,0.5942547346238521,0.5997576295045832,0.5434515411110107,0.5504270792007446,0.5248404835682197,0.5795803482949246,0.5653853027172224,0.5889625015115859,0.6043252680300656,0.5384498344518197,0.5629045963287354,0.5419192308594281,0.5589770708786589,0.5659230836767155
818,2,0,0.16064665115864676,0.13167415641883476,0.17963345588875643,0.16947884857654572,0.17156316389591147,0.19129777644183077,0.16738234206342095,0.19099956311237476,0.14335604724987724,0.1934442070742963,0.19160255789756775,0.21421905007601175,0.20733050093253222,0.19015865439044333,0.18543221595847947,0.14460992129423517,0.1771004006449026,0.21484236419200897,0.21682080150188499,0.2110715528311918,0.19164620940378382
819,0,0,0.11748791618120687,0.12714923872315698,0.10143443532944592,0.09674859791994095,0.07961974235243913,0.08024131415148777,0.10044687410961294,0.1203611878985519,0.12604660233094098,0.0976420874415625,0.10632738471031189,0.09872594111456603,0.10270927600746688,0.10863541325056666,0.11824774557157089,0.12460399517081477,0.11240742579626202,0.1019413024187088,0.1029911425637211,0.09078719949312054,0.10849646850236633
820,2,0,0.127427660932811,0.33737376082231585,0.08626685154630437,0.08800869435071945,0.06034868561413888,0.12097688539468629,0.13673375644349595,0.09604081687537482,0.2131218662806175,0.04530878886405353,0.044316112995147705,0.06124828442239063,0.047924392711106455,0.08466004369144843,0.09623169431925663,0.22430774990361854,0.04530306793341099,0.05006895959377289,0.04684895271881158,0.04184007014646702,0.08410008243588961
821,4,1,0.9681954826590989,0.9454545757164847,0.9242436081469526,0.9115985035896301,0.9231085888746653,0.9618056922671034,0.9390677418756559,0.9747024094833309,0.9761620623735714,0.9329832201953737,0.9487056136131287,0.9443795489180192,0.9747890678374751,0.9586203204034831,0.9576587775570103,0.9412845579395643,0.895698610310531,0.9170308113098145,0.9255897614543223,0.9661695149624248,0.9339053389222778
822,3,1,0.10290747652213292,0.11011032719476463,0.10924623707627897,0.12203400582075119,0.1306268416117386,0.09919310213362759,0.11235299839321562,0.10060891189543275,0.11086865761193129,0.1113862343116663,0.12561193108558655,0.1299708079981392,0.10056588746940698,0.11316873839536051,0.10173809885703876,0.11049386720260986,0.1091439249349012,0.12257284671068192,0.13267956703161085,0.10048141150988499,0.11285161937445459
823,0,0,0.3318407029322832,0.34876821280092507,0.27063398263760957,0.2431367188692093,0.12569218322540193,0.34444428076192546,0.2774193468712257,0.30325560445278366,0.333605218011926,0.16204951673045664,0.12199252098798752,0.1292124685549277,0.349536839168124,0.2332753613177009,0.2980530098877437,0.33753461483845787,0.21679134922265716,0.12587271630764008,0.1507392969628767,0.2883458618023588,0.23622280817028904
824,1,1,0.6949964287072881,0.744182635709373,0.740395311789555,0.6430456042289734,0.6066467420412385,0.8110313278134635,0.7067163417149819,0.7718896899726568,0.8381239355122694,0.9317573521677479,0.9122366309165955,0.8977413829145112,0.943210559940018,0.8824932585706332,0.7581611576084331,0.8359029973930067,0.8980539714472486,0.8381395936012268,0.8371157125340025,0.9353842208093752,0.8504596088988821
825,3,0,0.17253685164467092,0.27872084736287617,0.16047208495974594,0.1392308920621872,0.12696395307481143,0.09289635294902802,0.1618034970088866,0.09664494409954011,0.19511496557697647,0.04903944514763831,0.09943250566720963,0.06965900432971048,0.03321512794214005,0.09051766546053584,0.09207050941117594,0.199824158550585,0.05459696446355714,0.09845596551895142,0.08048104736774893,0.04024573776753531,0.09427906384659229
826,2,0,0.0823939126737931,0.09647441623666127,0.09736928191286293,0.0999700054526329,0.09157823171104629,0.08571561603795406,0.09225024400415842,0.08178501333823178,0.09433692434926733,0.14142173471816002,0.1064213365316391,0.10017620594451959,0.10399295228438757,0.10468902786103423,0.08023870166563708,0.09870008137453755,0.09585780465061759,0.104085773229599,0.1074841721308899,0.09193490341635684,0.09638357274460632
827,1,0,0.4504884885402232,0.28263433582016056,0.5332780917057623,0.3584868609905243,0.32959609358459596,0.5889050886156139,0.42389815987614665,0.429153784625341,0.27785337431261053,0.5527486179616289,0.36241427063941956,0.3088502827584835,0.6401469984334257,0.4285278881218182,0.4624077543918035,0.2594097302080687,0.626737918100043,0.4017803966999054,0.37777937960241437,0.6411199995229855,0.46153919642087
828,3,1,0.830942398290552,0.7470716729960234,0.9636435278806089,0.964252233505249,0.9649776016566532,0.9067751429861935,0.8962770962192134,0.7739471892707842,0.6879872987360912,0.9125691177644862,0.8984085917472839,0.9333278966916291,0.8694186356152852,0.8459431216375933,0.7895732834276732,0.6897905261369984,0.9140084100560756,0.8933727741241455,0.934985277278392,0.867261853784326,0.8481653541346017
829,1,1,0.10138128843466361,0.11689454519842551,0.14024315718106625,0.1379571557044983,0.13480767313224398,0.12355689686937983,0.12580678608671292,0.10516933134806068,0.11546145863135406,0.13298514464454814,0.1337953805923462,0.11972069175559627,0.11391798119017897,0.12017499802701403,0.10313478675481925,0.11405070081915873,0.14078193444293174,0.13204419612884521,0.11589874701060242,0.11916204438816909,0.12084540159075441
830,4,1,0.8831517133382035,0.9447814303128571,0.828573728181356,0.8984193801879883,0.9248371509595708,0.9461591139087142,0.9043204194814483,0.8924035265753071,0.966005453863087,0.8828873581335829,0.9406829476356506,0.9460566390023776,0.9638267000170408,0.9319771042045075,0.906503755709187,0.9685287581677684,0.8384233773151191,0.9278146624565125,0.9387613938714712,0.95450179969247,0.922422291202088
831,0,1,0.6428133437594048,0.6645619559188621,0.6036237052865908,0.6347236633300781,0.6155576715536665,0.6151882319917816,0.629411428640064,0.6865325954397722,0.6848909122378684,0.7365481843065637,0.7236306667327881,0.7151888901367398,0.6772642070754138,0.7040092426548576,0.672651275391631,0.6793137853061026,0.7220953599341682,0.6945298314094543,0.6811812303901839,0.6777707850543674,0.6879237112476512
832,2,1,0.8313946486187873,0.7117817210680794,0.9471027076116154,0.9503132700920105,0.9335676453842587,0.9220321662277121,0.882698693167077,0.8780130795994412,0.7918351269239272,0.9647046791713594,0.9606914520263672,0.9706070728121428,0.9372404503665761,0.9171819768166356,0.873493778430406,0.8019627633333384,0.9576278011334481,0.9605371356010437,0.9651123601803693,0.9643370525176285,0.9205118151993723
833,2,0,0.09645010254610216,0.10877834146367946,0.09736928191286293,0.0999700054526329,0.1138653608972322,0.10178680940106753,0.1030366502789295,0.09129554314164576,0.10706448073718348,0.10182102849815194,0.1064213365316391,0.1121255442412825,0.10693286884126578,0.10427680033186143,0.08855652720485226,0.10690287066561832,0.09585780465061759,0.104085773229599,0.11003098561989304,0.09938811641640022,0.10080367963116339
834,4,0,0.10870616961471216,0.12245546429151133,0.11530949152691258,0.11274462938308716,0.10762706704894773,0.11698573400029653,0.11397142597757791,0.11321514625818101,0.12433903250263867,0.11179675946257829,0.11011215299367905,0.10948071005850166,0.11909682709605604,0.11467343806193911,0.10874548537522753,0.12303140303422844,0.11379881846070931,0.10817784816026688,0.10836804363682666,0.12038134786074439,0.11375049108800053
835,4,0,0.12899605545275483,0.12226627734063382,0.11567878804588795,0.11030028760433197,0.11168933109077192,0.12391093244394459,0.11880694532972083,0.11903896598457447,0.12880174118475923,0.11772270669354884,0.11050084233283997,0.11264673455591757,0.13074367773684187,0.11990911141474699,0.11838522336747358,0.12467766019401512,0.11267952168644334,0.11183380335569382,0.11230652753454705,0.12614259897662816,0.11767088918580015
836,4,1,0.957335681574791,0.9508891295742439,0.9499410063249845,0.9532276391983032,0.947767826212503,0.9729117326777853,0.9553455025937685,0.9387615890891535,0.9080947904413328,0.9208939076921061,0.9215299487113953,0.9209981595860075,0.9650972969416938,0.9292292820769481,0.9547846313416338,0.9244135607848369,0.9371747150969781,0.9462823867797852,0.9475587502901055,0.9807107081083288,0.9484874587336112
837,4,0,0.11353063337376403,0.12226627734063382,0.11567878804588795,0.11030028760433197,0.11168933109077192,0.11656376799533591,0.11500484757512093,0.1104704657735271,0.1269755489249544,0.11611768836444221,0.11050084233283997,0.11073671353483995,0.11525900077693146,0.11501004328458919,0.10981672315642621,0.12467766019401512,0.11267952168644334,0.11183380335569382,0.11230652753454705,0.11713587242347955,0.11474168472510084
838,4,0,0.11408015485174282,0.12225742773028027,0.11695596790103512,0.11617303639650345,0.1261047472128505,0.11588100768528574,0.11857539029628297,0.11321483467092307,0.12433903250263867,0.11378483801002814,0.11242704093456268,0.1246436829984506,0.12088614708876375,0.11821592936756115,0.11303145123028749,0.12303140303422844,0.11836127605630459,0.11183380335569382,0.1240588305723288,0.11973404624323838,0.11834180174868025
839,1,1,0.4486185175988902,0.2789591900861913,0.5772679297740457,0.420682430267334,0.40383076240696403,0.5916646681396271,0.453503916378842,0.4417132388236003,0.27451129207289054,0.5911263418226538,0.422691285610199,0.3555181936370562,0.6424631486508289,0.4546705834362048,0.4736197336982837,0.2594097302080687,0.6455598565944828,0.4417627453804016,0.4263503631745766,0.6474515887098607,0.4823590029609456
840,0,1,0.30666527960433554,0.31235315131467967,0.3350439020681055,0.32882753014564514,0.334445159975159,0.3551305285216828,0.3287442586049346,0.31263412448158556,0.30165202465952407,0.31105134304787835,0.3573383092880249,0.33788925262253966,0.37544130024638933,0.3326677257243237,0.3110758371356043,0.2935582400312444,0.2938264471220444,0.3368237316608429,0.34194904734166476,0.32325262854043474,0.3167476553053059
841,2,0,0.10405250183868574,0.10934780662994792,0.12678636563154855,0.09861306846141815,0.09661560486457595,0.10603682533806899,0.10690869546070754,0.101010506756404,0.10801496766102754,0.12420418680500384,0.10085801780223846,0.09541474543906238,0.09950685182412985,0.10483487938131102,0.10251637359401063,0.10823840671858051,0.14481135305371087,0.10922204703092575,0.09798205148256049,0.11054751871266853,0.1122196250987428
842,1,0,0.11653115142369343,0.128071026233462,0.12276696034361477,0.1229899600148201,0.1196561324579639,0.11822436213755692,0.12137326543518517,0.12089191839093227,0.11669629748130783,0.10818473603701435,0.11051872372627258,0.11652901150124047,0.08228386530868817,0.10918409207424261,0.11792486356427195,0.12914056252617334,0.12260555508412847,0.12681151926517487,0.11778698570548238,0.1390600010537816,0.12555491453316878
843,3,1,0.8812713558634784,0.8455166802607762,0.9329985405905235,0.9327115416526794,0.9223734964497207,0.9347404286909706,0.9082686739180247,0.8764609479587622,0.8233793809039398,0.9005949392557547,0.8796058297157288,0.87048777155908,0.9190738673485155,0.8782671227902967,0.8801898355957176,0.8390553436103406,0.8987292820338029,0.8844295144081116,0.8787583810375597,0.9207999121116732,0.8836603781328675
844,4,0,0.10939694568330022,0.133845651134792,0.08292363783383334,0.07504504173994064,0.061910242729017816,0.07526693298273375,0.08973140868393628,0.11608502088925902,0.13382565065671698,0.08595369824346166,0.07778608053922653,0.06639068060287821,0.11038794196951297,0.09840484548350924,0.11387941870404343,0.1293446685318883,0.08193090801911489,0.07596074789762497,0.06517577828705669,0.11241514410739784,0.09645111092452101
845,4,0,0.12455161100831037,0.1224855540547559,0.11567878804588795,0.11030028760433197,0.11168933109077192,0.1276594378818501,0.11872750161431803,0.11459452154013006,0.12975698644168604,0.11772270669354884,0.11050084233283997,0.11264673455591757,0.12676867782587614,0.11866507823166644,0.11394077892302917,0.12464264618841289,0.11267952168644334,0.11183380335569382,0.11230652753454705,0.12198149993227125,0.11623079627006623
846,0,0,0.11978852714811594,0.12467612044358704,0.10954230250604238,0.11199353635311127,0.10017306024185359,0.09971609716840965,0.11098160731018665,0.12148488381654758,0.12731644360078223,0.0976420874415625,0.1136833131313324,0.12174906028359467,0.10567392062254498,0.11459161814939406,0.12053423218724096,0.12587383644065603,0.11240742579626202,0.11056122183799744,0.11933916028921795,0.10325910110455533,0.11532916294265494
847,4,0,0.11684793341436195,0.0841263944369762,0.17500884823265764,0.1879008412361145,0.11851243527563395,0.052284528775492355,0.12244683022853942,0.12028089978686085,0.06769187001404885,0.17340427654330726,0.15859085321426392,0.08634401771454624,0.029506721391920177,0.10596977311082453,0.12496711725080385,0.0817454619877211,0.1710362036152514,0.17469821870326996,0.10852314095876461,0.03833491224108013,0.11655084245948184
848,2,0,0.09621224266676687,0.10845744061196659,0.08860786381859506,0.06895138323307037,0.07289755013274027,0.09878076769550337,0.08898454135977374,0.09769646386055622,0.10739242323493729,0.09675896189772572,0.0781666487455368,0.06757570992985051,0.1051909323419643,0.09213019000176181,0.09313619920621855,0.10723081316337214,0.08395031422933472,0.07442793995141983,0.07091126898314616,0.10696180690572403,0.08943639040653589
849,0,0,0.34609558231410376,0.3081089648617978,0.34809742444662733,0.32519716024398804,0.35768273633945935,0.31926174543370717,0.33407393560661386,0.34143307518044597,0.33977542384561893,0.42721781223898064,0.45723071694374084,0.42155347853036607,0.36588415987247425,0.3921824444352711,0.30867872385033807,0.3377509791657407,0.42497166043771767,0.5718432068824768,0.5354601661885695,0.4652729774373436,0.44066295232703107
850,4,1,0.9616217754248837,0.9244019260048737,0.9295830502589452,0.9449165463447571,0.9444879786852559,0.9639483378012383,0.9448266024199922,0.939938175640375,0.9144147734223388,0.9184271228793075,0.9215299487113953,0.922254830040406,0.9453524459265956,0.926986216103403,0.9521841929611933,0.9279047206744343,0.9347780448241728,0.9462823867797852,0.9471643399463849,0.966519249487503,0.9458054891122456
851,2,0,0.15827262381521132,0.33934120506155024,0.24720510024225434,0.1493445485830307,0.17940900320608996,0.164856694406245,0.2064048625523969,0.11609166688026958,0.2098916632091636,0.04364182871462795,0.06006104499101639,0.06407463528191301,0.0511216441645561,0.09081374720692444,0.10299447013321492,0.2233085343032097,0.04530306793341099,0.07769911736249924,0.055131407793792046,0.03821157352165306,0.09044136184129666
852,4,0,0.11822500541902611,0.1318033434230962,0.15063016521108302,0.10758256167173386,0.09347251917718892,0.09354626424395547,0.11587664319101393,0.127109122339732,0.1222895984146512,0.19493688484551358,0.1061858981847763,0.09518812319148981,0.08890589238309395,0.12243591989320948,0.12839203284319878,0.11958759300489305,0.18257992513090032,0.10125415772199631,0.09345253513740069,0.08277606301995431,0.11800705114305723
853,1,0,0.7428430043455932,0.6521742596541079,0.7114692743725596,0.6761819124221802,0.7253046096567722,0.7582324541355691,0.7110342524311304,0.4062330386475945,0.3990775454708403,0.07032621098872917,0.05458058416843414,0.07493475182995078,0.12830712118791496,0.18890987538224396,0.4281138263436799,0.4170402848986778,0.07842325181918831,0.09318269044160843,0.08932744928388502,0.10927416708942211,0.2025602783127436
854,3,1,0.9186044731220985,0.9127366291389385,0.9217412195826558,0.9166337847709656,0.9409436766789137,0.9668368449927488,0.9295827713810534,0.9151808140128469,0.880656513777683,0.8700695157690767,0.8456042408943176,0.8813891271555474,0.9569007900470382,0.8916335002760849,0.9129740657692561,0.8915473600451413,0.89495225350047,0.8728731870651245,0.8920446394308809,0.9613451765919179,0.9042894470671317
855,2,0,0.9006262616859538,0.7998894298826319,0.9195566949122941,0.8987863063812256,0.8963527575912175,0.8450614054961754,0.8767121426582497,0.9049988651472041,0.8170136425924076,0.887773781794774,0.8605084419250488,0.8572051636357852,0.8360832477614175,0.8605971904761062,0.891189345882403,0.8183372596106756,0.8963720911834722,0.8784602880477905,0.86472468278505,0.8573695052895512,0.8677421954664905
856,4,1,0.5737486287776349,0.5929699007781608,0.4735685857494287,0.47998151183128357,0.4928174101376197,0.5273189666790407,0.5234008339921947,0.6171499137759603,0.6359367968066372,0.4789870757870332,0.43683794140815735,0.4729828260651199,0.6170661313164755,0.5431601141932305,0.6168633619225364,0.6485878929319122,0.45235106861621466,0.4277302622795105,0.46562489335113694,0.5518504437145728,0.5271679871359806
857,0,1,0.9243545148958132,0.8670484855806277,0.9351334150528583,0.9369363188743591,0.944298438263796,0.9422339962678976,0.9250008614892252,0.9393010401915993,0.9341335265030519,0.9504962412744912,0.9650661945343018,0.9614903597502839,0.9804065729866511,0.9551489892067297,0.9448616573147041,0.9241166436000625,0.9559078963028415,0.9590468406677246,0.9453235214421768,0.9779572644872561,0.9512023039691275
858,2,1,0.33096711241375343,0.39180091220456714,0.2420787168853996,0.2490362823009491,0.26728646117781435,0.20867695134629427,0.281641072721463,0.3488037393710485,0.40161941002969714,0.18727524004078805,0.24412256479263306,0.2822138962854016,0.24386335494928302,0.28464970091147523,0.33608933132196633,0.4034605330980071,0.212284405405917,0.26604536175727844,0.2976230484597475,0.21385566109721715,0.2882263901900223
859,3,1,0.6977780885714793,0.6507178261734765,0.6559999448656506,0.6545243859291077,0.6573675293982887,0.6797594229626279,0.6660245329834384,0.8153005063948228,0.8008043323903574,0.8971644291279439,0.8985689878463745,0.8950219069425563,0.9091604041112299,0.8693367611355475,0.8081417637334354,0.8009106515988562,0.8870359419564436,0.8990855813026428,0.8908097538431123,0.9089863411051153,0.8658283389232676
860,1,0,0.11709688260703034,0.12914572951664233,0.15663228177604163,0.1379571557044983,0.1387068542377905,0.12460596236724023,0.13402414436820723,0.11367299647267724,0.1322400910453405,0.15368560026064484,0.14147350192070007,0.1285923001990314,0.1268892837479844,0.1327589622743964,0.11402434137697677,0.1314184514584193,0.14564867555843886,0.13204419612884521,0.11994587553973257,0.13040103620439703,0.12891376271113494
861,3,0,0.07238467414904531,0.1011208771247231,0.09122362906757679,0.10975952446460724,0.09789413265618248,0.06826036757236609,0.0901072008390835,0.07815820100866988,0.1067859003212763,0.08503409292186807,0.0988711342215538,0.09428518385164614,0.07360038065945015,0.08945581549741072,0.07937909825765505,0.10651447741448045,0.08089389917508678,0.08809457719326019,0.09326357445115821,0.07050240235340029,0.08644133814084015
862,3,0,0.11572640060824914,0.1166981162329147,0.10552787592477407,0.09598536789417267,0.08888318130808967,0.117017220160222,0.10663969368807039,0.11322464050350545,0.1186452505231124,0.10584063778567189,0.09442780166864395,0.09210873411285789,0.13700625245830078,0.11020888617534871,0.11158624229953519,0.1201582883144421,0.1073739033458172,0.09806626290082932,0.09472122347560243,0.13126571234709375,0.11052860544721999
863,0,1,0.9114480494871015,0.9429685897452411,0.9131057488650501,0.8947710394859314,0.891757936795228,0.9521430772629992,0.917699073606925,0.9044824716463612,0.9191136939601438,0.8487916814656292,0.8208811283111572,0.845075021595521,0.9543784312452671,0.8821204047040132,0.9131100232137848,0.931787327927176,0.8813965854166707,0.8420636653900146,0.8664688012203933,0.9570471223233029,0.8986455875818904
864,4,0,0.14482113342843084,0.1856889715275199,0.09048331208997637,0.09388885647058487,0.08496938013151697,0.03308496909785361,0.10548943712431375,0.0719684979751419,0.09690808565213879,0.05717249808406294,0.04981120303273201,0.04637453963377158,0.02525526525865917,0.05791501493941773,0.09625837964090703,0.11652238173514659,0.08178876008244873,0.09044100344181061,0.07986412390357268,0.036178692563094084,0.08350889022782994
865,3,0,0.10994175269482533,0.12370908798472996,0.10552787592477407,0.09598536789417267,0.0915129046864913,0.12405117506521297,0.10845469404170105,0.10704597580762543,0.1242796557801387,0.10584063778567189,0.09442780166864395,0.09629043913864874,0.1282065594564509,0.10934851160619657,0.10584738187298205,0.12526957310762765,0.1073739033458172,0.09806626290082932,0.09613135507481912,0.12801316534370144,0.11011694027429612
866,3,1,0.8215221054841471,0.8326548484923666,0.8418069818294038,0.8284063935279846,0.7571093720929748,0.810466450488546,0.8153276919859038,0.7970483204774164,0.8038544479821917,0.7989409381888588,0.7888631820678711,0.7556225502793749,0.749131006191111,0.7822434075311372,0.8030331898053933,0.8109465764916796,0.7941268911559162,0.7645581960678101,0.7736776656858595,0.7614862721769269,0.7846381318972642
867,2,1,0.7920433278380576,0.7778589135252518,0.8390803072436497,0.8508498072624207,0.8445283394108688,0.8354522575163956,0.8233021587994406,0.8062645138724381,0.7854540994607584,0.8490126371774304,0.8705621361732483,0.848818928438558,0.7930074262943448,0.8255199569027963,0.8085608062781934,0.7906197877380127,0.8399322393038748,0.8253574371337891,0.8450317229928542,0.8114882312423655,0.8201650374481815
868,2,0,0.38350650946472065,0.324253085495146,0.4710360319821055,0.5168572664260864,0.5824833086712703,0.47007120387320506,0.458034567652089,0.3895768304687709,0.3251934391555682,0.4761701793231857,0.5642343759536743,0.6220375885892596,0.43718838683052114,0.4690668000534966,0.39341631654582365,0.3220746319678907,0.47965011984971306,0.5421270132064819,0.6023238666735652,0.44380069449063814,0.4638987737890187
869,1,0,0.11281527808296768,0.12266870024209697,0.12276696034361477,0.12022838741540909,0.12090573609240574,0.11739161809222358,0.1194627800447863,0.11332294405522274,0.12374221187911533,0.11432582169299549,0.11409614980220795,0.11610243532371987,0.11714267229776773,0.11645537250850485,0.11383623952203675,0.1232386174049255,0.11730421912992205,0.12677642703056335,0.12117204893670731,0.1154753298260606,0.11963381364170259
870,2,1,0.6678841361035877,0.591225672391215,0.7648448158243331,0.719316303730011,0.7504448332604898,0.7045449704733177,0.6997101219638255,0.7543243716143776,0.7120253878424625,0.9083486130062896,0.8973758816719055,0.94384215424207,0.8385841336024639,0.8424167569965948,0.7393144158522565,0.7169131077145954,0.8752503900878092,0.8721493482589722,0.913278673589274,0.8829028521264056,0.8333014646048855
871,0,0,0.10938422216568436,0.12416819081572268,0.11585471685069983,0.10493101924657822,0.11277291553572462,0.1153866056466981,0.11374961171018463,0.11311618282310419,0.12537759298350087,0.11533476124755684,0.11474654823541641,0.11515047612469384,0.11212898055013494,0.11597575699406784,0.11380451018823258,0.12454096326404283,0.11667147915089707,0.11465376615524292,0.1155786534365143,0.11497742995465439,0.11670446702493066
872,2,1,0.9445996075962082,0.9318470947190189,0.931701757928477,0.9355851411819458,0.9550542340776368,0.9514671486800192,0.9417091640305508,0.9516534012221926,0.9090757814918917,0.9167046045893469,0.9112030267715454,0.9137085983331827,0.9165259642276707,0.9198118961059717,0.9572106699125534,0.9173857271758775,0.9114411582589822,0.9236451387405396,0.9266417763562352,0.9209787309238943,0.9262172002280136
873,3,0,0.2576183759982064,0.2626176819285935,0.17963901493174395,0.2622778117656708,0.19776543467525862,0.22559388153962978,0.2309187001398505,0.2324585023513375,0.27261624977230425,0.20909655192102178,0.25237372517585754,0.22973574914689607,0.22917787602437129,0.2375764423986314,0.22437559876264038,0.260498457226102,0.20444297318934374,0.2564387321472168,0.212976291170191,0.18579328748282065,0.2240875566630524
874,0,0,0.11606348357826372,0.12365192537194053,0.1281703249120193,0.1286599338054657,0.11979733749417307,0.10131837226020303,0.11961022957034421,0.12298460940395112,0.12530976115165743,0.11082440235807647,0.1171526312828064,0.129231863505261,0.10516064557088566,0.11844398554543967,0.12210540729479372,0.1251710825344956,0.10381584467139346,0.1144123375415802,0.12424127571888828,0.09567632064341135,0.11423704473409375
875,1,1,0.8579395739291442,0.8095460664136586,0.8858287053826251,0.8851000070571899,0.8811421814993159,0.8895882273725461,0.8681907936090798,0.8409543444575153,0.8211979316591983,0.8675489470992875,0.8608973026275635,0.8647477268441958,0.8487406896780086,0.8506811570609614,0.8429042412346444,0.8172714591010608,0.8704258373794792,0.879370391368866,0.8641339984847155,0.8436824162248562,0.8529647239656035
876,0,1,0.6328795689503912,0.6490544869741277,0.6891081389335755,0.6294081211090088,0.643007523971251,0.6660235683368221,0.6515802347125293,0.6461181485316874,0.6560734732910057,0.7172018552423229,0.6505987644195557,0.6962638315287276,0.6671175187427203,0.6722289319593365,0.6410167792967035,0.6454715827394464,0.703185714692852,0.6486344933509827,0.6771558887894111,0.6871606100404527,0.6671041781516414
877,4,0,0.11759831104560213,0.12493035969705685,0.11567878804588795,0.10889378935098648,0.11168933109077192,0.12144948142378945,0.11670667677568247,0.10986593926887532,0.1271134149429497,0.11772270669354884,0.11050084233283997,0.11264673455591757,0.11131810285153189,0.11486129010761054,0.1079283970966281,0.12450936945089178,0.11267952168644334,0.11183380335569382,0.11230652753454705,0.10528069861592533,0.11242305295668822
878,3,0,0.09168683424367033,0.1081896537934141,0.10552787592477407,0.09316202998161316,0.0915129046864913,0.09765843851090648,0.09795628952347823,0.09566130675490607,0.11027438498600986,0.10584063778567189,0.10826355218887329,0.09780882009596369,0.09979724659284271,0.10294099140071125,0.09497211171994498,0.10969635969623835,0.1073739033458172,0.10090617835521698,0.09613135507481912,0.09866276313153666,0.10129044522059555
879,1,0,0.11117115028752492,0.12226235103574776,0.11204109972703512,0.10878746211528778,0.10665020681316287,0.11739161809222358,0.11305064801183032,0.10853714922800538,0.12374221187911533,0.10251329035440893,0.10677272081375122,0.10994239717777682,0.1158202672198735,0.11122133944548852,0.10896728926651854,0.1232386174049255,0.10955170256624945,0.1041194349527359,0.10286878364507133,0.11686116006876533,0.11093449798404434
880,1,1,0.9666960737941785,0.9374578767263874,0.9299992224602847,0.9327705502510071,0.9403848173806398,0.9516783331206804,0.9431644789555297,0.9645963536188202,0.9504000920145135,0.9526906913267779,0.9595964550971985,0.9667463981106766,0.9710291775333092,0.9608431946168825,0.9571545250491976,0.912438535837641,0.9293488189516069,0.9431532621383667,0.9325436445931297,0.9497210474352699,0.9373933056675352
881,2,1,0.8893554668520555,0.8037803206513768,0.9050872724938339,0.9198161959648132,0.9399755911517113,0.8862445340227411,0.8907098968560886,0.9195232378241387,0.8934351135465529,0.9564591274939263,0.954910933971405,0.9635072843864917,0.955492534674457,0.9405547053161619,0.9156034183026879,0.8881210618295027,0.9466619305473474,0.9537420868873596,0.9650545569942313,0.9621337411759308,0.9385527992895099
882,4,0,0.11087612491390907,0.1229460608038696,0.11572620851578765,0.11527060717344284,0.11046127181844184,0.11269019700305054,0.11466174503808357,0.11203922199017816,0.1247398337386898,0.11451672253496041,0.11385481804609299,0.12385558329178534,0.12253485375208313,0.11859017222563163,0.11055872100780534,0.12269510449312439,0.1155802261995505,0.11303722113370895,0.10782467505682902,0.11973404624323838,0.11490499902237608
883,1,0,0.6507693852741419,0.6320311663350403,0.5227978494841027,0.533787190914154,0.526581727575598,0.5464127560752777,0.568730012609719,0.6774312540476543,0.6421165599116758,0.6224289780783853,0.6208924055099487,0.5949922586056331,0.6085152991225072,0.627729459212634,0.6756958289064824,0.6486090376318994,0.5997259532258103,0.5997393131256104,0.5918122711834289,0.6001748388604659,0.6192928738222828
884,0,0,0.12115548446666057,0.13214326961137823,0.11444190716467373,0.12917309999465942,0.13003198100317212,0.14108757010341302,0.12800555205732617,0.11903591796976452,0.13089074255854694,0.11557096573099482,0.13028080761432648,0.1333215691872264,0.14363651546945555,0.12878941975505245,0.1138466578627459,0.13146379176489686,0.11548285618642797,0.12693998217582703,0.13283838203323095,0.14172468521551768,0.1270493925397744
885,0,0,0.11302942766558166,0.12403900664873783,0.13131082670755362,0.11369666457176208,0.10654627485602074,0.10554034303561292,0.1156937572475448,0.1160887949789308,0.12520292436622021,0.13140475900090937,0.11980204284191132,0.10703310187446652,0.10850025264479017,0.1180053126178714,0.11677712234405917,0.12448744554850708,0.12216171769173521,0.12234813719987869,0.10249139426364849,0.10915342129553608,0.11623653972389413
886,0,0,0.3507267142533586,0.47111506101818756,0.13592464062241416,0.09425824880599976,0.1357100755130098,0.28711379038090457,0.2458080884323124,0.21959071799396962,0.275099224357323,0.042447320622336,0.039999641478061676,0.038989533910275515,0.07401960693649498,0.1150243408830768,0.2303466698230295,0.2798244709481635,0.047580026913118266,0.05649881809949875,0.043872525832498704,0.1001034803618613,0.12637099866302834
887,2,0,0.25556867437518677,0.1825744875519992,0.20310217914317844,0.2929598391056061,0.1993995028321104,0.23979149034571803,0.22889936222563315,0.22664625106865127,0.20184332320377504,0.14696362453432657,0.18827354907989502,0.18727648446413037,0.24494294273101577,0.1993243625136323,0.21536621330551872,0.18981033375557688,0.18628483630284287,0.19364945590496063,0.18428888357541803,0.24344973077742751,0.2021415756036241
888,3,1,0.9171631841493684,0.9238783310234605,0.930029918200205,0.9285097122192383,0.8859369332950505,0.953624531869799,0.9231904351261869,0.8868116692627311,0.8939209805431172,0.8728548140785396,0.8429062366485596,0.8005525340593832,0.9368496823337424,0.8723159861543455,0.8818314606691264,0.9047053625642676,0.8804079100709928,0.8454391360282898,0.8014970692021499,0.9461291820809156,0.876668353435957
889,3,0,0.6615597394254966,0.577401946644991,0.5891045128517012,0.5407408475875854,0.6028272798580121,0.581405582440322,0.5921733181346848,0.7220728179197681,0.6058576742539188,0.63971308245356,0.6441270112991333,0.5949549655218074,0.6666971491519353,0.6455704501000205,0.7227815516274722,0.600237563810839,0.66634595855863,0.6433982849121094,0.599614575291738,0.6637806660517988,0.6493597667087645
890,2,1,0.38616085951297935,0.3318015739947052,0.4837496483052199,0.5351276397705078,0.5673049132223724,0.45174172014233244,0.4593143924913528,0.3936719359062024,0.3473849726794221,0.4263506182575004,0.498465895652771,0.5379162611741595,0.4087636728542672,0.4354255594207203,0.3867829190146558,0.3495877858571232,0.4511426813613401,0.4890734851360321,0.5644038734301937,0.41617239754108143,0.44286052372340434
891,0,0,0.12080273684265738,0.12504836415273513,0.12520130021480572,0.12278623133897781,0.127445850688993,0.12743849538713797,0.12478716310421784,0.13361939727154948,0.1279554092990743,0.12746802224371767,0.13690824806690216,0.14841684823173892,0.1240566582791768,0.1330707638986932,0.12865280421253786,0.12785071185045674,0.1365088872579526,0.1422356814146042,0.15114475000305985,0.12320704930532882,0.13493331400732334
