PassengerId,fold,Survived,v5,trans_rf,trans_prob,tabpfn3_ff,tabpfn3_ff_prob,FamilyRate,FamilyAvailable,TicketRate,TicketAvailable,SurvivalRate,SurvivalRateNA,v5_correct,trans_correct,disagree
1,1,0,0,0,0.08421221137461113,0,0.0745652168989181,0.0,1.0,0.38429172510518933,0.0,0.19214586255259467,0.5,1,1,0
2,4,1,1,1,0.9823809764005786,1,0.9831595420837402,0.38288920056100983,0.0,0.38288920056100983,0.0,0.38288920056100983,0.0,1,1,0
3,3,1,0,1,0.514922035968894,1,0.5284247398376465,0.38429172510518933,0.0,0.38429172510518933,0.0,0.38429172510518933,0.0,0,1,1
4,3,1,1,1,0.9046246334666121,1,0.9502230882644652,0.0,1.0,0.0,1.0,0.0,1.0,1,1,0
5,0,0,0,0,0.14523846270966506,0,0.0817315205931663,0.38342696629213485,0.0,0.38342696629213485,0.0,0.38342696629213485,0.0,1,1,0
6,4,0,0,0,0.11321971512574656,0,0.1003476530313491,0.5,1.0,0.38288920056100983,0.0,0.4414446002805049,0.5,1,1,0
7,0,0,0,0,0.36732247462844175,0,0.2074119746685028,0.38342696629213485,0.0,0.38342696629213485,0.0,0.38342696629213485,0.0,1,1,0
8,4,0,0,0,0.22932733050118514,0,0.0328181162476539,0.0,1.0,0.0,1.0,0.0,1.0,1,1,0
9,4,1,1,1,0.5510607247751961,1,0.8814674019813538,0.5,1.0,1.0,1.0,0.75,1.0,1,1,0
10,3,1,1,1,0.8421947843258083,1,0.8899440169334412,0.0,1.0,0.0,1.0,0.0,1.0,1,1,0
11,2,1,1,1,0.6607770558667416,1,0.9733726382255554,1.0,1.0,1.0,1.0,1.0,1.0,1,1,0
12,4,1,1,1,0.8654433777042135,1,0.9506375789642334,0.38288920056100983,0.0,0.38288920056100983,0.0,0.38288920056100983,0.0,1,1,0
13,4,0,0,0,0.12984591380046828,0,0.1236246824264526,0.38288920056100983,0.0,0.38288920056100983,0.0,0.38288920056100983,0.0,1,1,0
14,0,0,0,0,0.15142854412008247,0,0.0105942655354738,0.0,1.0,0.0,1.0,0.0,1.0,1,1,0
15,3,0,1,1,0.6088301363812318,1,0.8044615983963013,0.38429172510518933,0.0,0.38429172510518933,0.0,0.38429172510518933,0.0,0,0,0
16,3,1,1,1,0.8316776458923347,1,0.7718762159347534,0.38429172510518933,0.0,0.38429172510518933,0.0,0.38429172510518933,0.0,1,1,0
17,1,0,0,0,0.1874058231721869,0,0.003677679458633,0.0,1.0,0.0,1.0,0.0,1.0,1,1,0
18,4,1,0,0,0.0945101244383651,0,0.0921257510781288,0.38288920056100983,0.0,0.38288920056100983,0.0,0.38288920056100983,0.0,0,0,0
19,3,0,1,1,0.6000624948265618,1,0.597433865070343,0.0,1.0,0.38429172510518933,0.0,0.19214586255259467,0.5,0,0,0
20,0,1,1,1,0.6404919847405738,1,0.6818462610244751,0.38342696629213485,0.0,0.38342696629213485,0.0,0.38342696629213485,0.0,1,1,0
21,1,0,0,0,0.10490271568549464,0,0.1196646392345428,0.38429172510518933,0.0,0.0,1.0,0.19214586255259467,0.5,1,1,0
22,3,1,0,0,0.3470701129011787,0,0.1411938369274139,0.38429172510518933,0.0,0.38429172510518933,0.0,0.38429172510518933,0.0,0,0,0
23,1,1,1,1,0.6640460111678548,1,0.762088418006897,0.38429172510518933,0.0,0.38429172510518933,0.0,0.38429172510518933,0.0,1,1,0
24,1,1,0,0,0.29963458264915194,0,0.31922048330307,0.38429172510518933,0.0,0.38429172510518933,0.0,0.38429172510518933,0.0,0,0,0
25,0,0,0,0,0.2845990993697782,0,0.0061932718381285,0.0,1.0,0.0,1.0,0.0,1.0,1,1,0
26,4,1,0,0,0.30985620883078235,0,0.4585889279842376,0.5,1.0,0.5,1.0,0.5,1.0,0,0,0
27,0,0,0,0,0.13344220970833393,0,0.0972617790102958,0.38342696629213485,0.0,0.38342696629213485,0.0,0.38342696629213485,0.0,1,1,0
28,2,0,0,0,0.3903937869451242,0,0.3867143094539642,1.0,1.0,1.0,1.0,1.0,1.0,1,1,0
29,0,1,1,1,0.7010168832500889,1,0.727388322353363,0.38342696629213485,0.0,0.38342696629213485,0.0,0.38342696629213485,0.0,1,1,0
30,2,0,0,0,0.08150779534637456,0,0.0609414912760257,0.38429172510518933,0.0,0.38429172510518933,0.0,0.38429172510518933,0.0,1,1,0
31,0,0,1,0,0.3966236153874933,0,0.4294578731060028,0.38342696629213485,0.0,0.38342696629213485,0.0,0.38342696629213485,0.0,0,1,1
32,0,1,1,1,0.9897345279460673,1,0.9946799278259276,0.38342696629213485,0.0,1.0,1.0,0.6917134831460674,0.5,1,1,0
33,4,1,1,1,0.6791090003787154,1,0.7061513066291809,0.38288920056100983,0.0,0.38288920056100983,0.0,0.38288920056100983,0.0,1,1,0
34,3,0,0,0,0.11745313389243392,0,0.0664254128932952,0.38429172510518933,0.0,0.38429172510518933,0.0,0.38429172510518933,0.0,1,1,0
35,0,0,0,0,0.31009999012549605,0,0.4839299917221069,0.5,1.0,1.0,1.0,0.75,1.0,1,1,0
36,1,0,0,0,0.23947764687027884,0,0.2849520444869995,1.0,1.0,1.0,1.0,1.0,1.0,1,1,0
37,2,1,0,0,0.10117752706975286,0,0.0402308367192745,0.38429172510518933,0.0,0.38429172510518933,0.0,0.38429172510518933,0.0,0,0,0
38,4,0,0,0,0.12984591380046828,0,0.117541529238224,0.38288920056100983,0.0,0.38288920056100983,0.0,0.38288920056100983,0.0,1,1,0
39,3,0,1,1,0.5579427833254504,1,0.5676748156547546,0.0,1.0,0.0,1.0,0.0,1.0,0,0,0
40,1,1,1,1,0.6227447158064806,1,0.9462316036224364,1.0,1.0,1.0,1.0,1.0,1.0,1,1,0
41,1,0,0,1,0.511578580433504,1,0.7138296365737915,0.38429172510518933,0.0,0.38429172510518933,0.0,0.38429172510518933,0.0,1,0,1
42,4,0,1,1,0.858135640464557,1,0.84380704164505,0.0,1.0,0.0,1.0,0.0,1.0,0,0,0
43,1,0,0,0,0.16252571007507005,0,0.0954140052199363,0.38429172510518933,0.0,0.38429172510518933,0.0,0.38429172510518933,0.0,1,1,0
44,0,1,1,1,0.8972401740558932,1,0.9715384840965272,1.0,1.0,1.0,1.0,1.0,1.0,1,1,0
45,4,1,1,1,0.6754314245952416,1,0.6771621704101562,0.38288920056100983,0.0,0.38288920056100983,0.0,0.38288920056100983,0.0,1,1,0
46,0,0,0,0,0.10547026549243808,0,0.090764045715332,0.38342696629213485,0.0,0.38342696629213485,0.0,0.38342696629213485,0.0,1,1,0
47,4,0,0,0,0.14082275999853378,0,0.0943661332130432,0.38288920056100983,0.0,0.38288920056100983,0.0,0.38288920056100983,0.0,1,1,0
48,2,1,1,1,0.6999524728925358,1,0.7606281042098999,0.38429172510518933,0.0,0.38429172510518933,0.0,0.38429172510518933,0.0,1,1,0
49,1,0,0,0,0.1936665627105497,0,0.0958928167819976,0.38429172510518933,0.0,0.38429172510518933,0.0,0.38429172510518933,0.0,1,1,0
50,2,0,1,1,0.5452071254834678,1,0.6239295601844788,0.0,1.0,0.0,1.0,0.0,1.0,0,0,0
51,4,0,0,0,0.16058005019604538,0,0.0111249415203928,0.0,1.0,0.0,1.0,0.0,1.0,1,1,0
52,4,0,0,0,0.10191323454936636,0,0.0987811386585235,0.38288920056100983,0.0,0.38288920056100983,0.0,0.38288920056100983,0.0,1,1,0
53,1,1,1,1,0.9652745975118429,1,0.9954808950424194,1.0,1.0,1.0,1.0,1.0,1.0,1,1,0
54,0,1,1,1,0.858719322776265,1,0.9107521772384644,0.38342696629213485,0.0,0.38342696629213485,0.0,0.38342696629213485,0.0,1,1,0
55,2,0,0,0,0.40076010924086614,0,0.262323796749115,0.38429172510518933,0.0,0.38429172510518933,0.0,0.38429172510518933,0.0,1,1,0
56,0,1,0,0,0.30383784343450515,0,0.2945176362991333,0.38342696629213485,0.0,0.38342696629213485,0.0,0.38342696629213485,0.0,0,0,0
57,1,1,1,1,0.8228063049962258,1,0.8495083451271057,0.38429172510518933,0.0,0.38429172510518933,0.0,0.38429172510518933,0.0,1,1,0
58,4,0,0,0,0.14650782389113745,0,0.0871862098574638,0.38288920056100983,0.0,0.38288920056100983,0.0,0.38288920056100983,0.0,1,1,0
59,2,1,1,1,0.9172430385014952,1,0.9824954271316528,0.5,1.0,0.5,1.0,0.5,1.0,1,1,0
60,4,0,0,0,0.23267351798314473,0,0.0149868484586477,0.0,1.0,0.0,1.0,0.0,1.0,1,1,0
61,0,0,0,0,0.1452254406490919,0,0.1075572818517685,0.38342696629213485,0.0,0.38342696629213485,0.0,0.38342696629213485,0.0,1,1,0
62,1,1,1,1,0.960263466897502,1,0.9914470911026,0.38429172510518933,0.0,1.0,1.0,0.6921458625525947,0.5,1,1,0
63,1,0,0,0,0.29707820593779133,0,0.3575720191001892,0.38429172510518933,0.0,1.0,1.0,0.6921458625525947,0.5,1,1,0
64,0,0,0,0,0.2071610150014199,0,0.0061816871166229,0.0,1.0,0.0,1.0,0.0,1.0,1,1,0
65,0,0,0,0,0.29445540906331175,0,0.2713662981986999,0.38342696629213485,0.0,0.38342696629213485,0.0,0.38342696629213485,0.0,1,1,0
66,3,1,1,1,0.5853854613001175,1,0.9637144207954408,1.0,1.0,1.0,1.0,1.0,1.0,1,1,0
67,0,1,1,1,0.8385623779933956,1,0.9397431015968324,0.38342696629213485,0.0,0.38342696629213485,0.0,0.38342696629213485,0.0,1,1,0
68,1,0,0,0,0.11220930650909819,0,0.1005805432796478,0.38429172510518933,0.0,0.38429172510518933,0.0,0.38429172510518933,0.0,1,1,0
69,0,1,0,0,0.48666633772804224,0,0.1119551882147789,0.0,1.0,0.38342696629213485,0.0,0.19171348314606743,0.5,0,0,0
70,3,0,0,0,0.11718475320640116,0,0.0756810754537582,0.38429172510518933,0.0,0.38429172510518933,0.0,0.38429172510518933,0.0,1,1,0
71,4,0,0,0,0.10819790497071223,0,0.0842911601066589,0.38288920056100983,0.0,0.38288920056100983,0.0,0.38288920056100983,0.0,1,1,0
72,1,0,0,0,0.254589229023253,0,0.0038355449214577,0.0,1.0,0.0,1.0,0.0,1.0,1,1,0
73,1,0,0,0,0.16185533328666904,0,0.2548108100891113,0.38429172510518933,0.0,0.0,1.0,0.19214586255259467,0.5,1,1,0
74,3,0,0,0,0.15148250832971044,0,0.0732546299695968,0.38429172510518933,0.0,0.38429172510518933,0.0,0.38429172510518933,0.0,1,1,0
75,2,1,0,0,0.23588067961985068,1,0.6223065853118896,0.38429172510518933,0.0,1.0,1.0,0.6921458625525947,0.5,0,0,0
76,0,0,0,0,0.16859565635926016,0,0.0932634770870208,0.38342696629213485,0.0,0.38342696629213485,0.0,0.38342696629213485,0.0,1,1,0
77,1,0,0,0,0.09412681961135089,0,0.084192007780075,0.38429172510518933,0.0,0.38429172510518933,0.0,0.38429172510518933,0.0,1,1,0
78,3,0,0,0,0.08308458853446192,0,0.0650297850370407,0.38429172510518933,0.0,0.38429172510518933,0.0,0.38429172510518933,0.0,1,1,0
79,1,1,1,1,0.6484937647442317,1,0.972600758075714,1.0,1.0,1.0,1.0,1.0,1.0,1,1,0
80,0,1,1,1,0.5468817856807826,1,0.6449089050292969,0.38342696629213485,0.0,1.0,1.0,0.6917134831460674,0.5,1,1,0
81,4,0,0,0,0.11012979525063671,0,0.0950541123747825,0.38288920056100983,0.0,0.38288920056100983,0.0,0.38288920056100983,0.0,1,1,0
82,4,1,0,0,0.1368431703339253,0,0.0971094965934753,0.38288920056100983,0.0,0.38288920056100983,0.0,0.38288920056100983,0.0,0,0,0
83,4,1,1,1,0.6764134151490063,1,0.706673264503479,0.38288920056100983,0.0,0.38288920056100983,0.0,0.38288920056100983,0.0,1,1,0
84,4,0,0,0,0.24414390424791016,0,0.2410986423492431,0.38288920056100983,0.0,0.38288920056100983,0.0,0.38288920056100983,0.0,1,1,0
85,4,1,1,1,0.7837657814304165,1,0.8845734596252441,0.38288920056100983,0.0,0.38288920056100983,0.0,0.38288920056100983,0.0,1,1,0
86,1,1,0,1,0.5073424498874493,0,0.4567252695560455,0.0,1.0,0.0,1.0,0.0,1.0,0,1,1
87,2,0,0,0,0.13292480871406825,0,0.0137262837961316,0.0,1.0,0.0,1.0,0.0,1.0,1,1,0
88,4,0,0,0,0.11280790210980196,0,0.124747946858406,0.38288920056100983,0.0,0.38288920056100983,0.0,0.38288920056100983,0.0,1,1,0
89,1,1,1,1,0.7572334694375054,1,0.9824297428131104,0.5,1.0,0.5,1.0,0.5,1.0,1,1,0
90,3,0,0,0,0.08308458853446192,0,0.0667752176523208,0.38429172510518933,0.0,0.38429172510518933,0.0,0.38429172510518933,0.0,1,1,0
91,0,0,0,0,0.1443111188857091,0,0.0955575257539749,0.38342696629213485,0.0,0.38342696629213485,0.0,0.38342696629213485,0.0,1,1,0
92,1,0,0,0,0.10127019461854396,0,0.0964792594313621,0.38429172510518933,0.0,0.38429172510518933,0.0,0.38429172510518933,0.0,1,1,0
93,3,0,0,0,0.46906412558161925,0,0.3464851081371307,0.38429172510518933,0.0,0.38429172510518933,0.0,0.38429172510518933,0.0,1,1,0
94,2,0,0,0,0.18390282018007637,0,0.1514569818973541,1.0,1.0,1.0,1.0,1.0,1.0,1,1,0
95,0,0,0,0,0.1119556659378269,0,0.0785526633262634,0.38342696629213485,0.0,0.38342696629213485,0.0,0.38342696629213485,0.0,1,1,0
96,4,0,0,0,0.11280790210980196,0,0.0868712961673736,0.38288920056100983,0.0,0.38288920056100983,0.0,0.38288920056100983,0.0,1,1,0
97,4,0,0,0,0.380179381774381,0,0.3076811730861664,0.38288920056100983,0.0,0.38288920056100983,0.0,0.38288920056100983,0.0,1,1,0
98,1,1,0,0,0.4328725080493026,0,0.348327100276947,0.38429172510518933,0.0,0.38429172510518933,0.0,0.38429172510518933,0.0,0,0,0
99,1,1,1,1,0.8491038045121635,1,0.9740951657295228,1.0,1.0,1.0,1.0,1.0,1.0,1,1,0
100,0,0,0,0,0.16231419725015417,0,0.1785264462232589,1.0,1.0,1.0,1.0,1.0,1.0,1,1,0
101,4,0,0,0,0.48652591446975646,0,0.4875135123729706,0.38288920056100983,0.0,0.38288920056100983,0.0,0.38288920056100983,0.0,1,1,0
102,4,0,0,0,0.09010206420507144,0,0.0507803186774253,0.38288920056100983,0.0,0.38288920056100983,0.0,0.38288920056100983,0.0,1,1,0
103,2,0,0,0,0.4336172561162723,0,0.4184462130069732,0.0,1.0,0.0,1.0,0.0,1.0,1,1,0
104,0,0,0,0,0.14101786188579632,0,0.089157223701477,0.38342696629213485,0.0,0.38342696629213485,0.0,0.38342696629213485,0.0,1,1,0
105,1,0,0,0,0.0898147787855771,0,0.0682039037346839,0.38429172510518933,0.0,0.38429172510518933,0.0,0.38429172510518933,0.0,1,1,0
106,0,0,0,0,0.12472187562471732,0,0.0953045338392257,0.38342696629213485,0.0,0.38342696629213485,0.0,0.38342696629213485,0.0,1,1,0
107,1,1,1,1,0.5466559517522471,1,0.6975650787353516,0.38429172510518933,0.0,0.38429172510518933,0.0,0.38429172510518933,0.0,1,1,0
108,4,1,0,0,0.09010206420507144,0,0.08365298807621,0.38288920056100983,0.0,0.38288920056100983,0.0,0.38288920056100983,0.0,0,0,0
109,0,0,0,0,0.12234543516059361,0,0.0880096107721328,0.38342696629213485,0.0,0.38342696629213485,0.0,0.38342696629213485,0.0,1,1,0
110,2,1,1,1,0.5746097338414367,0,0.4276010394096374,0.0,1.0,0.0,1.0,0.0,1.0,1,1,0
111,1,0,0,0,0.25149745584002586,0,0.3218094706535339,0.38429172510518933,0.0,0.0,1.0,0.19214586255259467,0.5,1,1,0
112,3,0,0,1,0.6111906711843417,0,0.0453288592398166,0.0,1.0,0.0,1.0,0.0,1.0,1,0,1
113,3,0,0,0,0.08132098050788863,0,0.0679957568645477,0.38429172510518933,0.0,0.38429172510518933,0.0,0.38429172510518933,0.0,1,1,0
114,0,0,0,1,0.5349008512691159,0,0.0453039072453975,0.5,1.0,0.38342696629213485,0.0,0.4417134831460674,0.5,1,0,1
115,0,0,1,1,0.5977411300632508,1,0.6920332908630371,0.38342696629213485,0.0,0.0,1.0,0.19171348314606743,0.5,0,0,0
116,4,0,0,0,0.12984591380046828,0,0.1727719604969024,0.38288920056100983,0.0,0.38288920056100983,0.0,0.38288920056100983,0.0,1,1,0
117,2,0,0,0,0.06488219951818903,0,0.0383326448500156,0.38429172510518933,0.0,0.38429172510518933,0.0,0.38429172510518933,0.0,1,1,0
118,1,0,0,0,0.0895447117340544,0,0.02424056828022,0.0,1.0,0.0,1.0,0.0,1.0,1,1,0
119,0,0,0,0,0.45822170330371864,1,0.5233696699142456,1.0,1.0,1.0,1.0,1.0,1.0,1,1,0
120,3,0,0,0,0.29689407206155666,0,0.0197636671364307,0.0,1.0,0.0,1.0,0.0,1.0,1,1,0
121,1,0,0,0,0.14830329147163218,0,0.0628778636455535,0.0,1.0,0.0,1.0,0.0,1.0,1,1,0
122,1,0,0,0,0.10724012286626597,0,0.0779102370142936,0.38429172510518933,0.0,0.38429172510518933,0.0,0.38429172510518933,0.0,1,1,0
123,4,0,0,0,0.14416613286136318,0,0.1465847939252853,1.0,1.0,1.0,1.0,1.0,1.0,1,1,0
124,2,1,1,1,0.8781591042833522,1,0.902600347995758,0.38429172510518933,0.0,0.38429172510518933,0.0,0.38429172510518933,0.0,1,1,0
125,1,0,0,0,0.34127653561630095,0,0.2333577871322631,0.0,1.0,0.0,1.0,0.0,1.0,1,1,0
126,2,1,1,1,0.597576386509044,1,0.9729536771774292,1.0,1.0,1.0,1.0,1.0,1.0,1,1,0
127,0,0,0,0,0.09622279306538951,0,0.0926840752363205,0.38342696629213485,0.0,0.38342696629213485,0.0,0.38342696629213485,0.0,1,1,0
128,1,1,0,0,0.08704303021029934,0,0.0813712179660797,0.38429172510518933,0.0,0.38429172510518933,0.0,0.38429172510518933,0.0,0,0,0
129,0,1,1,1,0.6717781089811687,1,0.9453253149986268,1.0,1.0,1.0,1.0,1.0,1.0,1,1,0
130,2,0,0,0,0.08805930902883469,0,0.0579717755317688,0.38429172510518933,0.0,0.38429172510518933,0.0,0.38429172510518933,0.0,1,1,0
131,2,0,0,0,0.09985155112320623,0,0.0676735043525695,0.38429172510518933,0.0,0.38429172510518933,0.0,0.38429172510518933,0.0,1,1,0
132,0,0,0,0,0.1022339733428582,0,0.0999069809913635,0.38342696629213485,0.0,0.38342696629213485,0.0,0.38342696629213485,0.0,1,1,0
133,4,0,0,1,0.5228895968031753,1,0.5600672960281372,0.38288920056100983,0.0,0.38288920056100983,0.0,0.38288920056100983,0.0,1,0,1
134,4,1,1,1,0.895319015718035,1,0.9316597580909728,0.38288920056100983,0.0,0.38288920056100983,0.0,0.38288920056100983,0.0,1,1,0
135,0,0,0,0,0.10677151721773656,0,0.1194601505994796,0.38342696629213485,0.0,0.38342696629213485,0.0,0.38342696629213485,0.0,1,1,0
136,2,0,0,0,0.09931689328783122,0,0.0997197553515434,0.38429172510518933,0.0,0.38429172510518933,0.0,0.38429172510518933,0.0,1,1,0
137,4,1,1,1,0.9111119670727797,1,0.9788755178451538,0.38288920056100983,0.0,0.38288920056100983,0.0,0.38288920056100983,0.0,1,1,0
138,4,0,0,0,0.3849985285878562,0,0.4026747345924377,1.0,1.0,1.0,1.0,1.0,1.0,1,1,0
139,4,0,0,0,0.16538234696234436,0,0.0962877050042152,0.38288920056100983,0.0,0.38288920056100983,0.0,0.38288920056100983,0.0,1,1,0
140,4,0,0,0,0.4257610629200958,0,0.4597297608852386,0.38288920056100983,0.0,0.0,1.0,0.19144460028050492,0.5,1,1,0
141,4,0,0,1,0.5935421598490404,0,0.0994188487529754,0.0,1.0,0.0,1.0,0.0,1.0,1,0,1
142,0,1,1,1,0.567092565063433,1,0.6004406213760376,0.38342696629213485,0.0,0.38342696629213485,0.0,0.38342696629213485,0.0,1,1,0
143,4,1,1,1,0.5586662416866264,1,0.6864447593688965,0.38288920056100983,0.0,0.38288920056100983,0.0,0.38288920056100983,0.0,1,1,0
144,0,0,0,0,0.11158563846989629,0,0.111172966659069,0.38342696629213485,0.0,0.38342696629213485,0.0,0.38342696629213485,0.0,1,1,0
145,3,0,0,0,0.10055460080654076,0,0.106866180896759,0.38429172510518933,0.0,0.38429172510518933,0.0,0.38429172510518933,0.0,1,1,0
146,2,0,0,0,0.14956784466903575,0,0.1345480680465698,0.38429172510518933,0.0,1.0,1.0,0.6921458625525947,0.5,1,1,0
147,0,1,0,0,0.1224248594857465,0,0.0983001589775085,0.0,1.0,0.38342696629213485,0.0,0.19171348314606743,0.5,0,0,0
148,0,0,0,0,0.28654417239915647,0,0.009757257066667,0.0,1.0,0.0,1.0,0.0,1.0,1,1,0
149,0,0,0,0,0.3091873876721041,0,0.1831084489822387,1.0,1.0,1.0,1.0,1.0,1.0,1,1,0
150,2,0,0,0,0.2677616072672048,0,0.1089797019958496,0.38429172510518933,0.0,0.38429172510518933,0.0,0.38429172510518933,0.0,1,1,0
151,0,0,0,0,0.28260643366798016,0,0.0986241996288299,0.38342696629213485,0.0,0.38342696629213485,0.0,0.38342696629213485,0.0,1,1,0
152,3,1,1,1,0.8915158929732452,1,0.9538567662239076,0.0,1.0,0.0,1.0,0.0,1.0,1,1,0
153,3,0,0,0,0.10470004357465151,0,0.0692934840917587,0.38429172510518933,0.0,0.38429172510518933,0.0,0.38429172510518933,0.0,1,1,0
154,0,0,0,0,0.1092985417222912,0,0.0893443524837493,0.38342696629213485,0.0,0.38342696629213485,0.0,0.38342696629213485,0.0,1,1,0
155,1,0,0,0,0.08943673450093179,0,0.0773580446839332,0.0,1.0,0.38429172510518933,0.0,0.19214586255259467,0.5,1,1,0
156,0,0,0,0,0.2584367322578652,0,0.2421906292438507,0.38342696629213485,0.0,0.38342696629213485,0.0,0.38342696629213485,0.0,1,1,0
157,2,1,1,1,0.6944384148175299,1,0.7379753589630127,0.38429172510518933,0.0,0.38429172510518933,0.0,0.38429172510518933,0.0,1,1,0
158,3,0,0,0,0.1181757828255449,0,0.0899491980671882,0.38429172510518933,0.0,0.38429172510518933,0.0,0.38429172510518933,0.0,1,1,0
159,1,0,0,0,0.10674213043191132,0,0.0926911309361457,0.38429172510518933,0.0,0.38429172510518933,0.0,0.38429172510518933,0.0,1,1,0
160,1,0,0,0,0.2602858390483609,0,0.0045128692872822,0.0,1.0,0.0,1.0,0.0,1.0,1,1,0
161,4,0,0,0,0.09606027128551767,0,0.0820742398500442,0.38288920056100983,0.0,0.38288920056100983,0.0,0.38288920056100983,0.0,1,1,0
162,4,1,1,1,0.8667878116216623,1,0.8272303342819214,0.38288920056100983,0.0,0.38288920056100983,0.0,0.38288920056100983,0.0,1,1,0
163,1,0,0,0,0.10822362428398849,0,0.0926242619752883,0.38429172510518933,0.0,0.38429172510518933,0.0,0.38429172510518933,0.0,1,1,0
164,3,0,0,0,0.08235650888089552,0,0.0812232047319412,0.38429172510518933,0.0,0.38429172510518933,0.0,0.38429172510518933,0.0,1,1,0
165,0,0,0,0,0.20747580103789875,0,0.0096907569095492,0.0,1.0,0.0,1.0,0.0,1.0,1,1,0
166,3,1,1,1,0.687033549938183,1,0.9442147016525269,1.0,1.0,1.0,1.0,1.0,1.0,1,1,0
167,2,1,1,1,0.97249221666645,1,0.9934521913528442,0.38429172510518933,0.0,1.0,1.0,0.6921458625525947,0.5,1,1,0
168,2,0,0,0,0.25924216516991067,0,0.0076458011753857,0.0,1.0,0.0,1.0,0.0,1.0,1,1,0
169,4,0,0,0,0.22753262329070395,0,0.2327104210853576,0.38288920056100983,0.0,0.38288920056100983,0.0,0.38288920056100983,0.0,1,1,0
170,1,0,0,0,0.2397782533297522,1,0.5134947299957275,0.38429172510518933,0.0,1.0,1.0,0.6921458625525947,0.5,1,1,0
171,0,0,0,0,0.27497484522096466,0,0.2389594912528991,0.38342696629213485,0.0,0.38342696629213485,0.0,0.38342696629213485,0.0,1,1,0
172,3,0,0,0,0.1946740236292772,0,0.0099238539114594,0.0,1.0,0.0,1.0,0.0,1.0,1,1,0
173,2,1,1,1,0.5752368682830017,1,0.9859931468963624,0.38429172510518933,0.0,1.0,1.0,0.6921458625525947,0.5,1,1,0
174,0,0,0,0,0.10691227067435874,0,0.1586678326129913,0.38342696629213485,0.0,0.38342696629213485,0.0,0.38342696629213485,0.0,1,1,0
175,0,0,0,0,0.30382516368450263,0,0.2856361865997314,0.38342696629213485,0.0,0.38342696629213485,0.0,0.38342696629213485,0.0,1,1,0
176,4,0,0,0,0.1322434680987419,0,0.0867152214050293,0.38288920056100983,0.0,0.38288920056100983,0.0,0.38288920056100983,0.0,1,1,0
177,0,0,0,0,0.2328366151982406,0,0.0071037211455404,0.0,1.0,0.0,1.0,0.0,1.0,1,1,0
178,0,0,1,1,0.9472404707484507,1,0.9905784726142884,0.38342696629213485,0.0,0.38342696629213485,0.0,0.38342696629213485,0.0,0,0,0
179,4,0,0,0,0.10053505529156512,0,0.0921257510781288,0.38288920056100983,0.0,0.38288920056100983,0.0,0.38288920056100983,0.0,1,1,0
180,3,0,0,0,0.10140028468007849,0,0.1334110349416732,0.38429172510518933,0.0,0.0,1.0,0.19214586255259467,0.5,1,1,0
181,3,0,0,0,0.3361469581580569,0,0.0084862643852829,0.0,1.0,0.0,1.0,0.0,1.0,1,1,0
182,4,0,0,0,0.16307028214541608,0,0.1530151516199112,0.38288920056100983,0.0,0.38288920056100983,0.0,0.38288920056100983,0.0,1,1,0
183,2,0,1,0,0.3261001634666184,1,0.979098916053772,1.0,1.0,1.0,1.0,1.0,1.0,0,1,1
184,4,1,1,1,0.7297301626764902,1,0.965087890625,1.0,1.0,1.0,1.0,1.0,1.0,1,1,0
185,4,1,1,1,0.6504718843487785,1,0.8500959873199463,0.38288920056100983,0.0,0.38288920056100983,0.0,0.38288920056100983,0.0,1,1,0
186,4,0,0,0,0.322515042365905,0,0.3658677935600281,0.38288920056100983,0.0,0.38288920056100983,0.0,0.38288920056100983,0.0,1,1,0
187,1,1,1,1,0.6060325611381605,1,0.7569485306739807,0.38429172510518933,0.0,0.38429172510518933,0.0,0.38429172510518933,0.0,1,1,0
188,4,1,0,0,0.22753262329070395,0,0.2463040351867675,0.38288920056100983,0.0,0.38288920056100983,0.0,0.38288920056100983,0.0,0,0,0
189,3,0,0,0,0.1036376796964465,0,0.0740440264344215,0.38429172510518933,0.0,0.38429172510518933,0.0,0.38429172510518933,0.0,1,1,0
190,4,0,0,0,0.10904203547282963,0,0.0841783434152603,0.38288920056100983,0.0,0.38288920056100983,0.0,0.38288920056100983,0.0,1,1,0
191,3,1,1,1,0.8688221042123065,1,0.9156874418258668,0.38429172510518933,0.0,0.38429172510518933,0.0,0.38429172510518933,0.0,1,1,0
192,3,0,0,0,0.10055460080654076,0,0.1246439218521118,0.38429172510518933,0.0,0.38429172510518933,0.0,0.38429172510518933,0.0,1,1,0
193,1,1,0,1,0.5042990255636727,1,0.6849003434181213,0.38429172510518933,0.0,0.38429172510518933,0.0,0.38429172510518933,0.0,0,1,1
194,1,1,1,1,0.6687805382514198,1,0.9800631403923036,0.5,1.0,0.5,1.0,0.5,1.0,1,1,0
195,2,1,1,1,0.903087386207408,1,0.985442042350769,1.0,1.0,0.38429172510518933,0.0,0.6921458625525947,0.5,1,1,0
196,3,1,1,1,0.9417107511470286,1,0.9911900758743286,0.38429172510518933,0.0,1.0,1.0,0.6921458625525947,0.5,1,1,0
197,1,0,0,0,0.08549140375328382,0,0.0757266581058502,0.38429172510518933,0.0,0.38429172510518933,0.0,0.38429172510518933,0.0,1,1,0
198,3,0,0,0,0.11872942326017391,0,0.0738061442971229,0.38429172510518933,0.0,0.38429172510518933,0.0,0.38429172510518933,0.0,1,1,0
199,2,1,1,1,0.6999524728925358,1,0.7606281042098999,0.38429172510518933,0.0,0.38429172510518933,0.0,0.38429172510518933,0.0,1,1,0
200,3,0,1,1,0.8575711154014362,1,0.861412525177002,0.38429172510518933,0.0,0.38429172510518933,0.0,0.38429172510518933,0.0,0,0,0
201,3,0,0,0,0.1176904133200345,0,0.1030383706092834,0.38429172510518933,0.0,0.38429172510518933,0.0,0.38429172510518933,0.0,1,1,0
202,2,0,0,0,0.1640194513995703,0,0.0059548649005591,0.0,1.0,0.0,1.0,0.0,1.0,1,1,0
203,3,0,0,0,0.08691325572970901,0,0.0637154281139373,0.38429172510518933,0.0,0.38429172510518933,0.0,0.38429172510518933,0.0,1,1,0
204,0,0,0,0,0.13342468778002298,0,0.0818966329097747,0.38342696629213485,0.0,0.38342696629213485,0.0,0.38342696629213485,0.0,1,1,0
205,2,1,0,0,0.09813654216241878,0,0.0998679399490356,0.38429172510518933,0.0,0.38429172510518933,0.0,0.38429172510518933,0.0,0,0,0
206,2,0,0,1,0.5730475049634537,0,0.1872717142105102,0.0,1.0,0.0,1.0,0.0,1.0,1,0,1
207,4,0,0,0,0.10931018769067796,0,0.119300290942192,1.0,1.0,1.0,1.0,1.0,1.0,1,1,0
208,0,1,0,0,0.13658884426006956,0,0.0544294565916061,0.38342696629213485,0.0,0.0,1.0,0.19171348314606743,0.5,0,0,0
209,2,1,1,1,0.6944384148175299,1,0.7392805814743042,0.38429172510518933,0.0,0.38429172510518933,0.0,0.38429172510518933,0.0,1,1,0
210,3,1,0,0,0.37172483966000514,0,0.341744065284729,0.38429172510518933,0.0,0.38429172510518933,0.0,0.38429172510518933,0.0,0,0,0
211,3,0,0,0,0.07230965231553407,0,0.0958612039685249,0.38429172510518933,0.0,0.38429172510518933,0.0,0.38429172510518933,0.0,1,1,0
212,4,1,1,1,0.8568875466351235,1,0.8159300684928894,0.38288920056100983,0.0,0.38288920056100983,0.0,0.38288920056100983,0.0,1,1,0
213,1,0,0,0,0.08981945567980718,0,0.0830186605453491,0.38429172510518933,0.0,0.38429172510518933,0.0,0.38429172510518933,0.0,1,1,0
214,1,0,0,0,0.12419438365680455,0,0.1556837260723114,0.38429172510518933,0.0,0.38429172510518933,0.0,0.38429172510518933,0.0,1,1,0
215,3,0,0,0,0.12154476693475368,0,0.0764787197113037,0.38429172510518933,0.0,0.38429172510518933,0.0,0.38429172510518933,0.0,1,1,0
216,3,1,1,1,0.9680433409118788,1,0.9961913228034972,1.0,1.0,1.0,1.0,1.0,1.0,1,1,0
217,4,1,0,0,0.46602326983916975,0,0.4831083714962005,0.38288920056100983,0.0,0.38288920056100983,0.0,0.38288920056100983,0.0,0,0,0
218,2,0,0,0,0.08745240196298748,0,0.0952900499105453,0.38429172510518933,0.0,0.38429172510518933,0.0,0.38429172510518933,0.0,1,1,0
219,1,1,1,1,0.9669380015863508,1,0.988712728023529,0.38429172510518933,0.0,0.38429172510518933,0.0,0.38429172510518933,0.0,1,1,0
220,2,0,0,0,0.11645562304052773,0,0.0703900903463363,0.0,1.0,0.38429172510518933,0.0,0.19214586255259467,0.5,1,1,0
221,3,1,0,0,0.09897845696273697,0,0.0829370692372322,0.38429172510518933,0.0,0.38429172510518933,0.0,0.38429172510518933,0.0,0,0,0
222,1,0,0,0,0.12517668661619313,0,0.1276940256357193,0.38429172510518933,0.0,0.38429172510518933,0.0,0.38429172510518933,0.0,1,1,0
223,4,0,0,0,0.13270498859707505,0,0.0842297077178955,0.38288920056100983,0.0,0.38288920056100983,0.0,0.38288920056100983,0.0,1,1,0
224,2,0,0,0,0.08150779534637456,0,0.0609414912760257,0.38429172510518933,0.0,0.38429172510518933,0.0,0.38429172510518933,0.0,1,1,0
225,1,1,0,0,0.340540634051472,0,0.3647042512893677,0.5,1.0,1.0,1.0,0.75,1.0,0,0,0
226,4,0,0,0,0.11012979525063671,0,0.1079478040337562,0.38288920056100983,0.0,0.38288920056100983,0.0,0.38288920056100983,0.0,1,1,0
227,2,1,0,0,0.07514173974082339,0,0.109377883374691,0.38429172510518933,0.0,0.38429172510518933,0.0,0.38429172510518933,0.0,0,0,0
228,3,0,0,0,0.07469817531664856,0,0.0749787166714668,0.38429172510518933,0.0,0.38429172510518933,0.0,0.38429172510518933,0.0,1,1,0
229,2,0,0,0,0.08867259210284349,0,0.1088400483131408,0.38429172510518933,0.0,0.38429172510518933,0.0,0.38429172510518933,0.0,1,1,0
230,2,0,0,0,0.24041906443280195,0,0.0095797330141067,0.0,1.0,0.0,1.0,0.0,1.0,1,1,0
231,2,1,1,1,0.9596882747228916,1,0.9825946092605592,0.0,1.0,0.0,1.0,0.0,1.0,1,1,0
232,3,0,0,0,0.10449266895683834,0,0.0807025134563446,0.38429172510518933,0.0,0.38429172510518933,0.0,0.38429172510518933,0.0,1,1,0
233,2,0,0,0,0.10903223277825054,0,0.0885039567947387,0.38429172510518933,0.0,0.38429172510518933,0.0,0.38429172510518933,0.0,1,1,0
234,3,1,1,0,0.34039690039563186,1,0.7601996660232544,1.0,1.0,1.0,1.0,1.0,1.0,1,0,1
235,4,0,0,0,0.09098451405250087,0,0.1001090481877327,0.38288920056100983,0.0,0.38288920056100983,0.0,0.38288920056100983,0.0,1,1,0
236,0,0,1,1,0.567092565063433,1,0.6041015982627869,0.38342696629213485,0.0,0.38342696629213485,0.0,0.38342696629213485,0.0,0,0,0
237,3,0,0,0,0.06650474308136398,0,0.0763679891824722,0.38429172510518933,0.0,0.38429172510518933,0.0,0.38429172510518933,0.0,1,1,0
238,4,1,1,1,0.9013632273045561,1,0.9659586548805236,0.5,1.0,0.5,1.0,0.5,1.0,1,1,0
239,0,0,0,0,0.1098645559233756,0,0.1279284656047821,0.38342696629213485,0.0,0.38342696629213485,0.0,0.38342696629213485,0.0,1,1,0
240,4,0,0,0,0.10053505529156512,0,0.0986173897981643,0.38288920056100983,0.0,0.38288920056100983,0.0,0.38288920056100983,0.0,1,1,0
241,2,0,0,1,0.574901233979312,0,0.0451211109757423,0.0,1.0,0.0,1.0,0.0,1.0,1,0,1
242,2,1,1,1,0.6183777842094396,1,0.6547514200210571,0.38429172510518933,0.0,0.38429172510518933,0.0,0.38429172510518933,0.0,1,1,0
243,3,0,0,0,0.11880076749362806,0,0.0961528196930885,0.38429172510518933,0.0,0.38429172510518933,0.0,0.38429172510518933,0.0,1,1,0
244,4,0,0,0,0.08690527934408582,0,0.1303333640098571,0.38288920056100983,0.0,0.38288920056100983,0.0,0.38288920056100983,0.0,1,1,0
245,2,0,0,0,0.09797624481077354,0,0.0464540794491767,0.38429172510518933,0.0,0.38429172510518933,0.0,0.38429172510518933,0.0,1,1,0
246,4,0,1,1,0.5861559195079742,1,0.5173736214637756,1.0,1.0,1.0,1.0,1.0,1.0,0,0,0
247,1,0,0,1,0.5432218561922082,1,0.6640480756759644,0.38429172510518933,0.0,0.38429172510518933,0.0,0.38429172510518933,0.0,1,0,1
248,1,1,1,1,0.8256741088700538,1,0.8808158040046692,0.38429172510518933,0.0,0.38429172510518933,0.0,0.38429172510518933,0.0,1,1,0
249,1,1,0,0,0.3885245561707887,0,0.3538895547389984,1.0,1.0,1.0,1.0,1.0,1.0,0,0,0
250,0,0,0,0,0.36841020944746933,0,0.0741695612668991,1.0,1.0,0.0,1.0,0.5,1.0,1,1,0
251,2,0,0,0,0.08381789300868775,0,0.0832596272230148,0.38429172510518933,0.0,0.38429172510518933,0.0,0.38429172510518933,0.0,1,1,0
252,0,0,0,1,0.5123774825324481,0,0.0825430080294609,0.0,1.0,0.0,1.0,0.0,1.0,1,0,1
253,3,0,0,0,0.3177571272310438,0,0.2050520926713943,0.38429172510518933,0.0,0.38429172510518933,0.0,0.38429172510518933,0.0,1,1,0
254,4,0,0,0,0.10872484563588192,0,0.0325526595115661,0.0,1.0,0.0,1.0,0.0,1.0,1,1,0
255,4,0,0,1,0.5330574698771227,0,0.3492651879787445,0.0,1.0,0.0,1.0,0.0,1.0,1,0,1
256,4,1,1,1,0.6066781556325548,1,0.6752303838729858,0.38288920056100983,0.0,0.38288920056100983,0.0,0.38288920056100983,0.0,1,1,0
257,3,1,1,1,0.9307975690665592,1,0.9654005169868468,0.38429172510518933,0.0,0.38429172510518933,0.0,0.38429172510518933,0.0,1,1,0
258,1,1,1,1,0.9657087569689694,1,0.992119073867798,0.38429172510518933,0.0,1.0,1.0,0.6921458625525947,0.5,1,1,0
259,4,1,1,1,0.9369919554767449,1,0.9808285236358644,0.38288920056100983,0.0,1.0,1.0,0.6914446002805049,0.5,1,1,0
260,4,1,1,1,0.8668976998733645,1,0.9182533025741576,0.38288920056100983,0.0,1.0,1.0,0.6914446002805049,0.5,1,1,0
261,3,0,0,0,0.09023101561323293,0,0.0745716392993927,0.38429172510518933,0.0,0.38429172510518933,0.0,0.38429172510518933,0.0,1,1,0
262,4,1,0,0,0.22612564101791297,1,0.5039771199226379,0.5,1.0,0.5,1.0,0.5,1.0,0,0,0
263,2,0,0,0,0.32892046235720196,0,0.3086149990558624,1.0,1.0,1.0,1.0,1.0,1.0,1,1,0
264,1,0,0,0,0.24127010643828462,0,0.1050736606121063,0.38429172510518933,0.0,0.38429172510518933,0.0,0.38429172510518933,0.0,1,1,0
265,1,0,1,1,0.6957615151259867,1,0.8101236820220947,0.38429172510518933,0.0,0.38429172510518933,0.0,0.38429172510518933,0.0,0,0,0
266,2,0,0,0,0.10405539018750903,0,0.0865843147039413,0.38429172510518933,0.0,0.38429172510518933,0.0,0.38429172510518933,0.0,1,1,0
267,3,0,0,0,0.12731892925730492,0,0.0127028953284025,0.0,1.0,0.0,1.0,0.0,1.0,1,1,0
268,1,1,0,0,0.08847867497835049,0,0.0625528022646904,0.38429172510518933,0.0,0.38429172510518933,0.0,0.38429172510518933,0.0,0,0,0
269,4,1,1,1,0.9450805910819264,1,0.9646098613739014,0.5,1.0,0.5,1.0,0.5,1.0,1,1,0
270,2,1,1,1,0.9502430286619772,1,0.9886922240257264,0.38429172510518933,0.0,0.5,1.0,0.4421458625525947,0.5,1,1,0
271,1,0,0,0,0.23723284436736455,0,0.1868424415588379,0.38429172510518933,0.0,1.0,1.0,0.6921458625525947,0.5,1,1,0
272,4,1,0,0,0.10910874280208734,0,0.041594248265028,0.38288920056100983,0.0,0.0,1.0,0.19144460028050492,0.5,0,0,0
273,2,1,1,1,0.8782996331211805,1,0.9764695167541504,1.0,1.0,1.0,1.0,1.0,1.0,1,1,0
274,0,0,0,0,0.41843653303132056,0,0.3913882970809936,0.38342696629213485,0.0,0.38342696629213485,0.0,0.38342696629213485,0.0,1,1,0
275,3,1,1,1,0.7283365673959205,1,0.7741340398788452,0.38429172510518933,0.0,0.38429172510518933,0.0,0.38429172510518933,0.0,1,1,0
276,4,1,1,1,0.9679173555905415,1,0.9794124364852904,0.38288920056100983,0.0,1.0,1.0,0.6914446002805049,0.5,1,1,0
277,1,0,0,1,0.5437889248793613,1,0.5944242477416992,0.38429172510518933,0.0,0.38429172510518933,0.0,0.38429172510518933,0.0,1,0,1
278,2,0,0,0,0.09461031686076993,0,0.0307657979428768,0.38429172510518933,0.0,0.0,1.0,0.19214586255259467,0.5,1,1,0
279,1,0,0,0,0.1874058231721869,0,0.0029544653370976,0.0,1.0,0.0,1.0,0.0,1.0,1,1,0
280,2,1,0,0,0.48477950205607384,0,0.3703111708164215,0.0,1.0,0.0,1.0,0.0,1.0,0,0,0
281,3,0,0,0,0.09638268670901753,0,0.0565397068858146,0.38429172510518933,0.0,0.38429172510518933,0.0,0.38429172510518933,0.0,1,1,0
282,1,0,0,0,0.12591990486890106,0,0.0144940270110964,0.38429172510518933,0.0,0.38429172510518933,0.0,0.38429172510518933,0.0,1,1,0
283,0,0,0,0,0.12787449804489284,0,0.1006445288658142,0.38342696629213485,0.0,0.38342696629213485,0.0,0.38342696629213485,0.0,1,1,0
284,0,1,0,0,0.10691227067435874,0,0.1060964316129684,0.38342696629213485,0.0,0.38342696629213485,0.0,0.38342696629213485,0.0,0,0,0
285,2,0,0,0,0.30299125810549354,0,0.2690865397453308,0.38429172510518933,0.0,0.38429172510518933,0.0,0.38429172510518933,0.0,1,1,0
286,0,0,0,0,0.15999381033037063,0,0.0934547781944274,0.38342696629213485,0.0,0.38342696629213485,0.0,0.38342696629213485,0.0,1,1,0
287,0,1,0,0,0.14101786188579632,0,0.0946851894259452,0.38342696629213485,0.0,0.38342696629213485,0.0,0.38342696629213485,0.0,0,0,0
288,0,0,0,0,0.09202011406587672,0,0.0925367474555969,0.38342696629213485,0.0,0.38342696629213485,0.0,0.38342696629213485,0.0,1,1,0
289,1,1,0,0,0.10462202756353621,0,0.1097274869680404,0.38429172510518933,0.0,0.38429172510518933,0.0,0.38429172510518933,0.0,0,0,0
290,1,1,1,1,0.6957615151259867,1,0.696607232093811,0.38429172510518933,0.0,0.38429172510518933,0.0,0.38429172510518933,0.0,1,1,0
291,0,1,1,1,0.9217976675831542,1,0.9797900915145874,0.38342696629213485,0.0,0.0,1.0,0.19171348314606743,0.5,1,1,0
292,4,1,1,1,0.9671857509028536,1,0.9892805814743042,0.38288920056100983,0.0,0.38288920056100983,0.0,0.38288920056100983,0.0,1,1,0
293,2,0,0,0,0.3549194926765086,0,0.2282524108886718,0.38429172510518933,0.0,0.38429172510518933,0.0,0.38429172510518933,0.0,1,1,0
294,0,0,1,1,0.5013648066458019,1,0.5634552240371704,0.38342696629213485,0.0,0.38342696629213485,0.0,0.38342696629213485,0.0,0,0,0
295,2,0,0,0,0.08150779534637456,0,0.0860831812024116,0.38429172510518933,0.0,0.38429172510518933,0.0,0.38429172510518933,0.0,1,1,0
296,4,0,0,0,0.24802312830586454,0,0.2224012613296508,0.38288920056100983,0.0,0.38288920056100983,0.0,0.38288920056100983,0.0,1,1,0
297,2,0,0,0,0.10117752706975286,0,0.089174173772335,0.38429172510518933,0.0,0.38429172510518933,0.0,0.38429172510518933,0.0,1,1,0
298,4,0,1,1,0.8785630876927162,1,0.977589786052704,0.5,1.0,1.0,1.0,0.75,1.0,0,0,0
299,2,1,0,0,0.2932215661077225,0,0.3488931059837341,0.38429172510518933,0.0,0.38429172510518933,0.0,0.38429172510518933,0.0,0,0,0
300,3,1,1,1,0.9208336269746819,1,0.9322917461395264,0.0,1.0,0.0,1.0,0.0,1.0,1,1,0
301,1,1,1,1,0.6957615151259867,1,0.7748271226882935,0.38429172510518933,0.0,0.38429172510518933,0.0,0.38429172510518933,0.0,1,1,0
302,3,1,0,0,0.11035377250061515,0,0.0746375918388366,0.38429172510518933,0.0,0.38429172510518933,0.0,0.38429172510518933,0.0,0,0,0
303,4,0,0,0,0.11446350691545262,0,0.0345038920640945,0.5,1.0,0.0,1.0,0.25,1.0,1,1,0
304,4,1,1,1,0.8709007093512673,1,0.9584698677062988,0.38288920056100983,0.0,0.38288920056100983,0.0,0.38288920056100983,0.0,1,1,0
305,0,0,0,0,0.10547026549243808,0,0.0859640538692474,0.38342696629213485,0.0,0.38342696629213485,0.0,0.38342696629213485,0.0,1,1,0
306,1,1,0,1,0.5542479154276605,0,0.1201419159770011,0.0,1.0,0.0,1.0,0.0,1.0,0,1,1
307,0,1,1,1,0.9519640626916643,1,0.9890438914299012,0.38342696629213485,0.0,0.5,1.0,0.4417134831460674,0.5,1,1,0
308,4,1,1,1,0.9509611722826028,1,0.9773301482200624,0.0,1.0,0.0,1.0,0.0,1.0,1,1,0
309,1,0,0,0,0.14989493352862857,0,0.1110317632555961,0.38429172510518933,0.0,0.38429172510518933,0.0,0.38429172510518933,0.0,1,1,0
310,1,1,1,1,0.9669380015863508,1,0.9862474799156188,0.38429172510518933,0.0,0.38429172510518933,0.0,0.38429172510518933,0.0,1,1,0
311,1,1,1,1,0.9636403751872545,1,0.9852868914604188,1.0,1.0,0.38429172510518933,0.0,0.6921458625525947,0.5,1,1,0
312,4,1,1,1,0.8261893393386942,1,0.963079571723938,1.0,1.0,1.0,1.0,1.0,1.0,1,1,0
313,2,0,1,1,0.9265922362433289,1,0.965835452079773,0.38429172510518933,0.0,0.38429172510518933,0.0,0.38429172510518933,0.0,0,0,0
314,0,0,0,0,0.12472187562471732,0,0.0953045338392257,0.38342696629213485,0.0,0.38342696629213485,0.0,0.38342696629213485,0.0,1,1,0
315,0,0,0,0,0.11704176643844885,0,0.0839073434472084,0.38342696629213485,0.0,0.38342696629213485,0.0,0.38342696629213485,0.0,1,1,0
316,1,1,0,1,0.5425195148894716,1,0.6604142785072327,0.38429172510518933,0.0,0.38429172510518933,0.0,0.38429172510518933,0.0,0,1,1
317,1,1,1,1,0.8157839328217871,1,0.7774490118026733,0.0,1.0,0.0,1.0,0.0,1.0,1,1,0
318,2,0,0,0,0.26098668797265107,0,0.0992755442857742,0.38429172510518933,0.0,0.38429172510518933,0.0,0.38429172510518933,0.0,1,1,0
319,2,1,1,1,0.9399878312827376,1,0.9827951192855836,1.0,1.0,1.0,1.0,1.0,1.0,1,1,0
320,2,1,1,1,0.9080612310756094,1,0.9920827150344848,0.38429172510518933,0.0,1.0,1.0,0.6921458625525947,0.5,1,1,0
321,2,0,0,0,0.08349327318596145,0,0.0623210817575454,0.38429172510518933,0.0,0.38429172510518933,0.0,0.38429172510518933,0.0,1,1,0
322,2,0,0,0,0.10357359071000356,0,0.1100033670663833,0.38429172510518933,0.0,0.38429172510518933,0.0,0.38429172510518933,0.0,1,1,0
323,0,1,1,1,0.8864076697112911,1,0.8999456763267517,0.38342696629213485,0.0,0.38342696629213485,0.0,0.38342696629213485,0.0,1,1,0
324,4,1,1,1,0.8849229210518904,1,0.9701000452041626,1.0,1.0,1.0,1.0,1.0,1.0,1,1,0
325,0,0,0,0,0.22983113981365497,0,0.0100020505487918,0.0,1.0,0.0,1.0,0.0,1.0,1,1,0
326,4,1,1,1,0.9696325772626808,1,0.9839736223220824,0.38288920056100983,0.0,0.5,1.0,0.4414446002805049,0.5,1,1,0
327,1,0,0,0,0.08499721811881827,0,0.0641291141510009,0.38429172510518933,0.0,0.38429172510518933,0.0,0.38429172510518933,0.0,1,1,0
328,3,1,1,1,0.8618519796210203,1,0.9271499514579772,0.38429172510518933,0.0,0.38429172510518933,0.0,0.38429172510518933,0.0,1,1,0
329,4,1,1,1,0.5547562201317987,1,0.8187820315361023,0.5,1.0,0.5,1.0,0.5,1.0,1,1,0
330,2,1,1,1,0.956032910497366,1,0.9919379353523254,1.0,1.0,1.0,1.0,1.0,1.0,1,1,0
331,3,1,1,1,0.7178613395674233,1,0.7181432843208313,0.38429172510518933,0.0,0.38429172510518933,0.0,0.38429172510518933,0.0,1,1,0
332,0,0,0,0,0.3449809992801788,0,0.2953915894031524,0.38342696629213485,0.0,0.38342696629213485,0.0,0.38342696629213485,0.0,1,1,0
333,2,0,0,0,0.4225050804218988,0,0.375211238861084,1.0,1.0,1.0,1.0,1.0,1.0,1,1,0
334,2,0,0,0,0.17970944030421998,0,0.0204427242279052,0.0,1.0,0.0,1.0,0.0,1.0,1,1,0
335,3,1,1,1,0.9120401536408177,1,0.9519325494766236,1.0,1.0,1.0,1.0,1.0,1.0,1,1,0
336,0,0,0,0,0.09408810416664018,0,0.078217327594757,0.38342696629213485,0.0,0.38342696629213485,0.0,0.38342696629213485,0.0,1,1,0
337,0,0,0,0,0.4359456514406346,0,0.4654274582862854,1.0,1.0,1.0,1.0,1.0,1.0,1,1,0
338,1,1,1,1,0.8914613829597744,1,0.9920894503593444,0.38429172510518933,0.0,1.0,1.0,0.6921458625525947,0.5,1,1,0
339,3,1,0,0,0.10795000407643138,0,0.066083438694477,0.38429172510518933,0.0,0.38429172510518933,0.0,0.38429172510518933,0.0,0,0,0
340,3,0,0,0,0.3027785183258208,0,0.3035779297351837,0.38429172510518933,0.0,0.38429172510518933,0.0,0.38429172510518933,0.0,1,1,0
341,4,1,1,1,0.7428164643791524,1,0.9711382985115052,0.5,1.0,0.5,1.0,0.5,1.0,1,1,0
342,0,1,1,1,0.7985958564815351,1,0.9508453607559204,0.0,1.0,0.0,1.0,0.0,1.0,1,1,0
343,3,0,0,0,0.12304240358192861,0,0.1109096333384513,0.38429172510518933,0.0,0.38429172510518933,0.0,0.38429172510518933,0.0,1,1,0
344,0,0,0,0,0.10677151721773656,0,0.1184795796871185,0.38342696629213485,0.0,0.38342696629213485,0.0,0.38342696629213485,0.0,1,1,0
345,2,0,0,0,0.12379556421375947,0,0.1236793026328086,0.38429172510518933,0.0,0.38429172510518933,0.0,0.38429172510518933,0.0,1,1,0
346,0,1,1,1,0.8804775853295931,1,0.9488708972930908,1.0,1.0,0.38342696629213485,0.0,0.6917134831460674,0.5,1,1,0
347,3,1,1,1,0.8353344378794438,1,0.6785569190979004,0.38429172510518933,0.0,0.38429172510518933,0.0,0.38429172510518933,0.0,1,1,0
348,0,1,1,1,0.6301901188325301,1,0.6630575656890869,0.38342696629213485,0.0,0.38342696629213485,0.0,0.38342696629213485,0.0,1,1,0
349,0,1,1,1,0.6383144142679511,1,0.9442151188850404,1.0,1.0,1.0,1.0,1.0,1.0,1,1,0
350,2,0,0,0,0.13116539434306262,0,0.0833237394690513,0.38429172510518933,0.0,0.38429172510518933,0.0,0.38429172510518933,0.0,1,1,0
351,0,0,0,0,0.10299006982037398,0,0.0881599783897399,0.38342696629213485,0.0,0.38342696629213485,0.0,0.38342696629213485,0.0,1,1,0
352,1,0,0,0,0.27677480541651905,0,0.3801777362823486,0.38429172510518933,0.0,0.38429172510518933,0.0,0.38429172510518933,0.0,1,1,0
353,4,0,0,0,0.2350392461547617,0,0.0561272464692592,0.0,1.0,0.38288920056100983,0.0,0.19144460028050492,0.5,1,1,0
354,1,0,0,0,0.08390345628218976,0,0.0101398434489965,0.0,1.0,0.0,1.0,0.0,1.0,1,1,0
355,4,0,0,0,0.12270602836561484,0,0.0876889750361442,0.38288920056100983,0.0,0.38288920056100983,0.0,0.38288920056100983,0.0,1,1,0
356,2,0,0,0,0.13969588190989826,0,0.087236076593399,0.38429172510518933,0.0,0.38429172510518933,0.0,0.38429172510518933,0.0,1,1,0
357,3,1,1,1,0.9278884513829253,1,0.9973567724227904,0.38429172510518933,0.0,1.0,1.0,0.6921458625525947,0.5,1,1,0
358,0,0,1,1,0.8872330122429896,1,0.8565441966056824,0.38342696629213485,0.0,0.38342696629213485,0.0,0.38342696629213485,0.0,0,0,0
359,1,1,1,1,0.6957615151259867,1,0.814656138420105,0.38429172510518933,0.0,0.38429172510518933,0.0,0.38429172510518933,0.0,1,1,0
360,1,1,1,1,0.6957615151259867,1,0.814656138420105,0.38429172510518933,0.0,0.38429172510518933,0.0,0.38429172510518933,0.0,1,1,0
361,2,0,0,0,0.1311914560336669,0,0.012482276186347,0.0,1.0,0.0,1.0,0.0,1.0,1,1,0
362,2,0,0,0,0.12686590851155613,0,0.1086694002151489,0.38429172510518933,0.0,0.38429172510518933,0.0,0.38429172510518933,0.0,1,1,0
363,0,0,0,0,0.4594304733191849,0,0.0493036732077598,0.0,1.0,0.0,1.0,0.0,1.0,1,1,0
364,0,0,0,0,0.11926459705221583,0,0.087130606174469,0.38342696629213485,0.0,0.38342696629213485,0.0,0.38342696629213485,0.0,1,1,0
365,1,0,0,0,0.10843673736666944,0,0.0600805059075355,0.38429172510518933,0.0,0.38429172510518933,0.0,0.38429172510518933,0.0,1,1,0
366,0,0,0,0,0.11960586689348567,0,0.09603763371706,0.38342696629213485,0.0,0.38342696629213485,0.0,0.38342696629213485,0.0,1,1,0
367,3,1,1,1,0.9588839504668311,1,0.9735244512557985,0.38429172510518933,0.0,0.38429172510518933,0.0,0.38429172510518933,0.0,1,1,0
368,1,1,1,1,0.6931935226758525,1,0.7541431784629822,0.38429172510518933,0.0,0.38429172510518933,0.0,0.38429172510518933,0.0,1,1,0
369,4,1,1,1,0.6791090003787154,1,0.7061513066291809,0.38288920056100983,0.0,0.38288920056100983,0.0,0.38288920056100983,0.0,1,1,0
370,0,1,1,1,0.9825120259147566,1,0.9941037893295288,0.38342696629213485,0.0,0.38342696629213485,0.0,0.38342696629213485,0.0,1,1,0
371,3,1,1,1,0.5084516895638015,0,0.4596285223960876,0.38429172510518933,0.0,0.38429172510518933,0.0,0.38429172510518933,0.0,1,1,0
372,0,0,0,0,0.13184123923718424,0,0.0963864848017692,0.38342696629213485,0.0,0.38342696629213485,0.0,0.38342696629213485,0.0,1,1,0
373,0,0,0,0,0.10691227067435874,0,0.0959441512823104,0.38342696629213485,0.0,0.38342696629213485,0.0,0.38342696629213485,0.0,1,1,0
374,1,0,0,0,0.2998703096655167,0,0.2862010598182678,0.38429172510518933,0.0,1.0,1.0,0.6921458625525947,0.5,1,1,0
375,4,0,0,0,0.30475685313066964,0,0.0383733436465263,0.0,1.0,0.0,1.0,0.0,1.0,1,1,0
376,2,1,1,1,0.9376794831151724,1,0.9775345921516418,0.0,1.0,0.0,1.0,0.0,1.0,1,1,0
377,4,1,1,1,0.5276239033806313,1,0.5546050071716309,0.38288920056100983,0.0,0.38288920056100983,0.0,0.38288920056100983,0.0,1,1,0
378,1,0,0,0,0.42139307590574915,0,0.3583347797393799,0.38429172510518933,0.0,0.38429172510518933,0.0,0.38429172510518933,0.0,1,1,0
379,3,0,0,0,0.11558994144109358,0,0.072894737124443,0.38429172510518933,0.0,0.38429172510518933,0.0,0.38429172510518933,0.0,1,1,0
380,1,0,0,0,0.10127019461854396,0,0.1014935076236724,0.38429172510518933,0.0,0.38429172510518933,0.0,0.38429172510518933,0.0,1,1,0
381,1,1,1,1,0.8457144924254595,1,0.9863022565841676,0.38429172510518933,0.0,1.0,1.0,0.6921458625525947,0.5,1,1,0
382,0,1,1,1,0.5781679617754782,1,0.9509922862052916,1.0,1.0,1.0,1.0,1.0,1.0,1,1,0
383,2,0,0,0,0.13563396963369787,0,0.4912706613540649,0.38429172510518933,0.0,0.38429172510518933,0.0,0.38429172510518933,0.0,1,1,0
384,0,1,1,1,0.8479884768639607,1,0.9625473618507384,0.0,1.0,0.0,1.0,0.0,1.0,1,1,0
385,1,0,0,0,0.09412681961135089,0,0.084192007780075,0.38429172510518933,0.0,0.38429172510518933,0.0,0.38429172510518933,0.0,1,1,0
386,1,0,0,0,0.17792258716049406,0,0.266048789024353,0.5,1.0,0.0,1.0,0.25,1.0,1,1,0
387,2,0,0,0,0.28435807602533336,0,0.0167429819703102,0.0,1.0,0.0,1.0,0.0,1.0,1,1,0
388,4,1,1,1,0.8145990621164807,1,0.803206205368042,0.38288920056100983,0.0,0.38288920056100983,0.0,0.38288920056100983,0.0,1,1,0
389,3,0,0,0,0.09023101561323293,0,0.0767467468976974,0.38429172510518933,0.0,0.38429172510518933,0.0,0.38429172510518933,0.0,1,1,0
390,1,1,1,1,0.8464721400986798,1,0.8795825839042664,0.38429172510518933,0.0,0.38429172510518933,0.0,0.38429172510518933,0.0,1,1,0
391,4,1,0,0,0.3679342205504577,0,0.3435844480991363,1.0,1.0,1.0,1.0,1.0,1.0,0,0,0
392,3,1,0,0,0.07680639021199814,0,0.0691575184464454,0.38429172510518933,0.0,0.38429172510518933,0.0,0.38429172510518933,0.0,0,0,0
393,1,0,0,0,0.1103841277141716,0,0.0739542171359062,0.38429172510518933,0.0,0.38429172510518933,0.0,0.38429172510518933,0.0,1,1,0
394,1,1,1,1,0.9598577368141218,1,0.9961272478103638,0.5,1.0,0.5,1.0,0.5,1.0,1,1,0
395,0,1,1,1,0.673729426521821,1,0.9071894884109496,1.0,1.0,1.0,1.0,1.0,1.0,1,1,0
396,1,0,0,0,0.09563857317040252,0,0.0892426520586013,0.38429172510518933,0.0,0.38429172510518933,0.0,0.38429172510518933,0.0,1,1,0
397,3,0,1,1,0.5475686982522802,0,0.3851653635501861,0.38429172510518933,0.0,0.38429172510518933,0.0,0.38429172510518933,0.0,0,0,0
398,3,0,0,0,0.10628094727593218,0,0.0834002122282981,0.38429172510518933,0.0,0.0,1.0,0.19214586255259467,0.5,1,1,0
399,2,0,0,0,0.2515207418128508,0,0.1269913464784622,0.38429172510518933,0.0,0.38429172510518933,0.0,0.38429172510518933,0.0,1,1,0
400,0,1,1,1,0.8638406977042612,1,0.9202864766120912,0.38342696629213485,0.0,0.38342696629213485,0.0,0.38342696629213485,0.0,1,1,0
401,1,1,0,0,0.10897517018864938,0,0.0852444022893905,0.38429172510518933,0.0,0.38429172510518933,0.0,0.38429172510518933,0.0,0,0,0
402,2,0,0,0,0.1171359534324965,0,0.0685366094112396,0.38429172510518933,0.0,0.38429172510518933,0.0,0.38429172510518933,0.0,1,1,0
403,4,0,0,0,0.4765592373325062,0,0.0893556177616119,0.5,1.0,0.38288920056100983,0.0,0.4414446002805049,0.5,1,1,0
404,4,0,0,0,0.10347635942369128,0,0.092169851064682,0.38288920056100983,0.0,0.38288920056100983,0.0,0.38288920056100983,0.0,1,1,0
405,1,0,1,1,0.5351887271837512,0,0.3864977657794952,0.38429172510518933,0.0,0.38429172510518933,0.0,0.38429172510518933,0.0,0,0,0
406,3,0,0,0,0.06398131782424875,0,0.0737531185150146,0.38429172510518933,0.0,0.38429172510518933,0.0,0.38429172510518933,0.0,1,1,0
407,0,0,0,0,0.11237164558978273,0,0.0787984952330589,0.38342696629213485,0.0,0.38342696629213485,0.0,0.38342696629213485,0.0,1,1,0
408,0,1,1,1,0.7091218571080684,1,0.9648633003234864,1.0,1.0,1.0,1.0,1.0,1.0,1,1,0
409,3,0,0,0,0.07680639021199814,0,0.0714008882641792,0.38429172510518933,0.0,0.38429172510518933,0.0,0.38429172510518933,0.0,1,1,0
410,2,0,0,0,0.24041906443280195,0,0.0095797330141067,0.0,1.0,0.0,1.0,0.0,1.0,1,1,0
411,1,0,0,0,0.09412681961135089,0,0.084192007780075,0.38429172510518933,0.0,0.38429172510518933,0.0,0.38429172510518933,0.0,1,1,0
412,1,0,0,0,0.08892748178919581,0,0.0796766281127929,1.0,1.0,0.38429172510518933,0.0,0.6921458625525947,0.5,1,1,0
413,0,1,1,1,0.9045895864836325,1,0.9752343893051147,0.0,1.0,0.0,1.0,0.0,1.0,1,1,0
414,2,0,0,0,0.09461031686076993,0,0.0307657979428768,0.38429172510518933,0.0,0.0,1.0,0.19214586255259467,0.5,1,1,0
415,1,1,0,0,0.110506463129495,0,0.0828794687986373,0.38429172510518933,0.0,0.38429172510518933,0.0,0.38429172510518933,0.0,0,0,0
416,3,0,1,1,0.5954449922179378,1,0.7436568737030029,0.38429172510518933,0.0,0.38429172510518933,0.0,0.38429172510518933,0.0,0,0,0
417,0,1,1,1,0.9160708677452029,1,0.8935642242431641,0.38342696629213485,0.0,0.38342696629213485,0.0,0.38342696629213485,0.0,1,1,0
418,3,1,1,1,0.8437578227674838,1,0.9083276987075806,0.38429172510518933,0.0,0.38429172510518933,0.0,0.38429172510518933,0.0,1,1,0
419,2,0,0,0,0.13143617375230152,0,0.3057759404182434,0.38429172510518933,0.0,0.38429172510518933,0.0,0.38429172510518933,0.0,1,1,0
420,1,0,0,1,0.576665801080103,0,0.0229256954044103,0.0,1.0,0.0,1.0,0.0,1.0,1,0,1
421,1,0,0,0,0.16252571007507005,0,0.0954140052199363,0.38429172510518933,0.0,0.38429172510518933,0.0,0.38429172510518933,0.0,1,1,0
422,4,0,0,0,0.10455313594295686,0,0.1060604602098465,0.38288920056100983,0.0,0.38288920056100983,0.0,0.38288920056100983,0.0,1,1,0
423,3,0,0,0,0.10449266895683834,0,0.0786914378404617,0.38429172510518933,0.0,0.38429172510518933,0.0,0.38429172510518933,0.0,1,1,0
424,4,0,0,1,0.5263781621302415,0,0.4094073176383972,0.0,1.0,0.0,1.0,0.0,1.0,1,0,1
425,3,0,0,0,0.14735070692504423,0,0.0329302251338958,0.0,1.0,0.0,1.0,0.0,1.0,1,1,0
426,0,0,0,0,0.10161726980060153,0,0.0996215194463729,0.38342696629213485,0.0,0.38342696629213485,0.0,0.38342696629213485,0.0,1,1,0
427,0,1,1,1,0.858719322776265,1,0.912607491016388,0.38342696629213485,0.0,0.38342696629213485,0.0,0.38342696629213485,0.0,1,1,0
428,3,1,1,1,0.8823322373220881,1,0.8601932525634766,0.38429172510518933,0.0,0.38429172510518933,0.0,0.38429172510518933,0.0,1,1,0
429,3,0,0,0,0.09023101561323293,0,0.0745716392993927,0.38429172510518933,0.0,0.38429172510518933,0.0,0.38429172510518933,0.0,1,1,0
430,0,1,0,0,0.3058466539340303,0,0.1166663020849227,0.38342696629213485,0.0,0.38342696629213485,0.0,0.38342696629213485,0.0,0,0,0
431,1,1,0,0,0.3184966572933404,0,0.3323688209056854,0.38429172510518933,0.0,0.38429172510518933,0.0,0.38429172510518933,0.0,0,0,0
432,4,1,0,1,0.5222232374279828,0,0.3782698512077331,0.0,1.0,0.0,1.0,0.0,1.0,0,1,1
433,4,1,1,1,0.8709126667725706,1,0.8852028846740723,0.38288920056100983,0.0,0.38288920056100983,0.0,0.38288920056100983,0.0,1,1,0
434,0,0,0,0,0.1022339733428582,0,0.1505007147789001,0.38342696629213485,0.0,0.38342696629213485,0.0,0.38342696629213485,0.0,1,1,0
435,3,0,0,0,0.4423215079800286,0,0.4905088543891907,1.0,1.0,1.0,1.0,1.0,1.0,1,1,0
436,0,1,1,1,0.9183531871078937,1,0.9674184918403624,1.0,1.0,1.0,1.0,1.0,1.0,1,1,0
437,4,0,0,0,0.2840910148465314,0,0.0143971536308527,0.0,1.0,0.0,1.0,0.0,1.0,1,1,0
438,4,1,1,1,0.7652153897833988,1,0.8606084585189819,1.0,1.0,1.0,1.0,1.0,1.0,1,1,0
439,1,0,0,0,0.2884742799735429,0,0.3206389248371124,0.5,1.0,0.5,1.0,0.5,1.0,1,1,0
440,2,0,0,0,0.11118929167430153,0,0.0737095400691032,0.38429172510518933,0.0,0.38429172510518933,0.0,0.38429172510518933,0.0,1,1,0
441,0,1,1,1,0.882611768800126,1,0.8752767443656921,0.38342696629213485,0.0,0.38342696629213485,0.0,0.38342696629213485,0.0,1,1,0
442,3,0,0,0,0.08235650888089552,0,0.0753352493047714,0.38429172510518933,0.0,0.38429172510518933,0.0,0.38429172510518933,0.0,1,1,0
443,3,0,0,0,0.11643981201565977,0,0.2091741561889648,0.38429172510518933,0.0,0.38429172510518933,0.0,0.38429172510518933,0.0,1,1,0
444,3,1,1,1,0.8601858098073617,1,0.8638780117034912,0.38429172510518933,0.0,0.38429172510518933,0.0,0.38429172510518933,0.0,1,1,0
445,3,1,0,0,0.07941080207669765,0,0.0668594092130661,0.38429172510518933,0.0,0.38429172510518933,0.0,0.38429172510518933,0.0,0,0,0
446,1,1,1,1,0.6176281027469258,1,0.9800052046775818,0.38429172510518933,0.0,0.38429172510518933,0.0,0.38429172510518933,0.0,1,1,0
447,1,1,1,1,0.8771014611860469,1,0.975103497505188,1.0,1.0,1.0,1.0,1.0,1.0,1,1,0
448,4,1,0,0,0.2632241469001607,0,0.2764796912670135,0.38288920056100983,0.0,0.38288920056100983,0.0,0.38288920056100983,0.0,0,0,0
449,0,1,1,1,0.621331685059526,1,0.9545959234237672,1.0,1.0,1.0,1.0,1.0,1.0,1,1,0
450,0,1,0,0,0.3788721407395285,0,0.3139529228210449,0.38342696629213485,0.0,0.38342696629213485,0.0,0.38342696629213485,0.0,0,0,0
451,4,0,0,0,0.09622633612482287,0,0.1090012788772583,1.0,1.0,1.0,1.0,1.0,1.0,1,1,0
452,3,0,0,0,0.10330169157106486,0,0.0878173261880874,0.38429172510518933,0.0,0.38429172510518933,0.0,0.38429172510518933,0.0,1,1,0
453,2,0,0,0,0.4223504876583091,0,0.3675121366977691,0.38429172510518933,0.0,0.38429172510518933,0.0,0.38429172510518933,0.0,1,1,0
454,3,1,0,0,0.3688236562764885,0,0.4193527698516845,1.0,1.0,1.0,1.0,1.0,1.0,0,0,0
455,3,0,0,0,0.08308458853446192,0,0.0638395026326179,0.38429172510518933,0.0,0.38429172510518933,0.0,0.38429172510518933,0.0,1,1,0
456,2,1,0,0,0.10493605995268955,0,0.0759759992361068,0.38429172510518933,0.0,0.38429172510518933,0.0,0.38429172510518933,0.0,0,0,0
457,4,0,0,0,0.442418547874743,0,0.3392143845558166,0.38288920056100983,0.0,0.38288920056100983,0.0,0.38288920056100983,0.0,1,1,0
458,3,1,1,1,0.9519407766880462,1,0.9828311800956726,0.38429172510518933,0.0,0.38429172510518933,0.0,0.38429172510518933,0.0,1,1,0
459,3,1,1,1,0.7821666263391366,1,0.597914457321167,0.38429172510518933,0.0,0.38429172510518933,0.0,0.38429172510518933,0.0,1,1,0
460,3,0,0,0,0.09023101561323293,0,0.0745716392993927,0.38429172510518933,0.0,0.38429172510518933,0.0,0.38429172510518933,0.0,1,1,0
461,2,1,0,0,0.4226373545321134,0,0.2915906310081482,0.38429172510518933,0.0,0.38429172510518933,0.0,0.38429172510518933,0.0,0,0,0
462,0,0,0,0,0.14523846270966506,0,0.0919828712940216,0.38342696629213485,0.0,0.38342696629213485,0.0,0.38342696629213485,0.0,1,1,0
463,1,0,0,0,0.38034723940441695,0,0.3599506616592407,0.38429172510518933,0.0,0.38429172510518933,0.0,0.38429172510518933,0.0,1,1,0
464,2,0,0,0,0.12628531653662461,0,0.086320087313652,0.38429172510518933,0.0,0.38429172510518933,0.0,0.38429172510518933,0.0,1,1,0
465,2,0,0,0,0.0970555414514136,0,0.0491580888628959,0.38429172510518933,0.0,0.38429172510518933,0.0,0.38429172510518933,0.0,1,1,0
466,0,0,0,0,0.11926459705221583,0,0.0859136879444122,0.38342696629213485,0.0,0.38342696629213485,0.0,0.38342696629213485,0.0,1,1,0
467,1,0,0,0,0.10771156466071258,0,0.0512015968561172,0.38429172510518933,0.0,0.0,1.0,0.19214586255259467,0.5,1,1,0
468,2,0,0,0,0.23400102488104882,0,0.170001745223999,0.38429172510518933,0.0,0.38429172510518933,0.0,0.38429172510518933,0.0,1,1,0
469,4,0,0,0,0.09341178711157357,0,0.0897809416055679,0.38288920056100983,0.0,0.38288920056100983,0.0,0.38288920056100983,0.0,1,1,0
470,0,1,1,1,0.621331685059526,1,0.956698715686798,1.0,1.0,1.0,1.0,1.0,1.0,1,1,0
471,2,0,0,0,0.08381789300868775,0,0.0832596272230148,0.38429172510518933,0.0,0.38429172510518933,0.0,0.38429172510518933,0.0,1,1,0
472,3,0,0,0,0.10806299320447058,0,0.0725544318556785,0.38429172510518933,0.0,0.38429172510518933,0.0,0.38429172510518933,0.0,1,1,0
473,1,1,1,1,0.8947087333275514,1,0.9699130058288574,0.5,1.0,0.5,1.0,0.5,1.0,1,1,0
474,0,1,1,1,0.8857165440910676,1,0.9727601408958436,0.38342696629213485,0.0,0.38342696629213485,0.0,0.38342696629213485,0.0,1,1,0
475,1,0,1,1,0.5459069716716968,1,0.6950372457504272,0.38429172510518933,0.0,0.38429172510518933,0.0,0.38429172510518933,0.0,0,0,0
476,2,0,0,0,0.2445765642546856,0,0.3022872805595398,0.38429172510518933,0.0,0.0,1.0,0.19214586255259467,0.5,1,1,0
477,3,0,0,0,0.06398131782424875,0,0.0737531185150146,0.38429172510518933,0.0,0.38429172510518933,0.0,0.38429172510518933,0.0,1,1,0
478,0,0,0,0,0.11414214854479363,0,0.0854548662900924,0.0,1.0,0.38342696629213485,0.0,0.19171348314606743,0.5,1,1,0
479,3,0,0,0,0.06923968414402365,0,0.0710515528917312,0.38429172510518933,0.0,0.38429172510518933,0.0,0.38429172510518933,0.0,1,1,0
480,2,1,1,1,0.5643708571230593,1,0.9137580394744872,0.38429172510518933,0.0,0.38429172510518933,0.0,0.38429172510518933,0.0,1,1,0
481,1,0,0,0,0.26385248525325883,0,0.0036952795926481,0.0,1.0,0.0,1.0,0.0,1.0,1,1,0
482,2,0,0,0,0.08707295643992775,0,0.0298789720982313,0.38429172510518933,0.0,0.38429172510518933,0.0,0.38429172510518933,0.0,1,1,0
483,1,0,0,0,0.110506463129495,0,0.0744082927703857,0.38429172510518933,0.0,0.38429172510518933,0.0,0.38429172510518933,0.0,1,1,0
484,0,1,0,0,0.4992194143024006,0,0.494177907705307,0.38342696629213485,0.0,0.38342696629213485,0.0,0.38342696629213485,0.0,0,0,0
485,4,1,0,0,0.4426182396539281,0,0.4734454452991485,0.38288920056100983,0.0,0.38288920056100983,0.0,0.38288920056100983,0.0,0,0,0
486,4,0,0,0,0.2538830860323678,0,0.0119570270180702,0.0,1.0,0.0,1.0,0.0,1.0,1,1,0
487,4,1,1,1,0.947010063324763,1,0.98460054397583,0.5,1.0,1.0,1.0,0.75,1.0,1,1,0
488,1,0,0,0,0.3578633166824086,0,0.3107858002185821,0.38429172510518933,0.0,0.38429172510518933,0.0,0.38429172510518933,0.0,1,1,0
489,3,0,0,0,0.1181757828255449,0,0.0864167213439941,0.38429172510518933,0.0,0.38429172510518933,0.0,0.38429172510518933,0.0,1,1,0
490,1,1,1,1,0.684630880858783,1,0.9354962706565856,1.0,1.0,1.0,1.0,1.0,1.0,1,1,0
491,3,0,0,0,0.10330169157106486,0,0.0878173261880874,0.38429172510518933,0.0,0.38429172510518933,0.0,0.38429172510518933,0.0,1,1,0
492,1,0,0,0,0.094932055492171,0,0.087064728140831,0.38429172510518933,0.0,0.38429172510518933,0.0,0.38429172510518933,0.0,1,1,0
493,3,0,0,0,0.2904936459257526,0,0.2508034706115722,0.38429172510518933,0.0,0.38429172510518933,0.0,0.38429172510518933,0.0,1,1,0
494,0,0,0,0,0.2417489017723215,0,0.2225480079650879,0.38342696629213485,0.0,0.38342696629213485,0.0,0.38342696629213485,0.0,1,1,0
495,1,0,0,0,0.11733425051003568,0,0.0706874430179596,0.38429172510518933,0.0,0.38429172510518933,0.0,0.38429172510518933,0.0,1,1,0
496,2,0,0,0,0.1325831388166966,0,0.0665036737918853,0.38429172510518933,0.0,0.0,1.0,0.19214586255259467,0.5,1,1,0
497,3,1,1,1,0.9457250524913339,1,0.961009681224823,0.38429172510518933,0.0,0.38429172510518933,0.0,0.38429172510518933,0.0,1,1,0
498,4,0,0,0,0.1074490843864762,0,0.1176476925611496,0.38288920056100983,0.0,0.38288920056100983,0.0,0.38288920056100983,0.0,1,1,0
499,0,0,1,1,0.9044599946926781,1,0.9820517897605896,0.5,1.0,0.5,1.0,0.5,1.0,0,0,0
500,4,0,0,0,0.09010206420507144,0,0.0856553018093109,0.38288920056100983,0.0,0.38288920056100983,0.0,0.38288920056100983,0.0,1,1,0
501,2,0,0,0,0.09491021466605042,0,0.05778119713068,0.38429172510518933,0.0,0.38429172510518933,0.0,0.38429172510518933,0.0,1,1,0
502,3,0,1,1,0.7317646618952185,1,0.6736193895339966,0.38429172510518933,0.0,0.38429172510518933,0.0,0.38429172510518933,0.0,0,0,0
503,1,0,1,1,0.6957615151259867,1,0.8014482259750366,0.38429172510518933,0.0,0.38429172510518933,0.0,0.38429172510518933,0.0,0,0,0
504,1,0,0,1,0.5391401474865152,1,0.6524150371551514,0.38429172510518933,0.0,0.38429172510518933,0.0,0.38429172510518933,0.0,1,0,1
505,3,1,1,1,0.9403238196310083,1,0.9969752430915833,0.38429172510518933,0.0,1.0,1.0,0.6921458625525947,0.5,1,1,0
506,1,0,0,0,0.43414059822102913,0,0.3720011711120605,1.0,1.0,1.0,1.0,1.0,1.0,1,1,0
507,4,1,1,1,0.8690205675497809,1,0.9651669263839722,1.0,1.0,1.0,1.0,1.0,1.0,1,1,0
508,0,1,0,0,0.26480682895105834,0,0.2733435034751892,0.38342696629213485,0.0,0.38342696629213485,0.0,0.38342696629213485,0.0,0,0,0
509,2,0,0,0,0.15958550888076742,0,0.0966589078307151,0.0,1.0,0.38429172510518933,0.0,0.19214586255259467,0.5,1,1,0
510,3,1,0,0,0.24387191774025274,0,0.4405486285686493,0.38429172510518933,0.0,1.0,1.0,0.6921458625525947,0.5,0,0,0
511,2,1,0,0,0.0798934984599222,0,0.0761434435844421,0.38429172510518933,0.0,0.38429172510518933,0.0,0.38429172510518933,0.0,0,0,0
512,4,0,0,0,0.11280790210980196,0,0.1151359602808952,0.38288920056100983,0.0,0.38288920056100983,0.0,0.38288920056100983,0.0,1,1,0
513,4,1,1,1,0.521886931720539,1,0.6307731866836548,0.38288920056100983,0.0,0.38288920056100983,0.0,0.38288920056100983,0.0,1,1,0
514,1,1,1,1,0.94134764208054,1,0.9771247506141664,0.38429172510518933,0.0,0.38429172510518933,0.0,0.38429172510518933,0.0,1,1,0
515,3,0,0,0,0.07198644356537512,0,0.081346184015274,0.38429172510518933,0.0,0.38429172510518933,0.0,0.38429172510518933,0.0,1,1,0
516,3,0,0,0,0.48947981534573154,0,0.3917258083820343,0.38429172510518933,0.0,0.38429172510518933,0.0,0.38429172510518933,0.0,1,1,0
517,4,1,1,1,0.806801954919741,1,0.9383641481399536,0.38288920056100983,0.0,0.38288920056100983,0.0,0.38288920056100983,0.0,1,1,0
518,4,0,0,0,0.15830166385038416,0,0.1286991983652115,0.38288920056100983,0.0,0.5,1.0,0.4414446002805049,0.5,1,1,0
519,0,1,1,1,0.8697750529143363,1,0.891800045967102,0.38342696629213485,0.0,0.38342696629213485,0.0,0.38342696629213485,0.0,1,1,0
520,4,0,0,0,0.11839644982734678,0,0.0860184729099273,0.38288920056100983,0.0,0.38288920056100983,0.0,0.38288920056100983,0.0,1,1,0
521,4,1,1,1,0.9760074661439391,1,0.9829888939857484,0.38288920056100983,0.0,0.38288920056100983,0.0,0.38288920056100983,0.0,1,1,0
522,2,0,0,0,0.0811419791731728,0,0.080052949488163,0.38429172510518933,0.0,0.38429172510518933,0.0,0.38429172510518933,0.0,1,1,0
523,1,0,0,0,0.14918198405983513,0,0.0804177150130271,0.38429172510518933,0.0,0.38429172510518933,0.0,0.38429172510518933,0.0,1,1,0
524,0,1,1,1,0.9675369654991268,1,0.9928306937217712,1.0,1.0,1.0,1.0,1.0,1.0,1,1,0
525,3,0,0,0,0.1057799063965983,0,0.0855313166975975,0.38429172510518933,0.0,0.38429172510518933,0.0,0.38429172510518933,0.0,1,1,0
526,2,0,0,0,0.07010738350887447,0,0.0613315999507904,0.38429172510518933,0.0,0.38429172510518933,0.0,0.38429172510518933,0.0,1,1,0
527,4,1,1,1,0.7432924104222899,1,0.591694712638855,0.38288920056100983,0.0,0.38288920056100983,0.0,0.38288920056100983,0.0,1,1,0
528,4,0,0,0,0.29870378293114647,0,0.3990993499755859,0.38288920056100983,0.0,0.38288920056100983,0.0,0.38288920056100983,0.0,1,1,0
529,1,0,0,0,0.10897517018864938,0,0.0762651860713958,0.38429172510518933,0.0,0.38429172510518933,0.0,0.38429172510518933,0.0,1,1,0
530,1,0,0,0,0.1070764849514589,0,0.1046617180109024,1.0,1.0,0.38429172510518933,0.0,0.6921458625525947,0.5,1,1,0
531,3,1,1,1,0.9007699899465197,1,0.9903242588043212,1.0,1.0,1.0,1.0,1.0,1.0,1,1,0
532,4,0,0,0,0.12270602836561484,0,0.0901007801294326,0.38288920056100983,0.0,0.38288920056100983,0.0,0.38288920056100983,0.0,1,1,0
533,2,0,0,0,0.14605365512341995,0,0.0560524985194206,0.0,1.0,0.38429172510518933,0.0,0.19214586255259467,0.5,1,1,0
534,4,1,1,1,0.6424756803559462,1,0.9069758653640748,1.0,1.0,1.0,1.0,1.0,1.0,1,1,0
535,3,0,0,1,0.5050128614372066,0,0.4770679175853729,0.38429172510518933,0.0,0.38429172510518933,0.0,0.38429172510518933,0.0,1,0,1
536,0,1,1,1,0.919380442739534,1,0.9396718740463256,0.38342696629213485,0.0,0.38342696629213485,0.0,0.38342696629213485,0.0,1,1,0
537,4,0,1,0,0.45287646336462034,1,0.512622058391571,0.38288920056100983,0.0,0.38288920056100983,0.0,0.38288920056100983,0.0,0,1,1
538,3,1,1,1,0.8948938596398506,1,0.9419420957565308,0.38429172510518933,0.0,0.0,1.0,0.19214586255259467,0.5,1,1,0
539,3,0,0,0,0.07553498106872111,0,0.0706780552864074,0.38429172510518933,0.0,0.38429172510518933,0.0,0.38429172510518933,0.0,1,1,0
540,0,1,1,1,0.9583919824141137,1,0.9902250170707704,0.38342696629213485,0.0,0.38342696629213485,0.0,0.38342696629213485,0.0,1,1,0
541,3,1,1,1,0.9058940116819795,1,0.9091373682022096,0.0,1.0,0.0,1.0,0.0,1.0,1,1,0
542,3,0,0,0,0.29689407206155666,0,0.0128225116059184,0.0,1.0,0.0,1.0,0.0,1.0,1,1,0
543,3,0,0,0,0.29689407206155666,0,0.0124138193204998,0.0,1.0,0.0,1.0,0.0,1.0,1,1,0
544,3,1,0,0,0.13730937717909944,0,0.0785929858684539,1.0,1.0,1.0,1.0,1.0,1.0,0,0,0
545,2,0,0,0,0.4117664672275391,0,0.3520160317420959,0.38429172510518933,0.0,1.0,1.0,0.6921458625525947,0.5,1,1,0
546,3,0,0,0,0.27406348303952927,0,0.1610056310892105,0.38429172510518933,0.0,0.38429172510518933,0.0,0.38429172510518933,0.0,1,1,0
547,2,1,1,1,0.9239216853442657,1,0.9755229949951172,1.0,1.0,1.0,1.0,1.0,1.0,1,1,0
548,2,1,0,0,0.11734199413154454,0,0.0994450747966766,0.38429172510518933,0.0,0.38429172510518933,0.0,0.38429172510518933,0.0,0,0,0
549,3,0,0,0,0.18025306912956432,0,0.0763216838240623,1.0,1.0,1.0,1.0,1.0,1.0,1,1,0
550,0,1,1,1,0.5687687027250768,1,0.9053965210914612,0.0,1.0,0.0,1.0,0.0,1.0,1,1,0
551,0,1,0,0,0.4099572264399411,0,0.3312331736087799,0.5,1.0,0.5,1.0,0.5,1.0,0,0,0
552,3,0,0,0,0.11137862441548856,0,0.0774439424276351,0.38429172510518933,0.0,0.38429172510518933,0.0,0.38429172510518933,0.0,1,1,0
553,1,0,0,0,0.08549140375328382,0,0.0848782360553741,0.38429172510518933,0.0,0.38429172510518933,0.0,0.38429172510518933,0.0,1,1,0
554,3,1,0,0,0.10877406497753164,0,0.0762530639767646,0.38429172510518933,0.0,0.38429172510518933,0.0,0.38429172510518933,0.0,0,0,0
555,4,1,1,1,0.5166618917339089,1,0.581240177154541,0.38288920056100983,0.0,0.38288920056100983,0.0,0.38288920056100983,0.0,1,1,0
556,1,0,0,0,0.28126247203980687,0,0.2074872553348541,0.38429172510518933,0.0,0.38429172510518933,0.0,0.38429172510518933,0.0,1,1,0
557,2,1,1,1,0.9236664259213706,1,0.9647119045257568,1.0,1.0,0.38429172510518933,0.0,0.6921458625525947,0.5,1,1,0
558,3,0,0,0,0.2648241899895194,0,0.4373247325420379,0.38429172510518933,0.0,1.0,1.0,0.6921458625525947,0.5,1,1,0
559,0,1,1,1,0.9622470958561546,1,0.9918718338012696,0.5,1.0,0.5,1.0,0.5,1.0,1,1,0
560,2,1,1,1,0.520036003885233,1,0.593051016330719,0.38429172510518933,0.0,0.38429172510518933,0.0,0.38429172510518933,0.0,1,1,0
561,4,0,0,0,0.09341178711157357,0,0.0912602841854095,0.38288920056100983,0.0,0.38288920056100983,0.0,0.38288920056100983,0.0,1,1,0
562,4,0,0,0,0.10904203547282963,0,0.0816355049610138,0.38288920056100983,0.0,0.38288920056100983,0.0,0.38288920056100983,0.0,1,1,0
563,2,0,0,0,0.12057757259966846,0,0.1322618871927261,0.38429172510518933,0.0,0.38429172510518933,0.0,0.38429172510518933,0.0,1,1,0
564,1,0,0,0,0.10724012286626597,0,0.0805996656417846,0.38429172510518933,0.0,0.38429172510518933,0.0,0.38429172510518933,0.0,1,1,0
565,4,0,0,0,0.49055822748278005,1,0.5825071930885315,0.38288920056100983,0.0,0.38288920056100983,0.0,0.38288920056100983,0.0,1,1,0
566,2,0,0,0,0.1464412914576147,0,0.0981732830405235,0.5,1.0,0.0,1.0,0.25,1.0,1,1,0
567,2,0,0,0,0.08329072605021315,0,0.0767322182655334,0.38429172510518933,0.0,0.38429172510518933,0.0,0.38429172510518933,0.0,1,1,0
568,3,0,0,0,0.30889758365686304,0,0.0149230156093835,0.0,1.0,0.0,1.0,0.0,1.0,1,1,0
569,1,0,0,0,0.14918198405983513,0,0.1108839511871337,0.38429172510518933,0.0,0.38429172510518933,0.0,0.38429172510518933,0.0,1,1,0
570,2,1,0,0,0.09726430116247821,0,0.0577917397022247,0.38429172510518933,0.0,0.38429172510518933,0.0,0.38429172510518933,0.0,0,0,0
571,2,1,0,0,0.10341645551859195,0,0.0718536078929901,0.0,1.0,0.38429172510518933,0.0,0.19214586255259467,0.5,0,0,0
572,3,1,1,1,0.9254176781404622,1,0.9578639268875122,0.38429172510518933,0.0,0.38429172510518933,0.0,0.38429172510518933,0.0,1,1,0
573,1,1,1,0,0.46193338382952626,0,0.4980078935623169,0.38429172510518933,0.0,0.38429172510518933,0.0,0.38429172510518933,0.0,1,0,1
574,1,1,1,1,0.6957615151259867,1,0.7748271226882935,0.38429172510518933,0.0,0.38429172510518933,0.0,0.38429172510518933,0.0,1,1,0
575,2,0,0,0,0.13250775886048596,0,0.0938886106014251,0.38429172510518933,0.0,0.38429172510518933,0.0,0.38429172510518933,0.0,1,1,0
576,1,0,0,0,0.0931624962100127,0,0.1040547117590904,0.38429172510518933,0.0,0.0,1.0,0.19214586255259467,0.5,1,1,0
577,2,1,1,1,0.8573604584874913,1,0.8215225338935852,0.38429172510518933,0.0,0.38429172510518933,0.0,0.38429172510518933,0.0,1,1,0
578,0,1,1,1,0.9030691438243442,1,0.9814949035644532,0.0,1.0,0.0,1.0,0.0,1.0,1,1,0
579,1,0,1,1,0.5944898605082019,1,0.7561647295951843,0.38429172510518933,0.0,0.38429172510518933,0.0,0.38429172510518933,0.0,0,0,0
580,3,1,0,0,0.11954149561583075,0,0.1365820169448852,0.0,1.0,0.38429172510518933,0.0,0.19214586255259467,0.5,0,0,0
581,3,1,1,1,0.8925511115585483,1,0.8452240228652954,0.38429172510518933,0.0,0.38429172510518933,0.0,0.38429172510518933,0.0,1,1,0
582,2,1,1,1,0.9605329421215427,1,0.9432627558708192,0.5,1.0,1.0,1.0,0.75,1.0,1,1,0
583,2,0,0,0,0.09669617030403578,0,0.0922849774360656,0.38429172510518933,0.0,0.0,1.0,0.19214586255259467,0.5,1,1,0
584,2,0,0,0,0.41243437792505605,0,0.3923207521438598,0.38429172510518933,0.0,0.38429172510518933,0.0,0.38429172510518933,0.0,1,1,0
585,1,0,0,0,0.16930271824260168,0,0.1007778048515319,0.38429172510518933,0.0,0.38429172510518933,0.0,0.38429172510518933,0.0,1,1,0
586,3,1,1,1,0.9317395447160175,1,0.993731677532196,0.5,1.0,0.5,1.0,0.5,1.0,1,1,0
587,1,0,0,0,0.10619946291385406,0,0.1099966466426849,0.38429172510518933,0.0,0.38429172510518933,0.0,0.38429172510518933,0.0,1,1,0
588,0,1,0,0,0.35570869570543734,0,0.2237578928470611,0.38342696629213485,0.0,0.38342696629213485,0.0,0.38342696629213485,0.0,0,0,0
589,3,0,0,0,0.08132098050788863,0,0.0679957568645477,0.38429172510518933,0.0,0.38429172510518933,0.0,0.38429172510518933,0.0,1,1,0
590,2,0,0,0,0.0970555414514136,0,0.0638051331043243,0.38429172510518933,0.0,0.38429172510518933,0.0,0.38429172510518933,0.0,1,1,0
591,4,0,0,0,0.09584894423967037,0,0.1319503635168075,0.38288920056100983,0.0,0.38288920056100983,0.0,0.38288920056100983,0.0,1,1,0
592,3,1,1,1,0.9588839504668311,1,0.9811506867408752,0.38429172510518933,0.0,0.38429172510518933,0.0,0.38429172510518933,0.0,1,1,0
593,4,0,0,0,0.09659809586110643,0,0.0764221251010894,0.38288920056100983,0.0,0.38288920056100983,0.0,0.38288920056100983,0.0,1,1,0
594,3,0,1,1,0.6871280196876852,1,0.7738398313522339,0.38429172510518933,0.0,0.38429172510518933,0.0,0.38429172510518933,0.0,0,0,0
595,1,0,0,0,0.08668059655019386,0,0.103605106472969,0.38429172510518933,0.0,0.38429172510518933,0.0,0.38429172510518933,0.0,1,1,0
596,4,0,0,0,0.1065351930320751,0,0.0207178182899951,0.0,1.0,0.0,1.0,0.0,1.0,1,1,0
597,1,1,1,1,0.8958652940304201,1,0.9418743252754213,0.38429172510518933,0.0,0.5,1.0,0.4421458625525947,0.5,1,1,0
598,2,0,0,0,0.1213543960638642,0,0.0571072585880756,0.38429172510518933,0.0,0.0,1.0,0.19214586255259467,0.5,1,1,0
599,4,0,0,0,0.1294201982054426,0,0.0876889750361442,0.0,1.0,0.38288920056100983,0.0,0.19144460028050492,0.5,1,1,0
600,1,1,0,0,0.46070074103886394,0,0.3384710550308227,1.0,1.0,0.38429172510518933,0.0,0.6921458625525947,0.5,0,0,0
601,2,1,1,1,0.9321757191539868,1,0.9681154489517212,0.38429172510518933,0.0,0.38429172510518933,0.0,0.38429172510518933,0.0,1,1,0
602,4,0,0,0,0.09010206420507144,0,0.0852551534771919,0.38288920056100983,0.0,0.38288920056100983,0.0,0.38288920056100983,0.0,1,1,0
603,0,0,0,0,0.22430073594606792,0,0.1709108054637909,0.38342696629213485,0.0,0.38342696629213485,0.0,0.38342696629213485,0.0,1,1,0
604,3,0,0,0,0.10795000407643138,0,0.0676303282380104,0.38429172510518933,0.0,0.38429172510518933,0.0,0.38429172510518933,0.0,1,1,0
605,2,1,0,0,0.24481062994994088,0,0.2679634392261505,0.38429172510518933,0.0,0.38429172510518933,0.0,0.38429172510518933,0.0,0,0,0
606,3,0,0,0,0.08932685871058181,0,0.0762689113616943,0.38429172510518933,0.0,0.38429172510518933,0.0,0.38429172510518933,0.0,1,1,0
607,1,0,0,0,0.12135370597170865,0,0.0927378162741661,0.38429172510518933,0.0,0.38429172510518933,0.0,0.38429172510518933,0.0,1,1,0
608,0,1,0,0,0.26753385483672953,0,0.2805891633033752,0.38342696629213485,0.0,0.38342696629213485,0.0,0.38342696629213485,0.0,0,0,0
609,2,1,1,1,0.9260120856088262,1,0.9783390760421752,0.5,1.0,0.5,1.0,0.5,1.0,1,1,0
610,1,1,1,1,0.9641184283101345,1,0.9900824427604676,0.38429172510518933,0.0,0.5,1.0,0.4421458625525947,0.5,1,1,0
611,3,0,0,0,0.3503356580150281,0,0.013921009376645,0.0,1.0,0.0,1.0,0.0,1.0,1,1,0
612,0,0,0,0,0.10161726980060153,0,0.0909077301621437,0.38342696629213485,0.0,0.38342696629213485,0.0,0.38342696629213485,0.0,1,1,0
613,2,1,1,1,0.6183777842094396,1,0.6547514200210571,0.38429172510518933,0.0,0.38429172510518933,0.0,0.38429172510518933,0.0,1,1,0
614,1,0,0,0,0.08549140375328382,0,0.0757266581058502,0.38429172510518933,0.0,0.38429172510518933,0.0,0.38429172510518933,0.0,1,1,0
615,0,0,0,0,0.14523846270966506,0,0.0914278849959373,0.38342696629213485,0.0,0.38342696629213485,0.0,0.38342696629213485,0.0,1,1,0
616,4,1,1,1,0.8098190167247442,1,0.9554919004440308,1.0,1.0,1.0,1.0,1.0,1.0,1,1,0
617,2,0,0,0,0.13473928185054795,0,0.0162216499447822,0.0,1.0,0.0,1.0,0.0,1.0,1,1,0
618,0,0,1,0,0.4830322874372951,1,0.514190673828125,0.0,1.0,0.0,1.0,0.0,1.0,0,1,1
619,1,1,1,1,0.9157818530763591,1,0.9919294118881226,1.0,1.0,1.0,1.0,1.0,1.0,1,1,0
620,2,0,0,0,0.08737373794803886,0,0.100137859582901,0.38429172510518933,0.0,0.38429172510518933,0.0,0.38429172510518933,0.0,1,1,0
621,1,0,0,0,0.19341075031635324,0,0.1112397238612175,1.0,1.0,1.0,1.0,1.0,1.0,1,1,0
622,2,1,0,0,0.34628691530778444,0,0.3322304487228393,0.38429172510518933,0.0,0.38429172510518933,0.0,0.38429172510518933,0.0,0,0,0
623,1,1,0,0,0.2247796269505567,0,0.1173512786626815,1.0,1.0,1.0,1.0,1.0,1.0,0,0,0
624,4,0,0,0,0.10955968214960554,0,0.0486348718404769,0.0,1.0,0.38288920056100983,0.0,0.19144460028050492,0.5,1,1,0
625,1,0,0,0,0.1041932942447838,0,0.1017933711409568,0.38429172510518933,0.0,0.0,1.0,0.19214586255259467,0.5,1,1,0
626,0,0,0,0,0.4285924819851486,0,0.2819273471832275,0.38342696629213485,0.0,0.38342696629213485,0.0,0.38342696629213485,0.0,1,1,0
627,0,0,0,0,0.2889142607047528,0,0.0918651148676872,0.38342696629213485,0.0,0.38342696629213485,0.0,0.38342696629213485,0.0,1,1,0
628,0,1,1,1,0.9606518796772914,1,0.9914379119873048,0.38342696629213485,0.0,1.0,1.0,0.6917134831460674,0.5,1,1,0
629,0,0,0,0,0.10228797230102715,0,0.078217327594757,0.38342696629213485,0.0,0.38342696629213485,0.0,0.38342696629213485,0.0,1,1,0
630,1,0,0,0,0.08549140375328382,0,0.0785651206970214,0.38429172510518933,0.0,0.38429172510518933,0.0,0.38429172510518933,0.0,1,1,0
631,3,1,0,0,0.2904936459257526,0,0.1295447200536728,0.38429172510518933,0.0,0.38429172510518933,0.0,0.38429172510518933,0.0,0,0,0
632,1,0,0,0,0.08499721811881827,0,0.0650313347578048,0.38429172510518933,0.0,0.38429172510518933,0.0,0.38429172510518933,0.0,1,1,0
633,1,1,1,0,0.4213175710708553,0,0.3568348586559295,0.38429172510518933,0.0,0.38429172510518933,0.0,0.38429172510518933,0.0,1,0,1
634,4,0,0,0,0.16596564158751476,0,0.0375644192099571,0.38288920056100983,0.0,0.38288920056100983,0.0,0.38288920056100983,0.0,1,1,0
635,3,0,0,0,0.2062532859858854,0,0.0107597289606928,0.0,1.0,0.0,1.0,0.0,1.0,1,1,0
636,1,1,1,1,0.8489163859765019,1,0.8593019843101501,0.38429172510518933,0.0,0.38429172510518933,0.0,0.38429172510518933,0.0,1,1,0
637,2,0,0,0,0.13563396963369787,0,0.4912706613540649,0.38429172510518933,0.0,0.38429172510518933,0.0,0.38429172510518933,0.0,1,1,0
638,0,0,0,0,0.17081529707710022,0,0.1522640585899353,1.0,1.0,1.0,1.0,1.0,1.0,1,1,0
639,0,0,0,0,0.3426389930048197,0,0.0122900167480111,0.0,1.0,0.0,1.0,0.0,1.0,1,1,0
640,2,0,0,0,0.136177178011464,0,0.1326520442962646,1.0,1.0,1.0,1.0,1.0,1.0,1,1,0
641,3,0,0,0,0.07812676817447767,0,0.0671944171190261,0.0,1.0,0.38429172510518933,0.0,0.19214586255259467,0.5,1,1,0
642,0,1,1,1,0.9825120259147566,1,0.9932757019996644,0.38342696629213485,0.0,0.38342696629213485,0.0,0.38342696629213485,0.0,1,1,0
643,3,0,0,0,0.2062532859858854,0,0.0174047667533159,0.0,1.0,0.0,1.0,0.0,1.0,1,1,0
644,2,1,0,0,0.2193808482265714,1,0.571441650390625,0.38429172510518933,0.0,1.0,1.0,0.6921458625525947,0.5,0,0,0
645,3,1,1,1,0.7069652210012106,1,0.9827623963356018,1.0,1.0,1.0,1.0,1.0,1.0,1,1,0
646,2,1,0,0,0.38135572158479386,0,0.330724835395813,0.5,1.0,1.0,1.0,0.75,1.0,0,0,0
647,3,0,0,0,0.07680639021199814,0,0.0706147849559784,0.38429172510518933,0.0,0.38429172510518933,0.0,0.38429172510518933,0.0,1,1,0
648,0,1,0,0,0.3917888765763601,0,0.288981556892395,0.38342696629213485,0.0,0.38342696629213485,0.0,0.38342696629213485,0.0,0,0,0
649,1,0,0,0,0.09412681961135089,0,0.077830821275711,0.38429172510518933,0.0,0.38429172510518933,0.0,0.38429172510518933,0.0,1,1,0
650,3,1,1,1,0.5464042349365384,1,0.5846133232116699,0.38429172510518933,0.0,0.38429172510518933,0.0,0.38429172510518933,0.0,1,1,0
651,4,0,0,0,0.09010206420507144,0,0.0852551534771919,0.38288920056100983,0.0,0.38288920056100983,0.0,0.38288920056100983,0.0,1,1,0
652,3,1,1,1,0.8668334523845306,1,0.9853853583335876,1.0,1.0,1.0,1.0,1.0,1.0,1,1,0
653,0,0,0,0,0.10187689724707695,0,0.0904976651072502,0.38342696629213485,0.0,0.38342696629213485,0.0,0.38342696629213485,0.0,1,1,0
654,3,1,1,1,0.7280966380936071,1,0.7812168598175049,0.38429172510518933,0.0,0.38429172510518933,0.0,0.38429172510518933,0.0,1,1,0
655,4,0,1,1,0.6751907256549747,1,0.6651984453201294,0.38288920056100983,0.0,0.38288920056100983,0.0,0.38288920056100983,0.0,0,0,0
656,4,0,0,0,0.10719256745207961,0,0.0955099686980247,0.0,1.0,0.0,1.0,0.0,1.0,1,1,0
657,1,0,0,0,0.09412681961135089,0,0.084192007780075,0.38429172510518933,0.0,0.38429172510518933,0.0,0.38429172510518933,0.0,1,1,0
658,3,0,1,1,0.649351967537815,1,0.7353217601776123,0.38429172510518933,0.0,0.38429172510518933,0.0,0.38429172510518933,0.0,0,0,0
659,2,0,0,0,0.08684086745426145,0,0.0743456035852432,0.38429172510518933,0.0,0.38429172510518933,0.0,0.38429172510518933,0.0,1,1,0
660,3,0,0,0,0.4511928847864308,0,0.4480575025081634,1.0,1.0,1.0,1.0,1.0,1.0,1,1,0
661,4,1,0,0,0.41193561364150627,0,0.3424607813358307,1.0,1.0,1.0,1.0,1.0,1.0,0,0,0
662,3,0,0,0,0.10649326639896906,0,0.0625282749533653,0.38429172510518933,0.0,0.38429172510518933,0.0,0.38429172510518933,0.0,1,1,0
663,2,0,0,0,0.4226373545321134,0,0.3133378028869629,0.38429172510518933,0.0,0.38429172510518933,0.0,0.38429172510518933,0.0,1,1,0
664,4,0,0,0,0.09804148606922995,0,0.0411187186837196,0.38288920056100983,0.0,0.38288920056100983,0.0,0.38288920056100983,0.0,1,1,0
665,2,1,0,0,0.10394460099534893,0,0.0981910079717636,0.38429172510518933,0.0,0.38429172510518933,0.0,0.38429172510518933,0.0,0,0,0
666,0,0,0,0,0.13955534811509523,0,0.1146188229322433,0.0,1.0,0.0,1.0,0.0,1.0,1,1,0
667,2,0,0,0,0.08684086745426145,0,0.0855530649423599,0.38429172510518933,0.0,0.38429172510518933,0.0,0.38429172510518933,0.0,1,1,0
668,4,0,0,0,0.09010206420507144,0,0.08365298807621,0.38288920056100983,0.0,0.38288920056100983,0.0,0.38288920056100983,0.0,1,1,0
669,0,0,0,0,0.1390398282878548,0,0.0857658311724662,0.38342696629213485,0.0,0.38342696629213485,0.0,0.38342696629213485,0.0,1,1,0
670,1,1,1,1,0.950122997120093,1,0.9933932423591614,1.0,1.0,1.0,1.0,1.0,1.0,1,1,0
671,4,1,1,1,0.9157052436458964,1,0.7727447748184204,0.38288920056100983,0.0,0.0,1.0,0.19144460028050492,0.5,1,1,0
672,2,0,0,0,0.41059122809092996,0,0.347374677658081,0.38429172510518933,0.0,0.38429172510518933,0.0,0.38429172510518933,0.0,1,1,0
673,4,0,0,0,0.11081885159873874,0,0.0813172832131385,0.38288920056100983,0.0,0.38288920056100983,0.0,0.38288920056100983,0.0,1,1,0
674,4,1,0,0,0.10053505529156512,0,0.0921346470713615,0.38288920056100983,0.0,0.38288920056100983,0.0,0.38288920056100983,0.0,0,0,0
675,1,0,0,0,0.10947469765909386,0,0.0581272393465042,0.38429172510518933,0.0,0.38429172510518933,0.0,0.38429172510518933,0.0,1,1,0
676,4,0,0,0,0.10191323454936636,0,0.0917628109455108,0.38288920056100983,0.0,0.38288920056100983,0.0,0.38288920056100983,0.0,1,1,0
677,1,0,0,0,0.10724012286626597,0,0.0871756747364997,0.38429172510518933,0.0,0.38429172510518933,0.0,0.38429172510518933,0.0,1,1,0
678,2,1,1,0,0.4889236056769447,1,0.5075669884681702,0.38429172510518933,0.0,0.38429172510518933,0.0,0.38429172510518933,0.0,1,0,1
679,0,0,0,0,0.3528120846186479,0,0.0118566406890749,0.0,1.0,0.0,1.0,0.0,1.0,1,1,0
680,1,1,0,0,0.4120415619743781,0,0.3845666348934173,0.38429172510518933,0.0,1.0,1.0,0.6921458625525947,0.5,0,0,0
681,2,0,1,1,0.66007537808876,1,0.7174069285392761,0.38429172510518933,0.0,0.38429172510518933,0.0,0.38429172510518933,0.0,0,0,0
682,2,1,0,0,0.4362810830724393,0,0.4377321600914001,0.38429172510518933,0.0,1.0,1.0,0.6921458625525947,0.5,0,0,0
683,1,0,0,0,0.11220930650909819,0,0.0967419743537902,0.38429172510518933,0.0,0.38429172510518933,0.0,0.38429172510518933,0.0,1,1,0
684,0,0,0,0,0.2128202678577629,0,0.0112258335575461,0.0,1.0,0.0,1.0,0.0,1.0,1,1,0
685,3,0,0,0,0.10360190004701575,0,0.0685959234833717,0.38429172510518933,0.0,1.0,1.0,0.6921458625525947,0.5,1,1,0
686,0,0,0,0,0.2313987460499502,0,0.1879735291004181,1.0,1.0,1.0,1.0,1.0,1.0,1,1,0
687,0,0,0,0,0.1456456536900196,0,0.0108328694477677,0.0,1.0,0.0,1.0,0.0,1.0,1,1,0
688,3,0,0,0,0.08235650888089552,0,0.0799534991383552,0.38429172510518933,0.0,0.38429172510518933,0.0,0.38429172510518933,0.0,1,1,0
689,2,0,0,0,0.08329072605021315,0,0.0842620357871055,0.38429172510518933,0.0,0.38429172510518933,0.0,0.38429172510518933,0.0,1,1,0
690,2,1,1,1,0.903282895246804,1,0.9927319884300232,0.38429172510518933,0.0,1.0,1.0,0.6921458625525947,0.5,1,1,0
691,3,1,1,0,0.3608349677477518,1,0.5646311640739441,1.0,1.0,1.0,1.0,1.0,1.0,1,0,1
692,1,1,1,1,0.6189721714537395,1,0.9212266206741332,0.38429172510518933,0.0,0.38429172510518933,0.0,0.38429172510518933,0.0,1,1,0
693,1,1,0,0,0.2219131471623984,1,0.6282832026481628,0.38429172510518933,0.0,1.0,1.0,0.6921458625525947,0.5,0,0,0
694,2,0,0,0,0.10117752706975286,0,0.0796243995428085,0.38429172510518933,0.0,0.38429172510518933,0.0,0.38429172510518933,0.0,1,1,0
695,1,0,0,0,0.289582924250666,0,0.2410202771425247,0.38429172510518933,0.0,0.38429172510518933,0.0,0.38429172510518933,0.0,1,1,0
696,1,0,0,0,0.10619946291385406,0,0.0996447503566742,0.38429172510518933,0.0,0.38429172510518933,0.0,0.38429172510518933,0.0,1,1,0
697,0,0,0,0,0.1390398282878548,0,0.0817477703094482,0.38342696629213485,0.0,0.38342696629213485,0.0,0.38342696629213485,0.0,1,1,0
698,4,1,1,1,0.6791090003787154,1,0.7007784843444824,0.38288920056100983,0.0,0.38288920056100983,0.0,0.38288920056100983,0.0,1,1,0
699,4,0,0,0,0.42596817671483733,0,0.3328806757926941,1.0,1.0,1.0,1.0,1.0,1.0,1,1,0
700,2,0,0,0,0.1653917853304961,0,0.0918199494481086,0.38429172510518933,0.0,0.38429172510518933,0.0,0.38429172510518933,0.0,1,1,0
701,2,1,1,1,0.8697918384575302,1,0.980369746685028,0.38429172510518933,0.0,0.5,1.0,0.4421458625525947,0.5,1,1,0
702,1,1,1,0,0.46193338382952626,1,0.5025256872177124,0.38429172510518933,0.0,0.38429172510518933,0.0,0.38429172510518933,0.0,1,0,1
703,2,0,0,1,0.5776497769012824,0,0.0497393161058425,0.0,1.0,0.0,1.0,0.0,1.0,1,0,1
704,3,0,0,0,0.09023101561323293,0,0.0763942599296569,0.38429172510518933,0.0,0.38429172510518933,0.0,0.38429172510518933,0.0,1,1,0
705,2,0,0,0,0.09076267942125732,0,0.0418414138257503,0.0,1.0,0.38429172510518933,0.0,0.19214586255259467,0.5,1,1,0
706,3,0,0,0,0.10303422934824148,0,0.0767836719751358,0.38429172510518933,0.0,0.38429172510518933,0.0,0.38429172510518933,0.0,1,1,0
707,2,1,1,1,0.8537123711602905,1,0.9064005613327026,0.38429172510518933,0.0,0.38429172510518933,0.0,0.38429172510518933,0.0,1,1,0
708,0,1,0,1,0.5094625574775786,0,0.4615389406681061,0.38342696629213485,0.0,0.38342696629213485,0.0,0.38342696629213485,0.0,0,1,1
709,0,1,1,1,0.860166641671603,1,0.9661089777946472,0.38342696629213485,0.0,0.5,1.0,0.4417134831460674,0.5,1,1,0
710,2,1,1,1,0.5560929025237589,1,0.9874449968338012,1.0,1.0,1.0,1.0,1.0,1.0,1,1,0
711,4,1,1,1,0.9312371084733521,1,0.9724608659744264,0.38288920056100983,0.0,0.38288920056100983,0.0,0.38288920056100983,0.0,1,1,0
712,1,0,0,0,0.2969135166492788,0,0.3274393677711487,0.38429172510518933,0.0,0.38429172510518933,0.0,0.38429172510518933,0.0,1,1,0
713,2,1,0,0,0.30445770331683375,0,0.286968857049942,1.0,1.0,1.0,1.0,1.0,1.0,0,0,0
714,3,0,0,0,0.1176904133200345,0,0.1083541288971901,0.38429172510518933,0.0,0.38429172510518933,0.0,0.38429172510518933,0.0,1,1,0
715,4,0,0,0,0.09317099071231129,0,0.0691211745142936,0.38288920056100983,0.0,0.0,1.0,0.19144460028050492,0.5,1,1,0
716,1,0,0,0,0.17871262635086244,0,0.1377937495708465,0.38429172510518933,0.0,0.38429172510518933,0.0,0.38429172510518933,0.0,1,1,0
717,2,1,1,1,0.9006033962964557,1,0.987565577030182,0.38429172510518933,0.0,0.5,1.0,0.4421458625525947,0.5,1,1,0
718,2,1,1,1,0.8448046836840595,1,0.9170714616775512,0.38429172510518933,0.0,0.38429172510518933,0.0,0.38429172510518933,0.0,1,1,0
719,0,0,0,0,0.09557913889990553,0,0.0976096987724304,0.38342696629213485,0.0,0.38342696629213485,0.0,0.38342696629213485,0.0,1,1,0
720,1,0,0,0,0.13323125709111733,0,0.0849746763706207,1.0,1.0,0.38429172510518933,0.0,0.6921458625525947,0.5,1,1,0
721,2,1,1,1,0.9259480193983102,1,0.9363539814949036,0.5,1.0,0.5,1.0,0.5,1.0,1,1,0
722,1,0,0,0,0.09508585805786632,0,0.0690367668867111,0.38429172510518933,0.0,0.38429172510518933,0.0,0.38429172510518933,0.0,1,1,0
723,4,0,0,0,0.10053505529156512,0,0.0902003794908523,0.38288920056100983,0.0,0.38288920056100983,0.0,0.38288920056100983,0.0,1,1,0
724,0,0,0,0,0.13715170105004665,0,0.1010042130947113,0.38342696629213485,0.0,0.38342696629213485,0.0,0.38342696629213485,0.0,1,1,0
725,0,1,1,0,0.4810194422820048,0,0.4951031804084778,1.0,1.0,1.0,1.0,1.0,1.0,1,0,1
726,2,0,0,0,0.09491021466605042,0,0.0216633677482604,0.38429172510518933,0.0,0.38429172510518933,0.0,0.38429172510518933,0.0,1,1,0
727,3,1,1,1,0.8671603937774169,1,0.8898638486862183,0.38429172510518933,0.0,0.38429172510518933,0.0,0.38429172510518933,0.0,1,1,0
728,3,1,1,1,0.7283365673959205,1,0.7615533471107483,0.38429172510518933,0.0,0.38429172510518933,0.0,0.38429172510518933,0.0,1,1,0
729,3,0,0,0,0.06933017479199702,0,0.0824982970952987,0.38429172510518933,0.0,0.38429172510518933,0.0,0.38429172510518933,0.0,1,1,0
730,0,0,1,1,0.5372142294968878,1,0.6353466510772705,0.38342696629213485,0.0,0.38342696629213485,0.0,0.38342696629213485,0.0,0,0,0
731,1,1,1,1,0.9573419914789166,1,0.9930664896965028,0.38429172510518933,0.0,1.0,1.0,0.6921458625525947,0.5,1,1,0
732,2,0,1,0,0.20888243417034297,1,0.7604305148124695,0.38429172510518933,0.0,1.0,1.0,0.6921458625525947,0.5,0,1,1
733,0,0,0,0,0.11639682372791339,0,0.066039077937603,0.38342696629213485,0.0,0.38342696629213485,0.0,0.38342696629213485,0.0,1,1,0
734,1,0,0,0,0.09550484868983629,0,0.1223406419157981,0.38429172510518933,0.0,0.38429172510518933,0.0,0.38429172510518933,0.0,1,1,0
735,0,0,0,0,0.10677151721773656,0,0.1238951608538627,0.38342696629213485,0.0,0.38342696629213485,0.0,0.38342696629213485,0.0,1,1,0
736,3,0,0,0,0.11410461205009263,0,0.0949946045875549,0.38429172510518933,0.0,0.0,1.0,0.19214586255259467,0.5,1,1,0
737,1,0,0,0,0.25257152232489033,0,0.0047090556472539,0.0,1.0,0.0,1.0,0.0,1.0,1,1,0
738,0,1,1,0,0.3437516209177352,0,0.4178318977355957,0.38342696629213485,0.0,1.0,1.0,0.6917134831460674,0.5,1,0,1
739,4,0,0,0,0.09010206420507144,0,0.0852551534771919,0.38288920056100983,0.0,0.38288920056100983,0.0,0.38288920056100983,0.0,1,1,0
740,1,0,0,0,0.09412681961135089,0,0.084192007780075,0.38429172510518933,0.0,0.38429172510518933,0.0,0.38429172510518933,0.0,1,1,0
741,4,1,0,0,0.43383453157551055,0,0.3834023475646972,0.38288920056100983,0.0,0.38288920056100983,0.0,0.38288920056100983,0.0,0,0,0
742,3,0,0,0,0.3526702344754241,1,0.5965759754180908,0.38429172510518933,0.0,1.0,1.0,0.6921458625525947,0.5,1,1,0
743,3,1,1,1,0.8108948926437716,1,0.9834637641906738,1.0,1.0,1.0,1.0,1.0,1.0,1,1,0
744,2,0,0,0,0.09745846465619679,0,0.0836050659418106,0.38429172510518933,0.0,0.38429172510518933,0.0,0.38429172510518933,0.0,1,1,0
745,2,1,0,0,0.13563396963369787,0,0.3972449004650116,0.38429172510518933,0.0,0.38429172510518933,0.0,0.38429172510518933,0.0,0,0,0
746,4,0,0,1,0.5642882273395236,0,0.4234534204006195,1.0,1.0,1.0,1.0,1.0,1.0,1,0,1
747,4,0,0,0,0.23833437235178845,0,0.1656990647315979,1.0,1.0,1.0,1.0,1.0,1.0,1,1,0
748,3,1,1,1,0.8580195283804672,1,0.8348441123962402,0.38429172510518933,0.0,0.38429172510518933,0.0,0.38429172510518933,0.0,1,1,0
749,3,0,0,1,0.5042031434686768,0,0.4078743159770965,0.38429172510518933,0.0,0.38429172510518933,0.0,0.38429172510518933,0.0,1,0,1
750,2,0,0,0,0.07449993775694705,0,0.0643306449055671,0.38429172510518933,0.0,0.38429172510518933,0.0,0.38429172510518933,0.0,1,1,0
751,3,1,1,1,0.9066628072043843,1,0.9102097749710084,0.38429172510518933,0.0,0.38429172510518933,0.0,0.38429172510518933,0.0,1,1,0
752,3,1,1,1,0.6610882564364255,1,0.9698566794395448,1.0,1.0,1.0,1.0,1.0,1.0,1,1,0
753,1,0,0,0,0.13952025692214695,0,0.0943909361958503,0.38429172510518933,0.0,0.38429172510518933,0.0,0.38429172510518933,0.0,1,1,0
754,1,0,0,0,0.09412681961135089,0,0.0902980417013168,0.38429172510518933,0.0,0.38429172510518933,0.0,0.38429172510518933,0.0,1,1,0
755,2,1,1,1,0.813078990699249,1,0.976243019104004,1.0,1.0,1.0,1.0,1.0,1.0,1,1,0
756,1,1,1,1,0.6284526792166325,1,0.9347129464149476,0.38429172510518933,0.0,0.38429172510518933,0.0,0.38429172510518933,0.0,1,1,0
757,2,0,0,0,0.10357359071000356,0,0.095975175499916,0.38429172510518933,0.0,0.38429172510518933,0.0,0.38429172510518933,0.0,1,1,0
758,4,0,0,0,0.09296159182985136,0,0.1051956117153167,0.38288920056100983,0.0,0.38288920056100983,0.0,0.38288920056100983,0.0,1,1,0
759,2,0,0,0,0.13563396963369787,0,0.0598965734243392,0.38429172510518933,0.0,0.38429172510518933,0.0,0.38429172510518933,0.0,1,1,0
760,1,1,1,1,0.9657087569689694,1,0.9868632555007936,0.38429172510518933,0.0,1.0,1.0,0.6921458625525947,0.5,1,1,0
761,4,0,0,0,0.11240572769819358,0,0.0995421260595321,0.38288920056100983,0.0,0.0,1.0,0.19144460028050492,0.5,1,1,0
762,4,0,0,0,0.09659809586110643,0,0.0756434723734855,0.38288920056100983,0.0,0.38288920056100983,0.0,0.38288920056100983,0.0,1,1,0
763,4,1,0,0,0.134162216711829,0,0.096920721232891,0.38288920056100983,0.0,0.38288920056100983,0.0,0.38288920056100983,0.0,0,0,0
764,2,1,1,1,0.9402514371736275,1,0.9792023301124572,1.0,1.0,1.0,1.0,1.0,1.0,1,1,0
765,4,0,0,0,0.1475811106968916,0,0.0947179496288299,0.38288920056100983,0.0,0.38288920056100983,0.0,0.38288920056100983,0.0,1,1,0
766,0,1,1,1,0.9698284664274676,1,0.9942538738250732,0.38342696629213485,0.0,1.0,1.0,0.6917134831460674,0.5,1,1,0
767,4,0,0,0,0.3558577106451023,0,0.3426207900047302,0.38288920056100983,0.0,0.38288920056100983,0.0,0.38288920056100983,0.0,1,1,0
768,2,0,1,1,0.6519377980618956,0,0.4846693277359009,0.38429172510518933,0.0,0.38429172510518933,0.0,0.38429172510518933,0.0,0,0,0
769,3,0,0,0,0.14056258083241674,0,0.0759564638137817,0.5,1.0,0.5,1.0,0.5,1.0,1,1,0
770,2,0,0,0,0.1381674600194235,0,0.0694757774472236,0.38429172510518933,0.0,0.38429172510518933,0.0,0.38429172510518933,0.0,1,1,0
771,4,0,0,0,0.10917141868885055,0,0.0957395359873771,0.38288920056100983,0.0,0.38288920056100983,0.0,0.38288920056100983,0.0,1,1,0
772,1,0,0,0,0.09438557581130709,0,0.030163699761033,0.38429172510518933,0.0,0.38429172510518933,0.0,0.38429172510518933,0.0,1,1,0
773,1,0,1,1,0.8948578178397707,1,0.9249796271324158,0.38429172510518933,0.0,0.38429172510518933,0.0,0.38429172510518933,0.0,0,0,0
774,0,0,0,0,0.13057840491083797,0,0.0972617790102958,0.0,1.0,0.38342696629213485,0.0,0.19171348314606743,0.5,1,1,0
775,2,1,1,1,0.7934255852812603,1,0.8741428852081299,0.0,1.0,0.38429172510518933,0.0,0.19214586255259467,0.5,1,1,0
776,1,0,0,0,0.10127019461854396,0,0.0980749577283859,0.38429172510518933,0.0,0.38429172510518933,0.0,0.38429172510518933,0.0,1,1,0
777,3,0,0,0,0.1886447006031587,0,0.0833065509796142,0.38429172510518933,0.0,0.38429172510518933,0.0,0.38429172510518933,0.0,1,1,0
778,1,1,1,1,0.5766457751953029,1,0.8931496739387512,0.38429172510518933,0.0,1.0,1.0,0.6921458625525947,0.5,1,1,0
779,1,0,0,0,0.08549140375328382,0,0.0768709704279899,0.38429172510518933,0.0,0.38429172510518933,0.0,0.38429172510518933,0.0,1,1,0
780,0,1,1,1,0.9765458692252322,1,0.9937490820884703,0.38342696629213485,0.0,1.0,1.0,0.6917134831460674,0.5,1,1,0
781,0,1,1,1,0.6375954161139487,1,0.7136879563331604,0.38342696629213485,0.0,0.38342696629213485,0.0,0.38342696629213485,0.0,1,1,0
782,4,1,1,1,0.929653527428272,1,0.9847228527069092,1.0,1.0,1.0,1.0,1.0,1.0,1,1,0
783,4,0,1,1,0.5083930715913835,0,0.413976788520813,0.38288920056100983,0.0,0.38288920056100983,0.0,0.38288920056100983,0.0,0,0,0
784,2,0,0,0,0.1533566056581048,0,0.0225624032318592,0.0,1.0,0.0,1.0,0.0,1.0,1,1,0
785,2,0,0,0,0.08381789300868775,0,0.0450770556926727,0.38429172510518933,0.0,0.38429172510518933,0.0,0.38429172510518933,0.0,1,1,0
786,0,0,0,0,0.10161726980060153,0,0.0934397876262664,0.38342696629213485,0.0,0.38342696629213485,0.0,0.38342696629213485,0.0,1,1,0
787,4,1,1,1,0.541543314836181,1,0.6279251575469971,0.38288920056100983,0.0,0.38288920056100983,0.0,0.38288920056100983,0.0,1,1,0
788,0,0,0,0,0.21516122635844193,0,0.0078905886039137,0.0,1.0,0.0,1.0,0.0,1.0,1,1,0
789,0,1,1,0,0.4931051808934676,0,0.4644072353839874,0.0,1.0,0.0,1.0,0.0,1.0,1,0,1
790,3,0,0,0,0.33460060065634856,0,0.2177545726299286,0.38429172510518933,0.0,0.0,1.0,0.19214586255259467,0.5,1,1,0
791,0,0,0,0,0.09622279306538951,0,0.0748341530561447,0.38342696629213485,0.0,0.38342696629213485,0.0,0.38342696629213485,0.0,1,1,0
792,4,0,0,0,0.15974256202752307,0,0.1157443523406982,0.38288920056100983,0.0,0.0,1.0,0.19144460028050492,0.5,1,1,0
793,3,0,0,0,0.3361469581580569,0,0.0084862643852829,0.0,1.0,0.0,1.0,0.0,1.0,1,1,0
794,0,0,0,0,0.29731826042923415,0,0.2904785573482513,1.0,1.0,0.38342696629213485,0.0,0.6917134831460674,0.5,1,1,0
795,3,0,0,0,0.07460204738479814,0,0.0683434009552002,0.38429172510518933,0.0,0.38429172510518933,0.0,0.38429172510518933,0.0,1,1,0
796,0,0,0,0,0.13792581710679838,0,0.1159657984972,0.38342696629213485,0.0,0.38342696629213485,0.0,0.38342696629213485,0.0,1,1,0
797,0,1,1,1,0.742027261651179,1,0.9704560041427612,0.38342696629213485,0.0,0.38342696629213485,0.0,0.38342696629213485,0.0,1,1,0
798,4,1,1,0,0.4625390017024227,1,0.6104829907417297,0.38288920056100983,0.0,0.38288920056100983,0.0,0.38288920056100983,0.0,1,0,1
799,1,0,0,0,0.15068979576137437,0,0.0847513526678085,0.38429172510518933,0.0,0.38429172510518933,0.0,0.38429172510518933,0.0,1,1,0
800,0,0,0,0,0.47508138086459006,0,0.0433418788015842,0.0,1.0,0.0,1.0,0.0,1.0,1,1,0
801,3,0,0,0,0.0984125622997813,0,0.0703212916851043,0.38429172510518933,0.0,0.0,1.0,0.19214586255259467,0.5,1,1,0
802,0,1,1,1,0.8547133375286841,1,0.98213791847229,1.0,1.0,1.0,1.0,1.0,1.0,1,1,0
803,2,1,1,1,0.7015939462002715,1,0.9588738679885864,1.0,1.0,1.0,1.0,1.0,1.0,1,1,0
804,0,1,1,1,0.604659077508404,1,0.7967259883880615,0.38342696629213485,0.0,0.38342696629213485,0.0,0.38342696629213485,0.0,1,1,0
805,3,1,0,0,0.08938589856159342,0,0.0702355578541755,0.38429172510518933,0.0,0.38429172510518933,0.0,0.38429172510518933,0.0,0,0,0
806,2,0,0,0,0.09726430116247821,0,0.0682938620448112,0.38429172510518933,0.0,0.38429172510518933,0.0,0.38429172510518933,0.0,1,1,0
807,3,0,0,0,0.30404831576541563,0,0.1025605425238609,1.0,1.0,0.38429172510518933,0.0,0.6921458625525947,0.5,1,1,0
808,4,0,1,1,0.5281616389714711,1,0.6281841993331909,0.38288920056100983,0.0,0.38288920056100983,0.0,0.38288920056100983,0.0,0,0,0
809,4,0,0,0,0.09811223577319181,0,0.0868226140737533,0.5,1.0,0.38288920056100983,0.0,0.4414446002805049,0.5,1,1,0
810,3,1,1,1,0.9462350762012973,1,0.9754397869110109,1.0,1.0,1.0,1.0,1.0,1.0,1,1,0
811,3,0,0,0,0.08517329105093635,0,0.0677488669753074,0.38429172510518933,0.0,0.38429172510518933,0.0,0.38429172510518933,0.0,1,1,0
812,0,0,0,0,0.16170012754183968,0,0.1177366971969604,0.38342696629213485,0.0,0.0,1.0,0.19171348314606743,0.5,1,1,0
813,3,0,0,0,0.11321168534918281,0,0.0882315337657928,0.38429172510518933,0.0,0.38429172510518933,0.0,0.38429172510518933,0.0,1,1,0
814,4,0,0,0,0.2830396705042966,0,0.0194359347224235,0.0,1.0,0.0,1.0,0.0,1.0,1,1,0
815,0,0,0,0,0.14523846270966506,0,0.0924751162528991,0.38342696629213485,0.0,0.38342696629213485,0.0,0.38342696629213485,0.0,1,1,0
816,3,0,0,0,0.2554877514098677,0,0.1025975048542022,0.38429172510518933,0.0,0.38429172510518933,0.0,0.38429172510518933,0.0,1,1,0
817,2,0,1,1,0.508402932647575,1,0.6337939500808716,0.38429172510518933,0.0,0.38429172510518933,0.0,0.38429172510518933,0.0,0,0,0
818,2,0,0,0,0.15489269276075288,0,0.1114818006753921,1.0,1.0,1.0,1.0,1.0,1.0,1,1,0
819,0,0,0,0,0.11126979760302523,0,0.0848265662789344,0.38342696629213485,0.0,0.38342696629213485,0.0,0.38342696629213485,0.0,1,1,0
820,2,0,0,0,0.17663167317204395,0,0.0075406744144856,0.0,1.0,0.0,1.0,0.0,1.0,1,1,0
821,4,1,1,1,0.959442046550713,1,0.9817808866500854,0.38288920056100983,0.0,0.38288920056100983,0.0,0.38288920056100983,0.0,1,1,0
822,3,1,0,0,0.1176904133200345,0,0.0848806425929069,0.38429172510518933,0.0,0.38429172510518933,0.0,0.38429172510518933,0.0,0,0,0
823,0,0,0,0,0.30962372385390513,0,0.1288464069366455,0.38342696629213485,0.0,0.38342696629213485,0.0,0.38342696629213485,0.0,1,1,0
824,1,1,1,1,0.6086082338331179,1,0.967851996421814,1.0,1.0,1.0,1.0,1.0,1.0,1,1,0
825,3,0,0,0,0.18515443958502267,0,0.0103796478360891,0.0,1.0,0.0,1.0,0.0,1.0,1,1,0
826,2,0,0,0,0.07193847485912493,0,0.0650761947035789,0.38429172510518933,0.0,0.38429172510518933,0.0,0.38429172510518933,0.0,1,1,0
827,1,0,0,0,0.2219131471623984,1,0.6282832026481628,0.38429172510518933,0.0,1.0,1.0,0.6921458625525947,0.5,1,1,0
828,3,1,1,1,0.6442783379689825,1,0.8272297382354736,0.0,1.0,0.0,1.0,0.0,1.0,1,1,0
829,1,1,0,0,0.08549140375328382,0,0.0757266581058502,0.38429172510518933,0.0,0.38429172510518933,0.0,0.38429172510518933,0.0,0,0,0
830,4,1,1,1,0.944292318772105,1,0.985489010810852,0.38288920056100983,0.0,1.0,1.0,0.6914446002805049,0.5,1,1,0
831,0,1,1,0,0.4701489674804543,1,0.5952363014221191,0.0,1.0,0.0,1.0,0.0,1.0,1,0,1
832,2,1,1,1,0.7180735673313946,1,0.9897690415382384,1.0,1.0,1.0,1.0,1.0,1.0,1,1,0
833,2,0,0,0,0.10117752706975286,0,0.0402308367192745,0.38429172510518933,0.0,0.38429172510518933,0.0,0.38429172510518933,0.0,1,1,0
834,4,0,0,0,0.09010206420507144,0,0.0873116478323936,0.38288920056100983,0.0,0.38288920056100983,0.0,0.38288920056100983,0.0,1,1,0
835,4,0,0,0,0.12101137139533756,0,0.0963258892297744,0.38288920056100983,0.0,0.38288920056100983,0.0,0.38288920056100983,0.0,1,1,0
836,4,1,1,1,0.9882725297487757,1,0.9812729358673096,0.38288920056100983,0.0,0.38288920056100983,0.0,0.38288920056100983,0.0,1,1,0
837,4,0,0,0,0.12101137139533756,0,0.0939668640494346,0.38288920056100983,0.0,0.38288920056100983,0.0,0.38288920056100983,0.0,1,1,0
838,4,0,0,0,0.11280790210980196,0,0.0868712961673736,0.38288920056100983,0.0,0.38288920056100983,0.0,0.38288920056100983,0.0,1,1,0
839,1,1,0,0,0.23569464078226945,1,0.5666478276252747,0.38429172510518933,0.0,1.0,1.0,0.6921458625525947,0.5,0,0,0
840,0,1,0,0,0.3730841402070371,0,0.3275332748889923,0.38342696629213485,0.0,0.38342696629213485,0.0,0.38342696629213485,0.0,0,0,0
841,2,0,0,0,0.09813654216241878,0,0.0724878013134002,0.38429172510518933,0.0,0.38429172510518933,0.0,0.38429172510518933,0.0,1,1,0
842,1,0,0,0,0.1374584138385908,0,0.1100206673145294,0.38429172510518933,0.0,0.38429172510518933,0.0,0.38429172510518933,0.0,1,1,0
843,3,1,1,1,0.8529792328897682,1,0.9488497376441956,0.38429172510518933,0.0,0.0,1.0,0.19214586255259467,0.5,1,1,0
844,4,0,0,0,0.12485264031806444,0,0.072967492043972,0.38288920056100983,0.0,0.38288920056100983,0.0,0.38288920056100983,0.0,1,1,0
845,4,0,0,0,0.12101137139533756,0,0.1007705852389335,0.38288920056100983,0.0,0.38288920056100983,0.0,0.38288920056100983,0.0,1,1,0
846,0,0,0,0,0.11153685950606332,0,0.0908497869968414,0.38342696629213485,0.0,0.38342696629213485,0.0,0.38342696629213485,0.0,1,1,0
847,4,0,0,0,0.21895324156018253,0,0.0111333150416612,0.0,1.0,0.0,1.0,0.0,1.0,1,1,0
848,2,0,0,0,0.09388974756726619,0,0.0698814019560813,0.38429172510518933,0.0,0.38429172510518933,0.0,0.38429172510518933,0.0,1,1,0
849,0,0,0,0,0.43540338361100217,0,0.2387372851371765,1.0,1.0,1.0,1.0,1.0,1.0,1,1,0
850,4,1,1,1,0.9507142689398355,1,0.9848445653915404,1.0,1.0,1.0,1.0,1.0,1.0,1,1,0
851,2,0,0,0,0.28808173866404324,0,0.0105337798595428,0.0,1.0,0.0,1.0,0.0,1.0,1,1,0
852,4,0,0,0,0.10586798824365773,0,0.0771698802709579,0.38288920056100983,0.0,0.38288920056100983,0.0,0.38288920056100983,0.0,1,1,0
853,1,0,0,1,0.642993180737856,0,0.046295415610075,0.0,1.0,0.0,1.0,0.0,1.0,1,0,1
854,3,1,1,1,0.9214345900755057,1,0.9654526710510254,0.38429172510518933,0.0,0.38429172510518933,0.0,0.38429172510518933,0.0,1,1,0
855,2,0,1,1,0.9116301656316264,1,0.800520658493042,1.0,1.0,0.0,1.0,0.5,1.0,0,0,0
856,4,1,1,1,0.503879497933695,1,0.7478002905845642,0.38288920056100983,0.0,0.38288920056100983,0.0,0.38288920056100983,0.0,1,1,0
857,0,1,1,1,0.9073849817684418,1,0.9885495901107788,1.0,1.0,1.0,1.0,1.0,1.0,1,1,0
858,2,1,0,0,0.3991558469857985,0,0.2928716242313385,0.38429172510518933,0.0,0.38429172510518933,0.0,0.38429172510518933,0.0,0,0,0
859,3,1,1,1,0.6692985152404717,1,0.9531923532485962,1.0,1.0,1.0,1.0,1.0,1.0,1,1,0
860,1,0,0,0,0.14918198405983513,0,0.1108839511871337,0.38429172510518933,0.0,0.38429172510518933,0.0,0.38429172510518933,0.0,1,1,0
861,3,0,0,0,0.08935982837946208,0,0.0754007771611213,0.0,1.0,0.38429172510518933,0.0,0.19214586255259467,0.5,1,1,0
862,3,0,0,0,0.12330028112355942,0,0.1133508011698722,0.38429172510518933,0.0,0.38429172510518933,0.0,0.38429172510518933,0.0,1,1,0
863,0,1,1,1,0.9284279827567447,1,0.9916682839393616,0.38342696629213485,0.0,0.38342696629213485,0.0,0.38342696629213485,0.0,1,1,0
864,4,0,0,0,0.32419183135148155,0,0.0146971037611365,0.0,1.0,0.0,1.0,0.0,1.0,1,1,0
865,3,0,0,0,0.09347992686294074,0,0.1005761697888374,0.38429172510518933,0.0,0.38429172510518933,0.0,0.38429172510518933,0.0,1,1,0
866,3,1,1,1,0.8208337531814802,1,0.8542506694793701,0.38429172510518933,0.0,0.38429172510518933,0.0,0.38429172510518933,0.0,1,1,0
867,2,1,1,1,0.8462113300356029,1,0.8743723034858704,0.38429172510518933,0.0,0.38429172510518933,0.0,0.38429172510518933,0.0,1,1,0
868,2,0,0,0,0.3932341351406837,0,0.3698424100875854,0.38429172510518933,0.0,0.38429172510518933,0.0,0.38429172510518933,0.0,1,1,0
869,1,0,0,0,0.10674213043191132,0,0.0952428430318832,0.38429172510518933,0.0,0.38429172510518933,0.0,0.38429172510518933,0.0,1,1,0
870,2,1,1,1,0.6382459322118004,1,0.9836609363555908,0.38429172510518933,0.0,1.0,1.0,0.6921458625525947,0.5,1,1,0
871,0,0,0,0,0.10228797230102715,0,0.078217327594757,0.38342696629213485,0.0,0.38342696629213485,0.0,0.38342696629213485,0.0,1,1,0
872,2,1,1,1,0.9638166128077726,1,0.9767918586730956,1.0,1.0,1.0,1.0,1.0,1.0,1,1,0
873,3,0,0,0,0.30874302473292625,0,0.154201254248619,0.38429172510518933,0.0,0.38429172510518933,0.0,0.38429172510518933,0.0,1,1,0
874,0,0,0,0,0.13441828199399483,0,0.0875041484832763,0.38342696629213485,0.0,0.38342696629213485,0.0,0.38342696629213485,0.0,1,1,0
875,1,1,1,1,0.8634343924997485,1,0.9032484889030457,0.38429172510518933,0.0,0.38429172510518933,0.0,0.38429172510518933,0.0,1,1,0
876,0,1,1,1,0.6375954161139487,1,0.6889089345932007,0.38342696629213485,0.0,0.38342696629213485,0.0,0.38342696629213485,0.0,1,1,0
877,4,0,0,0,0.12130543518983117,0,0.0908476263284683,0.0,1.0,0.38288920056100983,0.0,0.19144460028050492,0.5,1,1,0
878,3,0,0,0,0.07680639021199814,0,0.0767777860164642,0.38429172510518933,0.0,0.38429172510518933,0.0,0.38429172510518933,0.0,1,1,0
879,1,0,0,0,0.09412681961135089,0,0.084192007780075,0.38429172510518933,0.0,0.38429172510518933,0.0,0.38429172510518933,0.0,1,1,0
880,1,1,1,1,0.9743382224691449,1,0.989265203475952,0.38429172510518933,0.0,0.38429172510518933,0.0,0.38429172510518933,0.0,1,1,0
881,2,1,1,1,0.9313190761513166,1,0.9737836122512816,0.38429172510518933,0.0,1.0,1.0,0.6921458625525947,0.5,1,1,0
882,4,0,0,0,0.11839644982734678,0,0.0845490172505378,0.38288920056100983,0.0,0.38288920056100983,0.0,0.38288920056100983,0.0,1,1,0
883,1,0,1,1,0.5621785233292733,1,0.7148598432540894,0.38429172510518933,0.0,0.38429172510518933,0.0,0.38429172510518933,0.0,0,0,0
884,0,0,0,0,0.12920471966631314,0,0.1324484944343567,0.38342696629213485,0.0,0.38342696629213485,0.0,0.38342696629213485,0.0,1,1,0
885,0,0,0,0,0.10161726980060153,0,0.093938261270523,0.38342696629213485,0.0,0.38342696629213485,0.0,0.38342696629213485,0.0,1,1,0
886,0,0,0,0,0.3885444148065747,0,0.0143088204786181,0.0,1.0,0.0,1.0,0.0,1.0,1,1,0
887,2,0,0,0,0.28523777600348504,0,0.1362866163253784,0.38429172510518933,0.0,0.38429172510518933,0.0,0.38429172510518933,0.0,1,1,0
888,3,1,1,1,0.9031400617914541,1,0.9690691232681274,0.5,1.0,0.38429172510518933,0.0,0.4421458625525947,0.5,1,1,0
889,3,0,0,1,0.5235505950376892,1,0.5629639029502869,0.0,1.0,0.0,1.0,0.0,1.0,1,0,1
890,2,1,0,0,0.41122577978701136,0,0.3849957585334778,0.38429172510518933,0.0,0.38429172510518933,0.0,0.38429172510518933,0.0,0,0,0
891,0,0,0,0,0.11640249279585024,0,0.0938137471675872,0.38342696629213485,0.0,0.38342696629213485,0.0,0.38342696629213485,0.0,1,1,0
