PassengerId,fold,Survived,baseline__Panel,baseline__GradientBoosting,baseline__XGBoost,baseline__CatBoost,baseline__RuleFit,baseline__LogisticRegression,cabin_missing__Panel,cabin_missing__GradientBoosting,cabin_missing__XGBoost,cabin_missing__CatBoost,cabin_missing__RuleFit,cabin_missing__LogisticRegression,relational__Panel,relational__GradientBoosting,relational__XGBoost,relational__CatBoost,relational__RuleFit,relational__LogisticRegression,interactions__Panel,interactions__GradientBoosting,interactions__XGBoost,interactions__CatBoost,interactions__RuleFit,interactions__LogisticRegression,wcg_detail__Panel,wcg_detail__GradientBoosting,wcg_detail__XGBoost,wcg_detail__CatBoost,wcg_detail__RuleFit,wcg_detail__LogisticRegression,structural_all__Panel,structural_all__GradientBoosting,structural_all__XGBoost,structural_all__CatBoost,structural_all__RuleFit,structural_all__LogisticRegression,all__Panel,all__GradientBoosting,all__XGBoost,all__CatBoost,all__RuleFit,all__LogisticRegression
1,1,0,0.06273307130656251,0.10765852380526181,0.08859175443649292,0.08880519550450545,0.0026874917261801227,0.025922391060372307,0.0633650464852455,0.10267066714389649,0.09162191301584244,0.09706478611679804,0.002484781781343789,0.022983084368346743,0.05198809465190222,0.08575882977461759,0.07083743065595627,0.07830322318364244,0.0009236513598643841,0.024117338285430397,0.05707605746419908,0.0922752136628416,0.0794379860162735,0.08868725881063594,0.0018912035272917328,0.023088625303952646,0.06468917016503618,0.10243915484925141,0.08747823536396027,0.10294859315995855,0.0025902108969563845,0.02798965655505424,0.04920304110440014,0.08460929349008106,0.06614680588245392,0.0727494436460832,0.0011110964569591485,0.021398566046423352,0.05297797097166675,0.08513264813135989,0.07541918754577637,0.07615194972428577,0.0023478661440374843,0.025838203312874244
2,4,1,0.9539632479409164,0.9303114029584195,0.9504429697990417,0.9749776823283591,0.9994912126879962,0.9145929719307654,0.9547311749597576,0.9272964209334382,0.9545528888702393,0.9639068763339705,0.9988296587696827,0.9290700298914571,0.9583254734037376,0.9351455937661535,0.9514847993850708,0.9680133143211618,0.9997279872003647,0.9372556723459383,0.9684481534962217,0.9441445409434289,0.9650256633758545,0.9699468964383892,0.9986282676278422,0.9644953990955939,0.9579978935359545,0.9321909920080245,0.9541114568710327,0.9740006894863977,0.999041725162276,0.9306446041520418,0.9715707761191539,0.9478765479986219,0.9574915170669556,0.9734598374493957,0.999039981935456,0.9799859961453403,0.9703799082049323,0.9475361733336258,0.9571115374565125,0.972600903049018,0.9981490432169187,0.9765018839685861
3,3,1,0.49634274865396455,0.5836310305097197,0.5422132611274719,0.5609226329036555,0.21201250752846557,0.5829343112005102,0.4867428822115202,0.5768713906684475,0.5225715041160583,0.5834753925296555,0.20143848717377652,0.5493576365696634,0.4969683622721325,0.6025431475950112,0.5453146696090698,0.580972109922338,0.22951707957484158,0.526494804659402,0.4981732899236085,0.5590787635237943,0.5214827656745911,0.564214855662586,0.23190867295350132,0.6141813918035698,0.5249695175816016,0.5670802741791843,0.5447407960891724,0.5724246684050427,0.3768896731336819,0.5637121761009268,0.5150907073619219,0.5873721153300165,0.5404651761054993,0.5468976442336155,0.3892655173447844,0.5114530837956934,0.5060059915817644,0.5787753078752395,0.5356848239898682,0.5550584877110404,0.36112552364653505,0.49938581468613924
4,3,1,0.9446025362024351,0.9250855298405524,0.9290571808815002,0.9489599529722209,0.9981607077166752,0.921749309601227,0.9431647625758608,0.9009208384547474,0.9363706111907959,0.9588254406378113,0.9980217923455829,0.921685130250366,0.9433974012261022,0.9235762081340058,0.9258977770805359,0.9347164509830518,0.9975470936799222,0.9352494762529946,0.9446883311755186,0.9165560043894858,0.923153281211853,0.9482756228002995,0.9958624859341998,0.9395942615417551,0.9500817808617962,0.9256139951574416,0.9344971179962158,0.9626663752028871,0.9970904323598964,0.9305409835925397,0.9513054115325268,0.9149250906915241,0.9407598376274109,0.944471678208469,0.9981478612246026,0.9582225899106271,0.9499492997686592,0.9195494632563704,0.9212953448295593,0.9369805484738286,0.998610077843566,0.9733110644399706
5,0,0,0.11894597276088285,0.13795053877826943,0.12170933932065964,0.11515228637777937,0.014722056713341125,0.20519564261436463,0.12121663167733714,0.14015670305496214,0.12999412417411804,0.10783366364591604,0.015198062123033379,0.21290060538865613,0.16764345655782856,0.15998820963053811,0.18336676061153412,0.1317996897177171,0.022072363940352308,0.34099025888900114,0.1488385794945684,0.1449880888506047,0.13681520521640778,0.11982088748760004,0.037607279625043545,0.30496143629318595,0.08918704237353957,0.12114615078840477,0.12584780156612396,0.12813852402153758,0.0048338569658413185,0.06596887852579025,0.22023143152311747,0.15280011620746306,0.1930636465549469,0.14342111707979696,0.13014295557069439,0.48172932220268616,0.162031657594861,0.13983992035822704,0.2030533105134964,0.1347850899533884,0.10601604205643199,0.22646392509276123
6,4,0,0.09858054992901918,0.1277491659923913,0.12542323768138885,0.12068262192545297,0.008741220844258393,0.11030650320160443,0.08656046800161674,0.1100771090286484,0.12200085818767548,0.09442509607788624,0.0048149020366296345,0.10148437467724399,0.09144282788667728,0.12258545421609406,0.1147986426949501,0.10525956633453323,0.0059540879501751316,0.10861638823763385,0.12515476112959034,0.12240360903821589,0.15079930424690247,0.13208645242678427,0.005265777203939779,0.21521866273210924,0.09903971853815799,0.12704872280093069,0.12968842685222626,0.11584017588419251,0.005486540484361848,0.11713472666907866,0.10752744811849087,0.11626391240650662,0.12575572729110718,0.1057257911695324,0.00788643943174835,0.18200537029355976,0.11072488956603302,0.10491919152630083,0.12969915568828583,0.11457989458060418,0.002922706469148493,0.20150349956582572
7,0,0,0.21214128116842795,0.16134409140810813,0.1741611212491989,0.26022175683216525,0.053871449065106505,0.411107987287561,0.19702824886614362,0.13537380976457639,0.18962697684764862,0.23011150955911622,0.01041067188237491,0.419618276277002,0.1993538935513214,0.17147367310382558,0.18681848049163818,0.26337008330825135,0.012638641524818207,0.3624685893280738,0.19355037664364313,0.21072898935193737,0.1846543550491333,0.21359456840513297,0.00545961441472299,0.35331435599728905,0.21474959272201216,0.17363252345120891,0.17659978568553925,0.22446488127832057,0.07985459486960655,0.41919617832538564,0.19895827991645132,0.19762851521257999,0.19032225012779236,0.27576619101004174,0.004819631810070831,0.32625481142177165,0.20793049975160188,0.19046226884031553,0.20909148454666138,0.25610915560521097,0.0028764506083808028,0.38111313915744055
8,4,0,0.06533216691613006,0.06902698376703945,0.10992777347564697,0.07046028496935382,0.002426857950470834,0.07481893441813928,0.0805483036871723,0.069978314328835,0.1479417383670807,0.10045486321616089,0.00702919633154888,0.07733740619223611,0.07901682712317447,0.06635225383399776,0.1416754573583603,0.10122973752636222,0.014671345037285023,0.07115534185986706,0.08167751245609049,0.07777538176159747,0.132563516497612,0.08731830756759824,0.020696136506648744,0.09003421994699604,0.047756923920568725,0.06412737067867079,0.0969913974404335,0.059154407187426074,0.001968236897176622,0.016543207399136634,0.09251794742481285,0.07707170806247972,0.159552663564682,0.1217776074261551,0.013735268571024174,0.09045248949972325,0.08704757509630479,0.08661529149330326,0.13568450510501862,0.06687718265622512,0.00950092651576213,0.13655996971121484
9,4,1,0.7947428583825031,0.786126051742751,0.7177531719207764,0.7914896485595316,0.8997494845170732,0.7785959351723835,0.7668373874848411,0.7319143357762431,0.6549910306930542,0.8002248299664527,0.8322429357496969,0.8148138052387589,0.7781381025774221,0.7309835004283602,0.7025659680366516,0.803904600570988,0.9499556162044871,0.7032808276466239,0.6899391967203481,0.7444807447994954,0.6444841027259827,0.7615465559362868,0.7577607099589547,0.5414238701810206,0.7160619475677512,0.7569293253128926,0.7033090591430664,0.8648297653312914,0.55909659774197,0.6961449903095354,0.6805181308839078,0.6892175677820943,0.6066500544548035,0.7295120630228192,0.7789964244569316,0.5982145447028901,0.7065291140133583,0.6959236909829666,0.6381785273551941,0.7386031291020684,0.7672223610331333,0.6927178615934289
10,3,1,0.9292597306622111,0.8985586144048998,0.9083026051521301,0.9018208251751527,0.9973735365108006,0.9402430720680719,0.9329214360515039,0.9006112826203955,0.9247754812240601,0.9175782274474119,0.9971367382817716,0.9245054506838807,0.9226418628833268,0.8866608609767129,0.9137459397315979,0.8821224663551667,0.9901859098163619,0.9404941375367943,0.9432204623320143,0.9003097577251284,0.9111793637275696,0.9200765555150773,0.996469329383797,0.9880673053084991,0.9361160902027681,0.9073485608817192,0.9278196096420288,0.9108249781866979,0.9939996456088103,0.9405876566945836,0.9276936960338776,0.893478539936885,0.9061447381973267,0.8757204234222392,0.9987983215957053,0.9643264570172314,0.9316867783758072,0.8987026055861488,0.8999595046043396,0.8995237089001709,0.9951385386130417,0.9651095341753347
11,2,1,0.9182291998658393,0.9004878644465858,0.9503706097602844,0.9270342792668376,0.9983426994195197,0.8149105464359684,0.9208290593973274,0.8986127888060396,0.9366714954376221,0.96329974689156,0.9989744314601468,0.8065868343912683,0.9320722416459765,0.919316318395446,0.945445716381073,0.9444612430339856,0.9991928896073637,0.8519450408120137,0.9328082616534676,0.8829583024696587,0.9194169044494629,0.9600757834376017,0.9992047418639539,0.9023855760466605,0.9485169735088606,0.923034970165438,0.9426664710044861,0.9713261064602811,0.9991933321424135,0.9063639877716839,0.9372038414868561,0.890197025553584,0.9284363389015198,0.9383245171407038,0.9984915665391918,0.9305697592992804,0.9535151417823752,0.8999188675878895,0.9404120445251465,0.9611266095472996,0.9974940016201794,0.9686241856313613
12,4,1,0.8731537900579995,0.8464832578500268,0.8530699610710144,0.8834607964016955,0.9790056727056505,0.8037492622616108,0.8726942002736031,0.8799588979911137,0.870216429233551,0.8662375310354324,0.9616035349111525,0.7854546081967663,0.8963316350147041,0.8631072592934993,0.8639395833015442,0.9107217960477136,0.9879900261674672,0.8558995102632961,0.8549877224222179,0.6802493520737042,0.8576844930648804,0.8646557176603245,0.9614735512529274,0.9108754980592525,0.8813346687098849,0.8447615543501092,0.8707848191261292,0.8814299222545626,0.9951793161686219,0.8145177316500014,0.8694325580820317,0.7805816115017027,0.850739598274231,0.8571074353578827,0.9185735888059947,0.9401605564703477,0.8874367854424055,0.797146404630891,0.8325649499893188,0.8963151876702223,0.9548537661183819,0.9563036188032131
13,4,0,0.08694350608874332,0.09962528495367212,0.11853664368391037,0.11080289710817633,0.0021765929703891295,0.10357611172756864,0.08873714725871247,0.10271913352942962,0.110255166888237,0.11541360252192502,0.0021355147209723203,0.11316231863299839,0.086911414630603,0.10056335954594377,0.11660092324018478,0.10742413989190851,0.003871084330102834,0.10609756614487509,0.09030834133801154,0.09716104188139708,0.12356281280517578,0.11101653818910419,0.0023362888212077678,0.11746502499317286,0.08469486075143838,0.10177566912784602,0.1154528483748436,0.10425441031974,0.0022945849573819716,0.09969679097738031,0.09974926412793104,0.10128121841948923,0.12926848232746124,0.11157711647413988,0.0026278541242394323,0.15399164929432546,0.09788292882355276,0.10044435432706846,0.12736710906028748,0.11406120089374225,0.0025210698938203753,0.14502090994284522
14,0,0,0.04980117539861516,0.11119877727527101,0.08870416134595871,0.046670303879398585,0.0002149657423469722,0.0022176687501005237,0.04343717739002577,0.09061480162751635,0.08962967246770859,0.034489918690188935,0.0002715172348844367,0.002179976929830514,0.03482830648552547,0.08498947271813714,0.05686667561531067,0.03102327829742325,9.587944509850214e-05,0.0011662263516578068,0.035709949257434745,0.07881943184992223,0.05493801087141037,0.041340670424134494,0.00040295483433050493,0.0030486783073760907,0.038874271756282816,0.0955769642292166,0.06754990667104721,0.030957833705361416,0.0002787685067596227,7.885669029241624e-06,0.033414166878633224,0.07637361473035015,0.06020409241318703,0.0288661827494434,0.0004445723635301987,0.0011823721366553213,0.029393861234744596,0.07527223533300591,0.04345645010471344,0.02790438993962568,0.0003278500523229513,8.380744055018103e-06
15,3,0,0.7854215000167643,0.8098937643964892,0.7578702569007874,0.7322719893289139,0.9108812311376888,0.7161902583199419,0.8097260118876196,0.7826510133428782,0.7789177894592285,0.7338430041978211,0.971677511391497,0.7815407410466731,0.792779657879335,0.8212568750537068,0.7873274683952332,0.7127618369768657,0.948219262865807,0.6943328461050629,0.8070996921951004,0.7748663668459589,0.7783531546592712,0.7502100299422795,0.8947016134526402,0.837367296075352,0.7953478243074735,0.8198116591199511,0.8187365531921387,0.745170892016103,0.8852568361201938,0.7077631810889806,0.8175249724209849,0.7908113194272516,0.7805848121643066,0.7570303849693034,0.9437703461392377,0.815427999404825,0.8215521489715811,0.8010599616103694,0.7777031064033508,0.7920866997458657,0.9385485173255463,0.7983624597727738
16,3,1,0.7026843348136748,0.6168920007927999,0.7408314347267151,0.7335260870435483,0.5707296155104296,0.8514425359948812,0.6136900796665773,0.578854533679924,0.7281249761581421,0.7041468736229064,0.24386356112549373,0.8134604537464206,0.7154861307506211,0.6344952833649488,0.7629727721214294,0.693784259241678,0.602705017401994,0.8834733216230556,0.6141352537807677,0.5404802406683189,0.7066551446914673,0.746552250462723,0.26839806659243826,0.8085905664888909,0.6924745569392323,0.5769464179522138,0.7762187719345093,0.7122742372382044,0.5502042979571411,0.8467290596140931,0.6713794758627802,0.5508992958794781,0.6894623637199402,0.7608167395363254,0.623071839587612,0.7326471405905457,0.6804731732857212,0.566138920285598,0.7199748158454895,0.7607269852570131,0.6081031349055673,0.7474220101349374
17,1,0,0.053058295856477665,0.05689959461144684,0.06888750940561295,0.04523517845850508,0.0034558714820684335,0.09081332532475503,0.04921756086879089,0.05607606718302925,0.06045321375131607,0.03780232376230558,0.0023876644494755118,0.08936853519782802,0.05656839143507493,0.06979555724601566,0.081752710044384,0.07194322587186865,0.0031923644023024006,0.05615809961080398,0.07460200984825505,0.06747360042559303,0.07346148043870926,0.04533333799529858,0.004135111866171454,0.18260651851550289,0.028778305112896564,0.05618691770534646,0.053892526775598526,0.021466873838131662,0.0014162048598155932,0.010929002385590582,0.06841498169524088,0.08398853890495812,0.07611121237277985,0.053082650568257034,0.001530711944555664,0.12736179468565373,0.03922378610353786,0.062226643296227215,0.06651217490434647,0.03845093868260225,0.0014721787475686268,0.027456994886944756
18,4,1,0.08730967593212993,0.10235925118898595,0.09550929069519043,0.10585642238389867,0.004965636747001602,0.127857778645573,0.09063256881437472,0.1004944631650434,0.09470564126968384,0.10713088824393933,0.004458342527800527,0.14637350886540643,0.06681971457067973,0.09348128517728527,0.08090924471616745,0.10208776306869215,0.002435513630305715,0.055184766260948044,0.07223255012479499,0.09945302967238988,0.08965463191270828,0.10651919479725468,0.0033433585721338536,0.062192535669488194,0.0884398116980579,0.10240317550727812,0.10392232239246368,0.10686863327953848,0.004497043258073068,0.12450788405293611,0.05154802792867887,0.08531514693129623,0.07214058935642242,0.08837397337989376,0.0015039405963403645,0.01040648937944156,0.05253589740843194,0.08791889187718634,0.06239071115851402,0.08782744384265666,0.0014107360174771483,0.023131704146325534
19,3,0,0.6992994102927458,0.6638908304124612,0.7250546216964722,0.7031386004896497,0.7221257570074393,0.6822872418577067,0.732966712900932,0.7002174641283258,0.7340794801712036,0.6962594782373288,0.756592100705543,0.7776850412622583,0.7046042712602343,0.6473538237346245,0.7287130355834961,0.689154837030225,0.652764644421467,0.8050350155313591,0.66514774366285,0.6664482247099568,0.6952324509620667,0.6649512170193441,0.6106472523541144,0.6884595732687686,0.7114317437184667,0.6815739959881648,0.7377804517745972,0.6828146931078564,0.7610064006273511,0.6939831770943641,0.7338063063853792,0.6744331156307858,0.6839451193809509,0.6623263079850049,0.7391752685340758,0.9091517203960789,0.7491475797325201,0.681323730367438,0.7333091497421265,0.6803563467371323,0.7698246981451415,0.8809239736707617
20,0,1,0.6581584620260665,0.6857756501550799,0.5695944428443909,0.6239515274711861,0.5652146001654681,0.8462560894942076,0.6078971040924757,0.6806244145009682,0.5614022016525269,0.5757824462406321,0.41476548274919917,0.8069109753190513,0.6612505862744839,0.6607361188402583,0.584417998790741,0.6582725743936929,0.5216938933926105,0.8811323459551167,0.6675963261965109,0.6541877981135371,0.5777493715286255,0.6171389804774283,0.7383934978524719,0.7505119830104915,0.6266396924957717,0.6739263865761462,0.5451593399047852,0.6275194621785004,0.4386161107834185,0.8479771630360081,0.6746839804405792,0.6882556307912572,0.6149343848228455,0.6445852613657362,0.6942278880554016,0.7314167371676555,0.6723617373920823,0.6667323144180951,0.5883347392082214,0.6024544391185203,0.7466463190170455,0.7576408751985291
21,1,0,0.10055430433258386,0.10596658336287833,0.11177445203065872,0.14650584149921703,0.004508593951569882,0.1340160508185953,0.09741622422865504,0.10802347785773736,0.11266841739416122,0.13403318659247193,0.0067231890079370036,0.12563285029096768,0.0915515471066319,0.11346933072013295,0.1018296480178833,0.12425363451067784,0.005155153696515131,0.11304996858795027,0.08116917684392953,0.12245198640923638,0.107338085770607,0.11760897730216452,0.0049168649208419304,0.053529969816797855,0.09970817150552638,0.10994836498586977,0.10740753263235092,0.12370274956041856,0.004866600163417073,0.15261561018557562,0.07340232527272389,0.09851582918792215,0.11118967086076736,0.11681785927132886,0.002418261405152693,0.03807000563844842,0.06943404189104521,0.09906924668991106,0.10179506242275238,0.1160093447981864,0.0007925030856819344,0.029504052458694262
22,3,1,0.18617530514776412,0.18893209123177465,0.16351749002933502,0.1963001465970448,0.006309801873177553,0.3758169960074885,0.1886212832397428,0.16536078639669247,0.15776948630809784,0.23000692218612329,0.021348105306177725,0.36862111600162273,0.17642090204687738,0.15940433744323682,0.1496659815311432,0.19260029782481558,0.008963992811524723,0.37146990062366675,0.16196963103821047,0.19817172785272094,0.1884547621011734,0.16730304105520163,0.008069159867587477,0.24784946431436888,0.19626639924747996,0.23290931362918885,0.15302392840385437,0.21526824526254484,0.00652193040554063,0.3736085785362711,0.14537303841732943,0.15561935063839746,0.1802581548690796,0.19299777556065456,0.011185843940313073,0.18680406707820243,0.1440899904142483,0.16190938911076894,0.19483739137649536,0.1761768044336348,0.006786144144697431,0.18074022300564502
23,1,1,0.7431815053135364,0.7126544248222871,0.7804390788078308,0.7446573459568293,0.6947366746001533,0.7834200023805814,0.7784649065334006,0.7384936938264783,0.78151535987854,0.7528051996125714,0.8406102957841115,0.7788999835653019,0.7523996025941575,0.6668729279906315,0.763907790184021,0.7533206841725484,0.7462136103539092,0.8316830002696771,0.6390110058962731,0.6709638402478008,0.6673009395599365,0.656783014401231,0.42664820674071435,0.7733590285316831,0.743169051255413,0.7163599395306998,0.7682759761810303,0.751743639918902,0.6788326981040251,0.8006330025424078,0.7122220009727167,0.6702337786715978,0.7054241895675659,0.6648982768824938,0.7290048184519834,0.7915489412899424,0.7440351836402449,0.7072379841631039,0.7033795714378357,0.6502403479736485,0.8105350126758453,0.8487830019507917
24,1,1,0.3115818259814412,0.34266249104505303,0.33693304657936096,0.4103415272845935,0.11854002753240442,0.34943203746579404,0.2619544572369895,0.2863457125642769,0.2853643298149109,0.3560099638712101,0.06428663954207435,0.3177656403924751,0.3491222803900205,0.3802192546794946,0.3587985336780548,0.4051532607039522,0.18119065854290367,0.4202496943456973,0.2972571971420671,0.3163856266326174,0.3659939765930176,0.36555745659748373,0.0748721382607103,0.3634767876265066,0.3241878741588412,0.35750826592152096,0.331576406955719,0.4186212394482296,0.13308747865037726,0.3801459798183593,0.2870486532606299,0.2851094742405814,0.30542317032814026,0.3599609790775099,0.10759709289156859,0.3771525497653495,0.299023719094058,0.3057866547110291,0.3090066611766815,0.39727128079010565,0.09726382896865365,0.3857901698238203
25,0,0,0.04462906354982769,0.06347223595446536,0.04146246984601021,0.04821477765756842,0.0006778546787632823,0.0693179796123312,0.04760773371386236,0.06757674107946185,0.05070499703288078,0.04783380495235989,0.0017832651110903065,0.07013986039351897,0.05267320062059159,0.07152084512146355,0.05984970182180405,0.06306258910241928,0.004720966242891926,0.0642119008143791,0.03327036244935213,0.05421733665540575,0.054434601217508316,0.046133061742199236,0.0012389008838051224,0.010327911747842226,0.02485799855748349,0.0538239773881023,0.039286933839321136,0.02292974722976521,0.0009087694982079877,0.007340564832020805,0.041636587250125444,0.06585881508450532,0.06523378193378448,0.06617509919381637,0.0051993419984049626,0.005715898040116112,0.03999079953647919,0.07693987544751715,0.05961330607533455,0.05724296875834564,0.005769225010060213,0.000388622391138374
26,4,1,0.2735205798267777,0.36168102447522754,0.3205910623073578,0.26585500341179025,0.2601872520128253,0.15928855692668759,0.25222157338249973,0.4048556951872059,0.24465325474739075,0.3512074777639603,0.04564774487326088,0.21474369434068094,0.1936070931182859,0.3744841145230942,0.2474609613418579,0.20492896797356866,0.061878236798749,0.07928318495415969,0.21668310050249923,0.3606771127596183,0.31473612785339355,0.21176278046489996,0.02833417747884232,0.1679053039557419,0.31921422851763614,0.43977534251185735,0.41967275738716125,0.3754921755267833,0.06542727305336309,0.29570359410901553,0.22966211321066538,0.2954937092472385,0.2771085798740387,0.21035682567072314,0.19540742597612604,0.16994402528520036,0.2540099333286956,0.3415942030556703,0.337397038936615,0.3834302630659509,0.06527113087891129,0.1423570307063305
27,0,0,0.09044678432475373,0.10759865849034171,0.1261334866285324,0.11791105346468804,0.005629025283004156,0.0949616977572023,0.09286052186893308,0.11963052877698065,0.13273362815380096,0.1213891490308066,0.005724853566709813,0.0848244498163673,0.0872767373985595,0.10234784505659819,0.11905141174793243,0.11216584317730041,0.005435249952051017,0.09738333705891541,0.09403967268919815,0.10751479714355393,0.1041419506072998,0.11591230372035016,0.005990355285168957,0.13663895668961792,0.09334259079392528,0.1110554494628219,0.12548001110553741,0.11832692216356393,0.006227839494823373,0.10562273174287973,0.10298061939770123,0.11479058337381433,0.1257195919752121,0.123803295709649,0.00545610718459791,0.1451335187452328,0.09957541944776471,0.10834033511797163,0.12252632528543472,0.11616267047291678,0.005049454849938136,0.14579831151256226
28,2,0,0.31644317488419593,0.39513020753597594,0.3716190755367279,0.346845616416513,0.29798838185753024,0.17063259307423254,0.5609858959391427,0.670587210513216,0.6016363501548767,0.39078348946408203,0.9754747815763716,0.16644764798716777,0.354256040287828,0.5089391273160347,0.3504868149757385,0.4083540025261983,0.3280433881444879,0.17545686847668046,0.2695599842752156,0.3982900404243994,0.3272048234939575,0.2999346142254689,0.25581373476678526,0.06655670846546703,0.31755703545514946,0.30376289481279467,0.34088724851608276,0.3409130669842876,0.08893831600902712,0.5132836509535554,0.5018076478979243,0.6427268830277718,0.5792352557182312,0.3718416370112054,0.8253039846423785,0.08993047909003445,0.49249405335641033,0.5648702947427294,0.6097493171691895,0.34517509217770165,0.7008268138394378,0.24184874885299334
29,0,1,0.7164301282704633,0.7055240986530582,0.7153869867324829,0.6673029398371935,0.7476925255709801,0.7462440905586012,0.7289076401690863,0.7412106065050703,0.7319984436035156,0.7157577809804345,0.7123817866750077,0.7431895830814033,0.731201057381069,0.7253357579710211,0.7194839715957642,0.6626166785327194,0.7762140583574821,0.7723548204483579,0.6759726820770107,0.6807027731559618,0.6933770179748535,0.6500500467653221,0.7057714952983812,0.6499620771905341,0.7068012758308833,0.7005489404300815,0.7063789963722229,0.6408115707239426,0.7217826159155171,0.7644842557126521,0.6891759294681579,0.729505932834872,0.7165758013725281,0.6483064332607421,0.6500002295219283,0.7014912503507187,0.6936716418584595,0.7349476120083512,0.7209765315055847,0.6576998197564278,0.6553485240939011,0.6993857219280329
30,2,0,0.07423568038342203,0.10173464065084495,0.09278376400470734,0.09959999633900266,0.004201303218379632,0.07285869770417555,0.06552606738273545,0.09078071970708305,0.08060367405414581,0.0938924334268526,0.0024197501959124716,0.05993375952968335,0.0746189574177125,0.09971370144444135,0.10082083195447922,0.10295380665977762,0.0041608226226706605,0.06544562440719369,0.08353781919157528,0.09831080708541336,0.09129903465509415,0.10040960267297856,0.0028312709310842,0.12483838061330613,0.07418909792285935,0.09999485406428564,0.09164460003376007,0.10173370412979311,0.004315651615726638,0.07325667977073136,0.07347244929966709,0.09423585143283698,0.08762628585100174,0.09463206672647433,0.003575550072330622,0.08729249241569183,0.0740835360907955,0.09262210622398712,0.0896143838763237,0.09790307497189893,0.002829454057138486,0.08744866132462933
31,0,0,0.6993135871727497,0.6704676215233932,0.6871521472930908,0.6418867720400337,0.5149211838043081,0.9821402112029229,0.6505347332840501,0.6209931113763638,0.634283185005188,0.5304430123501835,0.48877830751159546,0.9781760501769198,0.6154255528423457,0.5678042986241759,0.6300072073936462,0.5428125505257461,0.35088500761237024,0.9856187000557901,0.7668476382074723,0.7177779297914277,0.7141481637954712,0.6443521798301602,0.7651273793618334,0.9928325382584692,0.6917319923508907,0.661898603661166,0.6474841833114624,0.6672006786245914,0.49344598090251796,0.9886305152547153,0.7181350444232255,0.6294808683141887,0.6349101662635803,0.5149445951606387,0.8198555817984479,0.9914840105792718,0.6980339526466868,0.624732850509682,0.6312345266342163,0.4419541099844016,0.7988730545479062,0.9933752215572277
32,0,1,0.9783692165100835,0.9579534830129229,0.9653894901275635,0.980600040395411,0.999603856352785,0.9882992126617354,0.9719354029122392,0.9487475965336972,0.9498910903930664,0.9759430289411678,0.99941563508406,0.9856796636092054,0.9729965700932712,0.949990705926981,0.9570121765136719,0.9692493972683972,0.9984984049075488,0.9902321658497572,0.9774739573665505,0.9550132753066148,0.9553929567337036,0.9799472134711215,0.9982425907493239,0.9987737505719881,0.9753072185530567,0.9535961379384159,0.9608948230743408,0.9783793771417899,0.9991097225162938,0.9845560320944428,0.9739835363965221,0.9452134340236921,0.9591233730316162,0.9682905872176557,0.9985614553497685,0.9987288323598785,0.9730482878885459,0.9467344626944558,0.9626496434211731,0.9590232577509402,0.9982043468954852,0.9986297286806753
33,4,1,0.6973006713714309,0.6693553561029026,0.6739269495010376,0.6568596073679017,0.7539431354416679,0.7324183084436451,0.6709401591351275,0.653813624587163,0.6777053475379944,0.6527690115314561,0.6277932291358972,0.7426195828831268,0.7014282605956417,0.6768155821168532,0.6883812546730042,0.638066735482822,0.7485488614640522,0.7553288692414768,0.646271177617462,0.679511132536845,0.6664607524871826,0.6385480143511025,0.6326620743165546,0.6141739143956256,0.6800028600739062,0.6673264894050794,0.6836673617362976,0.6399185243924107,0.6543689244293815,0.7547330004063615,0.6584888941522757,0.681599409663846,0.680062472820282,0.6068115126395952,0.6894374585279917,0.634533617109664,0.6183307166883856,0.6760629044456067,0.6652096509933472,0.5986710867996636,0.5088065032474982,0.6429034379558121
34,3,0,0.07547305935874905,0.14882312089911726,0.10608041286468506,0.08768409546995952,0.002239082115475853,0.03253858544450755,0.0679006316771202,0.13046263478148779,0.1034354642033577,0.06714912806475505,0.004594390794730808,0.033861540541269664,0.06646309611238778,0.13152625587159547,0.09880241751670837,0.06626001062446112,0.0034852263958875525,0.032241570153286374,0.08274558675075827,0.16143222602608082,0.11884372681379318,0.12260889807353645,0.0015286787944298254,0.009314404045951115,0.07433591635400738,0.1762091671435549,0.10360851883888245,0.05892825394196341,0.003053436811736443,0.02988020503389975,0.06683919230187141,0.12063904055306779,0.10932935774326324,0.09052959520626129,0.004084385470497892,0.009613582536266839,0.06199593870849024,0.12683815572512047,0.10051150619983673,0.07042265163764767,0.0029277803063299827,0.009279599673516332
35,0,0,0.48507755753503384,0.4867039966561379,0.5195883512496948,0.4544445599436569,0.40661541275845986,0.5580354670672198,0.47695744353287084,0.44364205281072683,0.5000830292701721,0.4701617393840562,0.41391073389102856,0.5569896623083707,0.5371457824842352,0.5194990839626723,0.5209028124809265,0.48188827940988527,0.5814335058601461,0.5820052307075461,0.5865243746365489,0.5472074885897547,0.6207282543182373,0.39748325213377544,0.7507573901142219,0.6164454880267555,0.5654594923064196,0.5201363190599114,0.5764158964157104,0.5546529311830435,0.5667344155277503,0.6093578993456822,0.5747035225461438,0.5458087113773225,0.6063750982284546,0.47776917062820534,0.5913203609284928,0.6522442715682435,0.577386369234511,0.5540889348451598,0.6074253916740417,0.5454779415629454,0.5307117475323581,0.6492278305580506
36,1,0,0.2683191892471413,0.2739379483520414,0.2888154089450836,0.30932198065528915,0.08239649802026346,0.38712411026302873,0.22742039023105973,0.19359715383362194,0.2691059708595276,0.2350655518581339,0.04873845842890945,0.3905948161751058,0.23268386204591768,0.21030867408035972,0.3139101266860962,0.32331569994343284,0.011079380756371448,0.3048054287633282,0.17780320815580467,0.1384180261314364,0.15602177381515503,0.2686049378584303,0.030811479743943288,0.2951598232300583,0.2619008946691947,0.2787748758556963,0.2817646265029907,0.318844764438839,0.13456556706569986,0.2955546394827478,0.1624866459751837,0.11840471005450415,0.11566595733165741,0.2566827464035647,0.01180115969481798,0.30987865639137424,0.15991922523483362,0.12520278733977802,0.13582205772399902,0.25534386427114986,0.012918600212820956,0.27030881662642015
37,2,1,0.0782096058295124,0.10167874727552195,0.09557884931564331,0.10017893966952965,0.004201303218379632,0.08941018966848752,0.06887794153592444,0.0915423015996141,0.08888030052185059,0.08441989851232327,0.0025076328375955906,0.07703957420823862,0.0797961739264024,0.09861873399390725,0.10570508241653442,0.09850350897135016,0.0041608226226706605,0.09199272162754955,0.08449133322596172,0.09208464370792252,0.09284587949514389,0.09738728263894092,0.0021029007565438467,0.13803595953125747,0.078394079938865,0.10230035970246561,0.09484153985977173,0.10193143426030818,0.004315651615726638,0.0885814142560529,0.0794975124765083,0.09308905618653546,0.0899440199136734,0.09123969981799823,0.004977910568780816,0.11823687589555355,0.0785871879836017,0.09251648189067274,0.08737564831972122,0.09175639662052906,0.002829454057138486,0.11845795902994705
38,4,0,0.08589726796667196,0.09962528495367212,0.11668294668197632,0.11023554075750808,0.0021765929703891295,0.1007659744698142,0.08352258024882893,0.10011126343444812,0.10682184994220734,0.1125229603265874,0.0021355147209723203,0.09602131281992941,0.08604596155965756,0.10056335954594377,0.11499594151973724,0.10742413989190851,0.003871084330102834,0.10337528251059538,0.08885211228326402,0.09716104188139708,0.12356281280517578,0.10974649954623282,0.0023362888212077678,0.1114539183623066,0.08408192219451367,0.10177566912784602,0.1154528483748436,0.10379378396684429,0.0022945849573819716,0.09709272454565243,0.09083431174354831,0.09654751012699703,0.1324988454580307,0.10880955513014978,0.002513873407356555,0.11380177459520749,0.08818609500010924,0.09656780419484855,0.12245780974626541,0.11129072666610876,0.0025210698938203753,0.10809306449950307
39,3,0,0.5463031969673482,0.574056500120731,0.5890817046165466,0.649489143132283,0.5344221469867692,0.3844664899804113,0.4982808034286771,0.5989717527199347,0.6008359789848328,0.630423982469205,0.24309100252404972,0.4180813004453635,0.5122481755853625,0.5598671189285896,0.5763362050056458,0.625343658521458,0.4505899671255122,0.3491039283456067,0.5522220630179124,0.5961698918403564,0.6187578439712524,0.6342510881295027,0.6161392024807832,0.2957922886676674,0.5415162412595871,0.5945204743844482,0.6310978531837463,0.654536344732986,0.394545235888216,0.4328812981085389,0.43839988105089517,0.5929575066159176,0.6084372997283936,0.6320367338039492,0.11196259278546553,0.2466052723207498,0.44094807081803217,0.5970714697725538,0.6116172075271606,0.6318170998161088,0.15806587460433824,0.20616870236999962
40,1,1,0.8804161663378615,0.850921457721094,0.8073621392250061,0.8725963258532468,0.9836026316779573,0.8875982772120032,0.8820441206001431,0.8445025280195109,0.8566688895225525,0.8437152322941602,0.979126325550528,0.8862076276139642,0.8824718811209917,0.8759285729704912,0.855067253112793,0.8347850861898438,0.990133898712811,0.8564445946190201,0.8795093305904647,0.8588504810335619,0.8109505772590637,0.8387982201846887,0.9565881980498134,0.9323591764251953,0.9042829130436705,0.8817585890694697,0.8687673211097717,0.9279631157339892,0.9910344126981848,0.8518911266069369,0.8874446942061359,0.8616909575813922,0.8564935922622681,0.8041823594500347,0.9985899996735549,0.9162665620634295,0.9092621616956696,0.8858966411838578,0.8899609446525574,0.8569014845355127,0.9980106739284744,0.9155410641779455
41,1,0,0.5043110275096747,0.47644459208229073,0.6023524403572083,0.616352005218884,0.21650979257161213,0.6098963073183783,0.576745661719785,0.5040639935705333,0.5729942917823792,0.5887470674294903,0.5905933014571505,0.6273296543593719,0.6351524144303331,0.5876825227472914,0.6883215308189392,0.6815215940673014,0.44900046444563646,0.7692359600724968,0.592039547238399,0.5742286563001402,0.5921906232833862,0.5813725167390124,0.6453855189085279,0.5670204209609288,0.4814896051034216,0.46496352193370444,0.6085871458053589,0.5769361181433081,0.1389915157928737,0.6179697238418627,0.7176156578424057,0.6511560828136408,0.6622912287712097,0.6739009364925086,0.783121556891182,0.8176084842434873,0.7310895195498139,0.6436689836142035,0.6301367878913879,0.6642410008027249,0.880877149504875,0.8365236759358783
42,4,0,0.8632690948380521,0.8609711992209889,0.8658501505851746,0.818080772184554,0.9650047741452107,0.8064385780543324,0.8706070006622703,0.8536704295278905,0.8597109317779541,0.8044290138370678,0.9778945598945541,0.8573300682738849,0.8399292927982103,0.8462968309101152,0.8689907789230347,0.7888645164401257,0.9107792124885125,0.7847151252292633,0.903300740428626,0.8798942559419537,0.8847796320915222,0.8560492731819257,0.9718422121773985,0.9239383287503297,0.86357084389237,0.8585713483048287,0.8796922564506531,0.7879423277997969,0.9730406251616743,0.8186076617448976,0.8989708695964482,0.8805994705062885,0.8622815608978271,0.8159349769712859,0.9770357002704659,0.9590026393363741,0.8901471991936706,0.8732955838067038,0.8610930442810059,0.804130131796608,0.9696580909153132,0.9425591451687224
43,1,0,0.10282052397806973,0.1316153407864203,0.1281585693359375,0.11734437127013171,0.005305900973891484,0.13167843752396766,0.09269110852163912,0.1120378405050744,0.1043451577425003,0.10812581985374574,0.004322325767401829,0.13462439873947335,0.10052119320145878,0.12192398877427647,0.12684743106365204,0.11626053436053893,0.00497076537973363,0.1326032464290928,0.12328754879494656,0.13285191685834274,0.1393621265888214,0.1349984609343769,0.0035968732630452154,0.20562836633014664,0.10515503040546403,0.12489882998529793,0.129144087433815,0.1204096087062055,0.004937124397958508,0.14638550150404328,0.1120734613056424,0.11396577685432374,0.10754147917032242,0.11150839051396605,0.0055072547052474555,0.22184440528435237,0.11151223840057493,0.11133668179525595,0.1138465479016304,0.1151786898101327,0.004301790032198723,0.21289748246365692
44,0,1,0.9687838315184939,0.9576143181422293,0.9628384709358215,0.9553396053687051,0.9991525808959071,0.9689741822498068,0.9703472343436019,0.955086156470471,0.9544948935508728,0.9699393459717655,0.9988597768815975,0.9733559988433026,0.9602028800258147,0.9443531806012837,0.9478370547294617,0.9353448878234454,0.9969140925987695,0.9765651843761132,0.9776775341454069,0.9558807180491062,0.9599089622497559,0.9763144128092991,0.9990251630176509,0.9972584146012228,0.9732602757740143,0.9581474340302523,0.9636591076850891,0.9709463992260714,0.9989013126215983,0.9746471253070605,0.9589451193119325,0.9097349591587512,0.9433708190917969,0.9444685917250571,0.9985048471413553,0.9986463794427022,0.9688378852101508,0.9423257849963703,0.9418229460716248,0.9622093277492366,0.9990477785317837,0.9987835887017382
45,4,1,0.693093025826391,0.6768002385549001,0.680031418800354,0.64972536330822,0.7303552977842309,0.7285528106842503,0.6732503057625221,0.7560002148832814,0.7585108876228333,0.6875744953749248,0.4162977581784826,0.7478681727530886,0.6841501213424332,0.6821986006053288,0.6963801383972168,0.6192900248131278,0.6707967868265172,0.7520850560699758,0.614198798836261,0.679511132536845,0.6839035153388977,0.6396008683448285,0.3729948856372539,0.6949835923234801,0.6415592543755302,0.6778308321484926,0.6836673617362976,0.6282264059222293,0.46683561178311067,0.751236060287521,0.6815085813813799,0.7482964724019298,0.7436114549636841,0.6312067721455169,0.5086516668985979,0.7757765404971705,0.6713908185967361,0.7459366951970732,0.7252090573310852,0.6922833825294163,0.41995955815605324,0.773565399770052
46,0,0,0.07606136240951615,0.09899129071459059,0.09753850847482681,0.09947368698627243,0.0035189373450648168,0.08078438852682612,0.07827092844604215,0.10394017192740629,0.1113051027059555,0.10550081622483042,0.003966743903949671,0.06664180746806886,0.06462655846054186,0.0971783529527496,0.08111626654863358,0.08879836834619415,0.0019776256383631477,0.05406217881676892,0.0868446985396778,0.10684099412806991,0.10616046190261841,0.10616417570455808,0.0027974600787068374,0.11226040088443577,0.07801882188783218,0.09698660359612185,0.09665825217962265,0.1169171719388723,0.0037854329503144712,0.07574664877422965,0.07173278842923816,0.10076755358997258,0.09436482936143875,0.09087544965650964,0.0015342705187460961,0.07112183901952375,0.07109372036781969,0.09887448085388903,0.08888956904411316,0.09342535348719358,0.001396265214138732,0.07288293323976396
47,4,0,0.09483696667569277,0.1258638843318328,0.14336775243282318,0.13558785145333607,0.0048786059053854735,0.06448673925508631,0.0843947789088575,0.1100771090286484,0.1389264017343521,0.11287029503303657,0.00236067676023442,0.057739411988016,0.09420775898738969,0.13761687026464442,0.13892264664173126,0.14584520503720233,0.002771379526764288,0.045882693466606166,0.10580130137632278,0.12436736743118627,0.12702222168445587,0.1140893748173156,0.004124652867287938,0.1594028900813682,0.09481619289866636,0.13308180381028542,0.13931597769260406,0.12024085432676815,0.003397509978615383,0.07804481868505883,0.09939806648676681,0.11626391240650662,0.12818725407123566,0.13807484443344892,0.004246309923582758,0.11021801159906011,0.09394953880500903,0.10491919152630083,0.11583861708641052,0.10492753048117433,0.003194811767661774,0.14086754316349767
48,2,1,0.7100582503354789,0.666585586560725,0.6779426336288452,0.666858473781668,0.806087779790407,0.7328167779157486,0.6993979272619868,0.6695170877662749,0.6757116913795471,0.6472960199790811,0.767920916271801,0.73654392091323,0.7238751790168109,0.6855800297420134,0.6942521333694458,0.6776165719369835,0.8016732636175462,0.7602538964180657,0.6891520410605175,0.6686499422905844,0.6950004696846008,0.6614999554451183,0.7899789404965758,0.6306308973857084,0.6996738288995803,0.6621759945525364,0.6649022698402405,0.6540113791721387,0.7652340453949001,0.7520454555380857,0.6564141561248148,0.6666149724539002,0.6847081780433655,0.6589057624076161,0.6139459667566002,0.6578959009625919,0.6389056826813102,0.6649041873025165,0.6638678312301636,0.6192322623332716,0.5643909098826122,0.6821332226579868
49,1,0,0.08493389724050092,0.15842980859318606,0.10623288154602051,0.12011132281574333,0.0029663660777116247,0.036929107169843094,0.07480596491011947,0.1273260327021379,0.09169889986515045,0.11482003418062361,0.002198272019514078,0.03798658578317131,0.0633424871974638,0.1288346691050518,0.08692063391208649,0.08156717822161998,0.0011715531273039721,0.018218401621256687,0.07555641069448973,0.11190585412949731,0.10192177444696426,0.11349827819929442,0.0021188046551809314,0.04833734204151172,0.09197559418480292,0.11913995068521985,0.12498186528682709,0.1322934176756931,0.002524956916885984,0.08093778035938856,0.05990023484490383,0.10289968162823909,0.08520802110433578,0.08050282473161922,0.000999282622303453,0.02989136413802157,0.06495325786479224,0.11230621751126524,0.08810342848300934,0.08987019141101173,0.0010532781893210783,0.03343317372935376
50,2,0,0.6420769825849423,0.6312710232810601,0.6329027414321899,0.6225610145212711,0.5244809037184556,0.7991692299717348,0.7048715466938154,0.6452195127856151,0.6389085054397583,0.6610421798794445,0.773708828190167,0.8054787071740916,0.6794716798413841,0.5927748500468568,0.6457515358924866,0.6216279102997943,0.7962978734206956,0.740906229547087,0.6309432841679281,0.6324858336600492,0.6659372448921204,0.6290753260941745,0.48113644969160474,0.7460815665016919,0.633357004422592,0.6230965443640888,0.6457265615463257,0.6520258697436869,0.4353718228682726,0.8105642235905858,0.6498112152956835,0.6451676485884084,0.6283273696899414,0.6446730508677854,0.6649985147129353,0.6658894926193475,0.602202354111505,0.6591010589742035,0.6500957608222961,0.651444679854732,0.441436355401373,0.6089339155049207
51,4,0,0.04859935076374875,0.05819859451316353,0.04623467102646828,0.044560855047316786,0.0013366782198360686,0.09266595501195905,0.047156255361173426,0.05642730659727057,0.038958750665187836,0.04898496748783184,0.0012448246959668816,0.09016542735961001,0.04388362048660137,0.05565536410945337,0.0495527945458889,0.07330589848496878,0.00031601968129298195,0.04058802561140281,0.03725953835553068,0.06472929057337658,0.056730005890131,0.040437438044277324,0.004192704062550938,0.020208253207317558,0.025602317660631518,0.050280625306868394,0.04242892935872078,0.024202682734343665,0.0005747759424076355,0.010524574960817119,0.03261323397741313,0.05984482476323646,0.050154902040958405,0.046301019493283545,0.003491199899159012,0.003274223690428167,0.024750371614179287,0.05186532908015457,0.041035640984773636,0.027737097868777878,0.0029326253806363388,0.00018116475655402715
52,4,0,0.07641196230756372,0.09962528495367212,0.10822805017232895,0.10655778226564777,0.0021765929703891295,0.06547210117578063,0.07920213324557343,0.09892864089547926,0.10961024463176727,0.11372423568634471,0.0021355147209723203,0.07161203029330353,0.07394917167777942,0.10056335954594377,0.10863323509693146,0.10831178489762164,0.003871084330102834,0.04836639451829746,0.08087972429411523,0.09716104188139708,0.12239993363618851,0.10241268335085127,0.0023362888212077678,0.08008867378093151,0.07572301905252768,0.10177566912784602,0.11132191866636276,0.10552002173120183,0.0022945849573819716,0.057702900779845745,0.08381655524181679,0.09439801861988407,0.13101308047771454,0.11091202337936282,0.0024856354265351665,0.08027401830558742,0.08334288148137967,0.09656780419484855,0.11957389116287231,0.11344836228547307,0.0025210698938203753,0.084603279869884
53,1,1,0.9718059095478312,0.949012561837723,0.954271137714386,0.9735817890948901,0.9967237715341641,0.9854402875579933,0.9757647448857505,0.9509053765727619,0.9637563824653625,0.9816819676576524,0.9987940684418619,0.983685929291114,0.965923669860449,0.9376497911352827,0.9441091418266296,0.9688890187512708,0.9932665838128271,0.9857038137762347,0.9771948229745309,0.9568699796575846,0.9609166383743286,0.978153514777304,0.9941693044322587,0.9958646776311779,0.9619761155473414,0.9370702782859649,0.9416723847389221,0.9733569277641618,0.99726055435717,0.9605204325904886,0.9768191282297062,0.9443135606940256,0.9649766683578491,0.978613821790594,0.9986101934772307,0.9975813968288312,0.9685158907501557,0.9463387139623005,0.9539467692375183,0.94697172103537,0.9984725540197862,0.9968496954958036
54,0,1,0.873312869586018,0.8747931604469344,0.8739808201789856,0.8068597077494343,0.9795699746591404,0.8313606848955944,0.8807516176079411,0.8796294413375045,0.8870882391929626,0.810944335543902,0.9804934395053905,0.8456026324599462,0.8457245683143437,0.8432738506819749,0.8452199101448059,0.7688274198711549,0.969331818385337,0.8019698424884459,0.8637055939748967,0.8637911512275938,0.850387692451477,0.8137752280676601,0.9539178332572801,0.8366560648704724,0.875781430942957,0.8734532124028782,0.8856475949287415,0.8016267457606604,0.9821190738232384,0.8360605277992661,0.8508694090216906,0.8502394291760017,0.8384912014007568,0.7827259433582952,0.9344954336115588,0.8483950375618412,0.8467675682284034,0.8428636810745361,0.8378370404243469,0.7845389220002971,0.9405400350767911,0.8280581625660454
55,2,0,0.17648567385682398,0.22519136984709504,0.2265906035900116,0.2688436875776692,0.020280678568214357,0.1415220297011297,0.3416144697482166,0.4818907528948978,0.4859413504600525,0.3333915170354135,0.24019494976563188,0.16665377858508718,0.1963871551878114,0.22537026309973185,0.2553158402442932,0.35302177378006544,0.019756631309039145,0.12847126750592738,0.1977135874711865,0.2740143321586657,0.32222825288772583,0.23124474014810786,0.020833701672587957,0.14024691048884516,0.17042471629727066,0.20660735970452038,0.2311387062072754,0.22101648397818224,0.01921985788301558,0.17414117371335952,0.34385601465585725,0.4857344798326722,0.5071239471435547,0.406129446862583,0.1942789313566519,0.12601326808382446,0.3359194176011144,0.4416773367663885,0.522119402885437,0.3785716771642641,0.21380906253811327,0.12341960865136911
56,0,1,0.1806477495398443,0.19742680489861755,0.2190714180469513,0.23971240644838,0.005701894154788026,0.24132622415048463,0.1834670254836922,0.20070660847433994,0.2249080240726471,0.2781115647816347,0.02087230550933955,0.19273662458049967,0.22039475418456952,0.21438992104123292,0.2470652312040329,0.26410313295820964,0.05208084408130777,0.32433464163806447,0.1593297500371781,0.16785451111998131,0.22344766557216644,0.24069591012617694,0.010299325838791423,0.15435133752877428,0.18354797140846232,0.1891683108545915,0.21081362664699554,0.2717287954921163,0.011413985775278709,0.23461513827332953,0.1697872074205682,0.19289208064678914,0.22920921444892883,0.27001143068926126,0.015864687080753802,0.14095862423710784,0.1723126040823708,0.1941369134149518,0.22974783182144165,0.28630460746076614,0.016360177961428312,0.13501348975326627
57,1,1,0.8893287417561299,0.897992734485009,0.8828656673431396,0.8382753412445815,0.985976785660163,0.8415331800477557,0.876740321887451,0.8902259841651853,0.8756103515625,0.8127562507974422,0.9832699672960762,0.8218390556160509,0.9006225791211021,0.9059479726150678,0.8792524337768555,0.8551024724006212,0.9916367101716899,0.8711733066412757,0.9204557857457605,0.9056605692433526,0.8882553577423096,0.8680284065712038,0.990223813107429,0.9501107820645076,0.8920795902469936,0.8981656360363659,0.8816782832145691,0.8607870320987657,0.9916408158917808,0.8281261839934866,0.9238401637873043,0.9163245697422878,0.88680499792099,0.8657923480769724,0.9964672463403511,0.95381165685592,0.9244217640107092,0.9151389320693122,0.8938865065574646,0.8696714493367522,0.9939556078850873,0.9494563242049292
58,4,0,0.10892222237041263,0.178427182798648,0.14997036755084991,0.11427953666747377,0.0035647576275723574,0.09836926720751907,0.0812770482333405,0.0977857802312444,0.10756039619445801,0.10249862659184154,0.0048149020366296345,0.09372553611252886,0.10864714393735453,0.17107187654634493,0.1480146050453186,0.11623125284625828,0.0059540879501751316,0.10196389729867564,0.10990162093218192,0.14428877831558637,0.1487799733877182,0.11484404800124476,0.004898249772235123,0.13669705518412517,0.10309787810558954,0.15004779468069787,0.13595186173915863,0.1122949978510827,0.005486540484361848,0.11170819577264668,0.09476223332571221,0.10441677150971777,0.1082400381565094,0.11284735917164737,0.0032841716233504197,0.145022826167336,0.09124552924759353,0.09989995063577753,0.10794761031866074,0.10294274148597853,0.003954028755840454,0.14148331504171047
59,2,1,0.9653367422765251,0.9427406757257087,0.9702126383781433,0.966621405808174,0.9992455127702569,0.9478634787003426,0.9635882800460862,0.9414671764999748,0.9650630354881287,0.9631863146913567,0.9988645466744703,0.9493603268765001,0.960603147327386,0.9368589597469099,0.9602704644203186,0.9334162364696805,0.9988310913265432,0.9736389846734783,0.976365895147987,0.944251764303829,0.9679931402206421,0.977576250042793,0.9993877598096738,0.9926205613629971,0.9755361481959828,0.9495714419851808,0.9650998115539551,0.9760464827327191,0.9982951232558559,0.9886678814522027,0.9665983568290117,0.9404052332726304,0.9596579074859619,0.9390431059148384,0.9981540761471064,0.995731461324522,0.9710016669928494,0.9437179197761167,0.9579920768737793,0.9568163958701476,0.9973046572428828,0.9991772852013208
60,4,0,0.05296871253230564,0.0537337371719013,0.04508424922823906,0.02907710231236927,0.0011043445601960245,0.1358441293888225,0.05729932985365434,0.05460447926088431,0.05089239403605461,0.040481600362629884,0.001077170168389289,0.13944100544031357,0.04845591581306405,0.054898505949597116,0.046114493161439896,0.04475823369868433,0.0003135614526793009,0.09619478480291963,0.04044899026886643,0.057949811393295164,0.055462855845689774,0.0373384821726521,0.0036884389344966012,0.047805362998198514,0.023762082739117795,0.050071622938130736,0.03810044750571251,0.01940275335671622,0.00047909827845538057,0.010756491616574134,0.034098928174393896,0.055745287756899735,0.056286171078681946,0.036663240802982555,0.0025945359806195754,0.01920540525278566,0.022905744491362196,0.048773530333822916,0.04179563373327255,0.021520608787675245,0.0022487050778440226,0.00019024452419623888
61,0,0,0.10259909607717307,0.1340520479981516,0.14243611693382263,0.12379985240402121,0.005629025283004156,0.10707843776686587,0.09624253958832232,0.11175006675518635,0.1339331716299057,0.11340357777333915,0.005724853566709813,0.11640102821647062,0.0937024776566356,0.11909646822885292,0.12073423713445663,0.11574054004893641,0.005435249952051017,0.107505892918881,0.10462091500542954,0.13429609166290452,0.11712062358856201,0.13260174585903006,0.005462537382168679,0.13362357653448237,0.10378311272042631,0.1382706256500999,0.13314615190029144,0.12295363196375128,0.006227839494823373,0.11831731459316557,0.09995718194274031,0.11113710470781353,0.12109310925006866,0.12182080758183601,0.0038455903587057195,0.1418892978152776,0.10000097660348466,0.10834033511797163,0.11719366163015366,0.1322547910704098,0.0038084660681702077,0.13840762913071805
62,1,1,0.9737782198314161,0.94641580394969,0.9629366397857666,0.9722881726758065,0.9985661620196947,0.9886843207261229,0.9745554462865664,0.9381992745452729,0.962257981300354,0.9756903363695445,0.9982932943052508,0.9983363449124104,0.9721102223687137,0.9448513477529532,0.9610521197319031,0.9738600328086302,0.9987696921683064,0.9820179193817753,0.9770218446646789,0.9552741258235515,0.9698923826217651,0.9679089242471068,0.9969603008485605,0.9950734897824104,0.9692869525370046,0.9471010210769355,0.9626669883728027,0.9699242808207631,0.9989327231493288,0.9678097492651929,0.9755699119175059,0.9494342744291384,0.9656656384468079,0.9651796695328708,0.9993985402310834,0.9981714369476293,0.9751460879893191,0.9516843621158717,0.9594870209693909,0.9732982117893998,0.9984805369603742,0.9927803081115589
63,1,0,0.31691161922374567,0.3329420167675454,0.3453114926815033,0.44437912064233415,0.050104693671153694,0.4118207723561916,0.2925350193647716,0.3078825713332364,0.2985178530216217,0.360669415833073,0.05964080297393358,0.4359644536619934,0.3376753777235427,0.3586431939253687,0.3543320894241333,0.44307406277973804,0.0677440829552202,0.4645834595332531,0.2715328578126628,0.2903646191530288,0.31150975823402405,0.33668748768551293,0.09716568961167604,0.32193673437907216,0.27857885948716077,0.3312532862167015,0.31375136971473694,0.3584007847841592,0.03584704999253862,0.3536418067276676,0.329284794966106,0.32093666673287247,0.3203762173652649,0.4015253891479218,0.2647884634968149,0.33879723808765594,0.3018483616995515,0.3214271174396262,0.291772723197937,0.35649512977691644,0.18690736414609332,0.35263947393718464
64,0,0,0.04655767295144087,0.06192704225068894,0.053572315722703934,0.038439732035426645,0.0003886278070200849,0.07846064694136473,0.04580655109331617,0.05751964813258599,0.05610642954707146,0.0419517546283323,0.0006985790659034268,0.07275634409268766,0.04225394150481535,0.0557287839877209,0.05520438402891159,0.04743130256024839,0.000386552171312395,0.052518684775883485,0.07207717355656493,0.06793142326654038,0.06517304480075836,0.06370989769594441,0.0005312434157581415,0.16304025860382337,0.025750630936572937,0.05255338743194983,0.04434062913060188,0.024220447605830673,0.00030378728765925993,0.007334903226823055,0.04721919044806996,0.06238419857825611,0.05739918351173401,0.048397553263629,0.0010425349915076437,0.06687248189522303,0.03123146591042903,0.05981100363908698,0.04931821674108505,0.03411010645627988,0.00037430905719522926,0.012543693658498004
65,0,0,0.25069889981453775,0.3474624808857043,0.341750830411911,0.26764615035175016,0.02775705513489131,0.26887798228843174,0.21546248461905212,0.301222215933376,0.3105074167251587,0.20122921987019274,0.03319959102037228,0.23115397954616096,0.2622550414954619,0.2938288089072546,0.35329899191856384,0.24983347205808745,0.04614775868396176,0.3681661759094419,0.2644390403946296,0.3244857240940095,0.3747153878211975,0.28863972930583176,0.09114975183347479,0.24320460891863446,0.2707650538014794,0.340922763930564,0.3350737988948822,0.30350336266159095,0.018686102597599553,0.3556392409227604,0.25800510711201274,0.2738263067596976,0.30839189887046814,0.23176771917764116,0.1391760637448603,0.33686354700739635,0.27009168107703785,0.29624269921078994,0.3203246295452118,0.24651591619862243,0.13660453450067692,0.3507706259298882
66,3,1,0.9320179121455394,0.9053698549374245,0.9071287512779236,0.9235782849375819,0.9973012180560061,0.9267114515187609,0.9187176547334769,0.8851868747774868,0.8908168077468872,0.9003429864827249,0.9951453313709432,0.9220962732893422,0.9393740686904881,0.9052035291941166,0.9056797623634338,0.9292036104879119,0.9979858903046086,0.9587975511023692,0.9363658180388981,0.9114437505444698,0.9119306206703186,0.9256280500525035,0.9841931018301856,0.9486335670970125,0.9413420044916616,0.9162371648877,0.9172683358192444,0.9234769931276815,0.9938027710258875,0.9559247575977945,0.9356381976831353,0.8918467451926515,0.9130889773368835,0.8998758183790581,0.9912040343380768,0.9821754131690066,0.9466876312837893,0.9000635142134088,0.9295445680618286,0.9195655874023463,0.9891328902718963,0.9951315964694667
67,0,1,0.8914227329185735,0.8608527285203526,0.8720990419387817,0.8302210595571071,0.9671733427351373,0.9267674918414888,0.8938420881571953,0.8586373077066831,0.8663776516914368,0.8861901210842471,0.9393305037193005,0.9186748565843091,0.9066907258438548,0.888238178395699,0.8807497024536133,0.868073274439281,0.9577088298425339,0.9386836440881466,0.8638287738277146,0.8504970671795631,0.8629735112190247,0.8507370368554057,0.8773259855626743,0.877610268321906,0.888432618561082,0.8569841681739726,0.8647676706314087,0.8314902235522407,0.9737640579452485,0.9151569725025395,0.89554601390874,0.8780194010399746,0.8813909888267517,0.9025000074585063,0.9386879727184667,0.8771316995000007,0.8955505990963347,0.8841654138958351,0.8828891515731812,0.8760667128958719,0.9569864380239244,0.8776452790928612
68,1,0,0.08714910848939074,0.1118001778451932,0.10121098905801773,0.1092900896706302,0.004833649193588939,0.10861063667952366,0.08731356071672566,0.11177416982815526,0.10600835084915161,0.11001397202219212,0.004600173817586537,0.10417113706654282,0.08721488489940663,0.11253086264187614,0.11579586565494537,0.11193474624791969,0.003922103392899125,0.09189084655939278,0.09316104401184258,0.11028373352255003,0.10568497329950333,0.12014156063851837,0.003720189032189517,0.1259747635664517,0.08664112985960117,0.11044913002496226,0.0986650362610817,0.12304967674222166,0.003663829534618988,0.0973779767351212,0.08978125149370816,0.11022627817669743,0.10853800177574158,0.11811011730802928,0.003993533690765722,0.10803832651730676,0.08733157999310036,0.10533614206927507,0.10958483815193176,0.11695810890232738,0.0033992437000441742,0.10137956714192342
69,0,1,0.036873142542903435,0.05400276667597338,0.04248138517141342,0.06464808104895686,0.00016368266860673295,0.02306979714956682,0.0390633835145877,0.0582866264862826,0.05005945637822151,0.06512218237867287,0.00059328517968943,0.021255367150072053,0.10993543311874987,0.05310924136756146,0.044939491897821426,0.061862489356841625,0.0009281214914627845,0.388837821480062,0.03250411696700052,0.060030655452729086,0.04975447058677673,0.04163583805121217,0.0006147015338850583,0.010484919210399544,0.037531147445959874,0.0563741840840717,0.05056412145495415,0.06760595436097545,0.0008759337878416791,0.012235543541956372,0.07132447109289146,0.053467704932247236,0.053703516721725464,0.04759018162032397,0.0009214321844747926,0.20093952000568582,0.05084726135327515,0.05406314047291991,0.051697034388780594,0.09702164552030264,0.003253687069721944,0.04820079931465065
70,3,0,0.053012896554430325,0.07879074229658654,0.06818797439336777,0.09068566628645353,0.0021692082706249267,0.02523089152511882,0.04862068423721357,0.08511122124067938,0.06280840188264847,0.07725843204170987,0.0022204982873721825,0.015704867733657965,0.059623042747610745,0.08222076711869464,0.06544826179742813,0.0990908540171202,0.0025404769648168174,0.048814853839993955,0.06547829000726893,0.1016916356438988,0.09315687417984009,0.09452076485280347,0.00244934361057065,0.03557283174923157,0.054638805997113474,0.0834334045666334,0.06984195113182068,0.09042713836529619,0.0018083321632287894,0.027683203758588314,0.06209252000637355,0.08540341633311042,0.08294317871332169,0.09040351863433958,0.0025693004746384987,0.049143185876457524,0.05866265704733796,0.08472953433443657,0.07781465351581573,0.07655233991921057,0.0017852882628750857,0.052431469204351835
71,4,0,0.09236804943635878,0.10235925118898595,0.10973642766475677,0.10725954930759721,0.004965636747001602,0.13751938227345234,0.09304851529277505,0.1004944631650434,0.1034943088889122,0.11068712710489623,0.003251664228412256,0.1473150130766111,0.10048198502916603,0.10155563052756839,0.11504621058702469,0.10539476971797718,0.003801096079911142,0.17661221823334874,0.07893166793747164,0.09945302967238988,0.10363752394914627,0.10559786618073332,0.0033433585721338536,0.08262656131295486,0.0946694869115419,0.10240317550727812,0.12151922285556793,0.10755970995175616,0.002750951310259256,0.13911437493284798,0.08649134877596855,0.09796055436763523,0.10731237381696701,0.09429903249788509,0.0029599301585939626,0.12992485303876145,0.08396875265241287,0.09800729840985331,0.09587441384792328,0.10231093733318672,0.002478496710663956,0.12117261696043706
72,1,0,0.03976970321172617,0.05938203538627033,0.034079715609550476,0.03272543447646741,0.001036084831442718,0.07162524575489991,0.04301946544575723,0.06161138109122241,0.039346665143966675,0.04518680439118011,0.002651113727271996,0.06630136287514495,0.028583170895928895,0.04652651404092282,0.02810971811413765,0.04441134369997525,0.0004840275594352153,0.02338425106517355,0.04549804115629816,0.06581316485697705,0.035214148461818695,0.05130309207497519,0.0014529716743493738,0.07370682871337048,0.019289021147154306,0.051549025613990836,0.02431809902191162,0.01739850929761115,0.0007729256208545934,0.0024065461814033293,0.028027197896514134,0.05757958569078881,0.0329643115401268,0.0342971034252843,0.001303752667484768,0.01399123615888599,0.020181376334101005,0.05577518252435414,0.026752527803182602,0.01605642432546828,0.002056777329293319,0.0002659696882066798
73,1,0,0.19025161879647806,0.17151751128820297,0.2382771521806717,0.18811285796398414,0.02196293262874847,0.3313876399207829,0.20743494749610583,0.16154661167589132,0.2220672219991684,0.2870731390927659,0.034204061390975316,0.33228370332172813,0.3408603632733579,0.16578420225754462,0.3122418522834778,0.33870723331949865,0.01382905478787062,0.8737394737183976,0.3334099085904109,0.4262411356758214,0.41018179059028625,0.3443778480697753,0.29726780949031373,0.18898095912585802,0.25202312505635643,0.17701251158522582,0.21910226345062256,0.30691732735886273,0.014144907340807943,0.5429386155462633,0.39184039803829035,0.37010500705053484,0.4097781479358673,0.3826745846972749,0.09649804921780791,0.7001462012899666,0.38883533975820467,0.37411775520705315,0.4192083775997162,0.35620957008997683,0.11953981305625143,0.6751011828380259
74,3,0,0.06659252353748933,0.09203011663062007,0.08957581222057343,0.10369410473384683,0.0023354928628606143,0.04532709123954576,0.07450757924882907,0.10670683366667677,0.09737912565469742,0.1157517945560877,0.0008272936512624038,0.051872848715421055,0.05444861853587564,0.07561421396958005,0.08464071154594421,0.08307405671710966,0.001771452430174516,0.027142658016569725,0.06567792174445183,0.08390008152481042,0.07639402151107788,0.09792501632283136,0.002799614844614859,0.06737087451892468,0.06617661648261478,0.09006999516853292,0.09326863288879395,0.0953920357513372,0.0023791479097037107,0.04977327069470603,0.06878241592196395,0.09789219479692933,0.08015232533216476,0.0943239408896679,0.0003848309306390596,0.07115878766041868,0.06857744800603909,0.10292325880721069,0.08055950701236725,0.09907051576142796,0.0013116924473561941,0.059022266001833364
75,2,1,0.2162918462528321,0.3355091108982116,0.3015725910663605,0.3452934246801154,0.037273551280194425,0.06181055333927858,0.19046938216342346,0.30471138429751893,0.22200381755828857,0.3286663274496378,0.04194133155134959,0.055024049960322514,0.351827811152804,0.5454640531811854,0.36174196004867554,0.45245618553031214,0.058603464196568984,0.34087339280727774,0.2856910409037266,0.39693609014624787,0.3946813642978668,0.3758010045179152,0.12950818588138727,0.13152855967521573,0.23485252009500254,0.34875120827087025,0.2915087044239044,0.33058640714722676,0.04208665970289777,0.16132962093011352,0.3742499286517894,0.4490832335849222,0.3690648674964905,0.40555376316887226,0.19023777297156166,0.45731000603710076,0.3443952799971498,0.4368808257325928,0.3596733510494232,0.39675960733870447,0.08225263733340873,0.4464099785316198
76,0,0,0.08843459703242715,0.10225418094693389,0.12208231538534164,0.12724160604598764,0.0051202638768817615,0.08547461890699083,0.08584266624515471,0.09632016589818333,0.12061803787946701,0.1192835686990108,0.005422420782559552,0.08756913796655288,0.09071626508801163,0.12013607858490528,0.1338166445493698,0.1281598694994984,0.008962635782530676,0.062506097023754,0.08050904632406344,0.10168458799737388,0.11781379580497742,0.1261400248018604,0.0025502504898869956,0.054356572526218526,0.08242732606051198,0.1007893588361982,0.11991989612579346,0.11581482675866751,0.004881891952216557,0.07073065662968421,0.08907776381876215,0.11796740361149098,0.13605211675167084,0.1401079063024792,0.002806816919582713,0.04845457550858695,0.07805335851086327,0.10594546919017267,0.13470780849456787,0.10680132088533695,0.003086762719975984,0.039725431264262846
77,1,0,0.07756605784335627,0.10694554713370108,0.09562119841575623,0.10565968699840966,0.004224391307149522,0.0753794653617648,0.07549250538000529,0.10181182570600664,0.09745243191719055,0.10015033759688474,0.004269400788881147,0.07377853089106334,0.07676470917336274,0.10052761831006726,0.10565529018640518,0.10440563070038325,0.003922103392899125,0.06931290327705891,0.08725761569876997,0.10596950136214267,0.10332626104354858,0.11226321369102672,0.0035968732630452154,0.11113222913408673,0.07797070897326777,0.1056122208847105,0.10088642686605453,0.10621378347745546,0.003663829534618988,0.07347728410349937,0.08200229055172356,0.1006571151415709,0.09895225614309311,0.10903276777278943,0.0055072547052474555,0.09586205899591697,0.0818887109713731,0.1009469833886488,0.10270469635725021,0.10839352100743871,0.004301790032198723,0.09309656407132906
78,3,0,0.06486209977722078,0.08425684924125944,0.07251159101724625,0.09324424873936327,0.002444421391639483,0.0718533884965955,0.06628171937843028,0.08899989405054586,0.0752745047211647,0.08933638339328764,0.002285930944287993,0.07551188378286516,0.06173473795149833,0.08414607653907992,0.0735652968287468,0.0890563069988617,0.0025404769648168174,0.05936553242598646,0.07392899966661441,0.08600894886541735,0.0773666501045227,0.09682836928111775,0.003244000163029154,0.10619702991898511,0.06545717098203652,0.0834334045666334,0.07670310139656067,0.09228589229437108,0.003053436811736443,0.07181001984088106,0.06791986746235774,0.08674292575445082,0.07796236872673035,0.08534639503301204,0.0025693004746384987,0.08697834732295698,0.06795685215757505,0.08663753236037441,0.07805120944976807,0.08612850181316271,0.002643812196600286,0.08632320496796977
79,1,1,0.9542833581359886,0.9407712203344855,0.9472712874412537,0.9321611454632187,0.9939775225440817,0.9572356148969035,0.948963336104031,0.9406950605871859,0.9472535252571106,0.9203378478666076,0.9798736511933007,0.9566565956159508,0.9476000185415246,0.9309035509151782,0.9406212568283081,0.9063053816761191,0.9830461266030908,0.9771237766849276,0.9638094877296443,0.9392979024364655,0.9468713402748108,0.9481875443826585,0.9853504068242235,0.999340244730063,0.9536590061531524,0.944550435431091,0.9448366165161133,0.9304193588051638,0.995457062706848,0.9530315573065464,0.9440158641782339,0.9133496659386345,0.920596718788147,0.9045055196535713,0.981810582045198,0.9998168344656186,0.9496688526729802,0.9236630614288917,0.9231974482536316,0.9141793800850901,0.9878969478537467,0.9994074257435408
80,0,1,0.7860715487240664,0.7607941698101625,0.7400464415550232,0.7953680594800847,0.794450488767103,0.8396985840079583,0.786052880381087,0.7481365915849476,0.6913265585899353,0.7566896497966062,0.892313719132257,0.8417978828016889,0.7992715006135945,0.8075353640260634,0.7689992785453796,0.8010407172085346,0.9529771138891028,0.6658050293988924,0.7641008749104012,0.749690237102872,0.6916709542274475,0.7363592678637118,0.8212066288494946,0.8215772865084808,0.7454969833747505,0.7219822573337511,0.7110483050346375,0.7808397112260048,0.7833768379052516,0.7302378053741073,0.7031000554782718,0.7799250985812154,0.7082544565200806,0.7534447458989103,0.6959343573573608,0.5779416190337916,0.6924920185774444,0.7453495920552382,0.6718675494194031,0.8024178823889192,0.712912237874023,0.5299128311496386
81,4,0,0.07413076149043155,0.09812772195989194,0.08732817322015762,0.09850800423904993,0.0021765929703891295,0.08451331506266908,0.07327090173397525,0.10011126343444812,0.08560658246278763,0.10449403777251146,0.0021355147209723203,0.07400711027915677,0.07475950150623402,0.0991379591857363,0.09251857548952103,0.1006688782379109,0.003871084330102834,0.07760101028789897,0.07096167941502447,0.09428756340776577,0.07801896333694458,0.09848280879530008,0.0017648384711048575,0.08225422306400701,0.07433807531372295,0.10028463649735579,0.08937361091375351,0.09832062954089876,0.0022945849573819716,0.08141691465922468,0.06981458722997674,0.09654751012699703,0.08724812418222427,0.09648492601827709,0.001607158911188762,0.06718521691119655,0.07165075632762333,0.09656780419484855,0.08492513000965118,0.10492978793896462,0.0018707672549003623,0.06996029223975184
82,4,1,0.08066639910252241,0.10235925118898595,0.12655682861804962,0.09979470274828797,0.0028888560099724855,0.07173235694731597,0.07794240522297852,0.10206734832357456,0.10982018709182739,0.09794202733647522,0.003911927412935617,0.07597053595007981,0.08330674620497487,0.10155563052756839,0.1434471309185028,0.10106169253462932,0.003871084330102834,0.066598192714071,0.08447504665783642,0.09945302967238988,0.11667568236589432,0.10728433398961608,0.003317862756463454,0.09564432450481834,0.0826404622526852,0.10240317550727812,0.13493061065673828,0.10200427127244191,0.004313160169980735,0.06955109365698703,0.08647563214150225,0.09796055436763523,0.11261598765850067,0.1018008343721179,0.002953152074657666,0.11704763223459975,0.0871775390242415,0.09800729840985331,0.11144476383924484,0.10600874243241212,0.002478496710663956,0.11794839372903321
83,4,1,0.6989507207729315,0.6693553561029026,0.6739269495010376,0.6644812602497365,0.7539431354416679,0.7330469025693129,0.7269202952479554,0.7636308029014597,0.755273163318634,0.7160055565674799,0.6277932291358972,0.7718987243163068,0.703492244593873,0.6865127608654086,0.6883812546730042,0.638066735482822,0.7485488614640522,0.7559516104840786,0.6725321270294493,0.679511132536845,0.6738377809524536,0.6530470674104846,0.649393521645947,0.7068711326015169,0.6822176415135812,0.6778308321484926,0.6836673617362976,0.6399185243924107,0.6543689244293815,0.7553025648613244,0.7402282202620881,0.7522000852735297,0.7380588054656982,0.6333191035620543,0.7846282248619356,0.7929348821472224,0.6911072923314985,0.7492775465636812,0.7240116596221924,0.6919357191536604,0.49631049599967414,0.7940010403182839
84,4,0,0.24562191939551403,0.30859011163414124,0.27464550733566284,0.32743106466982613,0.01997339288416607,0.2974695204537739,0.21586959692082336,0.2738231130812131,0.22450868785381317,0.2773182371490644,0.01983103103647916,0.28386691548354687,0.1885209380803476,0.29807742755809846,0.22157303988933563,0.22607479160442723,0.009319012772025004,0.18756041857785175,0.27777305606360975,0.4048444396468023,0.3870301842689514,0.36102504811591934,0.009920940769208816,0.2260446675171668,0.2501625644593142,0.3428522033810171,0.24629095196723938,0.3215149937797813,0.018727674024834946,0.3214269991436981,0.1777445427983475,0.21739956693019538,0.28290659189224243,0.23109193805522424,0.00408747993924179,0.1532371371748338,0.20543774430331202,0.2817204464722733,0.31764140725135803,0.2685724842749155,0.003571131441781783,0.15568325207623143
85,4,1,0.8668473675050092,0.8898804224070076,0.8608904480934143,0.8689104710694702,0.9716265042255333,0.7429289917296207,0.8513859043162775,0.8973953594419145,0.8547635674476624,0.83747747879495,0.9621535182162841,0.705139597680576,0.8582820988469541,0.8882733354751104,0.8595421314239502,0.8346241025068064,0.9853683172416865,0.723602607587217,0.9086652478120392,0.8758850887617329,0.8844804167747498,0.8691851837011153,0.9694046360435232,0.9443709137790756,0.8607225187599703,0.8944504726902099,0.8603368997573853,0.8477666358866633,0.9777654972562756,0.7232930882093175,0.8979626648426408,0.8881144924816521,0.8621430397033691,0.8637138975462515,0.9665802657980789,0.909261628683852,0.9049274499713453,0.8874389706108186,0.8770543336868286,0.8499672450383827,0.9891984901484745,0.9209782103722223
86,1,1,0.5567876969996315,0.6279281340325,0.6579493880271912,0.6375599647221223,0.39456823758913656,0.4659327606272073,0.5132474577651746,0.5316852474336589,0.6192849278450012,0.5849675520486617,0.30466147372292507,0.5256380877756255,0.6468181008592481,0.6664603860498444,0.6357216835021973,0.6238491329389326,0.5285465968765496,0.7795127049287166,0.551195614487107,0.5960945582987561,0.6109893321990967,0.6316425510128553,0.6522417048438918,0.26500992608093504,0.5372444131406869,0.5951279405120274,0.6134311556816101,0.6135663670721747,0.26401426941797573,0.6000823330196468,0.5887207561292097,0.4610033870631722,0.570814311504364,0.5008067328180427,0.7015863297713314,0.7093930194891384,0.572313078188969,0.481867711994045,0.5785179734230042,0.5443430385812497,0.6111142223864999,0.6457224445600461
87,2,0,0.028190669422764752,0.0665894978250323,0.04961598664522171,0.02284445029969914,0.0013961076953321278,0.000507304648538484,0.030958476997699443,0.07415561935566034,0.049346648156642914,0.03054301540692281,0.00028273340100641017,0.00046436866826475337,0.023410265534518943,0.053861606974773546,0.0349651463329792,0.026134774245625034,0.0018515465528574078,0.00023825356635951903,0.03304193745397257,0.07925247963981792,0.053828075528144836,0.02972213776844403,0.0005999989417866587,0.0018069953916693953,0.021026600171431313,0.05672733922278031,0.03731682151556015,0.010376376933597763,0.0007076491323198706,4.814052898468138e-06,0.02825630276300678,0.06654233092104875,0.04423036426305771,0.02987826571946684,0.00018257498721080685,0.000447977924249816,0.02532693345620605,0.06899851302562317,0.037465065717697144,0.02012155925021938,4.908730779222872e-05,4.4197969833357566e-07
88,4,0,0.09819689781666116,0.10906157552471996,0.11668294668197632,0.11580168639318959,0.0028888560099724855,0.14654942447344751,0.10114231764185837,0.10792783719057851,0.10574684292078018,0.11412145713803605,0.003911927412935617,0.17400352354696144,0.09600148624829621,0.10791168212989907,0.11335275322198868,0.10446687919788862,0.003871084330102834,0.15040503236160183,0.10859190171896346,0.10908324160678208,0.12529867887496948,0.10972972446196683,0.004389967079428416,0.19445789657167054,0.09560978824815133,0.11144011544386442,0.11188177019357681,0.10422024237146596,0.004313160169980735,0.1461936530618687,0.12065055207176134,0.10085072271062098,0.13453397154808044,0.10808756862005416,0.0048186298493601105,0.25496186763069106,0.12223703905764949,0.11083462847258126,0.13227534294128418,0.11532354699370811,0.0033393471113804347,0.2494123297692934
89,1,1,0.9278833428886596,0.9182197993635673,0.9310442209243774,0.9511195473282885,0.9956651744051271,0.8433679724219374,0.8913876576629836,0.9093997998530303,0.9134232401847839,0.9184666897497374,0.9930667544587874,0.7225818040685783,0.9138814790608336,0.8971838489201509,0.9208011627197266,0.9124632410274297,0.9983913448173425,0.8405677978195188,0.9382935507171869,0.9371456137302735,0.9411925077438354,0.9573768866736513,0.994664955197576,0.8610877902405981,0.9591625965175498,0.925495251440683,0.9411890506744385,0.9572967014633343,0.9981299525252533,0.9737020264840391,0.9171594223599604,0.9187433159745816,0.9180749654769897,0.8970631051724071,0.9973767867825941,0.854538938393229,0.9442947341106873,0.9304529441814473,0.9305312633514404,0.9301057146029715,0.9979722934181688,0.9324114549994088
90,3,0,0.06567513416447568,0.08425684924125944,0.0704570785164833,0.09348091062344129,0.002444421391639483,0.07773641104955492,0.06397990721032493,0.08899989405054586,0.07043997198343277,0.0869200238295856,0.002285930944287993,0.07125371524377243,0.06193071276675337,0.08414607653907992,0.06997834146022797,0.08891185248907368,0.0025404769648168174,0.06407681638056847,0.06722641725609946,0.08600894886541735,0.08075415343046188,0.09583545588195502,0.0022827303135186565,0.07125079778914432,0.06516990132486683,0.0834334045666334,0.07207829505205154,0.0902636376246829,0.003053436811736443,0.07702073256922985,0.05871602089276505,0.08556089436254374,0.07274031639099121,0.08271867643675761,0.0021101603794373433,0.05045005689409538,0.058747395859478115,0.08205372342634813,0.07406129688024521,0.08219104687316306,0.002037227185553465,0.05339368493208071
91,0,0,0.08087091671511115,0.10188266889928332,0.13552241027355194,0.09978752832440907,0.0035189373450648168,0.0636430387332466,0.08354192533136681,0.10497628639105325,0.13501141965389252,0.10931664084707352,0.003966743903949671,0.06443853586086515,0.08045353165259411,0.10156658466745111,0.13053728640079498,0.10574859172483804,0.005809530296285715,0.05860566517360071,0.08642790535897256,0.10455999774349972,0.1293661743402481,0.10520020182505398,0.0037154083981187323,0.08929774448794223,0.08086217468412717,0.09987527054603806,0.12934496998786926,0.10865043451514872,0.0037854329503144712,0.06265476542126532,0.08613080291724518,0.10359275402861039,0.12790219485759735,0.10511018377397459,0.005769131458255481,0.08827975046778808,0.08758603043644991,0.10320058716336898,0.1300734281539917,0.11120741033711602,0.005143026901799392,0.08830569962597347
92,1,0,0.08609822085507485,0.11260255782505182,0.1075524240732193,0.11470268955863527,0.004833649193588939,0.09079978362487894,0.08371780994028075,0.10865942743223005,0.1064491719007492,0.10877959868757843,0.004600173817586537,0.09010067786325952,0.08287149127259422,0.10483251493584206,0.11278696358203888,0.10930155682731964,0.003922103392899125,0.08351431762487144,0.08975015094249052,0.11049092239101974,0.11319568753242493,0.12319068602390615,0.003720189032189517,0.09815326973291223,0.08300518291330958,0.10818847232848552,0.10579163581132889,0.10978703001677755,0.004857087057862802,0.08640168935209312,0.0870288654905588,0.10833607420777164,0.10691963136196136,0.11986938975857432,0.003993533690765722,0.096025698433721,0.08262194678542936,0.10477996234990715,0.10860796272754669,0.10995107465533699,0.0033992437000441742,0.08637149049431175
93,3,0,0.412699380677451,0.4627753523308899,0.5569605827331543,0.43279674175488,0.18001096840375114,0.43095325816457974,0.5425653181575005,0.6513867856875415,0.5324094295501709,0.47900629443203335,0.614370100709782,0.4356539804079752,0.3552423761569528,0.4535319831657904,0.5367377400398254,0.3933950052511722,0.08417741050617776,0.3083697418217981,0.4634410262148835,0.533202490175796,0.5974361300468445,0.481513981915003,0.1845616762294486,0.5204908527073253,0.40490166598248256,0.46005003521724147,0.5153648853302002,0.4801945800773927,0.15085515177615125,0.4180436775114275,0.43770257267682633,0.5360466063895913,0.547402024269104,0.38891814915438977,0.35312571777728274,0.36302036579376395,0.4077248143145235,0.5361799444913773,0.5158140659332275,0.5159870636067787,0.12411807162819195,0.34652492591304185
94,2,0,0.12518311536936294,0.20557814991718465,0.14501135051250458,0.15778930371133965,0.013010190823829693,0.10452658188195606,0.09648943385617695,0.09883587396941505,0.12773847579956055,0.15052044159836428,0.00695043489219516,0.09840194302134961,0.11494294687898428,0.15551479752115907,0.09764523059129715,0.21292297034406282,0.0061989394059829795,0.10243279653241939,0.13825065302334585,0.19334318567783568,0.14784565567970276,0.13795452663775973,0.016195965977843438,0.19591393114358754,0.1347606336768123,0.20443799145383298,0.12997554242610931,0.2031077460795557,0.025670900521887738,0.11061098790267579,0.15566428309574548,0.1744043366562031,0.11999154835939407,0.20338820031549862,0.006924853468434846,0.27361247667919664,0.20749477662371563,0.11471053308907152,0.1503986120223999,0.2083762554985778,0.012057603727327408,0.5519308787812014
95,0,0,0.04832172033371797,0.08802025985244129,0.07428961992263794,0.05226002886271249,0.0035189373450648168,0.023519755685733296,0.053904425652186096,0.09822195442845894,0.0749439224600792,0.06949631665982332,0.003966743903949671,0.0228931908086194,0.057184464541291724,0.09321274376165897,0.08389531821012497,0.07805149754527138,0.005096484093145095,0.02566627909625816,0.05199137341951553,0.09392891170218799,0.07449749857187271,0.06502075426643193,0.0033873559068098077,0.023122346650275228,0.052582275168987724,0.08913422401122457,0.07401852309703827,0.07190258326710225,0.0037854329503144712,0.02407061251925907,0.05223215660767446,0.0950677939992534,0.07478896528482437,0.06981108014559806,0.004066594901122593,0.017426348707573893,0.05293370817757777,0.09489886557406474,0.08396708220243454,0.06435464265403854,0.003879130869231774,0.017568819588119216
96,4,0,0.07667660948709379,0.09962528495367212,0.10810216516256332,0.10233075533883594,0.0028888560099724855,0.07043598597042504,0.07598993164860565,0.09892864089547926,0.09779339283704758,0.09903804745958274,0.003911927412935617,0.08027764963798308,0.0765504678945729,0.10056335954594377,0.10846148431301117,0.10510481797509258,0.003871084330102834,0.06475159330871413,0.08994862686100895,0.09955118359009645,0.11429817229509354,0.10287806404323174,0.004389967079428416,0.1286257472971946,0.07523641113179422,0.10177566912784602,0.10376638174057007,0.09799146237197885,0.004313160169980735,0.06833538224859535,0.09375880182747776,0.09796055436763523,0.11747737228870392,0.10389122467887646,0.00461006549845824,0.14485479230371498,0.09378458354221927,0.09800729840985331,0.1224203109741211,0.10677775857731703,0.0033393471113804347,0.13837820263842457
97,4,0,0.15913449425187703,0.19742781580480745,0.21369044482707977,0.22996538299531097,0.024578308099282853,0.1300105195329041,0.17378472867621528,0.25838081305504956,0.225712388753891,0.24176199075495025,0.017461971890223655,0.12560647892696195,0.1718493775006537,0.19086024153201844,0.21969813108444214,0.2654461582891632,0.008194911522354905,0.17504744507529005,0.16620634390884848,0.17767878235762846,0.2065160572528839,0.23243735199412374,0.025118463574780293,0.18928106436482592,0.18509783202102562,0.2106085933767899,0.2338513731956482,0.258922630576109,0.039407238001614386,0.18269932495496669,0.20682431952182606,0.30053440175389384,0.2436765730381012,0.2404121436614773,0.027217088917206155,0.22228139023845178,0.20988061726109025,0.3072907580771077,0.22369086742401123,0.2341741315409198,0.06108978781426479,0.2231575414491478
98,1,1,0.28484339337075093,0.24444238756496964,0.28876426815986633,0.3342659658366146,0.28327292251684616,0.2734714227754581,0.44765111405099356,0.47424519434401036,0.4943542778491974,0.3747792843297541,0.6996108004583687,0.19526601327363755,0.3172424732710232,0.3098703675168461,0.38966867327690125,0.422888650749092,0.22575037003076442,0.23803430478151202,0.28147002051874487,0.2828479226736085,0.2923460304737091,0.32936410502692687,0.22807898005378682,0.2747130643656931,0.3592787269510034,0.23879430347260153,0.3177650570869446,0.35812649300908056,0.5218696904301099,0.3598380907562804,0.3727749895896841,0.4229668438543327,0.474809467792511,0.4234196499487596,0.3675744698382278,0.17510451651458955,0.3589803896089673,0.44553776668492734,0.47370848059654236,0.4759436180211874,0.2313206270201204,0.16839145572205863
99,1,1,0.9240633388066988,0.896064958460518,0.9206737279891968,0.8907247925861509,0.9579245685499184,0.9549286464477093,0.9157945904240845,0.8883406667166075,0.9052701592445374,0.8913792851847363,0.9454972564876003,0.948485584486941,0.9329644619076898,0.911510315390609,0.9281209707260132,0.8943427988419063,0.9679676258005077,0.9628805987794126,0.9320442221487273,0.9031174526026102,0.9079732894897461,0.8959728846700076,0.9772517501939089,0.975905733787363,0.9349042695781871,0.9125959324380913,0.9383249282836914,0.9292145531332515,0.9774782528215259,0.9169076812143746,0.9354173340051395,0.9045670712003394,0.9188088178634644,0.9074622266490826,0.9743859503728487,0.9718626039399617,0.9469607015763696,0.91229671845769,0.9273861050605774,0.9432683044670845,0.9938185127884497,0.9580338671080469
100,0,0,0.14499408661729718,0.14616049250459795,0.13439127802848816,0.1926507176309247,0.010132253770561796,0.24163569115191333,0.143208194529964,0.1419384708902469,0.13094937801361084,0.2026260569514586,0.010857187501029836,0.22966987929347385,0.1438330190665939,0.14067602815877678,0.13159681856632233,0.20414628059426215,0.02096530450147891,0.22178066351212944,0.12635528157339096,0.14260405987164865,0.1403525471687317,0.15142360270333033,0.012063230214363755,0.1853329679088804,0.16563638870658176,0.19312679382648465,0.15314854681491852,0.24116091676769486,0.026721939404352985,0.21402374671945779,0.12264558880983109,0.12316801737120542,0.1471114605665207,0.15521735689426486,0.023076324103326776,0.16465478511383771,0.146943376579107,0.18033849350212083,0.19063827395439148,0.20167213342622645,0.020091523844283463,0.14197645816851265
101,4,0,0.4492050117581308,0.5050312936046709,0.539044976234436,0.4587814240600942,0.18008170783933375,0.5630856570521189,0.4382167729063471,0.5125334991497711,0.5251355767250061,0.498927171465986,0.11051554238575291,0.5439720748052193,0.4798605437417409,0.5091409973329251,0.534777820110321,0.5202237727227229,0.26699600297965714,0.5681641255630783,0.45708720619064735,0.48082683469037074,0.49033281207084656,0.4516726172672365,0.30042919565459975,0.562174571270183,0.4403655928248022,0.5039545264198062,0.5130133032798767,0.5038148296344461,0.11114628314492571,0.5698990216449563,0.44728731495025487,0.48778209747955964,0.544494092464447,0.48488858665946166,0.19096559858646997,0.5283061995613362,0.4593034042737509,0.4955712440321321,0.5360019207000732,0.515188945415678,0.25175390527473707,0.4980010059461343
102,4,0,0.07422758562822038,0.09962528495367212,0.098422110080719,0.10060556712542246,0.0028888560099724855,0.06959610997131582,0.089696372393968,0.11199110732284197,0.1297168880701065,0.10437164949390412,0.01298186648811227,0.08942035059487509,0.06597231845255805,0.10056335954594377,0.08448829501867294,0.09119369042800907,0.003871084330102834,0.049745162940061614,0.0884430830840063,0.09955118359009645,0.107248455286026,0.1028840612699403,0.004389967079428416,0.12814174819454027,0.07404928756655867,0.10177566912784602,0.09867839515209198,0.09792745089160043,0.004313160169980735,0.06755176249127416,0.09197608299644458,0.10071627809130225,0.1029469221830368,0.10397360518519154,0.00967775915333096,0.1425658503693613,0.09662339947642334,0.1021676780832246,0.12422022968530655,0.11600054951807995,0.00858806876950057,0.13214047132600504
103,2,0,0.49115346459190945,0.44255898905887936,0.5048130750656128,0.46811340554646724,0.4448747987769239,0.5954070545116642,0.49112926457224937,0.42257832157137487,0.45974186062812805,0.5290881838962112,0.468598876232892,0.5756390805326408,0.4471572902418249,0.44734905254906854,0.4617960751056671,0.3378115582553782,0.4288360432260973,0.5599937220729133,0.43481054596565266,0.41565560297408277,0.3958982825279236,0.40207756283838936,0.34938201640825506,0.6110392650796121,0.5115879668073992,0.4475282628112282,0.5373744368553162,0.4982995468538925,0.4172850994389759,0.6574524880775829,0.33903790715940485,0.3310257086199638,0.28889793157577515,0.3463812439821554,0.2964125872230747,0.43247206439605507,0.3252023596365504,0.3114266898600594,0.31194502115249634,0.3398095813487633,0.2336856842863219,0.42914482153511113
104,0,0,0.07696349887487848,0.10162688632883654,0.12323085218667984,0.09890519381005126,0.0035189373450648168,0.05753562470375994,0.07641764551251176,0.10483731460217983,0.12132661789655685,0.09062120019197532,0.003966743903949671,0.06133635096789708,0.05693957681560954,0.09028854012676309,0.09149469435214996,0.08266438297880574,0.0017577997190352105,0.018492466901293695,0.08736522121210574,0.10644868337797307,0.13252632319927216,0.10968379942861052,0.0037154083981187323,0.08445189165655419,0.0748538911294347,0.09979325726591588,0.10964188724756241,0.10398910069227735,0.0037854329503144712,0.057059777491103435,0.061113136566582085,0.09624979203534977,0.1014636978507042,0.08160304106908828,0.002163252714627779,0.02408589916314037,0.0596523884635123,0.09255306767045834,0.0981791689991951,0.08005040223861964,0.00193040786337164,0.025548895545916786
105,1,0,0.05195192983201691,0.09158999600220341,0.07370404899120331,0.07828178181198882,0.0023605955755553326,0.01382322677913366,0.052532499870175796,0.09291824841335661,0.07509622722864151,0.07851271530609871,0.0009805728314215508,0.015154735571360626,0.051841684460890915,0.10272318593678306,0.06545570492744446,0.06649237153717623,0.0030012806894477036,0.021535879213603115,0.049100277173729646,0.07931123111835738,0.06551209092140198,0.08396555216927312,0.004112658892518245,0.012599852767097524,0.056680150402055894,0.08681880187861452,0.07570943981409073,0.09882888801345806,0.0018725944408893218,0.020171027863226842,0.05444326579161838,0.09122388310276149,0.07147938758134842,0.08091819062619922,0.002949231890700739,0.025645635757082067,0.054074671506482555,0.08415574454283449,0.06505853682756424,0.08770979918065087,0.004768874843539807,0.02868040213782336
106,0,0,0.07565569918765962,0.09716181178276447,0.11454549431800842,0.09781569013115125,0.0035189373450648168,0.06523656236130916,0.08089522034366127,0.09999470829656741,0.12533172965049744,0.10848025272705174,0.003966743903949671,0.06670266714024004,0.07729683693440109,0.09683598646101525,0.12081427872180939,0.10396517730472583,0.005096484093145095,0.05977225809130986,0.07976503744774871,0.0983053674372657,0.10385635495185852,0.10241397112540176,0.0037154083981187323,0.09053408532609887,0.07588082328663111,0.09519637237623167,0.10776045173406601,0.10855715487057031,0.0037854329503144712,0.06410470450197306,0.08395482111634063,0.10049174416524517,0.11594882607460022,0.10497778041624527,0.005769131458255481,0.09258662346735701,0.08624042228657201,0.10013718087456994,0.12270509451627731,0.11118043502918665,0.005143026901799392,0.09203637411102676
107,1,1,0.655098864324528,0.6706698772318669,0.6186202168464661,0.6449359290481812,0.6313956400355768,0.7098726584605491,0.6375114512873068,0.6557527657696323,0.6305102109909058,0.6533935761042403,0.5156825176946388,0.7322181858771173,0.7009454171340309,0.7173678829803652,0.6783042550086975,0.6450436144485343,0.7457836802349508,0.7182276529976064,0.6407709217044961,0.6807273924291071,0.6611281633377075,0.6370647379837185,0.6793010344781825,0.5456332802937651,0.6560967220078918,0.6663380423925445,0.6525872349739075,0.6071008344011185,0.6580303491010834,0.6964271491708055,0.6662581317106516,0.7243255602698341,0.7224370241165161,0.6980478021441223,0.5897733945916844,0.596706877431102,0.6864889826008399,0.7156010261319526,0.7045844793319702,0.6863455453562797,0.7511393409407238,0.5747745212432733
108,4,1,0.07446297326564867,0.09962528495367212,0.09588964283466339,0.10497653514260989,0.0028888560099724855,0.06893454738732546,0.07512905871872469,0.09797497916025201,0.09788628667593002,0.10616479199060612,0.003911927412935617,0.06970730835389968,0.0743995206206716,0.09844879795371363,0.10113748908042908,0.10524683755656751,0.003871084330102834,0.06329339418254484,0.07479862984017055,0.09955118359009645,0.08558525145053864,0.09728893630299858,0.003317862756463454,0.08824991510075562,0.07335205902199626,0.09957988996276684,0.09634818881750107,0.09958476591223282,0.004313160169980735,0.06693429024749989,0.07345366983960591,0.0957829387493566,0.09661326557397842,0.09771214155245478,0.002908869871378802,0.07425113345086098,0.07301122131344442,0.09800729840985331,0.08950535953044891,0.1026345423127061,0.002478496710663956,0.07243040960354981
109,0,0,0.06791138887725506,0.09852333086180723,0.09972867369651794,0.09016443811163741,0.0035189373450648168,0.04762156437124795,0.07535376929100215,0.10563798740047327,0.12193100154399872,0.09934511530126973,0.003966743903949671,0.04588799830531941,0.07387966814924087,0.09651100586290944,0.11948525905609131,0.10223944541707633,0.005096484093145095,0.04606614631698208,0.07628420486997618,0.09834594167910699,0.10474559664726257,0.09749358700466744,0.0037154083981187323,0.07712049062072518,0.06665571869025655,0.09334078408668325,0.0914023369550705,0.09732015862150696,0.0037854329503144712,0.04742988083770752,0.07377210403688458,0.09845851413677391,0.10797952860593796,0.09534843905127631,0.005769131458255481,0.06130490693217923,0.07428876874261495,0.09809786278109468,0.11404810100793839,0.09075742873511806,0.005143026901799392,0.06339742428712425
110,2,1,0.5820069802609034,0.6499147869107113,0.6482979655265808,0.6867747895188469,0.3826084112350546,0.5424389481133233,0.6222680995357125,0.6638721295426104,0.6438398957252502,0.671783153526866,0.6439433971463185,0.48790192173751756,0.6330128935550081,0.6115648318314015,0.6086621880531311,0.630921365204012,0.6498356748232536,0.6640804078632424,0.6300286072509771,0.677442023922633,0.7297543287277222,0.6776883619330154,0.5936383337380982,0.471619987933417,0.6609893913750524,0.6651900962212376,0.7142991423606873,0.6861826891190017,0.5898468545116361,0.6494281746626993,0.48788846788984086,0.6453991292414295,0.5836635231971741,0.5823992717277932,0.12428907172210787,0.5036913435606997,0.5890642391856595,0.623652748273656,0.6262679696083069,0.6055521553595431,0.6485986997752711,0.44124962291152076
111,1,0,0.24487853996307876,0.301936986543134,0.3249269425868988,0.31311013961892553,0.035506349784620396,0.24891228128181497,0.3160528597577251,0.36999528791010106,0.447454571723938,0.35695334636554843,0.06714856193598921,0.33871253085304903,0.23734454918166445,0.2544187575788373,0.36472177505493164,0.25734212369662124,0.02882810826986326,0.28141198130806877,0.23840210250379146,0.3183576625065313,0.3673020899295807,0.263293772848199,0.07083362653814534,0.17222336069650096,0.27745385133035017,0.33165882308973765,0.3507597744464874,0.34985193007229803,0.046739463171480915,0.3082592658717468,0.3015570992451786,0.42312741591061825,0.415619432926178,0.27643259984714746,0.09913277838672638,0.2934732691552229,0.32285725345113325,0.41150069139864914,0.4208947420120239,0.32909683813488705,0.19265956999786113,0.26013442571224515
112,3,0,0.1344816530446718,0.09607367350578086,0.17154501378536224,0.17527024527449528,0.009095525947893583,0.22042380670982703,0.12319536273794571,0.09404466972327767,0.16806137561798096,0.1699531601810335,0.0029633832012273716,0.18095422496620905,0.1149244265359208,0.1057491391725026,0.16729852557182312,0.16190521150161663,0.027616111327370997,0.11205314510629066,0.18234567415510733,0.09946290537649945,0.2082783281803131,0.2607005552302953,0.017247672609067132,0.3260389093793616,0.04369299454408172,0.06481182074768693,0.06473827362060547,0.05330938538160772,0.005002019573292364,0.03060347339721615,0.10907938687209529,0.1186817810531766,0.16673140227794647,0.15867452468424711,0.009217943404483,0.09209128294062323,0.04435782822730637,0.08180046552628994,0.05664656311273575,0.06366510894085738,0.008986444363301838,0.010690559193346948
113,3,0,0.06687260568753377,0.08425684924125944,0.068262979388237,0.09534129298802117,0.002444421391639483,0.08405748542851176,0.06455438323746503,0.08899989405054586,0.06818956136703491,0.0869200238295856,0.002285930944287993,0.07637650599587081,0.06250421706385416,0.08414607653907992,0.06778816878795624,0.08891185248907368,0.0025404769648168174,0.06913451053834414,0.06683285226251404,0.08433608655172863,0.07244216650724411,0.09514997451918789,0.0022827303135186565,0.07995330342089083,0.06623746910400378,0.0834334045666334,0.07252151519060135,0.08960307909894477,0.003053436811736443,0.08257590985210299,0.059443480212779364,0.08556089436254374,0.06856454163789749,0.08342051990180403,0.0021101603794373433,0.05756128478221422,0.059268945004402954,0.08205372342634813,0.07062656432390213,0.082275566355498,0.002037227185553465,0.059351643730713034
114,0,0,0.06745979446886183,0.02739634809165613,0.03889613226056099,0.08941646445083437,0.00016368266860673295,0.18142634487265097,0.06547434197905919,0.027202871456174057,0.030110981315374374,0.09606301935166169,0.0005842731460964719,0.17341056462598933,0.0917203587171938,0.034793034689847555,0.04391568526625633,0.11945736917757134,0.003172441442761415,0.2572632630095324,0.055199898798178416,0.025419196676416515,0.0409870482981205,0.07190992179332598,0.0011698691534418907,0.13651345806958723,0.04145152034378967,0.03373944155321566,0.03345191478729248,0.092299430420791,0.0012282291935831705,0.046538585764066026,0.0700721322976399,0.03239986203673184,0.04858515039086342,0.09880803831025231,0.001558925101597953,0.169008685648754,0.06310726516334363,0.0441426967415434,0.05770072340965271,0.1895544648699763,0.003265028098878197,0.02087341269666761
115,0,0,0.6551553446198746,0.7162190722167137,0.7105306386947632,0.6300165072408379,0.49351736325978157,0.725493141687277,0.6737245175311061,0.7031924744601856,0.703621506690979,0.5639948281640614,0.6609107698330746,0.7369030085072293,0.5464015905404012,0.6852588143633171,0.6896163821220398,0.5820911842217069,0.17698943526120786,0.5980521367337338,0.6182240630957845,0.7111930007748647,0.6844186186790466,0.6756171321779646,0.3256389537629399,0.6942526100841064,0.6566701324127292,0.7075075720894612,0.7126697301864624,0.6175259819054844,0.4855840423125618,0.7600633355696766,0.5241337872764313,0.6412126650376367,0.6694172620773315,0.5326767423322346,0.26653974594321794,0.5108225209917363,0.5009197924188457,0.6185564749874123,0.653895914554596,0.5622223397340369,0.18204087805109995,0.48788335476708333
116,4,0,0.3249968434185019,0.3868848557903858,0.1304313689470291,0.3855753865055353,0.08729162004967018,0.6348009857998891,0.32811060309787354,0.5104892693204416,0.10936090350151062,0.3583988817903253,0.041419114589410166,0.6208848462876801,0.3127600955795571,0.37856418700607103,0.12271381169557571,0.3700128176065874,0.0700957370491443,0.622413924540407,0.3154683889448339,0.38154602075994953,0.12830345332622528,0.386243712942564,0.07281559926518531,0.6084331584302456,0.3119486372444102,0.4102929722867077,0.12224570661783218,0.352335318414139,0.04217997780975986,0.6326892110936122,0.3216050473224545,0.5063257092484756,0.1310935914516449,0.3660958184500739,0.036969631714124304,0.5675404857479537,0.3061723102117977,0.4815264060978024,0.12125271558761597,0.32588800983177607,0.04144227734290465,0.5607521421988895
117,2,0,0.03479867686638186,0.07018938692839816,0.05034712329506874,0.042391684555362505,0.0014115536397583616,0.009653635913321522,0.03708298055579594,0.08485653405607327,0.0456017330288887,0.040420143447247425,0.0025076328375955906,0.012028859409174697,0.03730103902586769,0.0766109897043248,0.05166064575314522,0.04281626495014551,0.0041608226226706605,0.011256472099052272,0.03347173546745144,0.0658586607467225,0.04807588458061218,0.0454223004376538,0.002046796703755978,0.005955034868512725,0.03827772159368338,0.07926950655927356,0.04675806313753128,0.04778565200780442,0.0015853232071795494,0.015990063056628073,0.03828208181652248,0.08212489896038815,0.05668247863650322,0.042905799691053514,0.001847216935177594,0.007850014859489924,0.04322149468038811,0.08090755768677842,0.06110423058271408,0.05674077944030032,0.0020238837339718345,0.015331021958175896
118,1,0,0.0618960794678551,0.11781960503961277,0.10905773937702179,0.06694804024429156,0.00266262000962874,0.012992392668720628,0.058669142229848883,0.11578263679608602,0.09547047317028046,0.06548111952120392,0.0029396980633875566,0.013671783598286406,0.053947340418973755,0.10356486441273983,0.09594278037548065,0.06115164051608116,0.0028024905039251407,0.0062749262866420765,0.051142018371721956,0.10531684161740454,0.0833815485239029,0.05784493803423676,0.004676769016907048,0.0044899946661585335,0.04130387199701763,0.1010104100703928,0.07120992988348007,0.03348871415392922,0.0004341042705115801,0.0003762016067744696,0.05299897928168312,0.1066088156441838,0.08638660609722137,0.06725993045099322,0.0024120928076379303,0.002327451408379285,0.04008535960952945,0.09677059819333086,0.06324197351932526,0.03991903630478151,0.0004243525681398081,7.083746206977575e-05
119,0,0,0.5363848145594455,0.6558377711755986,0.4763985276222229,0.5167177370276869,0.26198896306557806,0.7709810739061417,0.5600762207477129,0.5778355441957977,0.49130910634994507,0.5754042131317736,0.3879427407271575,0.767889499333891,0.5537921535235307,0.7122824110412642,0.48357418179512024,0.5814761335057598,0.22941523685317486,0.762212804422335,0.42422848501081456,0.5769148033529287,0.37812328338623047,0.48131795093792595,0.0918637152461911,0.5929226721307967,0.6306336108000969,0.7012895501504158,0.4912210702896118,0.5672803038752572,0.6129128792343677,0.780464250450832,0.5118585301318805,0.5597542285104654,0.45545753836631775,0.571171606792845,0.3920498637543431,0.5808594132354318,0.5042422491264524,0.5239792934529726,0.4947131276130676,0.5771692572851534,0.40794050290363504,0.5174090643774334
120,3,0,0.07681535094694025,0.07442489811388474,0.06787679344415665,0.06190867801703846,0.0006692420484544261,0.17919714311116697,0.0839041927344242,0.07737385283277512,0.06827317178249359,0.10130093929449313,0.0002922869241989404,0.17228071283816024,0.06147420423631532,0.08648182459912225,0.0713556632399559,0.05542795114045767,0.0006886623029266309,0.09341691989911415,0.09895671111162019,0.08083139067067825,0.09478340297937393,0.0787879176706163,0.00374126333933334,0.23663958089809914,0.042614017366492715,0.05298974478593416,0.04405444115400314,0.04629498261384861,0.0016903187587991753,0.06804059951987845,0.06486094360747799,0.0795436421129225,0.08057347685098648,0.07604614597955184,0.0022213125600981055,0.08592014053383099,0.03898908933183877,0.0659772652442584,0.05284934863448143,0.0423704702252438,0.0035825841753741165,0.030165778379836115
121,1,0,0.12222281849119809,0.17151751128820297,0.19933712482452393,0.11759775651671661,0.012370138591745768,0.11029156123480126,0.130029489136562,0.16671517677495165,0.18880462646484375,0.1569159559902178,0.017656081185466504,0.12005560526733036,0.16449149261218057,0.11759520959952006,0.19883112609386444,0.1394059402103987,0.010607068554719717,0.3560181186023999,0.0797620256656468,0.11831966289159325,0.10511238127946854,0.1261716969668636,0.009487641950793187,0.03971874523951542,0.16422191676500864,0.1562237675478795,0.19338026642799377,0.16499015293906502,0.007266878880914,0.29924851802919084,0.11824354922955493,0.11800411469691531,0.12137273699045181,0.17863693952159976,0.010220968949483754,0.162982985989324,0.12192444593930074,0.11713260777943364,0.13187195360660553,0.16156382012773093,0.011002916416953397,0.18805093176578028
122,1,0,0.08096015729439623,0.10886764599250001,0.09975273162126541,0.10494504720131347,0.004224391307149522,0.08701097034975273,0.08307916286340872,0.11101351694294939,0.0977974534034729,0.10475599168600946,0.004269400788881147,0.09755945149573068,0.06960560242723604,0.09768038232140593,0.08442658931016922,0.08849172219165721,0.0034869647568092094,0.07394235355613868,0.09525690770076108,0.10850493132411199,0.11110388487577438,0.11655145863641589,0.0035968732630452154,0.13652739040445785,0.08280409632208001,0.11053384072020955,0.10665837675333023,0.1130855274121082,0.003663829534618988,0.08007890719013311,0.08546119518308959,0.10133165200274759,0.09361957758665085,0.09697582978226688,0.004756778324694074,0.1306221382190886,0.08935923295491308,0.10600438366652876,0.09875506162643433,0.11131616306652667,0.004301790032198723,0.12641876638287694
123,4,0,0.15484732200914414,0.16224155239236857,0.1420845240354538,0.16649294340856843,0.008498136902827478,0.2949194533065024,0.1368718363915326,0.13584779024853147,0.135812446475029,0.1279182348559666,0.011344310640945009,0.27343639973719114,0.17201477794832037,0.15981373728713671,0.17281989753246307,0.20837214080233918,0.01097700703242849,0.30809110708723425,0.1681841423237572,0.14488469471888532,0.11340458691120148,0.15058840361382486,0.011640483328186646,0.42040254304668767,0.17362448151848917,0.1773152268042209,0.1762799471616745,0.20794027205207669,0.014614588129456344,0.2919723734450174,0.16245923726990721,0.12499295382069452,0.11325497925281525,0.17290619685781655,0.006732756940601845,0.3944092994776079,0.1682449785729871,0.12851825008565926,0.13675560057163239,0.18774582392722067,0.03303984192977664,0.3551653763506465
124,2,1,0.916111358893151,0.8630891041047821,0.8932981491088867,0.9049429582456421,0.9765813020776253,0.9426452809288188,0.8989180254571858,0.8586597985306464,0.8579965829849243,0.8907254922953336,0.9537860843151139,0.9334221691599107,0.8782650680408629,0.8421684106416394,0.864067018032074,0.8370202706507999,0.943160663165736,0.9049089777140654,0.932274784617614,0.8811854793262854,0.8853996396064758,0.914073477739954,0.9920021145932875,0.9887132118220678,0.9091438440215519,0.8544322302766566,0.8697337508201599,0.8834275969735883,0.9946002060822111,0.9435254359551437,0.9169989163202359,0.8624000694026158,0.8778913021087646,0.8707905435118402,0.9943398166805527,0.9795728498974065,0.9133655089448224,0.8506373835389938,0.8608284592628479,0.9004451682715586,0.9854684984654293,0.9694480351852829
125,1,0,0.2188811374084597,0.24354315616008096,0.236454576253891,0.28490928295677426,0.05070276981978259,0.2787959018517696,0.2377257210877101,0.2770835769637796,0.24055439233779907,0.24398375625305438,0.16334859940071764,0.26365828048319967,0.17889266478477545,0.2157272196145201,0.23472048342227936,0.1952619783607099,0.02522456412807069,0.2235290783982972,0.21524342226425452,0.24262211905628567,0.26170408725738525,0.24214612677260278,0.09054093811078091,0.23920384012421805,0.23808643383291503,0.26939992314979305,0.23123662173748016,0.3054541807182608,0.03087779267582926,0.353463650883212,0.19018131755132808,0.2456627972486081,0.2613444924354553,0.22609537466355958,0.05872287401564407,0.15908104939337345,0.19479688378968868,0.26768242516689944,0.2544935941696167,0.2555923548353475,0.043131834333578735,0.15308421044300105
126,2,1,0.9331509370092416,0.9118743872360663,0.9353000521659851,0.8997726178627297,0.9933840244377563,0.9254236033436706,0.9363962325770115,0.9151273425366244,0.9151749610900879,0.9230352317989139,0.9970602729043541,0.9315833545550779,0.940259071391317,0.9171467682806947,0.9248999953269958,0.8947097736657954,0.9981007938893792,0.9664380257937202,0.8912934524304728,0.9295814176824344,0.9405534267425537,0.877205072741925,0.9932969622715102,0.7158303827139403,0.9446571669710785,0.9207921620852876,0.9251707196235657,0.9203475862744864,0.9940047486910663,0.9629706181809864,0.9242687540618425,0.9382651616068481,0.9363406896591187,0.8954839995278367,0.9986308949321339,0.8526230245832744,0.9480351750662704,0.9362086752135992,0.9531294107437134,0.9184433014923338,0.993610691632614,0.9387837962490913
127,0,0,0.09265422213942208,0.10689274874842732,0.12936535477638245,0.1223423366335653,0.005629025283004156,0.09904164525573123,0.07867731507721787,0.10008292950356923,0.09870641678571701,0.09543260087513965,0.005724853566709813,0.09343977465495361,0.08799165681691767,0.10234784505659819,0.11895040422677994,0.11352164515249742,0.005435249952051017,0.09970313969666177,0.10299847594688885,0.10908021406650038,0.11991431564092636,0.12119604956173584,0.005990355285168957,0.15881144518011275,0.09461725572620135,0.11354197788515716,0.12600453197956085,0.11791877344508507,0.006227839494823373,0.10939315582638028,0.09849250786180612,0.09697968686722216,0.10831654816865921,0.11603150393492637,0.00545610718459791,0.1656786931536249,0.10198426050335689,0.09526284804458722,0.10460150241851807,0.1174057087816687,0.005049454849938136,0.1876017884220723
128,1,1,0.07911527260069501,0.10061772649795285,0.10091080516576767,0.10168159948469921,0.004224391307149522,0.08814184054790575,0.07551248794844682,0.09265071801839173,0.09247436374425888,0.10144987782543399,0.004269400788881147,0.08671807936526835,0.07258156717662827,0.09085242742808054,0.09517348557710648,0.09843514582381276,0.003922103392899125,0.07452467366124249,0.07369299461807531,0.09211863955339063,0.087277352809906,0.09931144723521228,0.0026526105638437505,0.08710492292802392,0.0756402953334549,0.09827672384948656,0.09331714361906052,0.101390956966334,0.004857087057862802,0.08035956517453065,0.07216418507660784,0.09498108836488303,0.09326079487800598,0.09144618808481096,0.002907114173635626,0.07822573988170356,0.07126178966911342,0.0947879131572518,0.08694007247686386,0.09258829752337873,0.0023478661440374843,0.07964479904403525
129,0,1,0.9043293388468197,0.8608960485046364,0.8773588538169861,0.9189016113809256,0.987066020988111,0.8774241595434393,0.8902164256609086,0.8252441031762454,0.8806772828102112,0.9085348782674959,0.992326100480506,0.8442997635700848,0.8994138266194998,0.8808358264008445,0.8943427801132202,0.902818438285488,0.9960680554259187,0.8230040328720275,0.8468139803229079,0.8631582629768321,0.8852442502975464,0.8841701742164316,0.9778237848373231,0.6236734292864063,0.9090522327003226,0.870829946828177,0.8905658721923828,0.9292407418168076,0.9885838452794441,0.8660407573848018,0.8191157178561241,0.8693962537049535,0.865700364112854,0.8711622120301006,0.9724275089286674,0.5168922505040445,0.8137615001635827,0.8593857343599005,0.8873751759529114,0.9181613855865115,0.9805639389255736,0.42332126599301695
130,2,0,0.06340603851722285,0.17450380288078343,0.058255769312381744,0.055221525076453,0.00107419747759498,0.02797489783890111,0.047852478148499356,0.10885899262936871,0.052279915660619736,0.05097032669153654,0.0011990604408317457,0.025954095320140078,0.04731664617435905,0.0908436101300407,0.06081448495388031,0.055865450861922565,0.0025737807589957832,0.026485904166955867,0.06041343021722663,0.16227096495740836,0.058964408934116364,0.055463218029965504,0.0009454284082724373,0.024423130756370457,0.05212789380371804,0.10932255845049842,0.0560171939432621,0.06240402346559929,0.0011448042146306185,0.031750888944599744,0.04827054206230836,0.09815154321578616,0.06450633704662323,0.05959356588278522,0.0009499761471564187,0.018151288019190737,0.05014165090406025,0.10069030315541426,0.06336041539907455,0.06056406100110146,0.0020238837339718345,0.024069591230739148
131,2,0,0.07042986764197427,0.09305076225638557,0.09873736649751663,0.09105925251775471,0.0014115536397583616,0.06789040329845611,0.06848695968924853,0.09931006565770935,0.08668024092912674,0.08221097693115384,0.0025076328375955906,0.07172588209065725,0.0779907853042577,0.09752587996180608,0.11910852789878845,0.0976513743137974,0.0041608226226706605,0.07150732172422593,0.08395715920998893,0.09487569403980092,0.11130104213953018,0.10103548440259526,0.0020808508783493416,0.11049272458966893,0.0710911936354067,0.09992442852158036,0.09432345628738403,0.08892292324366143,0.0015853232071795494,0.07069983691722814,0.0892578366129547,0.097487254559069,0.1088261604309082,0.08761566097380494,0.003575550072330622,0.14878455702866072,0.08805257377683362,0.0951459953755622,0.11202653497457504,0.0875313688529293,0.002829454057138486,0.14272951562396305
132,0,0,0.0739666769812246,0.10480511969156017,0.1037704199552536,0.11018220944748455,0.0035189373450648168,0.047556698466759854,0.07887714767294504,0.09649910969685713,0.11767906695604324,0.11633543713154809,0.004027718092287226,0.05984440648798951,0.0703392263047343,0.09418482169194663,0.11444219946861267,0.09910917745642643,0.005150569912916895,0.03880936299376888,0.07359564864379425,0.09864634638623497,0.09461557865142822,0.10886202294361325,0.006186906358159648,0.059667388879535155,0.07803128000633239,0.10664035074992721,0.11242875456809998,0.1111885970797377,0.0037854329503144712,0.056113264683582555,0.07907468578664814,0.09663222237789981,0.112826406955719,0.11655925804671517,0.008880995331832103,0.06047454622107464,0.08328027396682015,0.09443058668588784,0.11179632693529129,0.119175960292593,0.009516737975382002,0.08148175794494666
133,4,0,0.44658388973054974,0.5397711303627257,0.5594437122344971,0.4957228455606094,0.052853489549262285,0.5851282709456538,0.46898353893966316,0.5415834375839209,0.544284462928772,0.5492406805870054,0.08119549383513384,0.6286136197634838,0.43748378114396225,0.5493744912656288,0.5262405872344971,0.5300975879415205,0.01760807133478126,0.5640981679433835,0.39251889661133854,0.4842813940322524,0.538196325302124,0.47537850506406365,0.03785931475370983,0.426878943904543,0.476041778508681,0.5473400534334337,0.5827326774597168,0.5053105744211114,0.13453568170792365,0.6102899055212196,0.47185845515398006,0.4719710649564358,0.526788055896759,0.514626723434061,0.36705409586616927,0.47885233561647494,0.4306735055406586,0.4642862346485812,0.5647162199020386,0.49856490417538374,0.1612585542412529,0.4645416147360363
134,4,1,0.8689954973149719,0.8609711992209889,0.870635986328125,0.8256197507132058,0.9691774012895144,0.8185731490230258,0.8639038278607313,0.8536704295278905,0.8597109317779541,0.7969531852684129,0.9792552058590552,0.8299293868703436,0.8409171448213218,0.8462968309101152,0.8738082647323608,0.7741541142916153,0.9107792124885125,0.7995473016840061,0.9012755430436773,0.8753296370635204,0.8847796320915222,0.8537239816182033,0.9718422121773985,0.9207022522677422,0.8716524155900581,0.8634198957946487,0.8844305276870728,0.8070925052246797,0.9730406251616743,0.830278524082215,0.8968098412114494,0.8805994705062885,0.8593161106109619,0.8380785537403318,0.9771469921369464,0.9289080790627178,0.8846409244861112,0.8732955838067038,0.8610930442810059,0.825169191063277,0.9591535985897631,0.9044932046898057
135,0,0,0.10155487664916125,0.10769313664749589,0.09998033940792084,0.12848174116538563,0.0029958337407636677,0.16862333228424023,0.1056673184062693,0.10687079535542303,0.1082535907626152,0.12931045684426798,0.0028680285668375377,0.18103372050220273,0.10795393669972726,0.10720106483931142,0.1022631824016571,0.13300325625550247,0.00473833669946671,0.19256384330269855,0.08592137681193855,0.10510755627796402,0.09957191348075867,0.1210728505174783,0.0010277858911535592,0.10282677789233823,0.10748294529193887,0.10395267612957583,0.09803428500890732,0.14455984468167993,0.0029193253260294803,0.1879485953135018,0.0967760123034219,0.10606407533323219,0.11016546934843063,0.12081236613991288,0.002077936783906663,0.14476021391162716,0.09364083148931523,0.10430869553867761,0.11613333225250244,0.1133271418124648,0.002436671881320934,0.13199831596161044
136,2,0,0.09648919297843551,0.11006682466206838,0.09141421318054199,0.12504580409423416,0.005695914405154762,0.15022320855017823,0.08418092218279952,0.0925567796611685,0.08620314300060272,0.12159257032513052,0.0018975256336400523,0.1186545922934558,0.09793442634085485,0.11646346410921418,0.09445877373218536,0.13052682580330005,0.0039042046111694624,0.14431886344840514,0.0696190233599125,0.1217846892626222,0.08619034290313721,0.10218627588936595,0.0012476212120195625,0.036686187532417605,0.07634112762699706,0.10662060030109144,0.08074277639389038,0.13602871340021747,0.005021530428830697,0.05329201761095532,0.06485986336090403,0.1116216400236352,0.08245789259672165,0.1036967108668799,0.001238533938613733,0.025284539378669712,0.0620909629419711,0.11743101872161867,0.08311714977025986,0.09510604874422506,0.008785499933015087,0.00601509754073684
137,4,1,0.9515422785023746,0.9333591890793458,0.9371439814567566,0.9533610351369352,0.9910332180080258,0.94281396883081,0.9506329457444348,0.9290269310439375,0.9341935515403748,0.9606687904518747,0.9892081269438545,0.9400673287421331,0.9632975504590237,0.938146779927443,0.9356126189231873,0.9657465650580269,0.99804066441024,0.9789411239762212,0.9537545511512994,0.9328172830997868,0.9342151284217834,0.9300370853719309,0.9825780726533786,0.9891251862096174,0.9535540360250886,0.9311970105124974,0.9358506798744202,0.9564188775320296,0.9929476195092263,0.9513559926972697,0.9591506426688122,0.934049230985641,0.9380981922149658,0.9430973056746788,0.9841352170078768,0.996373267460899,0.958849258055966,0.9298328849190187,0.9281030893325806,0.9477466984130745,0.9954037208914113,0.9931598967237444
138,4,0,0.4480991269380281,0.5672963636600654,0.5741559863090515,0.4080004933124735,0.24889140163897447,0.4421513897695756,0.4198568463605798,0.5409374349961583,0.5364078283309937,0.4061640993854277,0.19220514506012293,0.4235697240301966,0.5047847981267444,0.5464141403903703,0.5973957777023315,0.4985707762896131,0.4224046510469334,0.4591386452044736,0.5370814596023437,0.6135562519748111,0.6740038394927979,0.4179157731801543,0.5879033892889164,0.3920280440750381,0.43533098060579717,0.5381697385717232,0.5720550417900085,0.4071283595998031,0.2733970751508249,0.3859046879166266,0.5324142899254223,0.6170074529569836,0.6285638213157654,0.48430315188584133,0.5077735783371803,0.42442344513134056,0.4982444927202379,0.6168072051960847,0.656460165977478,0.5047069986895998,0.3422158185995679,0.37103227513845927
139,4,0,0.06476603590583771,0.08545215523309212,0.06389179825782776,0.09283485348059102,0.006226853173126634,0.07542451938455103,0.06298629069416647,0.08706268105161244,0.05793512985110283,0.10087144861192285,0.0036066353548943474,0.06545555860129988,0.06407804479072578,0.07844948506987849,0.07101409882307053,0.10947705823393318,0.0024204635416496556,0.059029118285097056,0.09060019557934738,0.10190530158413512,0.06923139095306396,0.1661894022423892,0.01575296639853109,0.09992191671861757,0.06787809468398676,0.09315845942670237,0.06685656309127808,0.09321546615450693,0.0022945849573819716,0.08386539979006438,0.08055447353828478,0.09510333088899095,0.06946181505918503,0.1212248391145434,0.0447217549044986,0.07226062772420595,0.082771554194115,0.09967847504554436,0.0677269920706749,0.15919055890371614,0.010123406126677038,0.07713833882396245
140,4,0,0.47410703587853503,0.45076692513995653,0.48213377594947815,0.47452707418041296,0.38918648496567987,0.5739209191571478,0.4393616828831607,0.4211884744985044,0.4286201000213623,0.46466200861958373,0.36168811947317697,0.5206497118031759,0.39133618591909214,0.4310141214747841,0.48706769943237305,0.3098139774917853,0.07154821832168264,0.6572369128748357,0.3529206656142229,0.3478850834964121,0.3758968710899353,0.44027757553954655,0.1539150812291228,0.44662871671609783,0.5197494557076612,0.4198965116377383,0.4869242310523987,0.48199396231376773,0.6150527717417227,0.5948798017926787,0.30073052197872563,0.340006174372155,0.34165579080581665,0.34282920913143955,0.13681992240625898,0.3423415131779581,0.3275532819275725,0.34820901982711056,0.3204611539840698,0.4492524255925805,0.13766499334037094,0.3821788168937306
141,4,0,0.14785559445581206,0.07260640753487248,0.09382760524749756,0.13350487003922587,0.00636976060089093,0.4329693288565736,0.15810095911917119,0.11240840624541559,0.11408808827400208,0.15192511445808943,0.004939737494560401,0.4071434491237884,0.1309642188869563,0.09148349531068127,0.09290573000907898,0.18908560802412763,0.0171983101241249,0.2641479509667688,0.13293158755936882,0.09573602696716461,0.0893937423825264,0.1472636637318228,0.004476531902179265,0.32778797281315103,0.052009252623099175,0.057378361920817286,0.04430008307099342,0.051090819890545855,0.004935156184882659,0.10234184204825665,0.12118251860177179,0.12848511662960738,0.129560649394989,0.1995763811707544,0.005240898230803066,0.14304954758270505,0.06921031943074779,0.09937129616651773,0.06380782276391983,0.1012268202673986,0.009727423806141665,0.0719182341497611
142,0,1,0.5882549983713418,0.6158114985667271,0.5868093967437744,0.5838751820969069,0.5217781735609315,0.6330007408883686,0.5993524936539883,0.6313967462754486,0.5980392694473267,0.5472435614576481,0.5861071086257048,0.6339757824638137,0.5947225092012643,0.6418095504114111,0.5975727438926697,0.6295165825482241,0.4591162127372522,0.6455974564167648,0.5377002740334136,0.5613595169160748,0.5482372045516968,0.5472238908931594,0.4997689928428033,0.5319117649633335,0.5894749101750332,0.6065613752660282,0.5804906487464905,0.5533279502279284,0.58076870225614,0.6262258743785789,0.5541439830872934,0.6017065104149703,0.5775389671325684,0.6170052013945316,0.48032495538629444,0.4941442811081023,0.5402426858816147,0.6048712241560925,0.5977552533149719,0.5938112667514627,0.42861603397941817,0.47615965120612835
143,4,1,0.6212475176743956,0.6156903807195526,0.6305485367774963,0.5738530137791291,0.6273520459717367,0.6587936111240631,0.6177379280464231,0.6369748561636829,0.5982668995857239,0.6235946222147277,0.5073412023824019,0.7225120598855791,0.5696825439988579,0.591923309212433,0.592298150062561,0.5893717222654639,0.5269973367759376,0.547822201677894,0.5152831172984301,0.5806673518643821,0.6010932326316833,0.5533061873501004,0.41047081095886156,0.4308780036871233,0.5679400118957579,0.5918839716555913,0.5938276648521423,0.6227252408935774,0.3771190414332736,0.6541441406442049,0.5672642988836382,0.6084684649741775,0.5886114239692688,0.5334849909605872,0.6524208678916495,0.45333574662250736,0.538385245515591,0.6052958900520972,0.5776848196983337,0.5381293418869068,0.4833177570484781,0.48749841889213874
144,0,0,0.08901851473367886,0.0973679884898034,0.11876408010721207,0.10655448756193059,0.005629025283004156,0.11677699222644415,0.08506813017347145,0.09356590728258314,0.09585826843976974,0.09387963441305017,0.005724853566709813,0.1363119871652444,0.09357711950156913,0.12099918636357371,0.11215464025735855,0.11567589981343901,0.005435249952051017,0.11362062112142335,0.09890243043112236,0.09608723142316176,0.11073418706655502,0.11905117314623481,0.008568982643445376,0.16007057787621481,0.09410189015246403,0.10287070788378971,0.12271745502948761,0.11154762190733744,0.006227839494823373,0.127145826446882,0.09849509584413282,0.09831659350773539,0.09853359311819077,0.10686502619279038,0.008773310711791485,0.17998695569015605,0.10490264892243151,0.09587193164310663,0.0964258685708046,0.12754678425614766,0.010026434962773962,0.1946422251793247
145,3,0,0.12954397050726849,0.1451722285707498,0.13113495707511902,0.16493549271593763,0.011118869131366243,0.1953583050431698,0.13577071694154613,0.14850221889071183,0.1424064040184021,0.17764647905676464,0.014598878727478422,0.1956996040143736,0.12282790017776386,0.1413182449291957,0.12151941657066345,0.18512274323397374,0.00667750480469748,0.15950159135028885,0.09434980160275835,0.12907730773257134,0.11003987491130829,0.13712743278918443,0.0022222359429921847,0.09328215663773548,0.13055699125159698,0.13871854915211604,0.11931882798671722,0.19138954611711192,0.009416528601740835,0.19394150440029892,0.09713975079204898,0.13553244995943853,0.10966156423091888,0.16706316594683346,0.004378295715090542,0.06906327810796353,0.08947615741243396,0.12850783993493828,0.11074439436197281,0.13045186802687392,0.0029336529664040845,0.07474303177198072
146,2,0,0.14943765225248634,0.13147551315195488,0.11728725582361221,0.18885052888542403,0.006403635728976267,0.30317132767246435,0.16498128463988565,0.16295080194856162,0.13233734667301178,0.18456403273891048,0.031061965465966818,0.3139922763729776,0.2405252178683343,0.16389356862674861,0.10925807803869247,0.2369394922530067,0.00947156339553097,0.6830633870276928,0.11903449175231806,0.12430172273217245,0.10913211107254028,0.12676598735064715,0.005960543575388477,0.22901209403084188,0.1368172586622782,0.13966768115954492,0.0862954631447792,0.19443033639963905,0.008024865629172612,0.25566794697825523,0.2137248537695302,0.14843690475906493,0.13928067684173584,0.23772781709814106,0.013189112006377512,0.5299897581423316,0.19785331931751796,0.12167163994291962,0.15860655903816223,0.20143011083998702,0.016212038565050997,0.4913462482014698
147,0,1,0.07997661758152827,0.09879464255508295,0.12959906458854675,0.10095568796203706,0.0035189373450648168,0.06701475545690977,0.09617465195216832,0.13075319048521547,0.14518524706363678,0.11669688970416522,0.004027718092287226,0.08421021441553686,0.05000079546061079,0.07896757537538597,0.08382708579301834,0.0791317491772244,0.0012436182321743784,0.006833948725250915,0.09117055401737485,0.14343225981082444,0.11376248300075531,0.10400698123953502,0.0027974600787068374,0.09185358595705269,0.08039816895134536,0.09740226397589918,0.125133216381073,0.10992733231033876,0.0037854329503144712,0.0657425991391014,0.0718023216361877,0.16319543465748665,0.09830380231142044,0.08068089832442829,0.0019588608503881026,0.014872612037215098,0.07439399468557062,0.16727862104991903,0.09123073518276215,0.0937562306682772,0.001436498851232679,0.01826788767566202
148,0,0,0.042216183599680115,0.062000153165270556,0.04955057427287102,0.05097859720109494,0.0006778546787632823,0.047873738680400804,0.04594985598243655,0.06103668602609786,0.047796230763196945,0.06837533647760247,0.0017832651110903065,0.05075776153419519,0.04254267022083605,0.05952436939025489,0.04773024842143059,0.07521272628316732,0.0003906740367003305,0.02985533297262712,0.032109959270165994,0.051284046335144794,0.04368150979280472,0.047089820215392215,0.002576172255297051,0.015918247752191198,0.027677024525917516,0.05736730919343101,0.03901683911681175,0.033392064620031886,0.0009304737893972035,0.007678435909915724,0.03559474065461139,0.05683645665888942,0.05054815486073494,0.06351500068465833,0.002733663013919726,0.00434042805485454,0.03148619502556967,0.0665940159038355,0.04339396581053734,0.04509903180454093,0.0021602168517279564,0.00018374475720663806
149,0,0,0.15238505257351287,0.13828142422376588,0.1510799676179886,0.1952651950687562,0.01469864291941518,0.26260003303763857,0.1658001150630922,0.12141160085949916,0.12786149978637695,0.2771843715534888,0.011022904929009817,0.29152019818708624,0.1774547778995543,0.18507746020838403,0.16605280339717865,0.2802196790333767,0.005944032611339816,0.24997991424749244,0.1137176913846508,0.15286857719166289,0.17167113721370697,0.16076274080550143,0.01044546406968941,0.07284053764269323,0.15323902584664,0.19051343773901655,0.12937359511852264,0.23431859649595949,0.022305891215205317,0.18968360866449593,0.12945367144872816,0.1418321132684071,0.1772070974111557,0.21510823602021523,0.02310434457475713,0.09001656596910573,0.16066339222349368,0.20023763066984368,0.21518319845199585,0.2929265916785842,0.031433231047178184,0.06353630926986653
150,2,0,0.16812578054274066,0.1868154505160715,0.26723232865333557,0.2533997032665917,0.002110758433485727,0.13107066184421862,0.18793711448942016,0.18319085208094024,0.34060826897621155,0.24365893098178265,0.015111536767679375,0.15711598364048696,0.1623594869924587,0.18816384806458716,0.25870922207832336,0.2515275285906021,0.005739358540382099,0.1076574776883987,0.12123670939599432,0.1669176306409035,0.23270325362682343,0.20217266201219639,0.0029584897709634557,0.001431510929084756,0.1783287599008906,0.1835788391324981,0.2712143659591675,0.2942071401408751,0.0021633936982224902,0.1404800605736898,0.15293470234486556,0.17301754843762443,0.33202746510505676,0.24647275950880426,0.008216858506720869,0.004938880166121408,0.1349271854601936,0.17402725287880402,0.30210012197494507,0.1824850732824683,0.013518954024349675,0.0025045251404010246
151,0,0,0.10749565611575815,0.13127364402429728,0.1757911592721939,0.1559341282368836,0.004493692154655948,0.06998565689076,0.11172912537457587,0.12908589056072897,0.1760609894990921,0.17611156476600912,0.0057927533751739,0.07159442867187533,0.10912231354944935,0.13201061734333774,0.17195533215999603,0.17860493042179287,0.007918360081946263,0.055122327740173886,0.09546520128240174,0.12603957076600467,0.17543646693229675,0.16005221338890507,0.012105006030528408,0.0036927492942737494,0.1092857283127342,0.13012604298756678,0.17467185854911804,0.17019910612673736,0.006155812362414172,0.0652758215378346,0.09496660518432076,0.1318764705232209,0.18486329913139343,0.1447398686462361,0.009464613229589773,0.003888774391163576,0.09570137999806445,0.13053785317047825,0.16952890157699585,0.16316434527468313,0.01110046718145958,0.004175332786705391
152,3,1,0.9435388654137545,0.9284625336772229,0.902982771396637,0.9368310732801116,0.9981607077166752,0.951257240998126,0.9320914531737481,0.914915283468964,0.8989900350570679,0.9428695953603444,0.9974341855243428,0.9062481664580214,0.9431602435535137,0.9214018351386957,0.900738000869751,0.9339647646190726,0.9975470936799222,0.9621495234601273,0.9430940904760892,0.9203615704194246,0.9004387259483337,0.942066791537989,0.9946867774399091,0.9579165870347892,0.953202281437663,0.9253751616928787,0.9256870746612549,0.9600856424919509,0.9970904323598964,0.9577730959823342,0.9377660938333492,0.9253426587957004,0.9098634719848633,0.933159106244658,0.9936828014162223,0.9267824307253016,0.9423909606666744,0.9324863469747299,0.8849758505821228,0.9338483057664186,0.9948702257469884,0.9657740742631121
153,3,0,0.04862599117708198,0.07636629544341765,0.09292490035295486,0.05212204790798393,0.002444421391639483,0.019272290789413973,0.051884231570096626,0.08060759998373614,0.10632555186748505,0.05470015565553594,0.002285930944287993,0.015501919399438046,0.04818188071173592,0.07993141023176975,0.09220495820045471,0.048630806652797086,0.0025404769648168174,0.01760175150884119,0.043629787588252755,0.0690716047442422,0.08727604150772095,0.047064760396472,0.0017943481344447993,0.012942183158383837,0.0512899513835511,0.07696894886518105,0.10035903751850128,0.05496191044779685,0.003053436811736443,0.021106423274539893,0.046347910017948586,0.0719160548433678,0.09202269464731216,0.05916768807281583,0.0021101603794373433,0.006522952146809787,0.044476813246062286,0.07143080835027928,0.08875405788421631,0.05207731494369882,0.002037227185553465,0.008084657866563564
154,0,0,0.05478857809288586,0.0929972226092309,0.08032093197107315,0.08229649686626711,0.0028349827970876687,0.015493256220770545,0.056011030108451806,0.09515824460789438,0.09217824041843414,0.0722806447040058,0.004027718092287226,0.016410302719637473,0.05989335866380692,0.10029780748973753,0.07929170876741409,0.10520121001071664,0.001492803700567189,0.013183263350599078,0.049244987607454806,0.08691525968415895,0.05984221398830414,0.09047010750882994,0.0006913322503033502,0.008306024605677637,0.05547379739666212,0.08467761064036229,0.07203415781259537,0.10041896637548796,0.0023408086691817905,0.017897443485683177,0.05424825560918609,0.09588903816655557,0.07504616677761078,0.08828370903010005,0.0015804926802492586,0.010441871391414807,0.051528915761705416,0.09328559237615087,0.06997257471084595,0.08367766438854446,0.00118896082669264,0.009519786506293199
155,1,0,0.07989250767853924,0.10661605277477325,0.10292135924100876,0.1020944787024083,0.004224391307149522,0.08360625636735639,0.0782105721360732,0.10452755931909548,0.09171828627586365,0.10396867133584858,0.004269400788881147,0.08656894296067712,0.07611143021841245,0.0875051017941641,0.07827960699796677,0.08665687819105129,0.0010734838075858182,0.12704208030129424,0.08382450934826631,0.10124297254402218,0.09503278136253357,0.10286349716673766,0.0031647734760471527,0.11681852219199095,0.07838963532204192,0.10747013670097055,0.09714219719171524,0.10563692502141098,0.004857087057862802,0.07684183063825002,0.08106205371131203,0.09911341232451722,0.07827100902795792,0.08565308880909188,0.0015339324425958257,0.1407388259523973,0.08635066902715294,0.09862009717439163,0.08427627384662628,0.09037491717990874,0.0033547506814243294,0.15512730625341367
156,0,0,0.17959373678312374,0.24489838595999464,0.26808544993400574,0.22424906188520488,0.022468306717694266,0.1382674794187191,0.18695760003154965,0.25403790961790057,0.26793408393859863,0.24299099036651042,0.02502740914677847,0.14479760708796005,0.1299667263798789,0.2153218199457521,0.199778750538826,0.14317627139347555,0.012392117185058442,0.0791646728362825,0.20274056247179528,0.3139549189964394,0.2907218337059021,0.2639687693690583,0.018089063013692386,0.12696822727388415,0.18970758803818155,0.22470573772310382,0.2893209159374237,0.21688963344317988,0.01840257639145128,0.199219076695749,0.13951395907137148,0.2523212584047016,0.2104988396167755,0.14788514076725326,0.0032833957100769145,0.08358116085805009,0.14533292875301773,0.24427364576857855,0.20390251278877258,0.19772445485088072,0.002415434095976731,0.07834859626088
157,2,1,0.7199221859063589,0.6745158212123966,0.6996509432792664,0.6678628108411496,0.806087779790407,0.7514935744085749,0.7347949677530159,0.702843275477906,0.7218571305274963,0.682504422156371,0.7650945667137133,0.8016754438895931,0.7313139569481899,0.6934739819601341,0.7015568614006042,0.6834011934342622,0.8016732636175462,0.7764644843284029,0.7082212996202509,0.6756267392006049,0.6995822191238403,0.6320098659615901,0.8144992658559416,0.7193884079592773,0.708586132282609,0.663068794912702,0.6900908946990967,0.6572291053944858,0.7652340453949001,0.7673078210118605,0.765471137176416,0.6946823517419447,0.7353169322013855,0.6871637729249397,0.9044727748788689,0.8057198541349414,0.7491174087546614,0.6940534150317395,0.7199922204017639,0.6548952034050266,0.8490983400218343,0.8275478649129426
158,3,0,0.0806502590586791,0.11012239862984861,0.15712188184261322,0.10740888380885927,0.002444421391639483,0.026153709620434944,0.08157279830880756,0.11628572826148308,0.18362778425216675,0.08854209831727658,0.002285930944287993,0.0171224497688235,0.07303646871144444,0.10167859494183634,0.1516147255897522,0.08787752265645841,0.0025404769648168174,0.02147102340435843,0.08138783927922957,0.10814514155725524,0.15023797750473022,0.11191043832085079,0.003244000163029154,0.03340163885028248,0.08291989396150165,0.11192469677925347,0.16422097384929657,0.1053910763583593,0.003053436811736443,0.030009286008862518,0.06820819407761966,0.08827472508937267,0.13484035432338715,0.0975680767120446,0.0025693004746384987,0.017788513788655372,0.06821673401603681,0.09139311958223471,0.13584746420383453,0.08944983931945698,0.002643812196600286,0.02174943477805754
159,1,0,0.07875421796402833,0.10886764599250001,0.09583482146263123,0.10645288661655881,0.004224391307149522,0.07839134444130211,0.07727303591256482,0.10517233220595046,0.09436050057411194,0.10313184037284281,0.004269400788881147,0.07943110562103768,0.08001976440519906,0.10794795896962861,0.11249082535505295,0.10373353049470488,0.003922103392899125,0.07200440381370975,0.08780128373470238,0.10850493132411199,0.10352429002523422,0.11282240367815669,0.0035968732630452154,0.1105579203829638,0.07974439241316592,0.11053384072020955,0.10117792338132858,0.10684878085607813,0.003663829534618988,0.07649758757359433,0.08449044000538072,0.10242873044641457,0.10232245177030563,0.10982657680752428,0.0055072547052474555,0.10236718629741179,0.08328074183104928,0.10148512383483059,0.09961074590682983,0.11209164234604979,0.004301790032198723,0.09891440703533742
160,1,0,0.05131324595772054,0.04285873383454824,0.07116199284791946,0.028922469610284666,0.005584416572332258,0.10803861692351809,0.051056672015690106,0.047097352879666696,0.05943971499800682,0.03485089469384185,0.0028466018410626386,0.11104879566587254,0.040573864192543586,0.03629212536829168,0.05835491791367531,0.043284110787306096,0.0013589373110319733,0.06357922958241286,0.04451620068642083,0.05189849626400101,0.062129486352205276,0.03746914202812172,0.004135111866171454,0.0669487669216047,0.024474427510529136,0.04081012452956106,0.05210404470562935,0.014664991384606451,0.0021352372308872034,0.012657739701961617,0.03592623109835645,0.04826627836992282,0.06208423897624016,0.02853372860790912,0.0008156178068848669,0.039931291730825304,0.021250385905062605,0.03950559318822582,0.04314586892724037,0.02088300375781081,0.0008549007159405498,0.0018625629360954695
161,4,0,0.05919349617642117,0.0939844579337271,0.09620059281587601,0.08007032903343295,0.0013632114545812201,0.02434888964448854,0.06415126111000838,0.0991331606869556,0.10466697067022324,0.09153295710376746,0.0012090838260572284,0.02421413326303832,0.06766763979480439,0.09534457708187313,0.11524282395839691,0.10975739784370515,0.0013376588040587745,0.01665574128598795,0.0627555861655277,0.09558969680622131,0.08970047533512115,0.07907460672686197,0.0014853729669296893,0.047927778992504444,0.06170488875249771,0.09130750832651388,0.10531686246395111,0.08171465138301984,0.0015175240216576302,0.028667897567346105,0.06904310630724278,0.09692640293550363,0.10371088236570358,0.10662161069740896,0.0009718466493396578,0.03698478888825804,0.06734012387390356,0.0969500677987339,0.10477305948734283,0.09561725709756914,0.0015109525823382354,0.037849282403533746
162,4,1,0.8242145390331643,0.8043710089525378,0.7965525388717651,0.7011421770855744,0.9670400200177948,0.8519669502381495,0.8291606209840161,0.7922379537611928,0.7832539081573486,0.7690074139130734,0.908247676104585,0.8930561529838807,0.8522715426199726,0.8152739242131113,0.8361219763755798,0.8206776724101829,0.9892276908549176,0.8000564492460708,0.8630196557000381,0.829982314013532,0.7827005386352539,0.8195982953409263,0.9493320749100117,0.9334850556004666,0.8037884179624291,0.808863324406507,0.782928466796875,0.7109545997508353,0.843953509698716,0.872242189159212,0.8889794239351101,0.8612787254982792,0.8314130902290344,0.8410899249722984,0.9692352811679519,0.9418800978079861,0.8833213935099884,0.8557735537017228,0.8380318284034729,0.8485791567690031,0.9123345550417542,0.9618878736339893
163,1,0,0.0803185952924165,0.10694554713370108,0.1082630455493927,0.10726827414156939,0.004224391307149522,0.07489171833026981,0.08007601532895794,0.1052888972326081,0.10267670452594757,0.1124003234866166,0.004269400788881147,0.07574475061073628,0.07858187037110007,0.10052761831006726,0.11502215266227722,0.10456062349316161,0.003922103392899125,0.06887685399709509,0.08386318571608402,0.10449491681300337,0.10869519412517548,0.10871626225793818,0.0031647734760471527,0.0942447819082559,0.0805417138074274,0.10769818392306807,0.10989885032176971,0.10726595892850312,0.004857087057862802,0.07298848880593334,0.08224366396578839,0.10409578678870855,0.10514171421527863,0.10171246472404298,0.004010693693343562,0.09625766040756825,0.08267564000333863,0.10440686333673606,0.1093321144580841,0.1053049392090509,0.0033547506814243294,0.09097953233139783
164,3,0,0.07349132346911136,0.08346281454901701,0.07731402665376663,0.09888733044287974,0.002877358223228005,0.10491508747666548,0.07054180803693369,0.09668242293948641,0.09807869791984558,0.08292772757267507,0.002050495841961055,0.0729696959107003,0.06763178202752915,0.08547114043027476,0.07897170633077621,0.09619005702556971,0.0017707189542780694,0.075755287396747,0.06481269174528849,0.0837827832967525,0.07307730615139008,0.08160668552374126,0.001989361957455274,0.08360732179710335,0.07374655400092038,0.09044342356311591,0.08127673715353012,0.09387409262092,0.002240032545212931,0.10089848412182295,0.059719610347771936,0.08667618460795214,0.07465843856334686,0.10132654198135276,0.0022623291319809917,0.03367455745422692,0.058555982735839604,0.0839098893994185,0.07008928805589676,0.09708028881226134,0.0020413171953107103,0.03965913021631072
165,0,0,0.05108661179948113,0.06192704225068894,0.05497083440423012,0.03734295142532764,0.0003886278070200849,0.10080360311013888,0.05354557225637124,0.06803800013562382,0.05619743466377258,0.04133700050168228,0.0006985790659034268,0.10145684691487408,0.045026174431666954,0.07048047130100821,0.054621320217847824,0.06673127426431431,0.000386552171312395,0.03291125420385205,0.07525129276312707,0.0669595878337583,0.06241607666015625,0.06315726689071054,0.0007329309655191585,0.18299060146549115,0.03359400806562148,0.06073919041903905,0.04201090708374977,0.028589664974899603,0.0003742943413079018,0.03625598350911109,0.0451469662106453,0.06807377808737032,0.05511980876326561,0.05204947228723389,0.0025419191659690017,0.04794985274938773,0.03483592065948592,0.0758770185680668,0.04663120210170746,0.03863151602821982,0.000845474952579324,0.01219439164685614
166,3,1,0.9216667182630178,0.9003856589674345,0.8877004981040955,0.9157703710487552,0.9962626181672037,0.9082144450276003,0.929350327426743,0.8973882050239417,0.8855786323547363,0.9149169855799085,0.998045022046876,0.9508227921282524,0.912499557827531,0.8775744133852139,0.8555875420570374,0.8750626673520935,0.9962905979923369,0.9579825683509733,0.8560446897766006,0.905731986571491,0.9006166458129883,0.8432608882592206,0.9770624725710355,0.6535514556682679,0.9339427564672382,0.9075838669334886,0.899174153804779,0.9147212483344562,0.9942827195735371,0.9539517936899309,0.9055460437094285,0.8940403263150999,0.8926054835319519,0.873287383838416,0.9809146156537076,0.8868824092079673,0.902851126426777,0.9027649470656385,0.9017998576164246,0.8995359852885091,0.9828969694311166,0.8272578727321969
167,2,1,0.9756957351240582,0.9515831310932875,0.97112637758255,0.9602551204740032,0.9993077738862656,0.996206272584184,0.975423603722674,0.9385484233100323,0.9611347317695618,0.9828782306553783,0.9994744324282965,0.9950822004501008,0.9746045198574272,0.9505041530126412,0.9704645276069641,0.9548337656957712,0.9994984086367175,0.9977217443350427,0.975509164930519,0.9424364936255992,0.967356264591217,0.9702529563086717,0.9993778539372087,0.9981222561898982,0.9751223033388896,0.9444602004555194,0.9699497818946838,0.9720203834490873,0.9964543549012367,0.9927267959939216,0.9733449043859259,0.9412390679085366,0.9530224800109863,0.9746127104576986,0.9995727465553301,0.9982775169970783,0.9718542174909464,0.9462926862696005,0.955178439617157,0.9611756461113722,0.997849615316317,0.9987747001402851
168,2,0,0.025515446721630964,0.0428989129586994,0.030583351850509644,0.027797908684785287,0.0006202819292756974,0.02567677818488477,0.02990280436162695,0.0549926187608288,0.035379234701395035,0.022733907924715892,0.000617530690622924,0.03579072973057209,0.025684756628858933,0.0437361339772579,0.026430677622556686,0.04438128739813445,0.000402703842224976,0.013472980304120677,0.024584996708369045,0.046328319039637966,0.029565148055553436,0.0315781840816968,0.0008009031420498025,0.014652429222907217,0.015790391885274806,0.039957860527925264,0.022111834958195686,0.015820911924713812,0.0005817933062255958,0.0004795587093136756,0.029848195857357734,0.0645586812514468,0.04299669712781906,0.03287659216874552,0.0008297232516202883,0.007979285487157019,0.0201906956127352,0.053465733912023736,0.026113437488675117,0.020627550755896458,0.0005491290677389722,0.0001976268393417154
169,4,0,0.1352036699219778,0.15427854860002702,0.1694013625383377,0.2395577207100914,0.025506913066883248,0.08727380469454973,0.11064011892380869,0.13534964091768023,0.14455662667751312,0.17772651601925388,0.021155178717609604,0.07441263228698672,0.13514114866815924,0.18444707555513626,0.17928007245063782,0.19484295764466394,0.0054844772187820105,0.11165116047157606,0.11828736993205806,0.13889812035444477,0.15143179893493652,0.24472886972557858,0.03323047689929129,0.02314758374603917,0.13932355587351128,0.16685024039465915,0.1626979261636734,0.25632837554640764,0.020813950951327966,0.08992728631148829,0.1011107568518198,0.13068730328640316,0.14528168737888336,0.18715864738556454,0.018851187267752187,0.0235749589404958,0.10168008302671724,0.12154641117108175,0.12193569540977478,0.17938268700465215,0.06265992713039532,0.02287569441768229
170,1,0,0.34363179894816226,0.5337975836888413,0.38513752818107605,0.6151678502723967,0.03364380311898197,0.15041222947951516,0.390713205903496,0.6389995903505854,0.3595399558544159,0.6770154128051742,0.13670708120403746,0.14130398930326699,0.5800820424880213,0.7499924650988956,0.4859928488731384,0.7918096553379201,0.14780793346414176,0.7248073096660101,0.47021802663797513,0.6979313891749312,0.5789405107498169,0.6718966887394753,0.10520529517331335,0.29711624935233866,0.41417166849942044,0.558703429378419,0.40797996520996094,0.6622236643349745,0.08145996944476842,0.36049131412897917,0.6245071757855921,0.7318129294790696,0.5647380948066711,0.7666160418213791,0.26156365091906597,0.7978051619017749,0.651882139993315,0.7366473981144261,0.567843496799469,0.7233558769272794,0.4410254061551143,0.7905385219702862
171,0,0,0.14293274780733986,0.14767818978730113,0.13660185039043427,0.17590373444852384,0.00411968575563498,0.2503602786548051,0.15257821277363728,0.16173226661755521,0.14194953441619873,0.1989925495952445,0.005325398957204203,0.25489131428198375,0.17741848988095565,0.16077634457630438,0.16730540990829468,0.1997341359247584,0.05208084408130777,0.307195714914113,0.14264083088803875,0.14646102571499817,0.14172066748142242,0.17490732952414081,0.01348525752760732,0.2366298741920249,0.14760630924183268,0.14380648800477858,0.1418556571006775,0.1921480271593682,0.0030594298522909954,0.2571619440920482,0.1540029855426154,0.16612058488126819,0.17185218632221222,0.20215617703511984,0.02189323042193237,0.2079927490525444,0.14906317377196707,0.1601514082559977,0.1600009948015213,0.2018609608591148,0.0234157886310951,0.19988671631210655
172,3,0,0.053526649778767664,0.07575808156074944,0.07143151760101318,0.043603835703300176,0.0042640564258676706,0.07257575760290788,0.050484189197114636,0.0710141251420481,0.07518339902162552,0.045087294679213054,0.0018609865895574582,0.059275140553129047,0.0559509970454932,0.0790668734725549,0.09639348834753036,0.057704614319036944,0.003334233475531957,0.04325577561281182,0.07801245733260083,0.07472933763652555,0.08403849601745605,0.05738216281669144,0.007660264671200102,0.16625202552113097,0.027969615488939052,0.05232643001744198,0.05295049026608467,0.026784643080950885,0.0038087466341455867,0.003977767446072153,0.0625269297719673,0.0871047005515243,0.08856432139873505,0.05039926488240698,0.005211826893241939,0.08135453513392825,0.03682188354398913,0.06596594641330307,0.07044912874698639,0.03429907705152608,0.003168191937017859,0.010227073571112282
173,2,1,0.9334346701528495,0.8975941221350242,0.933047354221344,0.9415531050081886,0.9879447175813324,0.9070340518183585,0.9314258865507752,0.8941500845095607,0.9104059338569641,0.9544419000000084,0.9937255431459734,0.9044059712413693,0.9430967896340482,0.9131927572074976,0.9243826270103455,0.9348915410084162,0.9968997692491519,0.9461172536948295,0.9188294452428416,0.9147760118561861,0.8955808877944946,0.951182022285699,0.9961100257738466,0.8364982785039817,0.9521316778299447,0.9081101308916336,0.9300410151481628,0.9653501945896414,0.987686706285822,0.9694703422344635,0.9222898302154435,0.8883483098091909,0.8817639946937561,0.9298957224182964,0.9979181835781314,0.9135229405778427,0.944175298063451,0.8838220582336629,0.9027589559555054,0.9583410274225228,0.9909612887517758,0.9849931599537884
174,0,0,0.3392257235583004,0.4101070871091173,0.2139519453048706,0.34982300762319285,0.12933514109319638,0.5929114366611248,0.3197839876697569,0.3800449126664866,0.15869852900505066,0.3531084971762069,0.10515420329059882,0.6019137962104417,0.299454666634402,0.39724076452389717,0.15957091748714447,0.32326298792493946,0.04676146597489316,0.5704371972611358,0.3241142835995004,0.3887576405404126,0.23831327259540558,0.3468127193416886,0.09331968493701623,0.5533681005829788,0.3457071656607685,0.4109622090618208,0.24398262798786163,0.34748931862389,0.13797757841244862,0.5881240942178213,0.2985256043777415,0.36922277468596704,0.18107934296131134,0.3370095860046388,0.051074987674666034,0.5542413305621244,0.28341543234977873,0.35478738975959534,0.15878409147262573,0.3022935026959798,0.05919443579623594,0.5420177420244569
175,0,0,0.291922051207152,0.23799940814286666,0.24391455948352814,0.2977861876719878,0.021678155328544925,0.6582319454088325,0.2988666472988329,0.23672773803291453,0.24798478186130524,0.29490753261117486,0.029121417667294196,0.6855917663214756,0.3024267305643782,0.28781566593149266,0.29754817485809326,0.27997138528274856,0.1619775740738736,0.48482085267568276,0.3141034787496223,0.2815849524391147,0.22385448217391968,0.28253023629455454,0.08203073095670838,0.7005169918838142,0.24799191085001712,0.23006229415290774,0.27490347623825073,0.3030347639028338,0.03486923917558934,0.39708978078050405,0.30988460048617456,0.29507791470887684,0.284229040145874,0.2739601662562801,0.193428428551202,0.5027274527686398,0.26249479780488905,0.3803619466684077,0.2811127007007599,0.35034044764484534,0.07684957927070965,0.2238093147397227
176,4,0,0.06752274073369188,0.09962528495367212,0.09739695489406586,0.10140446903876653,0.001595604174234975,0.03759139060771991,0.0676595237585101,0.10011126343444812,0.09907200187444687,0.10720232919073204,0.0008479130277869807,0.031064111265136495,0.0942782200541417,0.10056335954594377,0.1095271110534668,0.11744505248984936,0.002527057884094657,0.141328519297354,0.07429097091374845,0.09824174107324214,0.12154573202133179,0.0994253411239387,0.006600069112876927,0.04564197123735272,0.06776256428333449,0.09964253814001747,0.09655170142650604,0.09949152934236977,0.0013196412046557603,0.041807411303123355,0.09215577429390095,0.09439801861988407,0.10566789656877518,0.09643425014948791,0.009465295767999624,0.154813410363358,0.11104095495874315,0.09372661143329238,0.09811742603778839,0.11333371950688757,0.002542205168957664,0.24748481264678976
177,0,0,0.04455163713105433,0.06123928809551507,0.04900004714727402,0.04449955596511111,0.0006778546787632823,0.0673414397686082,0.043982933111777194,0.0610347215617685,0.05361957848072052,0.048474009550764086,0.0034940514157352836,0.053292304549897584,0.05194153518576342,0.06963085085225744,0.06465864926576614,0.08330452755286087,0.004720966242891926,0.037392682015040694,0.05254324379084566,0.06400046521203592,0.05991865694522858,0.07349949283251486,0.0007328238427349198,0.06456478012171402,0.02644094385449212,0.05255338743194983,0.04320380836725235,0.026044674177665424,0.0009087694982079877,0.009494079797385018,0.05951437811547046,0.07751167776676068,0.07874111831188202,0.08465767799326245,0.006060414965411181,0.05060100154003596,0.04766795385992734,0.08410675871521928,0.07624825090169907,0.06135422744065818,0.0044591337641725825,0.012171398477887565
178,0,0,0.9270903950828118,0.9267371613064019,0.9369769096374512,0.9422911919625765,0.998651822663266,0.8307948898443626,0.9283327437336126,0.9169901550855324,0.941483736038208,0.950623273978619,0.9971638442480365,0.8354027093176675,0.9506375979640576,0.9245065099322087,0.9461676478385925,0.959901292562612,0.9967876867558594,0.9258248527310148,0.9625452125246129,0.9390701156952859,0.9541074633598328,0.9596857540356584,0.9981256215806469,0.9617371079516406,0.9354110676157825,0.9223235464606924,0.9385513663291931,0.947478656563818,0.9983140754140203,0.8703876933111886,0.9709311608114662,0.9445047620121135,0.9639202952384949,0.9597964160745895,0.9990942433005626,0.9873400874315702,0.9700234765444028,0.9463563342515876,0.9645426273345947,0.9607041072472279,0.9991609444797149,0.9793533694088887
179,4,0,0.08730967593212993,0.10235925118898595,0.09550929069519043,0.10585642238389867,0.004965636747001602,0.127857778645573,0.0881601048509764,0.1016936914885999,0.1161903664469719,0.11033785457370772,0.004458342527800527,0.108120269217802,0.08960801997658403,0.10155563052756839,0.10634095966815948,0.10656218377002769,0.003801096079911142,0.12978022983725343,0.07223255012479499,0.09945302967238988,0.08965463191270828,0.10651919479725468,0.0033433585721338536,0.062192535669488194,0.0884398116980579,0.10240317550727812,0.10392232239246368,0.10686863327953848,0.004497043258073068,0.12450788405293611,0.07409009759951216,0.09796055436763523,0.11248722672462463,0.10605855247799395,0.002974639637677193,0.05096951478962981,0.07248862259981734,0.09650641834971997,0.09930454939603806,0.11203932348087575,0.002478496710663956,0.05211432506178897
180,3,0,0.058757170653878144,0.08913588707733187,0.06908860802650452,0.08252493026973766,0.012252201461817623,0.04078422643399902,0.06040731571897816,0.11371178652300744,0.060490600764751434,0.060286032505590496,0.03147333960298508,0.036074819198556325,0.08295446267591469,0.16336948758534145,0.090961754322052,0.10796455010771575,0.0016885118519794154,0.050788009512484786,0.06322436146463935,0.10928873944268887,0.07513432204723358,0.056537246642267364,0.003244000163029154,0.07191749902797781,0.061640363982206105,0.09553123187539321,0.07388634979724884,0.08448178401854411,0.003053436811736443,0.05124901740810794,0.08047542769029714,0.09941367909512083,0.1000240296125412,0.10419493055637351,0.0024854892858894835,0.09625900990156068,0.07615110876902342,0.11612729250658343,0.09507061541080475,0.08707287045897669,0.001319066840296795,0.08116569862845549
181,3,0,0.04352034525709928,0.07793262447464884,0.057617612183094025,0.047892781927424924,0.0006456541057980471,0.033513053594530585,0.04471012259417386,0.0863543090653649,0.061379991471767426,0.047339474956788,0.0002922869241989404,0.028184550552750046,0.03670020801653806,0.06605447731636765,0.062361445277929306,0.05213279563604267,0.0005469141601560603,0.002405407692194607,0.040788244713281185,0.0678405130633344,0.06641852855682373,0.05830627082215194,0.0017347729089889881,0.009641138215106863,0.029006541817455756,0.05475651650536688,0.034960996359586716,0.022475628244654478,0.0009838248333437047,0.031855743144326994,0.03874227752396083,0.06326516765789386,0.07192014157772064,0.057715459773357965,0.0006153372353603296,0.00019528137547137123,0.024956089551186948,0.04892227286046593,0.037449635565280914,0.03692262042351906,0.0014661637775529172,1.9755129115897623e-05
182,4,0,0.1269397571118808,0.13802374916213825,0.13565900921821594,0.15557525740867695,0.0061244553576681755,0.1993163144127046,0.10926595241563883,0.1100771090286484,0.1330285519361496,0.11953308573895723,0.005486749232065179,0.17820426614237384,0.12310480767378144,0.13884551731868122,0.13982927799224854,0.13014116428110972,0.0058466605501708135,0.20086141822669695,0.11827605940625456,0.14031390951293257,0.14585056900978088,0.13897354657671415,0.0040112087500672015,0.16223106318177805,0.12816137039967263,0.1362141293358897,0.1579529345035553,0.1523798863549878,0.005720160941691861,0.1885397408622385,0.10005317512753364,0.11569640207678362,0.12500108778476715,0.12284903324612542,0.0033754350181052274,0.13334391751188682,0.09252402448361396,0.10491919152630083,0.1132640615105629,0.1388378055998344,0.002792468819057422,0.10280659496231427
183,2,0,0.8751289490956701,0.8893123304856645,0.8910946249961853,0.8753096431134835,0.9058675953154683,0.8140605515675491,0.8791834509100273,0.8713140617930829,0.8534579277038574,0.846028231434719,0.9973915598988419,0.8277254737196349,0.8458864814868559,0.8604846943754408,0.8538592457771301,0.775673725945316,0.8900339635406584,0.849380777795734,0.7864217643910705,0.8980660604234799,0.9037756323814392,0.7476539157029505,0.6660026304872065,0.7166105829602761,0.9234940101068926,0.9102315235805906,0.8988121151924133,0.8901258859868072,0.9243536774666576,0.9939468483079943,0.8459622663999073,0.8740686170113839,0.8773018717765808,0.7891115672785124,0.985925904389725,0.703403371543335,0.9233207304003292,0.8915143138496759,0.9217804074287415,0.8444468522174259,0.9638726856179455,0.9949893928878574
184,4,1,0.9640382087923204,0.9476057470209637,0.9525430798530579,0.9645075460940903,0.9972821296478536,0.9582525413456368,0.9572874581795479,0.935200312818951,0.9454509615898132,0.9600410117101442,0.9960841941801176,0.9496608105987131,0.9666781506080131,0.946098355578689,0.9544268250465393,0.9600038633591917,0.9986931031891891,0.9741686058664567,0.9674674285954421,0.9442775575482102,0.9571045637130737,0.9528512016150555,0.9851636809918088,0.9979401391090614,0.9653197042883462,0.9443938929694992,0.9526032209396362,0.961974164530325,0.9970470405682079,0.9705802024340634,0.9693922199463929,0.9418433421511062,0.9496947526931763,0.9693159791107914,0.9869826207510871,0.999124405025803,0.9719165366905702,0.9515721815874221,0.9541725516319275,0.9611033218209973,0.9928373610252198,0.9998972673872845
185,4,1,0.8521547295517511,0.8583856439993348,0.8759206533432007,0.8540445173972829,0.8971021887918269,0.7753206442271106,0.8637172120836365,0.855146569506659,0.8926800489425659,0.8443098542032335,0.9185183938160051,0.8079311939497188,0.8751468856242113,0.8499864574376491,0.873521089553833,0.8659346219744737,0.883985329295218,0.9023069298598827,0.8528201970357016,0.8326097366511357,0.8653436303138733,0.8572760054316795,0.916104015656579,0.7927675971252404,0.8931852639890018,0.8631070577837338,0.8892437219619751,0.8789160893914836,0.9440893668442166,0.8905700839635998,0.8792481359434186,0.8460759406206616,0.8693018555641174,0.8393285390171377,0.8843091880324141,0.9572251564827624,0.8936376152791483,0.856513877216884,0.8770736455917358,0.8528664364094668,0.9039566811576089,0.9777774360200459
186,4,0,0.3245137991211049,0.3217029425682902,0.3451611399650574,0.37879196391800385,0.10877753370774715,0.46813541544642584,0.3251043892998692,0.31472823548679385,0.3529362380504608,0.3925030459008251,0.125113560695135,0.440240866366131,0.318967385321032,0.330033150452653,0.3565964698791504,0.3609863865316749,0.046740066732069006,0.5004808530096126,0.2503856044151987,0.2423361228891038,0.24757465720176697,0.3340769762555302,0.053479770703445825,0.37446049502614664,0.3326094963662295,0.30871004671920904,0.346931517124176,0.39273045581242133,0.1286143090914897,0.48606115308385156,0.2586187190671133,0.2618234834315161,0.3232925236225128,0.3358686448325296,0.04082138906281767,0.33128755438619034,0.2675742911317901,0.2510298982838208,0.29387298226356506,0.3249608442977941,0.07709536811798089,0.39091236269578955
187,1,1,0.6448728423098954,0.6555392922312768,0.6905185580253601,0.6168876645100457,0.5726928041600032,0.6887258926227915,0.7225862356809873,0.7287603012956546,0.6604499816894531,0.6600387988249021,0.8444511667999846,0.7192309297949421,0.6521421924333775,0.604863002008135,0.6185137629508972,0.5679144540614203,0.7912415962245825,0.6781781469218526,0.6938062884016826,0.6173855995766883,0.6701523661613464,0.656327614245282,0.8805178117614629,0.6446480502636329,0.6312173209587175,0.6132963581713832,0.6350173950195312,0.6070839767098419,0.5398942178360299,0.7607946570568015,0.712652066593646,0.6081640826661238,0.6579141616821289,0.6210041509347447,0.9665849435476028,0.7095929941376299,0.6776267128201878,0.607415901954462,0.6072657704353333,0.6209447708749356,0.8302049153005621,0.7223022055356464
188,4,1,0.17936438075437597,0.2326064123056378,0.21881003677845,0.23939294736570185,0.0225959958444553,0.18341651147763494,0.39954617120294683,0.5746133578608974,0.3793618977069855,0.26716260803482866,0.5083306682529458,0.26826232415907686,0.2011544595109797,0.2512322889001425,0.23743709921836853,0.2168312783056046,0.10264435488423913,0.19762727624654372,0.19186254546719655,0.2642393350031897,0.2717819809913635,0.2589319067992301,0.06234535670138641,0.10201414784081299,0.18207343056245334,0.23946734419940258,0.22832834720611572,0.22596665926719695,0.02945008080812187,0.18715472133142969,0.3658296276054626,0.5872246837944243,0.3519887328147888,0.2909668673060515,0.33465788784330613,0.26430996626874237,0.34527286600892404,0.5666956899155337,0.35042527318000793,0.2526070298132983,0.2711621168553342,0.2854742202804462
189,3,0,0.047596708948254185,0.08120564624643553,0.07255695760250092,0.06161986512447265,0.003469417081164703,0.0191316586866971,0.04861085116273535,0.09454354544344855,0.09108245372772217,0.042581570893496755,0.0010954022715109304,0.013751283477498344,0.050772783182657454,0.08374220185665232,0.07905184477567673,0.0736551879204267,0.00097576195017967,0.016438919410351867,0.047128313111063025,0.07496596402625266,0.06834150105714798,0.057235651074048086,0.004408258224381678,0.0306901911734847,0.05063025245502741,0.07887783712114332,0.07830901443958282,0.06039623511325103,0.00253151774051808,0.0330366578606418,0.050087634613957134,0.07721377129760876,0.07798802852630615,0.07199130366495295,0.0004914605999567025,0.022753608980961126,0.054850597102853824,0.07460433323919283,0.08459484577178955,0.08650551225895667,0.0016498206871171698,0.02689847355721292
190,4,0,0.07066163853583392,0.09540378939326116,0.1102418303489685,0.09258401396416566,0.0028888560099724855,0.05218970296280178,0.07220095106212812,0.10106390030166162,0.10883777588605881,0.1015520924358902,0.002852716003673849,0.046698270683356156,0.07295551951208638,0.09534457708187313,0.11932170391082764,0.09862510446450652,0.002878606125532519,0.048607605977692064,0.08209709299393428,0.09616021521478879,0.12757883965969086,0.10724253357497456,0.004389967079428416,0.07511390944078883,0.071251262388596,0.09466204117959981,0.11432972550392151,0.09337834983708579,0.00263827631273065,0.05124791910964224,0.07898789499036753,0.09381182235650122,0.131273552775383,0.10418542759659509,0.004559630884539381,0.06110904133881893,0.07863499145733843,0.0945307666411727,0.12355273216962814,0.11156397679719297,0.0033393471113804347,0.06018813456731786
191,3,1,0.8646845045187893,0.8349398638887955,0.8595859408378601,0.8291739427670214,0.87599897393198,0.9237238011682896,0.8362538690929942,0.815661779668447,0.8236930966377258,0.7811270311923275,0.9231258559263941,0.8376615820400765,0.8711680776912398,0.8494367454593422,0.8683857321739197,0.81600603534274,0.8799810157960516,0.9420308596841456,0.899786905734544,0.8631327787426992,0.8754305243492126,0.87907699205408,0.943745613084805,0.9375486204419231,0.8637517247623198,0.8325971628596237,0.8475583791732788,0.8154462403281965,0.904354522145042,0.9188023193054573,0.8668665184902086,0.8431976431308621,0.8492875695228577,0.8174327696329052,0.9415033388398494,0.8829112713245681,0.8664847498349968,0.8298451212401337,0.8528732657432556,0.8226283584669604,0.9346458052001834,0.89243119852445
192,3,0,0.13146867868739906,0.1413575273115881,0.13623569905757904,0.17282960907777206,0.008589323201449443,0.19833123478860665,0.11267817915378586,0.1299703046802267,0.11164946109056473,0.14338175242939172,0.007815841092460966,0.17057353647628523,0.12447927916893864,0.1329440975620223,0.12105055898427963,0.18061642106495387,0.005262155498955207,0.1825231627344822,0.09360541580111983,0.12962272074616607,0.1117953285574913,0.13511015843781163,0.0022222359429921847,0.08927663532113801,0.12805417745876796,0.1337202231935963,0.11648566275835037,0.1846171335188545,0.008507935923179619,0.1969399318998591,0.0898268314353688,0.12918619671758655,0.10200795531272888,0.1473577128868526,0.004084385470497892,0.0664979067891781,0.08486751737332507,0.11982238915353806,0.10411477088928223,0.1297106007851698,0.0029277803063299827,0.06776204573230522
193,1,1,0.5186244096725795,0.6320170281112407,0.588202178478241,0.6290983370566017,0.2579328667908935,0.48587163792592036,0.5641564146841941,0.6673503675266562,0.6003301739692688,0.5976495387797814,0.39096801680451104,0.5644839763407531,0.566578784521077,0.6301842096361481,0.6226072311401367,0.652552304011321,0.3311694729102602,0.5963807049075192,0.42653669692028384,0.480988272209172,0.5014610290527344,0.5740959638612212,0.23656642901165106,0.33957179046664027,0.5227625423794395,0.6035648550142543,0.6231858134269714,0.607042270013234,0.2673908507496621,0.5126289226930761,0.5001431486610443,0.5567187346211152,0.5481293797492981,0.6092878136614134,0.15238383806682726,0.6341959772065674,0.5154019978255088,0.5420395291216504,0.5527611374855042,0.6247450072892736,0.2289160115391638,0.628548303691952
194,1,1,0.9540943516103051,0.9342180492243929,0.93997722864151,0.9379320544395777,0.9939775225440817,0.9643669032019634,0.9472904172887832,0.9339551377867698,0.934485912322998,0.9305042441162734,0.9842288950974815,0.9532778971203935,0.9444267552107654,0.9288738881918069,0.9364505410194397,0.8856004537639447,0.9918138533866628,0.9793950396919722,0.9531703247168105,0.9241900690529087,0.9439741373062134,0.9505633643828305,0.9500429816192062,0.9970810712228936,0.9564622073220616,0.9406928020698494,0.9389276504516602,0.9446428168397258,0.9955957129211602,0.9624520543279115,0.931017253296354,0.906957213685906,0.9134611487388611,0.8820442829848086,0.9538370397929151,0.9987865812792788,0.9425782746117963,0.9147595028825285,0.9183185696601868,0.9146165812292711,0.9679980080712368,0.9971987112157584
195,2,1,0.9687886485822224,0.9358497244612956,0.9624717235565186,0.9539495222468698,0.9993564622432851,0.9923158104031429,0.9742510535152593,0.9451066426345331,0.956790030002594,0.9770805865306322,0.9995261596001528,0.9927518488083847,0.9712938469125051,0.9457380453319691,0.969417929649353,0.9444805298066591,0.9993217866851076,0.997510943089437,0.9713540435521271,0.9409724910160328,0.9563208222389221,0.964495302723549,0.9981257162957039,0.9968558854864273,0.9519469366694071,0.926023113986645,0.9433015584945679,0.9396324717997138,0.9848802703536242,0.9658972687124844,0.9707390462816704,0.9417553047197382,0.9453681707382202,0.9679096186285274,0.9994915402961905,0.9991705970256755,0.960574371920179,0.9399076005649795,0.9401294589042664,0.9266522235892343,0.9981038302071883,0.9980787463352266
196,3,1,0.9563951575446616,0.9184218934727777,0.9434839487075806,0.9569899130217218,0.9919605448862914,0.9711194876349365,0.9518754977464633,0.9188712622820769,0.9259562492370605,0.947997006896413,0.9976444864656834,0.9689084838510826,0.9526951237195729,0.9168539278046579,0.939532458782196,0.9424026812334814,0.9955227252119001,0.9691638255656292,0.9500812203325122,0.9091037886504891,0.93113774061203,0.9551822041960563,0.9851498734207632,0.9698324947832225,0.9536475441269427,0.9281288428823973,0.9420379996299744,0.9585352513149678,0.9788656508535176,0.9606699759538571,0.9303897742993449,0.8618480643342619,0.9164224863052368,0.9426141305864022,0.9843792506807236,0.9466849395901001,0.926204659095332,0.8657561362764666,0.9364044666290283,0.9471722838464202,0.944070620205182,0.9376197885195631
197,1,0,0.09411252724697237,0.12413316114667447,0.13257849216461182,0.12161916569033061,0.005305900973891484,0.08692591625935348,0.08223543399370978,0.1120378405050744,0.10537521541118622,0.10447062135376188,0.004322325767401829,0.08497116693112461,0.09142776804072912,0.12192398877427647,0.13201457262039185,0.10968977945792466,0.008698878040683988,0.08481162131036861,0.10473252138345188,0.13105809505033397,0.13387973606586456,0.11822241669156984,0.008308506124451191,0.13219385298503988,0.09510013824809974,0.1273115019550881,0.1261577606201172,0.1143290004739644,0.006542353018982671,0.10116007517234633,0.09093954650465799,0.11396577685432374,0.10253126919269562,0.09396955870319344,0.004010693693343562,0.1402204340797336,0.09731361476682084,0.11133668179525595,0.10655678808689117,0.10570615885533055,0.0033547506814243294,0.15961369441520212
198,3,0,0.047350244531807154,0.07340051929063163,0.08449648320674896,0.05309354921168024,0.002444421391639483,0.02331624955833547,0.04906580598253046,0.0708675488642432,0.0900551974773407,0.05242283386391264,0.0022204982873721825,0.02976295141978361,0.05770746348829694,0.07993141023176975,0.08963172882795334,0.05283842178167335,0.0025404769648168174,0.06359527963527141,0.050609048022955,0.08271885024537602,0.08915998041629791,0.05400247682276835,0.0020203807136996653,0.025143551916633113,0.05030679997934566,0.07696894886518105,0.09044092893600464,0.052360431156155456,0.0025795972698777207,0.029184093669509432,0.06401199886630818,0.07230356224312003,0.09038404375314713,0.06114343724123445,0.0021101603794373433,0.09411879071460197,0.081417470146135,0.07420525298435052,0.09967698901891708,0.06330183635590199,0.0023500828585993677,0.16755318951290601
199,2,1,0.7100582503354789,0.666585586560725,0.6779426336288452,0.666858473781668,0.806087779790407,0.7328167779157486,0.7233514329947741,0.6887055244234109,0.709423303604126,0.6778981191605493,0.767920916271801,0.772809301513983,0.7238751790168109,0.6855800297420134,0.6942521333694458,0.6776165719369835,0.8016732636175462,0.7602538964180657,0.6891520410605175,0.6686499422905844,0.6950004696846008,0.6614999554451183,0.7899789404965758,0.6306308973857084,0.6996738288995803,0.6621759945525364,0.6649022698402405,0.6540113791721387,0.7652340453949001,0.7520454555380857,0.7459663082091954,0.6879273909020452,0.7222833037376404,0.6870584213468137,0.9044727748788689,0.7280896501806087,0.7227470092412182,0.687056861262201,0.7017425894737244,0.6357128040005074,0.8490983400218343,0.7401244514478234
200,3,0,0.8482196228674763,0.8460413629732734,0.850824773311615,0.7911729831653269,0.950155887799681,0.8029031070874854,0.8619688056581472,0.8463235307235036,0.8631454110145569,0.7667821695521263,0.969993758472222,0.8635991585283272,0.8565117316850446,0.8507359019864802,0.863725483417511,0.7954150974364668,0.9674960109744231,0.8051861646103414,0.9024282775562911,0.874164075647169,0.8799641132354736,0.8373975171443504,0.9859349506876488,0.9346807310668133,0.8399008727005999,0.8517274732514533,0.8576794266700745,0.758407792910343,0.9265814632322682,0.8051082074388601,0.9136888825303139,0.8837970774016108,0.8689506649971008,0.8517018872682285,0.9874349516713105,0.9765598313133184,0.920258285287842,0.8896201056825273,0.8748548626899719,0.8632316514433912,0.9964551734006827,0.9771296332226365
201,3,0,0.07828596190809749,0.08992020743744737,0.11963176727294922,0.10796481652711928,0.002877358223228005,0.07103566007974363,0.07957321008805195,0.09450403876449998,0.10994655638933182,0.1002618309397674,0.004594390794730808,0.0885592335519298,0.06907157477097378,0.08257870276684855,0.10630350559949875,0.09367943611165318,0.003549909491039858,0.05924631988582863,0.09386622376033937,0.09836908189290015,0.11676977574825287,0.11832642473329626,0.005544678942383405,0.13032115748486414,0.07592588528056905,0.09276755295745452,0.11131363362073898,0.10098364203244013,0.003053436811736443,0.07151116098047519,0.09352985851049574,0.09241017915041226,0.10667343437671661,0.0918397777530723,0.004970948277788327,0.17175495299448915,0.09505974489899781,0.09734241226236429,0.11033112555742264,0.09937025161537871,0.004380667245543404,0.16387426781428
202,2,0,0.055472508191701644,0.14755638872056864,0.08231442421674728,0.03587238890796632,0.009642326738843198,0.001977012374382791,0.04873840225517779,0.14189992739574295,0.06618715822696686,0.029205804327795525,0.004942032707352813,0.0014570886180308247,0.03582219610793343,0.08286683450473199,0.06947589665651321,0.02462657521564602,0.0018515465528574078,0.00029012760991851315,0.037239081064874016,0.09466757757190035,0.05778246000409126,0.030232991158690454,0.0006099963120865081,0.0029023802776015017,0.04644187330931375,0.13909603874166776,0.06572534143924713,0.022120950745240706,0.004961811631663266,0.00030522398874991314,0.030283310535170853,0.07066245160939773,0.05341452732682228,0.026245835872662847,0.0008684573917258125,0.0002252804752456164,0.027919377564461924,0.07190157231617211,0.050789639353752136,0.016462284505994088,0.0004415872600728583,1.8043863184428722e-06
203,3,0,0.050820030768639154,0.07111684109101278,0.06181840971112251,0.07164459710842236,0.001685811752097922,0.047834494180540206,0.05446404832285797,0.07262629403692519,0.0641220286488533,0.08095776318972088,0.0017269345089534218,0.05288722122983707,0.04854368018728289,0.06795234455685659,0.06113578379154205,0.07181539142478902,0.0022287443976852016,0.0395861367655416,0.05349322009929349,0.06548700156035893,0.06852782517671585,0.0653727186692823,0.003244000163029154,0.06483455492708129,0.051087274471885345,0.07160193859557613,0.06744640320539474,0.06370157940493824,0.003053436811736443,0.04963301434178115,0.05639302516722801,0.07484417228817059,0.07327057421207428,0.07143101764603785,0.0025693004746384987,0.05985006121521881,0.05736265708046907,0.07745884304807708,0.06982302665710449,0.073230636760344,0.002643812196600286,0.06365696674021949
204,0,0,0.06486874284262709,0.10058091997376255,0.08507952094078064,0.0811295914114392,0.005629025283004156,0.05192465660414885,0.06316143971527981,0.09800137576443059,0.07729047536849976,0.0791324999591814,0.005724853566709813,0.055657993917577545,0.06973870042288839,0.09536883605630442,0.09461722522974014,0.09390254187799643,0.005435249952051017,0.05936964899834994,0.06596647680500113,0.10394323232056774,0.08981886506080627,0.088209896345463,0.007248637641610425,0.04061175265655822,0.07072152349872357,0.10360203120155718,0.08517023921012878,0.09897997891264348,0.006227839494823373,0.05962752867446502,0.0693926485571416,0.09693945290331422,0.09342822432518005,0.10031908103877539,0.005568995185384628,0.05070748933305371,0.06881128921646043,0.09701994017383082,0.09751733392477036,0.0955367365601273,0.00588286784772255,0.04809956757585115
205,2,1,0.06680935500454674,0.09460188775030652,0.08009582757949829,0.10065758584702657,0.003955758043152948,0.05473571580274935,0.06641378693645547,0.0927830697793931,0.0809684470295906,0.1054971612248011,0.0021858837424513456,0.05063437290604118,0.06932304573759254,0.10048848027335404,0.08456385880708694,0.10401188939712432,0.003877210797928374,0.05367378941246908,0.06486676378305603,0.09217308572443275,0.08214417099952698,0.08802220608703072,0.0021844433377821186,0.059809912766507614,0.06542388754428981,0.09390177789760698,0.0818653479218483,0.09884570649629068,0.004315651615726638,0.04819095378997646,0.06689514643861284,0.09458401271229412,0.08453090488910675,0.0955340141601076,0.0017531494809488392,0.05807365095060689,0.0660149063423117,0.09364715284759138,0.08680691570043564,0.09528026366874529,0.0020238837339718345,0.05231631576081435
206,2,0,0.1451183710930485,0.09483552729925694,0.14376206696033478,0.24352618247688282,0.021053596002453247,0.2224144827263147,0.16032576456334105,0.12974378271420925,0.1251235455274582,0.35219300841273404,0.006299944701781643,0.18826854146052202,0.20210014486659017,0.10035247902335548,0.17177291214466095,0.5144316986974157,0.00831895452551199,0.21562467994200663,0.1602958195052305,0.0915135066736545,0.11567764729261398,0.22765638051170395,0.012987645710363644,0.3536439173378164,0.17095359168081928,0.12492103977049078,0.10779381543397903,0.4559692042131995,0.05385313634264587,0.11223076264378118,0.17058825138653305,0.15974574161847777,0.14762279391288757,0.2970312326105305,0.03187321676831944,0.21666827202245015,0.2923343562272148,0.23152126907203008,0.10651819407939911,0.5591651128900904,0.5087316692106875,0.05573553588386721
207,4,0,0.1018411621523286,0.11925939021202427,0.16741019487380981,0.11823982750687762,0.00913492317984722,0.09516147498908403,0.09446404873745304,0.11626998279769474,0.1329786777496338,0.11921947284417148,0.009228181804084783,0.0946239284916804,0.10016641498210581,0.1180585615766619,0.19412285089492798,0.1272079284932704,0.007675496470898943,0.0537672374747699,0.11308452403766242,0.11806137430843552,0.12517288327217102,0.125498304434034,0.009568105662253969,0.18712195251141764,0.09983520730964669,0.11247066921079839,0.1894625425338745,0.15123215115489208,0.0017523006741396255,0.04425837297452885,0.09299446984488287,0.11300208700225133,0.12422136217355728,0.12210194135501591,0.005869059382901974,0.09977789931068781,0.09050015088634525,0.10843230914098759,0.15015867352485657,0.12905362495318223,0.0019886467744171295,0.0628675000382828
208,0,1,0.035064131204610424,0.07554173650051972,0.04649573192000389,0.030837579207584294,0.00042793528778335666,0.022017673107160855,0.04993204210943446,0.11044958748807523,0.06900422275066376,0.04404813582264664,0.00039250239994144403,0.025765762085845204,0.0345303273343031,0.07856517271579264,0.050161536782979965,0.037785085612380184,0.00038980119850901354,0.0057500403618537385,0.04058560103505352,0.07509323205189211,0.057081613689661026,0.038690431390976235,0.0003875202869753029,0.031675207755762935,0.052120999096732054,0.09143608485466517,0.052788086235523224,0.048590201542061,0.0012281752562055563,0.06656244759520531,0.04539664390536112,0.1036563696877429,0.06872721761465073,0.04265714733753094,0.00029998557985624533,0.011642499307024795,0.056199336210916696,0.10747909709730291,0.08874279260635376,0.06819282794987085,0.0008049364712504662,0.015777026929805482
209,2,1,0.7201160690496831,0.6745158212123966,0.6996509432792664,0.6686167508355223,0.806087779790407,0.751709050130823,0.7106823448989823,0.6841266065997909,0.688955545425415,0.646396925970229,0.7650945667137133,0.7688380797857635,0.7189143792895654,0.6888517212562353,0.695037841796875,0.6765885549207414,0.7623875395032752,0.7717062389706997,0.7082305259647269,0.6756267392006049,0.6995822191238403,0.6320098659615901,0.8144992658559416,0.7194345396816573,0.7086318767987787,0.663068794912702,0.6900908946990967,0.6572291053944858,0.7652340453949001,0.7675365435927088,0.6762413350568313,0.6560612356425328,0.6979748606681824,0.6590761714796839,0.6122586578428875,0.7558357496508694,0.6231064592777582,0.660020386702424,0.6747156381607056,0.6151570244538633,0.3246784746997083,0.8409607723720899
210,3,1,0.3379856874095677,0.3302750707097387,0.35535258054733276,0.3663034635668255,0.2371321795945845,0.40086514262935696,0.2612992554238943,0.3058271754678814,0.32975849509239197,0.3253070737055754,0.024443581030766503,0.3211599518228562,0.33021912143326987,0.32534967211845395,0.33358243107795715,0.3734697734908431,0.17347026325798334,0.44522346722111206,0.4160693448521668,0.37933036424309935,0.4124721586704254,0.3865120579033367,0.458993487731881,0.4430386557120911,0.30077455257470104,0.31444423359295026,0.33041396737098694,0.32622926306383865,0.14206403259654274,0.3907212662491865,0.29571603297415056,0.34891573366445755,0.379278302192688,0.3395539403278669,0.03819809959346868,0.3726340890922717,0.2976303829596347,0.3593323616386585,0.3497687876224518,0.3537836416844632,0.049674240598186294,0.37559288325441365
211,3,0,0.048159950865108894,0.07443178188752256,0.0650530457496643,0.06793454917905684,0.001685811752097922,0.031694565757202864,0.053883262552137455,0.08300218298308366,0.08978529274463654,0.07553176349156493,0.0017269345089534218,0.019370139032448695,0.048139641090675804,0.0715844469629407,0.06539519876241684,0.07912019992825194,0.0022287443976852016,0.02236961540208437,0.05082839105446394,0.07573575122315127,0.06525199115276337,0.08406419238815097,0.0022827303135186565,0.026807290194735458,0.051860015620423014,0.07410110147270857,0.06841699779033661,0.07832264090471482,0.003053436811736443,0.0354059011226186,0.04674664366360466,0.07596089745037744,0.06494372338056564,0.08113457218885617,0.0022623291319809917,0.009431696166243073,0.048108644009007676,0.07486945948320724,0.06657329201698303,0.08311342960427041,0.0020413171953107103,0.013945721745266969
212,4,1,0.7822945504190014,0.7937605338398017,0.785724401473999,0.7325051314541745,0.9582382930356083,0.6412443922914232,0.7720931706221739,0.7844116063106973,0.7933835983276367,0.7163640526626529,0.9128501189202088,0.653456476889674,0.7340200960653147,0.7907861472551906,0.8059616088867188,0.7650613425538195,0.9793009786672512,0.3289904029635936,0.8787603345053607,0.8323401364622639,0.8549633622169495,0.8447380706620912,0.9813793468767638,0.880380756308735,0.783889953351779,0.7847818576204411,0.8130356669425964,0.6954386890023663,0.9612763650337325,0.6649171881597589,0.8371583667176511,0.8289466703911881,0.8659718036651611,0.8587337491424611,0.967764776844838,0.6643748335446068,0.8358523812543707,0.8258695445852597,0.8639451861381531,0.8362827709731682,0.9501659733739972,0.7029984312012753
213,1,0,0.07868981675487269,0.10765852380526181,0.10549593716859818,0.10658752741055973,0.004224391307149522,0.06948270408279421,0.07804146250693642,0.10267066714389649,0.10524149239063263,0.11467734444933558,0.004269400788881147,0.06334840776193619,0.0754876217904292,0.0986522434629522,0.10525696724653244,0.1040685185929813,0.003922103392899125,0.065538276256781,0.0748159083647898,0.10124297254402218,0.09808006137609482,0.10363484578937068,0.0026526105638437505,0.06846905155061754,0.07612625418482091,0.1067044944680391,0.09927407652139664,0.10658048248838631,0.004857087057862802,0.06321513038841972,0.0719508480957826,0.10340805109664694,0.09869786351919174,0.09679822482626531,0.002907114173635626,0.0579429868631734,0.07168355817234581,0.10308929178031288,0.10070665925741196,0.09510202343727282,0.0023478661440374843,0.057171950242693906
214,1,0,0.11811838333578206,0.13002526231741046,0.1552528589963913,0.14355581327079142,0.005158628288424005,0.1565993538058931,0.1139393047188986,0.12624223316211555,0.14218305051326752,0.1338967076281181,0.0072426871740848865,0.16013184511690684,0.10927281198645618,0.12208773210558435,0.14660760760307312,0.1234226191337552,0.005155153696515131,0.1490909473933531,0.10727611163987716,0.13845977774753138,0.15356780588626862,0.13585144498738563,0.006402320362648143,0.10209920921555196,0.11321933329884595,0.12618325114513734,0.15353937447071075,0.13044527161277816,0.004866600163417073,0.15106216910218645,0.1001465372888591,0.12357169158786646,0.13709023594856262,0.11856384383002698,0.005384691649950715,0.11612222342788865,0.09898183163813568,0.12134862650603195,0.13402390480041504,0.11790160408870716,0.0065512306511210225,0.1150837921444032
215,3,0,0.07644622999859225,0.10506034494287435,0.11936307698488235,0.10653992155578354,0.003469417081164703,0.04779838942825626,0.06432711507974832,0.09595450311050006,0.09417184442281723,0.08949809703617287,0.004289709282706408,0.03772142154654499,0.07213799369034588,0.09513121145447649,0.10982850193977356,0.09360110544747988,0.003244177715606918,0.05888497189439251,0.08867226286610361,0.1452711958263129,0.1186835989356041,0.10690943573082307,0.0031984518775985443,0.06929863196017952,0.07110935506687739,0.100579116780537,0.10053467750549316,0.09980782687630747,0.0029965522109523155,0.05162860196109705,0.07798005999917308,0.11939304046615752,0.10098948329687119,0.08473378405628444,0.0042721415427693825,0.08051185063378283,0.07624990132870037,0.08729342762753209,0.09751533716917038,0.10271354292353434,0.0022974959114440753,0.09142970301182095
216,3,1,0.9817845020736609,0.957613806059419,0.9732835292816162,0.9848740438934612,0.999632214072351,0.9935189170614571,0.9809874524214806,0.9541385247945777,0.9720697402954102,0.9854871081945809,0.9996848894000975,0.9935569994227368,0.9808968598821348,0.9555142573122263,0.9738175868988037,0.9790689353763683,0.999616361513686,0.9964671583095902,0.9835756170990233,0.9583854359090235,0.9769811034202576,0.9863211449733317,0.9994574387390368,0.9967329624534675,0.9843975810678771,0.9645719579562826,0.9780690670013428,0.9880016654745861,0.9983869129058177,0.9929583020013565,0.9802434083870614,0.9501496089562781,0.9740728139877319,0.9789776165340276,0.9996000690930272,0.9984169333642414,0.9806839334549202,0.9500061759352875,0.971401572227478,0.9841875521197054,0.9993410072133316,0.9984833597787985
217,4,1,0.4482804893580033,0.5050312936046709,0.5565860271453857,0.480655127807005,0.18008170783933375,0.5190482903936208,0.4317585040515432,0.5125334991497711,0.5298317670822144,0.5056045943481627,0.11051554238575291,0.5003071172918151,0.4735721858096816,0.5091409973329251,0.5410520434379578,0.5709648269283009,0.27821527005608365,0.46848779129314033,0.44880666784589973,0.48082683469037074,0.49033281207084656,0.4572736547388951,0.30042919565459975,0.5151708420747863,0.42940684650899275,0.5039545264198062,0.5212541222572327,0.509159262671577,0.11114628314492571,0.5015200380514224,0.43729180463895645,0.4940028293276052,0.5585607886314392,0.49471604050770845,0.19262411727435633,0.4465552474536728,0.44626669914785494,0.4955712440321321,0.5360019207000732,0.5079387325696326,0.25175390527473707,0.44006769316269984
218,2,0,0.09436075607749661,0.12645592423167842,0.16202472150325775,0.13872687791095578,0.0017810385345999472,0.04281521820699122,0.08375515280042256,0.11904847723366624,0.1239854246377945,0.12628335815763841,0.0043034121453262445,0.04515509182768742,0.09288973556306453,0.12808261329952295,0.13515359163284302,0.17111190216804154,0.004189782685411157,0.025910788029504,0.07152906944875878,0.10315603865882973,0.10787125676870346,0.10889393529244262,0.0003193344269061687,0.037404782096911955,0.09539409156663044,0.130431996597438,0.15181764960289001,0.13759723510228666,0.0021633936982224902,0.05496018283231502,0.06290566551292762,0.108255867341761,0.08389119058847427,0.10809588151318525,0.002835905123172936,0.011449482998044627,0.07758526654931125,0.11327354506152297,0.09816025197505951,0.1536050038584987,0.008794547844710149,0.014092984006764904
219,1,1,0.9736858423983648,0.9472021238536104,0.9673746824264526,0.9683179549160056,0.9985930736670426,0.986941377128713,0.9692689297236597,0.9421865408305565,0.9582816958427429,0.9634435133505552,0.9975784531670223,0.9848544454274218,0.9705818333517036,0.9493188411929459,0.9595764875411987,0.9712663807064813,0.9986579330686411,0.9740895242492504,0.9782789229305304,0.9545235418799727,0.9694395661354065,0.9746486613202084,0.9968756634711128,0.9959071818459522,0.9723521464330493,0.9448618133706799,0.9589334726333618,0.9682856873034081,0.9992072136637865,0.990472545194011,0.9744429267501505,0.9531607470724486,0.9649525880813599,0.9641958360496158,0.9990532139772387,0.9908522485700901,0.9740718076273991,0.9556466901609051,0.9564369320869446,0.967701228778494,0.9984805369603742,0.992093650150278
220,2,0,0.06689164704743808,0.09388592953289758,0.10795140266418457,0.08579833154236705,0.0013978745972259901,0.0454246969005152,0.0675210838620213,0.09240629661596005,0.10057701170444489,0.10592925224305608,0.0010830362252744533,0.037609822521371,0.049365377051274695,0.06967462477377251,0.06876685470342636,0.07555648940540374,0.0007743657185452736,0.03205455065522559,0.07292091849487545,0.10235833403677903,0.11689325422048569,0.11777654805795994,0.0061163945791797136,0.021460061579972826,0.07036299394920173,0.08886399051442857,0.11002060025930405,0.11174910045016873,0.0022592484306054065,0.038922030091501934,0.04460737316896764,0.07393827587093359,0.06761699914932251,0.07134498901799631,0.0002674023578249696,0.009869199448760841,0.04495455785570107,0.07653749717565562,0.06716861575841904,0.07138712821066734,0.0006736313080251788,0.00900591682573821
221,3,1,0.06793601831364997,0.09781957186657991,0.07817839831113815,0.11233926861646079,0.004895717847768406,0.04644713492630256,0.06673888170589701,0.09310773258144081,0.08602283149957657,0.10092715160144917,0.003688400117203011,0.049948292729815456,0.06433241740086466,0.0941089817196517,0.08600252121686935,0.10205131459323774,0.0021585773781975276,0.037340692096367,0.057150198419585574,0.08107960662905606,0.07761328667402267,0.0901618512710538,0.001989361957455274,0.034906885566340085,0.0682985163898746,0.09846386858762245,0.08976590633392334,0.10028430446403966,0.003053436811736443,0.04992506575205106,0.06438211954199648,0.09913812955460422,0.08047272264957428,0.1029891349415355,0.0021101603794373433,0.03720045018483105,0.0688623868526576,0.09095848628189444,0.08184637129306793,0.12467685065075436,0.0023500828585993677,0.044480143178971886
222,1,0,0.11111058222209032,0.11643053454817064,0.13273529708385468,0.13320515896567242,0.005158628288424005,0.16802329222432985,0.10750680667641213,0.11525571037253322,0.12647219002246857,0.13300062769950763,0.0072426871740848865,0.15556281811346637,0.10633785964843709,0.11367912958690782,0.1291724592447281,0.12293764185332452,0.005155153696515131,0.16074491386070994,0.10697023250743846,0.14705204566937147,0.14036744832992554,0.1281979485445298,0.006360938616572324,0.11287278137679313,0.1099986616270389,0.11592411651377946,0.13543108105659485,0.1330327398619914,0.004866600163417073,0.16073877053941185,0.09474968361355932,0.1193616868652529,0.12934133410453796,0.11667933955423995,0.0037092936930290255,0.10465676385073676,0.09337509075419764,0.12244903480328881,0.12583623826503754,0.10792258444276215,0.005910610755620398,0.1047569855042793
223,4,0,0.0648564789080133,0.08983880500029831,0.11492102593183517,0.08260432286740473,0.0028888560099724855,0.034029384730555765,0.06467113592201838,0.0991331606869556,0.10424602776765823,0.08173773689035566,0.002852716003673849,0.03538603826144862,0.0649452873247037,0.09344099210225632,0.10791917145252228,0.08807020397875803,0.002878606125532519,0.032417462964449355,0.0675345096159215,0.0895986007746814,0.11873740702867508,0.09310527312623475,0.0023362888212077678,0.033894978328808494,0.06444789842100324,0.09328069095847298,0.10800520330667496,0.08317187426567935,0.0037693875295061277,0.03401233604468278,0.06463725174500543,0.09748666445910484,0.10220754891633987,0.08540826119671642,0.002513873407356555,0.035569910745509456,0.06441931012422354,0.08876299732590413,0.11154590547084808,0.08235529699254081,0.0025210698938203753,0.03691128093800428
224,2,0,0.07423568038342203,0.10173464065084495,0.09278376400470734,0.09959999633900266,0.004201303218379632,0.07285869770417555,0.06850025105460342,0.09557976293476626,0.082939513027668,0.10003000346164874,0.0024197501959124716,0.06153222565302161,0.0746189574177125,0.09971370144444135,0.10082083195447922,0.10295380665977762,0.0041608226226706605,0.06544562440719369,0.08353781919157528,0.09831080708541336,0.09129903465509415,0.10040960267297856,0.0028312709310842,0.12483838061330613,0.07418909792285935,0.09999485406428564,0.09164460003376007,0.10173370412979311,0.004315651615726638,0.07325667977073136,0.07483430556817534,0.09423585143283698,0.09059370309114456,0.09463206672647433,0.003575550072330622,0.0911343565180902,0.07605911705254156,0.09262210622398712,0.0942009910941124,0.09991357812717629,0.002829454057138486,0.09072945576029348
225,1,1,0.33574619076322143,0.35679522754190734,0.3706912398338318,0.4426431542910344,0.050104693671153694,0.45849663847818,0.37351423837225967,0.5132362962650615,0.38469812273979187,0.39081554177391814,0.05964080297393358,0.5191804281085931,0.3559057547363358,0.3847745302995129,0.390887051820755,0.4452725771049182,0.0677440829552202,0.49085053150127256,0.3157318393546226,0.3485458157266771,0.33858075737953186,0.3604899461796104,0.11318661010887046,0.41785606737842335,0.29801223712013486,0.342284138747983,0.34832319617271423,0.36941780196345503,0.03584704999253862,0.3941889987239835,0.38685587033582813,0.4551102870430735,0.43585440516471863,0.4127476788460442,0.14178676663500364,0.48878021399030075,0.3656148296542975,0.45042952862488683,0.3963755965232849,0.3741550918609193,0.12776763405176347,0.47934629721063304
226,4,0,0.07469815230107768,0.09812772195989194,0.09443454444408417,0.10747819082854915,0.0021765929703891295,0.07127371130247401,0.07516742558287298,0.09892864089547926,0.08808019012212753,0.1088370595840509,0.0021355147209723203,0.07785572259173491,0.0712167692792183,0.0991379591857363,0.09448325634002686,0.10546390381783351,0.003871084330102834,0.05312764272239203,0.06881503899281097,0.09428756340776577,0.08586633205413818,0.09632954945014678,0.0017648384711048575,0.0658269115808992,0.0725350511973518,0.10028463649735579,0.09648451209068298,0.10096503124035368,0.0022945849573819716,0.06264649120098457,0.07421271614676,0.09654751012699703,0.10077681392431259,0.1010324514977536,0.0016085547246744059,0.07109825046006242,0.07649302679895735,0.09656780419484855,0.0950087457895279,0.10840584464335533,0.0018707672549003623,0.08061197211215461
227,2,1,0.10096910424433658,0.11527150485921372,0.08653786033391953,0.1154436321022837,0.004141314344449796,0.1834512095818162,0.11124480712278931,0.12870278813306502,0.09741301834583282,0.14007476067012783,0.003913809120379713,0.18611965934454114,0.10709944291186199,0.12545505104519702,0.09943284094333649,0.15422724702084525,0.004713914496748903,0.15166816105318232,0.06595011689927083,0.08794378678758427,0.07452794909477234,0.10861858489572354,0.0009454469586449784,0.05771481675962903,0.09838708888597543,0.11975072808273782,0.08045074343681335,0.12072400259205582,0.0027719643322627377,0.16823800598600738,0.07163436773410137,0.11624815318827748,0.07996241748332977,0.10973623516052605,0.0024874279980024,0.04973760484037115,0.07292255331633203,0.10791380778710095,0.09282571822404861,0.10714840731786944,0.0021763659222014354,0.05454846733043966
228,3,0,0.07138506275024269,0.09327575844580557,0.0897565558552742,0.0950957914056454,0.0019846568772881918,0.07681255116720005,0.07652505749243935,0.09385361363989896,0.09417397528886795,0.10113557083913184,0.0029518693986044092,0.09051025829569358,0.06862078223697848,0.08617458701324363,0.09371630847454071,0.09481197346704653,0.0022287443976852016,0.06617229783237631,0.07221341209834473,0.0915976011474989,0.08869437128305435,0.10365478386791432,0.0022827303135186565,0.07483757387973743,0.06799756399545018,0.09453637044999691,0.0807008296251297,0.08972452753090082,0.003053436811736443,0.07197265555948708,0.0746643892323894,0.09485587050658711,0.09048129618167877,0.10354877488479115,0.0021101603794373433,0.08232584420945262,0.07194784248030024,0.09439411095629911,0.08626018464565277,0.09911051731640366,0.0023500828585993677,0.07762431662454626
229,2,0,0.14500588804873793,0.16101142066393995,0.1370709240436554,0.17264871757509356,0.021867542155523074,0.2324308358054777,0.1418026544251589,0.15128496395286165,0.15036773681640625,0.16570958042011552,0.007746842442542301,0.23390414849386884,0.15156588032978072,0.16405453439195633,0.1440330445766449,0.20521506631026826,0.021032389277288902,0.22349436709274517,0.08713181557268743,0.11429496305530959,0.10568150132894516,0.1318763207209327,0.0022275142496453165,0.08157877850860434,0.15096463059829182,0.18092921540561052,0.13487951457500458,0.1938146709629575,0.01411657891407553,0.2310831731338109,0.09184431655583318,0.13319705552989372,0.1033400297164917,0.13703012308057488,0.005840183022585769,0.07981419142961985,0.09771913857341089,0.13891176786036602,0.11675159633159637,0.13900224414155915,0.011451350486063055,0.0824787340474698
230,2,0,0.03648098556731426,0.06469121758145004,0.0476832389831543,0.049693975659071125,0.00047079603406647213,0.019865699578829398,0.03476533501744149,0.06563052740861527,0.044862695038318634,0.04569648603356539,0.0001333082190167736,0.017503658387691398,0.051042544430449796,0.07506869083905675,0.0791715532541275,0.09115280648457101,0.001398881647859366,0.008420789926634323,0.035126127922533515,0.06704165432702941,0.044623322784900665,0.05141943526417483,0.0005282509255607031,0.012017976311001983,0.022823553055575867,0.05476651476391188,0.03246096521615982,0.025791495608440095,0.0005037614718316109,0.0005950282175359432,0.05119318691423118,0.08713426179146055,0.08266405761241913,0.0811637547214081,0.0006956535128446549,0.004308206933023406,0.03145088706347589,0.07062915971692711,0.04830627888441086,0.0371729649416303,0.001028934315737161,0.00011709745867398588
231,2,1,0.9534288065732387,0.9308495856170544,0.9364168047904968,0.9710752378056449,0.9963720058972386,0.9324303987557591,0.9514407808542125,0.9405119529446073,0.921757161617279,0.9665012873205333,0.9980529783187585,0.9303805240698841,0.9516774371883674,0.9256055436830559,0.9304298758506775,0.9612701793319846,0.9948560215112096,0.9462255655649088,0.9600772178169213,0.9282909687450012,0.9322918057441711,0.9604395271441779,0.9990240393867684,0.9803397480644878,0.95980031889044,0.9332752987339992,0.9447101950645447,0.9703340581511096,0.99914324939301,0.9515387931095366,0.9624259190354717,0.9346501811588303,0.9289701581001282,0.965378527138595,0.9996924566804841,0.9834382720993209,0.9633678733368136,0.9306987145920484,0.9267542958259583,0.9661619265079658,0.9991935670802534,0.994030862677842
232,3,0,0.09394330275165144,0.12167616004624626,0.17280836403369904,0.1098876604551156,0.002444421391639483,0.06289990783155683,0.08744245274114906,0.11346699273928924,0.15508972108364105,0.10301996931869184,0.002285930944287993,0.06334964961983523,0.080223663221531,0.10586126236166257,0.15477700531482697,0.09234019321480923,0.0025404769648168174,0.04559937825153943,0.09569181088879905,0.12347442626944907,0.1535441279411316,0.11142281451120242,0.003244000163029154,0.08677368555918308,0.09211635735807142,0.12198625324302054,0.1658286601305008,0.1059993088881733,0.003053436811736443,0.06371412771692608,0.08088521879404918,0.09698525334782104,0.14508984982967377,0.10032652397197946,0.0027544875333228433,0.059269979287448794,0.08052049310445811,0.1014171818072981,0.13222596049308777,0.10091353456777864,0.0026491167753160834,0.06539667187881
233,2,0,0.055608796092234694,0.07559946686593051,0.08887182176113129,0.06533943662653321,0.002034789046518093,0.04619846616106034,0.054119094157358015,0.07251767362757132,0.08115150779485703,0.06409772741673318,0.0021497031733569987,0.05067885877427153,0.060247509073702785,0.08227683191569868,0.09915899485349655,0.07205723749451293,0.004189782685411157,0.04355469841939461,0.046310629461780314,0.06640627727256261,0.07877927273511887,0.0711783981961713,0.0021200045021271996,0.0130691946029216,0.05830237738544221,0.08479301330916177,0.08675990998744965,0.06595868312460154,0.0021633936982224902,0.05183688680777558,0.04520609680387196,0.07524146362826079,0.08076005429029465,0.05591467324846773,0.0013913400906575067,0.012722952761679177,0.04701360246302311,0.07772734296038358,0.071639783680439,0.06575992320217974,0.003190166199029357,0.01675079627308386
234,3,1,0.5253626357247925,0.7424792345882538,0.6545910835266113,0.5452082367550574,0.17427433139906354,0.5102602923549765,0.5020288853471161,0.7254916756269236,0.5977821946144104,0.6079956965515864,0.10250796629266053,0.47636689364999957,0.5068941909854019,0.7250398532710677,0.6162776947021484,0.576209779104527,0.2623673145116335,0.35457631333763256,0.6177688088004036,0.7482782907143004,0.6545856595039368,0.5480977136552683,0.5351842353251425,0.6026981448033697,0.5289333484398534,0.5124214113483412,0.6929447650909424,0.6730923312195564,0.34566289129547206,0.4205453432449549,0.44111607407634806,0.6650805222190954,0.5759751200675964,0.48782253720659186,0.10044106364164598,0.37626112724681043,0.40910161119879235,0.4629493845687842,0.6557910442352295,0.5420418412679116,0.08859853293957977,0.2961272529824568
235,4,0,0.10420967073006726,0.10930654513528093,0.10953396558761597,0.12591133676047025,0.004143214881192563,0.17215329128577656,0.13117025644946945,0.1333228670273458,0.1537851244211197,0.1338948280238677,0.02473967084334337,0.2101087919316706,0.11215082835894438,0.10880516491024994,0.11052212119102478,0.11753922884722384,0.004787740465331435,0.21909988638089195,0.07654064784573883,0.09863877180377041,0.09828654676675797,0.1052070689163237,0.001778421506864056,0.07879243023497802,0.10270789516410747,0.11385276310202753,0.10821019113063812,0.11613293027280093,0.004497043258073068,0.17084654805699773,0.10816348118812495,0.11654396311253752,0.14570100605487823,0.120285079076771,0.0040720607904828135,0.1542152969059552,0.10404915002205098,0.1168563684229058,0.14274972677230835,0.10974150221829383,0.005794972910306945,0.14510317978643988
236,0,0,0.5758586297539734,0.6501228866875998,0.5891373753547668,0.6122030931632495,0.5217781735609315,0.5060516200033189,0.5887720996228698,0.5922914918739504,0.5953895449638367,0.5524230558614979,0.7354060778542716,0.4683503275607922,0.5929169424940922,0.66478409228288,0.6259341239929199,0.6415728956888859,0.46175230252106075,0.5705412979847148,0.5620826098746313,0.602228198689048,0.5849411487579346,0.5812317631628872,0.7086780217829948,0.3333339169802923,0.5771741446246039,0.6402313319343875,0.584407389163971,0.598755812347823,0.58076870225614,0.4817074874206987,0.5839587534725806,0.6409620745900747,0.6085602641105652,0.5995898543689894,0.7463485491770541,0.3243330251162202,0.5872558150152869,0.6486918345893596,0.6288903951644897,0.612388092808557,0.7412583401558585,0.3050504123581697
237,3,0,0.07094519176609146,0.09580472033330582,0.11998187750577927,0.0972343703628217,0.002710623733114626,0.03899436689543584,0.06957370581522085,0.09708331051686668,0.12487364560365677,0.09726807452471879,0.0011398459303519624,0.02750365250051003,0.07357484909496383,0.09824596829932632,0.10938550531864166,0.13888721544100618,0.00106763289712574,0.0202879235187192,0.05830116779434039,0.09597743276509348,0.09331173449754715,0.08680872045003954,0.0007922186265984779,0.014615732632423311,0.07382106250582562,0.09674022043803891,0.11544341593980789,0.11000450174232179,0.0023500054312201413,0.044567168977739394,0.05717419372730215,0.08885624985444819,0.0923338383436203,0.10028404739690604,0.0005037199365271937,0.0038931131050089934,0.053904676404593024,0.09070032863548842,0.08608777076005936,0.08766718265172677,0.001731347751533669,0.0033367522241568967
238,4,1,0.9664424559368708,0.9605593597420553,0.9600004553794861,0.9568634734915266,0.9982622767250442,0.9565267143462417,0.9662264957254862,0.9549548761315204,0.9591441750526428,0.9559220926751766,0.9970625617106508,0.9640487730574405,0.9637662481776434,0.9496983407309193,0.9584679007530212,0.9304878983145711,0.9967469865047326,0.9834301145849731,0.9640991414272883,0.9418137399661024,0.9582499265670776,0.9435062016004934,0.9938150462365851,0.9831107927661825,0.9730460465169676,0.9557630053203487,0.9660707712173462,0.9709062903698822,0.9974531849969244,0.9750369806803365,0.968172419140336,0.9463911356726293,0.9608587026596069,0.9483910485998638,0.9924277810761012,0.9927934276934784,0.9679130533267675,0.9468837074112095,0.9643839597702026,0.9528985510608492,0.9945465115347796,0.9808525368567964
239,0,0,0.1218428037886651,0.12399275896042804,0.10800618678331375,0.17970282960047432,0.02073302539801323,0.17677921820109616,0.12779502204589313,0.13282109685279475,0.11592098325490952,0.18064044814783425,0.016611452684249406,0.19298112928967773,0.12308893386048672,0.13629393262146142,0.11631347984075546,0.17439546189477387,0.011845935403253795,0.17659585954218912,0.08951441869011649,0.11506358604322592,0.1013067215681076,0.14271938568242565,0.004356662498974294,0.084125737657849,0.11999123023341429,0.12597485750761592,0.11724426597356796,0.16308661861031953,0.019915872420960046,0.17373453665460803,0.10369185519282838,0.1352911420470485,0.11229255795478821,0.15769131894891755,0.01214193249680617,0.10104232451658149,0.09908695211457756,0.13072403837211496,0.13101021945476532,0.12384681090967085,0.016582431094973624,0.093271260741363
240,4,0,0.08191130143266015,0.09868007017507294,0.10510502755641937,0.10717662021619874,0.004965636747001602,0.0936291524686081,0.08365286262897513,0.09950476496261709,0.10889869928359985,0.11682373805696644,0.003251664228412256,0.08978544661328004,0.08039800249077739,0.09945879995632462,0.1123824268579483,0.10891448085696435,0.003801096079911142,0.07743320870273851,0.06870609270314103,0.0956873626732202,0.10216949135065079,0.10206819768607114,0.0033433585721338536,0.04026205323362921,0.0819562327432934,0.09871099622862473,0.11697149276733398,0.10717167159629822,0.002750951310259256,0.08417605181395083,0.07146820529003081,0.09594938010491778,0.12200404703617096,0.0998415102982553,0.0029706561958674745,0.03657543281494251,0.07144417289650765,0.09600418598065161,0.10517597943544388,0.11198215408848379,0.002478496710663956,0.041580048267294924
241,2,0,0.11553841538323002,0.08975872805835097,0.11605411767959595,0.14570580221184717,0.007251799431860237,0.21892162953449582,0.10743754638218435,0.08670012156629354,0.1413438767194748,0.11825434889681176,0.0024403521256165543,0.18844903260272514,0.11011240732595555,0.1072739870878989,0.14525538682937622,0.15972270695738489,0.004553867407749051,0.13375608834736866,0.1042388131382139,0.09942355630843945,0.16374723613262177,0.12975081544742442,0.00782930964808264,0.12044314815450125,0.03888782124473097,0.06517671226847134,0.0684518963098526,0.055148841345653676,0.002891632029203704,0.0027700242704735466,0.09730498646576904,0.11416336153946917,0.14806652069091797,0.17070320647224363,0.002676212938815206,0.05091563068739931,0.053993757913702235,0.08852655255328577,0.0637550875544548,0.11506748733077443,0.0023044277951444025,0.00031523433485176525
242,2,1,0.7002321731080793,0.6936642612470452,0.7049382925033569,0.6487590032034611,0.9111563475357256,0.5426429610508074,0.7119254610115437,0.71108779687416,0.7453015446662903,0.6767527629544972,0.8662667971762328,0.5602184033865386,0.6878744000367343,0.7145998005030444,0.7302981019020081,0.6427110680667556,0.8658253632803083,0.4859376664315549,0.7024268886744238,0.6721640385792943,0.7409200668334961,0.6550578235900807,0.893107644890957,0.5508848694782913,0.7233148433102123,0.685864808963827,0.7148697972297668,0.6724160966379906,0.929311149301582,0.6141123644178947,0.71233190471405,0.7074037079241775,0.7532094120979309,0.6740534132346286,0.9191906796192137,0.5078023106942987,0.6877959928215193,0.7004162098059805,0.7350865006446838,0.6458575984307546,0.7743799185071076,0.5832397367190694
243,3,0,0.08608456407361145,0.10944023145989554,0.13064661622047424,0.12343969462134763,0.002239082115475853,0.06465719595086396,0.09121876504335255,0.1127971865218792,0.1412813663482666,0.1189893685492062,0.004594390794730808,0.07843151300267996,0.08253865101705696,0.10535704469511642,0.12217283993959427,0.11952637886744927,0.002429909077839569,0.06320708250528524,0.08413181259605441,0.12976623535642381,0.14749190211296082,0.11005358100212766,0.002409183808646849,0.0309381607001129,0.0863909098930141,0.10670906272767067,0.1350814253091812,0.11921105704014948,0.003053436811736443,0.06789956757633273,0.08425435044697839,0.11047354842635766,0.1420169174671173,0.11981195920019065,0.004970948277788327,0.04399837886343799,0.08049496440398267,0.10916873846384274,0.13806979358196259,0.11045411605370499,0.004380667245543404,0.04040150667485962
244,4,0,0.26222611785310174,0.25593103234651055,0.09472673386335373,0.2621265043227991,0.08729162004967018,0.6110546986831752,0.28213442691139745,0.33729626944974733,0.0953526571393013,0.28940601917564424,0.041419114589410166,0.6471980742028841,0.2742515893999136,0.2798255841691298,0.09066177159547806,0.33277722203843974,0.0700957370491443,0.5978976321473762,0.2531206814241208,0.34576899660409327,0.07858944684267044,0.2872457925629045,0.06805595984295366,0.48594321126798234,0.28668862896614455,0.38100601216150565,0.09886551648378372,0.30151439617233444,0.04217997780975986,0.609877242203339,0.25291193949070545,0.3630740272405154,0.09599318355321884,0.25866433788001936,0.024618997749872775,0.5222091510299007,0.2720636509452,0.4055508390413105,0.10064155608415604,0.2924050389506291,0.043474192197651376,0.5182466284522533
245,2,0,0.04778681679699557,0.08160098223970845,0.1069846898317337,0.031415250539993,0.002226053762564818,0.01670710761097785,0.04131282770864715,0.08369034103053757,0.06694269180297852,0.03748307923749638,0.0008235674121964251,0.017624459060026892,0.04450426695835462,0.08237752802239995,0.07174411416053772,0.04638035628556582,0.003213839457179957,0.01880549686608969,0.051705022945704136,0.09016876912584998,0.09709180146455765,0.03579029306816293,0.00952323312699175,0.025951017942958426,0.050060442715543184,0.08935595283401589,0.10816401988267899,0.04617489813683454,0.001409971907130001,0.005197370817056534,0.04725020718046842,0.08607163431955052,0.0674707219004631,0.044467395529355,0.0009302973685880905,0.037310986784385373,0.04016471474319339,0.0808090709419301,0.07498402893543243,0.03967142933700364,0.0008853189830230348,0.004473725518577718
246,4,0,0.7335486153249248,0.7701993882200712,0.6638801097869873,0.8195424120292242,0.7681537130996395,0.6459674534887014,0.5802718351377613,0.6126489372135759,0.6514527201652527,0.8116893867847014,0.17891224575618417,0.6466558857690922,0.6697804961240533,0.7571208871994858,0.6495103240013123,0.7400319133685643,0.6804549965539985,0.5217843594969054,0.7629387098726351,0.7477185522804779,0.7496991753578186,0.6954501488106584,0.706403484753289,0.9154221881609319,0.7151365244225362,0.7960646656721981,0.7041677236557007,0.7603209842561413,0.7833737516694556,0.5317554968591851,0.7379993074940684,0.7047551829497248,0.6609580516815186,0.7129993371406377,0.8601638886405882,0.7511200770578725,0.6156910793873221,0.6753713769790591,0.6512295007705688,0.6391514000840721,0.39786346295801434,0.7148396561448961
247,1,0,0.5782701285743271,0.5366133626661738,0.5652908682823181,0.608378553342214,0.49857895189331397,0.6824889066876155,0.562261024145536,0.556416316348814,0.5263134241104126,0.6132349665119841,0.38920020329831556,0.7261402104581542,0.6497093721807834,0.6339537763500004,0.6186449527740479,0.6371936244902533,0.6673395804905184,0.6914149267990974,0.5367707195487285,0.5948762462115706,0.6417374014854431,0.6226588749244802,0.3263572146481572,0.498223860473991,0.5711304535986775,0.560924431736486,0.5687796473503113,0.5932626820215394,0.4603279479668872,0.6723575589181637,0.6284071436500189,0.6490201282012018,0.6770598888397217,0.6613222966745569,0.5578929946762656,0.5967404098583488,0.6522771423133663,0.6641609327079062,0.6721324324607849,0.6816022083073291,0.6670615488324626,0.5764285892583487
248,1,1,0.8510173617758557,0.8799327181468576,0.8570672869682312,0.7685270242568366,0.9525870003734684,0.7969727791338852,0.8311754211789408,0.8730037409488607,0.8634566068649292,0.8078210831531691,0.8565673348948953,0.75502834003285,0.8981723522385318,0.8936974937868495,0.8899305462837219,0.8667515719859873,0.9892073644626639,0.851274784673436,0.8831469790341584,0.8539990840353254,0.849143922328949,0.8564028097484734,0.9930383325208925,0.863150746537152,0.8648037591733455,0.874797455192738,0.8733335733413696,0.8092460056263365,0.947701591345306,0.8189401703609773,0.8872794180849624,0.898045661161842,0.8990435600280762,0.8768618979282237,0.9427448001027772,0.8197011712038926,0.8761321333271566,0.8895914102562468,0.882942795753479,0.8605991953620166,0.9444866652338306,0.8030406000302098
249,1,1,0.3854092923530404,0.4043260441194325,0.3977155387401581,0.358960867375484,0.17209588548723054,0.5939481260428967,0.431409836790408,0.4046907793132459,0.3936498463153839,0.3757128823596446,0.36412287618032196,0.6188727997834436,0.40516765944854116,0.41478699048111534,0.46036434173583984,0.4181007262152218,0.07756826038474046,0.6550179784257883,0.26319038634104386,0.20899091822739005,0.16004794836044312,0.3327982131202226,0.017198386857900285,0.5969164651392632,0.38011553468336096,0.4025294787207512,0.3914959728717804,0.38529850584636754,0.18697904904325596,0.5342746669346496,0.3218129052452453,0.25651086650325144,0.21656538546085358,0.3796441922450889,0.040133804343265196,0.7162102776737675,0.2907103523027902,0.30856580428013786,0.19682033360004425,0.3404036120473227,0.016850142085270334,0.5909118695011759
250,0,0,0.03370402517988721,0.06708012972622046,0.04933129623532295,0.04596401786376401,0.00026934488890321956,0.0058753371852254405,0.03537761101939131,0.058528832882808815,0.05907546356320381,0.05272540917835205,0.000403310404915643,0.0061550390676762285,0.032617426172956744,0.05175322592492256,0.05302999168634415,0.05663760832847369,0.0007639048038538671,0.0009024001211894401,0.038211078918459374,0.07251711882932843,0.054894451051950455,0.06259711604662498,0.0007876129091077888,0.00025909575528521234,0.030545321787732598,0.06655571354667596,0.05508837848901749,0.029660595459084296,0.0007451415250337649,0.0006767799188514823,0.03762340298583234,0.06681058875084006,0.05833398550748825,0.061018023470641614,0.0018983981690418972,5.6019031149869515e-05,0.04353999370515278,0.07240967458244392,0.05385978892445564,0.08994285863883779,0.0014862025191050708,1.4438609214940579e-06
251,2,0,0.07521477716156363,0.10173464065084495,0.0953795537352562,0.10491618538129785,0.004201303218379632,0.06984220282203957,0.07087817905722163,0.09534497145276744,0.0975484773516655,0.09675833663113151,0.0025261130057771405,0.062212996844766486,0.07416073702088241,0.0978208066626909,0.10387017577886581,0.10233874820743451,0.0041608226226706605,0.06261313183275022,0.07727879905063195,0.09438587731558029,0.09241833537817001,0.08952282764605657,0.0028312709310842,0.10723568398226865,0.07439313398223502,0.09999485406428564,0.09636342525482178,0.10139402408860607,0.004315651615726638,0.06989771488773493,0.07141445831713562,0.09212600346290788,0.09021371603012085,0.0931257390723753,0.003811465427770482,0.07779536759250352,0.07373311228888539,0.0903297928140535,0.0973675549030304,0.09282880392660163,0.002829454057138486,0.08530995574360298
252,0,0,0.06901510739539243,0.07284958440663361,0.0713166669011116,0.07207445680703102,0.003908740657415282,0.12492608820477064,0.10105058455928617,0.12039483314407104,0.0593842975795269,0.19305161095304607,0.0021161645739783243,0.13030601654580848,0.11098990846242437,0.1259223255597961,0.09405643492937088,0.24604940471002598,0.004080826501424662,0.08484055061150422,0.08290908365671043,0.09061535769677692,0.059965889900922775,0.12964363222758682,0.006117694727481601,0.12820284373078403,0.16202576250914275,0.2734106703983728,0.08114165812730789,0.19242399484180364,0.027482573615987577,0.23566991556224184,0.09418662517689838,0.07462323141311097,0.11168266087770462,0.2178409663086118,0.00541278422304114,0.06137348306202332,0.24500135370006632,0.29456060014247476,0.15959230065345764,0.25792400182702757,0.4615259704115812,0.051403895465790564
253,3,0,0.15622341429753922,0.18281873064678208,0.25706517696380615,0.15476040885949593,0.04798731551673947,0.13848543950087241,0.14817610371371667,0.16312955534191814,0.18623080849647522,0.22237176054500024,0.036749879376618444,0.1323985148085713,0.2102077511770683,0.22375008592521867,0.2867754399776459,0.2443021493353864,0.14004569601059552,0.1561653846364952,0.14666373741582073,0.20758997844494262,0.2665722370147705,0.14135570013946075,0.027076347606398554,0.09072442387353118,0.1678438071316798,0.17332079958149446,0.28788211941719055,0.18807331354909984,0.04619419525268977,0.14374860785792432,0.148588932936693,0.202985553403732,0.20304013788700104,0.20332185997197302,0.02919736907964186,0.10439974434111698,0.1572182033333725,0.18609311200213857,0.21296530961990356,0.22338249776381755,0.06315427516596817,0.10049582211503459
254,4,0,0.05739507317858968,0.10027209156821464,0.11709349602460861,0.051645377407297334,0.0007452858001623816,0.01721911509266542,0.06215337620221263,0.10029391837959957,0.12463874369859695,0.06767209146436595,0.002076780832256175,0.016085346636244568,0.060441719604896006,0.10301181716925284,0.1391807198524475,0.049386559464743726,0.0013376588040587745,0.009291842733977138,0.059304004229112216,0.0982109010209465,0.10318724811077118,0.05923914467409971,0.002793161045037134,0.03308956629470663,0.046007601233797504,0.09076226047561506,0.1027134582400322,0.0337559071135407,0.0011805769635746526,0.0016258033762249304,0.055800498596801126,0.0989558147491495,0.11649273335933685,0.04493996957555838,0.001784520847055049,0.016829454452905856,0.048304675251083444,0.09578504837429061,0.09856957942247391,0.043122433778275245,0.001696329711637225,0.002349984968740247
255,4,0,0.4456454333724261,0.5196455575176162,0.5677892565727234,0.5313674348524515,0.07498095040897472,0.5344439675103649,0.4268698042817567,0.4877307647512965,0.5157307982444763,0.5338828629045005,0.05492230781827293,0.5420822876902374,0.4393048459713902,0.5294384240449332,0.5651737451553345,0.5787486409247325,0.06325265813299379,0.45991076159895694,0.39017576131762133,0.47213152471918185,0.5486369729042053,0.5419819789629313,0.03344187861060118,0.35468645139118676,0.4931114419978494,0.5473400534334337,0.5632999539375305,0.5330568732815365,0.18558544869290952,0.6362748806438364,0.40662122772765913,0.42754783209438973,0.5290536880493164,0.5223926312779327,0.21154584425827014,0.3425661429583868,0.44467501350380045,0.4516925321408886,0.556355357170105,0.534746244907541,0.14485603787256657,0.5357248954279009
256,4,1,0.6372403729986177,0.7167303194583925,0.5820966958999634,0.6378828073124094,0.5505134948474362,0.6989785474748873,0.6077993152042728,0.6910101544339085,0.5773013234138489,0.6893250233202624,0.37062392784661535,0.710736147006729,0.7345431756401312,0.7858221632534241,0.6263007521629333,0.7305996301809109,0.9334972679056045,0.5964960646977833,0.5518114815676297,0.6529578441106917,0.5697837471961975,0.6132137847694239,0.32296193611816426,0.6001400956436708,0.6367677015849774,0.6997929465380504,0.513542652130127,0.6346294333558304,0.530559967338299,0.8053135085625804,0.583010171138902,0.6782578500886894,0.6758959293365479,0.6636939630090962,0.3261774484838307,0.5710256647763459,0.5964410668209249,0.68452089477786,0.6015605926513672,0.6207880463090993,0.24844228564694457,0.8268935147193535
257,3,1,0.9352428426896818,0.9134216420421254,0.9114235043525696,0.9113266826049395,0.995359884775838,0.9446824996729363,0.9303745120019167,0.9077697613528701,0.9118480086326599,0.9114523017121132,0.9948268956890468,0.9259755926228933,0.9357154125078637,0.9063152181425629,0.9173591136932373,0.903340761700427,0.9947083801137486,0.9568535888893421,0.938516212527535,0.9045392205231283,0.9169889092445374,0.934136574985567,0.9802225001058307,0.9566938577786109,0.9405375831794448,0.9070616900215608,0.9378395676612854,0.9181532793107668,0.9926974497814939,0.9469359291221168,0.9132474884353284,0.8878135036505809,0.8785088062286377,0.8841129424106833,0.9689529651550557,0.946849224731685,0.9130681502726901,0.883878894632287,0.8686059713363647,0.867128252149815,0.9848048114354793,0.9609228218095044
258,1,1,0.9771523928172179,0.9515732731932872,0.9689562320709229,0.9770455431579123,0.9985661620196947,0.9896207536442718,0.976189116743409,0.9412357845048219,0.9648900032043457,0.9838802267448742,0.9982932943052508,0.9926462749577523,0.9731508730711186,0.9484349921977032,0.9623161554336548,0.9791526572527739,0.9987696921683064,0.9770808683031545,0.9800562304166615,0.9586482370553276,0.9740102887153625,0.9752017085336839,0.9969603008485605,0.9954606169303734,0.9727375205627536,0.9507724510975657,0.9655999541282654,0.9740387267384345,0.998930624801198,0.974345846048305,0.9787877989137785,0.9530628618394787,0.9712674617767334,0.9779860635122993,0.9993985402310834,0.9922240672092981,0.9770351897885513,0.9556850372506018,0.9677115082740784,0.9771481488250818,0.9984805369603742,0.9861507176326206
259,4,1,0.9592445428261487,0.9375418759552505,0.9402836561203003,0.9696733959815594,0.9988065242353393,0.9499172618382942,0.9478169282211899,0.9342957645613098,0.9378938674926758,0.9349856531530771,0.9958263970189909,0.9360829588798966,0.9612416809287063,0.9376782833629596,0.9496861100196838,0.9654394220859966,0.996028713995867,0.957375875179025,0.971749897551037,0.9383003626231399,0.9526647925376892,0.9727783457942536,0.998556533375646,0.9964494534244567,0.9626864567294898,0.9273364260645598,0.9494836330413818,0.9672306756150154,0.9988780096530332,0.9705035392734586,0.96226400851568,0.919759838991941,0.9411629438400269,0.9567750869423179,0.9946599624063746,0.9989622103977398,0.9631722324207648,0.9223733175669591,0.952156126499176,0.9467826480880249,0.9952854914588533,0.9992635784908107
260,4,1,0.8741872337291546,0.8541705731316597,0.8433341979980469,0.8689324278196288,0.9427091285930208,0.8617898411034173,0.8282900407220162,0.8261241702076774,0.8164876699447632,0.8418804609589041,0.8418386942737708,0.815119208224965,0.8834511260071485,0.8522999343980305,0.8689782619476318,0.8783820896497896,0.9858824827507439,0.8317128612895466,0.8950319030866793,0.8724692202312307,0.835629403591156,0.9109436388960219,0.9357788959272856,0.9203383567877025,0.83639248831622,0.8477288788722241,0.8402878046035767,0.8796973056474396,0.8676251473477814,0.7466233051100784,0.8838532080745667,0.8642575282634032,0.8674347996711731,0.90384212105633,0.9346903213323251,0.8490412700496022,0.8511612376979635,0.8659905484605314,0.8577942252159119,0.864287895841265,0.8957823691683711,0.7719511498037381
261,3,0,0.08451811277741408,0.10506034494287435,0.1169305145740509,0.10320991078420075,0.0036826537234228023,0.09370713986252154,0.0732656795534696,0.09809206406124156,0.0984303429722786,0.0852566331863098,0.0044158466761854386,0.08013351087133268,0.09418266450730031,0.11268827009871599,0.13598887622356415,0.1281997246731273,0.008198208246494696,0.08583824329459944,0.09023633762321566,0.09902985552539545,0.11102104187011719,0.10641328704406013,0.003705909676397162,0.1310115940001084,0.08271533205692641,0.100579116780537,0.10503705590963364,0.10169132815751078,0.003892760461256324,0.10237639897569425,0.08749731601861548,0.10588280012918012,0.11896751821041107,0.10157497476638754,0.012275741226910384,0.09878554576018826,0.09559512769879522,0.11180761085148802,0.10156290233135223,0.10995849022191359,0.004710466973008986,0.14993616811621321
262,4,1,0.4230943751170838,0.6266991693771855,0.6420570015907288,0.32078969338148494,0.2605595345303074,0.26536647670571273,0.4777698017792645,0.6086001921303186,0.6305968761444092,0.45703971437735086,0.4420088335522635,0.25060339269197995,0.45739674247666795,0.6273798348482303,0.6230898499488831,0.3561100442514358,0.4555359250318856,0.22486805830290457,0.6053272736958347,0.6468917746255788,0.6759117245674133,0.38696874867760395,0.8121126440218293,0.5047514765867485,0.5898765552195172,0.7970426934872573,0.7560291886329651,0.5452926499689479,0.38154286485099953,0.46947537915741644,0.53884449950712,0.6055803628010142,0.6313552856445312,0.372210221524647,0.5989609086975531,0.48611571886785393,0.6827132386541572,0.728328088262897,0.795921802520752,0.5718521610450986,0.635332930224485,0.6821312112175532
263,2,0,0.2897272279127665,0.22415553618677142,0.24107007682323456,0.23646682522548895,0.06292018759104293,0.6840235137372948,0.22411106874052095,0.14439147144540443,0.14968587458133698,0.19891323347740222,0.009244774904598138,0.618319989293863,0.33318188546329897,0.3002038596002329,0.3017253279685974,0.26968879161166237,0.0849282024997727,0.7093632456362295,0.30148051708062173,0.23204793132658427,0.26212257146835327,0.24488000833827475,0.12811298273462726,0.640239091535269,0.23016772093965043,0.19539490665274634,0.2226533591747284,0.1847123144273474,0.03935543232324037,0.5087225921201898,0.23212743164709698,0.13697259765853495,0.1655055582523346,0.24476137836766743,0.05272045471668836,0.5606771692402595,0.1486020319961674,0.17594866305761078,0.15377220511436462,0.20375203347535187,0.011290413491419281,0.19824684484209046
264,1,0,0.08098360817285895,0.08889004863575527,0.09538745880126953,0.11027180414273119,0.008370533871400304,0.10199819541313845,0.11077101356786359,0.11832379284142722,0.16544926166534424,0.12324133949530752,0.01458668333268945,0.13225399050454945,0.10856540267684119,0.11361546562232534,0.11249461024999619,0.1639556596713684,0.01970091134659219,0.13306036649392375,0.07976695054200678,0.08887640643982143,0.09311478585004807,0.10422502620966179,0.007756999080979664,0.10486153512952298,0.08449982780667377,0.08756518885636097,0.08809461444616318,0.14422655935055398,0.009708479464314159,0.09290429691597657,0.12875975032335293,0.13356924143105614,0.19080093502998352,0.13333132411154322,0.021488659005962647,0.16460859203821915,0.1278271287759844,0.142271288658745,0.1695064902305603,0.15341787745552668,0.018099331142028604,0.1558406563930615
265,1,0,0.7240162872108098,0.7134231501915781,0.7134891152381897,0.7191038736606326,0.7114790874380402,0.7625862095256088,0.6806170028613904,0.6744515237805443,0.6847879886627197,0.6466339740203022,0.6444355125774727,0.7527760152659135,0.7656334242287189,0.7467151693599379,0.7485005259513855,0.7146874133453601,0.8374837726004196,0.7807802398864915,0.7530204578316875,0.750170176103222,0.7590211033821106,0.7131625376326528,0.8734504475218466,0.6692980245186054,0.7267237701246039,0.7115709487304192,0.7274614572525024,0.6894470982245517,0.721935357684075,0.783203988731471,0.7238189904320065,0.7571372364720891,0.7206533551216125,0.7132525756109817,0.7564596899145127,0.6715920950408364,0.7237347104392758,0.7460286633243216,0.7370176315307617,0.7039743944479366,0.7312845538779492,0.7003683090154098
266,2,0,0.08093464159775886,0.10305347029653839,0.10212394595146179,0.10312831218579695,0.0004687815015628804,0.09589869805343432,0.07680873136397587,0.09240629661596005,0.09489034861326218,0.11255286922821935,0.0010830362252744533,0.08311110613716333,0.09370749369385545,0.10739419009332707,0.12217716872692108,0.11582235004682184,0.0009753675536719108,0.12216839204853533,0.0772919822443278,0.10694335988625525,0.10880117118358612,0.12142814442410516,0.0009147471884341343,0.04837248853925835,0.08258858878966123,0.10031128874215237,0.10416408628225327,0.11857063851202883,0.0008288354783293965,0.08906809493354229,0.0733800883672568,0.10007381019819235,0.1083088144659996,0.10147336990323506,0.001596245013783509,0.05544820225507347,0.0686168679834669,0.10034884660395867,0.10376548022031784,0.09601075046356962,0.0018132883553377997,0.04114597427415064
267,3,0,0.033262649069859034,0.07955176437637296,0.05221995338797569,0.03268547256704936,0.0002954741960887563,0.001560580821808429,0.03537455961905645,0.08183317269351739,0.05119699612259865,0.04208948067134021,4.501499000231558e-05,0.0017081336178236901,0.028491801417749346,0.0699346591235127,0.04299260675907135,0.029051588935039042,0.0003167044471709846,0.0001634478239526522,0.030130533774228148,0.07625779238692375,0.04593292996287346,0.02641051039442833,0.0004952954037413852,0.0015561407231737998,0.028480005847598567,0.0844875464494183,0.041379667818546295,0.016122879782178506,0.0002813779445132626,0.00012855724333645272,0.03167072006616474,0.08126951641685813,0.0512356199324131,0.02560113667456591,0.00017009186297872148,7.723544400780752e-05,0.029500487972722766,0.08316014345962161,0.04253683239221573,0.021304499959308918,0.0004916365401676597,9.327512299941691e-06
268,1,1,0.06387743090882751,0.10694554713370108,0.09096056967973709,0.08980293557030612,0.0026874917261801227,0.02899061043421318,0.06398391661688944,0.1052888972326081,0.08935002982616425,0.09560700149607249,0.002484781781343789,0.0271888727482586,0.06819614638869424,0.09880884249361632,0.10571464151144028,0.09372446336395127,0.0033760160998646867,0.039356768474598694,0.057450057179285974,0.09526964509029992,0.07846368104219437,0.08939059675081837,0.0018912035272917328,0.022235159485825523,0.0677107582561404,0.10339772084099798,0.09433045238256454,0.1047804440320704,0.0025902108969563845,0.033454963128112705,0.05970793573490786,0.09108489022008008,0.08035744726657867,0.08789412037449025,0.002907114173635626,0.036296106639754626,0.06149348976543677,0.09023006560241467,0.08601437509059906,0.0857318221634035,0.002650371089685038,0.042840814881081594
269,4,1,0.9402274115498453,0.8929101681988959,0.9272330403327942,0.9579118006128473,0.9926736828820936,0.9304083657225962,0.946171153435251,0.93199121890555,0.9243276715278625,0.9509514148680458,0.9954600873940639,0.9281253744807321,0.9379145373090193,0.8920456739984438,0.9252741932868958,0.9474462860791121,0.9962737418948212,0.9285327912858233,0.950493081348126,0.9234080299434717,0.9407958388328552,0.9590170158745374,0.9900334499760947,0.9392110721136719,0.9354087158163946,0.910182060383161,0.9250714182853699,0.9703880351044659,0.9958719346444721,0.8755301306645044,0.948954784730218,0.9193850195681313,0.9389601349830627,0.9556862609297407,0.9892012310898323,0.9415412770803232,0.9422277874437583,0.9284189684687114,0.9217209219932556,0.9614962915447148,0.9714314031023737,0.9280713521097357
270,2,1,0.9586989594079689,0.9315265666461711,0.9519758224487305,0.9687649222193414,0.9980923967028507,0.943135089022751,0.9581578363237171,0.9432372662558338,0.9403281211853027,0.9754210674953562,0.9994011391317608,0.9324015875503315,0.9538781379594857,0.9411702408869054,0.959504246711731,0.9651352932958615,0.99841342908244,0.9051674798204905,0.9729305675937221,0.9487864695653303,0.9605152606964111,0.9813705120571725,0.9993969674037352,0.9745836282459616,0.9594950889221708,0.9372902326696595,0.9601301550865173,0.9754783116161018,0.9993437431159331,0.9252330021226433,0.9608847259918919,0.9483724202080036,0.9542694687843323,0.96499561998966,0.9986566819213601,0.9381294390561037,0.9640217960628391,0.9511422402939272,0.946291446685791,0.9737317570793905,0.9983885845146486,0.9505549517404378
271,1,0,0.23958810665490038,0.14744743305266858,0.14911888539791107,0.2772407574393643,0.04095287755942274,0.5831805798251352,0.2158666211543035,0.123742166941432,0.1430959403514862,0.2142603621929547,0.015566382888036686,0.5826682533976077,0.19273460662523687,0.1445985625520388,0.17250598967075348,0.27763827471293884,0.009426186274473282,0.3595040199159799,0.33312787542274275,0.3664880870268519,0.30543163418769836,0.2793052235162478,0.13986264226504316,0.5745517901178726,0.18105827026019722,0.14913929365592543,0.1446840763092041,0.26321169314539294,0.018341042417486582,0.329915245772977,0.2331397618270489,0.2500468418405125,0.3039814531803131,0.23188399788158537,0.019736787715563472,0.36004972851727024,0.19637489180229384,0.24574957066880607,0.28789010643959045,0.2347644685715539,0.014806407211942482,0.19866390611957624
272,4,1,0.040240853883516815,0.06884522524925439,0.037557244300842285,0.06187456827290539,0.0028888560099724855,0.03003837558460952,0.043890265555365196,0.06691817663394914,0.040748730301856995,0.0708808665940361,0.003911927412935617,0.03699162683404814,0.04429935498231795,0.06580009057655235,0.04993991553783417,0.07870160221857257,0.0025837959472579507,0.024471370631372707,0.04469550091772054,0.0729575077862317,0.04703208804130554,0.06145494698165622,0.0021727798192753165,0.03986018196013392,0.04307457119489471,0.07179549323663484,0.04058566689491272,0.06317078726640794,0.004313160169980735,0.03550774840653734,0.05000899136155583,0.07595084555546686,0.051225293427705765,0.07294403064270202,0.0015658616953223906,0.048358925486582126,0.046364802493945964,0.07447037376807755,0.05144147202372551,0.06658118615319256,0.0026499535058252793,0.03668102701890891
273,2,1,0.9429614665695277,0.9345016929431318,0.9256421327590942,0.9164359632647308,0.9966534476843819,0.9415740961963007,0.9395448287628865,0.9256253340627989,0.9103338122367859,0.9249158543114536,0.9970337781389802,0.9398153650644135,0.9355056571834531,0.9288407728037493,0.9295626878738403,0.8651914137954629,0.9982083314047457,0.9557250800394672,0.9519254668974175,0.9348955078420953,0.9296639561653137,0.9419335603051613,0.9974759341640803,0.9556583760104372,0.9330072058412601,0.9205364316516792,0.9314796924591064,0.9206357614391694,0.9941206156747007,0.8982635279816442,0.9438820357589727,0.926432145833618,0.9109249711036682,0.9174587712541891,0.9908511468009203,0.9737431438024674,0.9317919693219749,0.9327677854548186,0.9130035638809204,0.9098943107976424,0.9883865007647024,0.9149076857117913
274,0,0,0.4032051713836243,0.6079793124059899,0.5675382614135742,0.4755006728759211,0.1943790357811109,0.17062857444152552,0.3742534597908643,0.5811459651591707,0.56651371717453,0.41026278710793196,0.1532604345904681,0.1600843949222205,0.5011304063370389,0.6102979706364711,0.6102803945541382,0.42225973170598347,0.3627512854167995,0.5000626493718022,0.3446413688460883,0.48023280942157587,0.28260743618011475,0.47455527876447423,0.2301498297491372,0.25566149011513956,0.3717388815096005,0.6065179143227467,0.5618239641189575,0.402429260545918,0.08633044338539526,0.20159282517498517,0.39549540482998463,0.43490685472571977,0.2962794601917267,0.4270804614510958,0.24725495420857746,0.5719552935728036,0.36439669211692005,0.4021538275997753,0.31973108649253845,0.35637421753035053,0.22964964185143064,0.514074687110505
275,3,1,0.7038114787117463,0.7126551410754356,0.6938652992248535,0.6623734239403275,0.7083126880759737,0.7418508412421414,0.7165086146332589,0.7180652255601278,0.7138492465019226,0.6803478450889164,0.7117214666358527,0.7585592893794746,0.7009479040856982,0.714861334074025,0.7072572112083435,0.6677496907271528,0.6663251141649992,0.7485461702539703,0.6580144247814379,0.6938161136053872,0.6788009405136108,0.6498873165126323,0.6120021114662817,0.6555656418092778,0.6983048548547997,0.7010894650251502,0.700307309627533,0.6811609510344302,0.6527993293721439,0.7561672192147411,0.6776241328512607,0.7023083722629605,0.7031108736991882,0.653917830179775,0.6486075137506503,0.6801760743637298,0.6627653623445574,0.7056128317481747,0.6887814998626709,0.6388838442349385,0.5818655515552881,0.6986830843217144
276,4,1,0.9362299770140586,0.8862765283852281,0.9049702286720276,0.9612273738155338,0.98481631207776,0.9438594421197436,0.9353692943494757,0.879664672146377,0.8945701718330383,0.9596926391867974,0.9903274558707597,0.9525915327104062,0.9267150086780138,0.898131081230233,0.9114941954612732,0.9588137952889039,0.9926343492883152,0.8725016221213433,0.947011109272494,0.8943807185890087,0.9112274646759033,0.9452110054883178,0.9877529472139559,0.9964834103952843,0.8896697058376631,0.8815782277150892,0.874786376953125,0.9415693802032606,0.9891656012226117,0.7612489430942294,0.9447474424625592,0.8956603119939626,0.9044472575187683,0.9571431444399312,0.9749753551473807,0.9915111432127529,0.9303618385895971,0.879935361777415,0.9056608080863953,0.9449909238910605,0.9584520406613877,0.9627700585317268
277,1,0,0.44546625407089435,0.5196617605369938,0.5241554379463196,0.4681430296346547,0.19556120544025501,0.5198098367962488,0.4849087078919753,0.4939545675084415,0.5104761719703674,0.5463042746835861,0.30121361248327655,0.572594912814205,0.49802568196186964,0.5796650967712805,0.565944254398346,0.5966199279506379,0.21668101262675302,0.5312181180623307,0.4366173921544504,0.5432244583364215,0.5740002989768982,0.562082818424373,0.17724609286808526,0.3265332921664739,0.4586387113992817,0.5080518508540911,0.5280216336250305,0.5524579173674147,0.17414861587565644,0.5305135392742157,0.5612146730871262,0.6072957742826912,0.6434054970741272,0.6349751998821098,0.511344763446052,0.4090521307506507,0.5902926524775938,0.6042372004510571,0.6356579661369324,0.6243098361580258,0.6670615488324626,0.42019671080949145
278,2,0,0.05906920958321199,0.07910262602084772,0.08028563112020493,0.08955968673099374,0.0005279636732258566,0.04587014037078769,0.06367293695863246,0.08686417677482329,0.09653535485267639,0.08356827141935654,0.000934676020772662,0.050462205725533456,0.052885030896917005,0.07505495769298025,0.07375486940145493,0.0655866365893428,0.0006468377099245046,0.04938185309088253,0.0623382503199799,0.08455049014637545,0.093625009059906,0.08006903635177239,0.002297761019188478,0.051148955022657205,0.06212575626573539,0.08059043133244144,0.08719837665557861,0.08996966190020739,0.0009167995764687357,0.05195351186398079,0.05354688483777324,0.08904031206563628,0.07621438801288605,0.060208312870200176,0.0014387576622439317,0.04083265357789977,0.05810245177121639,0.07875230765238217,0.08696111291646957,0.09066644212404908,0.0062979919285128215,0.027834404234668327
279,1,0,0.04436424139469815,0.057180725820553786,0.05038026347756386,0.03530317421380698,0.0013180147688839454,0.0776390286926822,0.04314700971820066,0.058126817967433866,0.04807387292385101,0.032374037919515014,0.0018911025966352856,0.0752692171835681,0.05241491283694742,0.07315197647911176,0.06649954617023468,0.07343885389722306,0.001189261884552194,0.047794925753615436,0.03737293611897969,0.06790071684095146,0.05117490142583847,0.034958316949830946,0.004135111866171454,0.028695633512106095,0.025089282164067923,0.05588343379508965,0.04088960215449333,0.018560559413907038,0.0006804918740578419,0.009432323582791747,0.04005720812940981,0.08250841060016344,0.058759503066539764,0.04847234718307675,0.001530711944555664,0.009015067852713454,0.030219631799273866,0.06522889247594826,0.05216604098677635,0.030881441716326223,0.0014226413508446846,0.001399142466473808
280,2,1,0.4851887959173508,0.57864764982146,0.4298456013202667,0.5230430698783327,0.32947686483596167,0.5649307937307332,0.446844314808118,0.5735861994129485,0.42631399631500244,0.480175113970844,0.24588412942553248,0.5082621349162626,0.4247456251886751,0.5191368263521272,0.3614113926887512,0.3881085429737334,0.30097497358901903,0.5540963903397444,0.3887410267031996,0.5409936986815771,0.38543999195098877,0.42993381055028657,0.24178603911412594,0.34555159321901957,0.49237146831721795,0.5928611135250038,0.42728614807128906,0.5133434544114218,0.26019450812615535,0.6681721174522199,0.33286309095326666,0.5024555787101019,0.37303274869918823,0.37751538002682683,0.16101224424853267,0.2502995030816836,0.35541402014641343,0.5130637627849847,0.3478673994541168,0.4379908675022826,0.3249752225438278,0.15317284844685536
281,3,0,0.04815099497890702,0.08751469394403413,0.07265167683362961,0.05759822148507934,0.0036826537234228023,0.019307728908369206,0.050634246684544804,0.09714131133055866,0.09281439334154129,0.04083431776809715,0.0044158466761854386,0.01796536430634149,0.05031651930488148,0.09921775520683403,0.07781311869621277,0.052012289953558805,0.003244177715606918,0.019295254952194876,0.045990420520421085,0.09128596767782972,0.07602603733539581,0.05109110859589928,0.0020502679173994946,0.009498721075581166,0.05451942721615823,0.11578648998158625,0.07877681404352188,0.04873072561411992,0.003892760461256324,0.025410345980306753,0.04900064459872373,0.08298916245683678,0.09091458469629288,0.05745566869828791,0.0032739716761217355,0.010369835466079344,0.04656943652164463,0.07980579416405273,0.07957696914672852,0.05585707410702363,0.0021500022146253082,0.01545734297579295
282,1,0,0.06401236712491114,0.10131851655656021,0.12511339783668518,0.0735956740250589,0.003426773147506581,0.016607474058744843,0.07111013807148484,0.11503058795732951,0.12410511076450348,0.09593386994777886,0.0019085031641850139,0.018572618523627335,0.050995141961379095,0.08932755624145935,0.09505690634250641,0.058938311667036496,0.0031971635518404577,0.008455772004052783,0.07077120605243897,0.10891746704033754,0.1245526373386383,0.09499851868202595,0.003696864361156011,0.021690542840037,0.04779160112170353,0.10426302444702125,0.09346137195825577,0.03812477848128691,0.0008139617343504565,0.0022948689876032794,0.06135458588526589,0.10693376847984108,0.11563333123922348,0.06866189087857373,0.0018749136709649407,0.013669025157726205,0.05004414018393314,0.10409529522683679,0.09802146255970001,0.04410581779551929,0.002387459062565004,0.0016106662750445548
283,0,0,0.07614551501357941,0.09828828881368203,0.08216980844736099,0.09660020403891922,0.0035189373450648168,0.10015033642287001,0.07991327360811043,0.10016287445068153,0.0835113674402237,0.10582275180327587,0.003966743903949671,0.10610263044242137,0.07511195687599982,0.09696636393284282,0.08309335261583328,0.10361572493436645,0.005809530296285715,0.08607481260067086,0.08975989970435198,0.09705510802672987,0.09145032614469528,0.12219258424711274,0.0037708399502543464,0.1343306401529677,0.07644625037040989,0.09598140429765115,0.07520783692598343,0.10983808758864101,0.0037854329503144712,0.09741849008945942,0.09152139120079517,0.09783199171252722,0.08914704620838165,0.13244181513608064,0.00641202601829448,0.13177407692869178,0.09045716975223117,0.09558834227203922,0.09829079359769821,0.11293434564695741,0.006620775691374125,0.13885159155308685
284,0,1,0.06914661965094404,0.09391867121769444,0.0875767394900322,0.09474313887378771,0.0035189373450648168,0.06597561132814106,0.07452937863385697,0.0976604445514498,0.0952715277671814,0.1067406204653088,0.003966743903949671,0.06900755648139523,0.07215325630756936,0.09531849027476091,0.09536439925432205,0.10118182415375614,0.005871138577297472,0.06303042927771017,0.07332185316142843,0.09457276085358371,0.09022050350904465,0.09794427428238371,0.006186906358159648,0.07768482080397042,0.07211064684651003,0.09203956417335497,0.0866701602935791,0.11307685568632019,0.0037854329503144712,0.0649812211289814,0.07663495027193278,0.0958969777905852,0.09793046116828918,0.10105474751406035,0.00641202601829448,0.08188053886843467,0.07809219437610748,0.09372300212182476,0.10467448085546494,0.10603583279616072,0.006620775691374125,0.0794068804157128
285,2,0,0.34091801860264986,0.19026477415800022,0.17531396448612213,0.35439935117755256,0.14634077041703447,0.8382712327745399,0.38938012466391764,0.22271063396322352,0.20892317593097687,0.3338385056946876,0.35090782512707147,0.8305204826036288,0.2563421229182675,0.14494671586782878,0.1377488076686859,0.23246144418210662,0.06482099521624728,0.7017326516564688,0.30039030525431204,0.16019146975919774,0.19592969119548798,0.30172070699222264,0.17934638975612033,0.6647632685685314,0.2570750863997442,0.1882929252785199,0.16037660837173462,0.3097675237077305,0.020633724454402355,0.6063046501863337,0.21118227885987192,0.15360809776478887,0.14549705386161804,0.22430712734512123,0.0030290507361947754,0.5294700645916367,0.18730435694561062,0.16366794082506414,0.1689961850643158,0.24656402342470776,0.0543106933181113,0.302982942095854
286,0,0,0.08483241488744273,0.10320659168757479,0.12176108360290527,0.11214100748446841,0.005629025283004156,0.08142436637926104,0.0798863630276874,0.09800137576443059,0.10948381572961807,0.09972861447791458,0.005724853566709813,0.08649315559976391,0.08411972902066953,0.09536883605630442,0.12203829735517502,0.11054592951326832,0.006195397550051018,0.08645018462854895,0.09321314036479451,0.09561831617556803,0.13010652363300323,0.11709381750834824,0.007947658400301724,0.11529938610675135,0.08588238731633739,0.10636283881330745,0.1118910014629364,0.11293570484204674,0.006227839494823373,0.09199455196857305,0.09567493428736139,0.09502023311977474,0.12944617867469788,0.1105667761164989,0.007895545949949014,0.1354459375758864,0.09594323450241679,0.09512960187068163,0.12966550886631012,0.11313087015243121,0.007794511716453836,0.13399567990620712
287,0,1,0.07977765335004092,0.10093931759235378,0.12988713383674622,0.09930915773790798,0.0035189373450648168,0.06523372023813181,0.08129837576580554,0.1059059882426585,0.12217221409082413,0.10682530454106699,0.003966743903949671,0.06762162805052839,0.07908333571046025,0.10043584799757016,0.12373775243759155,0.10520224706801345,0.005809530296285715,0.060231300752840326,0.09137957005417519,0.10288341208305225,0.1243361234664917,0.11410461455703319,0.0037154083981187323,0.11185829176618003,0.07758879384762452,0.09852609606542223,0.1175956279039383,0.10343552853678603,0.0037854329503144712,0.06460128378166156,0.0897608829203097,0.10353905534807259,0.12420371919870377,0.10512801414516135,0.005769131458255481,0.11016449445135536,0.09002736454694613,0.10310145483477326,0.13128580152988434,0.1026151569961633,0.005143026901799392,0.10799138247211028
288,0,0,0.07160455576550966,0.09391867121769444,0.08898107707500458,0.09305541255363824,0.0035189373450648168,0.07854868063614623,0.07517834055823788,0.09958701195114544,0.08563414961099625,0.10692222380332739,0.003966743903949671,0.0797815735217707,0.07315245689925534,0.09517214654668883,0.09751424938440323,0.09823480414023099,0.005096484093145095,0.06974460033180858,0.07335256413310431,0.09135715555262439,0.08271028846502304,0.09885687139022581,0.0025502504898869956,0.09128825476776138,0.07286474621159963,0.09203956417335497,0.08617378026247025,0.10573663462222078,0.0037854329503144712,0.07658831904963775,0.0755405269587046,0.09773511151701827,0.09407134354114532,0.10324371991005477,0.002806816919582713,0.07984564290572187,0.07475898058468619,0.09551465193250022,0.09304949641227722,0.10468970558872681,0.002509498101399032,0.07803155088852771
289,1,1,0.0935564008018472,0.10762228611205707,0.10895966738462448,0.12956728801113085,0.004508593951569882,0.1171241685498537,0.09005740466241897,0.10406217829706936,0.11898494511842728,0.11582226265113735,0.003043851609677856,0.10837378563578304,0.09043621352635793,0.10751516585016772,0.11038419604301453,0.11983127982106746,0.005155153696515131,0.1092952722210248,0.0729657565006772,0.10457379246288888,0.10239952802658081,0.09409488952437405,0.007391388887882218,0.05636918360166003,0.09445411346885371,0.1137121520693392,0.11804860830307007,0.11857656845197873,0.004866600163417073,0.1170666383564635,0.06736972617304472,0.0931805636118689,0.0960700511932373,0.09351847960475965,0.0033623028784802314,0.05071723357687752,0.07030462517577374,0.0932920396883437,0.10107579827308655,0.09568393991460146,0.0046721061689516535,0.056799241833885336
290,1,1,0.7001621742545037,0.6964113074984956,0.7008434534072876,0.6837140924481792,0.6829235257425441,0.7369184921760117,0.6625162002756825,0.6564920293633963,0.6624108552932739,0.6537518238207266,0.6270811865010026,0.7128451064000131,0.7514228880547482,0.7421154488778536,0.7172626852989197,0.68382893192139,0.8207726210261193,0.7931347531494586,0.7285999341694922,0.7311020859326286,0.7404704689979553,0.6969890232285614,0.8482490074622484,0.626189085226067,0.7075130347629782,0.695668238800218,0.7215859293937683,0.6360622747301635,0.721935357684075,0.7623133732066661,0.7101220756009915,0.7477503771359899,0.7071510553359985,0.7146831752574987,0.715035225877047,0.6659905443984232,0.7284062398358835,0.7411113389029363,0.7170069813728333,0.7089185890577575,0.7312845538779492,0.7437097359679407
291,0,1,0.9465810615555638,0.9287998956554504,0.9367393851280212,0.9556374104399089,0.9996278617669064,0.9121007547875317,0.9419918647975093,0.9345339595745709,0.9340052008628845,0.9274273740059791,0.9995693845789,0.9144234049652125,0.9333081511863208,0.922650947023734,0.9364851713180542,0.9433535886197416,0.9984090481273872,0.8656420008426872,0.9645572718373462,0.9445596503424372,0.9501359462738037,0.9553058851665294,0.9995790815448438,0.9732057958591166,0.94812093144775,0.9310168926522503,0.9375669360160828,0.9478975062683375,0.9995101694728079,0.9246131528292714,0.9660792900719046,0.9418728090772893,0.9619560837745667,0.953275993539556,0.9993790723010855,0.9739124916670261,0.9602430852681565,0.9389841944642795,0.956638514995575,0.9324146054115442,0.9994469820979254,0.9737311293714587
292,4,1,0.9739050247806749,0.9435726430790441,0.9566504955291748,0.9778224575469961,0.9994912126879962,0.9919883150601629,0.9752258770069971,0.9538015067752461,0.9509125351905823,0.9803058704585184,0.9994727322242163,0.9916367403864232,0.9715044093763214,0.9423503492263577,0.9546362161636353,0.96646737173973,0.9997279872003647,0.9943401225515199,0.9714719774258092,0.9438169085708094,0.9515212178230286,0.9709912609306228,0.9969052858688525,0.9941252139357322,0.972989231066556,0.9437850453424057,0.9549552798271179,0.975203139118218,0.999041725162276,0.9919609658827626,0.972875537223933,0.9531445641667681,0.9448213577270508,0.9745351471622306,0.9982477521522145,0.993628864911401,0.973777577956262,0.9499956651973274,0.9503353238105774,0.9775459663058251,0.9965356563467846,0.9944752781207954
293,2,0,0.21692215629643022,0.4052146268952605,0.22233964502811432,0.22485464487252882,0.019647876492410215,0.21255398819383725,0.14531235211492516,0.18985752318435364,0.11337224394083023,0.22906678890257118,0.0020124478356942986,0.1922527567111764,0.21443978906365485,0.3546777713721919,0.23083336651325226,0.22736924159178948,0.034014291777343705,0.22530427406369694,0.19190329416581325,0.4333644692173573,0.23318307101726532,0.2261140398852759,0.01020020432895873,0.056654686380209145,0.181495223719572,0.39173934422947726,0.19505535066127777,0.2215322359795479,0.01701364531705911,0.08213554241049786,0.1438841180038294,0.31446988654719094,0.16480277478694916,0.17803787656524872,0.0025571941495061094,0.059552857970252,0.1419238131894243,0.31574830098138623,0.1525280922651291,0.2190334659952287,0.006853476936088902,0.01545572976928845
294,0,0,0.40747543981465445,0.3923713627068291,0.42444294691085815,0.5281799363162292,0.06382773795884956,0.6285552151805062,0.40777308032328563,0.3966321839655643,0.4170167148113251,0.5106846888706886,0.0971901226765799,0.6173416912922702,0.4426354680297936,0.44237006525607314,0.4220416247844696,0.5842347874971188,0.12120182702981117,0.6433290355814955,0.37728025890594197,0.38090538219004544,0.4288208484649658,0.4640056767131044,0.0473945725482937,0.5652748146133006,0.4120151078194838,0.41228524250984727,0.41491809487342834,0.5093091150070577,0.10022933333103698,0.6233337533760489,0.40517288989186656,0.45284458274442946,0.4085289239883423,0.588484713219227,0.07785565826875532,0.4981505712385788,0.3941850786802952,0.44931223284237354,0.44524046778678894,0.5411266746126682,0.060548654434168785,0.4746973637254765
295,2,0,0.07555775162592362,0.09817761608914266,0.09070882201194763,0.10488115042282498,0.004201303218379632,0.07981986638732322,0.06683602566947917,0.09051660376577601,0.08754435181617737,0.08851320928282087,0.0024197501959124716,0.06518621328670914,0.07545556723609746,0.09920326475645048,0.09649252891540527,0.10609829949730913,0.0041608226226706605,0.07132292038865178,0.07393397680090832,0.09570666705716027,0.08841443806886673,0.09663562183402723,0.002386720349182249,0.0865264366953052,0.07433627986623463,0.09772271107601664,0.08776180446147919,0.10264759970378048,0.004315651615726638,0.0792336324741702,0.06623373038959965,0.0924524169117086,0.08774838596582413,0.09326170242128926,0.0025734615144213063,0.05513268513475501,0.06802838327911917,0.09364715284759138,0.0881740152835846,0.09394614820426014,0.0020238837339718345,0.06235071632618783
296,4,0,0.20507414861016643,0.3052496140517985,0.29190579056739807,0.2477749465822908,0.03693065985877009,0.1435097319905746,0.16049574328308497,0.21156460709780212,0.2563478946685791,0.17865897015505397,0.028657869436302347,0.12724937505768735,0.21399424089011415,0.2958155635247894,0.30762603878974915,0.24274449344967552,0.022911038571310202,0.2008740701150464,0.2138235922506496,0.2807461886210291,0.2693122923374176,0.3168615541522159,0.10419176174518434,0.09800616439740092,0.21439384949025803,0.2794175779232228,0.2915478050708771,0.2966707136372129,0.03453392508148079,0.1697992257384964,0.1793492044588723,0.259891887622346,0.24808765947818756,0.2338100071865195,0.046742704464923616,0.10821376354238493,0.17655990129856286,0.2530274636364734,0.2537355124950409,0.1891382063028556,0.07131716311575179,0.11558116094269272
297,2,0,0.09432552764381813,0.1409596867277683,0.11012298613786697,0.11635711605383942,0.004201303218379632,0.09998654608123635,0.07651216466095691,0.09592605194092012,0.08506496995687485,0.10204638985746782,0.0025076328375955906,0.09701577871192611,0.08739384384055651,0.11597307692678145,0.1122777909040451,0.10246242487404132,0.0041608226226706605,0.10209510387524405,0.09771237579513745,0.1476405161456092,0.11077190935611725,0.12958060091442417,0.0017725115631534152,0.09879634099638322,0.08758201325472062,0.12296895576270103,0.10878156870603561,0.10431192035342657,0.004315651615726638,0.09753196983571326,0.0809847907553859,0.10789630654509008,0.09543951600790024,0.10306785542332515,0.001847216935177594,0.0966730588654364,0.08200668999642989,0.10683830779118701,0.09481548517942429,0.10190758049919045,0.0020238837339718345,0.10444819277837586
298,4,0,0.9567336452102893,0.9242167848995134,0.9418792128562927,0.9481376663187789,0.9866273532412093,0.9828072087356522,0.9561601386761762,0.9212370025257772,0.9369313716888428,0.9494495729627584,0.9892985347769752,0.9838842114265274,0.9436049676853153,0.917213841061915,0.942111074924469,0.9067381148542389,0.9958204263014835,0.9561413812844705,0.9639937107173319,0.9322402512797938,0.9474171996116638,0.9577471680279446,0.988534838456243,0.994029096211014,0.9466859224865282,0.9354000551717173,0.9340806007385254,0.9558718255248618,0.972207228157805,0.9358699028397309,0.9523976170990618,0.8866852175649308,0.9457511901855469,0.9509806881715086,0.9902700963671354,0.9883008932061872,0.8908929952252598,0.8823683084721158,0.9300325512886047,0.9375409184555801,0.794208122608649,0.9103150753013489
299,2,1,0.2841660259979554,0.3380365231756309,0.43628406524658203,0.34992476052217975,0.07799755285908999,0.21858722818629442,0.20567821766415562,0.26148567989670185,0.28162455558776855,0.2925191128207803,0.008093462329015286,0.18466827768651217,0.288174436438197,0.34677590226920746,0.40293988585472107,0.35863043013222135,0.06390413746512094,0.2686218264697141,0.2617730142918491,0.3445470908310366,0.41443145275115967,0.33165103953488306,0.062020744707481604,0.15621474363468446,0.29851450964786036,0.339572056081854,0.41821005940437317,0.3122776428707468,0.1657702416166648,0.25674254826566284,0.18711124717428843,0.260044414096984,0.26402419805526733,0.270981219233387,0.004805290686187774,0.13570111379961605,0.1971486194907624,0.2355321210379303,0.26361122727394104,0.3010919172451025,0.04163776822418149,0.14387006367265662
300,3,1,0.9263966769989894,0.8883837658832058,0.8740333914756775,0.9397756447639254,0.9693785196213597,0.9604120632507785,0.933151998052215,0.8807021342222449,0.9015011787414551,0.9430854936102567,0.974672642996978,0.9657985406901413,0.9263824942248204,0.8813774720163436,0.8837289810180664,0.9222667624241747,0.9837426871141075,0.96079656855141,0.9222434778139377,0.8730751078888754,0.8953686952590942,0.9408581578208022,0.9517054317841831,0.9502099963167331,0.9260020287131381,0.8684544641972997,0.8784973621368408,0.9383597332083464,0.9745623212035898,0.9701362628196141,0.9358741356575511,0.8657412647545991,0.9154607653617859,0.9410557558050728,0.9900131797047913,0.9670997126615064,0.931741390900268,0.869383912414585,0.8969204425811768,0.9370755806408265,0.9753801816704831,0.9799468371942687
301,1,1,0.8469553931471424,0.8050103960362506,0.7880356311798096,0.8068136922057335,0.8996622379780638,0.9352550083358542,0.8567821298357725,0.7940738786135285,0.8094136714935303,0.8051083013111945,0.9230585499291633,0.9522562478314455,0.6993460633965715,0.6885333517763319,0.7251139879226685,0.6668935123706959,0.5393660798018426,0.8768233851113182,0.8531797862358946,0.8437627604774935,0.8119631409645081,0.7828174691665227,0.9151781713961287,0.9121773891748202,0.761542433781704,0.7412410811692375,0.7269611358642578,0.7854562663561133,0.778277475455972,0.7757762100629397,0.8043072951683727,0.7341288042095752,0.7957722544670105,0.6448383334362869,0.9329131193836185,0.9138839643453729,0.778715841392699,0.7510923495884244,0.7613106369972229,0.6391120328080999,0.9285812219704158,0.8134829655993325
302,3,1,0.06591236275066645,0.0988024672940031,0.09457381069660187,0.10427421971960514,0.003268486971644002,0.028642829071478144,0.05586813987254528,0.09378364026495312,0.0824463814496994,0.07946344473084524,0.0010954022715109304,0.022551830645717738,0.06305017726992991,0.0861304880214286,0.09263550490140915,0.12361906076963039,0.00097576195017967,0.011890070707001685,0.06070533155749056,0.08486715844443177,0.07928716391324997,0.09988265017096987,0.004298080064192667,0.0351916051946085,0.06845886268798015,0.09552758241259209,0.09446689486503601,0.10701697590328116,0.0023061952289039765,0.0429766650300875,0.05628102553762817,0.08723203848608473,0.0746556892991066,0.10715151070706544,0.0004914605999567025,0.011874428595927414,0.053654488480196535,0.08712768901458796,0.07030679285526276,0.09730951128858183,0.0013555538345393105,0.01217289540801082
303,4,0,0.0409271625609768,0.06884522524925439,0.037918008863925934,0.05981355017683059,0.0021765929703891295,0.03588243554448399,0.045561542449892786,0.06957687947781777,0.0428926907479763,0.06662158159761848,0.0021355147209723203,0.04658104570507906,0.03288076347004732,0.06393813850452887,0.036492157727479935,0.05447344715007487,0.0009941032058932294,0.008505970762259684,0.04878520232474911,0.07332619140282429,0.04686971381306648,0.06561130489410691,0.0021727798192753165,0.05594602169447254,0.04411778248922206,0.07179549323663484,0.04123813286423683,0.0632019532995811,0.0022945849573819716,0.04205874808827558,0.03989959238596056,0.07951019001953227,0.040610767900943756,0.05762820472495292,0.0006972423487927536,0.02105155693558108,0.041123581702964554,0.0828885770155994,0.039228979498147964,0.06136271695228808,0.001329255486486738,0.02080837956230057
304,4,1,0.9603498193648136,0.9403198810655026,0.9302977323532104,0.9647277943321341,0.9971598542780482,0.9692438347951727,0.9457842075330086,0.9292484732897962,0.9037508368492126,0.9324965553235236,0.9959159589193997,0.9675092132831113,0.9459588780265878,0.9402352153836626,0.9248186945915222,0.9243298351884663,0.9943332628137688,0.9460773821555196,0.9607757141814373,0.9385411767300982,0.9373254179954529,0.9455330698099316,0.9882551805520826,0.9942237258196215,0.9525268183388471,0.9417924195931104,0.9273195862770081,0.9280239813191925,0.9934556965686943,0.9720424079362305,0.9461978415792517,0.9333905833689918,0.8882343769073486,0.9231035741450878,0.9947594785598547,0.9915011949149755,0.942332377033847,0.9335001951444436,0.8996357917785645,0.89024072950072,0.9961827174082423,0.9921024513372644
305,0,0,0.06941612620255515,0.09619220301727224,0.09593210369348526,0.09846712149592929,0.0035189373450648168,0.0529702654610241,0.07848115781561257,0.10560567132565896,0.12692230939865112,0.10871522197582838,0.004027718092287226,0.047134868285637156,0.12632024009162718,0.17034404376927598,0.18161697685718536,0.16488920560188705,0.013044664223701726,0.1017063100060857,0.07652479948282534,0.0982281328952787,0.10066667199134827,0.10513327972122295,0.0027974600787068374,0.07579845272756992,0.07204702356358772,0.09422770457254472,0.09665825217962265,0.11289944746694262,0.0037854329503144712,0.05266428064851411,0.11791550587544294,0.14907208843468683,0.18165718019008636,0.14708107513470783,0.012763260840298852,0.09900392477743489,0.11132752926758949,0.13791900174052488,0.15587085485458374,0.10870193807282946,0.00878497761555287,0.14536087405445658
306,1,1,0.2964073093025773,0.1607142386168774,0.24983000755310059,0.2840658091613327,0.03239121989348825,0.7550352712880876,0.2716965571391342,0.19438235615155816,0.26251015067100525,0.2177290108063211,0.06314171529519165,0.620719552771595,0.26380779873837296,0.1969657178317605,0.2885247468948364,0.2281701991861334,0.027075439170124185,0.5783028906090101,0.3459791331219463,0.15049374931158602,0.2474926859140396,0.201257392772976,0.17839831208044607,0.9522535255306835,0.10154417452797686,0.10725501500298222,0.11572021245956421,0.11580729260009558,0.06276827356622147,0.10617007901102081,0.28219599207354934,0.1836471479577056,0.24327751994132996,0.22851656741046794,0.05802878613003067,0.6975099389282124,0.13214307918706347,0.1153469933073289,0.13647858798503876,0.17396536959404646,0.07126454161126568,0.16365990343763753
307,0,1,0.976754220625136,0.9562269467286096,0.9661798477172852,0.9741314828045669,0.9999305052293496,0.9873023206458689,0.9734197204914725,0.9569319314968102,0.9625694751739502,0.9628841397944163,0.9998091762679103,0.9849038797242753,0.9792219037998328,0.9579653846613275,0.9714968204498291,0.9751183449329445,0.9993674021993303,0.9921615667557324,0.9795899159936724,0.9600077912677644,0.9620656371116638,0.9804510124099702,0.9995790815448438,0.9958460576341197,0.9768550334602271,0.9526629611624443,0.9717106223106384,0.9778042572511725,0.9998306909769342,0.9822666355999452,0.9785203209501863,0.956518270033186,0.966509222984314,0.9715998970130332,0.9995408514912577,0.9984333632291401,0.977640921945869,0.9548063529662736,0.9670845866203308,0.9685865809626729,0.999614966584134,0.9981121225959341
308,4,1,0.9672581956432247,0.9499005873418176,0.9514394998550415,0.9710133861406041,0.9994912126879962,0.9644462921906647,0.9695493820783503,0.9476797344458892,0.9527816772460938,0.9614331466633615,0.9988296587696827,0.9870226932667239,0.9680111233926076,0.9549012495465518,0.9593567848205566,0.9666403776717845,0.9997273013828717,0.9594299035412743,0.9776402835154151,0.9597169749853575,0.9689767360687256,0.9737279083493079,0.9969052858688525,0.9888745123048316,0.9703857734159304,0.9447299682532094,0.9592774510383606,0.976885256886813,0.999041725162276,0.9719944657389928,0.9797210852710876,0.9601604965119307,0.965115487575531,0.9785456405748625,0.9982379734150231,0.9965458282780907,0.9776166972822345,0.9552480830099949,0.9611503481864929,0.9780004783103681,0.9965356563467846,0.9971489205575318
309,1,0,0.11719715926973202,0.14600517282862438,0.1594664305448532,0.1599221985414632,0.004124446037555405,0.116467548396164,0.09706817908903884,0.12380828331947194,0.11993202567100525,0.13309038450504054,0.004272817086134915,0.10423738486354149,0.10097462896601035,0.13345731932735452,0.12427518516778946,0.17088746389484358,0.005001000234932264,0.07125217620513197,0.08547814902381015,0.12720293393409426,0.1247965469956398,0.11636163571299242,0.004550394956633455,0.05447923351969083,0.11924561470797088,0.13631950615712257,0.15004169940948486,0.141950308540398,0.00349854569841801,0.164418013734431,0.0801909246128964,0.13037769879949776,0.11635123938322067,0.1226148645019204,0.002087839982471732,0.029522980397371393,0.08318114689181763,0.12297140316525351,0.10909602046012878,0.1386085608746897,0.0007658185798333879,0.04446393137918279
310,1,1,0.9730222103350211,0.9562924503157578,0.9648146629333496,0.9730943421182694,0.9985930736670426,0.972316522640686,0.9701007990089302,0.9467578866082424,0.9554908871650696,0.97376804214776,0.9996991251890517,0.9747880539345273,0.9707205849332878,0.9500835952377786,0.949340283870697,0.974154271965766,0.9986579330686411,0.9813668405235562,0.9778708872863782,0.9572279017342025,0.9649144411087036,0.9781579270563773,0.9968756634711128,0.9921785030614942,0.9704687009840169,0.9519617404058687,0.9531269073486328,0.970510489211508,0.9991616808649045,0.9775826870891705,0.9776972470066048,0.9541377865693628,0.9653671383857727,0.9733291240478121,0.9997773072029916,0.9958748788270847,0.9749837749840223,0.9578006502340646,0.9539809226989746,0.9693588390396918,0.9996284299404433,0.9941500330069374
311,1,1,0.9677224480657873,0.9418696164795493,0.9552302956581116,0.976230626145457,0.9985930736670426,0.9666886283787762,0.9671287447448245,0.9438098398123107,0.9542251825332642,0.9725335735549924,0.9991684743054613,0.9659066535180943,0.9639358753711343,0.9473753155131636,0.9549704194068909,0.9770719879321357,0.9986579330686411,0.9416037209348403,0.9724187730197335,0.9520771444409799,0.9600622057914734,0.9732768317988967,0.9962727606481184,0.9804049224191985,0.9687556901962369,0.9420547065771758,0.9535626769065857,0.9685198569841915,0.9992072136637865,0.9804339968494449,0.9707419887178054,0.9589249921226988,0.9580212831497192,0.9780692024518898,0.9996924557169241,0.9590020101477946,0.970963530558269,0.9584646680380969,0.952093780040741,0.9677326063719032,0.9995293933318384,0.9769972050087654
312,4,1,0.9284108308506086,0.9040881845702767,0.9226586818695068,0.9341275071762472,0.9934525299833576,0.8877272506536547,0.9276507448234479,0.9219390326240764,0.899958610534668,0.9574937711169204,0.9788687696375221,0.8799935402040525,0.9308976972285228,0.9140960354840364,0.9070521593093872,0.9107604892714641,0.9876223166111098,0.9349574854666166,0.9369345839154658,0.9101759655843635,0.9429333806037903,0.9469620880706365,0.9855280574612151,0.8990734278573235,0.9453999101889536,0.8752024285140024,0.9307242035865784,0.9513846410263127,0.992913816213773,0.9767744616041022,0.931217755710513,0.9211964535692138,0.9119701385498047,0.9262513991628092,0.9696239255320165,0.9270468617387214,0.9295745994266242,0.8939003247500854,0.9271792769432068,0.9068690852924962,0.9817383408174758,0.9381859693298569
313,2,0,0.915475684699864,0.9093387135615218,0.9106338620185852,0.8891679575844896,0.9985838924301064,0.8696539979046166,0.8978879107131397,0.8951347371079252,0.9047415256500244,0.8437874168845277,0.9976764226738914,0.8480994512493287,0.9086213164365657,0.895474280761442,0.9058268666267395,0.8536260615756759,0.9987123637024934,0.8894670095164782,0.9242266378431259,0.9001554559086636,0.9156049489974976,0.8864492539421647,0.9972745214391122,0.9216490089281913,0.9172551061704848,0.9075679884768115,0.9132328629493713,0.8637735101469818,0.9960757477983999,0.9056254214808588,0.9139886235960717,0.8891840576681489,0.8852543234825134,0.8741382754057938,0.9927785103361287,0.9285879510877728,0.902704488823123,0.8958455026796031,0.8935909867286682,0.8683672892618876,0.985208777865488,0.8705098875799682
314,0,0,0.07565569918765962,0.09716181178276447,0.11454549431800842,0.09781569013115125,0.0035189373450648168,0.06523656236130916,0.08082922107403745,0.09999470829656741,0.12533172965049744,0.10754550919903413,0.003966743903949671,0.06730741432013854,0.07729683693440109,0.09683598646101525,0.12081427872180939,0.10396517730472583,0.005096484093145095,0.05977225809130986,0.07976503744774871,0.0983053674372657,0.10385635495185852,0.10241397112540176,0.0037154083981187323,0.09053408532609887,0.07588082328663111,0.09519637237623167,0.10776045173406601,0.10855715487057031,0.0037854329503144712,0.06410470450197306,0.08435388566866918,0.10049174416524517,0.11594882607460022,0.10497778041624527,0.005769131458255481,0.0945819462289998,0.08656656520618017,0.10013718087456994,0.12270509451627731,0.11118043502918665,0.005143026901799392,0.09366708870906755
315,0,0,0.09883684345188393,0.14008652139582597,0.17133460938930511,0.13149569665008867,0.002413305440234983,0.04885408438396491,0.10100431212666613,0.125376733453893,0.18999220430850983,0.140836571657493,0.002824560715921934,0.04599149049751304,0.08071170059783261,0.11315380508995826,0.12256983667612076,0.14265687973877345,0.001685659921248281,0.02349232156306231,0.07137777531364786,0.10540170979170603,0.09591242671012878,0.11485255212977266,0.0005098465572686374,0.040212341379363206,0.09510814802890281,0.12593067175864,0.16152958571910858,0.12368358821513885,0.0018754833072401856,0.06252141114438643,0.0719626293655018,0.1048410942877283,0.10981462150812149,0.1329292876450605,0.0009226746358737912,0.011305468750724848,0.0702155098736503,0.09297423881893864,0.10330252349376678,0.1263970140401566,0.0005037911612649111,0.027899981854124647
316,1,1,0.509059121180261,0.5274098890147307,0.5297690629959106,0.5948966527147561,0.2171822857957626,0.6760377153801448,0.5242345934272409,0.5662636010147734,0.5506525635719299,0.6274992531051393,0.17645897480904185,0.7002985746353202,0.4321199019912232,0.49596626988624076,0.49187859892845154,0.5364126639894929,0.04391685597561951,0.5924251211763111,0.43331289990398336,0.44554435039834267,0.4698166251182556,0.5288019647707353,0.08773534285586361,0.6346662163767194,0.5073807358075986,0.529873460497157,0.5328054428100586,0.5742300891586026,0.23317354761957323,0.6668211389526011,0.4009750843158102,0.39280350599168407,0.46979957818984985,0.5219702317878279,0.03816733231077657,0.5821347732989124,0.424959380146175,0.38534604804453326,0.4868820607662201,0.5083684187840342,0.1033824330637803,0.6408179400723074
317,1,1,0.876114607312994,0.8851289328550311,0.8569878935813904,0.8207032844214324,0.9606722414094092,0.8570806842977065,0.870531715568665,0.8864129187651089,0.8503143787384033,0.8353303429854956,0.9439266994875976,0.8366742378667196,0.8466934830896818,0.8482632826828141,0.8301128149032593,0.8120805485323414,0.9082797865492858,0.8347309827807086,0.8872573268067272,0.8770378060421626,0.8436430096626282,0.8363699305623437,0.9920522263202579,0.8871836614462436,0.8830215240804472,0.8844280262966226,0.8739622831344604,0.8227068860744466,0.9639607841359665,0.8700496407607401,0.8556100791185308,0.8714755990766512,0.8399435877799988,0.8111442649742263,0.9498317814278038,0.8056551623339742,0.8250719621764888,0.8614577730230549,0.8397479057312012,0.8059184077797474,0.8270384513502157,0.7911972729982245
318,2,0,0.10728250702691337,0.12909609449968978,0.1469448208808899,0.1745144139910714,0.002110758433485727,0.08374644732943001,0.08951790032704679,0.09171514857784527,0.13674204051494598,0.13866280872344783,0.00600194319024553,0.07446756062874929,0.10682515553363474,0.1283340774190866,0.16094638407230377,0.17109860793242615,0.005739358540382099,0.06800734970397514,0.07453196123611158,0.1001543389682639,0.12122073769569397,0.1475285079513551,0.0029584897709634557,0.0007977317942814162,0.11178288377924558,0.13211262596942258,0.1488388627767563,0.18222193855798874,0.0021633936982224902,0.09357759789383786,0.06581575960804589,0.09307398344851586,0.12853938341140747,0.1041351747124309,0.001938702032334263,0.0013915544355409867,0.06762553972205179,0.0937845797176675,0.11929010599851608,0.1209293051590145,0.003190166199029357,0.0009335415360315487
319,2,1,0.9632346622697778,0.9397180314485385,0.9480447173118591,0.9686807214174004,0.9979482688506084,0.9617815723204826,0.9598790149431542,0.9417925590811904,0.9345026612281799,0.9712357449572041,0.9993590931123969,0.9525050163367996,0.9469919772031229,0.9303441486690831,0.9452738761901855,0.9308022428264916,0.9984385388969754,0.9301010794328787,0.9731731900691084,0.954895432958012,0.9528798460960388,0.9733930508485535,0.9994481586593644,0.9852494617835728,0.970028847967194,0.9429309820983245,0.9573822021484375,0.9834436949075398,0.9993437431159331,0.9670436175657352,0.9491292003106022,0.9238544095149614,0.9351629614830017,0.9360445319797908,0.9985365791806636,0.9520475193945933,0.9541591680134323,0.9371321522875754,0.933364748954773,0.9513366776899679,0.998714700465613,0.9502475606692323
320,2,1,0.9719364179432258,0.9261963484785106,0.9636021852493286,0.974413075805562,0.9981387258055252,0.9973317543772027,0.9645073288030135,0.8868718403922666,0.9606981873512268,0.9847441790579334,0.9918214309973126,0.9984010062163279,0.9651667984892505,0.9305407043638778,0.9563504457473755,0.9465919909324926,0.999130721169298,0.9932201302332087,0.9630182006464045,0.8818724290510754,0.9565008282661438,0.9791880291326032,0.9996294038264351,0.9979003129557649,0.9783542433146553,0.9469782250027888,0.9701257944107056,0.9787396279952325,0.9985387081329905,0.997388861031559,0.9590456911588913,0.8806335041695394,0.9490507245063782,0.9682190089176255,0.9989939323530718,0.9983312858478413,0.972738767279211,0.9403004543281017,0.9600905776023865,0.9656897730713961,0.9977513184617383,0.9998617129324321
321,2,0,0.0686283345625023,0.09636179101305384,0.09450829774141312,0.10530895842103007,0.003955758043152948,0.04300686759386145,0.060809915244634936,0.08912420924660264,0.08329226821660995,0.09516289519241312,0.0020938163255448195,0.03437638724200415,0.04558093824001286,0.06558295682182887,0.0635349303483963,0.07020872125046762,0.003080046475587536,0.025498036303783965,0.06859570637804224,0.09402586379584746,0.09136524051427841,0.11518677160986662,0.0021844433377821186,0.040216212632436556,0.06743342534576849,0.09565007992947948,0.09490490704774857,0.10369427894584766,0.004315651615726638,0.03860220919004008,0.03934472959822058,0.06586812914619805,0.04936164990067482,0.06701395937330179,0.0003840308712358121,0.014095878699692432,0.04371975874346028,0.06866418893173033,0.05371798202395439,0.07993821989093036,0.0007519665847504416,0.015526436285935887
322,2,0,0.09385123817212895,0.1422691509825172,0.12381033599376678,0.12938366008208668,0.004201303218379632,0.06959174058389442,0.07823816740356664,0.11049743192335029,0.10186778753995895,0.11904708732159258,0.0024197501959124716,0.057358780037018886,0.08807405446356334,0.1310889248813268,0.13741657137870789,0.10502520321644526,0.0041608226226706605,0.06267875021866602,0.10642058822437654,0.16344968633645593,0.1305006891489029,0.10128229032052756,0.01853370252784893,0.11833657278814735,0.08964863311157757,0.15130857521649538,0.11899866163730621,0.10319389476419615,0.004315651615726638,0.07042638232416347,0.08326939661392072,0.10696044545962852,0.11482958495616913,0.09802159214222858,0.004977910568780816,0.0915574499427966,0.08178499500543145,0.10528240777536917,0.11166483163833618,0.09834366423474462,0.002829454057138486,0.0908046173215688
323,0,1,0.8858842886262916,0.9074332760877578,0.9105227589607239,0.8046199698904474,0.9738894737421417,0.8329559644503878,0.897934482682605,0.9018508314561035,0.9154141545295715,0.8444688725516044,0.9736395454299548,0.8542990094457907,0.8978662547145989,0.8850830054960619,0.9226911664009094,0.8281900294260183,0.9803702677979946,0.8729968044520098,0.9412982425590695,0.9283054316086042,0.9136466979980469,0.8973886690930071,0.9902769453147797,0.9768734687809092,0.8895994224679376,0.8930454048168608,0.9167210459709167,0.7996354302071094,0.9872738927487158,0.8513213385960852,0.9435221041075987,0.9180221298382817,0.9317772388458252,0.8847361815692455,0.995537305641993,0.9875376646426486,0.946037584480667,0.93248824901023,0.9342231154441833,0.8806283120895432,0.9945552850013502,0.9882929608580285
324,4,1,0.9384315817417654,0.9128194156503184,0.9194527864456177,0.9374609570804914,0.9973934203869989,0.9250313291454013,0.933348074733883,0.9128231532145616,0.9096893072128296,0.9158496298030578,0.988914299470494,0.9394639839684717,0.9278447978117521,0.9045447116123908,0.9190507531166077,0.9039097312404692,0.995671248899649,0.9160475441896435,0.9454428430915243,0.9193865577618776,0.9237518310546875,0.9237931497793317,0.9887671437100867,0.9715155331516376,0.9420994570316061,0.9125550580234225,0.929745078086853,0.9442143799062664,0.995375565212661,0.9286072039288277,0.9436921388687207,0.9202055964530527,0.9198305606842041,0.9071000509897981,0.9890296943737167,0.9822947918428321,0.9509188524723701,0.9159058219468919,0.9293850660324097,0.9359235453499285,0.9901763334168033,0.9832034956158164
325,0,0,0.06236749176963584,0.15836829369990557,0.12489963322877884,0.02587295750055879,0.00032989580318827145,0.002366678615747748,0.0618383058456541,0.15525074878029474,0.11931980401277542,0.03238810243299839,0.0002876065840518051,0.0019452674181500767,0.03550558990121401,0.07008444721974816,0.07999105006456375,0.02669051464418239,0.0004299890126240904,0.00033194856495163304,0.03534933356666341,0.07876675879738844,0.06126941367983818,0.034937177904341296,0.00040295483433050493,0.001370362617418622,0.06331981100824005,0.17966194672572897,0.10999936610460281,0.025220019865026113,0.001603727203877652,0.00011399514196473873,0.032361175725943006,0.07306934667732891,0.06027784198522568,0.027849533494447368,0.0004445723635301987,0.00016458410918290516,0.027856485763750428,0.07315965035980618,0.0406784825026989,0.02511506280571317,0.0003278500523229513,1.3830982109543927e-06
326,4,1,0.9658598523837819,0.9341404268278566,0.951650857925415,0.9757230137482604,0.9988614686166478,0.9689234948007291,0.9640732663016287,0.9447083092347126,0.941677451133728,0.9664620757021501,0.9989819217496039,0.9685365736879492,0.962073559551526,0.9437390806979944,0.9515827298164368,0.9688764361252888,0.9982641999321242,0.9479053511857858,0.9732963216786024,0.9485607823052934,0.9487087726593018,0.9779690537837141,0.998556533375646,0.9926864662690562,0.964607074663469,0.9362137494347528,0.9535496234893799,0.9802979781480768,0.9989770038257154,0.9539970184194198,0.9684630013315276,0.942025934063837,0.9445488452911377,0.9683435275780147,0.998326258638774,0.989070441085875,0.9696888374118002,0.9487469102402266,0.953533411026001,0.964436030870545,0.9977406304924263,0.9839872044298016
327,1,0,0.04135308444738906,0.06828698966130635,0.04862603172659874,0.06397269464508733,0.004224391307149522,0.02165531489680336,0.04064646997431638,0.06656488980828405,0.050320275127887726,0.060308256445629885,0.0019303156566773927,0.02410861283310285,0.040790828629326946,0.06488304368467386,0.0526222325861454,0.06480399207758995,0.0016110718764106315,0.02003380292181489,0.04179315637754626,0.06713647477195239,0.04941224306821823,0.0702421708078269,0.0034118152645833725,0.018763077975150415,0.04399628626914785,0.06951729656002462,0.05067048966884613,0.07044570697159633,0.004857087057862802,0.0244908510874094,0.04504071891215153,0.06763269914204982,0.05639698728919029,0.0740250856726503,0.0036356109018802363,0.023513211554986983,0.04440629417101825,0.07066365637059221,0.05015222355723381,0.07494745165240381,0.0023478661440374843,0.02392027313082389
328,3,1,0.8941751868233567,0.8335711660107654,0.8477050065994263,0.8748231047588864,0.9369445238611157,0.9778321328865893,0.867731890054072,0.8123056543525639,0.7978969812393188,0.8491865092531565,0.9231258559263941,0.9561444494989271,0.9073110381596923,0.8656498529028632,0.8517043590545654,0.8869385370308566,0.9473944336515675,0.9848680081586083,0.8941260279548626,0.8417511288070181,0.8496130108833313,0.8923996393727968,0.9057827865826849,0.9810835741284814,0.887648267769913,0.8283474653658962,0.8290215730667114,0.8790596165204967,0.9258845017891699,0.9759281821072907,0.8892297017730337,0.8506085565943522,0.8370581865310669,0.8641156458989062,0.9273670677609401,0.966999052079903,0.8841570371846069,0.8303989269266362,0.826994001865387,0.8899755114291514,0.9014345203198919,0.971982225381968
329,4,1,0.8347173561730715,0.7772094239198646,0.7945138216018677,0.8226184644545691,0.9564740209126822,0.8227710499763737,0.8055614982892347,0.7250111195682054,0.7786333560943604,0.7876788994031931,0.8941045393827716,0.8423795769976425,0.7577208081637592,0.7021914127286822,0.6876298785209656,0.6999309243307273,0.9161840166429845,0.7826678085954362,0.7529397812351284,0.7385311787946022,0.7348636388778687,0.797494873624751,0.8068507714876646,0.6869584433907552,0.841406708140876,0.7806950556464443,0.7960898876190186,0.8848150217450902,0.9124611970494823,0.8329723786443451,0.7149237649682939,0.6913042502612957,0.6631923913955688,0.6534313339633973,0.8177932835600988,0.7488975656611087,0.7615503110303912,0.691548862522431,0.6922633051872253,0.7541208153014058,0.8707621105717107,0.7990564615691832
330,2,1,0.9827120408138619,0.9614983698031321,0.9772999286651611,0.9837603907952864,0.9993855012467336,0.9916160135589958,0.9844306841684107,0.964293900313597,0.9774123430252075,0.9887798901006056,0.9996063402970167,0.992060947105626,0.9831903807441165,0.9627336726281889,0.9770113825798035,0.9816095424634464,0.9993997211863083,0.995197584862836,0.9854823714425743,0.9637519386256964,0.97967529296875,0.9864855632995364,0.999796945711317,0.9977021166075716,0.9811235228609545,0.9589416160150575,0.97648686170578,0.9845242503034733,0.999665174430726,0.9859997118497356,0.9842738631308903,0.9658320780892159,0.9754284024238586,0.9831117870130498,0.9990110979092308,0.9979859502190963,0.9839790523095173,0.96409476935036,0.9785922169685364,0.982599452686202,0.9982944860524879,0.99631433649
331,3,1,0.642606726200935,0.7080877967662876,0.7019286751747131,0.6923464004509091,0.6602553358177187,0.4504154227950466,0.5538135578561868,0.6822024009966836,0.6671201586723328,0.6367045484516655,0.41292214311213576,0.37011853804811645,0.6014368172467665,0.6657411358106816,0.6869177222251892,0.6960883503561714,0.668955755040397,0.28948112280139354,0.6048063518498735,0.6864322057382527,0.7008101940155029,0.6450829343372918,0.6981977709644379,0.29350865419388245,0.6342196169456733,0.7193659915649112,0.7323970198631287,0.7155820890092196,0.4539922489721623,0.5497607353189449,0.43627707932131254,0.6455034144739455,0.6311479210853577,0.6052675786052952,0.192965096919077,0.10650138552288743,0.4438441647103433,0.6494903166769423,0.6376075148582458,0.6271443912175366,0.194050582933852,0.11092801786513967
332,0,0,0.23230504535481938,0.308612677717179,0.3234485685825348,0.2889286761101661,0.031821234568704365,0.20871406979551269,0.24254707338672046,0.3149931511260396,0.3384599983692169,0.32295830946067366,0.03871473811784677,0.1976091698598254,0.260032408905169,0.3069711412121558,0.35893818736076355,0.29675476790378147,0.05208084408130777,0.2854171039678361,0.22025585616831456,0.2855781420369044,0.3332136273384094,0.29431864103570154,0.02995813782290086,0.1582107326076566,0.22938743356000132,0.3225756224042848,0.3344764709472656,0.2719420973171117,0.01468749471992553,0.20325548241141891,0.2359093332087996,0.29851478163695694,0.30745211243629456,0.2826378068886462,0.1054514502968992,0.18549051478520112,0.2389782610017943,0.29553798958654204,0.2987055480480194,0.28406878479364095,0.11358734298814098,0.20299163959262825
333,2,0,0.373422249916637,0.43568805746737166,0.4521290957927704,0.4031329611303741,0.24420975050947608,0.33195138468319274,0.3270533903129574,0.5025556897211682,0.3853569030761719,0.43256942397406106,0.02345919723630557,0.29132573755708013,0.38360801347923584,0.4516594769428955,0.42367348074913025,0.4462933414467657,0.3017046689891091,0.29470909926827904,0.41935250832464266,0.44327885254607613,0.5201902389526367,0.4550922534466823,0.3374893926870058,0.3407118039908126,0.30618632369934884,0.4093862495209588,0.3660193085670471,0.38468474101499456,0.19622483126751195,0.1746164881262317,0.3540578757487388,0.4795834610975612,0.4866289496421814,0.4920348349784033,0.10000203654704827,0.21204009647850008,0.296228929596818,0.43844518411250866,0.43806055188179016,0.4232254259497228,0.11558664664767954,0.06582683939238876
334,2,0,0.0327506261211942,0.07662282209866558,0.05010136589407921,0.024468500346525198,0.0019484979527899535,0.010611944313911036,0.03679719574941307,0.08303664181198242,0.05293363332748413,0.034861503254878634,0.0016370301741108068,0.011517170178609369,0.03784132581805483,0.08476965104552495,0.051780782639980316,0.0428905471314561,0.003213839457179957,0.006551808816132817,0.04161940845890492,0.0887077830201664,0.05618559941649437,0.04353476772444116,0.0019122010161059604,0.017756691117316717,0.02734326814666066,0.06921823688724928,0.04305227845907211,0.02319572115312467,0.0011070339694658588,0.0001430702643913793,0.05067113355364927,0.091351025082964,0.06847947835922241,0.0784993000483275,0.0009947632714618008,0.014031101006270658,0.038084941126859416,0.09921772891935228,0.048672255128622055,0.04191066094079732,0.0004918100943320262,0.00013225055119341916
335,3,1,0.9299566360100681,0.9215040411529167,0.9178533554077148,0.944138378312578,0.9927682513337824,0.8735191538433479,0.9366872453109817,0.929566072299808,0.9358996748924255,0.9271222649382939,0.998035183570404,0.8928130308539771,0.9361524333793255,0.9320837258728274,0.9219338893890381,0.8986906821709127,0.9978070804114431,0.9302467890524063,0.9353449766064472,0.9104062833382142,0.9313614964485168,0.9457171643905464,0.9909542184659416,0.8982857203890166,0.9281211553155437,0.9152395832317343,0.9333003163337708,0.9244701029596666,0.9904090001893342,0.8771867738632126,0.9489419615318635,0.9262066708543731,0.9485911726951599,0.9163135909555312,0.9992734718799845,0.9543249012742684,0.9490726479941782,0.925822442894918,0.9354712963104248,0.9170623181662207,0.9981681257614574,0.9688390568378706
336,0,0,0.07231776543713674,0.09619220301727224,0.0950937569141388,0.09736132599259348,0.0035189373450648168,0.06942260391661435,0.07017988530455206,0.10097656195518122,0.09108152985572815,0.0994331011478774,0.003966743903949671,0.05544148966002385,0.07507336699535541,0.09776936329112466,0.10628920048475266,0.10327343585316821,0.005096484093145095,0.06293835125458637,0.07682766222818482,0.09666536835587132,0.0905018076300621,0.10071619785960069,0.0027974600787068374,0.0934574772166832,0.07270609328487035,0.09422770457254472,0.09209858626127243,0.10537916343911141,0.0037854329503144712,0.06803957920110867,0.07636020054667925,0.09908289253301168,0.10010141134262085,0.10361797669435986,0.0039840397467158385,0.075014682416688,0.07657570607235561,0.096881758674142,0.10059309750795364,0.10523846046840793,0.003328632424870581,0.07683658128640392
337,0,0,0.4683007462925037,0.4728610124288201,0.5531131625175476,0.4927275941676358,0.3511934518952378,0.471608510453277,0.41934236703166244,0.410465398978191,0.43038061261177063,0.43081361569500615,0.3508776097396865,0.47417459813365803,0.5439538348920515,0.5023052597167655,0.5700414776802063,0.5300835816509575,0.5761715356025253,0.5411673198098028,0.513878878746584,0.5075292147749866,0.6020123958587646,0.503774941956719,0.48120738760391063,0.4748704535385391,0.47598447102249414,0.4756552834300083,0.5244943499565125,0.5258425718553859,0.4423120319038338,0.4116181179667301,0.5045459827509605,0.5173312538229147,0.5397615432739258,0.4955251854178495,0.5168495067038212,0.453262424536291,0.4983664122483765,0.5125892578176936,0.5465336441993713,0.5771949968512666,0.49209878584754757,0.36341537652600353
338,1,1,0.9783412496235304,0.9527999641759577,0.9681944251060486,0.9737183907923486,0.9986942331972547,0.998299234846042,0.9801496367402708,0.9506723847565233,0.9720735549926758,0.9795412521293406,0.9997743937362091,0.9986865980866054,0.9798347044663244,0.953432447015549,0.9671351313591003,0.9815335538337343,0.9989838413579574,0.9980885487652809,0.9787047811786745,0.9560354351562754,0.9710047245025635,0.9717618905196546,0.9955261290531192,0.9991957266617603,0.9778380874355562,0.9493548070313185,0.9664388298988342,0.9767391158850489,0.9992087697139309,0.9974489146486486,0.9790337236678999,0.9595054333657117,0.9695790410041809,0.9667356947621484,0.9997736932731461,0.9995747559343118,0.9805831282149899,0.9605349682466593,0.9642816185951233,0.9791373369519599,0.9995293933318384,0.9994323239493683
339,3,1,0.05047364234401606,0.07636629544341765,0.0893678143620491,0.050833301079219205,0.002444421391639483,0.03335637944375483,0.05136087484533519,0.07663451087770354,0.09283149987459183,0.05254747120909177,0.002285930944287993,0.0325049613210008,0.04925779188719409,0.07993141023176975,0.08768472075462341,0.04782852381124841,0.0025404769648168174,0.02830382767351204,0.047567412856336797,0.0690716047442422,0.0892605185508728,0.04986096355255781,0.0017943481344447993,0.027849629299566372,0.05416240507607354,0.07696894886518105,0.09727619588375092,0.05718589506240458,0.003053436811736443,0.03632754875729468,0.047697728508407734,0.07377413076501581,0.08376124501228333,0.058606528903344675,0.0021101603794373433,0.02023657748195752,0.04825027616178648,0.07443590224110996,0.08592383563518524,0.05589431641284803,0.002037227185553465,0.02296009933423571
340,3,0,0.2454979692343254,0.2925585003823861,0.28648728132247925,0.30400874834293445,0.059821311101928835,0.2846140050218985,0.23824032657213748,0.25021660851022826,0.307020902633667,0.31890638779323305,0.04634535264345124,0.2687123812801079,0.24546021592435938,0.29366271456008053,0.2780912220478058,0.3160109050709543,0.04914796309002017,0.2903882748529363,0.2571244336017549,0.2961095982282995,0.28167152404785156,0.312924385344613,0.13743345320479808,0.2574832071832123,0.23769420063470284,0.2788782785486469,0.263710081577301,0.2933477964356197,0.07628237686469812,0.27625246974724854,0.27186427652262035,0.30580297689872055,0.36765894293785095,0.3063241129976527,0.1304822678543439,0.24905308192453357,0.2675043195263981,0.3032818828064385,0.331846684217453,0.31188327088428197,0.13579251083230592,0.25471724889151076
341,4,1,0.9653544340135412,0.9518201186629919,0.9599419236183167,0.9618721168364694,0.9985268925149224,0.9546111184350052,0.9612900417011326,0.9408974029330937,0.9568824768066406,0.9589622009577285,0.99782656897714,0.951881558831061,0.9583835952592132,0.9435674306524138,0.9494884610176086,0.9294022678479652,0.9946320106866776,0.9748278060914012,0.9692043952375528,0.9476578734526291,0.9565138220787048,0.9581944854076738,0.9868318399914715,0.9968239552572848,0.9675694123164815,0.9496596347725543,0.9620267748832703,0.9685385346483609,0.9970470405682079,0.9605750767100142,0.9565515193812122,0.9208826913778442,0.9412150979042053,0.9318153438296876,0.9894620370262276,0.9993824267680959,0.963630900527485,0.9294358174058662,0.9448146820068359,0.9576528340560811,0.9866197669329971,0.9996314022356442
342,0,1,0.9105496682388645,0.8889732606509788,0.9169121980667114,0.9052357097332528,0.9956484204225999,0.8459787523207792,0.9017903620759112,0.8628758131616703,0.9104983806610107,0.8848354048583388,0.9965194639751471,0.854222747723389,0.8883693491823159,0.8503498103886682,0.8826983571052551,0.8807462239440701,0.9952234874837795,0.8328288669898058,0.9204617230143626,0.8655251164607967,0.9270395040512085,0.9219599583424278,0.9964368331534663,0.8913472030639141,0.9387389177207621,0.9164576101034689,0.9227814078330994,0.9259306519927109,0.994175707241298,0.9343492114332339,0.9160057951989412,0.832901511027613,0.9100742936134338,0.9038721652021013,0.993559846672237,0.9396211594793208,0.923010593998675,0.9011801217522859,0.9060263633728027,0.8654967823651704,0.9954680048047516,0.9468816976983638
343,3,0,0.09703626902409106,0.0935510287966993,0.11659754812717438,0.12114131957888111,0.002877358223228005,0.15101409039447256,0.09733744487854239,0.10064545262759349,0.10727386921644211,0.11888165643109377,0.004122182585087839,0.15576406353249472,0.09267856276612908,0.09223578173485793,0.10201475769281387,0.12940211140897334,0.0024743281505455557,0.13726583484345473,0.08380652421742166,0.10208360886435705,0.1032792255282402,0.1152785226930642,0.002409183808646849,0.09598208019280002,0.0986586978064857,0.10047584995147017,0.10645753890275955,0.13175640256851337,0.003053436811736443,0.15155026079794895,0.08334024987267377,0.09871241671472082,0.10397104173898697,0.11477442706377423,0.004970948277788327,0.09427241556809855,0.08010524639657865,0.10010949454154287,0.10504262894392014,0.10308673322472618,0.003798518497957898,0.08848885677474613
344,0,0,0.09963466007610904,0.10769313664749589,0.09397342801094055,0.1304405770779254,0.0029958337407636677,0.1630703249034197,0.11182270861983552,0.10896811345776795,0.10288859158754349,0.15047001570335172,0.0028680285668375377,0.19391879378367693,0.09968829348718984,0.10501490528686648,0.09283338487148285,0.13128294733168705,0.004688559314386708,0.16462167063152608,0.0820871981228813,0.10510755627796402,0.09418516606092453,0.12587871480745305,0.0010277858911535592,0.08423676757691136,0.10018311733827234,0.10395267612957583,0.09216056764125824,0.1391388336982692,0.0029193253260294803,0.16274418389622908,0.09267620125126287,0.10925262536722528,0.11278501152992249,0.12136723850008907,0.002077936783906663,0.11789819407517083,0.08281108526905462,0.07392992116866799,0.11686290055513382,0.11254975917478904,0.002436671881320934,0.10827617356536133
345,2,0,0.10340914481463395,0.12065877455358215,0.14412719011306763,0.1319240493817065,0.002034789046518093,0.1183009209782954,0.09434877084094156,0.10955459471987042,0.12036434561014175,0.12216048234232897,0.002244222470162616,0.11742020906220406,0.07228299045330216,0.08674196780367675,0.10270209610462189,0.0992167987880408,0.003328567539275298,0.06942552203089608,0.09590553966183517,0.12690471487505828,0.1504620909690857,0.1416970378931049,0.002155274062184622,0.05830858050974233,0.10262110135627922,0.12130290940855458,0.12819929420948029,0.13805217630105499,0.0021633936982224902,0.12338773316408377,0.05660482092877871,0.07845571535817662,0.09093756973743439,0.08241994565881662,0.0006713975711508162,0.030539476318315106,0.060605667856238866,0.0838771209202141,0.09332799166440964,0.09093609335726845,0.0016588517957715617,0.03322828154353056
346,0,1,0.9490531464624873,0.9328680559511038,0.9243451356887817,0.9372691312133951,0.9920423412679759,0.9587410681911799,0.9502469206335501,0.9278414974050085,0.9284407496452332,0.9462944249303761,0.9901503045201332,0.958507626666999,0.9498357883826591,0.9306530359146784,0.9368867874145508,0.9491696680140584,0.9936833336614397,0.9387861169085685,0.9555798655634937,0.9302744103078754,0.926798403263092,0.9466930497375037,0.989341866510798,0.9847915979981999,0.9012693277574735,0.8841851319610207,0.8864883780479431,0.9112599400139505,0.9827493658329086,0.8416638229315447,0.9595270970813251,0.936900651049687,0.9433844089508057,0.9502520604312628,0.9907203426387278,0.9763780223361421,0.9375390458437254,0.9183230943201642,0.9165393710136414,0.9472342304368878,0.9892743332022345,0.9163242002456997
347,3,1,0.7162187314169356,0.7574355974749261,0.7177451848983765,0.6743440043579192,0.7377513892459533,0.6938174811075027,0.7366542228821908,0.7489024098372437,0.7104907035827637,0.6879204697841392,0.8446092372817079,0.6913482939251,0.7439723296742417,0.7847040262938606,0.7351589798927307,0.7182370062832637,0.883705633170804,0.5980560027305499,0.8250884390698531,0.7874329001428577,0.7383150458335876,0.7917782587306607,0.8937481249437581,0.9141678656984016,0.7113128150220716,0.7475739934847491,0.7035728096961975,0.6748944365015376,0.7288989188187183,0.7016239166091552,0.8343637623485103,0.8115993622388533,0.7479032278060913,0.783105525369706,0.9402671148518936,0.8889435814760074,0.8324440885028028,0.8120174046517572,0.7501522302627563,0.7814065094668383,0.9019689184743417,0.9166753796583207
348,0,1,0.49551541686281286,0.5770580725926225,0.5563555955886841,0.5403988550071432,0.1559648755595577,0.6477996855660567,0.486086921381747,0.5316467058163243,0.5315243005752563,0.5613754954045194,0.20586210795819238,0.6000259971544426,0.4883651131630722,0.5559950224032233,0.5634822845458984,0.5450038334537222,0.20190658407971873,0.5754378413327984,0.5023228855146383,0.6085944003657345,0.501663327217102,0.5477878773443361,0.31553524605305244,0.5380335765929665,0.4924938510180497,0.5629210897123116,0.542102575302124,0.5723639587980057,0.13436406078852436,0.6507175704892828,0.46218553871610907,0.5380774824041734,0.500137448310852,0.5123903567425877,0.3148274240044599,0.4454949821184723,0.44876143598687124,0.5237320313506018,0.47940710186958313,0.5157884149946591,0.2711475124389684,0.45373211928054397
349,0,1,0.910197444230682,0.8612283320540274,0.9026274681091309,0.9100828173763599,0.990638189437245,0.8864104141766469,0.8969235853920517,0.8410381341257194,0.8726339936256409,0.8901049357177317,0.9868617112242856,0.8939791522668814,0.9229037898755716,0.8733760724602616,0.8931789398193359,0.920090508055432,0.9953306773878678,0.9325427516549613,0.9228218249219495,0.8801011481257905,0.8993078470230103,0.907498042514053,0.9932596704788181,0.9339424164680749,0.9283162699089009,0.8880303062832274,0.9073970317840576,0.9280352855619588,0.9875909274415516,0.9305277984737095,0.9330019177873943,0.8774878262578104,0.9046324491500854,0.9085833015446058,0.9909071722104899,0.9833988397739801,0.945017140034244,0.8981014206871042,0.9119880199432373,0.9286205988737686,0.994960800212397,0.9914148604547122
350,2,0,0.0569029312858582,0.07848264395245277,0.09524403512477875,0.07324995056945369,0.0014115536397583616,0.03612647314284744,0.05394558880182497,0.07064568826653211,0.10091079026460648,0.06444295813690268,0.0024197501959124716,0.03130875714517111,0.06180352133338992,0.07868077222253078,0.11810661107301712,0.07402495301536811,0.0041608226226706605,0.03404444773336297,0.0653071225472178,0.09236300847652337,0.12034246325492859,0.07614652927972979,0.0027557880905310643,0.03492782363437617,0.05947262946645948,0.07897125951083765,0.10046364367008209,0.07570103134168947,0.0015853232071795494,0.04064188960250861,0.05914667769893145,0.08023734429964612,0.1132805272936821,0.0730080161259771,0.0025734615144213063,0.026634039260930678,0.05796114876554783,0.08165703646711557,0.09892794489860535,0.07678656960005573,0.0020238837339718345,0.030410309127990663
351,0,0,0.06990102719073052,0.09125877274857142,0.08332906663417816,0.09119623926022108,0.0035189373450648168,0.08020211996561712,0.07401687569946747,0.09643479867373916,0.0843905657529831,0.10264562704006908,0.003966743903949671,0.08264664312659628,0.07112729422385947,0.093002435970388,0.08652471005916595,0.09888065386525337,0.005809530296285715,0.07141914092820431,0.07708984224892074,0.09528464426535381,0.0794757753610611,0.0939672226170483,0.0025502504898869956,0.11417131851125344,0.07026111740259901,0.08898832199579533,0.07862968742847443,0.1012658319666145,0.0037854329503144712,0.07863631267179634,0.07659171295154892,0.0997031251671312,0.0865800678730011,0.09616444010004935,0.002806816919582713,0.09770411469798021,0.07640031164219456,0.09741181794342998,0.09526731818914413,0.09292780027612997,0.002509498101399032,0.09388512370086967
352,1,0,0.28483398518362724,0.31886918291541705,0.3253946006298065,0.39068082305218393,0.07635499865534127,0.31287032066538734,0.5341218097988701,0.7255377084081582,0.4950481057167053,0.6423147794751429,0.2830337052877002,0.5246747501066442,0.3179066782308536,0.3464194877185406,0.3496167063713074,0.38897857358145793,0.1231322311748624,0.38138639230809984,0.25075382398921753,0.29999274421200883,0.3068612515926361,0.33951443534000314,0.061209709464702396,0.24619097933673711,0.30303865561592697,0.34293534084258126,0.3201412260532379,0.4045275349881795,0.11083052315955716,0.3367586530360789,0.5479846388095148,0.5704411304914039,0.4767336845397949,0.6545940711961381,0.4856676639373801,0.5524866438828567,0.491702048406715,0.5930517426354236,0.46922335028648376,0.5955423313812955,0.2554004141666314,0.5452924035637405
353,4,0,0.10235799504499561,0.15308007679514463,0.12675683200359344,0.1586241936985462,0.009953958598939364,0.06337491412875436,0.08259747015247107,0.1246735264586332,0.10809171199798584,0.12639778215151878,0.0024308194315308266,0.05139351072268666,0.0819069436851541,0.13229495721525222,0.10021907836198807,0.11528408177735014,0.0031629813259116224,0.05857361974526842,0.11825213559772159,0.12667023941137087,0.14768090844154358,0.2111784751224071,0.028050175803826315,0.07768087920946005,0.09949619374822244,0.14780621611693381,0.12433704733848572,0.13755202024858418,0.005797617155296419,0.08198806788181212,0.10180956109280322,0.10597856825854457,0.08407842367887497,0.15440914469395634,0.10445601778152756,0.060125651051112596,0.08330329169266174,0.09694193763964912,0.07088536769151688,0.15838716225580846,0.019106074999925723,0.07119591587640846
354,1,0,0.04076232983530438,0.08613167263152204,0.06607016175985336,0.04265717077619331,0.002179424397722259,0.006773219611230915,0.04565994025630417,0.09953041785641416,0.07211871445178986,0.048376920137086575,0.0017298077740538762,0.006543841062176397,0.04074480155641278,0.08396795641605809,0.06491784006357193,0.0489600767092788,0.0027517331638261017,0.0031264014293290003,0.03601579904753552,0.07467364979402852,0.057413529604673386,0.03930406544659894,0.0019357109345313264,0.006752039457845455,0.030347082277885094,0.08361826211693885,0.046555910259485245,0.021036340316420727,0.0003264568797441491,0.0001984418168365007,0.04038443676399466,0.08416282045324865,0.06284180283546448,0.050852894574862646,0.0013004643673327054,0.002764201589064867,0.030872862824248292,0.07316820261671551,0.04929312691092491,0.03133554810632955,0.00046922771605351586,9.820877121795964e-05
355,4,0,0.09427376776060198,0.11665211808799979,0.13154390454292297,0.11426989425048406,0.0035647576275723574,0.10533816429403071,0.08451966300847508,0.10302798316207035,0.11400266736745834,0.09805707636302699,0.0048149020366296345,0.10269568611319004,0.09166699803560345,0.11202757071161704,0.12163904309272766,0.10994837289080571,0.0059540879501751316,0.1087659155326917,0.10179291960797206,0.11205761591237906,0.11838380247354507,0.1184833476988232,0.004898249772235123,0.15514158218287782,0.09412175282860862,0.11719444806200764,0.11678449809551239,0.11198124984882932,0.005486540484361848,0.11916202765233191,0.09407369017189292,0.1056538981107756,0.10768973082304001,0.10343064234372823,0.003284129385736491,0.15031005019618432,0.09173435219970891,0.09989995063577753,0.10363774001598358,0.1026113662003005,0.003954028755840454,0.14856867539064247
356,2,0,0.08872613259334608,0.10767784239991741,0.14272399246692657,0.11132237675642516,0.00895467347273381,0.07295177787072743,0.09135055666529061,0.10944153150281818,0.14054404199123383,0.11628293777141892,0.01024020195268824,0.08024407010829386,0.08859549515723539,0.10660370840955152,0.15629754960536957,0.10975155681553232,0.0041608226226706605,0.06616383833305287,0.10028550369951797,0.10741652215798063,0.15816552937030792,0.1092424621731314,0.01853370252784893,0.1080693022683209,0.08995286703563467,0.10976382135042952,0.14865730702877045,0.10861913490907114,0.007660906396307702,0.07506316549359454,0.10530928711482168,0.10664146590916782,0.16046637296676636,0.11682081010614254,0.009305036060271506,0.13331275053176023,0.09864331167831161,0.10635884686249834,0.1523275077342987,0.10470060184563439,0.007805110012583707,0.12202449193654287
357,3,1,0.9825881296627113,0.9565481176659821,0.9722868204116821,0.9889135627607005,0.9997881546678391,0.9954039928073531,0.9815889099721881,0.9525367669304239,0.9717769622802734,0.9884498532108225,0.9998571302665163,0.9953238371729044,0.9810599222002159,0.9556142177709511,0.9715103507041931,0.9827991168067076,0.999780779058122,0.9955951466611055,0.9804647474911092,0.9549182790562818,0.967920184135437,0.9823240286093917,0.9995612072923822,0.997600038362053,0.9825516564199125,0.959993668406846,0.9726989269256592,0.9867165389253235,0.9993282322142804,0.9940209156274533,0.9781391296045818,0.952618030308836,0.971122682094574,0.9699128338277591,0.9997200980631553,0.9973220037285849,0.9802429202187352,0.9532257036400626,0.970331609249115,0.9813744129173806,0.9993557776899942,0.9969270975971231
358,0,0,0.8378493030882082,0.8620985297877858,0.867450475692749,0.7621630847338395,0.9671733427351373,0.7303610824915289,0.8447516326330102,0.8651907850958589,0.8831591010093689,0.7832586140304411,0.9623316218158424,0.7298180412135397,0.8630318494896972,0.8634178911088762,0.8937962055206299,0.8056132770464806,0.9790857769446216,0.773246096827878,0.9252823599055917,0.890221016330113,0.8995417952537537,0.8853436464149803,0.9902769453147797,0.9610283962143321,0.8448119533906737,0.8573412760832517,0.8809887766838074,0.7716652679337033,0.9791833959547601,0.7348810502978469,0.9250260233184099,0.8926524509525998,0.9102177619934082,0.8614627042505726,0.9938894645838899,0.9669077348115794,0.924281777010143,0.8970461666689067,0.9024640321731567,0.8631531260689836,0.9917495549149677,0.9669960052247003
359,1,1,0.6529649927122712,0.6885921025939272,0.6985687613487244,0.7061192981932051,0.40759893906215394,0.763945862363345,0.6231100266986374,0.654949697602957,0.6623649001121521,0.659088575195164,0.3786737101361532,0.7604732504467611,0.674616089282936,0.6775091918269117,0.6964617371559143,0.7143495173217929,0.5027383163472906,0.7820216837627707,0.5823147796787362,0.6252665947528203,0.6152108907699585,0.6337164544115265,0.32878169514589434,0.7085982633134814,0.6625941822641103,0.6750766875251707,0.6980591416358948,0.674656585837248,0.48066638823012,0.784512108092118,0.5305116822385888,0.5943321461091102,0.584951639175415,0.6178754361193732,0.13336693496858887,0.7220322548204566,0.5505070649169463,0.6025037539984962,0.600774884223938,0.6443732158183411,0.170724665832849,0.7341588047111078
360,1,1,0.6529649927122712,0.6885921025939272,0.6985687613487244,0.7061192981932051,0.40759893906215394,0.763945862363345,0.7236693648459009,0.7219920282973293,0.7324363589286804,0.7259749157287061,0.6399876989119355,0.7979558223628536,0.674616089282936,0.6775091918269117,0.6964617371559143,0.7143495173217929,0.5027383163472906,0.7820216837627707,0.5823147796787362,0.6252665947528203,0.6152108907699585,0.6337164544115265,0.32878169514589434,0.7085982633134814,0.6625941822641103,0.6750766875251707,0.6980591416358948,0.674656585837248,0.48066638823012,0.784512108092118,0.6542649003887472,0.6354127193145611,0.7004876732826233,0.6497042391601965,0.4877261156430809,0.797993754543274,0.6599292289955128,0.6580196832642873,0.6831849217414856,0.6762433511867618,0.4831494114112665,0.7990487773737628
361,2,0,0.025074141244556286,0.05694416741442449,0.04322131723165512,0.02425304556838143,0.0004973583016647641,0.0004548177066556307,0.025792093337783373,0.06076672310531919,0.03967062756419182,0.027772122884238987,0.0003180281034287044,0.00043296503173813545,0.023060564258932707,0.06154825187236699,0.033298760652542114,0.018286006686356767,0.0019872798582212096,0.0001825222251764477,0.02643366265405276,0.06251319265632443,0.038977544754743576,0.02870055035457321,9.922851213043786e-05,0.0018777969924921524,0.024002614359937283,0.06164412481123826,0.03925501927733421,0.01884592060984432,0.0002593551800878425,8.651921181776084e-06,0.030099495371072087,0.07040351610856942,0.045581236481666565,0.03367579508932739,0.0003729718524367049,0.0004639573233603525,0.02392832004490316,0.0676611663521715,0.03630771487951279,0.015565901614891547,8.642965767756561e-05,2.038772026240035e-05
362,2,0,0.08555289755228238,0.11033684870131194,0.11460843682289124,0.1456421428040241,0.004987881330767038,0.052189178102417536,0.07767331970880358,0.09851156889207524,0.10332394391298294,0.13967342537469546,0.0016271633943610168,0.04523049696990325,0.09808107091673918,0.12124450658431797,0.12329889833927155,0.20974445223943392,0.003101507573074819,0.033015989847597606,0.07430427920972853,0.11016903981528002,0.09797735512256622,0.1328595135290587,0.0014803179933776164,0.029035169588360107,0.0772419358286418,0.10976350222229288,0.10528247058391571,0.14416589603037974,0.005883439262747294,0.021114371043873398,0.06939831024483092,0.09871968994039768,0.1008693277835846,0.136136562639323,0.0004661059134838699,0.01079986494736551,0.07639948614864762,0.10422258201312566,0.09399038553237915,0.17956312497243646,0.0016588517957715617,0.0025624864295252007
363,0,0,0.08726783410156298,0.04644826258316973,0.05325419828295708,0.04273529694564138,0.0019090167071754208,0.2919923959888713,0.09566919049490633,0.0666183800834845,0.06551025807857513,0.055649621615771416,0.0008295716389444385,0.2897381210577561,0.0829196020651449,0.049216409099537,0.06772863119840622,0.07453607656723524,0.00939503846303495,0.2137218549975111,0.07635687571876103,0.06612579987485544,0.05284125730395317,0.08674305779277806,0.0013433816815333255,0.17473088194068515,0.03506625274745948,0.04836145804340272,0.046003829687833786,0.03647249594740063,0.0029795342888761333,0.04151394576978414,0.07881061598946816,0.08236560567473158,0.08837811648845673,0.09976074916498008,0.0011944268627853342,0.12235418175638706,0.048306674729177275,0.07530238063841665,0.09936262667179108,0.060769209827469625,0.003208093530137867,0.002891062978071114
364,0,0,0.06805400273559038,0.09507544108446697,0.10995806008577347,0.10232594147128646,0.0035189373450648168,0.029391633691360188,0.07628447671120683,0.10238379624605765,0.14158518612384796,0.10139331620444667,0.003966743903949671,0.0320933410777322,0.07166683090191452,0.09551125768921628,0.13805712759494781,0.0935797158548314,0.005150569912916895,0.026035483457660144,0.06973187865161662,0.10187821501272426,0.09967368841171265,0.0924157378006878,0.0037154083981187323,0.05097634363483968,0.07105350677339276,0.09632037323658336,0.11115425825119019,0.10847132770949226,0.0037854329503144712,0.035536141719383435,0.06978619706788174,0.09734834253741834,0.11494026333093643,0.09289655326543293,0.005769131458255481,0.03797669474736554,0.07498345524868724,0.09698762263322513,0.11911053210496902,0.09692535838427176,0.005143026901799392,0.056750736219170886
365,1,0,0.07527586547743628,0.12230078620193696,0.11132930964231491,0.10755493149337247,0.003376865605596857,0.03181743444396023,0.06961624480285061,0.11574985305122752,0.09213819354772568,0.10737971856778986,0.00251563989287004,0.030297818954640003,0.07260154427138173,0.1155577320501731,0.09647535532712936,0.1230681615230502,0.0066640778804690085,0.02124239457608693,0.07857699717684416,0.1142113947766666,0.10223188996315002,0.10068669767790658,0.005908479148918344,0.06984652431757929,0.08084026042916662,0.12233523914772337,0.11578959971666336,0.11087938410971784,0.0026329924316357235,0.052564086740092705,0.06839118747111904,0.11019454677009297,0.08604128658771515,0.10178118662636151,0.002257786750202044,0.041681130621223535,0.07897514663872944,0.1066634825620233,0.08528763055801392,0.1212478999117598,0.001189184005576139,0.08048753615627409
366,0,0,0.08270006229620355,0.09918652962147163,0.13348424434661865,0.1083197464733524,0.0035189373450648168,0.06899085369451025,0.0890481763802001,0.10296210133280327,0.14733800292015076,0.11618742888437754,0.004027718092287226,0.07472563067138174,0.08647045377127811,0.09980036077731581,0.145779550075531,0.12194590179654093,0.005150569912916895,0.05967588629408594,0.09246614385344128,0.10687647676075818,0.12609823048114777,0.11226174589870075,0.0037154083981187323,0.11337885772848097,0.08218349598096499,0.09775316349092268,0.1275206208229065,0.11705327414864387,0.0037854329503144712,0.06480498849203743,0.09562926266426997,0.10520909949852332,0.1266552358865738,0.11750302349126004,0.007992543656921003,0.12078641078807165,0.1004426665152783,0.1034873590078125,0.14334988594055176,0.11851988329575197,0.0073974274355022825,0.12945877689677307
367,3,1,0.9347389989539779,0.9034096417806483,0.8905490636825562,0.9337045968136667,0.9675508083336186,0.9784808841594005,0.9504719093387974,0.9240444060855861,0.9108706116676331,0.9563812760472816,0.976053822817812,0.9850094300756747,0.9316268950119857,0.8963122711348493,0.8818234205245972,0.917745670086933,0.9802444822906526,0.9820086310228967,0.9355102439008443,0.8969163047214961,0.9042273163795471,0.9358026671237903,0.9455456991026163,0.9950592321767715,0.9311691573047558,0.8793667779861675,0.8927077054977417,0.9448294823780768,0.9617818885264537,0.9771599321353386,0.9518367386366006,0.9107035558528888,0.9183884859085083,0.9407169231170703,0.9914193158595715,0.9979554124449641,0.9445272914913998,0.9026604466848355,0.9099170565605164,0.9479393193392373,0.9635061095643208,0.998613525308089
368,1,1,0.6460810704887774,0.6523525974000873,0.6493468284606934,0.6226659778980258,0.39854788319034107,0.9074920654947394,0.7358762577877982,0.7029657841527805,0.6470232009887695,0.7359057573476545,0.6917427359540097,0.9017438104957765,0.6796440447450853,0.7141914802658437,0.696821391582489,0.6654369017199031,0.3827371720217342,0.9390332781354569,0.7147977843313101,0.6928365047891685,0.6758044362068176,0.6559955482581262,0.7076941252337904,0.8416583071686475,0.6614675320371839,0.6269232018045253,0.6472850441932678,0.6512802281086477,0.4776739177268028,0.9041752683526759,0.8035442319507606,0.7223618689528084,0.7230666279792786,0.736860278338419,0.9507827624510656,0.8846496220322314,0.7868114357469503,0.7088244429511849,0.7420855760574341,0.7002323117438094,0.9019725698019083,0.8809422781804147
369,4,1,0.6973006713714309,0.6693553561029026,0.6739269495010376,0.6568596073679017,0.7539431354416679,0.7324183084436451,0.6165330601405499,0.5692929206559889,0.5951476097106934,0.5734891300989386,0.6277932291358972,0.7169424111012315,0.7014282605956417,0.6768155821168532,0.6883812546730042,0.638066735482822,0.7485488614640522,0.7553288692414768,0.646271177617462,0.679511132536845,0.6664607524871826,0.6385480143511025,0.6326620743165546,0.6141739143956256,0.6800028600739062,0.6673264894050794,0.6836673617362976,0.6399185243924107,0.6543689244293815,0.7547330004063615,0.6066406647848617,0.5927636259124297,0.5773628950119019,0.5972231562375296,0.6894374585279917,0.5764161882344562,0.5627331430636898,0.5570947539381229,0.5851145386695862,0.5759659599992514,0.5088065032474982,0.5866839594639909
370,0,1,0.9712181621562828,0.9489365866572496,0.9521529078483582,0.97555406996128,0.9997060172449523,0.979741229069573,0.9713200467703459,0.9449693329406899,0.9540075063705444,0.9797824919672478,0.9997626826350433,0.9780782199382045,0.9683100086008093,0.9448410212933649,0.9508997797966003,0.9822060849398424,0.9985242860194329,0.9650788709548059,0.978249177893719,0.9542105763888261,0.9610001444816589,0.9782249648444279,0.9993875693614084,0.9984226343922742,0.9720499825065223,0.9452619777454289,0.9590153694152832,0.9722260574863772,0.9997029417038029,0.984043566181719,0.9802122246434213,0.9561242587407871,0.9690059423446655,0.9826192983844179,0.9993566426116866,0.9939549811355495,0.9789318515989411,0.9538453605356911,0.9690307974815369,0.97605191449686,0.9995168564728011,0.996214329007817
371,3,1,0.716558253918504,0.7734668551059006,0.725658118724823,0.6768658476765416,0.7087961863319794,0.6980042617532751,0.7630314034789032,0.7432321138592821,0.7580274939537048,0.6109908070863421,0.9694573324339957,0.7334492700611912,0.6473279454528084,0.7522049114469688,0.7377834916114807,0.6264975702727549,0.45870278335367337,0.6614509705791639,0.5741015268995342,0.6440824932267599,0.6304373145103455,0.6153726029357675,0.2743217695113017,0.7062934543134965,0.6631534303048461,0.7571349290352957,0.7196778655052185,0.6272604515000935,0.49950526342485096,0.7121886420587723,0.704379609786467,0.6864004111202602,0.6482653617858887,0.5757205389853297,0.9523110148019353,0.6592007222389207,0.6195998858812808,0.6724611857364216,0.6489974856376648,0.4928372423909549,0.6388172664358857,0.6448862492054771
372,0,0,0.06641180821067623,0.08858988897944764,0.08488868921995163,0.11126084261150326,0.0028349827970876687,0.04448463744539092,0.06751715619593611,0.0892731642267784,0.09083613753318787,0.10804770476967465,0.003966743903949671,0.04546203054608993,0.057851574697888285,0.08556298530838652,0.06223635375499725,0.07512314077796926,0.0017158055161878812,0.06461958813190047,0.07868857585287672,0.10789406121456437,0.10683729499578476,0.11398687095751756,0.004191173498861759,0.06053347859765514,0.06698909403103162,0.0968505037640042,0.09234754741191864,0.09747661210352795,0.0028156173776126957,0.0454551894980946,0.07281056649172149,0.09873320483288696,0.0846991315484047,0.09336259008275147,0.0026218284769767447,0.08463607751758759,0.07269246345048785,0.09804418085968972,0.0817517340183258,0.09860556433943937,0.0027825600251738967,0.08227827800981045
373,0,0,0.07168314732968552,0.09391867121769444,0.08224692195653915,0.09208605768494563,0.0035189373450648168,0.08664514844418351,0.07642569463309097,0.0976604445514498,0.08423789590597153,0.10341456094707085,0.003966743903949671,0.09284882785701301,0.07224808287008432,0.09334931623573307,0.08650942891836166,0.09982571411954247,0.005809530296285715,0.07574642478049869,0.07450165452417147,0.09457276085358371,0.08529173582792282,0.09292793225177816,0.0037708399502543464,0.0959450037373183,0.07339920070597275,0.09203956417335497,0.08141585439443588,0.1055461604169486,0.0037854329503144712,0.0842089915948098,0.07843420307314317,0.0958969777905852,0.0899634063243866,0.10105474751406035,0.00641202601829448,0.09884385771838916,0.07906744206459218,0.09372300212182476,0.0971827283501625,0.1036869525675949,0.006620775691374125,0.09412375159200452
374,1,0,0.45936210173431524,0.32452998338008765,0.45209234952926636,0.4104511019064694,0.43427788285612595,0.6754591909996269,0.37583998572154914,0.2767004582101582,0.39459341764450073,0.3401685413314427,0.21109331598931885,0.6566441954323253,0.40053462825696273,0.3393572407678267,0.45627477765083313,0.4512352583305219,0.32884231062796887,0.42696355390766283,0.3658007665137724,0.264318576204963,0.4108765125274658,0.34902921739340903,0.22517408828943108,0.5796054381535932,0.41760963311848265,0.2918280765918391,0.40125882625579834,0.334755326082276,0.7079334580911107,0.35227247857138894,0.3059707757319142,0.37830819393399895,0.3064247667789459,0.38952584759837056,0.24723450361932284,0.20836056672893283,0.26037945127069806,0.3264994360089001,0.37410035729408264,0.28866696282899074,0.18697284570736783,0.125657654514149
375,4,0,0.08735919319903394,0.09967188234727949,0.13803160190582275,0.08912200353278639,0.002426857950470834,0.1075436202588103,0.09593352942978041,0.10636814902835788,0.13241399824619293,0.11618680297088169,0.012824067570182479,0.11187462933328701,0.09280277575402682,0.10117427516107415,0.14955639839172363,0.11076633899560151,0.014671345037285023,0.0878455211844498,0.09444185289831657,0.1035098124806825,0.13697049021720886,0.11658553801027093,0.020696136506648744,0.09444728727677182,0.06046003895638965,0.0795607069998891,0.11289991438388824,0.07503803756819323,0.004612712209742485,0.030188823620235245,0.09521942668091568,0.10043479113666474,0.13790684938430786,0.1343771818731435,0.013145864151321587,0.09023244685914072,0.07724031676917817,0.08915414753834632,0.12883687019348145,0.07843692203895075,0.00950092651576213,0.08027271755935025
376,2,1,0.9387814560006786,0.933876220358364,0.9408507347106934,0.9333938496979666,0.9986984013705602,0.887088073865809,0.9340694200545533,0.9301826017106983,0.9339751601219177,0.9440384432078798,0.9982142519643561,0.8639366432679151,0.922327979540869,0.9162245543535176,0.9330798387527466,0.8785849183201304,0.9980607693445043,0.8856898169334462,0.9522853120043513,0.9254032604463119,0.9496800899505615,0.9396897497130351,0.9961003397966456,0.9505531201152022,0.9391789365432528,0.9269899570018528,0.9419493079185486,0.9387187524157642,0.9961447942780335,0.8920918711020649,0.9376055916628502,0.9124398963181027,0.9305380582809448,0.910829613778938,0.9991868311604951,0.9350335587757702,0.9430688127475442,0.9142320684802941,0.9314948916435242,0.9071954865639379,0.997601012757269,0.9648206042926954
377,4,1,0.5366200372596085,0.5870411818725301,0.4968620836734772,0.5222693169143399,0.5344345316916737,0.542493072146022,0.533334975309854,0.590494533631205,0.5178754329681396,0.5481756541009819,0.4322403953167754,0.5778888605321676,0.5505338048626938,0.5822907523310112,0.47011426091194153,0.5521614017263967,0.6588674185751275,0.4892351907689918,0.4506404623805561,0.5914817038024425,0.4762170910835266,0.5258950073373938,0.31542068036488824,0.34418782931452946,0.5294127243440361,0.5969778850962368,0.49818313121795654,0.553147402564751,0.4747161433416529,0.524039059499583,0.4374936459955293,0.5678569068908145,0.5287997722625732,0.5359047788049015,0.214354516969288,0.34055225505006975,0.4801469877319259,0.6081946299168559,0.527850866317749,0.5538021816773918,0.3655227010910061,0.34536455965662677
378,1,0,0.36515836462039253,0.43733617380997114,0.48255252838134766,0.4669929194749476,0.09619013982909064,0.34272006160660606,0.3716026327682263,0.43686905196161147,0.3805481195449829,0.4255423148528382,0.2307666730042411,0.38428700447745784,0.4011558951043687,0.4953435017636387,0.4009019434452057,0.4308349747614343,0.3028692994193352,0.37582975613222985,0.3357612265037043,0.5130970210160207,0.4261774718761444,0.38998231334723527,0.10533248392819325,0.24421684235092786,0.44144473719432725,0.5259125120942463,0.41671043634414673,0.47871237497595137,0.16881801021081116,0.6170703523464808,0.312759838050341,0.45685581713677165,0.360596239566803,0.378293472540297,0.0727624543659351,0.2952912066418987,0.35355219465431625,0.3967633217183994,0.39941444993019104,0.46520618574520944,0.08517625332847985,0.4212007625493015
379,3,0,0.07006537561136168,0.08317691926931219,0.07990077137947083,0.0811395447021623,0.002918290127449606,0.10319135257841351,0.0654002999235452,0.07849234216109459,0.06296845525503159,0.08648147301505577,0.005698729066638123,0.0933605001199059,0.08424941466029892,0.11572283745339236,0.07945256680250168,0.08899056526851833,0.0023381593272909103,0.13474294444979126,0.08020720474592116,0.09299182170744738,0.08799199014902115,0.09614368826450699,0.0022827303135186565,0.1216257932951116,0.06860273653811504,0.0829960445066363,0.07853280752897263,0.0783102076693685,0.003091275531514923,0.10008334745408289,0.07595242387039276,0.08501305215313859,0.07149627059698105,0.09151435228717868,0.0032739716761217355,0.12846447263854374,0.10199648250157214,0.08366134433296937,0.08518282324075699,0.11733730036975451,0.0021500022146253082,0.22165094234975447
380,1,0,0.08879010560583037,0.11260255782505182,0.11964821070432663,0.11359192111375059,0.004833649193588939,0.09327418919243388,0.08646198876187941,0.11049592715273757,0.113914854824543,0.11130336070413337,0.0029539852484487604,0.09364181587953438,0.07463735079001872,0.08933914871574516,0.08685579150915146,0.08839881446650341,0.0034869647568092094,0.10510603450188435,0.08584941084796296,0.10896108947324881,0.11617512255907059,0.11413821462025787,0.003273323734721271,0.08669930385251622,0.08656584760166462,0.11031904297759407,0.11329928040504456,0.1159561995349933,0.004857087057862802,0.08839762803282841,0.07239244115518453,0.09993206936303531,0.09054716676473618,0.08654547513468465,0.00124283008503325,0.08369466442843325,0.07391138445720327,0.09657196096496701,0.09407869726419449,0.09053695646700703,0.0029386754047685325,0.08543063218507922
381,1,1,0.9645900716604394,0.9465073616756454,0.9500113725662231,0.9496410040161276,0.9978173393885947,0.9789732806556062,0.95697060202208,0.9277622421164504,0.9497735500335693,0.9334707521016676,0.9961612280267033,0.9776852378320098,0.9696599168547666,0.949559476005618,0.9540308117866516,0.9612998424618567,0.9987696921683064,0.9846397618514003,0.9696543252273395,0.9497463133970387,0.9580950736999512,0.9579461345399558,0.9955261290531192,0.9869579754466323,0.9569065616712772,0.9469725115934091,0.9529838562011719,0.9482448251684545,0.99894349833093,0.9373881170624208,0.9643432910529096,0.9443007934592252,0.9577310085296631,0.9294695366345472,0.9991694890080579,0.9910456276330546,0.9614957491442384,0.9429013288198304,0.9478234648704529,0.9439060074080532,0.9980761349650802,0.9747718096577753
382,0,1,0.8242903349441333,0.8145842194529443,0.834701657295227,0.8202694031645955,0.8792218627988448,0.7726745320090548,0.8409890284281136,0.8278588007682908,0.8357661366462708,0.8362321052643621,0.9215569518773449,0.7835311475843001,0.7623863016260756,0.7839517327665401,0.8025305867195129,0.7721447580942217,0.6674986558568977,0.7858057746932056,0.7958466131200568,0.7742806983500156,0.7969938516616821,0.8317252190405501,0.8420514770723808,0.7341818194756548,0.7996786888996996,0.7910019027554217,0.8122339248657227,0.7734681290620504,0.7817248229375424,0.8399646648777607,0.7984754548673516,0.7430157688064226,0.7707309722900391,0.7509322806023634,0.8895188379436065,0.8381794146943264,0.7509544375786559,0.7012850351861893,0.7324992418289185,0.7244582910902583,0.7356575392048992,0.8608720805830138
383,2,0,0.2687421373708962,0.4446284612681691,0.16283279657363892,0.38296231312206935,0.020353994827404354,0.3329331210631994,0.27815071908257133,0.47614107159804786,0.1410047858953476,0.44471926288111385,0.023814069231806474,0.3050744058065408,0.254372658601285,0.4358328448836682,0.17252545058727264,0.31534787398158437,0.015772958155351964,0.3323841653985479,0.3056435105060977,0.48080134149504883,0.16105343401432037,0.3516307026939896,0.13212336080019632,0.4026087135269335,0.26811876529405393,0.4534050802237701,0.1626780927181244,0.3750668360087069,0.010119726307744874,0.3393240912119236,0.24330907296778195,0.3968103562903653,0.14138944447040558,0.2838091515414163,0.02167830322887016,0.37285810930785235,0.24716895925791027,0.4282564501403052,0.13407203555107117,0.30049625458404866,0.009739925843801818,0.3632801301703245
384,0,1,0.9465416673647662,0.9150232192174536,0.9442611932754517,0.9563153542011975,0.9963395294229318,0.9207690407067964,0.9428376826822518,0.923926095849773,0.9317387342453003,0.9358558411578157,0.9948533364572156,0.9278144057011546,0.9321798258192162,0.8993221474964106,0.9261816740036011,0.9339739913322461,0.986994735070252,0.9144265811935715,0.965042218816569,0.9366089155813351,0.9537293910980225,0.9466720927834587,0.9914104339231378,0.9967902606968917,0.945240315527571,0.9145198418983221,0.9372421503067017,0.9511719937915939,0.9968067230286436,0.9264608686125944,0.9572453557993974,0.928104508377096,0.9468490481376648,0.9168281353493154,0.9971206831633531,0.997324403969558,0.955795737781898,0.9149930027937261,0.9402585625648499,0.9303269932506579,0.996393288724813,0.997006841575443
385,1,0,0.07756605784335627,0.10694554713370108,0.09562119841575623,0.10565968699840966,0.004224391307149522,0.0753794653617648,0.08033003640594846,0.1052888972326081,0.10051161050796509,0.1118551401344589,0.004269400788881147,0.07972513336582909,0.07676470917336274,0.10052761831006726,0.10565529018640518,0.10440563070038325,0.003922103392899125,0.06931290327705891,0.08725761569876997,0.10596950136214267,0.10332626104354858,0.11226321369102672,0.0035968732630452154,0.11113222913408673,0.07797070897326777,0.1056122208847105,0.10088642686605453,0.10621378347745546,0.003663829534618988,0.07347728410349937,0.08738932987846994,0.10409578678870855,0.1038912683725357,0.11267510562880405,0.0055072547052474555,0.11077723389705389,0.0884064718348027,0.10440686333673606,0.11345656216144562,0.11423868854299934,0.004301790032198723,0.1056284551006338
386,1,0,0.20983067508051922,0.18064664110888848,0.27187252044677734,0.22440433691923323,0.02196293262874847,0.35026694429894867,0.22728430120281554,0.20091658133327966,0.22678862512111664,0.3041698273312633,0.034204061390975316,0.37034241083744274,0.32218567722069497,0.15143826858580528,0.2534840703010559,0.3360980637925761,0.021421265642365985,0.8484867177816715,0.332475736139245,0.4264446644855857,0.40247756242752075,0.3293778918338259,0.29726780949031373,0.20681075245897912,0.26259640439434223,0.18653795429639286,0.2436985820531845,0.3074749678031494,0.014144907340807943,0.5611256104781764,0.35463575546090575,0.348968228586933,0.4059024155139923,0.3427764855054215,0.08440051918524873,0.5911311285129333,0.3606422735092083,0.3331508546586018,0.39367949962615967,0.3346679109001787,0.11953981305625143,0.6221732893048499
387,2,0,0.07787818353433981,0.07614604451703359,0.05751471593976021,0.0417987556493535,0.0005839068275554631,0.21334749473799627,0.07353557860399376,0.057877080383015866,0.05748287960886955,0.04882411671666222,0.000549015498670045,0.20294480081275107,0.06359151459064247,0.06187819515951738,0.05085889250040054,0.0427112972098423,0.0005285622280714378,0.16198062585538073,0.09356241097241044,0.08202897524689919,0.050896260887384415,0.04828843909207423,0.002680529785349636,0.2839178498503448,0.029697295319444993,0.04507830007752834,0.037280865013599396,0.02158095943532502,0.0005817933062255958,0.043964558764546614,0.08513762776740716,0.0756646760685479,0.06700052320957184,0.055789008048691566,0.003906385518438275,0.22332754599178628,0.027869212345493617,0.056724748016486554,0.04340103268623352,0.028087901585718656,0.0019208268637012648,0.009211552575328087
388,4,1,0.7486021661821771,0.7846213229345458,0.7706059217453003,0.6931873876315936,0.8070572374400031,0.6875389611594429,0.74964343012705,0.7814430703043426,0.7800239324569702,0.6821922314206899,0.8767497386055259,0.6278081778477214,0.7687371384192881,0.7834861145127189,0.7737528085708618,0.715455494598316,0.8575978373348883,0.713393437079656,0.8541424447560217,0.8113727814639051,0.8330835103988647,0.7989356049026539,0.9706309554229561,0.8566893715917288,0.7781049631129531,0.7774175223145992,0.7824103832244873,0.6977805254417752,0.9360578505776295,0.6968585340062743,0.845194732449525,0.8166009408968112,0.8133120536804199,0.8002342264417868,0.9679195231366121,0.827906918091995,0.8388676824309643,0.807718972321813,0.8275259137153625,0.779895194324653,0.9501659733739972,0.8290323584189958
389,3,0,0.0822275639766892,0.10506034494287435,0.10642341524362564,0.10236313533163145,0.0036826537234228023,0.09360827064189174,0.07449407665284949,0.09856260309579865,0.09230520576238632,0.08817773976196054,0.0044158466761854386,0.08900898796791651,0.07841880220313846,0.09513121145447649,0.10313516855239868,0.10292575588224186,0.003244177715606918,0.08765769741096835,0.08843281432518639,0.09902985552539545,0.10301238298416138,0.1054112685389712,0.003705909676397162,0.13100465490100677,0.08118924367902602,0.100579116780537,0.09799537807703018,0.10120728315754132,0.003892760461256324,0.10227167991876528,0.08122702855292821,0.08766199640869105,0.09419132769107819,0.09060448784063528,0.003985328788277844,0.12969200203595868,0.0828353447432995,0.08728535801759099,0.08657192438840866,0.091330558440022,0.005389992202623816,0.14359889066785206
390,1,1,0.93264830548642,0.9252393442232263,0.92051762342453,0.8943336077728068,0.9888151783360704,0.934335773675467,0.9163601594840592,0.9180078966270154,0.902121365070343,0.8407135791266324,0.9899283922115663,0.9310295643847392,0.9343752167521343,0.928556676329738,0.9169784784317017,0.8883365992795774,0.9976764102501415,0.9403279194695127,0.9435854480847359,0.9276094362653468,0.9160115122795105,0.899680906596737,0.990223813107429,0.9844015721746563,0.9325215858599554,0.9254495117580167,0.9206230044364929,0.8893934740364673,0.9937790162781325,0.9333629227906677,0.9425158423565512,0.924623207073388,0.9118043184280396,0.8952218963837706,0.9964672463403511,0.9844625435572063,0.942013339489613,0.9241928523070735,0.9122427105903625,0.8945966449924903,0.9939556078850873,0.9850788816730512
391,4,1,0.4507133565462045,0.46752908370047125,0.5270830988883972,0.4206373903920599,0.2430046533809772,0.5953125563691168,0.39942627728513286,0.47336504458377815,0.39206379652023315,0.3461416791334434,0.21836395921970395,0.5671969069685057,0.4099588726495639,0.4653768539254165,0.4086344540119171,0.37795791698098835,0.2527305007282506,0.5450946376012465,0.4809235184706157,0.5689302672804786,0.606346607208252,0.3635240147532109,0.48655332516817906,0.37926337794295806,0.3392146486637813,0.4734185546193649,0.4689383804798126,0.3123041919798231,0.09072142787022462,0.35069068836968115,0.38745123326218567,0.5590593012142636,0.513058602809906,0.3392056589400902,0.2879960653271583,0.2379365380195102,0.3326345900129603,0.5754567994573316,0.5110107660293579,0.31621070870714185,0.16328708444772294,0.09720759142324703
392,3,1,0.0766794623702696,0.1005567109628169,0.09508863836526871,0.0990229603598674,0.002444421391639483,0.08628458077175555,0.07056856710714357,0.09603980797189349,0.08723225444555283,0.08928884517785955,0.002285930944287993,0.07799599699612401,0.06953508349457149,0.09085353925273115,0.09159444272518158,0.09189317676372165,0.0025404769648168174,0.07079378176640627,0.0754289755275162,0.09588624223015094,0.09338037669658661,0.10099423699007304,0.0022827303135186565,0.08460129140725177,0.07498910268169559,0.1012180710248275,0.09527360647916794,0.09097312388227835,0.003053436811736443,0.08442727521046779,0.06542198598417152,0.08983005401144026,0.08776385337114334,0.08609673208125757,0.0021101603794373433,0.0613091300775791,0.06460222791042955,0.08824160121543968,0.08757491409778595,0.08280715223180957,0.002037227185553465,0.06235024482155908
393,1,0,0.06773228437184872,0.11027348943038306,0.12255287170410156,0.08475814550798814,0.0023605955755553326,0.01871631964121547,0.06982661811668764,0.117199735761927,0.11723873764276505,0.09328628059701756,0.0021712984286993684,0.019237038153029254,0.0650764947087701,0.11342492163558605,0.1061258539557457,0.07380510247372286,0.0030012806894477036,0.02902531478934818,0.065938903530359,0.09972196520545272,0.10809098184108734,0.09786051729785937,0.004112658892518245,0.019908394414877323,0.07847629966997219,0.11304712945373072,0.14206434786319733,0.10919392752226716,0.0018725944408893218,0.026203499069776443,0.06356026940622791,0.09836774604834941,0.09125028550624847,0.0899951047276675,0.002949231890700739,0.035238978858173516,0.0655450349209826,0.09756117029502742,0.09443349391222,0.0917806998988243,0.004768874843539807,0.03918093565530147
394,1,1,0.9795774544803425,0.9520573642442209,0.9710601568222046,0.9828604320716582,0.998205419262939,0.9937039000006899,0.978040268524429,0.9466138301680531,0.968693196773529,0.9835349885301838,0.9971018377526555,0.9942574893977237,0.9794881018565851,0.9545363692139237,0.969553530216217,0.9779860929311252,0.9983913448173425,0.9969731721043175,0.9817980395241716,0.9604487552280351,0.9728084206581116,0.9829931733783578,0.9961542442715231,0.9965856040848295,0.9802912557326421,0.954369109813897,0.9693162441253662,0.9856699098630852,0.9988982611016326,0.9932027537592293,0.9785195628033468,0.9553547076950151,0.9665068984031677,0.9728318126726403,0.9990378605396674,0.9988665347062436,0.9793208335050554,0.9548080846533126,0.9632049798965454,0.9810504853878005,0.9989009638652387,0.9986396537223801
395,0,1,0.8622550972623886,0.7536878108609529,0.8166953325271606,0.8931166150933806,0.9963788367273637,0.8513968911030849,0.8661553343570777,0.7967161881293156,0.8054749965667725,0.8822390755834079,0.981594647446866,0.864751764059027,0.884401511528646,0.8172292959035513,0.8270155191421509,0.9107838483042298,0.9952231375644371,0.8717557567288616,0.8756214224709261,0.8284993680203305,0.8501351475715637,0.865482219435488,0.9927498158173719,0.8412405615098764,0.8588384957504243,0.7957846242877396,0.8507779836654663,0.8972438407166171,0.9963567136302308,0.7540293164520668,0.8920392967664966,0.8361279118850664,0.8663907051086426,0.9157474229313683,0.9970230170875803,0.8449074268198256,0.8987258324530938,0.8640558178773143,0.8808923959732056,0.9309591825531001,0.9971232387234304,0.8205985271384186
396,1,0,0.08468265699048952,0.10799085045807157,0.11336316168308258,0.11279455783254813,0.004224391307149522,0.08504032367159578,0.07701765077296004,0.09793438689417241,0.09923429787158966,0.10744424216739357,0.004269400788881147,0.07620592614276336,0.04990427576985671,0.08225305478305495,0.08192504197359085,0.06572820938133428,0.0034869647568092094,0.016128107954494254,0.08807030380229214,0.10596950136214267,0.11676275730133057,0.12446970341446013,0.003014994102946865,0.09013456283058045,0.0830463559569655,0.10693111167414303,0.11037527024745941,0.11151189074244511,0.004857087057862802,0.0815564200629171,0.05359834902035041,0.08926631535669113,0.07524526119232178,0.08580505767841534,0.0034486175327134074,0.014226493341610432,0.05595444447903155,0.09268473765846343,0.07823443412780762,0.08790337478468195,0.0033992437000441742,0.017550432124160565
397,3,0,0.6247823024311858,0.6875506655744048,0.7035579085350037,0.6267977707697701,0.5555085386224723,0.5504966286542776,0.5847471110788709,0.6428674164510669,0.6498324871063232,0.6091065928047233,0.5268415612194658,0.49508749781277533,0.5974695942944547,0.6758256523784755,0.6977822780609131,0.596504771512098,0.6018074099309543,0.415427859589833,0.5933603040452199,0.6605953418805637,0.6855250000953674,0.6100923082252427,0.4714862689788508,0.5391026010460745,0.6219482089262233,0.6878169807249461,0.6886752247810364,0.6072214055948748,0.5660026447167271,0.5600247888135318,0.5184528914041087,0.6180967432954562,0.676784098148346,0.5890851555318238,0.4229112338517159,0.28538722619320156,0.5038911382202645,0.6423172571917369,0.6476072072982788,0.5582213539440845,0.36205338153568734,0.30925649113153486
398,3,0,0.07877673970748438,0.09580472033330582,0.12864728271961212,0.09448178226188116,0.002877358223228005,0.0720725549993948,0.07832248575600553,0.09754953402031166,0.11885388195514679,0.09989911727313665,0.0011734718551827188,0.07413642367624985,0.07017391006757437,0.09824596829932632,0.1099833995103836,0.09160680761824193,0.002689509111184924,0.04834386579873509,0.06803240718048208,0.10348169083941004,0.11918395012617111,0.09395507565350512,0.0009182615960779706,0.022623057687246113,0.0830479003201418,0.09674022043803891,0.11940950900316238,0.11256020738216022,0.003053436811736443,0.08347612796561102,0.06041092617670828,0.08942901841046498,0.10302672535181046,0.09770018012785628,0.0003944314718823465,0.011504275521527397,0.06070198626482952,0.09102278905694892,0.09779047220945358,0.10414401585313576,0.0013563576662692796,0.009196296538340028
399,2,0,0.15780430347844554,0.15987874082925654,0.14426343142986298,0.2256013735340778,0.01900094502711948,0.2402770265719109,0.133256283464425,0.13629029641032142,0.12680770456790924,0.20372314240851422,0.010107471409549823,0.18935280252583037,0.15131740448419706,0.16111329744368075,0.14013876020908356,0.25087925986934584,0.0024228699687870014,0.20203283493008814,0.09059065655839761,0.13780219496929047,0.11738331615924835,0.1924089255355615,0.002203657906195786,0.0031551882216919076,0.1734214231582572,0.14632623335062941,0.1582142412662506,0.30641870057183784,0.01430284884827646,0.24184509175429153,0.08870172951366229,0.12651065514443127,0.13221260905265808,0.17836880243747688,0.002243113243009295,0.004173467690735916,0.08383617025498567,0.12590861775840148,0.12386465817689896,0.1640435188117549,0.0028174630412734166,0.002546593486599612
400,0,1,0.8789100158997704,0.8724591063607516,0.8556746244430542,0.78296193449112,0.9671733427351373,0.9162810714687885,0.8789190723911261,0.8710513466261696,0.8554449677467346,0.7846914886016385,0.9697608046997858,0.9136467542813019,0.8973172354152755,0.8755547375862162,0.8796178102493286,0.8180916775129241,0.9790857769446216,0.934236174783287,0.8792206060056313,0.874253602919484,0.8659058213233948,0.8346054735921875,0.9067147098575624,0.9146234223355283,0.8825520773877423,0.8708045200222221,0.8614357709884644,0.7938289730321858,0.9791833959547601,0.9075077269410794,0.8988232718606384,0.8894526784708919,0.9001814126968384,0.8396623666684047,0.9386879727184667,0.9261319287485895,0.8992502039519191,0.893873280918397,0.8940774202346802,0.816951812919673,0.9677809234439546,0.923567582242891
401,1,1,0.1406932446261372,0.20327274820284105,0.08678775280714035,0.17022893450304932,0.012195081122365583,0.23098170649528968,0.14138975542122134,0.2612692174801516,0.08494653552770615,0.13126893801159104,0.004190123186252919,0.225273962900405,0.12762112134296336,0.18278886918461737,0.07947102934122086,0.1380190178899358,0.01574650557172119,0.2220801847273215,0.1426646107517581,0.1757878286529582,0.11860155314207077,0.1537371601275678,0.01647501500521168,0.24872149683098205,0.13803249926604008,0.18595291173044395,0.09326281398534775,0.14990225555469952,0.0220789802883066,0.23896553477140275,0.1406244421031957,0.22724889908088441,0.10605545341968536,0.11514935660576373,0.028423224315908335,0.22624527709373665,0.1415053961147778,0.23905681156931907,0.08730856329202652,0.13628056352838916,0.01478437331571756,0.2300966688684366
402,2,0,0.07767031315650538,0.10173464065084495,0.10900706052780151,0.09984540701504478,0.004201303218379632,0.07356315437045606,0.06875566823900799,0.09078071970708305,0.10814245045185089,0.08357136995953585,0.0024197501959124716,0.05886405088065763,0.07703332340669082,0.10284827489551002,0.1096322163939476,0.10241730960356868,0.0041608226226706605,0.06610799351775715,0.08732802842150081,0.09831080708541336,0.10851307213306427,0.10192063689002073,0.0028312709310842,0.12506435506792143,0.0783350076170121,0.09999485406428564,0.11158766597509384,0.10173370412979311,0.004315651615726638,0.07404316230016134,0.07872522761304898,0.09762701123703985,0.10181388258934021,0.09589217014045709,0.004977910568780816,0.09331516352962695,0.07743857128375423,0.09819934733761601,0.096763476729393,0.09783705257466072,0.002829454057138486,0.09156352571996296
403,4,0,0.1358315765316408,0.19406455127623137,0.0892397090792656,0.13971146834563639,0.0033854689664529086,0.2527566849906177,0.12177353861469972,0.13933406405925786,0.10551077872514725,0.13113472220512581,0.007940934236261668,0.22494719384770612,0.14077692386397064,0.14785178876448948,0.08813898265361786,0.12239931476282179,0.012945845511221599,0.3325486876277025,0.08633268040746604,0.07489624675985136,0.08098938316106796,0.12662121802240894,0.002257185246057261,0.14689936884794466,0.1503194230579727,0.1585892781891377,0.18036633729934692,0.20916197077194873,0.039322634119464045,0.16415689490996602,0.10005254536799857,0.0715110694833452,0.11560294032096863,0.1428112355477775,0.0038750535797095176,0.16646242790819202,0.16093679302999064,0.1958229988210333,0.2399042397737503,0.21572678095757594,0.08227245329712653,0.07095749230046722
404,4,0,0.07904857746016436,0.10391395229670475,0.14951984584331512,0.10762654477458572,0.0016081183014421791,0.032574426084774,0.07949786867825116,0.10433800390629151,0.13231481611728668,0.12233035696853248,0.0019170747548041015,0.036589091644341,0.0830830234047158,0.10301181716925284,0.16918514668941498,0.12486709537974394,0.001799812239208548,0.01655124554595866,0.07528342145912283,0.0982109010209465,0.11774826794862747,0.08855578154306708,0.002793161045037134,0.06910899573793594,0.07955688776224064,0.10392206834533733,0.15650132298469543,0.10181889633694614,0.0026697013558200852,0.032872449788404215,0.08361948392828401,0.10782673557166643,0.1293724924325943,0.1241182641174649,0.0018648396062170827,0.05491508791347734,0.0814916703054067,0.10690612453236412,0.13038206100463867,0.0991171106666182,0.002002028632670006,0.06905102669074253
405,1,0,0.5653232418307177,0.5815627481133321,0.551729142665863,0.611390288230987,0.35367335111376164,0.7282606790296452,0.5809325357726924,0.5780318405351396,0.5858050584793091,0.6444365687871235,0.37576692270579565,0.7206222883560949,0.47716254960437976,0.5101285962785655,0.5749996900558472,0.5508877680267827,0.09925886294653628,0.6505378307141668,0.4429097790570344,0.4562974633738484,0.46416229009628296,0.5371395602764039,0.15655699492146355,0.6003925866171733,0.5649303312685336,0.5855259645041107,0.5892574191093445,0.5944234349705788,0.3407274178485821,0.714717419910052,0.39167801975290806,0.4155195589429457,0.4884665608406067,0.5158971108692829,0.06208410662860188,0.4764227614831028,0.4190703241942241,0.4291949922064087,0.5113741159439087,0.4951107286954527,0.11003793316812452,0.5496338509572258
406,3,0,0.07393176691614248,0.09710043172311697,0.10265957564115524,0.11642442893118936,0.002710623733114626,0.05076377455213622,0.06763019416899854,0.10110579661561969,0.08966192603111267,0.11025369505880027,0.0011398459303519624,0.03598970720910809,0.06303930199281912,0.09782503011238045,0.08938997983932495,0.09633067985015586,0.002689509111184924,0.028961311051049432,0.05892841403406639,0.09130813455850591,0.07917910069227219,0.09435886058968174,0.0014334138532010226,0.028362560476671156,0.07550577164375556,0.10305924103603002,0.09977798163890839,0.11514266574159712,0.0023500054312201413,0.05719896437102209,0.055130314596858,0.08885624985444819,0.08240722119808197,0.09453534860228334,0.0013910543682841361,0.008461698961192362,0.05420383944883378,0.09030003704710488,0.08348007500171661,0.08656116777013863,0.003295473934899791,0.0073824434903089625
407,0,0,0.05433038532490571,0.09105881204483884,0.08367780596017838,0.06219947710821485,0.0035189373450648168,0.031196894166231656,0.061753620892807906,0.10428821019683744,0.08914774656295776,0.0762737498973459,0.004027718092287226,0.03503067971461116,0.0628554184035955,0.09651100586290944,0.09150854498147964,0.0886845961451783,0.005096484093145095,0.03247646093526499,0.05876555752693733,0.09853183586036306,0.08285350352525711,0.08233531133077239,0.0033873559068098077,0.026719781011484277,0.05882980062711589,0.08913422401122457,0.08254919201135635,0.08705584805365804,0.0037854329503144712,0.03162430610902605,0.06286829916857817,0.10030555734965442,0.09261822700500488,0.08439554243626315,0.005637573358843636,0.03138459569312481,0.06266734399977965,0.09761452270562318,0.09889376908540726,0.08177072232513267,0.005582622572269605,0.029475083310465496
408,0,1,0.9552666425116405,0.940887140318054,0.959136962890625,0.9405609671845125,0.9977873091900887,0.937960832974922,0.9468334737276181,0.9333768992686481,0.9505864381790161,0.9208280156450185,0.992384352827996,0.9369916627174117,0.9585602227414041,0.9403948835950597,0.9610899090766907,0.9385272021476244,0.9944813951993591,0.9583077236882863,0.9608710897927004,0.9345889009846312,0.9500990509986877,0.9360243859877035,0.990735306148999,0.9929078048434811,0.9454921402488263,0.9397543677844269,0.9530473947525024,0.9546734258654913,0.9957523802293538,0.8842331326123579,0.9606262661325836,0.9338771487217015,0.9526168704032898,0.9310776955128008,0.9902635503112409,0.9952960657138843,0.9632716647378174,0.9384368304247338,0.9482512474060059,0.9483629273005896,0.9908439461106542,0.9904633724471044
409,3,0,0.07666120150447434,0.1005567109628169,0.09508863836526871,0.0990229603598674,0.002444421391639483,0.08619327644277924,0.08700823050800885,0.09809340577608365,0.11429570615291595,0.10589807323558813,0.002285930944287993,0.11446803643116847,0.069735914702709,0.09085353925273115,0.09159444272518158,0.09298034483688603,0.0025404769648168174,0.07071076973392942,0.07636438070037417,0.09771453924821527,0.09644537419080734,0.10350657574528566,0.0022827303135186565,0.08187268400404389,0.07441585226789475,0.1012180710248275,0.09351016581058502,0.08995793776484759,0.003053436811736443,0.08433964992747722,0.08051552940309371,0.09381102942165356,0.10240749269723892,0.10281061112087997,0.0021101603794373433,0.10143835339625878,0.08289498517976947,0.09714916567167033,0.10529057681560516,0.10715631328791263,0.0023500828585993677,0.1025287872650598
410,2,0,0.03648098556731426,0.06469121758145004,0.0476832389831543,0.049693975659071125,0.00047079603406647213,0.019865699578829398,0.034216631803879224,0.06572922699303616,0.043353576213121414,0.046622567833548276,0.00012768233653821123,0.01525010564315207,0.051042544430449796,0.07506869083905675,0.0791715532541275,0.09115280648457101,0.001398881647859366,0.008420789926634323,0.035126127922533515,0.06704165432702941,0.044623322784900665,0.05141943526417483,0.0005282509255607031,0.012017976311001983,0.022823553055575867,0.05476651476391188,0.03246096521615982,0.025791495608440095,0.0005037614718316109,0.0005950282175359432,0.051535563082603784,0.08713426179146055,0.08543311804533005,0.08105384682576362,0.0006524688656860706,0.0034041198847786012,0.031033299496005907,0.07062915971692711,0.04703116789460182,0.03638156899301261,0.001028934315737161,9.566655975081425e-05
411,1,0,0.07756605784335627,0.10694554713370108,0.09562119841575623,0.10565968699840966,0.004224391307149522,0.0753794653617648,0.07560148988794675,0.10181182570600664,0.09502668678760529,0.10196530159782405,0.004269400788881147,0.07493423455941658,0.07676470917336274,0.10052761831006726,0.10565529018640518,0.10440563070038325,0.003922103392899125,0.06931290327705891,0.08725761569876997,0.10596950136214267,0.10332626104354858,0.11226321369102672,0.0035968732630452154,0.11113222913408673,0.07797070897326777,0.1056122208847105,0.10088642686605453,0.10621378347745546,0.003663829534618988,0.07347728410349937,0.08270799082232479,0.1006571151415709,0.09895225614309311,0.10972950287925452,0.0055072547052474555,0.09869382524245797,0.0823676429602787,0.1009469833886488,0.10270469635725021,0.10839352100743871,0.004301790032198723,0.09549122401585701
412,1,0,0.08119788983271835,0.10266061577348995,0.10450759530067444,0.11087023315160638,0.005305900973891484,0.08264510396392949,0.07058313004583262,0.097083658558373,0.09716993570327759,0.07876731970120279,0.004322325767401829,0.0755724104989079,0.07681308135043045,0.09243403446683193,0.0907023474574089,0.08975639768299708,0.002687733395894384,0.10848489374901998,0.09307953306801293,0.1055186971225012,0.1105000451207161,0.10796555468926942,0.008308506124451191,0.13310486228312676,0.08282207856323842,0.10954983384199857,0.10349845141172409,0.09839266854508912,0.006542353018982671,0.09612708599839773,0.08172261010879436,0.10094773758830042,0.09564370661973953,0.07842499579549583,0.001776848580155328,0.1318197619602807,0.09130349180777923,0.09632286876125376,0.09347009658813477,0.09214153888655055,0.002972089662466804,0.17161086514049032
413,0,1,0.9410805150095273,0.9333935481426467,0.9513084888458252,0.9735187549962931,0.9996348678820017,0.8475469151808698,0.9383150897820614,0.9261880673413533,0.9455958604812622,0.9637796797708409,0.9997021142225457,0.8563097270943052,0.9501461299917043,0.9387255887304041,0.9546780586242676,0.9644239261626945,0.9983396783440723,0.8945633980970827,0.9701432345806191,0.9475195262636298,0.9633855223655701,0.9740307020323508,0.9995510261601309,0.9662293960814138,0.946231497830991,0.93669733649645,0.9470177292823792,0.9686597060978404,0.9996002747488513,0.8791824425294344,0.9691879511083596,0.942018873789453,0.9511253833770752,0.9714283246057153,0.999534420548599,0.9818327532209555,0.967265330355605,0.94246471063978,0.9508439898490906,0.9588744493534137,0.9995927096346128,0.9845507923011277
414,2,0,0.05906920958321199,0.07910262602084772,0.08028563112020493,0.08955968673099374,0.0005279636732258566,0.04587014037078769,0.0662145166795973,0.08686417677482329,0.09930609911680222,0.08932155427331177,0.000934676020772662,0.05464607721227652,0.052885030896917005,0.07505495769298025,0.07375486940145493,0.0655866365893428,0.0006468377099245046,0.04938185309088253,0.0623382503199799,0.08455049014637545,0.093625009059906,0.08006903635177239,0.002297761019188478,0.051148955022657205,0.06212575626573539,0.08059043133244144,0.08719837665557861,0.08996966190020739,0.0009167995764687357,0.05195351186398079,0.05753799672603843,0.08904031206563628,0.08812563121318817,0.0623198945454302,0.0014387576622439317,0.04676538814369359,0.06184632568271444,0.07994063796481689,0.09676893800497055,0.09491256568155013,0.0062979919285128215,0.03131149483372181
415,1,1,0.13232423029235918,0.20327274820284105,0.08365852385759354,0.16050404190726172,0.012195081122365583,0.20199075637173405,0.10637683201712429,0.13277775601933883,0.07738129049539566,0.09847101624249345,0.004190123186252919,0.21906397414214063,0.12263093667096807,0.18278886918461737,0.08314671367406845,0.13738385159809538,0.01574650557172119,0.194088743326338,0.1255315415763771,0.1757878286529582,0.11705976724624634,0.14385054103559947,0.013838727306550794,0.17712084364053085,0.13368653768796687,0.18595291173044395,0.09557753801345825,0.15185893755517035,0.0220789802883066,0.21296432085245537,0.10775335718185892,0.12863942951719587,0.08636727929115295,0.11232046631160647,0.020742204250499302,0.19069740653884007,0.10417559920151123,0.11712129964692801,0.0825568288564682,0.11033544213296939,0.011708367708284848,0.1991560576629057
416,3,0,0.677865194373395,0.7266629870021603,0.7130004167556763,0.7149651476444578,0.40321769071179336,0.8314797297528872,0.6447501549874721,0.6781908533152462,0.7010866403579712,0.6901010354377579,0.31912850242405993,0.835243743402325,0.6854000910910105,0.733650276687218,0.7199974060058594,0.7000869091832045,0.41383211862543695,0.8594337449533341,0.6863021584688574,0.699181641935401,0.7207619547843933,0.7193369620398344,0.48326278562097924,0.8089674479636789,0.7168969872603669,0.7058788927878984,0.699388325214386,0.7024987747802431,0.6530889835004884,0.823629960018818,0.7140515734478199,0.7262835589884569,0.6735101938247681,0.7127361847732784,0.6240735788464641,0.8336543508061318,0.7210109743747745,0.7239632731056558,0.6759943962097168,0.7247211470429671,0.6329795500112186,0.8473965055043142
417,0,1,0.8794225158715596,0.8755926409309787,0.9078275561332703,0.8427930878252129,0.9795699746591404,0.7913293198091964,0.8797300215845174,0.8853099151203877,0.9050308465957642,0.8224147365753754,0.9804934395053905,0.8054011701256695,0.8386294537154632,0.8470904322945636,0.8794954419136047,0.781262552094981,0.9196000474534446,0.7656987948207215,0.9083102476408721,0.8638438696659242,0.8822987675666809,0.8576836336980507,0.972424347770779,0.9653006195029251,0.8769649140928799,0.8704996004985963,0.884530782699585,0.8289037742483931,0.980418560341877,0.8204718526759478,0.882059017090888,0.8380725525016633,0.8542210459709167,0.845652783716475,0.9406881911064302,0.9316605121589538,0.8721077390247736,0.8307826919919125,0.8551474213600159,0.8072962936228525,0.9343898809191211,0.9329224072299661
418,3,1,0.8613459067801864,0.8783058149213121,0.8727545738220215,0.8646555931511943,0.9775120077322051,0.7135015442741988,0.8585349656530017,0.8703840117700977,0.8853664398193359,0.848710621915361,0.994502171555811,0.6937115832044027,0.8935314078757269,0.8830755844982385,0.8828839659690857,0.8557061121330514,0.9731567035813727,0.8728346731968865,0.9105910182939267,0.8889281299253071,0.894405722618103,0.8733022213025018,0.9909651144784318,0.9053539031452896,0.8788458947203075,0.8778179094883624,0.8798118233680725,0.8751654209476672,0.965434024900095,0.7960002948973405,0.9281190221555627,0.8841104994481234,0.880823016166687,0.9038127057931652,0.9915599958415537,0.9802888935282846,0.9253385435579095,0.8913602344848042,0.8719552755355835,0.8908968466602877,0.9949089505591281,0.9775714105497438
419,2,0,0.11265067950247212,0.12065877455358215,0.15375997126102448,0.1331285367483638,0.006048820078023893,0.1496572948713662,0.10619751522568772,0.10955459471987042,0.13122911751270294,0.13017508033561545,0.002244222470162616,0.15778456109008718,0.10945076524973404,0.12336399799348591,0.1454198658466339,0.13139187031367355,0.004189782685411157,0.14288830940946576,0.10535907082738746,0.12887994689321658,0.1610926240682602,0.14556669506892295,0.014310054764642073,0.07694603334189558,0.11190386814375541,0.12130290940855458,0.13728484511375427,0.14161060904373546,0.005883439262747294,0.15343753788998538,0.09320560926823832,0.10421724888938977,0.15792281925678253,0.11239361866284561,0.002872224296607279,0.08862213523556642,0.09473270074794685,0.10964339535821736,0.15228378772735596,0.11795110016068332,0.004457880544373366,0.08932733994910422
420,1,0,0.1468170894847834,0.10755008288045165,0.11287431418895721,0.1571806584351938,0.0021035922260606806,0.3543767996932536,0.14697144048630656,0.1034622311824842,0.14629507064819336,0.12835259062836119,0.005529433478843039,0.351217876493651,0.1431837901467329,0.0920187814791198,0.10483718663454056,0.14561745857002853,0.0020713840265127333,0.371374140023463,0.06032026372506982,0.06337779049095435,0.09331950545310974,0.0970794699885507,0.0022452991687131976,0.04557925352402116,0.03458247100878027,0.05607998941371389,0.05171068757772446,0.0363124945281892,0.0009550493131965255,0.02785413421107726,0.06319418709477531,0.06903466633868247,0.10491107404232025,0.11752986467413491,0.0008492634177149351,0.023646067001023972,0.035180721692977555,0.05581027084425591,0.054525088518857956,0.06445823554991476,0.0004867029920820874,0.0006233105597770616
421,1,0,0.10282052397806973,0.1316153407864203,0.1281585693359375,0.11734437127013171,0.005305900973891484,0.13167843752396766,0.0995322745352613,0.11820995819878538,0.11599291861057281,0.11853431182664162,0.004322325767401829,0.1406018582729049,0.10052119320145878,0.12192398877427647,0.12684743106365204,0.11626053436053893,0.00497076537973363,0.1326032464290928,0.12328754879494656,0.13285191685834274,0.1393621265888214,0.1349984609343769,0.0035968732630452154,0.20562836633014664,0.10515503040546403,0.12489882998529793,0.129144087433815,0.1204096087062055,0.004937124397958508,0.14638550150404328,0.12033866247434513,0.11779954972566715,0.12489696592092514,0.11449560472979659,0.0055072547052474555,0.2389939372900894,0.11918164432863283,0.11510706877705722,0.127825066447258,0.12133995560469377,0.004301790032198723,0.22733434078195638
422,4,0,0.10838677520465174,0.12876672539644918,0.1328408271074295,0.12646409178633533,0.006595570204220146,0.1472666615288246,0.08912938615502519,0.0962718011290867,0.10442593693733215,0.11060283616842632,0.0026295295310784,0.13171682700920237,0.10547923806889678,0.1161600564543107,0.12670844793319702,0.1123729873793269,0.0059540879501751316,0.1662006106274741,0.10077594148139693,0.10979117270635162,0.12948185205459595,0.13086446633819382,0.002607413615343915,0.1311348026924993,0.10657001019586458,0.12686105181252474,0.1287766546010971,0.11913039293691233,0.0029204295536149373,0.1551615220751739,0.0952606947329435,0.11169543845915247,0.10560194402933121,0.1157122802758309,0.003815424881418702,0.1394783860189842,0.09121512847035487,0.09989995063577753,0.09880251437425613,0.10692544841827226,0.0029855804867842273,0.14746214843668423
423,3,0,0.0952660913678697,0.12167616004624626,0.17965838313102722,0.1093239178212941,0.002444421391639483,0.06322757444914152,0.08222562840357105,0.11293421428037378,0.14754077792167664,0.09717980767871119,0.002285930944287993,0.05118741119280566,0.08367716681045947,0.10586126236166257,0.16336584091186523,0.09423380932661672,0.0025404769648168174,0.05238444448733602,0.09678802161634976,0.11841665231760574,0.15838965773582458,0.11422104999250964,0.003244000163029154,0.0896687478727797,0.0932840159795462,0.12198625324302054,0.16870208084583282,0.10863960312220958,0.003053436811736443,0.06403870587493164,0.07610328697983229,0.0907126383160449,0.13481217622756958,0.09419849440072804,0.0025693004746384987,0.05822382548018046,0.07627501857682818,0.09615002876186537,0.1347673535346985,0.08969127088637158,0.002643812196600286,0.058122627504605215
424,4,0,0.5156099490487519,0.5641749576647617,0.4966757595539093,0.5684372791017651,0.36061728517455227,0.5881444637487713,0.5300264080847604,0.5628599848610019,0.4345560669898987,0.5967364399800069,0.386078871139086,0.6699006774538085,0.4668386096014795,0.5536023459859281,0.48578712344169617,0.5755229348854892,0.26674716720940533,0.4525334764848787,0.4262453207623122,0.5240464152696125,0.4690558612346649,0.5602084153229875,0.2843510663039065,0.29356484568038965,0.5242521639806985,0.5913999711795963,0.437311053276062,0.559180596384306,0.3601503303448041,0.6732188687187243,0.47149856122923717,0.5378196358805165,0.48967844247817993,0.5447928123761121,0.3645597188208403,0.42064219659053703,0.48827294053509024,0.5431285527269437,0.45495107769966125,0.5616650966092769,0.26768471076818495,0.6139352648713845
425,3,0,0.037847329345348624,0.08388944859144438,0.06215961277484894,0.03626641174898161,0.0003823881872014685,0.0065387854242667486,0.044634814896581256,0.09028662428321994,0.0643405020236969,0.062229200863991065,4.501499000231558e-05,0.006272732321996066,0.03821545437201408,0.0798712524772674,0.058932866901159286,0.049655915380194114,0.0004804955093319767,0.0021367415921176467,0.04066040591392066,0.08140929219151705,0.06270177662372589,0.05262382593556337,0.0011381599282440434,0.005428974890552931,0.03613474807010124,0.08790581178350233,0.0559229739010334,0.035133231068623864,0.0006183335823095432,0.0010933900150370858,0.042032549936713015,0.09201520413389234,0.06506393849849701,0.05145075317332566,0.0002597908196492538,0.0013730630582008115,0.036776254004407025,0.09260207669070462,0.0571623258292675,0.031077509585454004,0.0028206057953701308,0.0002187521212388531
426,0,0,0.08427845978429463,0.10323458320419188,0.12420127540826797,0.11237256784199912,0.0035189373450648168,0.07806493512194937,0.08161140853032914,0.10394017192740629,0.13080741465091705,0.10601049570329911,0.003966743903949671,0.06333221646607351,0.08359075343752592,0.10267049673117852,0.1250394880771637,0.11893897765340308,0.005150569912916895,0.06615423481296744,0.09266720561366673,0.11033740931582414,0.11296354979276657,0.11662942497503949,0.0027974600787068374,0.12060818390599666,0.08284198780184891,0.10181443694265963,0.11833808571100235,0.11729283632286676,0.0037854329503144712,0.07297914708240139,0.08587701912839868,0.10587125976173732,0.11023259907960892,0.11576531148539139,0.0039840397467158385,0.0935318855685399,0.08805365911195592,0.10221201399403937,0.12130264937877655,0.10835610938062462,0.003328632424870581,0.10506889038146847
427,0,1,0.8654328199698181,0.8727834919120486,0.8434292078018188,0.7959413385682091,0.9795699746591404,0.8354400869078741,0.8642674201927777,0.8599804570487215,0.8487715721130371,0.7915877087583746,0.9804934395053905,0.8405039235383648,0.8389374246085304,0.8379847579841885,0.8190959095954895,0.7621156004682311,0.969331818385337,0.8061590366094058,0.86071379920207,0.8637911512275938,0.8343015909194946,0.8137752280676601,0.9539178332572801,0.8377831925383216,0.8701554869760864,0.8714181109334405,0.8558403253555298,0.8016267457606604,0.9821190738232384,0.8397731790075625,0.8390367529773991,0.8278316748772615,0.8314359784126282,0.773135960032149,0.9344954336115588,0.8282847179533983,0.8358739977296225,0.8300019463766907,0.8221922516822815,0.7763392032514057,0.9405400350767911,0.8102965522609437
428,3,1,0.8842400091625049,0.8827181709744668,0.8830339312553406,0.8627713305601198,0.9874891383498953,0.8051874746727018,0.9268030257173591,0.8873085327226223,0.9064525961875916,0.8890862625309572,0.9977391930668398,0.9534285440787842,0.8890236416732321,0.8723015413716922,0.8777931928634644,0.8559162811376057,0.9812607495890023,0.8578464434043966,0.9197883755584128,0.8958730449995795,0.8935688138008118,0.8844716376484933,0.9936204719449149,0.9314079093982646,0.8886795610338257,0.8859967166348885,0.8947956562042236,0.8496650662689309,0.9873035953298473,0.8256367707312383,0.9466786860035177,0.9000803526993219,0.9100014567375183,0.9297618411301815,0.997608116333765,0.9959416631168018,0.9380757071016547,0.8911309445368156,0.907105028629303,0.8999462586897512,0.9983884898769047,0.9938078137754985
429,3,0,0.08451811277741408,0.10506034494287435,0.1169305145740509,0.10320991078420075,0.0036826537234228023,0.09370713986252154,0.07693981513010831,0.10081986412640709,0.1163010522723198,0.08583241924820421,0.0044158466761854386,0.07732989332742501,0.08520534643080337,0.12186193378850904,0.13160440325737,0.10090250544546132,0.008198208246494696,0.06345968141618175,0.09023633762321566,0.09902985552539545,0.11102104187011719,0.10641328704406013,0.003705909676397162,0.1310115940001084,0.08271533205692641,0.100579116780537,0.10503705590963364,0.10169132815751078,0.003892760461256324,0.10237639897569425,0.08400897693724471,0.11294426515086119,0.12488358467817307,0.10171852789193556,0.012275741226910384,0.06822276573834328,0.08179883494585014,0.11453486538481827,0.09884440898895264,0.0997068901552442,0.004710466973008986,0.0911975432272266
430,0,1,0.10959400242285004,0.12254135122067235,0.16414830088615417,0.15827856112045857,0.0051202638768817615,0.09788153501008336,0.1420343215065748,0.1560075997800692,0.23007459938526154,0.1922880930499287,0.0055056469987486405,0.126295668318866,0.11653151880058969,0.14570332418969617,0.19381053745746613,0.14049426986035735,0.010318842009260877,0.09233062048616798,0.1151277255874755,0.12991501272187433,0.1768300086259842,0.13998514337332893,0.0037154083981187323,0.12519305481807136,0.11347485468919453,0.13018851355084904,0.16144372522830963,0.16871980389378158,0.004881891952216557,0.10214033882081588,0.1390567348973452,0.15581791993474942,0.20323029160499573,0.16980086253210525,0.007992543656921003,0.15844205675795464,0.13622719766958938,0.15477880503518457,0.19534385204315186,0.15604487754150673,0.009088826728415192,0.16587962699968847
431,1,1,0.39433045487615964,0.505328619203416,0.4865013659000397,0.41836528145683183,0.21386714195693918,0.34758986586357166,0.44904669267684394,0.5785584752953492,0.5535200834274292,0.38723059351799943,0.3641543056171816,0.36177000552626015,0.4520896600331604,0.5257059964450168,0.4713802635669708,0.4162366340377458,0.41520857993180865,0.4319168261842604,0.3987272691051784,0.4604171875027651,0.5347891449928284,0.43162769932425565,0.20145536262314004,0.3653469510829028,0.3928730176140335,0.5146090745005749,0.4831724464893341,0.4306867472697434,0.1719887487393864,0.3639080710711289,0.5304832241426459,0.6026543274404502,0.600355863571167,0.5090249284708315,0.46323126468085984,0.47714973654992127,0.5067164283565568,0.5953394168912475,0.612865686416626,0.45022233822550195,0.4266949520653599,0.44845974818404916
432,4,1,0.5053906567546983,0.5806619221646836,0.5467296838760376,0.5533812054277428,0.1859521011889513,0.6602283711160764,0.5481776611764638,0.5627301606269489,0.5453216433525085,0.6111077009288921,0.29781333754579714,0.7239154634281726,0.48601304182221716,0.5553565250630198,0.5642063617706299,0.5524116066095061,0.15173487245703132,0.6063558432108986,0.4581569327967999,0.5543888171729773,0.5247817039489746,0.5190426801410534,0.13121620521271699,0.5613552575082772,0.5402431376346252,0.5969459074944499,0.5301945805549622,0.5732136895443978,0.32192592877874054,0.6789355818005758,0.49217758859617655,0.5483573174873314,0.5371935963630676,0.5302046177673896,0.2502574227206506,0.5948749886424435,0.5077192275696119,0.5540804910653672,0.565631091594696,0.5288759038193712,0.2935465421138884,0.5964621092547363
433,4,1,0.7906677737484051,0.8090476469130912,0.7934442758560181,0.7613861049366064,0.8858521436822135,0.7036086973540968,0.8096926626774371,0.7982432278103122,0.791867196559906,0.7872032153174225,0.9101602985567042,0.7609893751428409,0.73568604719217,0.7922073763692634,0.7916396260261536,0.7201216863054644,0.7485135771577898,0.6259479701021786,0.8359428206447965,0.82735065239609,0.8130148649215698,0.8089440414543875,0.8940367335601245,0.8363678108918107,0.7897429968536704,0.8137247018117584,0.7953207492828369,0.7638831678887972,0.8678026087792566,0.7079837565057028,0.8434391442593997,0.8379558844623,0.8196467757225037,0.799558880596194,0.879255882818243,0.880778297697758,0.8297517123447349,0.8304415256507386,0.7995211482048035,0.7893549567835614,0.8749721411493965,0.8544687899351745
434,0,0,0.28100300065440137,0.2320693793116483,0.23037469387054443,0.21049000044965951,0.11631083454181441,0.6157700950983402,0.27243990665468576,0.2270537504882972,0.16571593284606934,0.23649772429651408,0.10515420329059882,0.6277779223519494,0.23650576632761613,0.18943648074006755,0.15841412544250488,0.2049269934023372,0.04123053809234555,0.5885206939608253,0.29022227867735023,0.21430080824403552,0.24158872663974762,0.19020093186146156,0.2003893591125928,0.6046315675289137,0.3055704899336346,0.25688664965876956,0.27298542857170105,0.25103265729609386,0.13797757841244862,0.6089701357291599,0.2901976435766097,0.2768382480392241,0.187733992934227,0.2746082912254329,0.10984857613847777,0.601959109545687,0.2898925695316684,0.2639614867269307,0.1645680069923401,0.25376383820922854,0.14287066504602144,0.6242988506838215
435,3,0,0.4708342429116268,0.4732113005665947,0.5370160341262817,0.46107596652672544,0.09185698785542536,0.7910109254831066,0.4307620967362629,0.3505983969015494,0.5163151621818542,0.3598834617686298,0.1374889852204401,0.7895244776088409,0.4546715259425615,0.44936126668621196,0.5663891434669495,0.4108477373479288,0.07582014712220728,0.77093933508951,0.5792949318196705,0.4865597473685464,0.6475293040275574,0.5047640026075684,0.41724067129446746,0.8403809338002133,0.48969984189505456,0.4755446162350688,0.5414785742759705,0.48034620395439254,0.20163190871720515,0.7494979062926356,0.4713747657402288,0.3887799687895274,0.55315762758255,0.3906782605321975,0.22672712037458304,0.7975308514222857,0.5012409555980002,0.4797861250486997,0.6025659441947937,0.36009647792882904,0.2633958919082099,0.8003603389094683
436,0,1,0.9692711098746528,0.9503422432647503,0.9547673463821411,0.9636696570283189,0.999890727638315,0.9776855750597391,0.9740905463036877,0.9591714209896618,0.9545348882675171,0.9815320224918241,0.9997241373397777,0.975490262429658,0.9626915256665296,0.9402688935067439,0.945173978805542,0.9574844811780867,0.9991635113567101,0.9713667634855655,0.9746414849844216,0.9544950834763949,0.9588674902915955,0.9713510072002748,0.9988344503087099,0.9896593936451327,0.9706066411352772,0.9475644650433389,0.9505055546760559,0.9789574251291963,0.9996266855426809,0.976379075285114,0.9703098849542453,0.9485931185555264,0.9529731273651123,0.9630195852321035,0.9988812105358912,0.9880823830825934,0.9630805286283468,0.9478159605864643,0.9477266073226929,0.9409296101972053,0.9985266549038785,0.9804038101314938
437,4,0,0.035748249734649434,0.06410161659936504,0.07608848065137863,0.03662036508617402,0.0011625277356212625,0.0007682586007082381,0.044042567405670675,0.06895393224020006,0.09287664294242859,0.05552036425265247,0.001974948910813865,0.0008869486822583551,0.033987889627038616,0.06509072213688874,0.0606171190738678,0.04321683470798889,0.00032099408633827915,0.0006937781301093359,0.037439706549317046,0.0674339334732404,0.07276821881532669,0.044206228379879225,0.0015355599046080277,0.0012545921735309209,0.028020748100566338,0.05467658921529565,0.055347103625535965,0.027758725106216287,0.0021968263882453294,0.00012449616753846559,0.0381019908661663,0.06557486398176965,0.0688418596982956,0.05390280296213835,0.0010462130213909164,0.001144214667237016,0.025961852442919636,0.05180090979989929,0.04737580195069313,0.027316431587511233,0.0031480700588710376,0.00016804881762348252
438,4,1,0.803608198294149,0.8897260080580719,0.8863190412521362,0.8869576814176056,0.9833134348124049,0.371724825930526,0.7847175922305144,0.8789260944371549,0.8697184324264526,0.8445426336395907,0.9843381529951326,0.346062647654241,0.9122143744714745,0.9065188955708758,0.9225724339485168,0.9136356078628276,0.9957770258573055,0.8225679091178469,0.8305674672308777,0.9203993836163248,0.9209243655204773,0.8898291918969294,0.9454354112951553,0.4762489838255016,0.7698813657066855,0.9220533733235924,0.903861939907074,0.8845536456405697,0.8344014410530903,0.30453642860910113,0.9105238146086954,0.9005655258459051,0.9078086614608765,0.8993206903540216,0.9638285110774331,0.8810956843052411,0.9006303075974337,0.9039646211021968,0.914848268032074,0.8514228682682685,0.9777507206859276,0.855165059898702
439,1,0,0.16982608730832635,0.20879048225332292,0.22302810847759247,0.3020393788173273,0.02125086160694258,0.09402160538644654,0.12747765793818516,0.15195759858286575,0.22591403126716614,0.20905731707795036,0.01445977564546055,0.03599956711748306,0.15764163892906208,0.20861895148531825,0.2039593905210495,0.2518705789451517,0.027456004452536195,0.09630326924125471,0.14955897092716547,0.19851683950881951,0.20211172103881836,0.25750395945998117,0.03112485314531644,0.058537481482891875,0.21844002825179495,0.21952824904450938,0.19412310421466827,0.24443141087192616,0.02387602542603535,0.41024135170183557,0.15379381378274198,0.22207611125951437,0.23525425791740417,0.2698787735766902,0.014288623172857848,0.02747130298724343,0.15997419134810315,0.2100721519722987,0.2382867932319641,0.2613311909355799,0.027563015634406177,0.06261780496626683
440,2,0,0.08681942774136606,0.10305347029653839,0.10987422615289688,0.1023982285388393,0.0013978745972259901,0.11737333912132976,0.1316536154450884,0.1232697905306028,0.2195790410041809,0.14417026256780333,0.0028682033932422076,0.1683807797296129,0.10067708292887201,0.10739419009332707,0.12994366884231567,0.11633222273257744,0.0009753675536719108,0.14873996542246798,0.08373303925973884,0.10864656172118507,0.11689325422048569,0.12586639735609326,0.0061163945791797136,0.06114258842175048,0.08867212129265764,0.10031128874215237,0.11364085972309113,0.11944074541698589,0.0022592484306054065,0.10770846415045343,0.13732734812779154,0.13367426557951265,0.23556941747665405,0.12469277894375601,0.019328867540393858,0.17337141109864124,0.11815889222804374,0.13496454676393219,0.2270570993423462,0.11152295825526876,0.00771868384979445,0.10953117292887712
441,0,1,0.7968232930014886,0.852211044192916,0.809244692325592,0.7894183362798027,0.7831425641353893,0.7500998280737431,0.8116375689386555,0.8499356513871628,0.8134238719940186,0.7859878876601609,0.8532061466679011,0.7556342869840336,0.771955448049241,0.8297934770518298,0.7969884872436523,0.7611117415690759,0.8237903432562654,0.6480931911253814,0.8349048715190326,0.8455321677789451,0.7885679602622986,0.7916654913749042,0.8298310810770835,0.9189276571019324,0.7927712333026997,0.8416344443313977,0.8063496947288513,0.7734975542372187,0.764697544581018,0.7776769286350131,0.7902881402846967,0.8076196099020946,0.7718843817710876,0.8072524855154813,0.7646897575742492,0.7999944666605711,0.7436658648965844,0.7893486641086236,0.7431444525718689,0.7726953939683239,0.5445632906178709,0.8685775232162347
442,3,0,0.07744018196476796,0.0935510287966993,0.09026599675416946,0.10347659066394993,0.002877358223228005,0.09702993538579313,0.0737793048708688,0.10814486646835651,0.10259824246168137,0.0851487300208096,0.004594390794730808,0.06841029460876574,0.07327027179259385,0.09223578173485793,0.09159005433320999,0.09875973742967903,0.003549909491039858,0.08021587597418245,0.08391850429048077,0.1015009388292824,0.09272345900535583,0.09817114247091999,0.003904336896680159,0.1232926442501654,0.07557988548162084,0.09609479622230897,0.08702210336923599,0.0973228558373451,0.003053436811736443,0.09440623516747768,0.07098002805296404,0.09233951843119478,0.09301234036684036,0.08960554821528553,0.004084385470497892,0.07585834778100164,0.06839437700121336,0.09025621037256117,0.08393879234790802,0.08666874446745168,0.0029277803063299827,0.07818035751181596
443,3,0,0.0681198535878796,0.1005567109628169,0.10020766407251358,0.10033919373534457,0.002302716388256038,0.03719298278046691,0.06573140803880333,0.09603980797189349,0.10122793167829514,0.0962717009753165,0.0022204982873721825,0.03289710128113934,0.065981946896263,0.09085353925273115,0.09718117862939835,0.09320031479684555,0.0025404769648168174,0.0461342248375231,0.0824948440647911,0.14609764560454333,0.11948677152395248,0.11204612546907093,0.0019697660847993255,0.032873911641589426,0.06487131992113507,0.1012180710248275,0.09207193553447723,0.09230333471700614,0.0023500054312201413,0.03641325289814435,0.07476878981099497,0.12481606573890347,0.11273730546236038,0.09113430399553703,0.0021101603794373433,0.04304611347873663,0.06914525098200215,0.09121208821484225,0.10927920043468475,0.09977598937525214,0.0016739772358476792,0.043784999649383954
444,3,1,0.7701393491522909,0.7789588604379885,0.8018150925636292,0.7535051444263643,0.7377513892459533,0.77866625908752,0.7799110529074305,0.7858137358264667,0.7960230708122253,0.7178545324219939,0.8297707528012064,0.7700931726752599,0.7731433072852802,0.7759511440441745,0.7967932820320129,0.7567776880341018,0.7557200716042379,0.7804743507118745,0.8722580273322652,0.8152650659363487,0.8201146721839905,0.836727758539305,0.9362186090207089,0.9529640309809732,0.7644677645132555,0.773986612978517,0.7692556381225586,0.7447006797291529,0.7523447242277572,0.7820511675082918,0.8753916291914454,0.8313273669566947,0.8131412863731384,0.8201657323511404,0.9415033388398494,0.9708204214364038,0.8717662188783446,0.8217550765893038,0.8245774507522583,0.8081669612996832,0.9346458052001834,0.9696858005502946
445,3,1,0.06381386773159556,0.07879074229658654,0.07251159101724625,0.09324424873936327,0.002444421391639483,0.0720783352131423,0.07631685006636521,0.08737589908985958,0.08782168477773666,0.10009408720026161,0.002285930944287993,0.10400664831968019,0.061390733423344834,0.08222076711869464,0.0735652968287468,0.0890563069988617,0.0025404769648168174,0.059570819205604246,0.07393255516236487,0.08600894886541735,0.0773666501045227,0.09682836928111775,0.003244000163029154,0.10621480739773738,0.06558420257999005,0.0834334045666334,0.07670310139656067,0.09270099710994152,0.003053436811736443,0.07203007301507827,0.07992408375068087,0.08937125194985959,0.08429770916700363,0.09157397307314799,0.0025693004746384987,0.13180818408875467,0.08552222255475747,0.09230709200978048,0.08683644980192184,0.11820255026250522,0.00304953608803298,0.12721548461154683
446,1,1,0.9521828038107361,0.9361291194483919,0.9525706768035889,0.9614165569717322,0.996786755744339,0.9140109100856287,0.9499534428712233,0.9290371854833592,0.9430169463157654,0.9613080298776706,0.9951807110854843,0.9212243415938366,0.955337877982782,0.9326610978002239,0.9509886503219604,0.9332939149050075,0.9978883760224367,0.9618573508642815,0.9666656294318982,0.93044407854865,0.9504704475402832,0.9607844498058216,0.9974529580828515,0.994176213181885,0.9591585620550405,0.9435710076707546,0.9424421787261963,0.9514856268438948,0.9971908608611992,0.9611031361731568,0.9571706909861255,0.9283788603739571,0.9280334115028381,0.9399851843507497,0.9958754676506874,0.993580531052396,0.9545557162844505,0.9211391633254951,0.926063060760498,0.932125598148019,0.9964529703101307,0.9969977888781095
447,1,1,0.9407839524693585,0.9229169318578103,0.9356223940849304,0.9376430474528205,0.9885347366503474,0.9192026523008844,0.9374883730293592,0.9282162085096352,0.9437183737754822,0.9011435303304092,0.9878162158758472,0.926547536655422,0.9424067252425425,0.9362704333591696,0.9417855143547058,0.9238025721649833,0.9964049003676385,0.9137702059662152,0.9536479432732416,0.9218777712123201,0.9398922920227051,0.9443114784248334,0.9873976651954955,0.9747605095108539,0.9392576352417358,0.93351165103521,0.9489052295684814,0.9546693546351166,0.9924411022749684,0.8667608386949026,0.9596388173564083,0.9323483011385495,0.9497373104095459,0.9476763558980132,0.996009578752413,0.9724225405835203,0.9585054940004788,0.9388133717413681,0.9490973949432373,0.9514016580642826,0.9982814075724012,0.9549336376811046
448,4,1,0.2760224923784086,0.3508191056832154,0.37555229663848877,0.34683982038267425,0.0571520642609851,0.24974917492667936,0.22874776069765682,0.28558591242292264,0.34055328369140625,0.2359285822844737,0.02909820197667953,0.25257282311280194,0.28999094714731755,0.3590930482673924,0.3991749882698059,0.2739403068087765,0.14526083445792745,0.2724855579326856,0.3451741006109354,0.44344702309739953,0.5048760175704956,0.42951537653024163,0.15857039524690295,0.18946169060963755,0.2798881775217105,0.3599299198595839,0.3816460072994232,0.3564948367551419,0.05595056003928789,0.24541956365511605,0.26825082356828445,0.3446419748413836,0.38123831152915955,0.28967942422757353,0.09308291667069606,0.2326114905726093,0.26869435280527787,0.34689127786986085,0.37643206119537354,0.2772763481160431,0.09772529913285335,0.2451467777122584
449,0,1,0.9286742142677802,0.9161064450347303,0.9045959711074829,0.9168886942339496,0.9960279100060115,0.9097520509567268,0.9341665713857523,0.9221236234220851,0.9073479771614075,0.9267504210744155,0.995848228704089,0.918762606566764,0.9313606318837048,0.9186479337703295,0.9063883423805237,0.8979758449414146,0.9980057176706656,0.9357853206555903,0.9233274633048796,0.9144253044651256,0.8984233140945435,0.9250143092292381,0.9946281514801076,0.8841462372553828,0.9389072560360139,0.9172977452250285,0.8901327252388,0.9492596420011,0.9970553644678495,0.9407908032472913,0.9255771280063498,0.9144978896137729,0.889491617679596,0.8899763051511803,0.9954495819424996,0.9384702456447006,0.93553461958117,0.8983659998252499,0.8787200450897217,0.9166058139872488,0.9972065493165172,0.9867746896871126
450,0,1,0.217683932747008,0.21851391212207016,0.28818467259407043,0.29506822937878563,0.1450541186357327,0.1415987310043812,0.23436648060915707,0.21707459270272664,0.30672040581703186,0.32456375002191046,0.17664501169314992,0.1468286428109665,0.22595884257386553,0.26171043463836696,0.2905695140361786,0.3326668337383662,0.08434116530429449,0.16050626515212135,0.21629058399333667,0.2166431427684782,0.24825823307037354,0.3502715301529599,0.07484193677992737,0.1914380771949444,0.21244666017713074,0.2472541686134139,0.29068318009376526,0.29896271944905844,0.09428303097096961,0.13105020175844656,0.3100655234896368,0.28744887078651116,0.2908326983451843,0.35559794393410643,0.4182355466941165,0.19821255768826546,0.31140827001133287,0.26085087042135036,0.2829842269420624,0.3566398194396595,0.44153918741094617,0.2150272458426462
451,4,0,0.09484888395510763,0.10393556901841085,0.12547938525676727,0.1044116699626028,0.004713387540088348,0.13570440799766892,0.09689995229413963,0.10180446965567318,0.13747680187225342,0.11127460611795671,0.006923594305239432,0.1270202895195754,0.08555331386941437,0.0926372829719518,0.09137192368507385,0.11988254271234475,0.0027158222010724656,0.12115899777662895,0.09496131671097938,0.10788341766284328,0.08769380301237106,0.09411544929071623,0.009396992954352689,0.1757169206346136,0.08644454576577085,0.10920990820415492,0.10012245923280716,0.095430370509093,0.005820586730534347,0.12163940415226471,0.07900803753708432,0.10222375787377651,0.0839357078075409,0.09182854582615547,0.008728961763162646,0.10832321441478615,0.1001778053613113,0.10328902618970451,0.0900951623916626,0.1112835255255909,0.030383261233968565,0.1658380514656299
452,3,0,0.0727945267444613,0.08836868724613384,0.08589545637369156,0.13334066187472435,0.002710623733114626,0.05365720449464215,0.07642530113795018,0.09498468526623828,0.09341637045145035,0.12800195240904538,0.0012866667074541585,0.06443683085556282,0.06444433761423289,0.08541669590227556,0.07552444189786911,0.09735844556467711,0.003549909491039858,0.06037219521530287,0.07724762257902382,0.08666371688730502,0.07837658375501633,0.12084111083493383,0.0073439363183275385,0.09301276509953639,0.06289131876109022,0.08868946587504244,0.07549328356981277,0.09558840493662371,0.0023500054312201413,0.05233543399275206,0.08462509276305163,0.09519232522379596,0.0901087075471878,0.11390579477232153,0.0019001520380518896,0.122018484233901,0.08154846703426734,0.09664333873972787,0.08755410462617874,0.10184359470896309,0.007659905047748962,0.11404139204871805
453,2,0,0.4807440999652838,0.5679368986470521,0.625844419002533,0.49064149429379333,0.3620337113363606,0.35726397654667974,0.5847399361680281,0.7634807458699139,0.7879118323326111,0.4750528233406711,0.4732682421653678,0.42398603713157695,0.5052750549824044,0.6051500143679253,0.6068171262741089,0.4622802065116793,0.38330189652414304,0.46882603123416594,0.51584467328668,0.6188193045712959,0.6917945742607117,0.5622862393728508,0.34465604267528854,0.36166720555325316,0.49715021306860613,0.5908978676798106,0.6415703296661377,0.48483466099447114,0.36336395715656,0.4050842498460511,0.6481163552688768,0.7462718705764333,0.8249597549438477,0.5415501495023887,0.5027204804130615,0.6250795209086533,0.6531907327303587,0.7223661688450533,0.8172803521156311,0.5624549006564663,0.574233372906992,0.5896188691276506
454,3,1,0.3202551278559886,0.28311434675730857,0.32799866795539856,0.368332602784068,0.11469555923846057,0.5071344625447074,0.28913709263741516,0.23674534605377007,0.284175306558609,0.34777462949872845,0.07762420726825987,0.49936597380770853,0.3467698401772715,0.2874846591427751,0.39772307872772217,0.41540078441574463,0.1007249804873216,0.532515698112794,0.3485384503974792,0.2810288230022449,0.38621869683265686,0.3967985075880221,0.17985885494976894,0.4987873696147033,0.3187344130920846,0.28468339735470144,0.3491210639476776,0.37163698003984014,0.10710378724472497,0.4811268368734792,0.3152002076348114,0.22863083801848316,0.35842061042785645,0.35122733655047733,0.14019800003177393,0.49752425314546617,0.3306737344437033,0.23797840666504294,0.4144858717918396,0.3720715242502627,0.12054846196647413,0.5082844075448969
455,3,0,0.06366763940955371,0.08425684924125944,0.07251159101724625,0.09466484093496688,0.002444421391639483,0.06446049446265657,0.05835256357218279,0.08662052107794148,0.0653732419013977,0.08378911769288126,0.002285930944287993,0.053694006244405484,0.06156966573318847,0.08414607653907992,0.07593186944723129,0.0890563069988617,0.0025404769648168174,0.0561735987159527,0.07158085353710891,0.08600894886541735,0.0773666501045227,0.09656448556266801,0.003244000163029154,0.09472018298990732,0.0640429829608328,0.0834334045666334,0.08043064177036285,0.0915265077448888,0.003053436811736443,0.06177092391054255,0.059426370525462326,0.08107326953400247,0.07099220901727676,0.08327435415685074,0.0025693004746384987,0.05922271944454317,0.058153882311707004,0.0804519250982606,0.07194820046424866,0.07998775588125522,0.002643812196600286,0.05573771791817024
456,2,1,0.07921564531933703,0.09568208261390934,0.11788134276866913,0.09680172513059442,0.004201303218379632,0.08151177286513266,0.07100743263689212,0.0905322823940687,0.09230420738458633,0.0891388240305442,0.0025076328375955906,0.08055421653766583,0.08408814849698046,0.10032359288730448,0.13023801147937775,0.1009417424355681,0.0041608226226706605,0.08477657305998133,0.09589252860069224,0.09559282322038307,0.12835253775119781,0.10489981358121245,0.013821731843065031,0.13679573660760283,0.08051662228123728,0.09992442852158036,0.11157292872667313,0.1040678339586121,0.004315651615726638,0.08270226858359422,0.09605044608470077,0.097487254559069,0.116370789706707,0.09219466891851989,0.003575550072330622,0.1706239671668773,0.09265058678313218,0.0951459953755622,0.11217432469129562,0.09873542353138384,0.002829454057138486,0.15436773626028075
457,4,0,0.3311708067707315,0.3159419998201895,0.3650578260421753,0.35123252977251934,0.2464791649587615,0.37714251326001197,0.2557410964462993,0.28290285363985035,0.2896261215209961,0.29266015603736345,0.029025127714445514,0.38449122331884084,0.3154842816249555,0.3862371811456113,0.3816593289375305,0.3376552245928035,0.07404491354831881,0.3978247599005133,0.32744150266130784,0.34840513224896713,0.3352183401584625,0.28042122063241093,0.09552585624970739,0.5776369640169913,0.3176925105269525,0.3584106023166999,0.390683650970459,0.33908295887081674,0.09730051613585577,0.4029848243409312,0.29796723244714507,0.280617766701402,0.2933077812194824,0.23246542987801755,0.08263758802311194,0.6008075964137115,0.30807943725636994,0.2748729732887864,0.3080562651157379,0.3040626090746561,0.0937039344789215,0.5597014043237478
458,3,1,0.9503992684230385,0.906677493426396,0.9192321300506592,0.9552454582321643,0.9955355054254397,0.9753057549805333,0.9424037656874695,0.8871333172971806,0.9067283272743225,0.9572485080444403,0.9956208107492875,0.9652878650721168,0.9483557642821131,0.9154299675413661,0.9221243858337402,0.9315731306419522,0.9978070804114431,0.9748442569820636,0.9486303894679938,0.910732509225498,0.932377815246582,0.9387046597780249,0.9829047332638262,0.9784322298260376,0.9529744563795877,0.9125804585699718,0.9294692873954773,0.9551205588747367,0.9928649418547744,0.974837035202978,0.9427161954943261,0.9096977865144156,0.9056231379508972,0.9389453524972114,0.9903163414823606,0.9689983590267452,0.9441713414849666,0.9086747604957333,0.8986307978630066,0.9441269400829962,0.987698416036304,0.9817257929467927
459,3,1,0.6806340915750358,0.7617695833372102,0.7148750424385071,0.6214828162725705,0.7377513892459533,0.5672916265809388,0.6946498929344723,0.7477689588654635,0.7087725400924683,0.6602009991716485,0.8446092372817079,0.5118977292610735,0.6793229163495769,0.7612045518747035,0.6960562467575073,0.6636335609468699,0.749502955369846,0.5262172667989576,0.7738202793805596,0.7453589940760352,0.7072544693946838,0.7645304683875561,0.8228814469108058,0.8290760181337176,0.6757720627264675,0.7459809572550207,0.7046979665756226,0.6418875027634366,0.7288989188187183,0.5573949682195395,0.7714645662679613,0.7635928453098231,0.7149938344955444,0.7065235939242128,0.8533261676355585,0.8188863899746683,0.7909955169441855,0.790799816091516,0.737669825553894,0.713715631875103,0.8756673964687105,0.837124914731704
460,3,0,0.08451811277741408,0.10506034494287435,0.1169305145740509,0.10320991078420075,0.0036826537234228023,0.09370713986252154,0.07907494049331314,0.09856260309579865,0.10257845371961594,0.09752095180291899,0.0044158466761854386,0.09229684717204667,0.07665800865666336,0.09513121145447649,0.10913620889186859,0.09858561912218929,0.003244177715606918,0.07719282609917555,0.09023633762321566,0.09902985552539545,0.11102104187011719,0.10641328704406013,0.003705909676397162,0.1310115940001084,0.08271533205692641,0.100579116780537,0.10503705590963364,0.10169132815751078,0.003892760461256324,0.10237639897569425,0.08110089827862554,0.09482170644711985,0.10435746610164642,0.09495018501262883,0.0042721415427693825,0.10710299228896322,0.08501156737844781,0.09444444728249284,0.09859327226877213,0.09778875791679498,0.0054007769151352344,0.12883058250904392
461,2,1,0.2674661309019394,0.2478648524510961,0.2731612026691437,0.20230069973943296,0.047904087144540926,0.5660998125054829,0.21046039330826968,0.18417513899915453,0.17037899792194366,0.16879058549051973,0.006394084638193908,0.5225631594915366,0.3027130268578079,0.30518167352658704,0.28930166363716125,0.24220698017757986,0.05474379503538708,0.6221310219123242,0.23448228467726073,0.17121455823039491,0.2279430329799652,0.18607781650198044,0.06759108968405622,0.519584925989907,0.2695679399782632,0.24087974474559679,0.2683451473712921,0.21551633481071858,0.044453628158590365,0.5786448448051182,0.21536509888775396,0.16646335824350836,0.17843765020370483,0.20318881867577873,0.020153983580178888,0.5085816837355991,0.22456953463792306,0.18166858175682768,0.17561253905296326,0.19063409634914752,0.013594557665506001,0.561337898365171
462,0,0,0.07615203886350178,0.10162688632883654,0.12213052064180374,0.09908143308477427,0.0035189373450648168,0.05440241691702951,0.08097246567265395,0.10483731460217983,0.12969468533992767,0.1118957212632387,0.003966743903949671,0.05446786325397392,0.06656797830377556,0.0942451727435489,0.10359522700309753,0.09215919482565287,0.001956793176707745,0.04088350376987076,0.08638027534006087,0.10644868337797307,0.12962043285369873,0.10968379942861052,0.0037154083981187323,0.08243305264190331,0.07487437410981687,0.09979325726591588,0.11288657784461975,0.10398910069227735,0.0037854329503144712,0.05391750179595691,0.07059544167700293,0.09853538724225243,0.10410620272159576,0.09600427743772805,0.0022241679827837684,0.052107173000654705,0.07367689899573067,0.09973810521886915,0.11154550313949585,0.09971595750821156,0.002159633678191619,0.055225295433885165
463,1,0,0.3795571858040544,0.34006941382519856,0.3643576204776764,0.38287691465922263,0.13147338788523524,0.6790085921729395,0.34282167732201396,0.27660501361034406,0.3145366311073303,0.32688741458742,0.08490130965212321,0.7111780176528523,0.3821386230865185,0.35904113276410377,0.3793286681175232,0.38100248221455546,0.06280891457407461,0.7285119177623357,0.32846083986382435,0.2951076355864468,0.2803827226161957,0.36899831334357286,0.05948153036210644,0.6383339974108002,0.3911779949718922,0.39464626835603117,0.3467874526977539,0.4147385914073737,0.1284354928065689,0.6712821695917333,0.34019114200554224,0.2755634660867904,0.2963769733905792,0.32486519161259786,0.10082459642556414,0.7033254825121797,0.3434058650830383,0.27102297485278765,0.3248366117477417,0.32106867815709617,0.12911211937361394,0.6709889412839519
464,2,0,0.07921511322081917,0.10197036109152943,0.12773533165454865,0.09199419727490345,0.002034789046518093,0.07234088703659626,0.08072591050878322,0.11123950112430203,0.11343306303024292,0.08996121943074721,0.005319010387732337,0.08367675857089164,0.08586039002199153,0.11808540690795319,0.13606490194797516,0.1025048167554471,0.004189782685411157,0.06845704181317101,0.06384021898044198,0.09592472075599875,0.10934976488351822,0.08957890415517428,0.0021200045021271996,0.02222770060539148,0.08089726808898759,0.10834230467231053,0.12196961790323257,0.09376486076531756,0.0021633936982224902,0.07824616340585479,0.06603903794988888,0.09994520464438293,0.11018326133489609,0.0898812468282119,0.003633596202756652,0.0265518807391968,0.06645718938658125,0.1023745235819402,0.10359631478786469,0.08865748329665099,0.008794547844710149,0.028863077421740217
465,2,0,0.07270833448773009,0.09986031216089102,0.09650443494319916,0.09831119640384768,0.003955758043152948,0.06490997088755965,0.06169946062930347,0.08960622940706928,0.09053096920251846,0.07415959365891105,0.0020938163255448195,0.05210669455247375,0.07115218540170447,0.10284827489551002,0.10170500725507736,0.09784584242994884,0.003877210797928374,0.04948459163005781,0.08103345599078804,0.09831080708541336,0.10544480383396149,0.10276100872703364,0.002591415667403957,0.09605924464012774,0.07081304537974945,0.09787926006177099,0.0998046025633812,0.0918688533982929,0.004315651615726638,0.060196859259575505,0.0687985496955896,0.09762701123703985,0.09667778760194778,0.08876030423222267,0.0031836243293412456,0.05774402107739645,0.07046920507129398,0.09819934733761601,0.09573516994714737,0.09300223753384554,0.002829454057138486,0.06257981648072251
466,0,0,0.06065246899433352,0.09507544108446697,0.09578938037157059,0.08220988822854808,0.0035189373450648168,0.02666869794201716,0.06578476563140455,0.09839858655312221,0.10712745785713196,0.08557711419864082,0.004027718092287226,0.03379295145584048,0.06805914894817416,0.09551125768921628,0.12208868563175201,0.093521477888563,0.005150569912916895,0.02402375361842264,0.06578637766683577,0.10187821501272426,0.09087572991847992,0.08396695261736278,0.0037154083981187323,0.04849558238749316,0.06484882137153089,0.09296968573950981,0.09354270994663239,0.10154751279402842,0.0037854329503144712,0.03239876542716943,0.07165343196437099,0.09734834253741834,0.11404681950807571,0.08901067542184944,0.007992543656921003,0.04986877869759041,0.07946479776651201,0.09698762263322513,0.1164490133523941,0.10652232129474225,0.0073974274355022825,0.0699676041166963
467,1,0,0.06859013019465118,0.08579393615303954,0.08976693451404572,0.08874154701155736,0.004833649193588939,0.07381458410102444,0.0676079632721929,0.08369028342501621,0.09069295227527618,0.0880898119177265,0.004600173817586537,0.07096659492535898,0.06399864446705239,0.0808009752051207,0.0794663056731224,0.08104770758031114,0.0016110718764106315,0.07706716200029705,0.0633249231969348,0.09315062009788408,0.08811869472265244,0.07293693676437356,0.0029536832920739474,0.059464681107689904,0.07188903148831219,0.0881870685321466,0.08176471292972565,0.0921241475955842,0.004857087057862802,0.09251214132624168,0.05865102873651016,0.08731076617438971,0.07447489351034164,0.07689334611333283,0.0037092936930290255,0.05086684419145759,0.059194956110556765,0.08655127970323084,0.08470700681209564,0.08179791404686043,0.0019152030549383931,0.04100337693565848
468,2,0,0.14523018221293588,0.20612245590008244,0.18432219326496124,0.16314844158993516,0.013558838017182282,0.15899898229251816,0.10622711228889962,0.11286873067844969,0.13923431932926178,0.11187849269468395,0.0019166140797074092,0.16523740466239523,0.15074469075379654,0.20327539232518235,0.19730982184410095,0.16689495757154393,0.040174499057518034,0.1460687829706375,0.12438199308303292,0.15726918154831376,0.16083940863609314,0.16421658845150078,0.021048244050587483,0.11853654272866944,0.1495176192640238,0.21840293965436952,0.19286786019802094,0.15693197077848275,0.017728580511303382,0.1616567451779424,0.10244565689978388,0.12345765277581347,0.13444288074970245,0.12578058089578073,0.005027712948992789,0.12351945712863004,0.10954058957079109,0.13503688762034696,0.14061228930950165,0.12889661408921319,0.0011881545605555795,0.14196900227433817
469,4,0,0.0946377960578735,0.1258638843318328,0.1162489801645279,0.11783388681237589,0.008741220844258393,0.10450100813637254,0.08273157523514094,0.10302798316207035,0.10418940335512161,0.10071280204812191,0.0048149020366296345,0.10091278557376118,0.09035936941686637,0.11469636689015303,0.1154383048415184,0.1088772601680613,0.0059540879501751316,0.10683082723442394,0.10081211298116619,0.12001886457643492,0.11096898466348648,0.11738075224665764,0.004898249772235123,0.15079371364701677,0.09080621540925735,0.12050802261877443,0.10486364364624023,0.11191488041574206,0.005486540484361848,0.11125798988116813,0.09652253341719845,0.11626391240650662,0.10175646841526031,0.10800866721344352,0.006989143621868471,0.1495944754289133,0.09283033913992714,0.09989995063577753,0.09845730662345886,0.10255280528992008,0.003954028755840454,0.15928760439463874
470,0,1,0.9313968023036814,0.9161064450347303,0.9045959711074829,0.9195236439919118,0.9960279100060115,0.92073004137827,0.936886202292904,0.9221236234220851,0.9073479771614075,0.9308918679774045,0.995848228704089,0.9282193141995336,0.9338025522260013,0.9186479337703295,0.9063883423805237,0.903511378223126,0.9980057176706656,0.9424593890853613,0.9248553579642049,0.9144253044651256,0.8937560319900513,0.9272216198719632,0.9946281514801076,0.8942456820137767,0.9393529728157262,0.9172977452250285,0.8901327252388,0.9443739342293593,0.9970553644678495,0.9479050949175936,0.9272468531176287,0.9144978896137729,0.889491617679596,0.8910575133638359,0.9971805052619925,0.9440067396689469,0.935150751648122,0.8983659998252499,0.8787200450897217,0.9132049485811149,0.9972065493165172,0.9882562154280067
471,2,0,0.07521477716156363,0.10173464065084495,0.0953795537352562,0.10491618538129785,0.004201303218379632,0.06984220282203957,0.06414857474103866,0.0905565366878696,0.08338100463151932,0.08986291932615671,0.0024197501959124716,0.05452266286373518,0.07416073702088241,0.0978208066626909,0.10387017577886581,0.10233874820743451,0.0041608226226706605,0.06261313183275022,0.07727879905063195,0.09438587731558029,0.09241833537817001,0.08952282764605657,0.0028312709310842,0.10723568398226865,0.07439313398223502,0.09999485406428564,0.09636342525482178,0.10139402408860607,0.004315651615726638,0.06989771488773493,0.06761677767030254,0.09212600346290788,0.08725754171609879,0.09128556722000203,0.004977910568780816,0.06243686538372318,0.06837484699590239,0.0903297928140535,0.08696775883436203,0.0909464587653799,0.002829454057138486,0.07080077050857805
472,3,0,0.05731689337038972,0.0761597639820737,0.09511123597621918,0.06708003913386935,0.002444421391639483,0.045789006368146895,0.06223897226857391,0.0851616297454401,0.13080941140651703,0.05834875572171031,0.002285930944287993,0.034589133524914106,0.05678292758732821,0.07993141023176975,0.0960046723484993,0.06726848512044635,0.0025404769648168174,0.038169593271108825,0.05990178309191253,0.07175937820613117,0.1007266566157341,0.07043770278229872,0.003244000163029154,0.05334117769236953,0.05929937250020158,0.07934820077586498,0.09559787809848785,0.07024814718774348,0.003053436811736443,0.048249199627175145,0.0614608132248049,0.08255450879167707,0.11438879370689392,0.07539279450214965,0.0027544875333228433,0.032213481589980976,0.06445361779584804,0.08328008790184252,0.10644938051700592,0.07861756548066957,0.0026491167753160834,0.051271938304406066
473,1,1,0.9042360868474788,0.8879470627901566,0.8983054161071777,0.8534174639513096,0.9635594691587364,0.9179510222300133,0.8932725663345333,0.8697749264024017,0.9079225659370422,0.8801455982121085,0.8945912434155129,0.9139284977056015,0.8718627792943986,0.8501846133525898,0.8816637992858887,0.8589426082090145,0.8873954445860665,0.8811274310384336,0.9336115081771137,0.8817929151497065,0.9063258767127991,0.9086634457501286,0.9915024779150958,0.9797728253578386,0.9212839322363351,0.8987249008834554,0.9098034501075745,0.9079820474454456,0.9747506951612561,0.9151585675839446,0.8839568331030184,0.8519094565088069,0.8681572675704956,0.8564494043880215,0.885968005193249,0.9573000318545194,0.9212502327077081,0.8795747464746603,0.8869037628173828,0.8887793875427371,0.977609673758749,0.9733835929450115
474,0,1,0.9433033045476652,0.9307175603086325,0.926437497138977,0.8842138245382347,0.9899133221331119,0.9852343186193698,0.9532548546837983,0.9410049739221842,0.9147862195968628,0.9374470624209421,0.9860821405824829,0.9869538768965194,0.9586612122819,0.9373262938559636,0.9382185935974121,0.9385723955573205,0.9889027949309929,0.9902859834678106,0.9270887522270647,0.9120447378567765,0.9190728068351746,0.9226547423808933,0.8985664947780765,0.9831049792844025,0.9508500715137826,0.9292110833858077,0.9298421144485474,0.9198867856909042,0.991085137636839,0.9842252364068148,0.9457246690580738,0.9425510528793991,0.9276857972145081,0.9326737470001942,0.9366122600447082,0.98910048815156,0.9467105738216478,0.9306748026374402,0.9421791434288025,0.9009822085358051,0.9717386994390499,0.9879780150671409
475,1,0,0.657027276977034,0.6356957334784167,0.6433189511299133,0.6607534160487852,0.6189987088156145,0.7263695754124401,0.674695428661931,0.6368466438408615,0.6619921326637268,0.6734425552511152,0.6666754940640066,0.7345203174899451,0.7085591297482291,0.6855089155417887,0.6985235214233398,0.6686724211632785,0.7563940149763728,0.7336967756363659,0.6778027576955707,0.6752721113177312,0.6460000872612,0.6127214666585322,0.7072383075416196,0.7477818156987704,0.661294068838562,0.6411327708289789,0.6674602031707764,0.5954767116002039,0.6874928576356809,0.7149078009571697,0.7366558158242386,0.7130868629505484,0.7025029063224792,0.7081896412102157,0.7966191562832395,0.76288051235471,0.754251083742058,0.7335364171752697,0.7160830497741699,0.6816629623084585,0.8712035421007226,0.7687694473516693
476,2,0,0.25803858400106905,0.17431370852182096,0.20123475790023804,0.34074333661957984,0.08825170862889821,0.48564940833480835,0.36243814642853583,0.2219375056421023,0.23204092681407928,0.35159731358812774,0.5233915131201952,0.4832234729781745,0.24211209861476252,0.16372878095638982,0.19587090611457825,0.27019409158453017,0.04145912993720003,0.5393075844811142,0.24903165678539602,0.23019602221151012,0.2842773497104645,0.3031264212951377,0.07418234413596218,0.35337614657390565,0.2655487391292688,0.18426777190037966,0.20409519970417023,0.3127818840082149,0.05527785710061429,0.5713209829329647,0.2770653603269385,0.2535518856301294,0.28956496715545654,0.31238183889038795,0.1703251768585611,0.35950293310015746,0.2798680192797372,0.24835800008126124,0.32710856199264526,0.29517616517575895,0.19424387546015903,0.3344534936888614
477,3,0,0.07393176691614248,0.09710043172311697,0.10265957564115524,0.11642442893118936,0.002710623733114626,0.05076377455213622,0.07066528963599017,0.10158916389644815,0.09641693532466888,0.11084934141670674,0.0011398459303519624,0.04333116161177513,0.0683329114179958,0.09782503011238045,0.09948113560676575,0.12033470773052297,0.00106763289712574,0.022956050743184048,0.05892841403406639,0.09130813455850591,0.07917910069227219,0.09435886058968174,0.0014334138532010226,0.028362560476671156,0.07550577164375556,0.10305924103603002,0.09977798163890839,0.11514266574159712,0.0023500054312201413,0.05719896437102209,0.058418067895555995,0.09373074108157736,0.0884452685713768,0.10145939742762615,0.0006135369495550259,0.007841395447644629,0.05947424734193618,0.09401858339263701,0.09058094024658203,0.10442790443835852,0.0022470621390485936,0.006096746493054744
478,0,0,0.07308532271671839,0.10508040363838171,0.12098418921232224,0.10439969011607965,0.0028349827970876687,0.03212734781972066,0.07400878232891415,0.09637521646044105,0.12758947908878326,0.10948205109343205,0.003966743903949671,0.0326304210979647,0.06427393225055593,0.09026515614769154,0.09773147851228714,0.08182161283184121,0.0017158055161878812,0.04983560824477188,0.06861186344636047,0.09376184568714949,0.09219474345445633,0.10095967761753588,0.0027974600787068374,0.053345590393953785,0.07472014221237974,0.10683630314670865,0.12804657220840454,0.10248069381308787,0.0028156173776126957,0.0334215245160849,0.07420445093549982,0.09452793877315296,0.09483233094215393,0.09517019173276348,0.0015342705187460961,0.08495752271068262,0.07307795634030656,0.09393443865089598,0.09330429136753082,0.09460312396957413,0.001396265214138732,0.08215166249939317
479,3,0,0.06968157700705895,0.08810718354517659,0.0814240500330925,0.09461739858397862,0.002444421391639483,0.08181483148140756,0.07037712057398127,0.08622192681976365,0.08806595206260681,0.092734812054191,0.002285930944287993,0.08257698098905693,0.05538893788793986,0.07671377035838473,0.07153244316577911,0.0831498299154868,0.0025404769648168174,0.04300816903523184,0.07018469029209701,0.08540755614211801,0.08552832156419754,0.10044949028529525,0.0022827303135186565,0.07725535315535557,0.06757199772649931,0.0872395456883145,0.07858037948608398,0.08857113917452392,0.003053436811736443,0.08041548747183776,0.05953323919206658,0.08616313357230238,0.07674228399991989,0.09364809933401291,0.0024254444688455103,0.03868723458525219,0.06061350938602137,0.0854564318018244,0.07615924626588821,0.09297178428075349,0.002045415399487317,0.046434669182153436
480,2,1,0.6960944928882675,0.7135513936238272,0.7599015831947327,0.7886148224830213,0.4726284452304209,0.7457762199093357,0.6715402073545922,0.7384792324639733,0.747778058052063,0.7915833390971723,0.364873302193087,0.7149871049666654,0.78435484061138,0.7330562651796708,0.7795118093490601,0.881605599616715,0.7444326653967173,0.7831678635147368,0.7312961908423351,0.6939532959562617,0.6802582144737244,0.8161036346010021,0.8169537953805373,0.6492120138001501,0.7762840319936791,0.7541409753745508,0.7994217872619629,0.8399647657468017,0.5536309568075966,0.9342616747774833,0.7637167961517434,0.7198798558164923,0.7180851101875305,0.8230624579959104,0.9524828734368669,0.6050736833219169,0.8062515304329599,0.7448570224151039,0.7500579953193665,0.8344576167066713,0.8721684174376754,0.8297166002859825
481,1,0,0.0497511466040018,0.04714075581452754,0.035079240798950195,0.024447137271702116,0.0005467592950166723,0.14154183983981253,0.05007642346400287,0.04854345960377918,0.0440252386033535,0.029207377179734186,0.0005706123372227567,0.12803542959592476,0.04271707906213921,0.038106943738791484,0.030712680891156197,0.03841251131345743,0.00031615964668805314,0.10603709972060289,0.0304888977690572,0.050666316772117616,0.03394521027803421,0.03022664836374428,0.0011876463715547445,0.036418667059835166,0.018384210789984052,0.0421729597290758,0.02948092110455036,0.013697171601966816,0.0003712694820302697,0.006198732032297002,0.02538273788771612,0.04731556709901213,0.035460855811834335,0.03016108281907401,0.00029635943211213573,0.013679824276547979,0.015994757156447624,0.03811888211515776,0.0274669136852026,0.013407860795814018,0.0007137254769268162,0.0002664037091369304
482,2,0,0.0549046898357272,0.07910262602084772,0.07617641985416412,0.0842153595597174,0.0005279636732258566,0.0345010800706809,0.07044143355701386,0.11540050655812928,0.09835240244865417,0.0953949349592843,0.001625595604042287,0.04143372821495928,0.055276425716275356,0.0810441353883909,0.0878034457564354,0.07602227671152692,0.0006468377099245046,0.030865433015099066,0.060571515802013566,0.08455049014637545,0.08938153833150864,0.07316777012410375,0.002297761019188478,0.0534600193888915,0.05616801953095694,0.08059043133244144,0.0834825187921524,0.08590940510840714,0.0009167995764687357,0.02994094284531495,0.06656460749956497,0.09967942636042407,0.10218924283981323,0.0819202009626927,0.003001618821860565,0.04603254851303435,0.06900072549275896,0.09209427774966816,0.10771824419498444,0.09687488495066231,0.0096943722391951,0.038621848329284725
483,1,0,0.057068124966852096,0.0896312732097305,0.07962208986282349,0.08270484290968672,0.004224391307149522,0.029158027544870218,0.05627275588836507,0.08969746131963643,0.08458246290683746,0.07490694487233901,0.0019303156566773927,0.03024659468633507,0.057282132722003345,0.09052883683866154,0.08553896844387054,0.07887181806726963,0.003922103392899125,0.02754893686731592,0.060625375709168795,0.08708499729926522,0.09296691417694092,0.08941765478243006,0.005124668008001601,0.02853264427920614,0.06107215172800022,0.09283045519074365,0.08614291995763779,0.09284790133554885,0.003663829534618988,0.029875652621451837,0.05905443648579657,0.08885907839361175,0.08411756157875061,0.08791359870814847,0.004992914133269533,0.02938902961520249,0.06064629534678965,0.08809736577283866,0.08323010057210922,0.09664645096840108,0.0033992437000441742,0.031858315720555114
484,0,1,0.28704035006115375,0.14937055145431813,0.3621674180030823,0.32881784035751305,0.003985575891376586,0.5908603645994788,0.27229254297819977,0.13520805613718298,0.32876938581466675,0.3383193298541289,0.0014985118000543382,0.5576674312849659,0.30162763921225066,0.12722581483362944,0.3435649275779724,0.35584018499671577,0.009839333158089558,0.6716679354948462,0.26043539881819566,0.16623111352017453,0.4106137156486511,0.43141659207767963,0.002855787483295768,0.29105978536117716,0.2833050609163307,0.15494884534891407,0.3509615361690521,0.3304670569625386,0.0074290092961502375,0.5727188568049982,0.23587913783076025,0.17501063616257448,0.36504510045051575,0.4147012549129172,0.00424727009063278,0.22039142753716118,0.2413369567388147,0.1752453030237405,0.4155467450618744,0.3988984521647927,0.010025533683136344,0.20696874976052965
485,4,1,0.4842788834696944,0.47441240474680685,0.5154286026954651,0.5067497316492393,0.2615722862119195,0.6632313920450414,0.4578596083565346,0.42753004701200575,0.4571866989135742,0.5138146062482254,0.24488090105825108,0.6458857885506164,0.5478855313065167,0.4922841228605984,0.5394271016120911,0.539806491245242,0.48229222164286056,0.6856177191717916,0.34599317859999684,0.33332357264981904,0.364624947309494,0.4017256797025842,0.13452474055814612,0.49576695277994076,0.5269889013674236,0.4515319164667079,0.5166761875152588,0.4961318596945987,0.4968121331852968,0.6737924099752559,0.34913552925376107,0.3481360201626698,0.37133803963661194,0.5132094952910535,0.13045237463369225,0.3825417165447778,0.3893002014780942,0.3747240164750783,0.35425224900245667,0.49330409189396196,0.2156884396656129,0.508532210353361
486,4,0,0.03513733777692754,0.05847042822800277,0.03496715798974037,0.048405399939025186,0.001371430395113485,0.03247227233275591,0.03782309898209212,0.06176928861682819,0.03434843197464943,0.0586204892462479,0.0022820176398352207,0.03209526743289989,0.03539555223256705,0.05798145462947541,0.0423295684158802,0.05570423240320704,0.0021292038601028783,0.018833301854169742,0.03391955866712527,0.06685908283006045,0.036324393004179,0.047525112940991716,0.004765580066404675,0.014123624493990497,0.021859585055786963,0.051923422621537554,0.03174824267625809,0.02204840574030476,0.001349562606340421,0.0022282916344939984,0.03903548175446852,0.06250068722273464,0.04569878801703453,0.07335783568223486,0.007147315577284373,0.006472782273054206,0.023643606484655084,0.05238336974112056,0.03353612869977951,0.02833330071563377,0.0036236632206947603,0.00034157004604683456
487,4,1,0.9611292119088544,0.9293380809621968,0.9455127716064453,0.974612843030114,0.9993718216074029,0.9568105423381122,0.9636596687162798,0.9451125161466847,0.9521429538726807,0.962931987473993,0.9985585978208784,0.9595522882671628,0.9604701197524866,0.9259886949761942,0.9501961469650269,0.9688093852820977,0.999580804015466,0.9577755675236481,0.9666078064014583,0.9329087153347065,0.9536439776420593,0.9686975310404404,0.998353607626527,0.979435200363558,0.9624806255666826,0.9303160118532232,0.9535131454467773,0.9723742045639359,0.9987799114250243,0.9574198545444527,0.9658263551456658,0.938158602029668,0.945728600025177,0.9667649192213333,0.9987193686201032,0.9797602858320477,0.9655603813319033,0.9362516148374503,0.9489270448684692,0.9660185886743713,0.9976335033106172,0.9789711549686091
488,1,0,0.313947457337939,0.3998517527121385,0.3805537819862366,0.2982018105188314,0.038297586615509596,0.452832354856979,0.277146604002141,0.30313126672553936,0.36706793308258057,0.28363775003605063,0.012807216779498934,0.4190888533870353,0.32943548184700044,0.40050722428781127,0.39052411913871765,0.30389300723235024,0.030643033645404466,0.5216100249307187,0.31555890074669274,0.34353221339215606,0.41578736901283264,0.3283173332242224,0.12243045482933258,0.3677271332749198,0.308282763572851,0.35403819582496493,0.38187211751937866,0.28886058503785456,0.02931915156737264,0.4873237679146843,0.27683424498151554,0.3187519487113251,0.3713632822036743,0.298449179493805,0.02721321645387506,0.3683935980448982,0.2885687279292128,0.287142554971364,0.39870408177375793,0.2714544036153928,0.07197128517409175,0.4135713141114576
489,3,0,0.08640571731541774,0.11012239862984861,0.15712188184261322,0.10740888380885927,0.002444421391639483,0.054931000904128134,0.08295574262121924,0.10739697916008237,0.13936665654182434,0.10233552588939603,0.002285930944287993,0.06339362057050552,0.07931528112953237,0.10167859494183634,0.1516147255897522,0.09260127524035779,0.0025404769648168174,0.048141332910898775,0.09005132145793049,0.10814514155725524,0.15023797750473022,0.11323402989116775,0.003244000163029154,0.07539545817347006,0.08810397557905729,0.11192469677925347,0.16422097384929657,0.10776162589916342,0.003053436811736443,0.05355914455583656,0.08204759185028518,0.09439626341810206,0.13129039108753204,0.10168324811525492,0.0025693004746384987,0.08029875615589839,0.08006605264767834,0.09772043285294364,0.12718163430690765,0.09928019788129273,0.00304953608803298,0.0730984621092147
490,1,1,0.8517680596444223,0.8153764084053847,0.7854217886924744,0.8484541293282036,0.9401464577631532,0.8694415140328952,0.8317977641711396,0.8079340458097551,0.8294675946235657,0.8312262971458492,0.8132908144276911,0.8770700688488363,0.9027156273263867,0.8662604806010674,0.869564414024353,0.8738916916001856,0.9845540781391134,0.9193074722672139,0.7815039882561459,0.7931690865215287,0.8251454830169678,0.806179001509646,0.8595947215291012,0.6234316487034853,0.8733944732459932,0.8415057025742385,0.8350043296813965,0.8523549146660105,0.9679770478696741,0.8701303714386462,0.8299035486963625,0.8477353705678639,0.8709784746170044,0.8966362366991657,0.8423248103626854,0.6918428512350934,0.8631677843475123,0.872903676549387,0.8908414840698242,0.8714313923196019,0.9560746084316891,0.7245877603670584
491,3,0,0.0727945267444613,0.08836868724613384,0.08589545637369156,0.13334066187472435,0.002710623733114626,0.05365720449464215,0.08207456708655542,0.09498468526623828,0.10692841559648514,0.1290465827529026,0.002296211250820514,0.07711694056633057,0.06444433761423289,0.08541669590227556,0.07552444189786911,0.09735844556467711,0.003549909491039858,0.06037219521530287,0.07724762257902382,0.08666371688730502,0.07837658375501633,0.12084111083493383,0.0073439363183275385,0.09301276509953639,0.06289131876109022,0.08868946587504244,0.07549328356981277,0.09558840493662371,0.0023500054312201413,0.05233543399275206,0.09397856014003471,0.09519232522379596,0.09533998370170593,0.12493135936428533,0.0019001520380518896,0.15252898037233442,0.09138253509260237,0.0992197285133099,0.09517648816108704,0.11418450701660199,0.007659905047748962,0.14067204672426395
492,1,0,0.08193071384110998,0.10765852380526181,0.10549593716859818,0.10577068573844337,0.004224391307149522,0.08650403118609701,0.07538886927055719,0.09722045040785478,0.09600001573562622,0.10309009323031458,0.004269400788881147,0.07636438619010924,0.0779441945523234,0.0986522434629522,0.10525696724653244,0.10728166645484857,0.00497076537973363,0.07355933021755011,0.07546191829755314,0.10124297254402218,0.09808006137609482,0.10457915483467789,0.0026526105638437505,0.07075479216912697,0.08316581768728129,0.1067044944680391,0.09927407652139664,0.10653152709827417,0.004857087057862802,0.09846190329083378,0.06784379693194229,0.09998956237141154,0.09035875648260117,0.095833710520589,0.002907114173635626,0.05012984111147412,0.0700626157915863,0.09966821503190046,0.08938971906900406,0.09013636775045218,0.0023478661440374843,0.06877091096253735
493,3,0,0.1885659804423567,0.2646961774953407,0.2579541802406311,0.22762014980050294,0.017017717802259098,0.17554167687304967,0.19840565629433055,0.28759814650707827,0.27235597372055054,0.24263968529534363,0.03374621754891331,0.15568825839976708,0.21866506572161043,0.2917468703213207,0.3061329424381256,0.26146373271072526,0.03190513941171124,0.20207664372616954,0.19056529024842925,0.26689305855322837,0.2885235548019409,0.24231419667346796,0.02367219336154081,0.1314234478519683,0.2055892758778136,0.2838547442690114,0.27019989490509033,0.24824289431071062,0.0420486844433812,0.18360016146087452,0.19726768665158226,0.2901467071147893,0.2657328248023987,0.27514868997283887,0.03463800342821273,0.12067220793967162,0.20708964354115394,0.27799491713450364,0.26011893153190613,0.29520145932526803,0.06315427516596817,0.1389786345481239
494,0,0,0.11322090859557052,0.11154786625755003,0.13024944067001343,0.13809238137446472,0.007267391707466856,0.1789474629683576,0.12348400525025209,0.1404746340187929,0.1379166692495346,0.14446982792066046,0.005622450988871361,0.18893644407340118,0.14544334181458057,0.11867802815834984,0.15822960436344147,0.15122530799803607,0.04614775868396176,0.25293600986911385,0.12541149051859846,0.10463523108085519,0.13504865765571594,0.13629068325571622,0.006714737115151045,0.24436814348555388,0.13527777294654086,0.11949369068119889,0.13287483155727386,0.15404932894872467,0.0051787529718656565,0.2647922605736413,0.14258285935408538,0.12125489477859998,0.14547643065452576,0.1301687719199617,0.021631212204140653,0.2943829872131989,0.15392681700029312,0.1129406048445216,0.14554333686828613,0.16851591881740768,0.01846366413143805,0.32417056033981206
495,1,0,0.13441159660766303,0.11220241242735556,0.10619750618934631,0.11075845411403881,0.005770837290422403,0.33712877301715205,0.13512722357833976,0.11134306624882287,0.10647908598184586,0.11104426697879768,0.009636484779062551,0.33713321390316975,0.14051605782647486,0.10675989077569828,0.09059534221887589,0.11475418407476412,0.003802934258830521,0.3866679378042054,0.14915320040699823,0.11537794221088442,0.11440776288509369,0.10881716626608122,0.004705112129140236,0.40245801854379154,0.083091609614071,0.10974905582669571,0.10694296658039093,0.10561002631361509,0.0049470653841170425,0.08820893396553622,0.16053136489459569,0.10647028610870525,0.09787188470363617,0.10296284058552796,0.005419765601787148,0.4899320474733218,0.09651278133917952,0.11450829617203172,0.10492447763681412,0.10323532882702352,0.005940117382199415,0.15395568667782883
496,2,0,0.04356438020790606,0.08598532379683521,0.07478287070989609,0.03692021753950747,0.002226053762564818,0.01790743523072671,0.04112576261305694,0.08585540325520322,0.07123458385467529,0.02982235566920835,0.0008235674121964251,0.017892902874001446,0.04076066950583142,0.08122502805539301,0.06989888101816177,0.04052249220797386,0.004045490982061914,0.00811145526556654,0.054282373253775364,0.09304464060023314,0.08080696314573288,0.0488013295742326,0.0031110364077147246,0.04564789654096346,0.0416154307270251,0.07995047477614266,0.07006797194480896,0.05035941058367252,0.004946974400149597,0.0027523219303517707,0.047400556054706264,0.08856021469438174,0.07585766166448593,0.04952000341107626,0.0064855977796841,0.016579302723903292,0.04349688057198219,0.08839132337699461,0.07383652776479721,0.04876817207295961,0.0020645783239403638,0.004423801321219161
497,3,1,0.9040764163314225,0.8720333577696826,0.8672337532043457,0.9242994176110193,0.9235851274638158,0.9332304256082495,0.9107706456338949,0.8708947785703408,0.8510790467262268,0.9178619100519311,0.9686615380074934,0.9453559548134829,0.9036701476712754,0.8810287743467106,0.8604933619499207,0.9298733275214699,0.9544130475557171,0.8925422269825584,0.9140464461391868,0.8688067086377962,0.8718186616897583,0.9311627010474605,0.938243790860916,0.9602003684600033,0.8927130499191758,0.8502639005496119,0.861065149307251,0.9162817345618945,0.900096407641974,0.9358580575351477,0.9117570791367526,0.868394429392434,0.862157940864563,0.9194605680649034,0.9689902545982387,0.939782202763624,0.9010924932727249,0.8524188952195488,0.8468074202537537,0.9350543643224986,0.9445694698684377,0.9266123166993867
498,4,0,0.08084189412325377,0.09962528495367212,0.0943315178155899,0.10801198415260152,0.0028888560099724855,0.09935182768443279,0.09357960417796671,0.10006027823151491,0.10804806649684906,0.12364285235631796,0.003911927412935617,0.132234896392216,0.07571097307833066,0.09498516572210085,0.0915413424372673,0.0994603214550545,0.0025837959472579507,0.08998423982997271,0.10717816099791662,0.09742534020319032,0.0907258540391922,0.1119917019986177,0.003317862756463454,0.23243004599211944,0.08539841431663626,0.0991520592671316,0.10229984670877457,0.10734089332777517,0.004313160169980735,0.11388611210951918,0.1213886168885189,0.10069511968053246,0.10914599150419235,0.09876806717330086,0.0030387157522559797,0.29529519033231283,0.11622473868216084,0.09988820662832497,0.11370562762022018,0.12385321482208578,0.002478496710663956,0.24119814762950922
499,0,0,0.9215276821331772,0.8439810335200735,0.9214487671852112,0.9326626698530871,0.9588275726284406,0.9507183674790733,0.9280805188881353,0.8419141755503515,0.9248815178871155,0.9332036801222832,0.9831306613760992,0.957272559504827,0.8916334230754517,0.8404176661589003,0.8963072896003723,0.8977022573058057,0.9812256104900556,0.8425142918221246,0.9529689039244371,0.8968520689389816,0.9393857717514038,0.9360894083637182,0.9964368331534663,0.9960804374146156,0.9219745141203151,0.8387285341835844,0.9074753522872925,0.9310598114645231,0.9429727641727857,0.9896361084933893,0.9383212925204887,0.871611903333638,0.9339672327041626,0.9190646713997414,0.9899110486690142,0.9770516064958876,0.9395392235415658,0.8493467464755752,0.9206199645996094,0.9404461770672825,0.9945407319106194,0.9927424976547427
500,4,0,0.07628610029174221,0.09962528495367212,0.10019849985837936,0.10633730464237053,0.0021765929703891295,0.07309281903389993,0.07426553054787836,0.10011126343444812,0.09988341480493546,0.10772842654773862,0.0021355147209723203,0.06146903323129729,0.0591985049977212,0.09410840724410259,0.08411827683448792,0.08316133879091116,0.003871084330102834,0.030733417789001526,0.07901379806058602,0.09812417911189682,0.10838858783245087,0.10071388933873152,0.0023362888212077678,0.08550604519864306,0.07504166886849242,0.10177566912784602,0.10193874686956406,0.0983917039768313,0.0022945849573819716,0.0708076394108387,0.059808426012225205,0.09008779708925162,0.09448321163654327,0.08566229954275244,0.001767351314524378,0.02704147047805428,0.0610407494075498,0.09047193558267143,0.09665229916572571,0.08713830943102546,0.0018478438338158916,0.029093359024510563
501,2,0,0.07667529141028909,0.09374377911593659,0.07947009056806564,0.09181753903798344,0.004201303218379632,0.11414374511108016,0.0721939440216557,0.09142675365722043,0.08523018658161163,0.090521283734363,0.0023819276153589255,0.09140956851972455,0.051918817358510436,0.06683502975456894,0.0559794045984745,0.07182206226400853,0.0033055404942324176,0.06165204968126782,0.10272011732507527,0.098370777843598,0.09380622953176498,0.1691958805250657,0.0030454858486622218,0.1491822128762854,0.07797140574889626,0.09053825668135672,0.08190349489450455,0.10402161182785837,0.004315651615726638,0.10907801372503506,0.059333270920751545,0.07375545422420804,0.060151357203722,0.09581251030185761,0.0024347443946091192,0.06451228847936095,0.0649570438470014,0.07823984578835859,0.05882170796394348,0.11888926834541115,0.0013554270624413205,0.06747897007485251
502,3,0,0.6825820010672338,0.6979609005393433,0.6839187741279602,0.64093277954644,0.6734223677675789,0.7166751833548464,0.6435033704032511,0.6545631702759159,0.6583206653594971,0.6194642961649719,0.6166536339195395,0.6685150862963313,0.671868820081316,0.6823794693431783,0.6894125938415527,0.6250874419716325,0.6663251141649992,0.6961394810852173,0.6408729564511054,0.6754224258359542,0.6679750680923462,0.636753532742347,0.6120021114662817,0.612211644118598,0.6746663509240997,0.6804467141732679,0.6618635654449463,0.6435887220857073,0.6527993293721439,0.734633423544433,0.6038328593301052,0.639471390147305,0.6415961980819702,0.5729079825105851,0.664342694133556,0.5008460317771095,0.5716097030384983,0.6301380832455805,0.6402283906936646,0.6203976442349116,0.41857133049785117,0.5487130665204837
503,1,0,0.7280960716642563,0.7331930196502735,0.7072234749794006,0.7272930802858127,0.7114790874380402,0.7612916959677547,0.7654070616194983,0.748722166453438,0.7255139946937561,0.7248293248914897,0.8409295019071682,0.7870403201516396,0.7688169317299514,0.766656879678366,0.7470138072967529,0.7133320761524595,0.8374837726004196,0.7795981229217586,0.7549160723025946,0.7670325039089618,0.7530200481414795,0.711556637698165,0.8734504475218466,0.6695207242425202,0.7303146265203317,0.7337585643971255,0.7232798337936401,0.6906413483914162,0.721935357684075,0.7819580283354013,0.7990374934981751,0.782525567210236,0.7723455429077148,0.7393323366422653,0.9505356187697453,0.7504484019609144,0.7954078045613743,0.7780413637782839,0.7816467881202698,0.7266000312727072,0.9251328315527357,0.7656180080828747
504,1,0,0.5796546525137648,0.5899203027631151,0.6182093024253845,0.5939264452725668,0.48535604369226965,0.610861168415488,0.6054759607145915,0.5973661142082679,0.588583767414093,0.652206205137067,0.5448195940418844,0.6444041227716456,0.6483109837095145,0.6536535704990146,0.6377202868461609,0.6498632634025405,0.6798183448871962,0.6204994529126603,0.6698407466346034,0.6867688734450477,0.6476324200630188,0.5997162888956152,0.7247098951905571,0.6903762555787777,0.5764443646285509,0.5969485193633866,0.6096416115760803,0.5687380627213839,0.49371847487061477,0.6131751546112885,0.7291300892853496,0.7121287996969964,0.6728513240814209,0.6593758502348661,0.8559610160831893,0.7453334563302754,0.7224345012145766,0.67406183694861,0.6690040826797485,0.6600790928662462,0.8504650606718505,0.7585624329064282
505,3,1,0.9817981616604449,0.9604340240868127,0.9750315546989441,0.9815613498989548,0.999490216703733,0.9924736629137799,0.9774823868892663,0.9495383967149096,0.9680483937263489,0.9787876988876437,0.9995578769147743,0.9914795682026547,0.9773628016886967,0.957162501935017,0.9747185111045837,0.9768277641373357,0.9995974911493348,0.9785077401172121,0.9813056277877257,0.955591896803409,0.9700657725334167,0.9836170869182886,0.9993343222911596,0.9979190603923539,0.97635205688855,0.959993668406846,0.9654080271720886,0.9813784716907937,0.9987435309817255,0.9762365861912962,0.9758885792043535,0.9480384127145262,0.9727951288223267,0.9792689550859071,0.9991888925328748,0.9801515068661323,0.9729471598985718,0.9468581384076787,0.9651947617530823,0.9782272843417986,0.998975107904654,0.9754805070856457
506,1,0,0.45774592204891285,0.4301106339115741,0.44187310338020325,0.44606683545215275,0.5616505687570325,0.40902846874360194,0.5548261361602108,0.5583170003294909,0.6125891804695129,0.4847707969179766,0.6622228869751074,0.4562308161089662,0.4572740683689383,0.4631939360174794,0.46613815426826477,0.5033255067399652,0.5018744136503372,0.351838331168645,0.38289763344475614,0.4995308141271325,0.47786104679107666,0.4164566642956376,0.21505259213014405,0.30558704987978996,0.49990461678206427,0.4776782029965997,0.4342767596244812,0.39694253181733796,0.7840836187277285,0.40654197074417386,0.5276433581750004,0.6418554309142169,0.5914189219474792,0.47042322752606286,0.6343618411864056,0.30015736930083753,0.5467438257271059,0.6268291989360293,0.6209285259246826,0.488010526904482,0.6225654170984655,0.3753854597718702
507,4,1,0.909540920190772,0.8854883057237315,0.8965778946876526,0.8980492886762685,0.9821649270302335,0.8854241848359744,0.8961285338291223,0.8701632182621202,0.8867424726486206,0.8797152336724573,0.9484874300520352,0.895534314510378,0.9179541459103786,0.8862544456953078,0.908441424369812,0.9170191112080911,0.9957770258573055,0.8822787224213766,0.9298564770251444,0.8997109799242468,0.8984816074371338,0.9290916475177706,0.9814178021449486,0.9405803481016219,0.9212306974528186,0.8911448608937039,0.902965784072876,0.9286571296086618,0.9856732059549149,0.8977125067339359,0.9306672206111815,0.9028975972202369,0.8886841535568237,0.9196091017206219,0.9840504590447244,0.9580947915135002,0.9312634877787926,0.9033265308824445,0.9126660823822021,0.9157106676723131,0.9444042419603506,0.9802099159966529
508,0,1,0.2578387530596648,0.3510634029451811,0.3373158872127533,0.2603713185674619,0.07901433429998232,0.26142882227294556,0.2776283166254063,0.4604085446467589,0.355447381734848,0.22187856514920587,0.08970175836537793,0.2607053332308409,0.23936776115614816,0.28831144268662584,0.28157541155815125,0.25093371279106347,0.05334673356245746,0.322671505182443,0.2641850239877904,0.31484736021915344,0.3432038724422455,0.27562151067071017,0.17719427141470306,0.21005810519213994,0.2449042743662279,0.3318920599830352,0.3156045377254486,0.2526263720752567,0.04940219078899173,0.274996211258407,0.3175832368143128,0.3549039274750915,0.35401052236557007,0.34121086440798004,0.15015059731674396,0.38764027250617855,0.31252007591445424,0.39754241369886323,0.32841208577156067,0.2857809081786099,0.1028590288110661,0.4480059431121712
509,2,0,0.08141641535093078,0.09758710233560454,0.13586455583572388,0.12001562983929376,0.003955758043152948,0.04965903070087874,0.07526963030112424,0.0952520758674076,0.12547151744365692,0.10089752862007836,0.0020938163255448195,0.05263321324893348,0.05500907929408063,0.06834069837145731,0.07347117364406586,0.091625269839413,0.003080046475587536,0.038528208139879436,0.11162778047943381,0.12376441503602727,0.1621130406856537,0.16065010404378416,0.03596044443882554,0.07565089819287846,0.08301604146671396,0.0975910420187494,0.1394059807062149,0.11087447435211878,0.005057017328362332,0.06215169292812436,0.06385671017037785,0.07588573477541172,0.09720760583877563,0.08196461583602659,0.001216565910248336,0.06300902849142699,0.062194153530611695,0.0731802722273678,0.09493859857320786,0.08870169882320739,0.003237975466410689,0.05091222256286477
510,3,1,0.24113573866000193,0.29347621304708543,0.261903315782547,0.4005710326511607,0.1209710141342814,0.12875711768493522,0.24184861510779893,0.22963034665484588,0.27883151173591614,0.3502324076728525,0.2350952836139602,0.11545352586141998,0.3656196712461043,0.5236827264149773,0.32853221893310547,0.4688114732148239,0.08559851806369297,0.421473419603922,0.2835921766186664,0.33443240021605125,0.3640035092830658,0.4053310170212822,0.08328572222066777,0.23090823435226498,0.25038876830827206,0.28283145764688844,0.27999797463417053,0.44313119560636793,0.031390383338667636,0.2145928303152657,0.40641196030643767,0.49686304072196524,0.35826075077056885,0.45470128942448457,0.15455534507237584,0.567679375542794,0.3770445335367501,0.4804088743063181,0.3669227659702301,0.45219585631941545,0.0455113522393893,0.5401838188483974
511,2,1,0.07725620199042897,0.09568208261390934,0.125144362449646,0.09087471409051456,0.004201303218379632,0.07037854757969532,0.0762535292263258,0.09677106366342013,0.11101281642913818,0.08866233702378055,0.0025076328375955906,0.08231379617769449,0.05625007832302614,0.07088043321202425,0.08377465605735779,0.06517604994755954,0.0033055404942324176,0.05811371190395672,0.08866244200554334,0.09559282322038307,0.12822839617729187,0.0981216413649051,0.013821731843065031,0.10754761742207163,0.07990234412894001,0.09992442852158036,0.11182121187448502,0.09701509785570302,0.004315651615726638,0.08643533077720511,0.06774125484774521,0.06956619522696121,0.06890523433685303,0.07162242279739477,0.0008362556518108643,0.12777616622570614,0.09185567517421296,0.0697939649810114,0.07535675168037415,0.08415800575940746,0.0013233049991593453,0.22864634845111248
512,4,0,0.14452756273728729,0.12506109347663685,0.12213262170553207,0.12975654568746664,0.016312218372025063,0.3293753344447758,0.13853092333029413,0.13643685870397215,0.11338376253843307,0.11242880342042093,0.025477042834905365,0.3049281491537391,0.17184764545960896,0.12484023148165836,0.11930522322654724,0.1124269214204403,0.021948502248530764,0.48071734892086804,0.16453829206194026,0.12812286082480673,0.13705295324325562,0.13402790883655366,0.01497985904922805,0.40850787835585717,0.1063696730831013,0.12867987775884762,0.11823597550392151,0.1183949529414974,0.027935905862985024,0.13860165334825494,0.17350454039647695,0.12006732736248012,0.13129323720932007,0.09705768545462994,0.012732624778437512,0.506371827177517,0.12811154664100752,0.11169684846165263,0.1357983648777008,0.1268719489656743,0.04298398514933655,0.2232065857506733
513,4,1,0.6171133040825352,0.6936249070750183,0.6245568990707397,0.7048901565541882,0.6692409074948407,0.39325365021788905,0.4683707414115733,0.5928049265883186,0.5270941257476807,0.619460841590059,0.22086852944282176,0.38162528368898607,0.5646312149737673,0.692470436781785,0.626436710357666,0.5944862579777966,0.43602277221014557,0.47373989754144336,0.6135326935822413,0.7868572028270066,0.7191648483276367,0.6833996772212335,0.4420241045245556,0.4362176350107736,0.5528160007619438,0.7147147140521132,0.6112896203994751,0.6218074185780087,0.42180832164779053,0.3944599291323313,0.5338403599763758,0.6272359129645506,0.641934335231781,0.5966967184608655,0.35371257580678106,0.44962225741790096,0.493088754837914,0.6335469536149286,0.6296022534370422,0.5308215686645579,0.25521774762177685,0.4162552508512642
514,1,1,0.909612398607277,0.8958390456138708,0.9086273908615112,0.9177089381528029,0.9916066593212196,0.8342799590869807,0.9182462428862216,0.9145952916131721,0.9277012944221497,0.9327163766295362,0.9971288657514936,0.8190893860147562,0.8728467538559628,0.856031101294972,0.8569415211677551,0.8897751053413364,0.957548657156446,0.8039373843193035,0.9409566710439139,0.9170915222512749,0.9253259301185608,0.9437201468805246,0.981870349998487,0.9367754059707226,0.9119405833488761,0.883465011975616,0.9165330529212952,0.8975275273599614,0.9905092604823229,0.8716680640051852,0.9302291565158998,0.8921211109132229,0.9201211333274841,0.9048126012780928,0.9902701478188403,0.9438207892418581,0.9342189110012142,0.8996888896831993,0.9263683557510376,0.8834347693388918,0.9931037428641317,0.9684987973688117
515,3,0,0.06857446276358524,0.08810718354517659,0.0840030312538147,0.09276969298013243,0.002444421391639483,0.07554798464716299,0.06227663274048284,0.08580469445000698,0.07929743826389313,0.08632254296098593,0.002285930944287993,0.05767255708324019,0.060904065195349945,0.07976423655680855,0.07909335941076279,0.08869667441498501,0.0025404769648168174,0.054425578629376574,0.07054691727875781,0.08709965011267326,0.09336340427398682,0.10116888184714803,0.0022827303135186565,0.06881991984646225,0.06650345313801496,0.0872395456883145,0.07810325920581818,0.0892248357718828,0.003053436811736443,0.07489618821232295,0.054644246232665325,0.08113332893298708,0.07606058567762375,0.0841557778759069,0.0022623291319809917,0.02960920954482794,0.0560296810086731,0.07996299990939437,0.07369324564933777,0.08835477988753272,0.0020413171953107103,0.03609606240178998
516,3,0,0.3136454641808022,0.31456738426058123,0.27650022506713867,0.3489843389000332,0.05867848516854283,0.5694968875077151,0.3874055541289638,0.40154572307630554,0.4371834695339203,0.41218505441344766,0.0705215034876283,0.6155920201335175,0.30820840192213,0.2997907854396271,0.28376147150993347,0.32442546702022346,0.0574341902691947,0.5756300953716714,0.3419849417672552,0.3172959391896474,0.27940842509269714,0.31892810892697204,0.25734509475490663,0.5369471408720528,0.30866988911471627,0.32162746555015354,0.2681425213813782,0.31334368306882304,0.08599231501310466,0.5542434605601219,0.34915248788021663,0.37574718696903087,0.41999679803848267,0.33726948116334704,0.04921010474149909,0.5635388684887236,0.3742295674667629,0.4406470708184925,0.38527345657348633,0.34831990462663626,0.13783601593106282,0.5590713893841367
517,4,1,0.8854132600545253,0.8584481423966631,0.8394445776939392,0.8466243314638294,0.9595821099655539,0.92296713875264,0.883637060794315,0.84187224542819,0.8154808878898621,0.8779974496742351,0.9827889817179015,0.9000457392613865,0.8967991266471312,0.8598249388305991,0.8363890051841736,0.8841244410358569,0.9456746920436041,0.9579825561414225,0.8999865767937167,0.8553948205948916,0.8546980023384094,0.8801543829766454,0.9577430629007505,0.9519426151578869,0.8724216249724093,0.8487324669811285,0.8328544497489929,0.8290323181435794,0.9380392675813554,0.9134496224069899,0.9056589799127952,0.8759487182520546,0.8238937258720398,0.9020571931218043,0.9727115715646557,0.953683690753421,0.9088453218320744,0.8748863465792844,0.8520289659500122,0.9046781423828353,0.9619384077854023,0.9506947464628376
518,4,0,0.16506777270982104,0.14814946943171378,0.14366558194160461,0.17165064357481585,0.048047811034950795,0.31382535756602004,0.15773872908201744,0.15245634215905685,0.15889500081539154,0.13716724737401403,0.031201880785105565,0.30897317427651927,0.11716385158074036,0.14213927211100397,0.12305773794651031,0.12562372796841315,0.02253719344918933,0.1724613264285851,0.21801971833678407,0.17691352051951265,0.19978530704975128,0.22742630934905694,0.013596600635565831,0.4723768541300336,0.14210104996979,0.14364456067877746,0.16377028822898865,0.19650497591284455,0.005889446569846254,0.20069597845849307,0.15171658731629858,0.14593625851125033,0.13625404238700867,0.1728087932057178,0.01944129085688707,0.28414255162062907,0.13186399128384346,0.12841163149066726,0.1641349494457245,0.1515274296664186,0.002177230074178424,0.2130687157422285
519,0,1,0.8678701795152101,0.8801585175756641,0.8786641955375671,0.8004258659380804,0.9795699746591404,0.8005323438655989,0.8780522678190239,0.8829914385686773,0.8962782621383667,0.8106052162214026,0.9804934395053905,0.8198929826612821,0.84419534508786,0.849385388889826,0.8653070330619812,0.766209289033151,0.969331818385337,0.7707431960690049,0.8671381018497083,0.8663388796864608,0.8633861541748047,0.8234584564811327,0.9539178332572801,0.828589185648863,0.8707479875245431,0.8783760205530683,0.8881890177726746,0.7969358728449734,0.9821190738232384,0.8081199526287616,0.8513211330392494,0.8521634376685594,0.8431472182273865,0.7870565618964032,0.9344954336115588,0.8397430137923388,0.8458709775518353,0.8449350563093073,0.8415939807891846,0.7844282735831385,0.9405400350767911,0.8178575420007549
520,4,0,0.08455926282453133,0.10391395229670475,0.15549945831298828,0.1018991284386905,0.0028888560099724855,0.05859491906430057,0.08079807298247832,0.1032831911472026,0.13675664365291595,0.10933820143881369,0.002852716003673849,0.05175961266978551,0.08627486515247004,0.10301181716925284,0.16655729711055756,0.10465789377480035,0.002878606125532519,0.05426871158220699,0.09388970952080314,0.1024661197370557,0.1557958871126175,0.11344608269281097,0.004389967079428416,0.09335049098210312,0.08272289924528732,0.10392206834533733,0.15279538929462433,0.0969913701314016,0.00263827631273065,0.05726739214234267,0.08568516885968211,0.0957829387493566,0.14368247985839844,0.10896861069397265,0.004559630884539381,0.0754321841121434,0.08592288796762435,0.09650641834971997,0.14656004309654236,0.11041541093963336,0.0033393471113804347,0.07279322034084557
521,4,1,0.9591818918917008,0.9278115778141174,0.9434143304824829,0.9576112760483648,0.9989790539530846,0.9680932211604542,0.9580787062725937,0.9301085530397949,0.9411050081253052,0.9565719800313809,0.998374658323219,0.9642333318432686,0.9570258041314812,0.9249506593980412,0.9443387389183044,0.9523568190895156,0.9980536876619415,0.9654291155896034,0.9633700822840439,0.9220888066095406,0.9492851495742798,0.9632801009399659,0.9921883717473705,0.990007982549063,0.95826639039821,0.9278320110494795,0.9442892670631409,0.9469186691963747,0.9985940676651229,0.973697937016932,0.9621591070574009,0.9310664246125052,0.9466732740402222,0.9579642053691839,0.9907086359325907,0.9843829953325031,0.9580761576465431,0.9278297007958283,0.951846718788147,0.963647215096658,0.9606905041329037,0.9863666494191783
522,2,0,0.07624521791247932,0.09817761608914266,0.08955985307693481,0.10190387365133036,0.004201303218379632,0.08738344352660908,0.06782949217402487,0.09051660376577601,0.09216704219579697,0.08492378873437723,0.0024197501959124716,0.06912027597826165,0.07639240847970541,0.09920326475645048,0.09517055004835129,0.10574325588114981,0.0041608226226706605,0.07768414908990483,0.0754364283128479,0.09402586379584746,0.08813578635454178,0.09598489075981234,0.002386720349182249,0.0966488803048557,0.07609727096826585,0.09772271107601664,0.08776180446147919,0.10503301873372826,0.004315651615726638,0.08565316895437854,0.06739615275708594,0.0924524169117086,0.08682935684919357,0.09559134145547729,0.0025734615144213063,0.05953418705462894,0.06901289929047379,0.09364715284759138,0.09000814706087112,0.09428885439950968,0.0020238837339718345,0.0650964584104249
523,1,0,0.10016838124509002,0.13122100793808353,0.12408215552568436,0.11308852204375651,0.005305900973891484,0.12714431974403415,0.09117708035298552,0.11004864673220331,0.11079629510641098,0.10301610586550952,0.004322325767401829,0.12770202829340202,0.09881605326152332,0.11991521119447651,0.1256522834300995,0.1153465281922385,0.00497076537973363,0.1281954781110685,0.10987956168425508,0.12709681488208285,0.11984246224164963,0.12135869123147351,0.0031647734760471527,0.1779350665900222,0.10477402310237513,0.12704783740823067,0.13112294673919678,0.11785691428806393,0.006542353018982671,0.1413000640574017,0.10287004067815937,0.11344374559708975,0.11000680923461914,0.09966381005923895,0.004010693693343562,0.1872251448065054,0.10160892333950847,0.10997620589113917,0.10472964495420456,0.10106432021232585,0.002972089662466804,0.18930235597740597
524,0,1,0.9802101166121224,0.9607952127233959,0.9718257188796997,0.9779608284611672,0.999603856352785,0.9908649666435639,0.9807654200864219,0.9584406388383842,0.9717016220092773,0.9825811910323792,0.99941563508406,0.9916880134680092,0.9831409508519293,0.9619823610073429,0.9756179451942444,0.9848615513833305,0.9984824112185321,0.9947604854561963,0.9820277524521591,0.9583673651484282,0.9742026925086975,0.9803175520039996,0.997576515832949,0.9996746367667212,0.9798967201910017,0.9589553209643042,0.9706728458404541,0.9828634310329799,0.9991935350416963,0.9877984680755737,0.983208246823527,0.9598545204398667,0.9737040996551514,0.9842232292447118,0.9984353740202937,0.9998240107576118,0.9832992739327908,0.9635333276473371,0.9747251868247986,0.9798326444322369,0.9986587288541772,0.9997464819054042
525,3,0,0.07977162839982223,0.09211034091626943,0.10396020859479904,0.09827246731100996,0.0024792098591135073,0.10203591531791924,0.07310849800352405,0.08637555976787761,0.09228964895009995,0.08893416764970061,0.0033377478480358606,0.0946053658019062,0.07683169581630721,0.08555406679910268,0.10181184113025665,0.09848910787479691,0.0023381593272909103,0.09596530395008888,0.08839893388746997,0.08909001167214403,0.1016841009259224,0.10386040561339119,0.003244000163029154,0.14411615106286313,0.07806218899761116,0.08925697242307805,0.10033562034368515,0.09659978970183523,0.003091275531514923,0.10102728698794243,0.07684013423349674,0.08287880689602564,0.08350271731615067,0.09049239799230839,0.003985328788277844,0.12334142017472119,0.07440941020553012,0.08239502129396209,0.07550089061260223,0.09032737684839383,0.002790072146184833,0.12103369012650764
526,2,0,0.04540921523669314,0.07291626052384279,0.056658871471881866,0.05492531806655148,0.0014115536397583616,0.041134072481431194,0.04353688858184536,0.06866700553398158,0.05319328233599663,0.05028287810167016,0.0025076328375955906,0.04303364409998285,0.04857253506395544,0.07323322503365445,0.06503122299909592,0.05695276788656105,0.0041608226226706605,0.043484636777795106,0.049922236087646524,0.07001992067882953,0.06480091065168381,0.07445563281836136,0.002046796703755978,0.03828791958560196,0.05119193980154829,0.07621160997887177,0.055654242634773254,0.06762746886508354,0.0015853232071795494,0.05488105432183336,0.051899963809966164,0.07572635640197897,0.07481864839792252,0.06038408938312023,0.001847216935177594,0.04672350793163153,0.056383760227423474,0.07612806432477455,0.06904300302267075,0.06981427504250567,0.0020238837339718345,0.06490957501319457
527,4,1,0.4483315734194844,0.5044373033190848,0.6550700068473816,0.4759563729112167,0.5812048827099339,0.024989301309804774,0.4810240979792887,0.49229107203618955,0.6776818633079529,0.5495325831030031,0.6662246508707832,0.019390320578514916,0.5035096947745258,0.5365378289200227,0.6687210202217102,0.5908002374928857,0.6882013300614643,0.0332880571765461,0.5655344178922055,0.5716206605452849,0.6957367062568665,0.6541175751505811,0.8181314645912325,0.08806568291706288,0.476423163961062,0.5029316717513832,0.656731128692627,0.49331224889412306,0.7050238278571643,0.024116942610012473,0.545027694236208,0.5822533611399735,0.7442879676818848,0.6430174045799665,0.661408407819774,0.09417132995944123,0.58655122381769,0.6234570895078507,0.7214833498001099,0.694663118957617,0.8049825035662456,0.08817005725662683
528,4,0,0.333321397439266,0.33553880629845545,0.35998356342315674,0.3427959815472336,0.33286626520769225,0.29542237071979166,0.32207780005771147,0.388738890940197,0.3802340626716614,0.36871472382936515,0.211192413330966,0.26150890951636774,0.24340964151313704,0.2957574743660586,0.3698364496231079,0.3814721964059268,0.03988018159983654,0.1301019055707552,0.25358189708183065,0.27792333289293725,0.2975179851055145,0.3248044794086294,0.12791021555961424,0.23975347244245793,0.3842323941272334,0.3422205154053886,0.3913643956184387,0.3982744660934825,0.4258999993214366,0.3634025941974207,0.2570216079379849,0.29863369522909616,0.38463008403778076,0.4075449181333801,0.12326428296711484,0.0710350593225525,0.2575770154553879,0.301447153701143,0.3308277726173401,0.4218315174310319,0.10565078640732847,0.12812784712009642
529,1,0,0.06211579748829539,0.08735879433705113,0.08144952356815338,0.08781370831281227,0.004224391307149522,0.049732569916310664,0.06087778541950175,0.08745998606823649,0.07212582975625992,0.09111084307390652,0.0019303156566773927,0.05176195254242842,0.06220135627649457,0.09733133234504948,0.07947102934122086,0.0845377101613724,0.003922103392899125,0.04574460614193097,0.0689109455681199,0.08667495795578269,0.09421128034591675,0.09423302257467173,0.006111208200058507,0.06332425876416983,0.06402860785081174,0.08858254721632915,0.08359736949205399,0.09310563727321766,0.003663829534618988,0.051193655737838926,0.06937321725051224,0.09505586974799984,0.08028536289930344,0.09710049975125783,0.0068828255902416416,0.06754152826375845,0.06796460931885033,0.09420091988544425,0.07447358220815659,0.10138144206512639,0.004301790032198723,0.06546531240332573
530,1,0,0.06378248175670502,0.09215378064635404,0.07289345562458038,0.11159833365110952,0.002752526339491682,0.03951431252198951,0.06981241529657649,0.10105184530450631,0.08785813301801682,0.11722644811905185,0.003223943971264543,0.039701706070042954,0.0953502261670661,0.09404904250646433,0.07664845883846283,0.12799229482520375,0.0025968671286831376,0.17546446753651646,0.055936635384300826,0.09370088489473989,0.08198904246091843,0.08725623524757425,0.0014334388529702719,0.015303575465301329,0.07273825802254172,0.09023372810271814,0.08780039101839066,0.12552800787038512,0.002020625086522825,0.0581085380346919,0.0711983754910092,0.09409448345403645,0.0904160588979721,0.09312668742454258,0.0003630014017345281,0.07799164627676038,0.08488471259510466,0.10099323899870724,0.08937039971351624,0.12982919415532035,0.0005154732249054553,0.10371525688307398
531,3,1,0.9666665737715062,0.9475281001888466,0.9655451774597168,0.9676002419692387,0.9988623131393785,0.9537970361003513,0.9624225221902162,0.9429949376719521,0.9653400182723999,0.9621568398930167,0.996300384340114,0.9453204307735974,0.9683800711916545,0.9499844218084097,0.964775562286377,0.962833622151536,0.9985716013253868,0.9657351483865629,0.9743091021018555,0.9501712923241042,0.9624990224838257,0.9709325136145912,0.9983732575983236,0.9895694244884333,0.9721171606597471,0.9492621142290207,0.9693487286567688,0.9709636043172323,0.9971164980733291,0.9738948580223844,0.9739221694613341,0.947739146345662,0.964486837387085,0.964220131089337,0.9988947679527707,0.9942699645318163,0.977762611817685,0.9482534220942254,0.9684861898422241,0.9753479967441353,0.9989465630474443,0.9977788873603953
532,4,0,0.09087168448081824,0.12016403995635282,0.11098545044660568,0.11426989425048406,0.0035647576275723574,0.10537428012307623,0.08154631879830111,0.10302798316207035,0.09982962161302567,0.09732935409786035,0.0048149020366296345,0.10272973308191952,0.09037892912801242,0.11469636689015303,0.11249087005853653,0.10994837289080571,0.0059540879501751316,0.1088049478503917,0.10123550275148281,0.1140928712442896,0.11311540007591248,0.11891286569880752,0.004898249772235123,0.15515812696616932,0.09259903670811331,0.12050802261877443,0.10663112252950668,0.1111688820768581,0.005486540484361848,0.11920061583106549,0.09286184631708239,0.10872397717766509,0.09854774922132492,0.10343064234372823,0.0032841716233504197,0.15032269121934327,0.09055897080486466,0.09989995063577753,0.09774325788021088,0.1026113662003005,0.003954028755840454,0.148586250552194
533,2,0,0.07971784674247566,0.10834004037437024,0.08739299327135086,0.1293409379566161,0.0036783711131862704,0.06983689099685488,0.07195069540509609,0.10678839336970107,0.07866229861974716,0.10974159897583885,0.001996030153729682,0.0625651559064637,0.05301267456449249,0.07514173208722359,0.05929579958319664,0.06432757991258077,0.0033055404942324176,0.06299272074522906,0.10843068104045686,0.12337644620078082,0.12244155257940292,0.18638576765035933,0.006325514918236532,0.10362412385350475,0.07937905376935575,0.1024649599902314,0.09241161495447159,0.11422502455618877,0.004315651615726638,0.0834780177301604,0.06560139008469389,0.07482318275583791,0.06770152598619461,0.09694286690233082,0.0017475779387562153,0.08679179684034992,0.0659825387443084,0.07987457652066716,0.07242463529109955,0.11015818401069795,0.0017051635345282173,0.0657501343645491
534,4,1,0.8621614958501329,0.809125627016987,0.8166661262512207,0.8384795820753681,0.9583272745230343,0.888208869384054,0.8735448218236096,0.8202516043568668,0.8308988809585571,0.8731933764090382,0.9446925374771569,0.8986877099164289,0.8776791666093523,0.8242032941741284,0.8507043719291687,0.838401285898028,0.9911471302884065,0.8839397507570297,0.8112498102732282,0.8006353727585197,0.7771960496902466,0.8352440324024043,0.8337530222095776,0.8094205743053926,0.8690629802146775,0.8115498117121382,0.8027482032775879,0.8927849820969347,0.9250519206738035,0.9131799833129229,0.8378883671127465,0.8091865922726393,0.8174424767494202,0.8159317062992952,0.8910394732366336,0.8558415870057441,0.8530622885477257,0.8188533052531126,0.8230660557746887,0.8360985933623578,0.8736709511862079,0.9136225371622613
535,3,0,0.5243165692625952,0.6115211557649411,0.6235021948814392,0.6030508504077882,0.21201250752846557,0.5714961377303417,0.48271449830460345,0.5679077330047033,0.5820167660713196,0.5728727788960514,0.1750220569744967,0.5157531565764465,0.49997628676803246,0.6159515769895468,0.6086238026618958,0.593061066523719,0.22951707957484158,0.452727908090159,0.520793673422673,0.5899343529709158,0.6264752149581909,0.6004996164993099,0.23190867295350132,0.5551505097314472,0.5581409975405314,0.6186772170579833,0.6066271066665649,0.6089551121732671,0.3768896731336819,0.5795558786711594,0.46909180340219053,0.5698994238808373,0.5798710584640503,0.599786219051483,0.2479124911498147,0.34798982446476723,0.4816578449456864,0.5769749709755962,0.5903724431991577,0.5745011989906101,0.26435858436733406,0.402082027195734
536,0,1,0.9073403897531446,0.8924967476933225,0.9173279404640198,0.9022341250550941,0.9889883147908047,0.835654820762482,0.8972038797765569,0.8996883597128215,0.911821186542511,0.8712425662392644,0.9831218888269405,0.8201453975612468,0.8790640731705892,0.8660215530952611,0.8992697596549988,0.8479460912512463,0.9633761218889496,0.8187068399624902,0.9328242974467692,0.8944633497110349,0.9201748967170715,0.892173016225659,0.9976617056192549,0.9596485189608258,0.9093095462570199,0.8908857577835951,0.9055763483047485,0.896019093841453,0.9852063994406917,0.8688601319146111,0.9019572629448422,0.8433361267666496,0.8926621079444885,0.8899206843067093,0.9971563658137604,0.8867110298926032,0.8826881803022347,0.8529705908354551,0.8529545664787292,0.8542508325828843,0.9790740653535861,0.8741908462605193
537,4,0,0.6165046051616618,0.6915630543853295,0.605111300945282,0.6502393829415886,0.5911237802014621,0.5444855073346467,0.7179046994723776,0.7122632408136091,0.7112696766853333,0.7058864151126777,0.8709178860023669,0.589186278747901,0.6526917620584404,0.686925270241498,0.5608638525009155,0.652610046238353,0.7512864074795347,0.6117732338319003,0.6408453081220757,0.6681427279407626,0.6048558354377747,0.5881259309406651,0.5272118741479641,0.815890172143212,0.580440578304295,0.6570297925115561,0.5576421022415161,0.5646015329686181,0.6123237819417451,0.5106056818580395,0.7175940897010993,0.7144486372206816,0.6465010046958923,0.6621118056882771,0.7325720762326497,0.8323369246679956,0.7094029742114187,0.6772785681285667,0.7082075476646423,0.6707476027975044,0.6459803317007227,0.8448008207656579
538,3,1,0.9253647688944839,0.9142001381442224,0.9162829518318176,0.9346881637908098,0.9940649128336262,0.8675876778719439,0.8997871551151073,0.8760659679703021,0.9105706214904785,0.889313261579793,0.9787422336309813,0.844243690903982,0.9210196143163738,0.9155040947078499,0.9260573387145996,0.9326541024190733,0.9959405811655787,0.8349419545747674,0.944955410271144,0.914183811852663,0.9314804077148438,0.9522266500390288,0.9956294757795633,0.9312567059696215,0.9321595417231606,0.9111405998106671,0.9310445189476013,0.9305803056091814,0.9927194246195321,0.8953128596288212,0.9147520900560417,0.8988923022240066,0.9058935642242432,0.9119389212145795,0.9790037038892851,0.8780319587280943,0.918699620044156,0.9099900761813581,0.9062268733978271,0.9124487431676988,0.9905838344271083,0.8742485730467874
539,3,0,0.06567619058378027,0.08803010778001245,0.08067935705184937,0.0981200970430687,0.001685811752097922,0.05986557929187288,0.06527554067064548,0.08742563703511967,0.07864199578762054,0.09389909629233875,0.00044013923308238985,0.06597083500506594,0.05489406578126129,0.076724524219917,0.07409071922302246,0.1040575731857933,0.0006698695799372732,0.018927642697636467,0.07737332563717533,0.09371673093475491,0.08635374158620834,0.09452353045464254,0.0033359893769418832,0.10893663583332898,0.06760040282832881,0.08803596844919014,0.08257555961608887,0.09693620755208296,0.003053436811736443,0.06740084171254561,0.06229419804553828,0.08641476670183901,0.08158284425735474,0.11529396494536671,0.00021179164039337452,0.027967622682737545,0.06178373731206731,0.08707746583294707,0.084417924284935,0.11094793186156922,0.001199880734687246,0.025275483846198023
540,0,1,0.9597267878679123,0.9420532580756238,0.9435761570930481,0.9720547840187604,0.9996348678820017,0.9413148722701276,0.9621967762208001,0.9438347165488414,0.9487650990486145,0.9775333169965789,0.9992721756704737,0.9415785728394923,0.9707213125161662,0.9366893764225739,0.9526546597480774,0.975345081531373,0.9986453610890085,0.9902720837897986,0.9711693639363826,0.9532251871790021,0.9651982188224792,0.9671098314654445,0.9891231466546238,0.9811904355603639,0.9619320469667662,0.9410625773444434,0.9544346332550049,0.9682942543994312,0.9993010402179031,0.9465677296170478,0.9802162975844741,0.9601871728891297,0.9715782999992371,0.9720250749203855,0.9995417813975619,0.9977491587160564,0.9779345619760749,0.9593431402771136,0.9700713753700256,0.9682931396397173,0.9990904831758243,0.9928746714176933
541,3,1,0.9303743307545576,0.9252520447963005,0.9239155650138855,0.9417738563776095,0.9954509726276324,0.8654792149573602,0.9061819424527702,0.902736384533318,0.9087135195732117,0.911959150065511,0.9919193191620255,0.8155813389297842,0.9325493709860166,0.9254018941532138,0.91538405418396,0.9240573498660385,0.9957416771701824,0.9021618795566886,0.9396587869043322,0.9192955685997085,0.9160146117210388,0.929640994714949,0.9943385201394772,0.9390042393464872,0.9390598067893157,0.9190821667897633,0.9307040572166443,0.9399396284784663,0.9930726756695394,0.9125005057921652,0.9209934734841912,0.9018912094852322,0.89852374792099,0.9107292864338584,0.967760198044274,0.9260629255366013,0.926763453785604,0.9119561556334399,0.8913894891738892,0.9002186444626705,0.9900666484492341,0.9401863312087864
542,3,0,0.06346762163715748,0.06752360265846613,0.05307943746447563,0.056570454678054494,0.0006692420484544261,0.13949537133633672,0.0709323303098693,0.07017714414645783,0.05051930621266365,0.08127754397719474,0.0002922869241989404,0.15239537028883135,0.04865526000073174,0.07283983685062455,0.05284726992249489,0.044974640865899786,0.0006886623029266309,0.07192589006171285,0.04899352404733799,0.07780804413107355,0.07418360561132431,0.060439306376916586,0.002498395706447871,0.030038268410927618,0.0357582037643467,0.054246752870553944,0.03321010246872902,0.03704730395592164,0.0012395836714697108,0.05304727585505916,0.04084360212618844,0.07690378364018251,0.060771048069000244,0.06113948579827211,0.000823412059648469,0.00458028106383888,0.0272566290890717,0.06357710845781861,0.04104138910770416,0.02901235422882698,0.002129556603581999,0.000522737047426742
543,3,0,0.060758372040905465,0.06752360265846613,0.05093669146299362,0.05506707348125434,0.0006692420484544261,0.12959525055335883,0.06628484762400567,0.07017714414645783,0.05051930621266365,0.08110209681166611,0.0002922869241989404,0.12933340402504181,0.04665612517609121,0.07283983685062455,0.05060191452503204,0.04247159838337361,0.0006886623029266309,0.0666786138184992,0.04801451417888285,0.07780804413107355,0.07394710928201675,0.058336927809831976,0.002498395706447871,0.027482093965044127,0.03406867029283561,0.05098986693018132,0.03237264230847359,0.03636956743505188,0.0012395836714697108,0.049371691119001554,0.041182198224615385,0.07690378364018251,0.06497491151094437,0.05959771217926619,0.000823412059648469,0.0036111717330353744,0.02880208172023293,0.06184450994303905,0.04316770285367966,0.036440487560086665,0.002129556603581999,0.00042815164077727503
544,3,1,0.11910871822613855,0.12532135793269883,0.08725094050168991,0.1231213872854439,0.005453612187709772,0.2543962932231503,0.10650103794069965,0.11698891579910375,0.08703029155731201,0.13569851492884166,0.004463176203161245,0.1883242912150796,0.10996830300050178,0.11395152016449718,0.08123384416103363,0.16092382559141818,0.0037351290826159907,0.18999719600294399,0.08876204475722733,0.09754606636351411,0.072886161506176,0.11507020910063988,0.006382810238308202,0.1519249765774985,0.12550008049221442,0.12233157104779753,0.10921833664178848,0.16071294245903023,0.007754522634893427,0.22748302967756243,0.07417804234338836,0.08819843655901878,0.08053284883499146,0.12994948893112124,0.007641292796554633,0.06456814459525571,0.07070413701044348,0.08518338639047127,0.08723388612270355,0.1079561180587682,0.010198432581261421,0.06294886189901301
545,2,0,0.15659343290054117,0.1814023099417615,0.16328896582126617,0.21228219714951302,0.010215700641281716,0.2157779909488834,0.14932584691426082,0.14527485430217904,0.15985949337482452,0.2244124250862262,0.004040408406842269,0.21304205340123206,0.16447051567752946,0.17910500812290464,0.19121280312538147,0.2962723303176714,0.012061052369940827,0.14370138445174901,0.1712345905891511,0.226577703568004,0.20735540986061096,0.2683621591331945,0.012309762343544183,0.14156791804040195,0.16303859546441474,0.19220923395425996,0.1792316734790802,0.2723459801061909,0.012883084891558436,0.15852300489098425,0.13655253158745206,0.12238018373492175,0.18589025735855103,0.2820608033743937,0.008814721754995711,0.08361669171439799,0.15274359501043713,0.15850516411056084,0.1813785582780838,0.2983294821713533,0.005124330147483313,0.12038044034470438
546,3,0,0.09870068573932426,0.11718707391191782,0.13518817722797394,0.09762903027359492,0.002877358223228005,0.14062178905990663,0.11212141876138185,0.1172044303458479,0.14621645212173462,0.14037770191255938,0.0011734718551827188,0.1556350375715846,0.09915769063225335,0.12066991363459226,0.11490805447101593,0.13054955487939476,0.006223294657154366,0.12343763551910944,0.06398252067513466,0.08842420609719319,0.1026621162891388,0.09167950907484834,0.0009182615960779706,0.036228510318414925,0.09848103778520487,0.13313022327134813,0.1047540083527565,0.11761581637849139,0.00427868326931628,0.13262645765411196,0.07641460439533276,0.09248259712403926,0.11921390146017075,0.1038059787595375,0.0005738214362459908,0.06599672319667026,0.07243427624085129,0.0887592981269762,0.11426088213920593,0.1025718767365964,0.003154497041507891,0.053424827159970024
547,2,1,0.936589739286038,0.9272622309399555,0.9329561591148376,0.9224022900755942,0.9984457983531068,0.901882217946696,0.9246667580998593,0.9272708392778796,0.9264367818832397,0.8993046903085178,0.9977735407306049,0.8725479382990551,0.9225609619634298,0.9143158607284846,0.9230188131332397,0.8980103786269965,0.998874544392308,0.8785852129361196,0.942077891995033,0.9196047700189438,0.931138813495636,0.9122104573196034,0.998843538281965,0.9485918808590159,0.9312562204563328,0.9281497017557335,0.9280678629875183,0.8939079416098901,0.9948725225075539,0.9112830734209683,0.9232416442562578,0.9157627660126076,0.903388500213623,0.8941671909555639,0.9983018060296094,0.9045879580698851,0.9245180597298145,0.9241784860809606,0.9156484603881836,0.8977040310596853,0.9919905811318959,0.8930687399883461
548,2,1,0.09801387899397122,0.10975406701621361,0.1370907723903656,0.12801135718356565,0.005695914405154762,0.10951728397455654,0.08912059127543552,0.10233455417429412,0.12540960311889648,0.11700698738097921,0.0020124478356942986,0.0988393638673135,0.09681106051520946,0.11378496532561728,0.12966392934322357,0.1320408450932074,0.0039042046111694624,0.10466135820282957,0.08795542332807865,0.11618945435338046,0.14147837460041046,0.15133596068452465,0.009763629250521072,0.021009697751556634,0.08034302321123163,0.11028098870652947,0.11393183469772339,0.13333066154832135,0.005883439262747294,0.03828819184083658,0.07778776839660277,0.10064165431033513,0.14384585618972778,0.10854827288528865,0.015034295725349414,0.0208687628723129,0.0767679930458225,0.10484684614078903,0.14079426229000092,0.11520444796668612,0.019075902306981616,0.00391850652465483
549,3,0,0.08375216646692062,0.11329952124007062,0.08207506686449051,0.12608655458797288,0.004249417398560772,0.09305027224350831,0.08427482209518501,0.11697713388117041,0.08495894819498062,0.12561939837694983,0.0022204982873721825,0.09159813173545195,0.07506698944725668,0.10421314313461727,0.07617486268281937,0.12937521720964923,0.002673954883811542,0.06289776932538597,0.08099998860058363,0.09392474281210397,0.06247914582490921,0.11437845908955692,0.008545478469167499,0.12567211680718057,0.09978025670689429,0.126752306983061,0.11131090670824051,0.1369259380676834,0.006555954868521199,0.11735617690696531,0.08170293155528632,0.09544450214224871,0.0768468901515007,0.13286069788554344,0.003954630939480153,0.09940793665765857,0.10365646411597222,0.11927351273685331,0.08569609373807907,0.11937756472700656,0.007112114774172533,0.1868230346037497
550,0,1,0.8816509186242755,0.8651906457031472,0.9072450995445251,0.8527423022594929,0.9838069943022452,0.7992695513119666,0.864889996132937,0.8674202219168103,0.8933517932891846,0.8029139140093645,0.9640012559064542,0.7967627955428718,0.8209204208175063,0.8208902496125193,0.8818785548210144,0.733600998982307,0.9769308236664069,0.6913014770052835,0.8893126750155647,0.8605586445399709,0.8948045969009399,0.7762102236032299,0.9525589073315832,0.9624310027020995,0.8894263888565277,0.8567958983671469,0.8772516250610352,0.8375984065771684,0.9658939879716802,0.9095920263056082,0.8163420118928795,0.830548407408833,0.8825793862342834,0.6670589478355315,0.9137929229847972,0.7877303950009521,0.7726160600979723,0.8131520833299032,0.8273462653160095,0.6663251254568316,0.7167357119064058,0.8395211144807121
551,0,1,0.4232842971686711,0.3402701519401804,0.4311598539352417,0.38141514782290364,0.27559919473994593,0.6879771374050843,0.3996379819297647,0.32076309336801423,0.4418659806251526,0.3684596455382085,0.16705252168864032,0.7000486684288078,0.39043107175510827,0.3667576715970773,0.39953216910362244,0.38098494201755567,0.21824064870789095,0.586639927349395,0.38783080781490364,0.3869160347036218,0.42764467000961304,0.5059135869739694,0.17756562038846405,0.44111412699885,0.41512453595155846,0.34141770068574606,0.41214871406555176,0.3619499315910162,0.288556448283642,0.6715498851318363,0.3598987978529694,0.3188834826989749,0.3800828754901886,0.5013634377583179,0.32940560332133917,0.2697585899960269,0.3361230314792087,0.3201125417468593,0.39131176471710205,0.47667678409385383,0.27932358686717224,0.21319047997105617
552,3,0,0.09457954622223566,0.0935510287966993,0.11215098202228546,0.12947518644837136,0.002877358223228005,0.1348431756205942,0.09712353813505928,0.10064545262759349,0.11286139488220215,0.12086027321486371,0.0010524914910802676,0.15019807845955677,0.07986173783340364,0.09223578173485793,0.08799949288368225,0.12309542013801404,0.0018746796114945338,0.09410331479896948,0.08911147891905129,0.11888775726713546,0.13513129949569702,0.1148911554386213,0.0014476816594810836,0.07519950073432158,0.10064141022953832,0.10047584995147017,0.10645753890275955,0.14223361255371705,0.003053436811736443,0.15098661292800844,0.07955796091671404,0.10603238150620631,0.1100929006934166,0.12647167287269684,0.0013910543682841361,0.05380179514296627,0.08246356042113372,0.11285336580016192,0.13238157331943512,0.12264566602394553,0.004623455702967245,0.039813741259158784
553,1,0,0.09502197938039816,0.12413316114667447,0.13551077246665955,0.12286629759139268,0.005305900973891484,0.08729376472337261,0.08494452662415751,0.1120378405050744,0.10711608082056046,0.11456131196259293,0.004322325767401829,0.08668507406515795,0.09159626530849353,0.1155577320501731,0.12440145760774612,0.10565452300496835,0.008698878040683988,0.10366873583889609,0.1175539771484591,0.13285191685834274,0.15642602741718292,0.13429229488793992,0.009436253211870249,0.15476339336695968,0.09671213211435278,0.1273115019550881,0.13534916937351227,0.11276516982499107,0.006542353018982671,0.10159246639918985,0.10093077186771227,0.11249165022006007,0.1065339520573616,0.10672955921388749,0.0055072547052474555,0.17339144314200475,0.10908318384424569,0.11133668179525595,0.112150177359581,0.11681012945125287,0.004301790032198723,0.2008171405829399
554,3,1,0.08088392743723158,0.09211034091626943,0.0990043506026268,0.09214111415989441,0.0024792098591135073,0.11868462164825376,0.1090037927309575,0.11053617390425356,0.1316339075565338,0.12453729788471014,0.0033377478480358606,0.17497383646125408,0.07547372135100094,0.0786136829513244,0.08947295695543289,0.09592468041987731,0.0023381593272909103,0.11101912710107918,0.07835752035081842,0.08736295110025458,0.08818504214286804,0.10430670517800562,0.0022827303135186565,0.10965017301944514,0.08000649987394559,0.08925697242307805,0.09961170703172684,0.09246973520757475,0.003091275531514923,0.11560280917583336,0.10178323445356705,0.10370355507284286,0.09639741480350494,0.11934867772447408,0.0032739716761217355,0.18619255299089163,0.10156941264409731,0.10832369107732344,0.09669463336467743,0.12104135991986649,0.0024801336360038375,0.17930724522261532
555,4,1,0.549138002320831,0.5573456332294836,0.5322876572608948,0.5164058589419224,0.5344345316916737,0.6052163304801805,0.5069272698038129,0.5273186674453996,0.5091195106506348,0.5164935735554588,0.4322403953167754,0.5494642020507957,0.5789183367749817,0.5654337760690282,0.518966019153595,0.5564232461577153,0.6460372374083452,0.607731405086225,0.44309118904427497,0.5254444676233102,0.4962461292743683,0.5153674247620076,0.27224655177176976,0.40615137178991884,0.5411333135042489,0.5550320324266996,0.5259524583816528,0.539867441356122,0.4747161433416529,0.610098492015117,0.40330106132510546,0.504318967523085,0.49100205302238464,0.5342331688131705,0.20721877992889542,0.27973233733799163,0.41480385407979836,0.4865872037169275,0.5012728571891785,0.5289242370946843,0.28895853961845464,0.268276432779747
556,1,0,0.2060958998765635,0.26332917762254815,0.31559646129608154,0.22052987602364524,0.018020398864804218,0.21300358557573826,0.14578162947249673,0.16971749169344905,0.2179519236087799,0.1588130983873484,0.004775630900813254,0.17765000277209314,0.21083607299196555,0.29179531238226,0.2676001787185669,0.2560109415328031,0.014495054514115336,0.2242788778120825,0.2163698861484317,0.28116656460291645,0.32042306661605835,0.24044416538317895,0.05021199723370244,0.1896036369063023,0.20283926523859802,0.2922611821302017,0.2875188887119293,0.20510289190949513,0.014855418156743554,0.21445794528462025,0.1766553250478373,0.2073623146380755,0.2851404845714569,0.2030925081207894,0.00944693428024506,0.17823438362861965,0.19008259562791965,0.22704379947914483,0.2790393531322479,0.20984266444988114,0.01672989034602835,0.217757270732296
557,2,1,0.9321272793880692,0.9349751031195274,0.913276195526123,0.9189302791386389,0.9882004900236959,0.9052543291323603,0.9510771096048554,0.9267009654861565,0.9337066411972046,0.9517548639904096,0.989117128429538,0.9541059489209683,0.9333733033265516,0.9209802743913779,0.9136170744895935,0.9174254754918683,0.9915684851231106,0.9232752071368077,0.9343285414208061,0.9251020446431838,0.9296966195106506,0.9172905411678277,0.968245805736818,0.9313076960455507,0.9358541960210622,0.928988770333491,0.9201219081878662,0.9010751076803382,0.984669346192302,0.9444158477113139,0.95639710794665,0.9146913592587134,0.9469846487045288,0.947347979659932,0.9879939485447523,0.9849676035653233,0.9562935606388416,0.9240960673328474,0.946167528629303,0.9242626509306149,0.997623088501516,0.9893184677999269
558,3,0,0.3120466864138715,0.22576730041222354,0.24407537281513214,0.3149216987471588,0.13309503110557855,0.6423740289892645,0.2300427318323226,0.14380249570412196,0.14318333566188812,0.19429161987396457,0.020403361334869162,0.6485328465867691,0.2677847310084007,0.25612500505021535,0.27506494522094727,0.36362509417147126,0.11356643417067235,0.33054217642869743,0.31686660263899286,0.29260051902894213,0.2866448760032654,0.3150834196908486,0.10539122057025359,0.5846129779016546,0.2203504535466644,0.22754678216859953,0.20425358414649963,0.25354787431077536,0.20683926190162472,0.2095647652058227,0.2142740468607513,0.19856513820543006,0.25873443484306335,0.2878377452084669,0.08452942471056332,0.24170349133623298,0.1935577839991593,0.25196200956350484,0.23875339329242706,0.30276465765410626,0.040318429309688875,0.13399043017606935
559,0,1,0.9828924940298904,0.9589527727323398,0.9752635955810547,0.9873022353451057,0.999890727638315,0.9930531388526367,0.9765510998923043,0.9518693871734507,0.9594190120697021,0.9789150235917145,0.9997802288282034,0.9927718477984511,0.9772725945145979,0.9541867914071218,0.9656079411506653,0.9731490974294186,0.9992879328500672,0.994131209735716,0.9825869065299442,0.9594303198458202,0.9721579551696777,0.9822550243095326,0.9992298827890125,0.9998613505356777,0.9817625294929322,0.9600980656560987,0.9736950993537903,0.9840077110824543,0.9996596843544396,0.9913520870178774,0.9750566857143774,0.9464366577234157,0.9577663540840149,0.9719141014445509,0.9993055548409625,0.9998607604789426,0.9720784414072711,0.941964702344341,0.958220899105072,0.9611353607249948,0.9992627085444361,0.9998085363175114
560,2,1,0.5376469045158112,0.4930311556282309,0.504390299320221,0.4676814063456392,0.6053420887669017,0.6177895725180633,0.5505236254635554,0.5189769720644546,0.48402246832847595,0.48028661294251124,0.6319996402843787,0.6373324336979567,0.4797628777707644,0.4666408208159339,0.49217885732650757,0.4384715595921672,0.44987090706225663,0.5516522440569565,0.5200754343692384,0.4874511411083918,0.46273308992385864,0.4128281552935079,0.6282212028717952,0.6091435826486382,0.53022766716711,0.49248796952945145,0.47122922539711,0.46528508887510883,0.5592188721805936,0.6629171798532862,0.5286671050471439,0.5420177372482394,0.5191882252693176,0.5122941918281494,0.5277670013536032,0.5420683695364098,0.4798237748848665,0.5310314473561906,0.48469385504722595,0.5229583466117802,0.3369231349180333,0.5235120904911024
561,4,0,0.10017366945029882,0.1258638843318328,0.13823401927947998,0.12332707751248509,0.008741220844258393,0.10470214528343788,0.10491099383820623,0.12450537867440725,0.14121714234352112,0.1377964612310189,0.0048149020366296345,0.11622108490545419,0.09371892913639898,0.11951799392795442,0.12616245448589325,0.10991378692799562,0.0059540879501751316,0.10704632238997647,0.10540460179784313,0.12257075442051024,0.1263095736503601,0.12235899303596254,0.004898249772235123,0.15088543811014757,0.09754530683677025,0.12361917675063336,0.12899722158908844,0.11816173004878973,0.005486540484361848,0.11146186531097788,0.11780382338393247,0.1389295115283854,0.1409914195537567,0.11131321297725878,0.006989645558623865,0.19079532730163762,0.11542119039801182,0.13273776777309912,0.1288023442029953,0.11019884535996827,0.003954028755840454,0.20141296589815602
562,4,0,0.06687733317325636,0.0939844579337271,0.10273018479347229,0.0883330512316722,0.0028888560099724855,0.04645011589743778,0.06833016864901036,0.0991331606869556,0.10834050923585892,0.09126721647357618,0.002852716003673849,0.04005724084498727,0.06888876619701928,0.09534457708187313,0.10841922461986542,0.09429154674257073,0.002878606125532519,0.04350987641525463,0.07496602837385177,0.09616021521478879,0.11654843389987946,0.09752813725456962,0.004389967079428416,0.06020338842059259,0.06770021146553526,0.09328069095847298,0.11102578043937683,0.0857259056630358,0.00263827631273065,0.045830403954059996,0.0724109399259947,0.09381182235650122,0.12143343687057495,0.09726668601112688,0.004559630884539381,0.04498312350723118,0.07473024130519947,0.0945307666411727,0.1271316111087799,0.1032997587884645,0.0033393471113804347,0.04534972287619975
563,2,0,0.10648941268569587,0.11638513904682952,0.11580003052949905,0.12978576510785,0.006048820078023893,0.16442730866627692,0.10410686029882285,0.10549358318185614,0.11199497431516647,0.12831390089597725,0.002244222470162616,0.17248762063095183,0.10821468854398626,0.11906721885774164,0.12909242510795593,0.1314272416611916,0.004189782685411157,0.15729677440763104,0.1009240666842905,0.12082993822769797,0.14262038469314575,0.1422067797192996,0.014310054764642073,0.08465317601666715,0.10780083978651189,0.11914749760604144,0.11341354250907898,0.13258800121061948,0.005883439262747294,0.16797171834407226,0.0926976251018254,0.10292130585396411,0.1475926786661148,0.11122599931247913,0.002872224296607279,0.09887591737996168,0.09447004451251179,0.10964339535821736,0.1444946527481079,0.11637415997385568,0.004457880544373366,0.09738013393800458
564,1,0,0.08106323142446863,0.10886764599250001,0.09975273162126541,0.11524889540499643,0.004224391307149522,0.07722249279643181,0.07710315931896136,0.10737008203403214,0.09713772684335709,0.10178202556794437,0.004269400788881147,0.07495656136059212,0.07954123968780547,0.10794795896962861,0.1136125847697258,0.10564299291151058,0.00497076537973363,0.0655318964084287,0.08794318442155324,0.10850493132411199,0.11110388487577438,0.11773752175305711,0.0035968732630452154,0.09877271089177754,0.08523823154036184,0.11053384072020955,0.10665837675333023,0.1154035387797783,0.003663829534618988,0.08993157191387216,0.07804183820821868,0.10242873044641457,0.10171301662921906,0.1043731626799242,0.0055072547052474555,0.07618702658028814,0.08651285421639957,0.104665160479201,0.10493789613246918,0.11646042850028289,0.004301790032198723,0.10219899593784608
565,4,0,0.5096746624794253,0.5454637929759245,0.5019928812980652,0.5605228613669841,0.1396357368232769,0.8007580399328754,0.5795309180609207,0.5799923594151833,0.5534616112709045,0.5865782144790983,0.35171676131080604,0.8259056438286113,0.5318020794190537,0.5309159814789155,0.5206286907196045,0.5885231061416214,0.19883401692917246,0.8201086018259542,0.5649027862614535,0.557939323797758,0.48913052678108215,0.5554355710227555,0.5382140614460876,0.6837944482595837,0.5739799603660903,0.5730112548532724,0.5106330513954163,0.5711388961848205,0.4074157670449491,0.8077008323519931,0.5260989580186703,0.5247588669971843,0.5163028240203857,0.543077168467501,0.32064431595234266,0.7257116146559381,0.5490685509113471,0.5663186379251145,0.5277304649353027,0.5505724636157902,0.38746145230746587,0.7132597357730629
566,2,0,0.10188235026461694,0.13492675238636348,0.0918390154838562,0.1535698795833584,0.013010190823829693,0.11606591304567695,0.08328446934281593,0.0954789471401156,0.09297505021095276,0.12252742515804405,0.00665902820541224,0.09878189599955498,0.1060188090992368,0.13110746503855258,0.09290404617786407,0.15015020365066015,0.0061989394059829795,0.1497333912231242,0.11824851656189746,0.1976329100892609,0.1323128491640091,0.15203377683321395,0.013681756533844368,0.095581290189159,0.06949098336485228,0.09093733229365937,0.08405628055334091,0.12090223888208129,0.0013100875349305312,0.05024897756024931,0.08965425010254717,0.13857543216827867,0.08587575703859329,0.13476039290919614,0.0033615266370276907,0.08569814175964005,0.06512511041097599,0.0732774052484072,0.08735861629247665,0.1078891554476961,0.002536922843453546,0.054563452222846455
567,2,0,0.07814409026212796,0.09817761608914266,0.08604932576417923,0.10234662834466354,0.004201303218379632,0.09994557789427465,0.0721759740614298,0.0939949005461668,0.0762113481760025,0.09909161424723921,0.0024197501959124716,0.08916225714182799,0.07750103442952035,0.09920326475645048,0.09050166606903076,0.1054364061294303,0.0041608226226706605,0.08820301257001956,0.07747401242722667,0.09217308572443275,0.08338969945907593,0.09560643044067091,0.002386720349182249,0.11381412616277148,0.07699322238491693,0.09772271107601664,0.0856717899441719,0.10108833373410783,0.004315651615726638,0.09616762555456171,0.07268066431004794,0.09128786094727033,0.0874311774969101,0.09418722499846549,0.001847216935177594,0.08864984117241619,0.073802929339849,0.09364715284759138,0.08826545625925064,0.09662943014710045,0.0020238837339718345,0.08844872371133064
568,3,0,0.08583399422612355,0.11077744260125022,0.1087116003036499,0.09700881071728004,0.0015893790343168416,0.11108273847412069,0.09319481424575882,0.11702569219257189,0.11992519348859787,0.08707449460755506,0.002821701572437293,0.13912698936763196,0.07868697903357609,0.1387612203311672,0.11674073338508606,0.059520834560501085,0.0021474755831867496,0.07626463130793935,0.09044300980338092,0.13334983565668676,0.09382287412881851,0.10801583801851483,0.00213436463680547,0.11489213657607904,0.03854042621605853,0.07631492161828221,0.06965815275907516,0.02716958107758094,0.006674670624496492,0.012884805000857806,0.07926947457414801,0.1294714185078855,0.10319303721189499,0.07430171779362357,0.006960491783240937,0.08242070757409506,0.04879291997187995,0.09471192326957567,0.09463120251893997,0.04389931162632724,0.0032393873330419107,0.007482775111514954
569,1,0,0.10269379593179853,0.13122100793808353,0.13516555726528168,0.11460310605326686,0.005305900973891484,0.127173407428469,0.09091159729297368,0.11123376852042928,0.10505020618438721,0.10433515295956243,0.004322325767401829,0.12961653303308768,0.09944922530823727,0.11991521119447651,0.12838661670684814,0.11574976251550982,0.00497076537973363,0.1282237707446183,0.11105673017653454,0.12709681488208285,0.12573382258415222,0.12135869123147351,0.0031647734760471527,0.17792954870891695,0.10428884677708197,0.12704783740823067,0.12866443395614624,0.11785691428806393,0.006542353018982671,0.14133269521398636,0.10302967428627532,0.11344374559708975,0.1058402955532074,0.09966381005923895,0.004010693693343562,0.19218982652849695,0.10247915678615568,0.10997620589113917,0.10472964495420456,0.10106432021232585,0.002972089662466804,0.19365352321064203
570,2,1,0.07562371154021962,0.09670026765539882,0.1305386871099472,0.09029497895760487,0.005528737880439655,0.0550558860977075,0.06472725194030307,0.09430316024057367,0.09351801127195358,0.0860233742262694,0.0024197501959124716,0.04737196376680617,0.05039784703416976,0.07128323310013518,0.08209459483623505,0.06511938542150808,0.0033055404942324176,0.03018648131873808,0.0858943137028716,0.10491831172811422,0.1256656050682068,0.09032523016291165,0.01853370252784893,0.09002871902727638,0.07418147252225618,0.1001834040524439,0.11703405529260635,0.09083256634101246,0.005292573991855493,0.05756476293336269,0.04862109355261459,0.07182616844992346,0.06558426469564438,0.06608668750413552,0.0011654987532645144,0.03844284836010507,0.048066379429372856,0.07128876418419999,0.06607837229967117,0.061365238281213874,0.0010518068577123917,0.04054771552406685
571,2,1,0.04394174165821951,0.06600081524412639,0.06810814142227173,0.05399177851319692,0.0004687815015628804,0.031139191609939665,0.04553188623046397,0.06778134392630471,0.07697254419326782,0.053133509716194405,0.0010830362252744533,0.02868899709127847,0.03257352918813982,0.054158696815977216,0.04614655673503876,0.04529149407662792,0.0007743657185452736,0.016496532594509953,0.03987941703057359,0.0610671933954168,0.06967920064926147,0.06011473818787324,0.0008997596824202088,0.0076361932378962325,0.04743404838041451,0.07332869072792941,0.07529715448617935,0.055737532353497224,0.0008288354783293965,0.03197802885613719,0.030639068249480494,0.06034089072780929,0.0513540580868721,0.03867452691965146,0.00013792527726440255,0.002687940235805235,0.029919760967783798,0.061942539981606294,0.047994356602430344,0.036010317181848626,0.0004815461786166942,0.0031700448944170165
572,3,1,0.8586669559790145,0.8023787738609992,0.842415988445282,0.8955642120752231,0.9364529042501236,0.8165229012634447,0.880032803902583,0.8436141807457133,0.8722248673439026,0.9185016605270244,0.956173836160254,0.8096494747360208,0.8908927482251412,0.8663706642238409,0.8640206456184387,0.8959529057716635,0.978159930364377,0.8499595951473858,0.839690903164823,0.811527581999262,0.8233181238174438,0.8786797517671595,0.8667975488608496,0.8181315093794,0.876890981700656,0.8385855692989305,0.8386306762695312,0.9161007631050946,0.9452247753327262,0.8459131244969986,0.9132214540187077,0.8887136061793193,0.8902217149734497,0.9297470393176123,0.979740413299149,0.8776844963240081,0.8979127074940985,0.8920181227401409,0.8694571852684021,0.9039675155489715,0.9093345036611201,0.9147862102518579
573,1,1,0.5574451579830301,0.5689012485048597,0.5439156293869019,0.6643361464452597,0.6145830692039235,0.39548969637420595,0.5245575138188677,0.6643346339093915,0.6020183563232422,0.6860371236488184,0.28726991512860905,0.3831275400842771,0.3742899354941725,0.5443122066881204,0.47540485858917236,0.4087475052579566,0.29462976085650405,0.14835534607910894,0.5284764473039415,0.6948129581344974,0.6099093556404114,0.6350718939525687,0.2540628210786122,0.44852520771361776,0.5192772930989931,0.5679908603570909,0.549157440662384,0.5912650788923012,0.512148619278066,0.37582446630512295,0.45019755464467454,0.662241461219447,0.5852470993995667,0.5282958379225213,0.2753895406802692,0.19981383400156866,0.4519020808274613,0.6716467158683277,0.5846275687217712,0.5008444228404675,0.27657772483491216,0.225813971871828
574,1,1,0.8469553931471424,0.8050103960362506,0.7880356311798096,0.8068136922057335,0.8996622379780638,0.9352550083358542,0.8035445340174757,0.7597209202688705,0.7701377868652344,0.7521468055058468,0.8044205806231348,0.9312965768242922,0.6993460633965715,0.6885333517763319,0.7251139879226685,0.6668935123706959,0.5393660798018426,0.8768233851113182,0.8531797862358946,0.8437627604774935,0.8119631409645081,0.7828174691665227,0.9151781713961287,0.9121773891748202,0.761542433781704,0.7412410811692375,0.7269611358642578,0.7854562663561133,0.778277475455972,0.7757762100629397,0.7135588461982395,0.7202960544840364,0.7068305611610413,0.613741909414078,0.6920919344095838,0.8348337715224577,0.696089820618069,0.7476319266767024,0.6896162629127502,0.606135467252115,0.7411635267952741,0.6959019194535037
575,2,0,0.07645587732137403,0.09200159325633897,0.08127758651971817,0.10290780662985091,0.003955758043152948,0.10213664215780914,0.0841153088266955,0.09950492191901186,0.09860647469758987,0.106447846470273,0.00532395711370529,0.11069334393289744,0.0727612187451313,0.09782997816204565,0.08506343513727188,0.10074212531514184,0.003877210797928374,0.07629334431326881,0.1000976094320724,0.098370777843598,0.10579483956098557,0.17270146194339267,0.0027875337849806838,0.12083343402740505,0.0719527434513022,0.08860303949367548,0.08408066630363464,0.09357242786262925,0.004315651615726638,0.08919193198084505,0.10324575407159049,0.10539683140100342,0.11076564341783524,0.15505734594408246,0.0043604097782764875,0.14064853981675482,0.10915504862633243,0.10766882118263724,0.11627447605133057,0.1658554586912805,0.010038584629858446,0.14593790257655542
576,1,0,0.08173121244138354,0.10785247818956949,0.09979040175676346,0.1080130510996275,0.004833649193588939,0.0881664819673683,0.080898722161719,0.10217111845792375,0.10010544210672379,0.1172073447766097,0.004600173817586537,0.08040953164975125,0.07466381023197506,0.09703074593383283,0.10540810227394104,0.0954335362234464,0.003922103392899125,0.07152456333575592,0.08527233212402988,0.10059397094544688,0.08937887847423553,0.10309518960342841,0.0026639923077013345,0.13062962928933725,0.08647535028966113,0.10851143243593218,0.10622233152389526,0.11600862111281139,0.003663829534618988,0.09797053684104781,0.07611848162403785,0.10218119007845097,0.09180859476327896,0.10359505504887938,0.0018947522093964349,0.08111281602018348,0.06980667840014179,0.0970010833032244,0.09761958569288254,0.089870181799872,0.0008317235685287322,0.06371081763620133
577,2,1,0.8409385392189772,0.8489692418335496,0.878140389919281,0.8082354865013808,0.9138143018227103,0.755533276017965,0.8305986062980744,0.8439535551345578,0.8582671880722046,0.7699758205569667,0.9537860843151139,0.7270103834115285,0.8494245004952068,0.8519742733424548,0.8715888857841492,0.8048504726302502,0.94436999741108,0.7743388733081001,0.8992742993479645,0.8744640840797782,0.8767673373222351,0.8644388111479103,0.9485950583574667,0.9321062058324323,0.8358171241713823,0.8449206644669733,0.862799882888794,0.7817362456564351,0.9348808998509595,0.7547479279937493,0.9085989101421562,0.8697886687844559,0.8994465470314026,0.8430794811142757,0.9866446989053849,0.9440351548752619,0.9033343046327564,0.8650842991296659,0.8917285203933716,0.839911766297506,0.983179040259257,0.9367678970839817
578,0,1,0.9678530395462472,0.9430421297427051,0.9535248279571533,0.9722657250523598,0.999537806051474,0.970894708927544,0.9631617863378867,0.9324439758367963,0.9446179866790771,0.9682417342294719,0.9996569313354058,0.9708483036086828,0.9584166883382366,0.9311233477048703,0.9420042634010315,0.949899180332446,0.9983213893712908,0.970735260881544,0.9770384132062461,0.9546797936052306,0.9581366181373596,0.9739264454219302,0.9995790815448438,0.9988701273218661,0.9668713315011097,0.9468896285404279,0.9488540291786194,0.9699634452892224,0.9993409220173364,0.9693086324799425,0.9730956698617327,0.9455681562619098,0.9550850987434387,0.9667490394411,0.9993703768681379,0.9987056779940771,0.9711460136853681,0.9442193250605935,0.9559983015060425,0.9576202808347986,0.9992979870012898,0.998594174024116
579,1,0,0.6534685488976184,0.6625824018236439,0.6644172668457031,0.5953268368343058,0.5726928041600032,0.7723234348244365,0.7280693314205063,0.7181706173110906,0.7021570205688477,0.7108582592960636,0.7473140589085663,0.7618467010179633,0.5784568537132577,0.6003374806621544,0.5881598591804504,0.5551202005308482,0.39855497915138866,0.7501117490414472,0.6675954730921373,0.6073505532640441,0.6338455677032471,0.639441245810499,0.7363282560538633,0.7210117426290333,0.6465481711463712,0.6069574479404708,0.6382575035095215,0.6243380722991954,0.5398942178360299,0.8232936141466382,0.6757540244566557,0.5912071684115601,0.6436827182769775,0.6124699999302939,0.8488289671254563,0.6825812685389905,0.6456421395497443,0.5900669555930448,0.6305598616600037,0.624542861790102,0.7148175099927626,0.6682235087128082
580,3,1,0.2231356318730146,0.28217709547046543,0.2022286206483841,0.24199861437145315,0.04966384208158803,0.3396099867931824,0.20241138928592067,0.3005411753239652,0.16149325668811798,0.19401401782179745,0.04432431073594175,0.31168418585978114,0.20810804904585617,0.25439102258101076,0.17284907400608063,0.196926444999443,0.03709032145549568,0.3792833821872507,0.23116450180880874,0.2540431242889547,0.2220156192779541,0.2439952753205762,0.04182928137084218,0.3939392087857166,0.20798456375348287,0.27431455003193445,0.17393378913402557,0.21376770430392958,0.03318004922686275,0.34472672607066185,0.21831894336644248,0.27261953626860913,0.19922669231891632,0.2005969356934218,0.04917559787170262,0.36997595467956246,0.22723780166297808,0.2815049207676258,0.19183310866355896,0.23525482804513728,0.05523219627941822,0.3723639545591502
581,3,1,0.7701606945117274,0.798559214700764,0.8068208694458008,0.7992212140986048,0.8616923587207074,0.5845098155927602,0.7284320878895834,0.8022290347007056,0.8021661043167114,0.7537729562838099,0.7270081874558584,0.5569841566908313,0.7798217560774537,0.795819432379025,0.8138843178749084,0.834910064038605,0.9054972922645873,0.5489976738301434,0.8700219866185457,0.8228300405560945,0.8073893785476685,0.8369122553115416,0.9627697659100678,0.9202084927673552,0.7822948363877801,0.8012595995329418,0.8017401695251465,0.770695817360235,0.8574707851407383,0.6803078103798386,0.8636761332884368,0.8299101444956813,0.7936094999313354,0.8376655937348464,0.9791692544752506,0.8780261738050714,0.8572864921263237,0.8297569574026996,0.7921388149261475,0.8504351202021434,0.9355447331991386,0.87855683490149
582,2,1,0.9713777935108778,0.9489061471817305,0.9568244218826294,0.970942486238604,0.9974640446252895,0.9827518676261361,0.976238238487308,0.9581130427213582,0.9523948431015015,0.9835742281728903,0.9993832343461521,0.9877258440946379,0.9591350969249814,0.9324775817809141,0.9498018622398376,0.9455191252379002,0.9983565397326262,0.969520375633629,0.9738436990667418,0.9533837568647741,0.9556126594543457,0.9735097676784769,0.9994481586593644,0.9872641526767479,0.9736314683599729,0.9504433555280457,0.9658631086349487,0.9702007425628112,0.998484573298178,0.9831655617758812,0.9689903825514371,0.9500282677789059,0.9426504969596863,0.9642990753433666,0.9999606916379608,0.9880133810372654,0.969992617253118,0.9470586287918353,0.9385231137275696,0.9694288770989306,0.9996379639351632,0.9953145027120914
583,2,0,0.05928012984543962,0.07668837168366048,0.08975532650947571,0.07872086929628513,0.002034789046518093,0.0492012926912587,0.056585644402347465,0.07251767362757132,0.07689101248979568,0.07571601709213996,0.0021497031733569987,0.05565381562887337,0.05643317701673371,0.0691703280457776,0.0802825316786766,0.08024732197875918,0.004189782685411157,0.04827592069504404,0.05006693894395089,0.06558228602919236,0.0804850235581398,0.08123178176844027,0.0021200045021271996,0.02091559886185484,0.06512792560888939,0.08684324414217671,0.08942623436450958,0.08419847925035882,0.0021633936982224902,0.06300827658917929,0.04311738241050279,0.07364306410751395,0.06854245811700821,0.052609420632708834,0.0010853600362947277,0.019706609158988236,0.0479397544159703,0.07459044220466579,0.06343350559473038,0.07822809047027454,0.004117294202991534,0.01932943960718925
584,2,0,0.5992285367068253,0.6310801020294875,0.6460803747177124,0.5427325007680297,0.4780264030193206,0.6982233029995765,0.5572161265169464,0.5176896287990908,0.5782273411750793,0.4820642530636034,0.5199315462555384,0.6881678632914195,0.6054609408817339,0.6388964637736337,0.6558980345726013,0.4800861867879696,0.4860959964480115,0.7663280228264534,0.5760951064033841,0.5909583943897836,0.6663605570793152,0.5290064852345191,0.38924058635081293,0.7049095089624899,0.5838463954427302,0.6318463749150367,0.6456692814826965,0.47095442308058005,0.43079954135171417,0.7399623563836238,0.5855884136450629,0.5583876241894696,0.5689160227775574,0.5237755736622945,0.49556577252281264,0.7812970750731802,0.5520998699505852,0.5468086559817948,0.5858184695243835,0.5000889841308122,0.2990674703780004,0.8287157697379351
585,1,0,0.10455775198289055,0.13391433651707307,0.12843455374240875,0.11821369459541199,0.005305900973891484,0.13692027408566737,0.09433230207148506,0.1120378405050744,0.10412290692329407,0.11071185556576944,0.004322325767401829,0.14046658159588563,0.10433847522524509,0.13069419890751613,0.13274264335632324,0.11559160753277546,0.00497076537973363,0.13769316094987702,0.14982763280066172,0.1311335180468371,0.12677456438541412,0.1281349776465873,0.0031647734760471527,0.359930330448423,0.10716941224095086,0.12710891761849452,0.129505455493927,0.12203362113991938,0.004937124397958508,0.15226194255445497,0.14460569713247517,0.11594143360812448,0.1092255711555481,0.1077703908305917,0.004010693693343562,0.3860803963747681,0.14919397680301622,0.11192331380955876,0.10870460420846939,0.11124459597678325,0.0033547506814243294,0.4107426193388452
586,3,1,0.9817943295336139,0.9573437724892029,0.9689812064170837,0.9878092284040122,0.9997881546678391,0.9950492856899317,0.9761137880116207,0.9445192282925581,0.9631295800209045,0.9797051432547293,0.9995448247218863,0.9936701637680253,0.9790200453035924,0.952086009964144,0.9687991738319397,0.9780711789239442,0.999780779058122,0.996363084739812,0.9802494343109676,0.9558029963380644,0.9664592146873474,0.9829063605224454,0.9995108995614267,0.9965677004455538,0.9831289923624824,0.959993668406846,0.9731301665306091,0.9866397747725664,0.9992045574502496,0.9966767946521408,0.9742510160264395,0.9468551618752149,0.9670503735542297,0.9619522520419846,0.9992435232414218,0.996153769419347,0.9734185954516619,0.9431029361139641,0.9651252627372742,0.9627455014163151,0.9992581767939598,0.9968611001967959
587,1,0,0.09394075357011882,0.10589740097563935,0.11255097389221191,0.13455189083914554,0.006776066056673016,0.10992743608692424,0.09118787034593472,0.10114410342125117,0.12054443359375,0.12324235657309318,0.0039187239569883426,0.10708973418459088,0.0941369854056904,0.11398459772082609,0.11677679419517517,0.13246748104514974,0.0059107684615728115,0.1015452856057282,0.06170182276936399,0.09469276023415331,0.09040870517492294,0.07845681683427005,0.005572298393890924,0.0393785332095827,0.09689390400474393,0.11569608655499813,0.11658861488103867,0.13171755653510764,0.008694238826668194,0.11177302322590697,0.05927872508820011,0.0884295466513993,0.09529687464237213,0.08028104247713866,0.0021917762347190427,0.03019438543537142,0.06156852842341572,0.08662079603590049,0.09159981459379196,0.09924371452024018,0.0006257675405739189,0.029752549426572086
588,0,1,0.12334786224503065,0.15927514022196088,0.11472272127866745,0.17199404328851683,0.0011008516096202737,0.1696465548263878,0.16418848930945967,0.18724097132352374,0.19630157947540283,0.2523847674810267,0.00121735409467986,0.18379777417266543,0.18642036149175475,0.1959247888993992,0.21169936656951904,0.24088436942933716,0.05715200425747736,0.2264412783030411,0.12671210318158785,0.20590985972324127,0.16253596544265747,0.17024628435933634,0.06646748154978589,0.02840092483291831,0.1386302901640585,0.1385680702442344,0.14705632627010345,0.17035194127331998,0.0014381265481771882,0.23573698648445748,0.16987682076606586,0.2355710557690869,0.25606364011764526,0.2922485350524751,0.013222875377274583,0.052277997513847575,0.16884827884530754,0.25655080811857633,0.25154951214790344,0.2801706930671668,0.0087371899104233,0.04723319098246785
589,3,0,0.06687260568753377,0.08425684924125944,0.068262979388237,0.09534129298802117,0.002444421391639483,0.08405748542851176,0.06401784274990274,0.08899989405054586,0.06818956136703491,0.0869200238295856,0.002285930944287993,0.07369380355805935,0.06250421706385416,0.08414607653907992,0.06778816878795624,0.08891185248907368,0.0025404769648168174,0.06913451053834414,0.06683285226251404,0.08433608655172863,0.07244216650724411,0.09514997451918789,0.0022827303135186565,0.07995330342089083,0.06623746910400378,0.0834334045666334,0.07252151519060135,0.08960307909894477,0.003053436811736443,0.08257590985210299,0.05889511351534269,0.08556089436254374,0.06856454163789749,0.08342051990180403,0.0021101603794373433,0.054819451295030824,0.058417085812365446,0.08205372342634813,0.07062656432390213,0.08064423091174727,0.002037227185553465,0.056723683214276226
590,2,0,0.06883217374908308,0.09986031216089102,0.10485385358333588,0.09795133576921303,0.003955758043152948,0.037539609188822494,0.058621432211326985,0.08960622940706928,0.09053096920251846,0.08205716369204218,0.0020938163255448195,0.028818982429460197,0.07006485924009058,0.10284827489551002,0.10431161522865295,0.1015590235681907,0.003877210797928374,0.03772817171017092,0.07422440547427149,0.09831080708541336,0.10544480383396149,0.1024375703247398,0.002591415667403957,0.06233743045983887,0.06863181109630896,0.09787926006177099,0.1053977832198143,0.10076911740705671,0.004315651615726638,0.03479724317717617,0.06781378774363543,0.09762701123703985,0.0992341935634613,0.09409374185054849,0.0031836243293412456,0.044930367737786234,0.06733806439490381,0.09819934733761601,0.09573516994714737,0.09739848780804923,0.002829454057138486,0.042527862824567934
591,4,0,0.2653824310227638,0.3158379902923921,0.10332939773797989,0.3070860852098748,0.08729162004967018,0.5133670618239021,0.2968430761209275,0.49258835287328817,0.09784764051437378,0.34723564242675276,0.041419114589410166,0.5051246302008126,0.26956789052834607,0.31157383027250796,0.10136255621910095,0.359989714327757,0.0700957370491443,0.50481761477322,0.2594965297159881,0.39846793802326713,0.09375102072954178,0.26613455103099276,0.1035877436470729,0.435541395149066,0.28983155285238366,0.4148704675174622,0.10873403400182724,0.3670847227912542,0.04217997780975986,0.5162885621416148,0.2746384559474193,0.4975112211020617,0.11127439141273499,0.327814662269125,0.042482740072985345,0.39410926488018944,0.27525065387463193,0.5001815693964528,0.09449972957372665,0.33113617194886164,0.05682756218807106,0.39360823626604774
592,3,1,0.9355303659001436,0.8931821316092569,0.8884013295173645,0.9451153789441932,0.9675508083336186,0.9834021810962841,0.9420818157272223,0.8955692737327658,0.9081498384475708,0.9458706711245822,0.9733714384121889,0.9874478569190028,0.943852560746912,0.9067899102309597,0.8991880416870117,0.9537450622143825,0.9802444822906526,0.9792953073115533,0.9335086914727647,0.8847939666956447,0.9028429388999939,0.9457315364742145,0.9455456991026163,0.9886293161913544,0.9298630515217983,0.8636467042086966,0.8939553499221802,0.9473104293741211,0.9617818885264537,0.9826208855775399,0.9532205840256067,0.9030242893598525,0.921630322933197,0.9583966630022059,0.9935199360535546,0.9895317087792234,0.9471957594967642,0.8972782894301101,0.9114710688591003,0.9579226070795828,0.9772498692323113,0.9920569628827154
593,4,0,0.06114526188337297,0.0909484507666811,0.08536829054355621,0.081507501715446,0.0028888560099724855,0.045013210381209104,0.062032101557825715,0.0933656384523775,0.0848483219742775,0.07985441286544524,0.002852716003673849,0.049239418493354434,0.06112809472779794,0.0894559429425094,0.08431946486234665,0.08102205643526918,0.002878606125532519,0.047964403273331936,0.0503806980955568,0.08240464938261825,0.07481209933757782,0.061834523918531975,0.0018266735813158644,0.031025544257740064,0.06134782693596571,0.08887045826479868,0.0883496105670929,0.08095479446790203,0.0037693875295061277,0.04479488385052882,0.05595936386697007,0.08379745339367638,0.08164680749177933,0.07379041647413243,0.001582512297470498,0.0389796296777917,0.05553852245714143,0.08584384470988388,0.07907965779304504,0.07093628982421747,0.0026499535058252793,0.03918286645273545
594,3,0,0.6830649926357923,0.7126551410754356,0.6981464624404907,0.7111503340666641,0.7083126880759737,0.5850603375203977,0.6309749676615543,0.6759021614967615,0.6598377227783203,0.6248530412413359,0.7057127971859415,0.488569115605412,0.7094954139656886,0.7057089645940697,0.7134720087051392,0.6766356927799991,0.6663251141649992,0.7853352895842363,0.6383404969714652,0.7764554067109721,0.723503053188324,0.6629917008735087,0.5559634231366087,0.47278890094791287,0.6799968002203268,0.7010894650251502,0.7041292786598206,0.7186240022300091,0.5727665242767057,0.703374730909949,0.6729916926663528,0.7473534917436069,0.6838316321372986,0.6409434257284139,0.664342694133556,0.6284872195888891,0.6308467214260637,0.6693030493811849,0.6731705069541931,0.6658673873829967,0.4701479021588531,0.6757447612530908
595,1,0,0.07119492228193511,0.10150098831206822,0.07916341722011566,0.11545824273301498,0.002868594870168508,0.05698336827430818,0.06935401812854061,0.09918109787947713,0.08636240661144257,0.1059737122625046,0.0017706039415049568,0.05348226994777384,0.07384541261616798,0.09898265903496006,0.07508189231157303,0.15730707233229885,0.003945985019985766,0.033909454382022156,0.05641787083596338,0.09403877328354207,0.07477422803640366,0.08921639074799777,0.003688409731419673,0.02037155238045372,0.0742717808647025,0.09824756158793856,0.08097738772630692,0.11580854738722639,0.002595295671056072,0.0737301119509845,0.05838368210361573,0.09325148792969072,0.08685306459665298,0.09903061503890945,0.002087839982471732,0.010695402970353783,0.06398379493720734,0.09197251888758261,0.08336382359266281,0.1265322560413599,0.0007925030856819344,0.017257873078749427
596,4,0,0.04726946791571611,0.0920295521322003,0.08208981156349182,0.05106289349839132,0.0006156811706384642,0.010549401213858603,0.049405653834756875,0.09697007110148421,0.08206530660390854,0.05560632439583211,0.0013098865874725816,0.011076680485086953,0.05029735274938456,0.09534457708187313,0.10700523853302002,0.043362914352447914,0.0013272640819345048,0.004446769697647219,0.0517068066116438,0.0935463522013764,0.08391184359788895,0.061702012666324094,0.0030242113237774187,0.016349613268852127,0.032652612987415626,0.08080005163324239,0.061013780534267426,0.020620369408206978,0.0003792542754790267,0.00044960908588231944,0.05050691115783719,0.09692640293550363,0.09784567356109619,0.04725960321717518,0.0032000999277966365,0.007302776147614288,0.04156956360976148,0.09382263080606451,0.0749671459197998,0.03677156196461044,0.0019644556884911,0.000322023669841549
597,1,1,0.9420772788405223,0.9267762157996251,0.9314542412757874,0.895957818792349,0.991620774067255,0.9645773442675956,0.9415581305755998,0.918824660986694,0.9351056218147278,0.8910084145738902,0.9928854271266939,0.9699665283759928,0.9600385690186816,0.9427159069616126,0.9478293061256409,0.9242936935859456,0.996237568672603,0.9891163697476052,0.9606100185398825,0.9408541036050667,0.9283169507980347,0.9450881228572671,0.9963736710770268,0.9924172443620177,0.9400486787629294,0.9352612979397124,0.940998911857605,0.9134378599152797,0.9947273925940949,0.9158179315079553,0.9610003645533526,0.9378131682495059,0.9360476136207581,0.935519769440959,0.9988694656164286,0.9967518058391113,0.9636723642684727,0.9360905152391179,0.9429448246955872,0.9525686954244263,0.9973565908623053,0.9894011951209271
598,2,0,0.03399411852111582,0.06317074620309293,0.04810434952378273,0.0472165105792804,0.00107419747759498,0.010404788821828059,0.03627947264602568,0.0759286357802449,0.04911306872963905,0.043946339703630787,0.0011990604408317457,0.011210258575781925,0.03209402937636502,0.05756234644879696,0.050733789801597595,0.0456816175264609,0.0020440550258541378,0.004448338079115487,0.03400061625547501,0.06052584901227516,0.0434550940990448,0.05057278398547094,0.0009454284082724373,0.014503925772311707,0.03900339872393534,0.07222947949531462,0.04551137611269951,0.06013101192075928,0.0011448042146306185,0.016000321876272674,0.03347523081416855,0.061347722592092965,0.04631844162940979,0.05644531182925487,0.00017292657748125715,0.0030917514426038375,0.03326588221068674,0.054357980005023725,0.05848411098122597,0.04873607473908207,0.0009461416193273668,0.0038051037087745826
599,4,0,0.09427376776060198,0.11665211808799979,0.13154390454292297,0.11426989425048406,0.0035647576275723574,0.10533816429403071,0.08451966300847508,0.10302798316207035,0.11400266736745834,0.09805707636302699,0.0048149020366296345,0.10269568611319004,0.08463340575993403,0.11274849730038508,0.10055910795927048,0.10517936139253715,0.002295579447116478,0.10238448270036092,0.10179291960797206,0.11205761591237906,0.11838380247354507,0.1184833476988232,0.004898249772235123,0.15514158218287782,0.09412175282860862,0.11719444806200764,0.11678449809551239,0.11198124984882932,0.005486540484361848,0.11916202765233191,0.0815605380312826,0.09955464802192382,0.0915750190615654,0.09599694080720272,0.0019695173914519104,0.11870656487426916,0.08242213450283194,0.09421257479614804,0.08442971855401993,0.10284741390882107,0.00270764088576282,0.12791332436940786
600,1,1,0.3414459107637954,0.4088977533522246,0.4488932490348816,0.438729766393758,0.18612906621389713,0.22457971882421554,0.6427210385913154,0.7578054952638498,0.6848648190498352,0.7176823331376828,0.8284852598061678,0.22476728569904136,0.32113242716415646,0.37268467037431485,0.45331722497940063,0.48989954029428784,0.07974761271776341,0.21001308745501565,0.3466527662534726,0.4486142486060242,0.5129354596138,0.43925440059756854,0.21925124091459644,0.11320848153537386,0.299255684099781,0.3924564556941032,0.42981067299842834,0.46635441403201594,0.11294487097104602,0.0947120068033111,0.6082934432009112,0.77398041935372,0.6805271506309509,0.6355764106810577,0.8697224137729417,0.08166082156588528,0.6016103261010926,0.7824416246532357,0.6197359561920166,0.6980772212309255,0.8819073194029632,0.02588950902632155
601,2,1,0.9152276216938908,0.9106216433069965,0.9132142663002014,0.8895386534875852,0.9985838924301064,0.8641796529445651,0.9156529306124999,0.9081169393910984,0.9130609631538391,0.8728163752521672,0.9976764226738914,0.8865939525915028,0.9328678609789037,0.906573444794915,0.9173867106437683,0.874984133112635,0.9989776514146133,0.9664173649285867,0.9203507503550373,0.900397573314541,0.9108104705810547,0.8673377036251892,0.9967670782217021,0.9264409260326997,0.9212365806088171,0.9061961206441392,0.9121163487434387,0.871159677690013,0.9960757477983999,0.9206350081680948,0.9385434091604304,0.9110210199059083,0.9179694056510925,0.8905184646216493,0.9921831057914324,0.98102504983207,0.9357891504912317,0.9091968387551627,0.911040723323822,0.9162048889033253,0.9804859007215436,0.9620174007523042
602,4,0,0.07422758562822038,0.09962528495367212,0.098422110080719,0.10060556712542246,0.0028888560099724855,0.06959610997131582,0.07308008799129187,0.10011126343444812,0.09151284396648407,0.1028457136355783,0.003911927412935617,0.06701869150701328,0.07503369629077564,0.10056335954594377,0.10330086946487427,0.10349749474927561,0.003871084330102834,0.06393567336368172,0.0884430830840063,0.09955118359009645,0.107248455286026,0.1028840612699403,0.004389967079428416,0.12814174819454027,0.07404928756655867,0.10177566912784602,0.09867839515209198,0.09792745089160043,0.004313160169980735,0.06755176249127416,0.08297279122056932,0.0957829387493566,0.107738196849823,0.09962420258546639,0.004559630884539381,0.10715898703366124,0.08580129337870965,0.09800729840985331,0.1125851422548294,0.11226965321374258,0.0033393471113804347,0.10280502590374253
603,0,0,0.1568142367428996,0.1411886734572146,0.16754138469696045,0.24397232749594908,0.007825938527287383,0.22354285953708658,0.12964779099145152,0.12185775491174428,0.16109804809093475,0.1623788845045298,0.00887256111317016,0.19403170633687855,0.13989419059319297,0.12415020329045114,0.14861738681793213,0.1634838090709338,0.00323968064675351,0.25997987313989435,0.16192793453614454,0.21707364204974364,0.23795931041240692,0.20024962381711053,0.003235007930096301,0.1511220884713652,0.15115060183077414,0.14085016959535393,0.15197117626667023,0.20598546116391908,0.0077853551024037295,0.24916084702552382,0.14650804273101287,0.17266942189291132,0.20574350655078888,0.17272680179413824,0.001079875219412969,0.18032060819781293,0.14296781361970645,0.17500470863870898,0.20334948599338531,0.16382016417024703,0.0014813784325182196,0.1711833308636728
604,3,0,0.051358961265374856,0.07939410259237784,0.0893678143620491,0.050833301079219205,0.002444421391639483,0.03475516690158868,0.0518581516466858,0.07663451087770354,0.0874345675110817,0.05381557066757132,0.002285930944287993,0.03912017823278446,0.04948598546327741,0.07993141023176975,0.08768472075462341,0.04782852381124841,0.0025404769648168174,0.029444795553928656,0.049701325346300194,0.07175937820613117,0.0943121686577797,0.05105311829677428,0.0017943481344447993,0.029587613436371066,0.05443204429187173,0.07696894886518105,0.09727619588375092,0.05718589506240458,0.003053436811736443,0.03767574483628563,0.05008797693172647,0.07590488511344093,0.08609165251255035,0.05982115597049711,0.0021101603794373433,0.026512030682706616,0.050586267563774226,0.07660118289752985,0.0859859511256218,0.059063167550581844,0.002037227185553465,0.029243809059584163
605,2,1,0.41185869969212374,0.5824877663912997,0.553528368473053,0.3998948276824453,0.1537704876161737,0.36961204829764743,0.5240735165930261,0.685553541430844,0.7245072722434998,0.41430685177808146,0.35242011033924886,0.44357980717345663,0.4085780946081923,0.5684172518236317,0.5613493323326111,0.3363075935989481,0.17683136003831823,0.39998493524745216,0.46598113387163986,0.6067881828599263,0.6124191880226135,0.4675509399438307,0.26757909517061884,0.37556826336120996,0.41071295008282593,0.6055599850940748,0.5670024156570435,0.37089649065150543,0.1345951539153615,0.3755107050961444,0.6612949060301224,0.6944044524749365,0.7276512980461121,0.4344164627402218,0.8552311001940912,0.5947712166952503,0.5958496335253342,0.6903546588595251,0.7074790000915527,0.393535343878143,0.5992940246212715,0.5885851401761781
606,3,0,0.06073237545314447,0.08904275292324729,0.09829091280698776,0.09368032099978837,0.002302716388256038,0.020345174147442892,0.05814573600926326,0.08634890643493665,0.10434665530920029,0.07615999969738206,0.0006391116369128188,0.023234006967884482,0.05567898150399172,0.0828520202072169,0.09076064825057983,0.09420351005812702,0.0007637305581005001,0.009814998445934382,0.05561405621747765,0.08081046842306874,0.08129005134105682,0.07784038002171619,0.004299911617220646,0.033829469684325826,0.06089955179217867,0.08830778045960808,0.09886237978935242,0.09127251520479839,0.0023500054312201413,0.02370507807591431,0.05555107249206172,0.08084521910849138,0.08417478948831558,0.0938939547499594,0.0003164451841585101,0.018524953929383716,0.053942653451584485,0.08328987613718897,0.0798456147313118,0.08822345842320585,0.0018034382295497255,0.016550879736666142
607,1,0,0.08977902141862566,0.12458010934134321,0.15099795162677765,0.1027171434237987,0.004224391307149522,0.06637551139405926,0.08578587390086853,0.11107096904389162,0.1536434441804886,0.10085964940929051,0.004269400788881147,0.05908590608179073,0.08649521283912057,0.11007189535231435,0.15043462812900543,0.10701357573397334,0.003922103392899125,0.06103386158741062,0.09912820641317274,0.12648765185009558,0.15185071527957916,0.11741203560566033,0.006111208200058507,0.09377942113047012,0.09120553385144575,0.12279149923489713,0.1568508893251419,0.10694746418780775,0.003663829534618988,0.06577398697476301,0.0887402984903827,0.10387367822369592,0.14640003442764282,0.11191910923264288,0.0068828255902416416,0.07462584497769026,0.08650233843713406,0.10375428652982308,0.1450895220041275,0.10885374966475074,0.004301790032198723,0.07051234395477031
608,0,1,0.40663512685883074,0.582567683172282,0.530988872051239,0.4318266502947243,0.1371125444602599,0.3506798843156486,0.35358785760198974,0.5144581138859123,0.47704264521598816,0.29373080652538,0.12241614379151514,0.36029157859115296,0.401149347141192,0.5313139904238803,0.521804928779602,0.3426825916959792,0.23020473029814664,0.3797404945083517,0.46575412334152916,0.6082831239607255,0.6041350364685059,0.4244423640145009,0.309944736861666,0.3819653554022477,0.3958891516514107,0.5985156171649643,0.5512926578521729,0.39291958848066116,0.07798260655555234,0.35873528820370276,0.49244486156540335,0.5573673212653744,0.5756885409355164,0.34595767863701227,0.5166765296774284,0.46653423731168525,0.4789678232424447,0.5619109685913026,0.5610179901123047,0.35589432880624766,0.44906588011200516,0.46694994859036343
609,2,1,0.9636795418357369,0.9514556429345897,0.9635302424430847,0.9465564135351708,0.999150093459641,0.9577053168061985,0.9646721574834741,0.9462586301892493,0.9569398164749146,0.9566432914645867,0.998588922088572,0.9649301272000481,0.9485247195140907,0.9383465630190736,0.9499562978744507,0.9028091510463448,0.9984853681886237,0.9530262174419605,0.9617729620043795,0.9484265130746299,0.967402458190918,0.9602085481212072,0.9978127846563222,0.9350145059788201,0.9473123803525159,0.9439359606152797,0.957610547542572,0.9508209762264571,0.9960685039258644,0.8881259134524067,0.9556760767166489,0.950072182850989,0.9517217874526978,0.9331865792811654,0.9960837834632356,0.9473160505351568,0.9580548369652568,0.9512159297095173,0.9572919607162476,0.9543681747180864,0.9942106289468392,0.9331874907355937
610,1,1,0.961479563678345,0.946543193763715,0.9506022930145264,0.9601193546336535,0.9985661620196947,0.9515668149601352,0.9643739792552408,0.9345732342476444,0.946371853351593,0.9719718090594492,0.9982932943052508,0.9706597053122664,0.9616450342573278,0.9464597467987127,0.9477168917655945,0.9606113308885662,0.9987696921683064,0.954667509665459,0.9691815277060687,0.9546673029404062,0.9493101835250854,0.9692859509007105,0.9969603008485605,0.9756839003155812,0.9518266011009299,0.9458787385930935,0.9472416043281555,0.9636967653442873,0.9988714430998176,0.903444454139296,0.9716811159456871,0.9533393467237408,0.9527693390846252,0.964266509604375,0.9993985402310834,0.9886318440846109,0.969826209832638,0.953301385236163,0.9474170804023743,0.9788661297512278,0.9984805369603742,0.9710659168130504
611,3,0,0.08112941119967085,0.06517492004553743,0.058576300740242004,0.09037112428048304,0.0014971671067240493,0.19002754382536768,0.11046951077293014,0.09112933063516417,0.08489706367254257,0.10275136676385734,0.002821701572437293,0.2707480912206494,0.0670607898862248,0.06879769525727683,0.06763442605733871,0.06485303477840614,0.001222455210876876,0.13279633812722544,0.09169797107300266,0.08687953656028248,0.06645896285772324,0.06231531958394384,0.0030398796231837634,0.23979615673988,0.04680634803415577,0.058724694573720496,0.04121837019920349,0.039852776037630246,0.00497117346743692,0.08926472589278774,0.09921035978219159,0.10753815913303166,0.08321014791727066,0.07426180413530875,0.006540427756370245,0.22450125996897666,0.055537257386229014,0.06023156701834925,0.06687629222869873,0.05485617110906784,0.004149960132134126,0.09157229644289508
612,0,0,0.07475900299537694,0.1073109733491703,0.11249063163995743,0.1112013565709851,0.0035189373450648168,0.03927311607170712,0.07267430544991266,0.09785025607233493,0.12567119300365448,0.09960896220221002,0.003966743903949671,0.036274372067414205,0.07257750757578284,0.09675797590261727,0.12453033030033112,0.1033458052549169,0.005150569912916895,0.03310285650813205,0.07240038701329951,0.10244135420726501,0.09253280609846115,0.10507286874419838,0.0027974600787068374,0.05915744593786621,0.07791059653910767,0.10913388651978415,0.11992183327674866,0.10991395625241762,0.0037854329503144712,0.0467978736962735,0.07426929831682935,0.09796644576466772,0.10741365700960159,0.11617716961710091,0.0039840397467158385,0.04580517944606067,0.07730864035098231,0.09578382029366307,0.11533492803573608,0.10499902005680173,0.003328632424870581,0.06709680094384012
613,2,1,0.7002321731080793,0.6936642612470452,0.7049382925033569,0.6487590032034611,0.9111563475357256,0.5426429610508074,0.7083349231631069,0.7170931463155084,0.7415088415145874,0.677392830606248,0.8662667971762328,0.5394130002029573,0.6878744000367343,0.7145998005030444,0.7302981019020081,0.6427110680667556,0.8658253632803083,0.4859376664315549,0.7024268886744238,0.6721640385792943,0.7409200668334961,0.6550578235900807,0.893107644890957,0.5508848694782913,0.7233148433102123,0.685864808963827,0.7148697972297668,0.6724160966379906,0.929311149301582,0.6141123644178947,0.7056060114264238,0.7134606907365854,0.754318118095398,0.6686958750324729,0.9191906796192137,0.47236469364844896,0.6835649801583306,0.7097046264026499,0.7342755794525146,0.6459723638638808,0.7743799185071076,0.5534924125654999
614,1,0,0.09411252724697237,0.12413316114667447,0.13257849216461182,0.12161916569033061,0.005305900973891484,0.08692591625935348,0.08295739648071403,0.11436072123016344,0.11235230416059494,0.10261615878377403,0.004322325767401829,0.08113547246163591,0.09142776804072912,0.12192398877427647,0.13201457262039185,0.10968977945792466,0.008698878040683988,0.08481162131036861,0.10473252138345188,0.13105809505033397,0.13387973606586456,0.11822241669156984,0.008308506124451191,0.13219385298503988,0.09510013824809974,0.1273115019550881,0.1261577606201172,0.1143290004739644,0.006542353018982671,0.10116007517234633,0.08906497790533427,0.11396577685432374,0.10658302903175354,0.09180783885501104,0.004010693693343562,0.12895755109223944,0.09516429624158737,0.11133668179525595,0.10907160490751266,0.10340838542272741,0.0033547506814243294,0.14865005840101647
615,0,0,0.07587425580028781,0.10162688632883654,0.12213052064180374,0.0993823761831028,0.0035189373450648168,0.05271255850263116,0.07714801813536806,0.10483731460217983,0.1241878941655159,0.09382322331051822,0.004027718092287226,0.058863940506339134,0.0785255175855577,0.0995898307760258,0.13478556275367737,0.10230249957419042,0.005809530296285715,0.05014016452760921,0.08590910462649423,0.10644868337797307,0.12962043285369873,0.10864196175788061,0.0037154083981187323,0.08111903674480005,0.0745535946178801,0.09979325726591588,0.11288657784461975,0.10398910069227735,0.0037854329503144712,0.05231360433627302,0.08669929261224071,0.1015038619231625,0.12535226345062256,0.10407945837451114,0.007992543656921003,0.09456833565598631,0.08813375264982128,0.101105891672483,0.12937161326408386,0.11118304226564166,0.0073974274355022825,0.09161078861139559
616,4,1,0.8892654003146202,0.8911490541614175,0.893240749835968,0.8924483681899996,0.9144881460109369,0.8550006833747785,0.884100514466233,0.8873573428028935,0.8795691132545471,0.8786218174619632,0.9510837001381908,0.8238705986735704,0.8674950630856673,0.8641245811148972,0.8553920984268188,0.7875922253627707,0.9533481912879788,0.8770182192358702,0.9206697799931423,0.8983540923484348,0.888070821762085,0.883189393559232,0.9793045868452321,0.9544300054507272,0.9146813028659055,0.8948650892627417,0.8968200087547302,0.9008533769393099,0.9758318410144544,0.9050361983582919,0.9024320758920734,0.8603726189026811,0.8648433089256287,0.8814148981633593,0.968598430017423,0.9369311234512753,0.908176727242512,0.8532883400748927,0.860924243927002,0.8956740569949633,0.979030688588055,0.9519663066276471
617,2,0,0.02641908059618265,0.05235680700867228,0.04730905964970589,0.028235315066075038,0.0004973583016647641,0.003696862954795277,0.025556637652253068,0.061898675096729056,0.038010526448488235,0.023832139902078654,0.0003180281034287044,0.0037238187105406986,0.02763103264315993,0.06154825187236699,0.037692517042160034,0.035384474071543486,0.0019872798582212096,0.0015426403715079558,0.026088048838577266,0.06251319265632443,0.038422681391239166,0.02540013892614921,9.922851213043786e-05,0.004005002707043086,0.023349428203730826,0.05585421542411801,0.04162219911813736,0.018865053890051487,0.0003435328804008367,6.213970594643763e-05,0.030849779525784625,0.06964581190355677,0.04628167301416397,0.03590127278827937,0.0003729718524367049,0.002047168070486304,0.027373139463924407,0.06685073842518299,0.03898153826594353,0.030673983838179292,0.00031241820882125203,4.701858149498057e-05
618,0,0,0.5674482300507062,0.6123330029773618,0.5501801371574402,0.5564428804064567,0.5002612117280406,0.6180239179842315,0.5449008382662998,0.6254861243483922,0.5716193318367004,0.5926186398204016,0.3017017412066427,0.6330783541193614,0.4818985181057679,0.5863865928907447,0.5620923638343811,0.565023501604871,0.13526571535391285,0.5607244168449296,0.5591804751527961,0.651898158395262,0.5397421717643738,0.5643460358491581,0.5321844474496912,0.5077315623054959,0.5725004511740542,0.5982944584136864,0.5637162327766418,0.6060728609538284,0.47156564190965966,0.6228530618164547,0.551266945301568,0.6095281507536986,0.5850833654403687,0.5270813851012656,0.5138402614238258,0.5208015637886813,0.5315233145138624,0.5782870421703927,0.5560370087623596,0.552807053832769,0.4458902714989374,0.5245951963048533
619,1,1,0.9637849160600481,0.9518797935046995,0.9589623212814331,0.949285134010388,0.9932471553748603,0.9655501761288602,0.9670594812284428,0.9529211499352122,0.9580102562904358,0.9689126114911393,0.9931777316482404,0.9622756567771857,0.9734067531406051,0.9568782874453554,0.9663695693016052,0.9776867873121532,0.9969214875543909,0.9691776340895204,0.9750091603135853,0.9590418386866251,0.9654222726821899,0.9729487163176808,0.9959215944402722,0.9817113794411586,0.9736838876635401,0.9542713372488749,0.9637432098388672,0.974484199039672,0.9963561161925458,0.9795645759977406,0.9761120078955319,0.9550531137352669,0.9680266380310059,0.9798823570418193,0.9990378605396674,0.9785600701299002,0.9776684993961346,0.9560747965503185,0.965338945388794,0.9740429000012248,0.9989009638652387,0.9939848911750978
620,2,0,0.0889173922831046,0.09988745724977481,0.07637003809213638,0.10911871973262785,0.001484881355799615,0.15772586498518432,0.08205575335230259,0.09232629100063831,0.074524886906147,0.10209930662998462,0.0012322348731426574,0.1400960473516003,0.09251844481091268,0.10358791376230515,0.09188012778759003,0.11585460370959062,0.0010469372376868753,0.15022264155739068,0.07580984070238786,0.09504095681128144,0.07805217057466507,0.11481405870359594,0.0010101731400219086,0.09013184428237493,0.09413405456722304,0.10061433315976415,0.08666087687015533,0.12288207611968387,0.0022592484306054065,0.15825373825590644,0.07202560519767043,0.09697859022511528,0.08691694587469101,0.09801086182787491,0.001286797172270257,0.07693483088840063,0.07050090774408474,0.09842073127633759,0.08143898099660873,0.09615011587793851,0.0018132883553377997,0.07468142221420111
621,1,0,0.12093560946083844,0.1372344934645247,0.14023682475090027,0.14298216452207266,0.0046144909874156,0.1796100735792789,0.11093796291917454,0.12177822285415695,0.12919259071350098,0.1338716530062053,0.005690662515034153,0.16415668550697537,0.10344989915204028,0.12057784341114133,0.12639060616493225,0.12921357029993666,0.0012779818773996806,0.13978949400679141,0.15112612210155107,0.12853423332417688,0.12135020643472672,0.11272205059257681,0.007906446251794782,0.3851176739044802,0.1282909252125411,0.14701259916367,0.1788632571697235,0.16137248395438772,0.007477497695642783,0.14672878807928158,0.1373629953402679,0.11559353030200994,0.09813757240772247,0.10574294618438987,0.003018478625963499,0.3643224491812537,0.15156445418280776,0.1282035358401118,0.12176966667175293,0.14169604614923326,0.010420083396269363,0.3557329388566714
622,2,1,0.3382320740478161,0.32436262304131047,0.38140320777893066,0.35608736427297805,0.33064662202708445,0.29866055311877665,0.3813827452038652,0.35777885306051277,0.35574665665626526,0.37363456062836176,0.5166227965784221,0.30313085909576404,0.31667267551509914,0.3425181468456105,0.40309467911720276,0.4006814883919737,0.2048334606871451,0.23223560253356376,0.32503619646880855,0.3610824541727943,0.2860645353794098,0.3156295592277532,0.46330205646618217,0.19910237709790352,0.32529266771585874,0.32536242991767206,0.3575170934200287,0.3271777306093664,0.2665074749521972,0.3498986096800293,0.2777960219804839,0.30483905264969174,0.2923003137111664,0.4009955230089168,0.21805030093661945,0.172794919596025,0.285627185587093,0.3095600308355456,0.28872740268707275,0.39696745152173113,0.19424387546015903,0.23863716743095661
623,1,1,0.09600525370547724,0.10037922062884622,0.07634682953357697,0.12997272047301436,0.003351407918969399,0.1699760899729793,0.09011672650433708,0.09320610979326255,0.08727193623781204,0.11708462121443958,0.005359863181921463,0.1476611020942498,0.08760196366716902,0.09861111700642858,0.07739187777042389,0.15751364461232628,0.0005241333666060654,0.1039690455800603,0.11678115391826624,0.11048986066918744,0.10672859847545624,0.12590344154219635,0.001184156837097027,0.23959971206739417,0.10859863966495875,0.11625632491856067,0.10291792452335358,0.14625557954848425,0.006953782455310322,0.17060958687908495,0.0854121311448967,0.10008085015737293,0.08910198509693146,0.10959164614999092,0.0003598297280460892,0.12792634459214206,0.11535905390508219,0.14068988124811668,0.10217154771089554,0.14642783988856783,0.0022546914484911124,0.18525130922933972
624,4,0,0.07697711264426686,0.09962528495367212,0.10019849985837936,0.10295152286961698,0.0021765929703891295,0.0799336625692767,0.07846036097124533,0.09892864089547926,0.10358267277479172,0.1048865545100554,0.0021355147209723203,0.08276842195492788,0.07049897620913935,0.09892010859403451,0.08430434763431549,0.09927784631738375,0.001490564891629584,0.06850201360833347,0.08405189729246543,0.09716104188139708,0.11162146180868149,0.10850413038288377,0.0023362888212077678,0.10063656356815703,0.07724223913320191,0.10177566912784602,0.10324246436357498,0.1017344440011945,0.0022945849573819716,0.07716403321601205,0.0718752518841574,0.08888397599484565,0.09215965121984482,0.09535663445559699,0.0014904075549338422,0.08148559019556567,0.07374236907306282,0.09105094030992113,0.08945681154727936,0.10049593559048244,0.0017255963861511044,0.08598256153148007
625,1,0,0.08195428873347677,0.10828079483997408,0.09871858358383179,0.11225257584398125,0.004224391307149522,0.08629509809244718,0.085247232201254,0.10750280242674902,0.10668064653873444,0.11922467857434108,0.004269400788881147,0.08855863267756434,0.20038334073181457,0.1412147894513654,0.16491828858852386,0.1824147601138525,0.016621180408734327,0.4967476850965968,0.08312576847451927,0.10214085534790222,0.08413374423980713,0.10777787644458471,0.0021585750791862407,0.11941779126111608,0.0840309786631045,0.10787513088272353,0.10266666114330292,0.10913952440391692,0.003663829534618988,0.09680974735096015,0.18008036065341315,0.1437449754403991,0.1708432286977768,0.1339377318560518,0.006411829359566305,0.4454640379132718,0.19580327534459235,0.14644062184733483,0.17170320451259613,0.15807621124855337,0.003168005600818097,0.4996283335136594
626,0,0,0.2399092703709414,0.2543244843149216,0.2567664682865143,0.23907491484530705,0.03816076429409465,0.4112197201138693,0.23941639658458702,0.27313609371055564,0.25272658467292786,0.23295256010713686,0.030255043743257996,0.40801170068905684,0.27596834055264613,0.2857987660985496,0.2756485044956207,0.2271169031785576,0.12154709713053496,0.4697304318599678,0.246697900392373,0.26651518492123144,0.25414812564849854,0.25013958675049536,0.014373763508577135,0.4483128411330625,0.2386466392787697,0.2416839977622192,0.25525540113449097,0.24302256571499345,0.02181939066314158,0.4314518411190033,0.2482759787574748,0.3028332007659924,0.2611548602581024,0.21937063897568074,0.020469448403894797,0.43755174538370367,0.25445912087216627,0.289419710358099,0.2539506256580353,0.24102460502561607,0.02432532434705124,0.4635753389720297
627,0,0,0.0942941519943173,0.11206292367996057,0.14949797093868256,0.13111278683515398,0.005088602425969256,0.07370847609182016,0.11457108187637174,0.1490836432895128,0.16506856679916382,0.15704836884453072,0.008481214097209403,0.09317361635144204,0.09360022396407838,0.11348965829525351,0.12642531096935272,0.15066644257479822,0.00708866928454634,0.07033103869644122,0.08210591742348924,0.10916824019828968,0.1456727832555771,0.1483204964767688,0.002455673692043582,0.0049123934947671215,0.09574735019264517,0.12820760604394213,0.13187602162361145,0.1262811308662904,0.01011209184058546,0.08225990058879647,0.0969115600549916,0.14706800960733563,0.17637968063354492,0.14910448499552809,0.0041257944876084895,0.00787983055094093,0.0936260335856692,0.15217019669594656,0.17859630286693573,0.1230756352960715,0.005712706308922835,0.008575326760469413
628,0,1,0.9760515316048328,0.9531151879398007,0.9518322348594666,0.982092191462658,0.9993014463869047,0.9939165973753349,0.9733893424614924,0.9511559958312826,0.9443168044090271,0.9790135907414068,0.998352343658572,0.9941079776671742,0.9740495780179662,0.9487227645276627,0.9587556719779968,0.983732600922993,0.9994570720570439,0.9795797806041349,0.9745291298736352,0.9460033695309361,0.9520686268806458,0.9770847620725476,0.9993875693614084,0.9981013215226381,0.9772065241865754,0.94560469505655,0.9704471230506897,0.9823993290414144,0.9986452620423546,0.9889362117418681,0.9781220315891165,0.9507922358538368,0.9649156332015991,0.9827946325146467,0.9979797307740822,0.9941279256014179,0.9771580292106089,0.9497632234413312,0.9673004150390625,0.9791806387234732,0.9979558474789825,0.9915900213701949
629,0,0,0.07231776543713674,0.09619220301727224,0.0950937569141388,0.09736132599259348,0.0035189373450648168,0.06942260391661435,0.07708816956436552,0.10097656195518122,0.10087805986404419,0.10598619608947264,0.003966743903949671,0.07363328600917993,0.07507336699535541,0.09776936329112466,0.10628920048475266,0.10327343585316821,0.005096484093145095,0.06293835125458637,0.07682766222818482,0.09666536835587132,0.0905018076300621,0.10071619785960069,0.0027974600787068374,0.0934574772166832,0.07270609328487035,0.09422770457254472,0.09209858626127243,0.10537916343911141,0.0037854329503144712,0.06803957920110867,0.08275843231996838,0.09908289253301168,0.0999358594417572,0.10432280773397158,0.0039840397467158385,0.10646656214438562,0.08306288075244456,0.096881758674142,0.10416805744171143,0.1069823569953094,0.003328632424870581,0.1039535982261894
630,1,0,0.09282540542230237,0.12413316114667447,0.1305282711982727,0.11731158608454528,0.005305900973891484,0.08684810770812788,0.09214478694151056,0.11820995819878538,0.12041287124156952,0.126137437359887,0.004322325767401829,0.09164134213990911,0.09141306908772964,0.12192398877427647,0.13201457262039185,0.10968977945792466,0.008698878040683988,0.08473812654537125,0.10419352725908546,0.12929618031834803,0.13387973606586456,0.11727353297740722,0.008308506124451191,0.13220968080935636,0.0942904182163732,0.1273115019550881,0.1242075189948082,0.11232210477257484,0.006542353018982671,0.10106861234041213,0.10193735876575649,0.11779954972566715,0.12365417182445526,0.10343819217786056,0.004010693693343562,0.16078418640745593,0.10578798347412537,0.11510706877705722,0.11976128071546555,0.11142451959649916,0.0033547506814243294,0.1792922976001806
631,3,1,0.131731338332194,0.14999689800161464,0.26692867279052734,0.11357326412147294,0.017017717802259098,0.11114013894509583,0.3257832422046617,0.36236091502602785,0.5770025849342346,0.2152386674571544,0.3274009150325807,0.14691312857331065,0.1516576637315096,0.17797063951194242,0.27674341201782227,0.15548883500475452,0.047587944114139975,0.10049748800888873,0.13006263372299104,0.17620898913369834,0.2698884904384613,0.11637427844273991,0.027076347606398554,0.060765062993657096,0.1364942256985563,0.14211540039680012,0.2591799199581146,0.13776904094366493,0.0420486844433812,0.10135808275082057,0.2672382975276172,0.354938238142754,0.47149962186813354,0.23250424825699045,0.2040864498004972,0.07316292956971068,0.29741547369004917,0.31945097334414235,0.4607325792312622,0.2515390860833988,0.3879659297868025,0.06738880000463997
632,1,0,0.04786615968329542,0.07564159106783981,0.06110334023833275,0.0664846310742323,0.004224391307149522,0.03187684472892273,0.0483026086343062,0.07614854689967387,0.06446022540330887,0.0641045196569446,0.0012383567139744515,0.035561394497629205,0.05002085583116598,0.07731241879266616,0.0683036670088768,0.07116658083657831,0.003922103392899125,0.029399509124809493,0.04641942593516129,0.07366621980482037,0.05945950746536255,0.06869748467824371,0.004509861809339498,0.025764055918040336,0.05084996960971161,0.07639553367595799,0.0631285086274147,0.07533789187401961,0.004857087057862802,0.03453082681330292,0.047807231280000244,0.0797551879621531,0.0579034686088562,0.06939570625657306,0.0018011566989317713,0.030180636873487137,0.05100812193217645,0.08014268930736773,0.06284426897764206,0.07527297224266424,0.0026033502133412543,0.03417732891986697
633,1,1,0.5756798717609977,0.5636672838146106,0.6198076605796814,0.5896467293328667,0.5159829572930563,0.5892947277847738,0.5169295282610629,0.4763082127394411,0.5652220249176025,0.5835097681109078,0.3444796212015219,0.6151280143358404,0.5532035051506173,0.5328063270077587,0.5818467736244202,0.5140492789066782,0.4792464789045207,0.658068667309709,0.6381649465490749,0.5809613622068676,0.6696863770484924,0.5719742254849349,0.5928978699219853,0.775304898083094,0.5902203071982519,0.48077584501436105,0.6150672435760498,0.5413248361509223,0.6964605219876906,0.617473089262236,0.5756664361266635,0.4968971088252761,0.561296820640564,0.5672891927538994,0.4565983419427368,0.796250716470841,0.555638095134497,0.502560077864203,0.5855550765991211,0.4751524089441949,0.41519181741421507,0.7997310948507509
634,4,0,0.04158242891540813,0.07054561070052354,0.04574333503842354,0.06581038657559934,0.005119731636335498,0.02069308062615871,0.04474268330175865,0.07025547253429107,0.04627373442053795,0.07746271022409346,0.0033936446484512726,0.02632785468141951,0.04951876444197073,0.07617768604923764,0.06552928686141968,0.0811101242452864,0.004601117723315123,0.02017560733059482,0.044587485238319444,0.09385963421038206,0.05383491516113281,0.059113996421415925,0.004893935883628794,0.011234944515037603,0.04458915656374367,0.07989171583507386,0.0478842668235302,0.06726748197132897,0.004843044156156066,0.023059274032629216,0.05356678479467686,0.09651839846201686,0.05701049417257309,0.08695821074359167,0.003879913614573194,0.0234669069806295,0.05003897821246093,0.08778701935643436,0.05407777801156044,0.08182711675620774,0.0055094321656807095,0.020993544772421404
635,3,0,0.044012450509324876,0.06752360265846613,0.05307943746447563,0.0449305617927733,0.0007104975789812125,0.053818153051928094,0.04366783771653564,0.07384232555235122,0.04722060263156891,0.052505499738583074,0.0002922869241989404,0.04447847373597602,0.03636789523919021,0.06567221946845873,0.05018134415149689,0.03954228134685045,0.0006886623029266309,0.025754968926218324,0.043718379781395166,0.07567555996360778,0.06489694118499756,0.05892904612310107,0.0026186746284757156,0.016471677006793712,0.022808500459917818,0.05322729267650084,0.032426875084638596,0.019624342543015535,0.0014075844710197364,0.007356407524414389,0.03115295341334673,0.06975876039051847,0.04979546740651131,0.034358292703688696,0.000823412059648469,0.0010288345063667178,0.022212693254075728,0.05030596659589381,0.037620123475790024,0.02121521754357701,0.0018802590098197674,4.18996452980249e-05
636,1,1,0.8584576273342975,0.8598769045136443,0.8395732641220093,0.7887200560907944,0.9697150710488932,0.8344028408961465,0.8464808377826702,0.8603983813701164,0.8431334495544434,0.7606030430745815,0.9519473757454606,0.8163219391687495,0.8744721633081569,0.8732397726279048,0.8541949391365051,0.8210359988850933,0.9790856838006712,0.8448044220906105,0.9048033077831924,0.8791674465292267,0.8734702467918396,0.856344989658852,0.9629437943969699,0.9520900615390739,0.859641188506904,0.8603003917533623,0.8568297028541565,0.7805693195213078,0.9750857686457713,0.825420759759922,0.911277833392521,0.8868818293114076,0.8750655055046082,0.8638911620860672,0.9772670607181796,0.9532836093423419,0.9088557433971773,0.8917562525392351,0.8854771852493286,0.8397329186574255,0.9792106415763272,0.9481017189635703
637,2,0,0.2687421373708962,0.4446284612681691,0.16283279657363892,0.38296231312206935,0.020353994827404354,0.3329331210631994,0.2739901625224472,0.45930752806286995,0.14525872468948364,0.38701303635789647,0.023814069231806474,0.35455745427017915,0.254372658601285,0.4358328448836682,0.17252545058727264,0.31534787398158437,0.015772958155351964,0.3323841653985479,0.3056435105060977,0.48080134149504883,0.16105343401432037,0.3516307026939896,0.13212336080019632,0.4026087135269335,0.26811876529405393,0.4534050802237701,0.1626780927181244,0.3750668360087069,0.010119726307744874,0.3393240912119236,0.2628460845991107,0.3753352188110036,0.1489318460226059,0.30364247934941174,0.02167830322887016,0.46464257558366207,0.2621780147026799,0.4282564501403052,0.14351807534694672,0.2885226025485328,0.009739925843801818,0.44085301963381296
638,0,0,0.16284023780597023,0.18262553923098945,0.20856061577796936,0.18112815523719716,0.010132253770561796,0.23175462501313335,0.15056660189581222,0.15690688475194847,0.18180757761001587,0.1788709635831657,0.010857187501029836,0.22439039603290128,0.15092154660860307,0.1447022828174475,0.14883659780025482,0.2108065360039044,0.020098456151597645,0.23016386026981112,0.16907858260822067,0.14415421299917763,0.1656370609998703,0.12883480112286533,0.01897511468387486,0.3877917232353153,0.18346845921875005,0.21635228025248368,0.2253544181585312,0.19998364700927515,0.02441676590611524,0.25123518476734497,0.14930929287463857,0.12423015790120634,0.1443105787038803,0.17102960628394998,0.025588642554471658,0.2813874789296845,0.17278272966534614,0.14638547039468994,0.18077808618545532,0.1975331060339224,0.01839645896392252,0.32082052674874056
639,0,0,0.05573655345653842,0.059283736475333824,0.04647330567240715,0.04787601315316732,0.0011917343266838964,0.12385797765509986,0.054752120021740416,0.050806351015340326,0.04467935487627983,0.05514089977540031,0.0005739413539363445,0.12256005308774524,0.04302960577302325,0.04820688950464256,0.04749838262796402,0.07695926896456318,0.0006164960538626744,0.04186699171408381,0.04278311638985448,0.06139800029343655,0.04450524225831032,0.05163239343212912,0.0006147015338850583,0.055765244431511346,0.025209177690956014,0.042366383639855225,0.0356711708009243,0.031185868369791377,0.0013590854023907307,0.015463380241818427,0.029939323088564333,0.0525429845882241,0.04602495953440666,0.03794535592350932,0.0006047666306549213,0.012578548766026675,0.024788865432387907,0.050553664444198385,0.03593293949961662,0.0366673916737869,0.0003959576941427935,0.00039437385019485506
640,2,0,0.09957596423833784,0.10801635065259861,0.10727299004793167,0.128832319266894,0.01380997793733019,0.1399481832869347,0.08808191403949668,0.09700252647549353,0.08961769193410873,0.11825025871788043,0.008026293527360442,0.1275127995426403,0.08554766141602337,0.10045791808045763,0.09272262454032898,0.11239055604470295,0.006651248015366104,0.11551596039926118,0.11921409082190185,0.09250322271469022,0.10343455523252487,0.09763866152329695,0.01767271463920386,0.2848212999997933,0.09450889906464861,0.10625620947686432,0.10325857996940613,0.15172299618841795,0.025670900521887738,0.08563580916666694,0.1110063433286447,0.10103654906434921,0.08479265123605728,0.13267132728387637,0.00777375808763269,0.22875743097130793,0.1003365572291142,0.1151227784388966,0.09879852086305618,0.15318583295266938,0.009604966009070341,0.12497068788187857
641,3,0,0.08154096381745377,0.10637041430659135,0.10466018319129944,0.10383513972905035,0.002877358223228005,0.08996172363709971,0.07394030268842551,0.10226975282167867,0.09181129932403564,0.09072589915392991,0.0039058172116222985,0.08098874493086103,0.07333320424971242,0.09806012843054886,0.10482481122016907,0.09009799167493751,0.0025404769648168174,0.07114261295808981,0.08020905281917873,0.10275042438239554,0.10396932810544968,0.10247408282304941,0.0022827303135186565,0.08956869847148034,0.08185680878822547,0.10954375935675907,0.11237995326519012,0.09665506223209913,0.003053436811736443,0.08765183227534264,0.06598962035971967,0.09597493818210075,0.0912863165140152,0.08664805061966808,0.0022623291319809917,0.05377646735083338,0.06527247531413845,0.09393972503941302,0.0900445505976677,0.08088633512370243,0.0020413171953107103,0.059450448614598445
642,0,1,0.9607777746135134,0.9439678823660228,0.9482625126838684,0.9711448086243284,0.9997060172449523,0.9408076521483956,0.9555942667679288,0.9249077007469311,0.9433523416519165,0.9732407898922109,0.9997021142225457,0.9367683873260403,0.9514327826503652,0.9363558161369299,0.949447512626648,0.9773111393369025,0.9985242860194329,0.8955251591319133,0.9738197965384107,0.9507960507619896,0.9589353203773499,0.9767796875161542,0.9993875693614084,0.9832003546751509,0.9650585540580601,0.9411252144697273,0.957740306854248,0.969008486335121,0.9997029417038029,0.9577158209274007,0.9695759373238951,0.9463953584897179,0.9621973633766174,0.9813958328209902,0.9993566426116866,0.9585344893204637,0.9676509483498534,0.9429451744900595,0.9611688852310181,0.9749989516828926,0.9995168564728011,0.9596248738724964
643,3,0,0.05274282935772242,0.07442489811388474,0.06787679344415665,0.049550360668521067,0.0007104975789812125,0.07115159698306843,0.06026721167250389,0.07660384979822808,0.0658801794052124,0.07382361272197724,0.0002922869241989404,0.08473612951290273,0.045490011401753516,0.07808485890005817,0.06782291829586029,0.04689848154676273,0.0006886623029266309,0.03395513596315973,0.07730422610050233,0.07862311012592359,0.08314958959817886,0.07685666671172132,0.003921141761961306,0.14397062230472663,0.026213719253172767,0.051992608898553776,0.04302682355046272,0.024563787341415337,0.0019192903022817384,0.009566086173150242,0.047068687340768384,0.07027814555416366,0.06696038693189621,0.054078212560254,0.0022213125600981055,0.04180537909742992,0.027316837587164817,0.05377470957247727,0.04977521672844887,0.024982682226465398,0.0031637264889195892,0.004887852919512974
644,2,1,0.20162746702820447,0.3132391825344785,0.23573586344718933,0.34922233145062775,0.028543034750275816,0.08139692295845093,0.17510886723940952,0.22359835878824563,0.19750405848026276,0.34321153548928984,0.04194133155134959,0.06928905188789981,0.3536292327160006,0.5716387567303736,0.2848827540874481,0.44749326163354164,0.058603464196568984,0.40552792693207085,0.28340572116603274,0.3943280552398403,0.3376213014125824,0.3764299602683523,0.12950818588138727,0.17914110302800149,0.22604741818374804,0.307954636956502,0.24051035940647125,0.34839438693448804,0.03455407802867856,0.19882362959260022,0.3948619619375847,0.5261174434048077,0.31377848982810974,0.4314130908946171,0.19023777297156166,0.5127630125888275,0.3620911768285761,0.5282908898813445,0.3197208046913147,0.4003836688441535,0.08225263733340873,0.4798078833926592
645,3,1,0.9492840559621216,0.9290980502267391,0.9460157155990601,0.9549730443045724,0.9958172568681118,0.9205162128121248,0.9380996321442474,0.9144396366857551,0.9379260540008545,0.9406638226221631,0.988781635199785,0.9086870122126797,0.9430490241350198,0.9283089123240955,0.9508090615272522,0.9212303574122683,0.9947174904417513,0.920179298969731,0.9415762765654396,0.9237700549896856,0.9397655129432678,0.9529267159003721,0.9914154875743408,0.9000036114195321,0.9405396638643575,0.9330035838481818,0.9415381550788879,0.9510310432020442,0.9837590663809817,0.8933664708116917,0.9301126208014617,0.9065079509675472,0.9441075325012207,0.9218649630359979,0.9960789547815042,0.882003702721038,0.9302901829843447,0.9085010296058394,0.9239938855171204,0.9083753518210899,0.9904046691062836,0.9201759788713909
646,2,1,0.24061738974824642,0.31860938966950375,0.1293177455663681,0.2483586844556271,0.010113049085443374,0.49668807996428976,0.2180685059971398,0.24250812010544057,0.12092069536447525,0.21872275270591585,0.007410995525938232,0.5007799662839292,0.1989125851191053,0.21218285179619764,0.09079382568597794,0.23761256637954903,0.007675553161422509,0.44629812857237955,0.23079298039813728,0.19978368668328467,0.16808058321475983,0.3001250155194775,0.03330081985198963,0.45267479672117483,0.22975258498487383,0.3214851020324509,0.146144837141037,0.30194474819055683,0.00379484263054113,0.37539339492978335,0.17522519881320636,0.12320693706428307,0.1112077385187149,0.22117332273885823,0.020429369211139206,0.4001086265330364,0.2255225856180151,0.15302171569472311,0.13600420951843262,0.25666550657154985,0.006350760867400991,0.5755707354379691
647,3,0,0.0741586711765561,0.08922165406298528,0.08450838178396225,0.10048672184731311,0.002877358223228005,0.0936992399652919,0.06573351936073595,0.09230184180523351,0.07362372428178787,0.08855429470428419,0.0039058172116222985,0.07028191880075188,0.06205163875998926,0.08743883858354946,0.08322222530841827,0.08843619242891294,0.0017707189542780694,0.04939021852478759,0.07420201243501515,0.090456155609304,0.08297193795442581,0.10079925562553815,0.001989361957455274,0.09479335102835254,0.07422393204785016,0.09044342356311591,0.09052690118551254,0.09618503834590797,0.003053436811736443,0.09091086033297795,0.057538680622268176,0.08667618460795214,0.07277417182922363,0.09327476440133294,0.0024254444688455103,0.03254283780398668,0.054333005034666294,0.0839098893994185,0.07337183505296707,0.07486410303320126,0.002045415399487317,0.03747378228825732
648,0,1,0.17841416395427223,0.18452048330634635,0.21507102251052856,0.24783530587892988,0.0046946229530315815,0.23994938512252473,0.24512460288301324,0.24675521128163022,0.2960169017314911,0.3721442481914354,0.029239940369414113,0.2814667128410953,0.20119245566154742,0.18342635180982353,0.21705324947834015,0.2778404896413203,0.0894736541394329,0.23816853323882028,0.21945545270423333,0.19177139852436176,0.23613183200359344,0.27684469405633755,0.0345686026965117,0.3579607362403622,0.20341126417402067,0.18723979299805255,0.23546546697616577,0.3004850308831364,0.02664685865452791,0.26721917135822076,0.27984378340818816,0.25008126997768815,0.26978012919425964,0.34323789043851255,0.11881480973950227,0.41730481769097805,0.2898547738725358,0.29006908612943433,0.26566487550735474,0.32001574454765414,0.13490483237885448,0.43861933079938137
649,1,0,0.07975636431740776,0.10661605277477325,0.10112593322992325,0.1020944787024083,0.004224391307149522,0.08472096557278448,0.07570152080763004,0.10107279002317611,0.09113501012325287,0.09815686637328619,0.004269400788881147,0.08387353672955387,0.0770110912613991,0.09883168221394056,0.10696879029273987,0.10377119269497494,0.003922103392899125,0.07156168771244105,0.08454484084968875,0.10124297254402218,0.0984935536980629,0.1032170543678091,0.0031647734760471527,0.1166058501625024,0.07873364203675222,0.10747013670097055,0.09714219719171524,0.10629769006433643,0.004857087057862802,0.07790109916887607,0.07758556798500574,0.10018915220429006,0.0926448181271553,0.09462766116341415,0.004010693693343562,0.09645551473682569,0.08025536235911127,0.09969922087354814,0.09438493847846985,0.10115113359977314,0.0033547506814243294,0.10268676816234086
650,3,1,0.5896423655177908,0.616115948578206,0.588656485080719,0.6014494198152653,0.5555085386224723,0.5864814354922915,0.5947477837115589,0.602317259489399,0.5821343064308167,0.6089594064326161,0.5268415612194658,0.6534863849854968,0.5863889981827235,0.5875179489786228,0.5913200378417969,0.5847520949008966,0.6018074099309543,0.5665474992613467,0.5166459119492238,0.5446834054649977,0.5649650692939758,0.5876993245581031,0.38542657670688674,0.5004551837221555,0.5771427130441941,0.5970416613104225,0.5642348527908325,0.6080997157442449,0.5660026447167271,0.5503346906587432,0.49212812850330295,0.5724703368592797,0.5675387978553772,0.5998594382588177,0.21697424318136835,0.5037978263616721,0.514825944437669,0.621570607136911,0.5863408446311951,0.6070330379390179,0.2506638492883846,0.5085213831928366
651,4,0,0.07422758562822038,0.09962528495367212,0.098422110080719,0.10060556712542246,0.0028888560099724855,0.06959610997131582,0.0732040258683189,0.10011126343444812,0.09687312692403793,0.10283053508363565,0.003911927412935617,0.06229327648653711,0.07503369629077564,0.10056335954594377,0.10330086946487427,0.10349749474927561,0.003871084330102834,0.06393567336368172,0.0884430830840063,0.09955118359009645,0.107248455286026,0.1028840612699403,0.004389967079428416,0.12814174819454027,0.07404928756655867,0.10177566912784602,0.09867839515209198,0.09792745089160043,0.004313160169980735,0.06755176249127416,0.08038137708986741,0.0957829387493566,0.10765351355075836,0.09995617315723904,0.004559630884539381,0.09395462910744368,0.0838096152643488,0.09650641834971997,0.11614108085632324,0.11268647280350154,0.0033393471113804347,0.09037475720081876
652,3,1,0.9601573354840729,0.9467106574454567,0.9620159864425659,0.9636996081704835,0.998928347108026,0.9294320782538327,0.9476048598413354,0.9372999325038619,0.9563624262809753,0.9463863195708228,0.9981600938334092,0.8998155270176074,0.9555771477258365,0.9458215035255891,0.9636214375495911,0.9443341459536618,0.998978391323229,0.9251302602771114,0.9683140561792118,0.9487658631981655,0.9612773656845093,0.9533272639733302,0.9991688784695419,0.9790309095705121,0.9602674326853308,0.9508150308727767,0.9676898121833801,0.9541663555463096,0.9977808680760806,0.9308850967481066,0.9658632798460631,0.9488629708541214,0.9578549265861511,0.9476931429440405,0.9989732312790006,0.9759321275670018,0.971352892957918,0.9508863077849499,0.9623098373413086,0.9684448734345956,0.9993981751300934,0.9757252710986423
653,0,0,0.07082325185138708,0.09391867121769444,0.08303248137235641,0.09087769312912009,0.0035189373450648168,0.08276847619269964,0.0774577613909745,0.09958701195114544,0.08462515473365784,0.10730357135841265,0.004027718092287226,0.0917453508193693,0.07214934996206138,0.09517214654668883,0.08769094198942184,0.09902637056474953,0.005809530296285715,0.07304776041316094,0.07251984955855958,0.09284292361070293,0.08084223419427872,0.09292793225177816,0.0025502504898869956,0.09343590724615114,0.072006591321917,0.09203956417335497,0.07772498577833176,0.10573663462222078,0.0037854329503144712,0.08074633908536308,0.07959028216877714,0.09773511151701827,0.0908413901925087,0.10328809941661157,0.0038930291227419265,0.10219378059500524,0.07862398249798982,0.09551465193250022,0.0956379771232605,0.10196411343350541,0.0036137076585743225,0.09638946234210864
654,3,1,0.7038567971049249,0.7126551410754356,0.6938652992248535,0.661756416841757,0.7083126880759737,0.7426944403066041,0.7256708528489908,0.7180652255601278,0.7196225523948669,0.6989856114376022,0.7117214666358527,0.7799594082165044,0.7005399015403364,0.714861334074025,0.7072572112083435,0.664806270265008,0.6663251141649992,0.749449577989306,0.657485268804261,0.6893557299706661,0.6788009405136108,0.6436344148497292,0.6120021114662817,0.6636331472210165,0.6988844492562855,0.7010894650251502,0.7046190500259399,0.6789522234470996,0.6527993293721439,0.7569621784110935,0.6933480488751677,0.7023083722629605,0.7031108736991882,0.6611813334370789,0.6826757549991663,0.7174639099774442,0.6723091369267474,0.708667706509003,0.6942068338394165,0.6165610329915496,0.6162380397003977,0.7258720715933707
655,4,0,0.6569114093960706,0.6636338775280205,0.5713447332382202,0.5814418999153946,0.7539431354416679,0.7141934008570505,0.6896774918930884,0.7807182875470803,0.6413323283195496,0.6694859991654466,0.6277932291358972,0.729057615297468,0.6814409763072639,0.6744347277975834,0.6036949157714844,0.6433138816686522,0.7485488614640522,0.7372124948345471,0.6274706497363317,0.6941227060182872,0.6176887154579163,0.5858422653762855,0.6326620743165546,0.607037487512615,0.6579483818046007,0.6740573534216963,0.6177597641944885,0.6053562652173418,0.6543689244293815,0.7381996017600954,0.6712772289126414,0.7376387425708011,0.666506290435791,0.5898125881942573,0.6887802894533618,0.6736482339089959,0.635320728309347,0.7301347398982189,0.6535344123840332,0.6115165565460556,0.5088065032474982,0.6726114294709293
656,4,0,0.10440503303297455,0.1261128493415364,0.13931426405906677,0.11629960858581775,0.003939349147210427,0.1363590940312413,0.10816291065460319,0.1154941762945211,0.12657390534877777,0.14526721011726407,0.009094331728985812,0.14438492978346723,0.11985234872229082,0.09243878514282876,0.1585160791873932,0.10471280950276009,0.007819397570811867,0.23577467220766024,0.07108123262954648,0.08939766480089911,0.09992313385009766,0.10784356299159788,0.004595226158859193,0.053646575346278515,0.13990383841214288,0.13380572466369914,0.14340227842330933,0.17961549929001472,0.02574657911500642,0.21694911056868468,0.07639051078099122,0.09392044262292064,0.11197756230831146,0.0803846931616225,0.0027179236071870365,0.09295193220491448,0.07611343966770705,0.09921893835316425,0.09124923497438431,0.08742889331874758,0.0013314706717682243,0.1013386610204709
657,1,0,0.07756605784335627,0.10694554713370108,0.09562119841575623,0.10565968699840966,0.004224391307149522,0.0753794653617648,0.0791094992451447,0.1052888972326081,0.09563224762678146,0.1118551401344589,0.004269400788881147,0.07850181044299388,0.07676470917336274,0.10052761831006726,0.10565529018640518,0.10440563070038325,0.003922103392899125,0.06931290327705891,0.08725761569876997,0.10596950136214267,0.10332626104354858,0.11226321369102672,0.0035968732630452154,0.11113222913408673,0.07797070897326777,0.1056122208847105,0.10088642686605453,0.10621378347745546,0.003663829534618988,0.07347728410349937,0.08611989603264733,0.10409578678870855,0.10060453414916992,0.11275173371293803,0.0055072547052474555,0.10764017080717277,0.08686343996776044,0.10440686333673606,0.10836132615804672,0.11423868854299934,0.004301790032198723,0.10300853176882135
658,3,0,0.7465214838913738,0.7444731741999031,0.7679117321968079,0.7255292284047355,0.8110698421199063,0.6836234425355169,0.6693934994739089,0.7528666586041209,0.7789981961250305,0.7157797885059369,0.5333714170968787,0.5659514370375772,0.7455458910752171,0.7295459744950897,0.7627768516540527,0.6931728545350002,0.7917961745629042,0.7504376001290382,0.7385222207600596,0.7282706417038924,0.7431822419166565,0.7057738223509359,0.8398054543834037,0.6755789434454091,0.750504359273956,0.7666079044610993,0.7882210612297058,0.6950384242522045,0.7313434338027658,0.7713109726240043,0.6397054260658768,0.6963858166265284,0.7193616032600403,0.6584175903529356,0.42615484331797454,0.6982072767719056,0.7250118536999943,0.7207026503003892,0.740520715713501,0.6903914104551071,0.7368506414203929,0.7365938506105814
659,2,0,0.10315937527403493,0.1049714666040701,0.09071983397006989,0.11951152797618915,0.006048820078023893,0.19454522774182167,0.113036588684531,0.10317788596789317,0.10107319802045822,0.14423295483895435,0.005465588662768432,0.2112333159325808,0.10596862550158866,0.11070226590651139,0.10071414709091187,0.12774290412329925,0.004189782685411157,0.1864940277018096,0.0675644371457485,0.09625344010464362,0.0821613222360611,0.09273631799868846,0.00183592705017591,0.06483517833917342,0.10588946038462618,0.10346820937758738,0.09172987937927246,0.1334517820889265,0.005021530428830697,0.1957759006485139,0.0715467887544838,0.10318626759365436,0.08511393517255783,0.0953387967332835,0.0038733265633431385,0.07022161770958016,0.07694148303713491,0.10618778166822802,0.08699214458465576,0.10630108411022743,0.008794547844710149,0.07643185697785322
660,3,0,0.36476326787668273,0.32740412824912435,0.26486343145370483,0.39661998493536826,0.06161543000654316,0.7733133647386728,0.3879956251177882,0.288101445467446,0.34982553124427795,0.43770193290808046,0.056068427678647316,0.8082807882904891,0.36481348577045525,0.3423518827162827,0.28773415088653564,0.3928001177682431,0.0522999599237112,0.7488813175575035,0.441119570479346,0.4130582751626693,0.36447978019714355,0.34258087690077527,0.31626227592730405,0.769216644208838,0.39681749776997205,0.32429173480674034,0.3278435468673706,0.4544917111613655,0.0966268760926251,0.7808336199217588,0.3828414867014819,0.3799540985323217,0.35036394000053406,0.3745392390065698,0.0841905822103286,0.7251595737576553,0.41289489518370825,0.45091505857837144,0.41142538189888,0.42728138335860777,0.10225068723113057,0.6726019648515512
661,4,1,0.2774738430328143,0.17507919490944962,0.2635940611362457,0.49971420577833947,0.1943644001007479,0.2546173532392889,0.25036433980669326,0.20230466590287152,0.2614070177078247,0.41098245104968917,0.14041330349543393,0.23671426087764696,0.26271466802711363,0.16759439898491224,0.2964699864387512,0.46729503577109777,0.07686522275352549,0.3053486961872816,0.31214568219213923,0.22161859711000634,0.24410279095172882,0.4479671032642822,0.11179275758572571,0.5352471620489533,0.26101775563126195,0.2790588103496432,0.27082309126853943,0.4920313505997425,0.10440677351658863,0.15876875242179628,0.2652386523873406,0.2209112424948039,0.313664972782135,0.371322026580055,0.09557437953281354,0.32472064054689587,0.2192516581634864,0.2004224920034053,0.26381608843803406,0.32721653801588857,0.07677774547752877,0.2280254268825753
662,3,0,0.04870586000915144,0.07228950922545054,0.06444863975048065,0.04536919443349625,0.0024792098591135073,0.05894274677721629,0.04968982707458908,0.07487148529411079,0.06875991076231003,0.046483534092852836,0.0033377478480358606,0.054996457375635854,0.048547401357630166,0.0719993087334351,0.06087622791528702,0.050891377937739304,0.0023381593272909103,0.05663193287439846,0.05094340047318523,0.06599104045747635,0.07373737543821335,0.04600686525872652,0.003244000163029154,0.06573772104848082,0.05166721793050823,0.07011170858401658,0.06697908043861389,0.05611056727700369,0.003091275531514923,0.06204345782139205,0.053838191358846585,0.07403460882144357,0.07776346802711487,0.058628916579464646,0.003985328788277844,0.05477863457793201,0.05558676041905518,0.07197555471152466,0.07553960382938385,0.06665006354403497,0.002790072146184833,0.06097850786414758
663,2,0,0.20808697038008256,0.16202998278645844,0.14007671177387238,0.1600206944973582,0.007408243263860845,0.5708992195788628,0.1999403229022752,0.14892299937059633,0.08955163508653641,0.17198543587294676,0.007808401092601383,0.5814331430886951,0.2375801361783524,0.19590035346288412,0.14128835499286652,0.21750518155105597,0.00578790163238378,0.6274188892525718,0.15699872731802855,0.14802697153350897,0.121062733232975,0.1591658458283948,0.011743466100958099,0.3449946198943059,0.2144404742627417,0.1611300484988431,0.1166716068983078,0.20582199278739233,0.005557364116485302,0.58302135901268,0.19773114302140726,0.12910485166247676,0.10617560148239136,0.17123373257066124,0.004387572075398253,0.5777539573161088,0.2019548181666424,0.1338288864348555,0.09816142171621323,0.1801735873240291,0.014025000983610005,0.5835851943745042
664,4,0,0.06355621637096577,0.09232660535501125,0.08412128686904907,0.0879365735382454,0.0028888560099724855,0.050507760082550666,0.06594310813471412,0.09633868980412211,0.09766843169927597,0.0908761732100555,0.002852716003673849,0.04197952995644313,0.058654222755357185,0.0894559429425094,0.07996634393930435,0.08358937521960651,0.003871084330102834,0.036388367345262775,0.060819402248105,0.08849063437941264,0.08206290751695633,0.07972828156441764,0.0034339244045352548,0.05038126337520315,0.062248834587721256,0.09019299581918776,0.08238497376441956,0.08636696539727064,0.00263827631273065,0.04966096164499766,0.05793591807066918,0.08895277483783504,0.08565925806760788,0.08713299537410155,0.0024510814518613204,0.025483480621940082,0.05727151646214442,0.0895837630303865,0.07797908037900925,0.09090036740482046,0.0029197019688327617,0.02497466952767313
665,2,1,0.13627695349356206,0.15782341356782661,0.09059596806764603,0.10748342217345833,0.017856605331167848,0.3076253583277115,0.1493004421500312,0.1936548514052537,0.09495440125465393,0.10745795841190137,0.048613769065825756,0.30182123061252125,0.16578798880001622,0.20129930843636942,0.0962117463350296,0.12505639292238643,0.015772958155351964,0.3905995381509436,0.12612641412312314,0.13450061458950596,0.09472279250621796,0.0857444491353035,0.018922454375432187,0.29674176000915603,0.13409037861354384,0.1635852725111743,0.08811300247907639,0.10516047081519832,0.010119726307744874,0.3034734209545253,0.17486316441923447,0.2235109503624488,0.09272705018520355,0.10818460648393013,0.030907425540716627,0.41898578952387316,0.15928312726307342,0.19079797371879736,0.09880048036575317,0.09963877230092069,0.02393902086845441,0.3832393890614416
666,0,0,0.14940934156473665,0.16043922972146868,0.2891789376735687,0.14729022428227964,0.002413305440234983,0.14772501070613123,0.1394267669157207,0.12933444496121474,0.2669379413127899,0.15162918249107715,0.0021129455647459993,0.1471193202487759,0.18761591078045026,0.12803809898555296,0.3268674910068512,0.13581160643394558,0.004975650281341584,0.34238670719455994,0.10272316283785635,0.10552905761329416,0.1306014060974121,0.1390197651595766,0.0037092177057076914,0.13475636761329118,0.1553060127985401,0.13584651305183526,0.232323557138443,0.171300050410524,0.002987051287103208,0.23407289210479493,0.12648831302860297,0.10603306765130001,0.16179855167865753,0.13139589732273882,0.006009285058758756,0.22720476343155982,0.12495309811192663,0.10574598533012,0.15602220594882965,0.12968827640604563,0.004804708287566326,0.22850431458707143
667,2,0,0.10509973027015954,0.10981907378375935,0.09893425554037094,0.1299332563287909,0.006048820078023893,0.18076324561985255,0.10797683933650645,0.10622937798505273,0.1041078269481659,0.1312322441130332,0.005465588662768432,0.19284915897351204,0.10596800062397746,0.11393873002544191,0.10972344875335693,0.12891012542707878,0.004189782685411157,0.17307791622859853,0.0705521816163102,0.10211173586102287,0.08850300312042236,0.10123156483209493,0.00183592705017591,0.05907867721783495,0.1071991128403863,0.10827467035029899,0.1015070453286171,0.1383470507028079,0.005021530428830697,0.18284526739137683,0.07158219597694795,0.10318626759365436,0.08708857744932175,0.10326205799321331,0.0038733265633431385,0.06050075028520718,0.07678091504121828,0.10618778166822802,0.09396364539861679,0.10670808089954849,0.008794547844710149,0.06825051939498802
668,4,0,0.07446297326564867,0.09962528495367212,0.09588964283466339,0.10497653514260989,0.0028888560099724855,0.06893454738732546,0.07506425011087454,0.09681487768639425,0.09800127148628235,0.09981628436279585,0.003911927412935617,0.07677688960596468,0.0743995206206716,0.09844879795371363,0.10113748908042908,0.10524683755656751,0.003871084330102834,0.06329339418254484,0.07479862984017055,0.09955118359009645,0.08558525145053864,0.09728893630299858,0.003317862756463454,0.08824991510075562,0.07335205902199626,0.09957988996276684,0.09634818881750107,0.09958476591223282,0.004313160169980735,0.06693429024749989,0.07647839759535541,0.0957829387493566,0.09617945551872253,0.09870973963201322,0.002908869871378802,0.08881098420530585,0.0750939595528078,0.09800729840985331,0.08863133937120438,0.10006033072976474,0.002478496710663956,0.08629233254255261
669,0,0,0.06674431061573328,0.10162688632883654,0.10704643279314041,0.09077193167860334,0.0035189373450648168,0.03075736493302136,0.07953165376259883,0.10905175579656859,0.15278033912181854,0.10310482773439558,0.003966743903949671,0.028754602256261835,0.0759198861649075,0.12273184579622988,0.11312142759561539,0.09319714485777685,0.0034861267028831635,0.04706288587203223,0.07057059672393515,0.10644868337797307,0.1267891228199005,0.09382367130365471,0.0033873559068098077,0.02240415021133758,0.06782516414099397,0.09633463764768749,0.10900352895259857,0.0986886493541073,0.0037854329503144712,0.031313571800262084,0.07251865967452911,0.11787194030408352,0.11344065517187119,0.09596343522883681,0.001566142676901363,0.03375112499095269,0.07641779496572722,0.11275982696310305,0.13144175708293915,0.09039699135714523,0.002965792754527128,0.04452460667092149
670,1,1,0.9468398841877315,0.938833343511474,0.9349080324172974,0.9553464998525395,0.9972188333710399,0.907892711786307,0.961551338198188,0.9345343628376168,0.9434486031532288,0.9842748566081331,0.9930608382993992,0.9524380300925623,0.9468449472471236,0.929357376745189,0.9413745999336243,0.9455059387768135,0.9962482970147867,0.9217385237652052,0.9547108759918151,0.9401321501155953,0.9434868693351746,0.9441800639138013,0.9882719782528538,0.9574833183416506,0.9497856760580582,0.9326516861365668,0.9343674778938293,0.9545978330576593,0.9979959960093848,0.9293153871928508,0.967318940876605,0.9363697860991581,0.9461464285850525,0.9724483863029111,0.9921522137605154,0.9894778896353871,0.9636948321995924,0.9370514254601141,0.9426512122154236,0.9551508499347644,0.9906642406498453,0.9929564327378141
671,4,1,0.8035627646423592,0.8090476469130912,0.7918628454208374,0.8081530274747345,0.8650504997272311,0.7436998036759018,0.8293559334579073,0.7982432278103122,0.7939154505729675,0.8264868801792291,0.8975936349323638,0.830540473794664,0.7420028455281695,0.7518812021438072,0.7547668218612671,0.7802870717116238,0.7485135771577898,0.67456555476636,0.8747079283809089,0.8226529002857521,0.8370344638824463,0.8664439201275137,0.9336714878047953,0.9137368698040371,0.8213754643341785,0.8137247018117584,0.8155633211135864,0.8071144121554517,0.8592231600800768,0.8112517265100194,0.833457578420204,0.7640724325583363,0.7863373160362244,0.7989107373887234,0.8710657876816634,0.946901618436072,0.8353813195535228,0.7547581812113764,0.7627742886543274,0.8313747355058063,0.8482607294614862,0.9797386629346175
672,2,0,0.30711261702893017,0.2857150908456594,0.3280879557132721,0.4839461653475356,0.18185867499204808,0.2559551982461356,0.2605218578456011,0.2856388967358402,0.30806964635849,0.45378463166123556,0.024818099702137893,0.23029801477030182,0.29188094555687183,0.3083706388465169,0.3278389275074005,0.49468072342700453,0.15240061896313917,0.17611381904029821,0.24955758614282947,0.2841297294434081,0.22620446979999542,0.5207694933631084,0.04069302031994022,0.175991217787695,0.2902793884531065,0.305182615888869,0.26704680919647217,0.46525097392897385,0.11912332714272783,0.2947932161084897,0.22863051972926846,0.2692985787994677,0.3193119466304779,0.452093298782076,0.025017098945733573,0.07743167548858691,0.2598921613531664,0.28552290296068983,0.280303955078125,0.4417496420751405,0.18346897063167175,0.10841533602020488
673,4,0,0.06935440445066518,0.09925479124712853,0.1013154685497284,0.09641382438301181,0.006584557050149344,0.04320338102330777,0.06744754359857212,0.10665800226944235,0.08743444830179214,0.08569053786934847,0.005951000831924311,0.051503728720353394,0.07173309714662307,0.10874079876652794,0.09890778362751007,0.09070160733621987,0.003801096079911142,0.05651419992294636,0.07069637904882731,0.11778238951318915,0.09854912757873535,0.09734502195911714,0.001778421506864056,0.03802693468623083,0.07478170656497858,0.10494227894653343,0.1157447099685669,0.0973704872253258,0.007376968897191599,0.048474087787275216,0.07364671917494424,0.1200589352296728,0.09213291853666306,0.0880039550223333,0.0016128371870557418,0.06642494989899635,0.07034701994763398,0.11572559662709846,0.08057088404893875,0.097365841291331,0.0018707672549003623,0.05620201051590135
674,4,1,0.08598324866318265,0.10235925118898595,0.09550929069519043,0.102880979206785,0.004965636747001602,0.12420108547795022,0.08704199515207624,0.1016936914885999,0.10516359657049179,0.11115503980542368,0.004458342527800527,0.11273930536806527,0.08856305651516856,0.10155563052756839,0.10486043989658356,0.10656218377002769,0.003801096079911142,0.12603593230175203,0.07116899996010163,0.09945302967238988,0.08965463191270828,0.10486164042834928,0.0033433585721338536,0.05853233921492685,0.08791728430052217,0.10240317550727812,0.10392232239246368,0.10752979910298023,0.004497043258073068,0.12123408124181578,0.07424425695498468,0.09796055436763523,0.10913623124361038,0.10605855247799395,0.002974639637677193,0.05509130704800671,0.07369779630931333,0.09800729840985331,0.09893134236335754,0.11258566724658796,0.002478496710663956,0.05648617681610391
675,1,0,0.06311926686285899,0.0871336461732345,0.09130676090717316,0.08660774161285308,0.004833649193588939,0.04571453642744532,0.06103205210125906,0.08369028342501621,0.08556674420833588,0.08560438957725994,0.004600173817586537,0.04569866947809671,0.06292748365891956,0.08592813749231505,0.08583763986825943,0.09605555685599762,0.0016110718764106315,0.04520501220161517,0.061188917549576075,0.09473743616755678,0.0861520916223526,0.07079891763909806,0.0029536832920739474,0.051302459026798974,0.060847165262470325,0.0881870685321466,0.08160217851400375,0.08715436744289859,0.004857087057862802,0.042435124765439904,0.0577855965764235,0.09090662554834322,0.07732899487018585,0.07509236172681634,0.0037092936930290255,0.041890707043743085,0.0581052081008541,0.09013952831727226,0.08282807469367981,0.07834106331799688,0.0019152030549383931,0.03730217112038312
676,4,0,0.07880739402663546,0.09962528495367212,0.09845727682113647,0.10606096748050406,0.003468155269597753,0.0864252856082669,0.08474511408045787,0.10053341669445237,0.10889677703380585,0.11715766653589021,0.0020015524447218416,0.09513615769341909,0.07876813797440924,0.09844879795371363,0.10539592057466507,0.1078268341408862,0.0036266729972848914,0.0785424642054963,0.0752424264364738,0.09860651259697568,0.08685331046581268,0.10427100095654623,0.005474497286260389,0.08100681087677411,0.07855994417360444,0.09957988996276684,0.10081653296947479,0.10693005414971787,0.0022945849573819716,0.08317865882868077,0.0776959347305057,0.09903789063467769,0.09489142894744873,0.10037145551154981,0.005808284181878243,0.08837061437697404,0.07700538427394639,0.10044435432706846,0.09287609905004501,0.10449925225246735,0.0018707672549003623,0.08533644848525077
677,1,0,0.07968463802827554,0.10886764599250001,0.100288525223732,0.10536165207249525,0.004224391307149522,0.07968097554550091,0.08406076624683305,0.11089779648661983,0.10583273321390152,0.1152035836418255,0.004269400788881147,0.08410031710293726,0.07991539956377236,0.10611728125074064,0.11180776357650757,0.10447600035996621,0.003922103392899125,0.07325384923874824,0.08199152270055995,0.10850493132411199,0.10723959654569626,0.11045010136834084,0.003014994102946865,0.0807479901617038,0.08008660949277377,0.10854044593608064,0.10540518164634705,0.10560648024144849,0.003663829534618988,0.07721711010537373,0.08372266531556584,0.10435176639921104,0.10593163967132568,0.11736623387318412,0.001978837720969953,0.08898484891313833,0.08508040405197179,0.10681307127265002,0.11198408901691437,0.12147449074541107,0.0037687016953824007,0.08136166752950108
678,2,1,0.4687265049304184,0.5051690560743279,0.4839315414428711,0.5241796971414745,0.09584798635268782,0.7345042436407306,0.48916980706575924,0.5260321385224052,0.4779632091522217,0.5817026176695448,0.14582274079307564,0.714328329191549,0.5080435677668467,0.5401082636010355,0.5216150879859924,0.5832038128619009,0.15625493593414683,0.7390357384511578,0.43666500724897517,0.49136562469243317,0.506639301776886,0.46597268801377584,0.10078295085108782,0.6185644709106933,0.499629831209875,0.5204130371066983,0.5125143527984619,0.5721574107006966,0.17494658601153296,0.7181177694319856,0.4673419935632306,0.538196509412282,0.5213847160339355,0.5856721040634265,0.09710647798189426,0.5943501603246147,0.5193361520650746,0.5161658444831129,0.530685544013977,0.5943127074291878,0.41805031087442457,0.5374663535246708
679,0,0,0.0597871853316961,0.06758141288195668,0.04803219065070152,0.04731935436174688,0.0011917343266838964,0.13481123443739151,0.057630412183348745,0.054192931188730836,0.04332562908530235,0.06201284934330029,0.0005739413539363445,0.12804670994547393,0.05887883880695688,0.052525425248478766,0.049937356263399124,0.05502350218349224,0.0005596301688401986,0.1363482801705741,0.04114117342516224,0.06139800029343655,0.04088602960109711,0.051856910881836235,0.0006147015338850583,0.05095022481555625,0.02598883565327817,0.053684409599380464,0.038888610899448395,0.034382253359582844,0.0012101645870817564,0.001778739820897372,0.038109068074981885,0.0525429845882241,0.04637664183974266,0.03678742497043109,0.0005881772036931145,0.05425011177281846,0.025387794750117414,0.050553664444198385,0.03554531931877136,0.040491128332704664,0.00028730330492587696,6.15583499867856e-05
680,1,1,0.3840866416369217,0.5529810034350858,0.3166641891002655,0.36393773609567703,0.062198583815473434,0.6246516957381067,0.5616617443628742,0.6610194720065992,0.46377021074295044,0.3631527983305842,0.7700115343418283,0.5503547063924086,0.4076904870278886,0.5711111695414075,0.3249250054359436,0.4015876895531274,0.10446721758508828,0.6363613530238763,0.35605846886637477,0.5193046355419615,0.3289634883403778,0.35120910188252336,0.07613649865279892,0.504678619914212,0.34656840015022977,0.5187395637630987,0.29266998171806335,0.3799646226971117,0.028839109232368765,0.5126287233405065,0.4522423166501343,0.6167469895930493,0.4407771825790405,0.426935628514695,0.11718508587392082,0.6595666966899661,0.39259550307549396,0.6019975356301216,0.43022164702415466,0.47730849686300725,0.07333420488342088,0.3801156309767655
681,2,0,0.5519314073112132,0.5968379690584772,0.5929795503616333,0.6275462722242798,0.20438199350057232,0.7379112514111029,0.6147827235909822,0.5992847442269671,0.5596102476119995,0.6256817546776017,0.5813915610928424,0.7079453103455003,0.6487194351012574,0.6202057931860264,0.6066820025444031,0.6568449142091081,0.5946917560441782,0.7651727095225711,0.5562432507691764,0.632606898343582,0.6423705220222473,0.6014468371822057,0.23592683510772225,0.6688651611901247,0.5748430752272083,0.5990667972381184,0.6068190932273865,0.6480580154816915,0.26284556088566635,0.757425909303179,0.5374465912045938,0.6551141736658513,0.623498260974884,0.6643826151878942,0.09162708780479242,0.6526108183895472,0.6152944483025159,0.6288150107272327,0.6189686059951782,0.6055677604129608,0.5643909098826122,0.6587299544945957
682,2,1,0.4884516164209357,0.5790690835012902,0.30854737758636475,0.44844670265521636,0.2801573615000031,0.8260375568618039,0.498784689957927,0.4893215552581648,0.44163408875465393,0.49805334320434186,0.2501765060421542,0.8147379565303204,0.43117306666017197,0.43298250275394984,0.2249727100133896,0.36276707999189517,0.2663289768849801,0.868814063656645,0.5565948690814357,0.4672542435449265,0.4291614592075348,0.5157003388432031,0.5078290360683078,0.8630292677432063,0.4407108064906128,0.5820820746565636,0.3139514923095703,0.4522614013380798,0.12825284471101073,0.727006219437839,0.45134313637006523,0.3753340987393141,0.43374571204185486,0.4518158123878501,0.1304175255229139,0.8654025331583932,0.4956511003035552,0.44795903915741775,0.4982435703277588,0.4316533273032458,0.19898709071659468,0.9014124740127591
683,1,0,0.0807963867530207,0.09643057016619101,0.10143925249576569,0.1041909587430557,0.004833649193588939,0.09708750316650219,0.08777508942173515,0.10893348312206766,0.1057496964931488,0.12117126497833616,0.004600173817586537,0.09842082869753654,0.08375693015631529,0.10114304260389823,0.11691528558731079,0.107662172659703,0.003922103392899125,0.08914204653776531,0.09958408592700832,0.09185152462120634,0.09706144779920578,0.11510768638643361,0.003273323734721271,0.19062644709347462,0.0818369187404246,0.100931427531541,0.09854988753795624,0.11346189812826608,0.003663829534618988,0.09257755096974077,0.10372249488465876,0.10592604727122441,0.09894977509975433,0.11653385987326308,0.0014397132325711232,0.19576307894648082,0.10139322538612734,0.09150078496876553,0.10545244812965393,0.10550224293354456,0.0029386754047685325,0.2015719754939041
684,0,0,0.0400381238184937,0.10537813570424742,0.06724661588668823,0.023861424064014168,0.00032989580318827145,0.0033745476343303975,0.047061889905604684,0.12862531956740822,0.06673350930213928,0.03610226802061507,0.00038470609006993053,0.0034636465477908968,0.03154423638969757,0.05791589053985973,0.047728944569826126,0.05005523430533305,9.690212286408113e-05,0.001924210410604874,0.031227297707838803,0.07857855616201535,0.04929457604885101,0.02370056690127245,0.00036726806549427555,0.0041955213615608965,0.04291947071767688,0.13323100844184071,0.05880637466907501,0.021384045487428893,0.0011039303627134438,7.199462732632549e-05,0.029365888142225266,0.06714344268646892,0.046405915170907974,0.030906703537292572,0.0003128794912721068,0.002060499825184774,0.027269871610918782,0.07247132381224375,0.03847423568367958,0.02513322304550971,0.00025998007970539836,1.0595433455461581e-05
685,3,0,0.07108962648598172,0.08744554770732618,0.06853768974542618,0.10233188456716917,0.004249417398560772,0.09288359301142629,0.08188521941118396,0.08588747197060649,0.08961158245801926,0.10443215988121185,0.005035908873664711,0.12445897387241743,0.09352963582785692,0.13112983893154778,0.09208226203918457,0.1516152271869138,0.006031991806478614,0.08678885917515974,0.09216529949018211,0.08552573234531712,0.06686981767416,0.0964649899803785,0.00527406753682119,0.20669188991423368,0.08551765222889438,0.09328137502056603,0.09781447052955627,0.11059641063247287,0.006555954868521199,0.1193400500933555,0.11144314639377102,0.09467940686749043,0.08249736577272415,0.13805853600706589,0.0058578917530440495,0.23612253156853064,0.14273594708371098,0.11293965381944296,0.11564603447914124,0.11977773633245245,0.007185008957726231,0.358131301829792
686,0,0,0.19960576147428719,0.21674470155176573,0.20924673974514008,0.1991636427553556,0.012792450421579261,0.3600812728975953,0.23276827771785563,0.21138887676491674,0.2305593639612198,0.2965160770661556,0.015858598563120874,0.40951847223386506,0.18750548749739285,0.20023331214019457,0.1600729376077652,0.28532778596391667,0.008957539905255735,0.2829358618698321,0.1727223376948679,0.1742194904914907,0.18071579933166504,0.184029688273456,0.0474205337036552,0.2772261766740725,0.22846181740333096,0.23531837884707404,0.21750320494174957,0.28431824106012493,0.0362629436049156,0.36890631856279066,0.21247192639191134,0.1859964909385677,0.19621987640857697,0.23537908805375254,0.23392664002144967,0.21083753653720982,0.2430995603809932,0.19871415321621455,0.24269452691078186,0.23120696873188817,0.21919998587498818,0.32368216717109327
687,0,0,0.030956873581097666,0.06882962369392216,0.06098117679357529,0.021893021874804703,0.0002149657423469722,0.002865579800839201,0.033704282645598306,0.06910963221853285,0.066938117146492,0.02918068616620224,0.0002715172348844367,0.0030214604618800044,0.028917476255802432,0.05786314524860181,0.04727509245276451,0.03883758437648598,0.00010675369255059466,0.0005048055086092765,0.02875466798158448,0.06599146553688834,0.04992891103029251,0.023002093002885166,0.000506733631619799,0.004344136706236598,0.029190782790767873,0.07345380628417618,0.05026785656809807,0.021293723629642436,0.0003434708591193801,0.000595056612803277,0.027304019906274478,0.0670373178633223,0.043972138315439224,0.024747093306544236,0.0003499370029324738,0.00041361304313414666,0.026915562134914882,0.07237179569080178,0.03745204210281372,0.02423731962241,0.0004559462983496672,6.070696019925798e-05
688,3,0,0.07822943860951617,0.0935510287966993,0.09026599675416946,0.10085153905320283,0.002877358223228005,0.10360127022028132,0.06918686508255405,0.09642375524025154,0.07508973777294159,0.09144408285502537,0.004594390794730808,0.07838235874982098,0.07435877572073939,0.09223578173485793,0.09159005433320999,0.0996668103227362,0.0024750549488123824,0.08582617726408047,0.08620367363765628,0.1015009388292824,0.09272345900535583,0.10295294200665972,0.003403276323815088,0.13043775202316837,0.07688076154587262,0.09609479622230897,0.08806800097227097,0.09684993270128014,0.003053436811736443,0.10033764102176651,0.07311025535475778,0.09233951843119478,0.08581261336803436,0.09385334457343983,0.004084385470497892,0.08946141493062205,0.07039778472395487,0.09025621037256117,0.08112168312072754,0.08708978387496165,0.0029277803063299827,0.09059346594519402
689,2,0,0.08030253564104732,0.0963880869316444,0.08829746395349503,0.10878563268187962,0.004201303218379632,0.10384019141983794,0.08919848245568487,0.0984383473108775,0.09809961915016174,0.12155598740209786,0.006246887083598713,0.12165157133168858,0.07905499709492826,0.09741801820606286,0.09470036625862122,0.10760026194327482,0.0041608226226706605,0.0913955164440118,0.07940531754143265,0.09217308572443275,0.08732383698225021,0.09518482303793548,0.002386720349182249,0.11995812161336256,0.07819493031785152,0.09594054428567474,0.08783961832523346,0.10363756448001635,0.004315651615726638,0.09924127288260647,0.09381288465928525,0.0954171314551203,0.1004013642668724,0.11983424259826252,0.0051382494787969545,0.14827343549737407,0.09322524977074323,0.09869474534480807,0.10185571014881134,0.12398563548579956,0.005590869480334411,0.1359992883939627
690,2,1,0.9799499118020869,0.9552076267080916,0.9694436192512512,0.9831767678307687,0.9993855012467336,0.9925360439735894,0.9802733235962448,0.9490953380349665,0.9710568785667419,0.9884555737381889,0.9995920129187897,0.9931668147225365,0.972218926557683,0.949130842376603,0.9660278558731079,0.9620402760288066,0.9996003633596401,0.9842952951502577,0.9821428866581872,0.9527217689098575,0.9784689545631409,0.9838314585166716,0.999796945711317,0.9958953055899487,0.9767606310973781,0.9531043720393237,0.9652907252311707,0.9823205593564761,0.9996441404056917,0.983443358454228,0.9733690554897331,0.9435223724355848,0.9678688049316406,0.968728115641135,0.999798984647617,0.9869269997926882,0.9749141854701875,0.9493303469066495,0.9672885537147522,0.9740381892586669,0.998329036627379,0.9855848008434897
691,3,1,0.591819392929811,0.5604422441729353,0.6975821256637573,0.5667413830428744,0.46785939392278597,0.6664718178467025,0.5309137550283466,0.5549087404756248,0.5174835324287415,0.5075605696195301,0.4802413740885094,0.594374558529327,0.6049881049855932,0.6057135126926124,0.7077172994613647,0.5602931665983951,0.4930783946649159,0.6581381515106773,0.5991219666124568,0.6040517614965427,0.742389440536499,0.5600332548480748,0.3424831359070138,0.7466522402741537,0.5912803032073403,0.5867022262042275,0.7316056489944458,0.6109877461705834,0.3966485488967269,0.6304573457707178,0.606886549911746,0.587739159153866,0.5938081741333008,0.4907903457235067,0.7646980294711226,0.5973970410769335,0.6329814672536341,0.6066797211150365,0.60015869140625,0.5171254501205149,0.7935993147251117,0.6473441589012575
692,1,1,0.9075502753963745,0.8815023759092164,0.9024596810340881,0.918616354966088,0.9733345793712743,0.8618383857012051,0.8859719735413908,0.8784673116441842,0.8836468458175659,0.8715579840309738,0.9555295963238314,0.8406581298903988,0.8718767892609833,0.8508951606017655,0.8585414886474609,0.831871091201784,0.9222422392868426,0.8958339665670633,0.9085813500524518,0.8842071471330774,0.890428900718689,0.9075081216505879,0.9745624223923716,0.8862001583675331,0.902760304555945,0.8619773239875896,0.8779248595237732,0.889236754743395,0.955071693550391,0.9295908909745761,0.8630833836971077,0.8343012806912994,0.8169541954994202,0.8213189044712355,0.9182255601290041,0.9246169776945786,0.8338635125342726,0.7934468341087257,0.8122891187667847,0.8291730209009293,0.7990906100107524,0.9353179788841713
693,1,1,0.33241049108044207,0.5302099836856656,0.3216058611869812,0.6172227626836231,0.03364380311898197,0.15937004472695812,0.3824290918615735,0.635351193756322,0.2907945215702057,0.6874892625737906,0.13670708120403746,0.16180340020351192,0.46985515925725546,0.7166675168089279,0.31596091389656067,0.7233601562612473,0.04519706413302694,0.5480901451865147,0.4881843511198092,0.6963325064168958,0.532608151435852,0.6723766896891096,0.2223705681450233,0.31723383991216525,0.3948763942373,0.5342727023338942,0.32094892859458923,0.6633776722186234,0.08145996944476842,0.3743226985946243,0.5505526723364613,0.73479557753732,0.47044306993484497,0.7130340028395221,0.17299710138413807,0.6614936099864815,0.605549079552377,0.7107966497074596,0.4742633104324341,0.6715293126973539,0.4992774911487501,0.6718786337758871
694,2,0,0.08562324311096775,0.10167874727552195,0.12610416114330292,0.1026441389824136,0.004201303218379632,0.09348786493522065,0.07361427465428155,0.0915423015996141,0.09840552508831024,0.0889711011917237,0.0025076328375955906,0.08664481255416413,0.055458341377627916,0.06893082830736406,0.07768581062555313,0.06866325567860485,0.0033055404942324176,0.05870627178238511,0.0838358945835835,0.09208464370792252,0.10889890044927597,0.12547128130163335,0.0017725115631534152,0.09095213589593218,0.08502907781229092,0.10230035970246561,0.1245575025677681,0.10193143426030818,0.004315651615726638,0.09204044091518612,0.0487126192809249,0.07395577329678611,0.05484754219651222,0.0700060908415795,0.0006014221184020472,0.04415226795134463,0.05131454203198936,0.07552515108693596,0.05628502368927002,0.07554527121362617,0.0007519665847504416,0.04846529758536422
695,1,0,0.27469197587118194,0.38970660924756345,0.36711961030960083,0.34687601942700275,0.05445363444258723,0.21530400592915552,0.1939292301810284,0.2427419605600399,0.2593614161014557,0.28468493975227993,0.009744986835083073,0.17311284765628332,0.23092516243061478,0.34274799451277893,0.2986662983894348,0.2899799998603382,0.041358806955810345,0.18187271243471181,0.41354797114243047,0.3699639956909413,0.3607639670372009,0.37683547646204757,0.1355449493561962,0.8246314671657661,0.26433808142828885,0.38709453629914103,0.34458813071250916,0.32550778984869083,0.04091851566085447,0.22358143462024882,0.3142513228761702,0.2720934957218994,0.34459513425827026,0.2507849280360602,0.03215111316645522,0.6716319431981658,0.31147555495817314,0.2868229805690715,0.33754000067710876,0.2594091437699418,0.0494042908044406,0.6242013589703029
696,1,0,0.07973053869740576,0.09562890769537631,0.08707163482904434,0.1188272973271837,0.004508593951569882,0.09261625968385455,0.07284794127710739,0.08895171954069839,0.07929395884275436,0.09794876875611196,0.0039187239569883426,0.0941265352889839,0.07779142086878922,0.0923793325154086,0.08629632741212845,0.10099644318722671,0.0059107684615728115,0.10337423276760956,0.06190163597019693,0.09108647231557761,0.08749645203351974,0.08415467689218022,0.007391388887882218,0.0393791897218249,0.07967855992630127,0.09790232908440163,0.08665810525417328,0.10954674867178105,0.008694238826668194,0.09559137779448212,0.0593296644587329,0.08959561447829258,0.0731910914182663,0.08525562413776416,0.0033623028784802314,0.04524368938086127,0.06660582934730377,0.08864197146716493,0.07296393066644669,0.10923708580200148,0.0046721061689516535,0.05751405263195414
697,0,0,0.10301394117265487,0.13795053877826943,0.10030686855316162,0.10154747332405202,0.014722056713341125,0.16054276849445012,0.10976374554277273,0.14015670305496214,0.1148228719830513,0.12275597223233355,0.015198062123033379,0.15588511832048324,0.10376565881062687,0.11194711793997641,0.10248871892690659,0.11626878651044943,0.018848850517898908,0.169274820157903,0.10566418360512815,0.1449880888506047,0.12382522225379944,0.10151853769359188,0.0343900352728475,0.1235990339547972,0.12156701920466902,0.129824530231473,0.11072058975696564,0.11850547108450483,0.0048338569658413185,0.24395064798456026,0.11846523048337279,0.12619324152065478,0.1298339068889618,0.09679909826618428,0.09171532821805645,0.1477845775230066,0.1489696909057976,0.12759000674481397,0.14493979513645172,0.1058988224153576,0.07017180734455557,0.29624802288780905
698,4,1,0.6999691847515257,0.6783437594083268,0.6746655702590942,0.6607562549588468,0.7539431354416679,0.7321372036896929,0.7292501319471599,0.7628227569431569,0.749398410320282,0.7260589524556335,0.6277932291358972,0.7801773108808296,0.70088044872137,0.6768155821168532,0.6883812546730042,0.6356062098559032,0.7485488614640522,0.7550503354970375,0.6482211619459937,0.6922726076091602,0.6664607524871826,0.6356497791383239,0.6326620743165546,0.6140605961787472,0.6816073459726679,0.6760843490285764,0.6787376999855042,0.644367477060213,0.6543689244293815,0.7544782793596644,0.7154828221516377,0.7522000852735297,0.7380588054656982,0.6689571142294545,0.6988651238109898,0.7193329819785157,0.6789122684409035,0.7275295578525844,0.7201693654060364,0.7133748815320872,0.5088065032474982,0.7246810341663112
699,4,0,0.3768346664870209,0.5468040521317139,0.4340979754924774,0.3816965373798318,0.023565561220914175,0.49800920621016714,0.3354014162176332,0.4361254507895118,0.3570234179496765,0.33914635262705073,0.04780596743312928,0.4969058922887974,0.38912965340557915,0.5332254132628212,0.4028410017490387,0.4264923495862316,0.22819646798730303,0.35489303444250114,0.3830446535085933,0.5130060297115544,0.5059155225753784,0.39714945627287346,0.10664528765340088,0.3925069713297591,0.3165593573431849,0.5012850941526128,0.440189003944397,0.30516844207032034,0.025979002422638654,0.31017524412595576,0.325065079817391,0.49665439648754034,0.3971356749534607,0.3811637862403572,0.0923441895102698,0.258027351895327,0.3039081185972363,0.5086220062875679,0.41918399930000305,0.34367229632312657,0.10365252929254387,0.1444097617829403
700,2,0,0.06815579374712111,0.1312290089324481,0.08605816215276718,0.07722199776476936,0.004831535997098122,0.041438263888522765,0.13148602401982395,0.1304519314047108,0.1456277221441269,0.09220917149929334,0.22522361637969143,0.06391767867129738,0.08242057584198588,0.1929928751342997,0.09266344457864761,0.08430389259358502,0.00511887257966629,0.037023794323730735,0.07012602504938897,0.14237801906177744,0.09856895357370377,0.07725773618278627,0.006626541669970416,0.025798874758706992,0.07176230095144162,0.12335531308113576,0.08301745355129242,0.09110559583221753,0.010420772397281557,0.05091236989528085,0.11550176958539063,0.1626422030117075,0.18549861013889313,0.11170447755299949,0.06653383586729987,0.05112972135605305,0.10760087756414771,0.13773514202818463,0.18979905545711517,0.12909880053199646,0.027578879170644298,0.05379251063279804
701,2,1,0.9593660090792462,0.9035662531434164,0.9425820708274841,0.9669966096559217,0.9941548109558637,0.9895303008135446,0.9417522617249492,0.866560598971644,0.9290788173675537,0.9680149248814093,0.9543070688086127,0.9907998985955269,0.9427451104659262,0.8649841403841854,0.9312415719032288,0.9368437745055025,0.9976951088250754,0.9829609567116391,0.9593273148450067,0.894449145306867,0.9594997763633728,0.9533075721072526,0.9986727826301921,0.9907072978173485,0.9694846383161572,0.9353783062250258,0.9517124891281128,0.9733944547703774,0.9987600803068771,0.9881778611503924,0.9442471395483938,0.8471213464744454,0.9365774989128113,0.9489431026985382,0.9960120750984508,0.9925816745577236,0.9686445165660377,0.938616089701879,0.9533114433288574,0.959631080359029,0.9940678378097226,0.9975961316307002
702,1,1,0.5910835922253125,0.5956993689836663,0.5645116567611694,0.6717839400167309,0.7231585022924939,0.4002644930725019,0.5280917303588218,0.6732159391470073,0.6158831119537354,0.6780374204420682,0.28726991512860905,0.3860522651226892,0.5757566521785475,0.6288604412015679,0.527203381061554,0.613004244192065,0.6563255854622557,0.45338960897529473,0.5412100846563799,0.7249632398675906,0.6359853744506836,0.6269146680072577,0.2628034106632808,0.4553837302930869,0.592632019650873,0.594733624574324,0.5568301677703857,0.5966490327138432,0.8350440215437721,0.3799032516520397,0.5976883416246297,0.6889756834110338,0.6019003391265869,0.6061359321968226,0.6184365326359066,0.4729932207527987,0.5670546239852196,0.6909860296497231,0.6162527203559875,0.5537844467369055,0.5534215669313007,0.42082835625218074
703,2,0,0.12166740712847912,0.09509425091440958,0.12522366642951965,0.13425206180267973,0.007251799431860237,0.24651525706392635,0.12001157715319558,0.09156638560813268,0.14951227605342865,0.13039512379863405,0.0024403521256165543,0.22614374818016594,0.12032632964969739,0.1072739870878989,0.1515016257762909,0.16764836601965147,0.004553867407749051,0.17065380195689653,0.11720210149835215,0.10308839031215303,0.17008724808692932,0.13186861614621168,0.00782930964808264,0.17313694329838406,0.04152538196829498,0.06831321554607839,0.07244934886693954,0.060773171409080534,0.002891632029203704,0.0031995419901727083,0.10796345754062035,0.11416336153946917,0.14806652069091797,0.1748188164521209,0.002676212938815206,0.10009237608177847,0.054122667783730496,0.08852655255328577,0.0637550875544548,0.11565225507454477,0.0023044277951444025,0.0003750159412226688
704,3,0,0.08461755816426571,0.10506034494287435,0.11392378062009811,0.10308007022637061,0.0036826537234228023,0.09734094130856263,0.0787165021371339,0.09856260309579865,0.09992899000644684,0.10031144418080222,0.0044158466761854386,0.09036362672643632,0.0800007577749833,0.09513121145447649,0.10767220705747604,0.10292575588224186,0.003244177715606918,0.09103043676511516,0.08053557424005993,0.09902985552539545,0.1107293888926506,0.10651323986203791,0.0026081238469727245,0.08379726307324295,0.08241134388649998,0.100579116780537,0.10003012418746948,0.10169132815751078,0.003892760461256324,0.10586338984572627,0.0750029309494337,0.09106733760529444,0.1007806807756424,0.09687386776528147,0.0032739716761217355,0.08301879692482844,0.07723370917023425,0.08883570349457276,0.09874308854341507,0.09585950045828363,0.004155960841527901,0.0985742925133719
705,2,0,0.06520428883499672,0.09606609391160024,0.09191972762346268,0.0972251366348153,0.0036783711131862704,0.037132114891919143,0.062089697758888895,0.09346794047864236,0.09459299594163895,0.08720044577926622,0.002042688321171813,0.033144418273725086,0.06459915846788981,0.08641843368704617,0.07258845865726471,0.08034761472075974,0.0033055404942324176,0.08033574478014603,0.06848449700359098,0.09154110402205203,0.09470067918300629,0.08662571311861841,0.0028312709310842,0.06672371776319405,0.0648472907470801,0.09555291795546772,0.09018377959728241,0.09557028475283876,0.004315651615726638,0.038613819814084994,0.08025741009883722,0.08819179747875423,0.06584572792053223,0.08417361621153978,0.0008915936551471254,0.16218431522821275,0.08472838602396464,0.08629671686544443,0.06616552919149399,0.07993838648729269,0.0013233049991593453,0.18991799257643277
706,3,0,0.07628606417503152,0.09215712742230142,0.09597349911928177,0.09919013017927701,0.002877358223228005,0.09123220593106937,0.2422719610555967,0.5190781755187015,0.16823822259902954,0.31173365855615426,0.014648666935011118,0.19766108166908697,0.06625466795407202,0.09443095212175816,0.08759645372629166,0.12603531576997568,0.00106763289712574,0.022142985255208865,0.07933244480125354,0.11739990838592974,0.12697789072990417,0.10962934400933146,0.0016613021692165888,0.040993778711885774,0.08092217977843831,0.09468561826834235,0.08797601610422134,0.11451794814679239,0.003053436811736443,0.10437787956109906,0.201991310646272,0.5397030354858187,0.20324352383613586,0.2461652617132137,0.005339380488721145,0.01550535170747044,0.20052700177565602,0.5218957336429869,0.2043873518705368,0.2531203393652396,0.009451187552674493,0.013780396446842251
707,2,1,0.9292864295553755,0.8935455348610588,0.9125927090644836,0.8929636427999583,0.9775699979415506,0.9697602631098265,0.9292191477662332,0.8868657424873947,0.8870125412940979,0.9245258538202674,0.9868586662917934,0.9608329349376117,0.9121431731142098,0.8812016217448296,0.8961583971977234,0.8351567491553147,0.9912316201388213,0.9569674773343597,0.9448346739952305,0.9085314943765175,0.9083747267723083,0.9361645104660794,0.9944105577800176,0.9766920805812296,0.7896749376279538,0.6897556400718565,0.8597872257232666,0.821472483988694,0.6931799334158086,0.8841794049401437,0.9199209610118002,0.884008109430673,0.8808515071868896,0.8958118391930084,0.9791204562270733,0.9598128930213562,0.8490819847732338,0.7506765864631768,0.8703656792640686,0.8175182210206239,0.9524670510009005,0.8543823861173991
708,0,1,0.3872708934881214,0.40973475496649936,0.39165836572647095,0.37008457637169506,0.33370310256150015,0.4311736678144416,0.4134650939058465,0.44954145839323656,0.447156697511673,0.5076226887282705,0.20941571652166355,0.4535889083743892,0.3517722008636116,0.3917613226400739,0.4084431231021881,0.34262785316315886,0.08279831689202095,0.533230388520616,0.36290840252320333,0.39583976278248817,0.4062579870223999,0.3617837024654324,0.2670009279388825,0.38365963240681367,0.3855515427839361,0.43484896552352487,0.3854236304759979,0.3645452405587577,0.2833957175560307,0.4595441598053692,0.3858643907897338,0.4129774726663352,0.40464264154434204,0.40350625821810926,0.14921111423976188,0.5589844672801207,0.3836034404048564,0.4301966002699249,0.39584019780158997,0.4281674578550967,0.15592695355727415,0.5078859925403963
709,0,1,0.9105815276113935,0.8195335704288705,0.9019784331321716,0.9068081317237592,0.9665845944749631,0.9580029082972027,0.9075755628792599,0.8040573719820127,0.9143666625022888,0.8829258560203698,0.9789147739868803,0.957613149904748,0.882253447541882,0.8509447904917087,0.9160701036453247,0.8994755248886411,0.9839753703580035,0.7608014483257324,0.9418392248887149,0.8861659040439455,0.9345518946647644,0.9240345357681008,0.9982425907493239,0.9662011992174396,0.924102036899366,0.8437405161541165,0.9134962558746338,0.9353178228048195,0.9640016984888327,0.9639538911744274,0.9109466747364273,0.8741645571410422,0.9511839151382446,0.92232561165123,0.997010939594419,0.8100483501572004,0.9303322515914811,0.8804241108892868,0.9413723945617676,0.9004372391862808,0.9988477400821693,0.9305797732379014
710,2,1,0.949972327216968,0.9278373769653816,0.9534488320350647,0.9296757456983221,0.9991478383572628,0.9397518430288087,0.9609377451045239,0.9314846828805685,0.9415790438652039,0.9665376952551699,0.9995854925342157,0.9655018109874617,0.9524205039249957,0.933186288129356,0.9428043961524963,0.9142256965086214,0.9996140577400651,0.9722720810944396,0.9618502833085556,0.9506337387633444,0.9579616785049438,0.9443376021026602,0.9969711994404794,0.9593471977313495,0.963788744274973,0.9380302921169589,0.9498431086540222,0.954012888567223,0.9985067968439766,0.9785506351926841,0.9709762282080833,0.9549289755497744,0.9590991139411926,0.9476292535777844,0.9991171424901416,0.9941066554815234,0.9751267672379498,0.9533231787882933,0.9652048349380493,0.960286702729249,0.998279497749229,0.9985396219849287
711,4,1,0.949109894890151,0.9219814549510708,0.9364309310913086,0.9571310485090906,0.9971564351705836,0.9328496047287015,0.952918182493687,0.9175491843401749,0.9358640313148499,0.9535042826394751,0.9994272677425199,0.9582461464314156,0.9567570084903076,0.9300458274010235,0.9325231313705444,0.9626943520651083,0.995924129483009,0.9625976021318531,0.9644943029346565,0.9339327371924121,0.9487504959106445,0.9641730522849354,0.9929839871914541,0.9826312420938368,0.9527037106112713,0.9245128899222909,0.9386916756629944,0.9647787765917204,0.9970296569379092,0.9385055539414421,0.969164438088271,0.9465229991752662,0.9367187023162842,0.9681418728012637,0.9975120260066624,0.9969265901418785,0.9706106759376141,0.9465646601953228,0.9440804719924927,0.969776476306635,0.9972011126219623,0.9954306585716578
712,1,0,0.355181831102934,0.488021954186133,0.4763665795326233,0.3849709532203556,0.1424197964609187,0.2841298721146395,0.34794500311671717,0.34771242799796614,0.5034985542297363,0.37672374076603515,0.11728952148667073,0.39450077110317766,0.40254156650157036,0.4903185039781875,0.47515419125556946,0.3860047213256482,0.3106097536199506,0.350620662328496,0.35650259114226396,0.45221453325670247,0.5036043524742126,0.4117008311156879,0.1689118046585451,0.24608143420617148,0.36264110296295105,0.4986019768910902,0.4789625108242035,0.38528942554174556,0.14430907432830095,0.3060425272294153,0.4126779574429983,0.4092245877681731,0.5518450736999512,0.44496346922299007,0.28729346095823954,0.3700631955656375,0.3920815486794616,0.40246179992386105,0.5476886630058289,0.36990985618598105,0.25823250075377047,0.3821149235278665
713,2,1,0.13158052929916153,0.09623120158209951,0.08099072426557541,0.19463813356661494,0.0037379832644159504,0.2823046038171018,0.1273948269104296,0.08509552883366982,0.07438040524721146,0.21021431811273972,0.009436202867197629,0.2578476794913294,0.16666905328154175,0.1298192397345718,0.09041021764278412,0.2972751575447337,0.00266697084580378,0.3131736806398153,0.1188945606474658,0.09316599104756672,0.10238292068243027,0.2407638936917671,0.0023081019290570955,0.15585189588650783,0.1345038619031923,0.10502854794294177,0.08274079859256744,0.26753856415014854,0.002326544729104371,0.2148848541011994,0.11360175993488801,0.091095627193734,0.1007356196641922,0.209139729938816,0.0020037956099665465,0.16503402726773125,0.10621414155205793,0.11796976150699587,0.09918870776891708,0.22746588915861907,0.0062197979263932225,0.08022655139936438
714,3,0,0.09602539434718736,0.11150434706913598,0.1784004420042038,0.11911437849626341,0.002877358223228005,0.06823044594310562,0.08796456752163122,0.10878686536489371,0.15397687256336212,0.10060003457121637,0.002285930944287993,0.07417313416439596,0.08039008427491177,0.10167859494183634,0.1537880003452301,0.09403303623241338,0.0025404769648168174,0.04991031289026226,0.11232972153295295,0.12770562787927978,0.17206603288650513,0.13291948502656395,0.005544678942383405,0.12341278293003255,0.09275364204107453,0.11192469677925347,0.16498975455760956,0.11481025752428484,0.003053436811736443,0.06899006453248842,0.08860361083227536,0.10050850922670683,0.12283340841531754,0.10707076874897167,0.005328313796436714,0.10727705397394399,0.0914198967707869,0.10361346639517019,0.12565110623836517,0.1102042771830831,0.003806131052727143,0.11382450298458885
715,4,0,0.0558619029536905,0.08502166466336569,0.07522163540124893,0.06861722325482382,0.0028888560099724855,0.04756013543904155,0.059101419687604316,0.0883938652739387,0.08535970747470856,0.07251767157290921,0.002852716003673849,0.046383138112791295,0.05076492533528061,0.08010968156322784,0.06853866577148438,0.06820865193355048,0.002089061778513739,0.034878565629626636,0.04697741672216427,0.08464142049769871,0.07100192457437515,0.06627930905750876,0.001778421506864056,0.011186007974374669,0.061224605450799885,0.085820174415994,0.07482457160949707,0.08418119891855973,0.0037693875295061277,0.057527694780442534,0.05058218224634008,0.08372832989987339,0.08882800489664078,0.07011177550688868,0.001578710581708859,0.00866409034658868,0.04950821635118717,0.08695498167261127,0.08051136881113052,0.06910317275551045,0.0018707672549003623,0.009100791261783227
716,1,0,0.11275476506170763,0.12599019584180837,0.15897883474826813,0.1390282650369459,0.008370533871400304,0.13140599581011547,0.18267733759465749,0.18758878399857418,0.27225059270858765,0.20430148680306734,0.05148742003439281,0.1977584044286656,0.12132776689626193,0.1255173395669338,0.16719970107078552,0.15632438787568617,0.018664640198898193,0.138932765769006,0.09757718429874053,0.11027042508922712,0.15607473254203796,0.13507960116177434,0.008591963348852134,0.07786919935181108,0.10733555097478815,0.1195645327800603,0.139024019241333,0.1472593409659778,0.009708479464314159,0.12112138242225545,0.189057357699902,0.19499738654005494,0.30895745754241943,0.18735338403547708,0.08612823108032003,0.16785032930123867,0.1720470814854046,0.192015643294647,0.28304341435432434,0.17419151849896808,0.09877265302418513,0.1122121782548984
717,2,1,0.9537573496633378,0.9357894653812464,0.9358677268028259,0.9434794248774773,0.9936778383896862,0.9599722928654534,0.9610780079277845,0.9413450924363408,0.933141827583313,0.9678208503628836,0.9982957006474243,0.964786568608961,0.9510761841243646,0.9230791553467372,0.9320324659347534,0.9497727570401846,0.9980734989169137,0.9524230433832338,0.9674169558211643,0.9469905913218954,0.9455697536468506,0.9655933412238344,0.9988814399054691,0.9800496530077714,0.9606225906345269,0.9378353833765765,0.9529818892478943,0.9609850019653684,0.9971389682822537,0.9541717103005422,0.9641083284791838,0.9372068620170624,0.937524139881134,0.9603687908230044,0.9998982938902363,0.9855435557844819,0.9693760008932604,0.941432728808427,0.9482124447822571,0.968875359226259,0.9994703348787515,0.9888891367706076
718,2,1,0.8818312682344406,0.8360184579374128,0.836184024810791,0.8698294177939327,0.9178479165262442,0.949276524103822,0.8467102116469828,0.8364434070552563,0.8195804357528687,0.9010558410786983,0.7152669931191415,0.9612043812289495,0.8815190573274563,0.8625431925496374,0.8515134453773499,0.9113584139659332,0.8166154574744351,0.965564777269926,0.9077367565840792,0.8575161778243726,0.8508122563362122,0.892968074352958,0.9462266100385429,0.9911606643683097,0.8938428662672422,0.8403888616891738,0.8304111957550049,0.8644362131160555,0.9853631383094872,0.9486149224664903,0.9275075303670137,0.882948492495391,0.8743807673454285,0.9233547247903197,0.9594746599660808,0.997379007237849,0.9169360061039008,0.8683092508877955,0.8581555485725403,0.9037763452983893,0.9595338256599838,0.994905060100795
719,0,0,0.08766946804155348,0.10608347103760031,0.11303675919771194,0.12238117329008785,0.005629025283004156,0.09121691139936322,0.07839441467603928,0.09907422495705319,0.0963464230298996,0.1037414232959469,0.005724853566709813,0.08708514853058678,0.06696869287954424,0.10234784505659819,0.1009414866566658,0.10666059536095533,0.0017540408721666467,0.02313949645133522,0.098766284338294,0.10007196999221128,0.1098262295126915,0.1218463355826758,0.0020930262130748416,0.15999386039081653,0.0902455027584648,0.11211787987918032,0.11305558681488037,0.11175456908082837,0.006227839494823373,0.10807163852261151,0.0683169273976199,0.09581178089052868,0.08819416910409927,0.11405823888141715,0.001177773097025615,0.0423426750150288,0.07625245924603076,0.09255227106710572,0.08688589185476303,0.14156326899172988,0.0011555473497155402,0.059105316966839634
720,1,0,0.0702568435314354,0.09395238546879472,0.09096183627843857,0.10225284210620168,0.004224391307149522,0.05989276249659246,0.06985907767741961,0.09226459416238816,0.09084594249725342,0.09945398877526421,0.002741254547827824,0.06398960840436443,0.06507328159461068,0.08554389132381167,0.10054752975702286,0.07263852698876795,0.0034869647568092094,0.06314949514664167,0.07299176156043988,0.10316901304075331,0.08745678514242172,0.09941680754472218,0.005378686691940061,0.06953751538236211,0.07107900317986676,0.09420831261028338,0.09573587030172348,0.10050538573500473,0.004857087057862802,0.06008836019445939,0.07319610805702784,0.09625913472847858,0.11587026715278625,0.0891697067163444,0.002146296901463951,0.06253513478606604,0.07769740131926409,0.09325531888957361,0.12033369392156601,0.09453570094062529,0.003719390854357749,0.07664290199019781
721,2,1,0.9685576303351653,0.9441710626090434,0.9672709703445435,0.9662000740993729,0.9992897524603779,0.9658562921624881,0.9686917056580194,0.9436091644995566,0.9662948846817017,0.9642689653441134,0.9990176595448396,0.9702678542198856,0.9564803145132348,0.9342530881138585,0.9528399109840393,0.9182585406835477,0.9989109900109737,0.9781390427737553,0.9777408516677248,0.9452662848668774,0.9678174257278442,0.9807829580431365,0.9994397322570059,0.9953978574437599,0.9748840972379161,0.94429922941656,0.9660915732383728,0.9773954617434263,0.9982951232558559,0.9883390985353657,0.9654741337486061,0.9323825970031961,0.9539126753807068,0.9467184046865447,0.998356725532893,0.9960002661396901,0.9704801871381331,0.9354788600072579,0.958962082862854,0.9612877332720974,0.9982944860524879,0.9983777734959685
722,1,0,0.06237899300378648,0.08976592801151763,0.08849900960922241,0.09434539444170816,0.0030757767327668673,0.03620885622371732,0.06077450093850935,0.08798693297295435,0.09180407971143723,0.08793471175249347,0.0026776627611580736,0.03346911749450363,0.0642017540275707,0.08790344288167835,0.076194629073143,0.09568292806677436,0.0010392474872756667,0.060188522628982104,0.06592592375605193,0.08500737537294514,0.09698542207479477,0.1129029505861463,0.002334163775564664,0.0323997069708088,0.06246661956945515,0.08276196823787521,0.0822308361530304,0.10446340067606594,0.0025902108969563845,0.04028668188334782,0.07291880836094417,0.08877170141342845,0.08482921868562698,0.13277739085346296,0.0012871378927257803,0.05692859295947666,0.07588374423563803,0.0915020261492457,0.08590320497751236,0.12182834430099582,0.0023478661440374843,0.0778372796063988
723,4,0,0.08250854984373393,0.09868007017507294,0.09389329701662064,0.10123766524764921,0.004965636747001602,0.11376608003232523,0.0846945207633003,0.09832852418053895,0.09088365733623505,0.10905904269918325,0.003251664228412256,0.12194971537213194,0.08618438760293443,0.09945879995632462,0.10638070851564407,0.10592703195125605,0.003801096079911142,0.11535430151153633,0.06873110218237284,0.0956873626732202,0.08963090926408768,0.10626435543980026,0.0033433585721338536,0.04872952496262219,0.08421390293460308,0.09871099622862473,0.10273592174053192,0.10501648187562364,0.002750951310259256,0.11185516351797585,0.07148296196208977,0.09594938010491778,0.09051422774791718,0.10460080539755325,0.002974639637677193,0.06337575692238342,0.07192939899005653,0.09600418598065161,0.0904977023601532,0.10499516740061102,0.002478496710663956,0.06567144249820285
724,0,0,0.08965740445182632,0.1087242351943819,0.12868830561637878,0.12239874307846683,0.0029958337407636677,0.08547990462914039,0.09174077609026757,0.11463852457036948,0.12474279850721359,0.12847279725527347,0.002824560715921934,0.08802519940255929,0.09038937671751635,0.10171984000653056,0.12592807412147522,0.12757380824994624,0.004688559314386708,0.09203660189524297,0.0818712015631814,0.10976321740191262,0.12796011567115784,0.13682559779942163,0.0013658351525065676,0.03344124179090834,0.08534039662158797,0.10357389483256374,0.11811517924070358,0.112726846165532,0.0029193253260294803,0.08936673754311114,0.07799215646201563,0.10549767368577577,0.13318389654159546,0.11267448251948078,0.002170755318495613,0.036433974244730535,0.07725536421522232,0.1033814251444375,0.1265471875667572,0.11667753604542153,0.002615869959848723,0.037054802359646644
725,0,1,0.6706150628315298,0.6004576526598288,0.6719913482666016,0.6275531720236899,0.6843593871069306,0.7687137541005984,0.6374622182920836,0.6156705541343752,0.6196118593215942,0.6572431193055011,0.5187171219093837,0.7760684367895643,0.6483551549570975,0.6537636304927842,0.6656618714332581,0.5653796846933932,0.5761715356025253,0.7807990525635266,0.6948506616023715,0.7034493963400926,0.7405207753181458,0.5625304489803377,0.688842528141364,0.7789101592319175,0.6385885911177202,0.6737717855365322,0.7099248170852661,0.6535752443585239,0.4423120319038338,0.713359076704445,0.7503802863335657,0.6975681737442988,0.7057640552520752,0.6114836290600065,0.9156955338603063,0.8213900397511416,0.755107695768791,0.7221202150116806,0.7370554804801941,0.6724336415001791,0.9149749455123909,0.7289541963395104
726,2,0,0.04128551162763345,0.08792978185671871,0.062025900930166245,0.03134933452159387,0.002226053762564818,0.02289648706712361,0.038368723996036934,0.07934751541621919,0.0552034005522728,0.03664033189179962,0.0007946576037973895,0.019857714516095703,0.044152800961055824,0.09350837888586319,0.06357390433549881,0.04596208288943532,0.003213839457179957,0.014505799237301822,0.04302546807101453,0.08792630130490248,0.059906210750341415,0.04040182149589107,0.0016385519103916584,0.025254454893546042,0.04368390775108534,0.08736449674697401,0.06970362365245819,0.0531191365040475,0.001409971907130001,0.006822309944817022,0.04212412947552458,0.08929662442877065,0.05787690356373787,0.048706496285105455,0.00047999850374174204,0.014260624596267167,0.03979265855774722,0.08448350268249795,0.060174789279699326,0.0502536286532838,0.0006329096061971519,0.003418462567057855
727,3,1,0.8241497156686874,0.8389275489118235,0.8535085320472717,0.8108157103506136,0.932796197735167,0.6847005892985609,0.8267501697041185,0.8448501274708502,0.8723623752593994,0.7993895014961053,0.9650837443273902,0.6520650999668475,0.8486726435456735,0.8296170106992459,0.8499345779418945,0.8052060447395539,0.9137210243251617,0.8448845600225119,0.8401207451686356,0.8365946052519914,0.8501772284507751,0.8310098465520854,0.9737630203138221,0.7090590252745037,0.8328574334805671,0.8414454437252837,0.8515627384185791,0.8270282279452615,0.904393349383512,0.7398574079301985,0.8619144519364497,0.8198248181287703,0.85968416929245,0.8218386725527588,0.9511939167529796,0.8570306829552894,0.8375204636081126,0.8143571505787083,0.8357101678848267,0.7933438214137701,0.9332653531179939,0.8109258250452636
728,3,1,0.7025264829235047,0.7126551410754356,0.6875743269920349,0.6623734239403275,0.7083126880759737,0.7417168345337517,0.6982508704921424,0.6910521942730269,0.6941176652908325,0.6503858448093529,0.7117214666358527,0.743977181451647,0.6996519439991948,0.714861334074025,0.7009209394454956,0.6677496907271528,0.6663251141649992,0.7484026415843017,0.6573460569082412,0.6938161136053872,0.6726383566856384,0.6527163343835214,0.6120021114662817,0.6555573684003767,0.6969652198838902,0.7010894650251502,0.6937354207038879,0.6811609510344302,0.6527993293721439,0.7560409332838386,0.6608576196596145,0.6762195307075661,0.6827422380447388,0.6394760933279232,0.6486075137506503,0.6572427224671946,0.6478201598286729,0.6733674946733672,0.6674161553382874,0.638428435885308,0.5818655515552881,0.6780231616911137
729,3,0,0.07709064760953824,0.0935510287966993,0.09214698523283005,0.12175100400161039,0.002710623733114626,0.07529359628343676,0.08525579476023262,0.1011538449818528,0.10631074011325836,0.13344618929737423,0.001214866662039159,0.08415333274663847,0.08009227660482843,0.09223578173485793,0.0863589495420456,0.18033479495775356,0.0009069386650790566,0.040624918124406016,0.055185620235822505,0.0899803473198622,0.07622425258159637,0.08471538010502679,0.000878414586249366,0.0241297065863778,0.0811247914600057,0.09609479622230897,0.09013164043426514,0.13357107693008596,0.0023500054312201413,0.08347643828214822,0.06941489947762831,0.10166304763719067,0.09215639531612396,0.14122829273416726,0.0005870494019824941,0.011439712298677114,0.06676358979212503,0.10072101029810633,0.08770199865102768,0.1334517184145811,0.001997323729191579,0.009945897867718477
730,0,0,0.548396929277413,0.6185343097443937,0.5584843158721924,0.6121812001282482,0.4676349487953801,0.48514987184685093,0.5770689102645896,0.6424109097489806,0.595210075378418,0.5785140628891488,0.589817491597532,0.47939201170886897,0.6203048857246503,0.6651274400489048,0.608068585395813,0.6356382816059718,0.4811723488712933,0.7115177727012681,0.5170786754458431,0.6150879763168349,0.5957778692245483,0.5384886318592946,0.4410331831755413,0.3950057166529959,0.5428558172512465,0.6185872590801751,0.5585728287696838,0.5859951380032911,0.4688473238408739,0.4822765365622087,0.5694528610553111,0.6449733803753243,0.6202636361122131,0.5791604498330422,0.3640521444920833,0.6388146944638927,0.5690501423263791,0.6144981497082882,0.6272773146629333,0.5901682721320444,0.30639122612232245,0.7069157490063072
731,1,1,0.9760314779244791,0.9468838113418996,0.9684635996818542,0.9729161788309589,0.9985661620196947,0.9933276377479873,0.9750203442740751,0.9424235363281472,0.96431565284729,0.9770892920099169,0.9993821093525456,0.9918911308324758,0.9640017756980968,0.9377763090737647,0.9605969786643982,0.9675156968152029,0.9986157707720876,0.9555041231650303,0.9802535223156557,0.9558199801277381,0.9729740023612976,0.9790507631520619,0.9969603008485605,0.9964625650886201,0.9710258965792022,0.9433136066973222,0.9630798101425171,0.9784688476969325,0.998930624801198,0.9713365935580406,0.9706436536792629,0.9483911848132885,0.9665549993515015,0.9636189045260842,0.9986921225440019,0.9759610571614384,0.966314715300799,0.9449635369470933,0.9636227488517761,0.9603134226602656,0.9974725760542484,0.9652012919906116
732,2,0,0.6648934805649614,0.7037522267742319,0.6050115823745728,0.4719883769200337,0.9127412335092228,0.6309739832467459,0.6452673970078395,0.7454400868202047,0.6635506749153137,0.5304108854609956,0.6280066458180564,0.6589286920246276,0.7007242070881706,0.7109478970428351,0.6679717302322388,0.5699388678705395,0.7443417397711231,0.8104208005241169,0.6350382023460279,0.7938491245929655,0.7753709554672241,0.512791385551195,0.9227673529809677,0.17041219313778794,0.7311763374380493,0.721280452760032,0.6535026431083679,0.5113405256578152,0.8763735952712025,0.8933844703928295,0.7017984147267998,0.8015446073027263,0.7429549694061279,0.640684286094198,0.9349847369110504,0.38882347391989674,0.775884801776926,0.8110152332307343,0.7853224873542786,0.5727597548315229,0.877613125320072,0.832713408148022
733,0,0,0.0649266238610001,0.09745727807210958,0.07998360693454742,0.08915825057357803,0.0029958337407636677,0.05503814998400177,0.06621222625957592,0.09374907309615188,0.08427192270755768,0.10371512537105339,0.002824560715921934,0.04650044940719471,0.06946550327535331,0.09286694010199799,0.09906813502311707,0.09440551114023624,0.0015743606801347128,0.059412569431280544,0.06355632658663175,0.09970315464844524,0.09122144430875778,0.06884174697948295,0.004431280684430871,0.05358400631204183,0.06645625211947043,0.10147230540387821,0.08594411611557007,0.09098372366246521,0.0027662865389564088,0.05111482887648227,0.06656530790927347,0.0980100189837053,0.09507174044847488,0.08622170916917539,0.005386340147185881,0.04813673079782589,0.06551988053223137,0.0976125468280012,0.08872411400079727,0.08897945449395589,0.005143026901799392,0.047140260436603146
734,1,0,0.10773146025858324,0.11513406420352187,0.09695196896791458,0.13713577446586658,0.005158628288424005,0.18427686536718918,0.1111294746756025,0.11731953278604185,0.10605884343385696,0.13959592124553363,0.0072426871740848865,0.18543038873849527,0.10823510426530839,0.11274161874602218,0.10727651417255402,0.13858705126902374,0.005155153696515131,0.17741518344242682,0.0846527685273125,0.11723657306533554,0.09784261137247086,0.11454983438880395,0.005334300493386439,0.08830052331656574,0.10716167870495925,0.11418625483907072,0.10458236932754517,0.13776049710867144,0.004866600163417073,0.17441267208609187,0.08608860035624198,0.11346419127968109,0.10301154106855392,0.11404985867138556,0.002688423318358029,0.09722898744323134,0.08658535143487615,0.11487913466036627,0.10100498795509338,0.11495340496068669,0.0046721061689516535,0.09741712342928281
735,0,0,0.09904888660575996,0.10245353422568766,0.08706232905387878,0.13148268820691703,0.0029958337407636677,0.17125004780155262,0.10345041270125692,0.10412279565375815,0.09151718765497208,0.1366333345860121,0.002824560715921934,0.18215418489562035,0.10140740982835597,0.10501490528686648,0.09191401302814484,0.13335311887446732,0.004688559314386708,0.17206645263791445,0.07740468562000255,0.09868056380448742,0.08511575311422348,0.11736698224794753,0.0010277858911535592,0.08483234304220083,0.09995341513120243,0.09896785249941442,0.0848536342382431,0.14269407144712984,0.0029193253260294803,0.1703321921451953,0.08220377796968249,0.10606407533323219,0.09739815443754196,0.11499299113520987,0.002077936783906663,0.09048573215852172,0.08207419035015198,0.10430869553867761,0.09830741584300995,0.11856295037563888,0.002436671881320934,0.08675521811211254
736,3,0,0.07253243993652352,0.08684883136436539,0.10738170146942139,0.1096820770055992,0.002444421391639483,0.0563051684515922,0.06842395837539236,0.09164912783935557,0.09925715625286102,0.09920692434086154,0.0005828523702606078,0.051423731073623045,0.1151412324813628,0.12710706065139027,0.18651744723320007,0.17933788195282138,0.003951261551872875,0.0787925110175295,0.08554603059250884,0.09836908189290015,0.1143084391951561,0.11180404230483441,0.008503494771396352,0.09474509479825717,0.07505775002863271,0.08729295968842808,0.11395663768053055,0.10688352535087152,0.003053436811736443,0.06410219061159693,0.10817355289806588,0.12760220597961158,0.17673656344413757,0.15358172276947654,0.001598334342110558,0.08134893795499311,0.12089206565738697,0.13018747163876634,0.20716066658496857,0.1526875121443744,0.0029804445894236233,0.11144423332940195
737,1,0,0.03527995129321429,0.04621115052400843,0.07138317078351974,0.044166132207303914,0.0018609233775038591,0.012778379573735505,0.03436992517005238,0.04108799345394926,0.06129287928342819,0.052306274491083396,0.0025173782570748027,0.01464510036472627,0.03295051195710644,0.04763621551713326,0.06700143218040466,0.04114818962508465,0.0003627694707963941,0.008603952992113214,0.03255251378909429,0.05319414089180371,0.05397913604974747,0.04491686804299341,0.0022928659525321467,0.008379558008394716,0.021273508128019078,0.04034486786859568,0.03919807821512222,0.025004290700242068,0.0008544985081767343,0.0009658053479586842,0.02923939557660692,0.05029585967370821,0.04735669493675232,0.04328367025048815,0.0002852798360679963,0.004975473186017936,0.02042444418245831,0.04416851602593257,0.03742583841085434,0.01943701719251318,0.000811738069138097,0.00027911121385335903
738,0,1,0.588823828964926,0.7146718672975887,0.5156375169754028,0.5454378477198735,0.31070261970616797,0.8576692931255974,0.5974396748477572,0.7343080049864542,0.5562750101089478,0.4552875172176298,0.3879427407271575,0.8533851011985962,0.47361673275554994,0.6458119064251602,0.44036510586738586,0.46497920465278997,0.084719864110764,0.7322075827216492,0.5242644859688902,0.7171689397753269,0.48225125670433044,0.5653084806903363,0.4447414531168756,0.4118522995575814,0.5640468646032076,0.7026805786432199,0.5219016671180725,0.5137993365496979,0.24668434146899737,0.83516839923605,0.4388101348577368,0.6622090704317445,0.4629722833633423,0.5296830580070201,0.3081357773330311,0.23105048515354587,0.509276771353752,0.6062626621178826,0.5014550089836121,0.5223773555961093,0.3729220437974841,0.5433667862736717
739,4,0,0.07422758562822038,0.09962528495367212,0.098422110080719,0.10060556712542246,0.0028888560099724855,0.06959610997131582,0.073511929357637,0.10011126343444812,0.09687312692403793,0.10283053508363565,0.003911927412935617,0.06383279393312762,0.07503369629077564,0.10056335954594377,0.10330086946487427,0.10349749474927561,0.003871084330102834,0.06393567336368172,0.0884430830840063,0.09955118359009645,0.107248455286026,0.1028840612699403,0.004389967079428416,0.12814174819454027,0.07404928756655867,0.10177566912784602,0.09867839515209198,0.09792745089160043,0.004313160169980735,0.06755176249127416,0.0811611641527605,0.0957829387493566,0.10765351355075836,0.09962420258546639,0.004559630884539381,0.09818553499368185,0.08460666101172723,0.09650641834971997,0.11614108085632324,0.11268647280350154,0.0033393471113804347,0.09435998593771099
740,1,0,0.07756605784335627,0.10694554713370108,0.09562119841575623,0.10565968699840966,0.004224391307149522,0.0753794653617648,0.07560148988794675,0.10181182570600664,0.09502668678760529,0.10196530159782405,0.004269400788881147,0.07493423455941658,0.07676470917336274,0.10052761831006726,0.10565529018640518,0.10440563070038325,0.003922103392899125,0.06931290327705891,0.08725761569876997,0.10596950136214267,0.10332626104354858,0.11226321369102672,0.0035968732630452154,0.11113222913408673,0.07797070897326777,0.1056122208847105,0.10088642686605453,0.10621378347745546,0.003663829534618988,0.07347728410349937,0.08270799082232479,0.1006571151415709,0.09895225614309311,0.10972950287925452,0.0055072547052474555,0.09869382524245797,0.0823676429602787,0.1009469833886488,0.10270469635725021,0.10839352100743871,0.004301790032198723,0.09549122401585701
741,4,1,0.4773639197487132,0.4637939239685016,0.4793354570865631,0.3870273694912446,0.5298599011895777,0.5268029470076788,0.432222370918063,0.48784190352800016,0.4713870584964752,0.40377238848445585,0.23543330590847808,0.5626771981729053,0.4255417409586487,0.47311878514876277,0.4878022372722626,0.3767747245340147,0.2418773646247627,0.5481355932134405,0.42634512230121,0.4655693160273829,0.49918559193611145,0.42382354702887204,0.2484894313521267,0.49465772516155715,0.436602257131627,0.49850955570932437,0.5022081136703491,0.4127839418814767,0.23934082024295125,0.5301688541540336,0.41147907499014746,0.4570219630283268,0.4982107877731323,0.37844231935672207,0.15303420621085173,0.5706860985817045,0.42364780084511305,0.4479851108212127,0.5041217803955078,0.4223182693633724,0.13199773070558685,0.6118161129398855
742,3,0,0.5461990422330416,0.6994790228367851,0.6471622586250305,0.5065481859429873,0.4354132021536653,0.4423925416067396,0.6643431631004348,0.7226122083165519,0.8093419671058655,0.5319364360890094,0.8306362782434434,0.42718892574730366,0.566206597436831,0.7078344022533177,0.6327035427093506,0.4391079941554315,0.7602078990026825,0.2911791490633722,0.4626674747795029,0.49358993429133263,0.5252925157546997,0.45746409480091516,0.3424831359070138,0.4945076931435532,0.5212215785196693,0.7083005150052835,0.7025678157806396,0.5412796324884808,0.2680683280293794,0.3858916012945631,0.5578836259371516,0.6360529683408227,0.7406342625617981,0.46234015704339715,0.6553989723260731,0.2949917694136669,0.5503402880899022,0.6823730770285422,0.7268505692481995,0.5256780720847173,0.5170134097540582,0.2997863123339934
743,3,1,0.9383006408325019,0.8669196886569592,0.9478734731674194,0.9592077479268546,0.9779708213953618,0.9395314730159138,0.9488647941725932,0.8879942003079487,0.9386063814163208,0.960535089275496,0.9959985389123212,0.961189760950879,0.9456240191777843,0.9012520276862109,0.9485585689544678,0.925412812162207,0.982766709728103,0.970129977357932,0.9341830453228577,0.8972962198203419,0.9516521096229553,0.9478915003914883,0.9755036430298255,0.8985717537496771,0.9549549280441532,0.8949918081525023,0.954628586769104,0.9530602693966606,0.9893349949407033,0.9827589809617958,0.9533923720115671,0.8942022864111046,0.9426529407501221,0.9460490355311469,0.9975323966724772,0.9865252006929853,0.9612150808526158,0.8997266009515262,0.9600052237510681,0.9579510963408162,0.9965566712374485,0.9918358119822203
744,2,0,0.06573582600081272,0.09508542583748135,0.09035900235176086,0.10305652582513498,0.0036783711131862704,0.036499804876500154,0.05997915090149786,0.09154835678557768,0.07700898498296738,0.10151416062841905,0.001956640337118696,0.02786761177340651,0.06626487979466637,0.10024662249092735,0.08761129528284073,0.11885481836720302,0.0033055404942324176,0.02130612233812834,0.06574386085968784,0.09065064397698,0.0906149223446846,0.09153727686053202,0.002386720349182249,0.05352974076706033,0.06820212465035017,0.09413537819051823,0.0908399298787117,0.10807355162689766,0.004315651615726638,0.04364611193989665,0.06454395620664444,0.09253651652245463,0.08423688262701035,0.12624057814349693,0.0004690772609108391,0.019236726479349407,0.06575839030689369,0.09207717351102274,0.08060469478368759,0.12568122283389488,0.0007519665847504416,0.02967689382111276
745,2,1,0.26294986776036877,0.4446284612681691,0.16283279657363892,0.3429422153285335,0.020353994827404354,0.3439918708040982,0.26268030061290554,0.46898433708543297,0.1410047858953476,0.36481032049396445,0.023814069231806474,0.31478799035797617,0.25324196168209795,0.4358328448836682,0.17252545058727264,0.29937471651022607,0.015772958155351964,0.34270383827397094,0.3030985906385743,0.48080134149504883,0.16105343401432037,0.32417863498671207,0.13212336080019632,0.417336181896594,0.2605690355223035,0.4534050802237701,0.1626780927181244,0.3277375048051268,0.010119726307744874,0.3489047735567514,0.24253084245112833,0.3968103562903653,0.14138944447040558,0.26474406008233203,0.02167830322887016,0.38803204818366843,0.24899983663821645,0.4282564501403052,0.13407203555107117,0.2995933991503759,0.009739925843801818,0.37333737250552834
746,4,0,0.428591460788004,0.4562521352431884,0.3913876712322235,0.6336095574123182,0.27100293124605523,0.3907050088062346,0.4149420428625696,0.432048730740874,0.37162354588508606,0.70969496168858,0.16557054892377843,0.3957724270745292,0.4886383047525844,0.4677722947305017,0.40744855999946594,0.6456281825316689,0.46847766368412785,0.4538648228171577,0.4938567874662211,0.38057100215751455,0.3362118601799011,0.5378126316910521,0.30137976160747443,0.9133086816951633,0.4293795304508352,0.46514850378407463,0.37488698959350586,0.5893661627902141,0.3538016733118035,0.3636943227745781,0.5456934358145997,0.39012793160268266,0.39620158076286316,0.5946817848410093,0.4512596680924639,0.8961962137739796,0.46657041230935736,0.3681877607527902,0.3928844630718231,0.5145674814293203,0.16766936281062453,0.8895429934822289
747,4,0,0.12141067252017652,0.1235770011608606,0.13081887364387512,0.1743028340641858,0.01620212580017773,0.1621525279317834,0.1216505794489274,0.11698624390004046,0.1252375692129135,0.18207669801314078,0.01836662105908542,0.16558576505945685,0.1313581197474733,0.124633785790211,0.13122302293777466,0.20450494165178007,0.028797397963021453,0.16763145039457927,0.17670295781421616,0.1479775378787615,0.1473592221736908,0.2988108152974547,0.0478917764288875,0.2414754372922862,0.13292553888058373,0.1393056227786737,0.12210050970315933,0.20819958468350203,0.01742264284422496,0.17759933439335865,0.22426862955089835,0.13554698588270417,0.13887299597263336,0.30441156524043556,0.20912648515728768,0.3333851155014309,0.2497782186493776,0.15265020578308938,0.18302302062511444,0.34080486936487986,0.24955559040964048,0.3228574070641639
748,3,1,0.7820975247477006,0.8075495091532051,0.8303176760673523,0.7690957089670022,0.7377513892459533,0.7657733403049902,0.7778332652474841,0.80282311268566,0.8158548474311829,0.6973559779386407,0.8446092372817079,0.7285231509002295,0.7798670068778822,0.8005590758906619,0.8195949196815491,0.7561597426293721,0.7557200716042379,0.7673012245835902,0.8864054128471107,0.8511105731149157,0.8516963124275208,0.8450814969295848,0.9362186090207089,0.9479200727428235,0.7768233385395502,0.7988439806568309,0.8114556670188904,0.7516649789538136,0.7523447242277572,0.7698073418404587,0.87886972694685,0.8419777988873552,0.8354016542434692,0.8158857900606873,0.9415033388398494,0.9595800527028883,0.8751525062405816,0.8277631630178063,0.8418824076652527,0.8122328930889747,0.9346458052001834,0.9592382622306911
749,3,0,0.48940708376919534,0.566374314897734,0.6060935854911804,0.46364358848941206,0.28093627190106146,0.5299876580665887,0.42540724572046146,0.5043201640320915,0.4725453555583954,0.4465404803502263,0.1984610453565032,0.5051691833050909,0.4880352894062785,0.6381854291254606,0.6090297698974609,0.5696578244058214,0.19728107080205964,0.42602235280059,0.4514091461624258,0.6567680440825681,0.510162353515625,0.4567996031323531,0.1960692116205196,0.4372465184610628,0.4939844455715683,0.5873462628890476,0.624631941318512,0.5032313220973628,0.19858338398076236,0.5561293175721568,0.4340712769481002,0.607295061887612,0.46393874287605286,0.5417025346452549,0.2465125336149052,0.31090751171667624,0.43144340581111695,0.6000216120182775,0.45404869318008423,0.5129063199435693,0.26426771615880473,0.3259726877548489
750,2,0,0.07534466947972351,0.09305076225638557,0.12880028784275055,0.08648766043685964,0.004201303218379632,0.06418333364424218,0.07475341209903395,0.09677106366342013,0.1120566800236702,0.08866233702378055,0.0025076328375955906,0.07376934694670328,0.07970045338098794,0.09543520373835991,0.1386500895023346,0.09441685845541264,0.0041608226226706605,0.06583929258616196,0.08657247688887101,0.09640745132540567,0.12822839617729187,0.09799928425104193,0.013821731843065031,0.09640552084755062,0.07830114535693099,0.09992442852158036,0.11561044305562973,0.09169290416395637,0.004315651615726638,0.0799622994277619,0.08865763134042076,0.0953122710625646,0.11796198785305023,0.08590237234584906,0.003575550072330622,0.1405359753683093,0.09768505666892767,0.09279760618590994,0.12470440566539764,0.08779634254765394,0.002829454057138486,0.18029747488853837
751,3,1,0.8856468512083355,0.8902356509753588,0.9068835973739624,0.868676342673141,0.9908298693440872,0.771608795675128,0.8538576956710756,0.8794872375205194,0.8838887214660645,0.8620398776926311,0.9626346947735388,0.6812379469026245,0.8945321868272165,0.8938242515926981,0.9097883701324463,0.9029775014604098,0.9921824111277912,0.7738883998227372,0.9325348471756678,0.8975725621879618,0.9066770672798157,0.9222655923468406,0.9961998044214585,0.9399592096422621,0.9171679481264711,0.9008356327786113,0.9237309694290161,0.8897267534661075,0.9824393418351871,0.8891070431234336,0.9289380859930935,0.8952501394740742,0.8952764868736267,0.920509711965396,0.9961643396844295,0.9374897519679412,0.9404168218851803,0.9056838837652393,0.8983475565910339,0.9212201830069087,0.9975724416743917,0.9792600443883275
752,3,1,0.9590918721289128,0.9297243812653613,0.9182969927787781,0.9606998834538245,0.9983307199264347,0.9884073832201657,0.9462503370735194,0.901429706688023,0.9094577431678772,0.9373205242679581,0.996872306058069,0.9861714051856693,0.9593487415307631,0.9267990802955641,0.9228326678276062,0.953130930494561,0.9984795143693904,0.9955015146666945,0.9550467058124879,0.9193698444197534,0.9276977777481079,0.9499901793610589,0.9843261672648668,0.9938495602686523,0.959650672714629,0.9342157855698386,0.9213884472846985,0.9544614540887526,0.9967828301367594,0.9914048464930958,0.9379569742542287,0.8993510493765897,0.9232036471366882,0.9101312358980703,0.9588693876787971,0.9982295511809982,0.958154445019163,0.9212223620210711,0.938828706741333,0.9447977052976052,0.9869747960359545,0.9989486549998514
753,1,0,0.08309604946409009,0.12275429102778893,0.1086231991648674,0.11429856775510833,0.004508593951569882,0.06529559542111592,0.08691382088564192,0.1189021647606662,0.11352338641881943,0.12061392446743738,0.0067231890079370036,0.07480643977334962,0.08109246629487561,0.1211432929701646,0.10982733964920044,0.11059041660073321,0.003994362432789035,0.05990691982149077,0.11304887293474435,0.14665238659323404,0.12386273592710495,0.12340476152432603,0.008810426909409617,0.162514053719647,0.08064929180576626,0.11987716409428015,0.10536088049411774,0.10748698402852967,0.004866600163417073,0.06565483024848669,0.12002206028186731,0.13706797376030144,0.13359327614307404,0.11737960437403487,0.007274901345687049,0.20479454578623907,0.11426020788745612,0.11497026692974693,0.113312266767025,0.11946603114063421,0.009802118566210195,0.21375035603366424
754,1,0,0.07935352268273392,0.10694554713370108,0.09591960161924362,0.10682321257993342,0.004224391307149522,0.08285486077364196,0.07533619405342072,0.09999779007657437,0.09547813981771469,0.10357642241617485,0.004269400788881147,0.07335921716775856,0.07759315068414245,0.09880884249361632,0.1039620190858841,0.1050808123536882,0.003922103392899125,0.07619197609462451,0.0813043146769374,0.10596950136214267,0.0986209511756897,0.11264847429057372,0.003014994102946865,0.08626765245333404,0.07900886218514282,0.10485825982716018,0.09809695184230804,0.10863415119228742,0.003663829534618988,0.07979111852933944,0.07492007750697773,0.09883712833132524,0.09172138571739197,0.11228758476459544,0.003993533690765722,0.06776075503081024,0.07254342880746512,0.09929527531532994,0.09454266726970673,0.10155347356698317,0.0033992437000441742,0.06392648418526153
755,2,1,0.9311971694459119,0.9099098180250621,0.937611997127533,0.8869866698966241,0.9966534476843819,0.9248239144959586,0.9307978553309619,0.9059649502651698,0.9247093200683594,0.9180564440430792,0.9976881098788354,0.9075704523993661,0.9248049652465171,0.9056326730224378,0.9092180728912354,0.8625331114224339,0.9982083314047457,0.9484326374917331,0.9492593584822091,0.9181033207026625,0.9323466420173645,0.9397355468564007,0.9974759341640803,0.9586353486705369,0.940062505228193,0.9074995732933363,0.9294084906578064,0.9370970054301357,0.9803468623998023,0.945960594359884,0.9205754007670579,0.8951874913371516,0.8968168497085571,0.883554539468634,0.9826806247530231,0.9446374985679238,0.9263182348284976,0.9079633726480277,0.9056901335716248,0.9012487533114731,0.989752695275732,0.9269362193356312
756,1,1,0.905694317918608,0.9258555279590812,0.9293051362037659,0.8939959117324705,0.9917782761368671,0.7875367375608554,0.8931075225421166,0.9228190798220064,0.9268821477890015,0.8924869624842636,0.9554642968808746,0.767885125734437,0.9368345143724298,0.9363037699337191,0.9481228590011597,0.9070550979827693,0.9984292195808239,0.8942616253636766,0.945642278074945,0.9090904419333938,0.930564820766449,0.9132933908550818,0.985114189163975,0.9901485476558259,0.9177265139359413,0.9227811317104544,0.9315310120582581,0.8846961794929804,0.987532898730402,0.8620913476876118,0.9496395303203222,0.9246229841650939,0.9350279569625854,0.9158513681249334,0.975155807850223,0.9975395344987752,0.9367815270326133,0.9158925879495898,0.9223780632019043,0.9144155663632071,0.9352244245437019,0.9959969931046642
757,2,0,0.08095643957849862,0.0994234765223673,0.12754854559898376,0.10757059241446507,0.004201303218379632,0.06603828013829734,0.0840451624005943,0.101288330436122,0.11831514537334442,0.11983480891729006,0.005984799850391983,0.07480272742582299,0.048968688488323864,0.06759366467368229,0.0811941847205162,0.06304251089188861,0.0033055404942324176,0.029707541661299804,0.09169284743180882,0.10404004854235983,0.1256656050682068,0.09822976502253668,0.01853370252784893,0.11199511599809192,0.07814271573858181,0.1001834040524439,0.11320414394140244,0.10578997434072114,0.004315651615726638,0.06722040474261494,0.06115165089435866,0.07817910682643188,0.08938302844762802,0.07689168762857863,0.0021859068407094535,0.059118524728445296,0.06229869992367272,0.07410730370206459,0.08880665153265,0.08520180136669392,0.0036600869643286914,0.0597176560526264
758,4,0,0.13381404423996468,0.14933994998743352,0.13965854048728943,0.17276098425587505,0.04026153880760196,0.1670492076616234,0.12142293869243574,0.1552440005069696,0.12703289091587067,0.15325484500752498,0.012093309520569138,0.15948964751124436,0.12692684256180092,0.15138331547242695,0.14283320307731628,0.157075822796225,0.013880560326232734,0.1694613111368036,0.09012519577129467,0.12175065368622616,0.1124195009469986,0.13387452434315883,0.009357183382602276,0.07322411649748749,0.1282032971128802,0.15293647297684387,0.13149847090244293,0.1819128546864807,0.01590820366497042,0.15876048333366316,0.09267925289822587,0.13553215010651276,0.11513835191726685,0.12658972198417104,0.013356543345985036,0.07277949713719367,0.09057586510589186,0.1412138641166137,0.1133895292878151,0.12102106524760392,0.004664052155239099,0.07259081472218751
759,2,0,0.0674051588662995,0.07848264395245277,0.11362345516681671,0.0927383474529869,0.0014115536397583616,0.05076979411948276,0.06829989278396285,0.07806735419256387,0.10540415346622467,0.09312719646031563,0.005984799850391983,0.05891595995031812,0.07093006960589646,0.07868077222253078,0.13045254349708557,0.0947057345121416,0.0041608226226706605,0.046650475175053656,0.07698105550540082,0.07969168793296719,0.1289757788181305,0.092703478663944,0.002801605199572214,0.08073272691239022,0.06688242943258359,0.07897125951083765,0.12044934928417206,0.07953520068531439,0.0015853232071795494,0.053871014475414314,0.0839275875109609,0.08391291896589918,0.12671616673469543,0.09760544588688141,0.009305036060271506,0.10209836990705694,0.08359812865187047,0.08484805411205255,0.11878746002912521,0.09889450787528971,0.007805110012583707,0.1076555112303012
760,1,1,0.9725882174068055,0.9462912604787052,0.9726529121398926,0.9740109141688652,0.9985661620196947,0.9714198382268694,0.974174376714507,0.9383801935455707,0.9691401720046997,0.9789103974523693,0.9987336487358097,0.9857074718340861,0.9616464187322306,0.9508863801064794,0.9655107855796814,0.9780271598847292,0.9987696921683064,0.9150380759219564,0.9766476442042856,0.9552617484046549,0.9735973477363586,0.9682962664002999,0.9969603008485605,0.9891225576315549,0.9575010897323647,0.9470719786474048,0.9675731658935547,0.9680518705632358,0.998930624801198,0.9058778087564308,0.9753378838569992,0.9457095125412401,0.9725066423416138,0.9827149025876735,0.9993985402310834,0.9763598215833846,0.9703447243917556,0.948044071202074,0.9692955017089844,0.9757553204970301,0.9984805369603742,0.9601481915903145
761,4,0,0.07518000240330928,0.09962528495367212,0.0904228612780571,0.10910263192169853,0.0028888560099724855,0.07386037785314627,0.07815126601909092,0.09751257606833699,0.10691584646701813,0.11301510702570855,0.003911927412935617,0.06940087312145535,0.06578738089660174,0.09498516572210085,0.08499633520841599,0.09559882767568531,0.0025837959472579507,0.05077277992954861,0.08889993756727788,0.09742534020319032,0.08247443288564682,0.105933200629473,0.003317862756463454,0.15534885136161572,0.07758516440895692,0.0991520592671316,0.09480535984039307,0.10704891234944128,0.004313160169980735,0.08260633041783788,0.07429335751785812,0.09598587894499497,0.0913819819688797,0.09182543545177778,0.0029043506368180106,0.08936914058682024,0.07386792980031484,0.09455704363532443,0.08847873657941818,0.10754292860611021,0.002478496710663956,0.0762824434700574
762,4,0,0.05965031787081585,0.08280488574837971,0.09623779356479645,0.08179832224888624,0.0028888560099724855,0.034521731782044346,0.06467196151748167,0.10776639983216826,0.08526430279016495,0.08473705150116159,0.002852716003673849,0.04273933746023969,0.05847723301438431,0.08563550228912481,0.09014235436916351,0.08772150924376398,0.002878606125532519,0.026008193044336696,0.057867563361332267,0.11106154939699203,0.08015492558479309,0.06544873979343341,0.0018266735813158644,0.03084592845012691,0.06326798547472448,0.09925722435652706,0.09764115512371063,0.08566193874409153,0.00263827631273065,0.03114133283656248,0.06628922805626736,0.11774847135470856,0.09235335886478424,0.08234595429115517,0.0016536972879024343,0.03734465848278641,0.06697185768664385,0.11162735261191244,0.09332383424043655,0.08661378766259771,0.0026499535058252793,0.04064436041244735
763,4,1,0.0972552917655505,0.1258676568630872,0.11587979644536972,0.11784128613756564,0.0026862963572494803,0.12400142302448044,0.08137279368611616,0.0962718011290867,0.08633682876825333,0.1010381438312625,0.0026295295310784,0.12058766517089987,0.09668661957465297,0.12589682433319138,0.11446349322795868,0.11023551901556763,0.0059540879501751316,0.126883173346372,0.10206447611473046,0.13527946656868903,0.11595482379198074,0.1271502539533057,0.002607413615343915,0.1293304226443329,0.10096074381793199,0.12686105181252474,0.11665116995573044,0.11940332773520086,0.0029204295536149373,0.138967740032589,0.08811908829755173,0.10441677150971777,0.08951699733734131,0.10905768893701917,0.001789778104586408,0.135814205599094,0.08592258941162537,0.10144768137894883,0.0860213115811348,0.1044253226170415,0.0029855804867842273,0.13473305099421742
764,2,1,0.9822885628905997,0.9618818599300477,0.9768242239952087,0.981543600866673,0.9993855012467336,0.9918076284143352,0.9801704195945797,0.9608932983572853,0.9696808457374573,0.9884826214095531,0.9908327915497002,0.990962540918903,0.9791393438359863,0.9575814370972762,0.9764002561569214,0.9679591393229363,0.9993997211863083,0.9943561654164893,0.980894861184159,0.959099291515648,0.9679002165794373,0.9829879798276293,0.9998002749477763,0.9946865430503045,0.9807442267072876,0.9563310194402356,0.9749481678009033,0.9793831147478397,0.999665174430726,0.993393657116733,0.976890197996806,0.9578217164064265,0.9577751159667969,0.9740440573467646,0.997899419933185,0.9969106803308564,0.975223237532391,0.9535678508600558,0.9594849348068237,0.9737266733361903,0.990212664761995,0.9991240638968906
765,4,0,0.08826061455857663,0.11095372349385453,0.11343174427747726,0.11930350574958715,0.006226853173126634,0.09138724609883758,0.09046330716778524,0.12196583997509076,0.10834190994501114,0.135747721130826,0.0036066353548943474,0.08265442943310393,0.08958682603099696,0.11576512524590615,0.11931298673152924,0.12638010578619951,0.0036266729972848914,0.08284923939406504,0.11270214181516462,0.11908057449714433,0.11687684059143066,0.20077014296495138,0.01575296639853109,0.11103018462376571,0.08998729450166668,0.12119110077693063,0.11494068056344986,0.12374321385350619,0.0022945849573819716,0.08776689235706475,0.10308711171960441,0.10542990960226906,0.11810091882944107,0.15729995576806768,0.04520763405920194,0.08939714033904235,0.10200828931125398,0.11046343823509501,0.10763277113437653,0.177664633824365,0.010123406126677038,0.10415719723575631
766,0,1,0.9782636289877477,0.9563924075376007,0.9641754627227783,0.9806163409420476,0.9984873679584432,0.9916465657778685,0.9709158931719785,0.9460706165208485,0.9498605728149414,0.9705233247015649,0.9966514903507815,0.9914734614717556,0.9765983376122781,0.9495629362037624,0.9664567708969116,0.9804758245749873,0.9986973638016775,0.9877987925840518,0.9745514278115355,0.9422811173977687,0.9597092270851135,0.9730506484387196,0.9982425907493239,0.9994735553867511,0.9719608515228654,0.9414946240845925,0.9633474349975586,0.9746480282949429,0.9950433259390564,0.9852708442981759,0.9757001118707602,0.946381500660739,0.9561240673065186,0.981458931566957,0.995552407460175,0.9989836523594117,0.9736115557281042,0.9377591341508213,0.962207555770874,0.9747696689298192,0.9943283823014557,0.9989930374875505
767,4,0,0.30881135879471355,0.22267636743426722,0.2818046510219574,0.537124992750472,0.08185602269674895,0.42059476007012214,0.25176057099097626,0.23297742890241202,0.23184806108474731,0.3181544462708598,0.020810336887570554,0.45501258180929155,0.29458627708949214,0.2233268176113855,0.2820228338241577,0.3116333983836013,0.17838201775155488,0.4775663178767612,0.3161744984226037,0.199987084115477,0.22741243243217468,0.4209455720861029,0.049759729402999275,0.6827676740762648,0.32363369243742124,0.24691785166396196,0.28189679980278015,0.5056691826792228,0.10564639887646093,0.47803822916468036,0.3146427357800522,0.2573891839439971,0.25669920444488525,0.2707908197901268,0.03625595439359885,0.7520785163276529,0.3310267213259571,0.2500151311766613,0.2398260533809662,0.296025722471421,0.08575788721401253,0.7835088123867248
768,2,0,0.5180841099880985,0.5469751562415479,0.6022555828094482,0.5673733641183745,0.2771625882909082,0.596653858480214,0.5033857973198193,0.5571848264288733,0.5769392251968384,0.5586025732847715,0.23831018884849056,0.5858921728401224,0.6014505674021312,0.589367364090682,0.636320948600769,0.6296017733794212,0.5115504126082339,0.6404123383315498,0.48783635997813957,0.5382028949627163,0.5972273945808411,0.5611387746189086,0.16694668537909435,0.5756660503491371,0.5406028000936585,0.5683182283416337,0.5876395106315613,0.5791507772207888,0.32708765435600345,0.6408178299183055,0.5873131147913282,0.5775651803650871,0.6298459768295288,0.6304445592492279,0.4723936371979239,0.6263162203148729,0.5689492026660108,0.5444982054134166,0.5998440384864807,0.581654211643703,0.45445174342443917,0.6642978143620142
769,3,0,0.09566143688615593,0.09868405159899733,0.07211997359991074,0.1056363734134821,0.006396115858748021,0.19547066995964146,0.08905610441114334,0.09665158049027621,0.06016780063509941,0.10944825184294382,0.004289709282706408,0.1747231798046908,0.12219420726255999,0.09689391870221718,0.07547471672296524,0.12407234409166218,0.003414501855675221,0.3111155549402801,0.10964065643663061,0.09790725631857243,0.06532222032546997,0.11883363545357588,0.018464789700846432,0.24767538038468828,0.10561225994642007,0.10009963600784329,0.08736708015203476,0.12927286600905966,0.009873275376626921,0.2014484421865357,0.14330974453936865,0.09235899694462454,0.06510956585407257,0.11948763874738666,0.013565807115952915,0.42602671403480646,0.1470606328772858,0.10803809081366823,0.07438510656356812,0.11583375500779816,0.010800978868125847,0.42624523313326856
770,2,0,0.08405615234256313,0.09995971144488676,0.15716779232025146,0.100787627142623,0.005528737880439655,0.05683689292461473,0.09193501487970661,0.11724192518423433,0.15126445889472961,0.108239443225184,0.01037006057731602,0.07255918651706907,0.0872519560400902,0.1020891974585402,0.17368218302726746,0.10435657317278832,0.0041608226226706605,0.05197100391918439,0.09351314887742627,0.10831984220793286,0.15515923500061035,0.09497109498811977,0.01853370252784893,0.09058186966261941,0.08259397294278907,0.10350201574244577,0.15140357613563538,0.09314161302357948,0.005292573991855493,0.059630085820429224,0.11463115081037614,0.11990942040311746,0.16912056505680084,0.13300792789435814,0.015074301394629319,0.13604353930297494,0.10715764740805081,0.11921296175774335,0.16701729595661163,0.10216597188906924,0.012004430238570524,0.13538757719825928
771,4,0,0.07426902575351642,0.09812772195989194,0.08732817322015762,0.10108723228324622,0.0021765929703891295,0.08262540833389713,0.07366380117635168,0.10011126343444812,0.08560658246278763,0.10414340346799349,0.0021355147209723203,0.07632224179555684,0.07475347032276825,0.0991379591857363,0.09251857548952103,0.10202947363196502,0.003871084330102834,0.07621025897651598,0.07019722959055814,0.09522522075919182,0.0815507173538208,0.0978457578522904,0.0017648384711048575,0.07459961351638286,0.07404791394189406,0.10028463649735579,0.08822780102491379,0.09976180024108397,0.0022945849573819716,0.07967074698873464,0.07197813052171874,0.09654751012699703,0.09577684104442596,0.09908770435290903,0.0016091388964068383,0.06686945818785485,0.07293025765078151,0.09656780419484855,0.09009148925542831,0.10566592978303299,0.0018707672549003623,0.07045529776569733
772,1,0,0.055510736427909456,0.08801525560606104,0.07682957500219345,0.07159319955047316,0.004224391307149522,0.03689126067367009,0.055900402164962615,0.08496698504247327,0.07774153351783752,0.07652663523429708,0.0019303156566773927,0.038336541373527835,0.051165866654699466,0.08683834573948342,0.0709749311208725,0.06938274751513493,0.0034869647568092094,0.025146344141197294,0.05869786843585234,0.08687122352136871,0.0772206038236618,0.08914974303558111,0.005124668008001601,0.035123103790648466,0.059293147083157874,0.08861855949867452,0.07551077753305435,0.08799647056653645,0.004857087057862802,0.039482840759661256,0.05483463996679664,0.08849993234594643,0.07477645576000214,0.08362472463165768,0.004312223287173099,0.02295986380920385,0.057737809241898363,0.08311549516883053,0.07604746520519257,0.10009679492253085,0.0033992437000441742,0.02603004721289365
773,1,0,0.8917441217157542,0.860259171173466,0.8448587656021118,0.8119291914209469,0.9809515376876683,0.9607219426945782,0.9068443039077853,0.893213060692861,0.8326776623725891,0.8942177235211277,0.9523401126829398,0.9617729602694083,0.8919091321749797,0.8918176982895157,0.8281087875366211,0.860048336054914,0.9162930758671222,0.963277763126725,0.9180136604216699,0.8695513429761338,0.8700911402702332,0.9200534951205261,0.9425186970623108,0.9878536266791454,0.8877001701103605,0.849164209585813,0.7998961210250854,0.8747671916678833,0.9554998303797569,0.959173497893264,0.9097850106008343,0.8449678222745284,0.8560143709182739,0.8929138137277648,0.9710600312674148,0.9839690148161894,0.911639121336138,0.8569217151364878,0.8375205993652344,0.9134872589897146,0.965840510049012,0.9844255231402412
774,0,0,0.09044678432475373,0.10759865849034171,0.1261334866285324,0.11791105346468804,0.005629025283004156,0.0949616977572023,0.08000388127418889,0.10412847765494118,0.11822223663330078,0.09293721722827651,0.005724853566709813,0.07900662128771617,0.07077438597138605,0.09675319823283068,0.10032156854867935,0.09962627645078177,0.004629966452827078,0.05254092017181135,0.09403967268919815,0.10751479714355393,0.1041419506072998,0.11591230372035016,0.005990355285168957,0.13663895668961792,0.09334259079392528,0.1110554494628219,0.12548001110553741,0.11832692216356393,0.006227839494823373,0.10562273174287973,0.07327145127913645,0.09472638530026546,0.10362928360700607,0.09819492656169715,0.005234190531356068,0.06457247039535755,0.07004176418270162,0.08836855802689417,0.08806468546390533,0.09417394038120167,0.004269124491727371,0.07533251254977956
775,2,1,0.710942900491435,0.8303617168977468,0.7854572534561157,0.7436838504732257,0.9935146779316137,0.20169700369847315,0.6841637943861578,0.8139478981382375,0.7741518020629883,0.6515770959376649,0.9879980567990805,0.19314411899281794,0.7931388822166711,0.8259456412644415,0.7713546752929688,0.7633589516948893,0.9832735981211527,0.6217615447099033,0.7301046435693161,0.8383954855968065,0.7627686262130737,0.7637659749897957,0.9904277147964927,0.2951654162504117,0.778567319096527,0.8184094008977175,0.745698869228363,0.7610228851491647,0.9345402389875824,0.6331652012198073,0.8026959449187391,0.8475035119006619,0.7720651030540466,0.7937381559801683,0.961833431588014,0.6383395220708045,0.7815223507625213,0.8434088978778536,0.7105804681777954,0.7897212594605104,0.9562853169494963,0.6076158113469505
776,1,0,0.08862226190642206,0.11260255782505182,0.11701275408267975,0.11258037276952382,0.004833649193588939,0.096081975661266,0.10858013487067282,0.12279422547661946,0.16677933931350708,0.12724276022394618,0.010952670387098663,0.11513167895219263,0.08319223608011307,0.10125486907403727,0.11018131673336029,0.11220608008384106,0.003922103392899125,0.08839681111642762,0.08632352480817651,0.10896108947324881,0.11428486555814743,0.11458589323412556,0.0032521002329167284,0.090533675542444,0.08537228478823695,0.11031904297759407,0.10542267560958862,0.11556146152411745,0.004857087057862802,0.09070115677202183,0.10829398156271557,0.12324469653764851,0.1754555106163025,0.1091908157635927,0.005278842561890175,0.12830004233414405,0.10642164032137916,0.12985510006579046,0.1689748764038086,0.108432487319906,0.009463099749727378,0.1153826380676633
777,3,0,0.10265682128542633,0.12167001779520835,0.1421757936477661,0.12751631984763326,0.008035420642398428,0.11388655449412549,0.13193454497078397,0.2035669229593143,0.21610572934150696,0.13149157516555918,0.020531919074680136,0.0879765783128592,0.10743579796501593,0.12083373757213146,0.14693355560302734,0.15175281503489937,0.008198208246494696,0.10946067336852683,0.10939306373617219,0.1140629169981434,0.1450960636138916,0.13455284103587087,0.0050154371488417525,0.14823805988411334,0.11057178302323953,0.12359759446233652,0.14266079664230347,0.14724829045104884,0.005800054404628175,0.1335521791558807,0.12342266372902629,0.15411997196574836,0.19511160254478455,0.16001635954280963,0.010693740786224268,0.09717164380556462,0.11507035820208396,0.16203799761614968,0.1908349096775055,0.12884194117174175,0.0049885024218667365,0.08864844012315609
778,1,1,0.9402609725386908,0.9062371730606615,0.9156548380851746,0.9123667228817781,0.9940182184751272,0.9730279101907121,0.9389619239475205,0.9086615818426425,0.9170528650283813,0.9065971234425269,0.9880810534771824,0.9744169959468693,0.9401050220623139,0.9156967921031302,0.9235679507255554,0.8964369979842612,0.9972891542716077,0.967534215227015,0.9340961035321674,0.9180170598056466,0.9021342396736145,0.8888147133129529,0.9846454877339448,0.9768690171346791,0.9395316246340096,0.9045335669237176,0.9292296767234802,0.9194762623788048,0.9961384832332064,0.9482801339108391,0.9392801164943538,0.9080521486820293,0.9163327217102051,0.898224531188107,0.9937863363526004,0.980004844538827,0.9298762364569584,0.8871290242033892,0.9047574400901794,0.9098550122710327,0.9863731590245208,0.9612665466956697
779,1,0,0.09304821021852676,0.12413316114667447,0.1305282711982727,0.11840603338945188,0.005305900973891484,0.08686768438434321,0.09010733353444218,0.11820995819878538,0.11712293326854706,0.12060620440131332,0.004322325767401829,0.09027524603616333,0.09141676738550557,0.12192398877427647,0.13201457262039185,0.10968977945792466,0.008698878040683988,0.08475661803425089,0.10419273030482168,0.12929618031834803,0.13387973606586456,0.11727353297740722,0.008308506124451191,0.13220569603803742,0.09429502064951227,0.1273115019550881,0.1242075189948082,0.11232210477257484,0.006542353018982671,0.10109162450610754,0.10087566424160459,0.11779954972566715,0.12365417182445526,0.10242740896907501,0.004010693693343562,0.15648649699548192,0.10497197847185827,0.11510706877705722,0.11976128071546555,0.11142451959649916,0.0033547506814243294,0.1752122725888451
780,0,1,0.9757671394521346,0.952612189819929,0.9587352275848389,0.97575063796513,0.9994985549680626,0.9922390869227122,0.9727261475492067,0.9430326402512892,0.9522048830986023,0.9770705058947848,0.9982785988016805,0.993044109699677,0.9738702344708356,0.9502114526213523,0.9629757404327393,0.9709014344688705,0.9984656920775783,0.986796852753638,0.9741337960153988,0.9498010455169624,0.9487806558609009,0.9751153966172195,0.997576515832949,0.9993953662489621,0.9648239252950053,0.947864399944017,0.9498950839042664,0.9728154091045718,0.998390437808763,0.9551542957134076,0.9762725313846948,0.9458622388036756,0.9630226492881775,0.9786890263700362,0.9950556996051984,0.9987330428563868,0.9730126752563585,0.9474281839937719,0.9580336809158325,0.9682694633566933,0.9933693356730784,0.9979627123424165
781,0,1,0.758198365848267,0.7010086757869918,0.7488986253738403,0.7520705295215477,0.8217170399481105,0.7672969586108443,0.694926547330731,0.6080216982001365,0.6818350553512573,0.6219646011443027,0.7890237217950653,0.7737876601628935,0.7339887404781168,0.6792429862571421,0.7723031640052795,0.7742582804929982,0.6536923087389183,0.7904469628962454,0.7440168915477786,0.7016514978560215,0.706847071647644,0.6990128845809049,0.9065646362600418,0.7060083673942807,0.7439927725856977,0.7263346898200381,0.7409012913703918,0.7137980651802123,0.7545388921608174,0.7843909243970291,0.7214254085085546,0.6363348786366447,0.6770662069320679,0.7141055638572325,0.8737309804098802,0.7058894127069483,0.7130752913728469,0.6411557408762074,0.6487923860549927,0.6641365267569187,0.8947393650676986,0.7165524381084167
782,4,1,0.9740358610166544,0.9534502893545462,0.9606345891952515,0.9740687939763474,0.9993718216074029,0.9826538109497238,0.9720240141493084,0.9545196318215187,0.9548148512840271,0.9703280233833507,0.9987679808448235,0.981689583412822,0.9733812195183853,0.9574242344940104,0.9619234204292297,0.9621600654268053,0.999580804015466,0.9858175732264151,0.9751814550817741,0.9521999939710015,0.9682771563529968,0.9653230416645412,0.996286918442516,0.9938201649778147,0.972206891523785,0.9495816534825189,0.9630022644996643,0.9701209806372759,0.9987799114250243,0.979549647574442,0.9732607715644424,0.9521729723113094,0.9632719159126282,0.9652686748817945,0.997995287534303,0.9875950071821766,0.9725799758434608,0.9545042788648589,0.9562461376190186,0.9664776856206218,0.9960972872844941,0.9895744898283109
783,4,0,0.5659419320285936,0.6001289519906335,0.575444221496582,0.48076334615990596,0.5382215319920749,0.6351516085037708,0.4713372446348039,0.5834957422842658,0.5067074298858643,0.43580763437825104,0.20973365730034488,0.6209417593252934,0.5138131079635475,0.5491667081764037,0.5837172269821167,0.45321924811860836,0.32158494110727204,0.6613774154333366,0.5948049298251272,0.648087776633613,0.6948468685150146,0.5486523906871127,0.3914292727452382,0.6910083405446574,0.5112508245355902,0.6185971298643312,0.5881323218345642,0.47869001303128905,0.24524638538950166,0.6255882725582649,0.5064086481046959,0.5686736927868485,0.6141374707221985,0.4464900457385248,0.20472431978052807,0.6980177114953791,0.5109936482215963,0.5681221170732921,0.6163455247879028,0.4685716052902302,0.19466954647307427,0.7072594474834822
784,2,0,0.0344752953253737,0.06912261497391077,0.07779107242822647,0.022183571790816883,0.0013961076953321278,0.001883109738582304,0.03258981127959598,0.07811642624716998,0.05934451147913933,0.02369335966805106,0.00028723251617666814,0.0015075264874428913,0.03456630480924721,0.07868952261684292,0.0614757277071476,0.029982736871057073,0.0018515465528574078,0.0008319902983310516,0.03545340546945962,0.07874107933813819,0.06215548887848854,0.03225130725356651,0.0006099963120865081,0.003509155565018375,0.03037459105902877,0.06289666459963368,0.06892229616641998,0.01907985406819986,0.000937191111071675,3.6949349818648354e-05,0.03668388022185595,0.07931053583197754,0.062146712094545364,0.0402983559801224,0.00035395205656870853,0.001309845146065722,0.03091545113196246,0.07774562641202955,0.05349617078900337,0.02305217925968339,0.0002482688315154488,3.501036758053846e-05
785,2,0,0.07664644866575067,0.0912170531637821,0.10319896787405014,0.1043881723128547,0.00301218048705943,0.081415869491007,0.06544745342321101,0.08189650865883567,0.08573570102453232,0.09210959943344443,0.0010373792275904328,0.06645807877165219,0.048670801787421676,0.06470458156676205,0.06206223741173744,0.06850883921975813,0.0019044513165950789,0.04617389942225563,0.06892190454659673,0.08781973704794942,0.08471985906362534,0.10982152705798927,0.0007491351724537969,0.061499264390965876,0.0740012745789335,0.08932589601066436,0.09683503955602646,0.0996810873952452,0.0031188172139274017,0.08104553271880406,0.03927349142963969,0.06326514424996553,0.04979371652007103,0.06474688401647176,0.00027512744504730376,0.018286584916642878,0.04399605892841009,0.06596206410569333,0.05590256303548813,0.07541916310111038,0.0007519665847504416,0.021944537815008158
786,0,0,0.07959245795505251,0.1003288721404545,0.11504311114549637,0.10945143941995843,0.0035189373450648168,0.06961992972428849,0.08858636465968481,0.10560567132565896,0.13666726648807526,0.11645174345722827,0.004027718092287226,0.08017942393517434,0.07829849900019754,0.09776936329112466,0.11668051034212112,0.10907862062323928,0.005096484093145095,0.06286751665135748,0.08200847554797722,0.09961615486997867,0.10572126507759094,0.10825649645758717,0.0025502504898869956,0.09389821084484228,0.07756490908244776,0.09893325058698656,0.11139804869890213,0.10572219356985055,0.0037854329503144712,0.06798561960618503,0.0874901936127891,0.11012201994560547,0.11309684067964554,0.11109239712024649,0.0038930291227419265,0.09924668119570605,0.08804343475234579,0.10769499085615085,0.11027804017066956,0.12376042670201715,0.0036137076585743225,0.09487000837431701
787,4,1,0.5616555060151193,0.6088334878358606,0.5201528668403625,0.5491833975440081,0.5016695898573805,0.6284381879979846,0.5756984583595175,0.60803109215299,0.5351688265800476,0.5430170505402934,0.5779025121690942,0.6143728103551622,0.6043232472580881,0.6068791624919251,0.5390706658363342,0.5876839511644926,0.6588674185751275,0.6291150382225608,0.5468000977828975,0.5970293713387343,0.5305119156837463,0.5548131090585158,0.589250329488629,0.46239576334486204,0.5969116913221045,0.6245011055599778,0.5531882047653198,0.5767781709515915,0.5978448069115476,0.6322461684220861,0.5132512852282126,0.5835605772754523,0.5624992847442627,0.5363229886538254,0.4789891599758665,0.40488441549165627,0.512942868615537,0.6133608165991523,0.5387305021286011,0.5504731848397071,0.4789227430799504,0.383227096430274
788,0,0,0.05491951412844513,0.08860316934414637,0.06295332312583923,0.03513572392664233,0.001657533320842969,0.08624782092475478,0.06320295556946452,0.0848268389477363,0.08683381974697113,0.04633408871213383,0.0010096662124707836,0.0970103642280106,0.06649056984250935,0.08952748631906249,0.08141452819108963,0.05797400669135729,0.0180376459315484,0.08549918207948894,0.05130487429827224,0.07813419779194009,0.0722123458981514,0.05022696683896753,0.0016720245415606393,0.05427883642074151,0.03381360620533242,0.07079898926545268,0.05955465883016586,0.019222789872898292,0.0010600806239605938,0.018431512434184647,0.05382137887569009,0.08858942482319773,0.09779976308345795,0.05624091302408107,0.0031029225379706564,0.023373870909743053,0.04505759792029783,0.10037816040064308,0.08205431699752808,0.037073425006665106,0.0024154965545434225,0.003366590642109446
789,0,1,0.7275440695351744,0.7355196565257246,0.7543463110923767,0.7431402622111043,0.7544169038238965,0.6502972140227701,0.7329387581218658,0.7293871713561012,0.7452634572982788,0.7598738085124734,0.7862774531338996,0.6438919003085766,0.6436090743077245,0.6699003162063717,0.7409219145774841,0.7332785228642724,0.43438957778413473,0.6395550401063596,0.7178570620430269,0.7422752234211523,0.756770133972168,0.6960856471150505,0.7206509562990866,0.6735033494076775,0.6803218523154145,0.692633401222064,0.6988140940666199,0.7197176628016424,0.45704755398080643,0.8333965495059398,0.7316620978846352,0.6845919266988011,0.7273675799369812,0.6867804818011305,0.7959488493293247,0.7636216516569383,0.6888743711159945,0.6451860516683361,0.6472009420394897,0.6675710447681992,0.5411603416114975,0.9432534754924501
790,3,0,0.23312399484391216,0.2570531671878774,0.24441014230251312,0.2911467405876955,0.08426036681427955,0.2887495573271952,0.19099004411424816,0.20540462731636727,0.186360701918602,0.24751512457767272,0.024443581030766503,0.29122618572783227,0.21904134581442994,0.2765211415422918,0.23516638576984406,0.24514517408153147,0.03204762016591239,0.30632640751256995,0.18397660581198827,0.20511651060477176,0.2146703004837036,0.23108880529678272,0.02960357476507621,0.23940383790960712,0.22650594374193972,0.2581958039604135,0.26051127910614014,0.23007206105892544,0.06846152482324087,0.31528904976097855,0.1633172703937686,0.17944333404731846,0.1790722757577896,0.2173192413908375,0.0039014095684095124,0.23685009120448777,0.15416843088311574,0.15898536323629225,0.17334571480751038,0.23754325378870486,0.004229610595017045,0.19673821198805416
791,0,0,0.15529595382374545,0.14512991726932642,0.12289310991764069,0.1473065941586465,0.023392259005047343,0.33775788876806634,0.17075533287025962,0.1877351971304189,0.14913876354694366,0.1614731616056667,0.0218249558835491,0.3336045861847199,0.1701296075897109,0.1668739027527275,0.13551399111747742,0.14107219279676395,0.0223104733269524,0.3848774779546332,0.1930608556011749,0.1502970140884213,0.13172383606433868,0.13979134933931536,0.05939703563790492,0.4840950428758942,0.11334614745310678,0.13502773069831317,0.14106783270835876,0.1468753196049455,0.007947322765656573,0.13581253148825984,0.22818754460445856,0.21037888281669978,0.16452331840991974,0.15707908586907957,0.02160354613525942,0.5873528897913342,0.1670694315316454,0.20410347647177893,0.18829543888568878,0.14259962352001718,0.020707455671776055,0.27964116310896614
792,4,0,0.15298400956991964,0.16507626097678382,0.1575947254896164,0.1944209518950147,0.04026153880760196,0.20756657068058126,0.14164505847994768,0.16983394428163653,0.1402081400156021,0.20501033536462268,0.012093309520569138,0.18107956321730798,0.12972373171328266,0.1559944461568424,0.12991584837436676,0.18698177011110015,0.009295787666870293,0.1664308062572336,0.1665874799561291,0.16288737761341565,0.17314232885837555,0.3091500792688374,0.03202645520781002,0.1557311588322069,0.15587079596434983,0.16902774296657413,0.14047935605049133,0.23194885262179557,0.01590820366497042,0.22198982451791763,0.14572464154010087,0.15887981587306377,0.15672419965267181,0.25577996856117824,0.06316326363264145,0.09407595998094914,0.1415015469567148,0.16115667141991774,0.13737544417381287,0.28899415245870025,0.023575936388094174,0.09640553034304893
793,3,0,0.04352034525709928,0.07793262447464884,0.057617612183094025,0.047892781927424924,0.0006456541057980471,0.033513053594530585,0.04427092586188274,0.08315567470989918,0.05997224897146225,0.05458770964026023,0.0002922869241989404,0.023346709063593093,0.03670020801653806,0.06605447731636765,0.062361445277929306,0.05213279563604267,0.0005469141601560603,0.002405407692194607,0.040788244713281185,0.0678405130633344,0.06641852855682373,0.05830627082215194,0.0017347729089889881,0.009641138215106863,0.029006541817455756,0.05475651650536688,0.034960996359586716,0.022475628244654478,0.0009838248333437047,0.031855743144326994,0.0384658729419642,0.06238121069934454,0.07059787958860397,0.05858414012120017,0.0006153372353603296,0.0001507970653119881,0.02394564186605732,0.04659766503179318,0.0368318185210228,0.034817028049431355,0.0014661637775529172,1.5533950486344445e-05
794,0,0,0.24744120968059274,0.3253816581817049,0.33369797468185425,0.2736332958971083,0.02775705513489131,0.27673606450740496,0.22698854424747217,0.32106378502095784,0.3115311563014984,0.22597743560748645,0.03319959102037228,0.24317075328704582,0.23162440165282763,0.27075184576126804,0.31707385182380676,0.24901718102971335,0.041642329336035414,0.27963680031331445,0.2552188283472022,0.3088953178028484,0.342836856842041,0.2889699540525056,0.09114975183347479,0.2442422612051412,0.2671723883405758,0.32560658319325164,0.33115386962890625,0.2949035657585228,0.018686102597599553,0.36551182052459863,0.24260967222793575,0.28351746318269705,0.30966466665267944,0.23012517863821055,0.1358751046039574,0.25386594806213414,0.2550643874164967,0.3155469128309189,0.3043467402458191,0.24940252617312353,0.12387674651380089,0.28214901131882086
795,3,0,0.06627979263721588,0.08425684924125944,0.07740988582372665,0.0931256433368572,0.002444421391639483,0.07416216339259665,0.06358929811965879,0.08899989405054586,0.0742718055844307,0.08656100243482409,0.002285930944287993,0.06582785758420526,0.06287392960562235,0.08414607653907992,0.07480813562870026,0.09172409064387871,0.0025404769648168174,0.06115086825163615,0.06683764454761151,0.08600894886541735,0.08285479247570038,0.09583545588195502,0.0022827303135186565,0.06720629520146613,0.0659548715884588,0.0834334045666334,0.07719294726848602,0.09228589229437108,0.003053436811736443,0.07380867700106707,0.0582670548434729,0.08556089436254374,0.07607214152812958,0.08271867643675761,0.0021101603794373433,0.044873401510496236,0.0590289273237124,0.08205372342634813,0.07946125417947769,0.08332282573692976,0.002037227185553465,0.04826960609025296
796,0,0,0.09823463714859255,0.11681270659818581,0.12557020783424377,0.131429647882027,0.0029958337407636677,0.11436478968774248,0.09871256223886822,0.11650097142279235,0.12145829945802689,0.1402736153425013,0.002824560715921934,0.11250536425509869,0.10161940767745914,0.11431019384080858,0.13430102169513702,0.1352277662498901,0.004688559314386708,0.11956949728707326,0.09802575302145464,0.12079220249759708,0.13550615310668945,0.1418651798886758,0.004431280684430871,0.08753394892987999,0.09801221412075913,0.11621614965612685,0.12651272118091583,0.12736391027820315,0.0029193253260294803,0.11704896416252032,0.09189452234244469,0.11447245930257943,0.13730007410049438,0.12604834206041593,0.005386340147185881,0.07626539610154785,0.092104500338209,0.1147212369979444,0.13488079607486725,0.12367361169452382,0.005494177146006968,0.08175267977770258
797,0,1,0.8655124672905592,0.8858974786037879,0.8938249349594116,0.8856316910487889,0.9948659106669089,0.6673423211738988,0.863614209565255,0.8782168190899192,0.9090404510498047,0.8827923764957638,0.9839197253977383,0.6641016757930496,0.8836648321889381,0.8836278935809029,0.9227285385131836,0.9406686829647771,0.997059297815566,0.6742397480702611,0.889539612735107,0.9127013286974105,0.9284834265708923,0.8994475158688995,0.9272404451339307,0.779825347404402,0.8492300795709946,0.8828873485447389,0.9102862477302551,0.8330239136166038,0.9906475310007962,0.6293053569625788,0.9342492168917019,0.9252875296999624,0.942280650138855,0.9216567322989418,0.9967139687317194,0.8853072035890305,0.9341133558593239,0.9192366037134586,0.9403762817382812,0.9172067904627165,0.9919043905530125,0.9018427128291511
798,4,1,0.4394257705393271,0.42840292053337803,0.4225328862667084,0.4934795087776446,0.07644265293044004,0.7762708841884642,0.45687835305035823,0.38208054017948023,0.4534769058227539,0.5296486842900955,0.2625172486420588,0.6566683863174028,0.46402016607614865,0.4176641754096493,0.46441173553466797,0.5114465068082804,0.1297246070000138,0.7968538056281317,0.39682637923325287,0.41750704167416347,0.38759756088256836,0.505142208107292,0.09086441627700742,0.583020669225233,0.44193843937446964,0.41510111565358315,0.4181455671787262,0.5151926603591321,0.09434009001991844,0.7669127636609883,0.37483561492373507,0.4069673344907953,0.43760600686073303,0.5132521910206321,0.17346852157061252,0.34288402067590223,0.3968075817397879,0.415339978787742,0.44615158438682556,0.5171135967049568,0.20376281078791245,0.40166993803150275
799,1,0,0.10842886831337725,0.1485838340038172,0.1715257465839386,0.10399177645022857,0.005305900973891484,0.1127370835550104,0.11934674870543685,0.1480125906872219,0.1824347972869873,0.1336359451790112,0.012503828516918357,0.12014658185704546,0.10067368869106208,0.11608432446040078,0.1518418937921524,0.11670314744044032,0.00497076537973363,0.11376831238258324,0.11247476312807117,0.12969086366099203,0.14583928883075714,0.12953558071571084,0.005378686691940061,0.15192939574095574,0.11416800467340234,0.1486625800850539,0.17495480179786682,0.11318588429902217,0.006542353018982671,0.12749440416608618,0.12087327789134754,0.1177888922092833,0.1496211141347885,0.11193990416018458,0.030236010064680244,0.19478046888780115,0.11817025601304469,0.11594764597621894,0.17080004513263702,0.10479533623655504,0.013354712817025539,0.1859535399027869
800,0,0,0.09674668352777312,0.04793972441664964,0.05969662591814995,0.09338508760448243,0.0020742698214890197,0.2806377098780945,0.10412127732463987,0.05219568450776983,0.05104263871908188,0.10478425443015149,0.0012075120378386066,0.31137629692835755,0.0761840422685969,0.053215725728375206,0.061363548040390015,0.10199385838626503,0.0002485690960900635,0.16409851009186413,0.10092889595435808,0.05950489936269037,0.054771874099969864,0.117158661857505,0.0021376967001364433,0.2710713477514887,0.04002475614785787,0.056173914279403096,0.04987302049994469,0.04447233166598434,0.005238511571511652,0.04436600272244556,0.0880792934377381,0.06506912263755789,0.06994593143463135,0.11685439121192322,0.0037391109296247135,0.1847879109749534,0.04649528286614961,0.06356244484886625,0.06954620033502579,0.08970200511652988,0.002901732555689806,0.006764031474636301
801,3,0,0.07231783949218884,0.09431909556392304,0.09266917407512665,0.0895513781903899,0.001685811752097922,0.08336373787940674,0.0712197111763612,0.09556501126586672,0.07907522469758987,0.10658111899320093,0.0017269345089534218,0.07315026641619497,0.06332004430407172,0.08799164530046917,0.08899752795696259,0.08313162463524267,0.0016880156307337787,0.054791407996950446,0.07027839653990758,0.09930421018936587,0.10222258418798447,0.10379756685558367,0.0027642912114198164,0.043303330255184104,0.07905443685041996,0.10069250683458443,0.09477163851261139,0.10163245248335255,0.003053436811736443,0.09512214960981501,0.06759063148245252,0.09261812694272795,0.10570882260799408,0.11192800833532986,0.003904319809665378,0.023793879716545323,0.0660502962121876,0.09688701342648584,0.10770732909440994,0.10364665777562379,0.0018849029039278457,0.020125577860490552
802,0,1,0.9528934245045912,0.9383775697182228,0.9448145627975464,0.9369516549332385,0.9950950929255525,0.9492282421483954,0.9469683623136242,0.9312630142444456,0.935514509677887,0.9219937229955619,0.9948922099225028,0.9511783547277244,0.9342872895185564,0.915060289692999,0.927181601524353,0.8764339833532574,0.9925415133384458,0.9602190596837271,0.9585495018885795,0.9356869137115765,0.9387463331222534,0.9267035254697655,0.9973010192516307,0.9943097178876706,0.9547857517294392,0.9388537088645005,0.9482348561286926,0.9443167560709775,0.9935756787234757,0.9489477588595499,0.9334641401707733,0.9019997290597132,0.9126713871955872,0.8657394277514326,0.9941001310662366,0.9928100257808977,0.9527942094464612,0.9174784643442752,0.9261521100997925,0.9337386270148067,0.9955901616488002,0.9910116841246311
803,2,1,0.9771846785619424,0.9567266691496628,0.9694474935531616,0.9666145312095884,0.9993855012467336,0.9937491976505651,0.9784282058118896,0.9567394330804428,0.9680193662643433,0.9819571092275396,0.9908327915497002,0.9945923289374216,0.97381287831076,0.9548119192521859,0.9715253114700317,0.9453815948115684,0.9993997211863083,0.9979458448337061,0.9793949684864959,0.9591289101087161,0.971356987953186,0.9682192887229514,0.9997362140802193,0.9985334415674072,0.9771306583541104,0.9523095554103089,0.9698461890220642,0.9649392433579291,0.999665174430726,0.9988931295495234,0.9772531090889464,0.9582723013168076,0.9618484377861023,0.9704285593410562,0.9959349951141848,0.9997812518865813,0.9752618507021682,0.9551673984579999,0.9628986120223999,0.9718861290610702,0.9863592297980293,0.9999978841713414
804,0,1,0.7310179453538749,0.6967188021213561,0.7460751533508301,0.7785777294564004,0.685578843873024,0.7481391979677635,0.7439866229973824,0.6400971584440103,0.7621789574623108,0.7804514494443633,0.7750745385160023,0.7621310111202254,0.560016905927361,0.6199465562308016,0.6756066083908081,0.7672461361036444,0.18366634281665803,0.5536188860948925,0.7788283916322569,0.7220905631138377,0.801922082901001,0.7876776143743534,0.7923943739710706,0.7900573238010224,0.6900200546588101,0.7111743116537004,0.7295600771903992,0.7232051834032764,0.4466487144241126,0.8395119866225621,0.742535462517215,0.7668006573239187,0.7529342174530029,0.7446704601749367,0.7291492261777572,0.7191227514564598,0.705261309776702,0.6602478273069131,0.6942243576049805,0.6946851554058445,0.6159141700508901,0.8612350385148817
805,3,1,0.05784011958658573,0.07575894172532337,0.07871488481760025,0.06784710050309062,0.001685811752097922,0.06519385913481644,0.0577314117270642,0.07613700643339123,0.07294019311666489,0.0752798454499742,0.0017269345089534218,0.0625730791263373,0.057293456784532494,0.07303307855559123,0.07800563424825668,0.07959253919377186,0.0022287443976852016,0.0536072875273575,0.06726291546021092,0.0771811788927542,0.0705714151263237,0.08834423540258526,0.003244000163029154,0.09697374771636229,0.06172197061087166,0.07644876864933692,0.0861731767654419,0.07741396478921618,0.003053436811736443,0.06552050603862684,0.06247287984170687,0.07959136278578002,0.06624124199151993,0.08202851718432909,0.0025693004746384987,0.08193397677226684,0.06337348071591639,0.08155101406075406,0.065914586186409,0.08608088676354972,0.002643812196600286,0.08067710437226897
806,2,0,0.07696568385091812,0.09670026765539882,0.13276006281375885,0.09377836698998697,0.004201303218379632,0.057388418577066336,0.07396126512535495,0.09673003987201856,0.11315201967954636,0.09667226493714907,0.0024197501959124716,0.0608322509421483,0.04365010737572601,0.07301310611525115,0.07453256845474243,0.055110793965526816,0.0033055404942324176,0.012288527848877235,0.08438694442011593,0.10491831172811422,0.12395517528057098,0.09259666978308695,0.01853370252784893,0.0819308627809586,0.0754646712210713,0.1001834040524439,0.11703405529260635,0.09621731468504137,0.004315651615726638,0.05957293045953827,0.04419611162042368,0.0734645536719093,0.06836821883916855,0.0637874545037302,0.0008362556518108643,0.014524075435499498,0.04494730825746744,0.07128876418419999,0.07232700288295746,0.05793220874664961,0.0010518068577123917,0.02213675861581773
807,3,0,0.08915679359658842,0.13548751446859778,0.12181685864925385,0.10145365807311166,0.010988850807810544,0.07603708598416825,0.11425817669020233,0.2118194398779862,0.14988920092582703,0.14037467510460613,0.013761547520793659,0.055446020021798666,0.09942602758462912,0.14771490867995216,0.10610607266426086,0.15933803770187896,0.00835329384172845,0.07561782503532523,0.08965279609171291,0.10417213458893232,0.11166572570800781,0.14169605465851165,0.00249977141320305,0.0882302940899097,0.09581786012290242,0.13458929414219878,0.1033235415816307,0.15201930332073998,0.012647766210975828,0.07650939535896675,0.11755743133853987,0.181854126599425,0.15142185986042023,0.15852087122567993,0.006910682673448939,0.08907961633372517,0.12811524578835576,0.17611450584341778,0.16615058481693268,0.20976915381580954,0.004727543666595664,0.08381444079902314
808,4,0,0.5690303240366965,0.5854454111514532,0.5743261575698853,0.5496232123387174,0.5016695898573805,0.6340872492660464,0.5994583840925813,0.5866175919599511,0.6014866232872009,0.575296330236026,0.5779025121690942,0.6559888628106345,0.6108073890918136,0.5934361128277046,0.5845383405685425,0.5821499915282584,0.6588674185751275,0.6350450819594354,0.5309382696276204,0.5635194675287155,0.5504247546195984,0.53829011000918,0.5380538191417933,0.4644031968388143,0.5984668002149427,0.5895509029637943,0.5857992768287659,0.5814962916305954,0.5978448069115476,0.6376427227400102,0.5369358096809218,0.5759518722519985,0.5817680954933167,0.5582453789750702,0.4902965971554108,0.4784171045288129,0.514181160427856,0.5869108328934771,0.5743820071220398,0.5615769023546267,0.3933306224798989,0.45470543728923746
809,4,0,0.07959056889519829,0.09513306531482477,0.09389329701662064,0.10427053781501007,0.006584557050149344,0.09807138727938662,0.08008755256375726,0.09760057733582787,0.10982866585254669,0.10512972593773605,0.005951000831924311,0.08192779286075136,0.07896692875149089,0.09657304295699262,0.0972600057721138,0.10185867057362297,0.003801096079911142,0.09534182837481395,0.06404866971590548,0.09331327637907046,0.08867165446281433,0.09914670019797875,0.0033433585721338536,0.03576835896752999,0.07956336439872584,0.09445699772847743,0.09546945244073868,0.1050898034376176,0.0051689177922513855,0.09763165059454416,0.06527839276865552,0.09594938010491778,0.11171279102563858,0.0932121302524923,0.0021153711368441168,0.023402291323384766,0.0649181588300082,0.0945307666411727,0.09993845224380493,0.10110746016006412,0.00192501745269312,0.027089097652306115
810,3,1,0.9718204954581029,0.9425543097959646,0.9535295963287354,0.9757500913096847,0.9981607077166752,0.9891077721394557,0.9754294361717077,0.9528889460378354,0.9539121389389038,0.9812158500505016,0.9994240055680157,0.9897062402632819,0.9680005356303851,0.9394237366004438,0.9558858871459961,0.9563264935095707,0.9976766817769929,0.9906898791189224,0.9724264242292282,0.9379486201866125,0.9574735760688782,0.9760416194839407,0.9975831458840834,0.9930851595226262,0.9719585711024946,0.9441202622369655,0.9569960236549377,0.9726117837424652,0.9970904323598964,0.9889743535182083,0.9772932549890487,0.9549487321442601,0.9635257124900818,0.9723744510934708,0.999360416184606,0.996256963032825,0.9740621191915817,0.9468859552296922,0.956479012966156,0.9706729850825273,0.9985858516090605,0.997686791070473
811,3,0,0.0699663986080326,0.08425684924125944,0.09862220287322998,0.09324424873936327,0.002444421391639483,0.07126427079467085,0.0667535516777997,0.08899989405054586,0.09005037695169449,0.08656100243482409,0.002285930944287993,0.06587055400764608,0.06638521940482774,0.08414607653907992,0.09468720853328705,0.09172409064387871,0.0025404769648168174,0.058828244343076215,0.0796169802719291,0.09074671563981719,0.09957540035247803,0.09836763710848355,0.003244000163029154,0.10615114809583752,0.07012622413102029,0.0834334045666334,0.10062473267316818,0.09228589229437108,0.003053436811736443,0.07123365430919239,0.07035386594233392,0.08556089436254374,0.09389857202768326,0.08405008783245917,0.0025693004746384987,0.08569047501434493,0.06893911489188156,0.0838022862546255,0.09299848228693008,0.08394107045814928,0.002643812196600286,0.08130992326310268
812,0,0,0.07788300670029552,0.10120298566550957,0.1153705045580864,0.11462886074168713,0.0035189373450648168,0.05469374519112974,0.08578731281316215,0.10417464925099904,0.14250849187374115,0.12455813362474182,0.003966743903949671,0.05372854541237908,0.11326637528245873,0.09808856768579884,0.16022320091724396,0.1604634531952271,0.00835831770703465,0.13919833690698916,0.08762074677229077,0.11613315642647257,0.10790856182575226,0.12119043395753602,0.0012962311705191356,0.0915753504811739,0.07642586111948199,0.09788497066906877,0.10293003916740417,0.11823602604377545,0.0037854329503144712,0.059292836766847073,0.11156711962420748,0.09680784113509266,0.13513384759426117,0.1446800632395872,0.007817790938908761,0.17339605521318757,0.1150463839147241,0.0998714631853203,0.12945885956287384,0.14808536974206926,0.0064147287818680995,0.191401498301489
813,3,0,0.08656323238185322,0.09710043172311697,0.1102188229560852,0.11151773776167717,0.002877358223228005,0.11110181124515872,0.0896366886058031,0.10158916389644815,0.11010292172431946,0.1193785753722008,0.004594390794730808,0.11251839124131632,0.08343696516397617,0.09782503011238045,0.10461990535259247,0.11203479793410567,0.003548868185349462,0.09915622423545284,0.08218115970697962,0.10230668072108817,0.12221352010965347,0.116168604872059,0.0027642912114198164,0.06745270162067762,0.0873382572255127,0.10305924103603002,0.10206817090511322,0.11578995490223543,0.003053436811736443,0.11272048247244836,0.08063674977192428,0.09662920440169037,0.1295141875743866,0.1145100678652734,0.004970948277788327,0.05755934074048273,0.07711608690084974,0.10105468307056124,0.12644807994365692,0.09761274331341485,0.003798518497957898,0.05666640967865779
814,4,0,0.08312667534411652,0.10081770038838347,0.0780799463391304,0.08551711372607361,0.0011043445601960245,0.15011427170679914,0.09946722703115203,0.1175952732309164,0.10235346108675003,0.11567022287760986,0.001974948910813865,0.15974222904967003,0.06467515003369201,0.09689394713943027,0.07607259601354599,0.05465866781487546,0.0003135614526793009,0.09543697774792902,0.10973171807164679,0.10658346668753568,0.07641933858394623,0.10042600698284272,0.0036884389344966012,0.26154133916941275,0.03923239616910141,0.0666496895070749,0.05666244029998779,0.05235716234492817,0.001141041845287262,0.019351646848228928,0.09649141991043278,0.10091549997157302,0.08941369503736496,0.08037420759551592,0.0025797185230216645,0.20917397842468832,0.046834486746808575,0.08679744088818506,0.06912422180175781,0.061205809125973606,0.002262931676072854,0.01478203024205355
815,0,0,0.07829889508606638,0.09778393350416656,0.12988713383674622,0.09957744597553436,0.0035189373450648168,0.060727024768819964,0.08216355449123322,0.10327654262559759,0.13673940300941467,0.10195303448542296,0.003966743903949671,0.06488204843178115,0.08072099526610763,0.0980582005639962,0.13743393123149872,0.10593193304771883,0.005809530296285715,0.056371381191038614,0.08610423929282457,0.10026854975733711,0.13252632319927216,0.10682501043334557,0.0037154083981187323,0.08718590467604927,0.077357899011516,0.09579704604821143,0.12214265763759613,0.10516103520146215,0.0037854329503144712,0.05990332321999584,0.08697648305036765,0.1015038619231625,0.12713085114955902,0.10421418877762556,0.005769131458255481,0.0962643819432357,0.08816550000646742,0.101105891672483,0.13253812491893768,0.10767697994073519,0.005143026901799392,0.09436347659838179
816,3,0,0.09260315727799764,0.1146532468531599,0.10440036654472351,0.0920109191530109,0.006424937724860417,0.14552631611423344,0.09821817752526597,0.13062414084173535,0.1075093075633049,0.13442761523555186,0.007278643376232713,0.11125118060950505,0.09002455837853376,0.12496811986794228,0.09442663937807083,0.1305493254126157,0.004422663589985363,0.09575604364405467,0.0830662810129094,0.09439770346033631,0.10419422388076782,0.1244139268606571,0.0015325259763396058,0.09079302488644617,0.1003076405619197,0.10734907324249579,0.10094728320837021,0.13308436841470392,0.005729249463152196,0.15442822848087637,0.0867391724341427,0.14330097056285157,0.12157981097698212,0.12270512888244724,0.0037427927662943097,0.042367158982138255,0.09656195717818991,0.14988438814087487,0.12692499160766602,0.16973420676223414,0.0018083961728332805,0.03445780320734114
817,2,0,0.6143222407666592,0.6055481607489415,0.5960192680358887,0.5742379645605018,0.6689719875638411,0.6268338229241229,0.570029338764463,0.6066655488345524,0.6027868390083313,0.6285328273557502,0.3699912978665886,0.6421701807570925,0.6269466683136161,0.6463792049460181,0.6270813941955566,0.6154921093230247,0.6516897938466409,0.5940908392568406,0.5521398908839596,0.5821784754705436,0.5830462574958801,0.5599419275169647,0.555427060575299,0.48010573336111034,0.6093577924447977,0.6196465374578235,0.5986908078193665,0.6249192832248441,0.6119471669134493,0.5915851668085053,0.56514473187014,0.5955692753664531,0.584892988204956,0.5789687532450895,0.5859960583724333,0.4802965841617683,0.5618487120334753,0.5903440630018146,0.5924603343009949,0.5947558849346011,0.5643909098826122,0.4672923680473534
818,2,0,0.11338025476637173,0.10528510811585448,0.12812095880508423,0.15248012898244898,0.0021647647453990762,0.17885031318307193,0.09603654215611886,0.09351672552044579,0.115751251578331,0.13439537582211447,0.0020848768436667023,0.13443448101603633,0.12693718870023,0.11550538457642105,0.1481422334909439,0.21279793391312346,0.0015621564959917421,0.1566782350246698,0.08644498173511456,0.10561705645098904,0.10322703421115875,0.12558263705489114,0.0043326611730680874,0.09346551978546576,0.09861005768943819,0.11041184055229084,0.12764646112918854,0.1917907362686214,0.007668640339808113,0.05553261015728206,0.08454084446198609,0.09714726040400214,0.11882807314395905,0.16037614546651596,0.00234276481188724,0.04400997848356607,0.07833222558094238,0.08701418941842248,0.12936532497406006,0.15698261198818922,0.006170511147049391,0.012128490376990715
819,0,0,0.05625198024328848,0.08762887983766728,0.06943561881780624,0.07659837625402287,0.0035189373450648168,0.04407808896188119,0.0638178035602572,0.10040070657493859,0.08508744835853577,0.08101007522313267,0.004027718092287226,0.04856306955239168,0.06516382065910539,0.09825065202714159,0.08799424767494202,0.09347194604074605,0.005150569912916895,0.040951687639780396,0.0596286978967133,0.1030546399681264,0.08105877786874771,0.0742501282272561,0.0033873559068098077,0.03639258751262641,0.060793455230061536,0.08880296696647237,0.06956759095191956,0.09985601882638875,0.0037854329503144712,0.04195526645521254,0.06535942817936272,0.10487735688549676,0.09726974368095398,0.07404199558378081,0.005637573358843636,0.04497047138773834,0.07081544885555575,0.1031944917904511,0.09227865934371948,0.10787168601397784,0.005582622572269605,0.04514978455736076
820,2,0,0.0392040933137337,0.0607684937667784,0.048011425882577896,0.03784439575604942,0.0006202819292756974,0.0487758692339871,0.04106279299965776,0.05678264549340611,0.04708148166537285,0.046721382023993306,0.0006346309144822498,0.05409382490103429,0.036142338570364356,0.057529286800848525,0.04241645336151123,0.04672479151144259,0.0004607824182070497,0.0335803787598124,0.03471662688321932,0.06034248880703084,0.04542616754770279,0.04270381914086557,0.0008041410549333893,0.02430651786556398,0.020795685929115376,0.04578059295186822,0.03613826632499695,0.01814059332276601,0.0005817933062255958,0.003337183739720105,0.03256551805601212,0.06367814779977098,0.049572642892599106,0.03997957053459565,0.0008846293655810246,0.008712599687513834,0.023651853468874127,0.05108810814478735,0.03820780664682388,0.026497151231655094,0.000873751157524101,0.0015924501635802275
821,4,1,0.9354613531585108,0.8905234265260645,0.9096134305000305,0.9433203433237601,0.9937691377567441,0.9400804276859539,0.9342139288248203,0.875897610970184,0.9013609886169434,0.9502095413129975,0.9926202467659943,0.9509812564579825,0.93130315000232,0.8719981733881833,0.9083635807037354,0.9369270910413904,0.9875925578465049,0.9516343470317862,0.9199570819543774,0.852755767818156,0.9155371189117432,0.942041851951271,0.9513412002998909,0.9381094707908265,0.9340948312870523,0.8895696995125683,0.9103647470474243,0.9244785170449914,0.9884070387429132,0.9576541540873649,0.9246668492087997,0.8604018606691616,0.9163760542869568,0.9442346481444436,0.9484306694280376,0.9538910135153987,0.8877036887554277,0.8746698861192405,0.9068053960800171,0.9467701899966107,0.7426926447107383,0.967580326870532
822,3,1,0.070109319731024,0.08018889111321643,0.10198169946670532,0.09477388238559785,0.002444421391639483,0.07115770429796085,0.0654246167907043,0.08650972203826517,0.09518159925937653,0.08791528792757582,0.002285930944287993,0.05523054378401599,0.06641535298812853,0.08386519922212826,0.09757068008184433,0.0890563069988617,0.0025404769648168174,0.05904410167299162,0.07719836421880413,0.08763185251906237,0.09507535398006439,0.09944728764310042,0.003244000163029154,0.10059332678876429,0.07281124334281507,0.08729295968842808,0.10579023510217667,0.09653962193926056,0.003053436811736443,0.07137996317247357,0.06246205591160531,0.08107326953400247,0.08273325115442276,0.08223289213357125,0.0025693004746384987,0.06370156626139155,0.06425581714513542,0.08297896106282215,0.09133543819189072,0.08195900918596082,0.002643812196600286,0.06236186508840314
823,0,0,0.33922012487884545,0.1774009851172885,0.2161695510149002,0.3338553753507935,0.032414530849396814,0.9362601820618481,0.3339166918701505,0.16014935742203448,0.2118135541677475,0.3333687516976454,0.034156334501540035,0.9300954615617851,0.32894141118073017,0.1690434521472341,0.23302589356899261,0.29440530759082706,0.014709715081478104,0.9335226875151188,0.3817689522266213,0.17460231731297074,0.22671398520469666,0.2981218804600852,0.27483522815890266,0.9345713499964515,0.3402448600293823,0.1982026847157608,0.20434875786304474,0.320713949145645,0.04121652699371937,0.9367423814287419,0.35781811797789065,0.16660722762413083,0.26133179664611816,0.24451480505462056,0.16645664283902378,0.9501801177255597,0.3473876014241441,0.1483335273792035,0.22467933595180511,0.2388662240360257,0.17133633402575363,0.9537225857279326
824,1,1,0.89827594037617,0.8361949380093806,0.8093346357345581,0.9013914523479128,0.965950901117016,0.978507774671982,0.9120552132816828,0.8767699952081941,0.8154330849647522,0.9427595071326095,0.9385715525869424,0.9867419265159159,0.8916087688927486,0.8588052259679749,0.824913501739502,0.8701575043756572,0.9187808093238342,0.9853868030567754,0.8482708701438156,0.8182774338455786,0.7514405846595764,0.8490563470834661,0.8409202593517141,0.9816597257787434,0.9082646345044673,0.8408690030542133,0.8348780870437622,0.9365109462701959,0.969813739172628,0.9592513969815369,0.8736034689048336,0.8525965249129609,0.7896170616149902,0.915886500057586,0.817242981514446,0.9926742764241853,0.8922468427022437,0.8484554843008477,0.841439962387085,0.9067919417516322,0.8776694292474648,0.9868773958241888
825,3,0,0.051405905068789094,0.07187225028724695,0.06457782536745071,0.043570081061347944,0.0029011319448012875,0.07410823668309857,0.05367873186795269,0.06984026073210003,0.07324982434511185,0.0446574953086123,0.0012888892093282122,0.07935718974461109,0.04547529957531016,0.07215110648632678,0.07282639294862747,0.05615240316110743,0.0018100913340330634,0.02443650394645606,0.06835337946036332,0.07010979657685,0.07697008550167084,0.05448981458967566,0.007660264671200102,0.13253693596242005,0.027082656221353186,0.051668968323550876,0.050535649061203,0.020162211189113554,0.0037621588607091847,0.009284293672189308,0.04957539120578301,0.0716865029109168,0.07188058644533157,0.06729064803497614,0.0033853959643050996,0.033633822673385466,0.028809622452304107,0.05439995091502532,0.05113820359110832,0.03161872419884713,0.0029626685804872315,0.003928564976052514
826,2,0,0.09014218798275904,0.16907932541359644,0.09887196123600006,0.10304296127415974,0.0031993432457738786,0.07651734874426508,0.07589424918030882,0.1439916509221035,0.08333805948495865,0.0859185453985406,0.0012426642113577333,0.06498032588458363,0.04595651062125407,0.06408867661212281,0.06811364740133286,0.05673579882023946,0.0020440550258541378,0.03880037524672105,0.08717260072694,0.12971906913840595,0.08505819737911224,0.09523636554725118,0.0007211321568729033,0.1251282394130577,0.08428096615179478,0.1343375752785477,0.09483728557825089,0.09756668487903615,0.0031188172139274017,0.09154446780921173,0.044751576485274246,0.06546279928904508,0.051794856786727905,0.06361914045579876,0.0005991872495959361,0.04228189864520356,0.05527182094704547,0.09514273627780448,0.05753795802593231,0.06245282179387576,0.0013233049991593453,0.05990228363845544
827,1,0,0.33241049108044207,0.5302099836856656,0.3216058611869812,0.6172227626836231,0.03364380311898197,0.15937004472695812,0.3824290918615735,0.635351193756322,0.2907945215702057,0.6874892625737906,0.13670708120403746,0.16180340020351192,0.46985515925725546,0.7166675168089279,0.31596091389656067,0.7233601562612473,0.04519706413302694,0.5480901451865147,0.4881843511198092,0.6963325064168958,0.532608151435852,0.6723766896891096,0.2223705681450233,0.31723383991216525,0.3948763942373,0.5342727023338942,0.32094892859458923,0.6633776722186234,0.08145996944476842,0.3743226985946243,0.5505526723364613,0.73479557753732,0.47044306993484497,0.7130340028395221,0.17299710138413807,0.6614936099864815,0.605549079552377,0.7107966497074596,0.4742633104324341,0.6715293126973539,0.4992774911487501,0.6718786337758871
828,3,1,0.9063587959196484,0.8820607101379263,0.9092792272567749,0.8750889775804289,0.9937075744506125,0.8716574901724996,0.8825915343217849,0.864062861906467,0.8868924379348755,0.8704438534783304,0.9650104187569116,0.8265480995323403,0.9169348921867637,0.8853806201603023,0.9076614379882812,0.8787604064811029,0.9821239069783361,0.9307480893257962,0.921920058189448,0.8758339379916175,0.8708828091621399,0.8810699184984561,0.9848241011636912,0.9969895241313351,0.9267220458173446,0.8871872292052486,0.9105203747749329,0.9006906812720598,0.9841744480341298,0.9510374958003526,0.8950359571239472,0.8493863663599301,0.855897068977356,0.7949171822014506,0.9762902349689594,0.9986889331120401,0.8990942917238985,0.8435619086960194,0.8450060486793518,0.8115414337304099,0.9958475537368259,0.9995145137768855
829,1,1,0.09411252724697237,0.12413316114667447,0.13257849216461182,0.12161916569033061,0.005305900973891484,0.08692591625935348,0.10658956896315105,0.14526381926088822,0.1381871998310089,0.13951083413282075,0.012503828516918357,0.09748216307411901,0.09142776804072912,0.12192398877427647,0.13201457262039185,0.10968977945792466,0.008698878040683988,0.08481162131036861,0.10473252138345188,0.13105809505033397,0.13387973606586456,0.11822241669156984,0.008308506124451191,0.13219385298503988,0.09510013824809974,0.1273115019550881,0.1261577606201172,0.1143290004739644,0.006542353018982671,0.10116007517234633,0.11466430754302989,0.12985064630022897,0.13316430151462555,0.10701118884538253,0.024307411036747932,0.17898799001816446,0.1182743516806376,0.1316338646921342,0.13201391696929932,0.11623647934552071,0.015053968392367676,0.1964335290038661
830,4,1,0.9526684097696458,0.8906165073374912,0.9293630123138428,0.9592839968982239,0.9965346671439115,0.9875438651547598,0.9540684352934402,0.8961063863976734,0.9114511609077454,0.9655815519759591,0.9983354502252817,0.9988676269605423,0.9541503273944956,0.8971512427532162,0.9361298680305481,0.9593381499739904,0.9974034727425602,0.9807289034721628,0.9345766216537846,0.8339394893120754,0.9059931039810181,0.9492978532640457,0.9876223027049816,0.9960303590068027,0.9478389668476845,0.8918972444542345,0.9140390753746033,0.9671205572067199,0.9960976397296603,0.9700403174732051,0.9494984096113603,0.8940174185634931,0.9037238359451294,0.9604521546177912,0.9900579526287451,0.9992406863016428,0.9443003632015488,0.8978679124863799,0.9041357040405273,0.9445004606365536,0.9760637600291477,0.9989339788151357
831,0,1,0.7691239902631339,0.7651435245993407,0.7448037266731262,0.6571649752296427,0.8636624068608693,0.8148453179526914,0.7546175342254546,0.7876668375493481,0.7581413984298706,0.6897196208416687,0.7098648831793388,0.8276949311270467,0.6146785943798123,0.7479773609220591,0.722057044506073,0.6554883745311391,0.17698943526120786,0.7708807566785827,0.759281641506232,0.7843480663898833,0.7343230843544006,0.6618531530713198,0.9174064507502602,0.6984774529652961,0.7643544267373642,0.7662356891892814,0.7457201480865479,0.676046110015047,0.8003124175009136,0.8334577688950309,0.6894017468495864,0.7077563369470141,0.6933100819587708,0.6004894425767833,0.7961284257578742,0.6493244470074895,0.6742404407998279,0.6936466349902746,0.6766091585159302,0.5270160070885036,0.7904709721540132,0.6834594312504181
832,2,1,0.9664591813506958,0.9368029686370835,0.971059262752533,0.9562584214582777,0.9992897524603779,0.9688855014452065,0.9663194437135478,0.9369909814529864,0.9650646448135376,0.9602783329076087,0.9990202628223157,0.9702429965712913,0.9699181620178609,0.9441174825369196,0.9707459807395935,0.9506383539999655,0.9996865698967053,0.9844024229161199,0.9723956129977498,0.9431660798929227,0.9643991589546204,0.9587745252837901,0.9982450203992659,0.9973932804581502,0.9679062417149197,0.9488331638596283,0.9585574865341187,0.9518638109961013,0.9981881774507174,0.9820885697340329,0.9722148421943398,0.9451294269644213,0.9664623141288757,0.9511833968692127,0.9989439595864962,0.9993551134226932,0.9715754276826823,0.9458842493434567,0.966152012348175,0.9521648546182383,0.9943405749324277,0.9993354471711141
833,2,0,0.0782096058295124,0.10167874727552195,0.09557884931564331,0.10017893966952965,0.004201303218379632,0.08941018966848752,0.07058684985724299,0.09520122955787509,0.09356632828712463,0.08851131805419726,0.0025076328375955906,0.07314774054942241,0.05209829824604963,0.06893082830736406,0.06475382298231125,0.06727712706481506,0.0033055404942324176,0.05622417238152536,0.08449133322596172,0.09208464370792252,0.09284587949514389,0.09738728263894092,0.0021029007565438467,0.13803595953125747,0.078394079938865,0.10230035970246561,0.09484153985977173,0.10193143426030818,0.004315651615726638,0.0885814142560529,0.04896200816658562,0.06789845094542284,0.05191117152571678,0.0639034285987496,0.0011654987532645144,0.059931491009774344,0.05065701859818618,0.0695771840469324,0.05374661833047867,0.0699736229891179,0.0010518068577123917,0.05893586076668954
834,4,0,0.07622392188345983,0.09962528495367212,0.10019849985837936,0.103577349240624,0.0021765929703891295,0.07554188239423454,0.07629225743241046,0.10011126343444812,0.10030005872249603,0.10911084930543916,0.0021355147209723203,0.06980360097869662,0.0763221203584048,0.10056335954594377,0.104873888194561,0.1031896721878772,0.003871084330102834,0.06911259753353914,0.07919941311155683,0.09716104188139708,0.10580742359161377,0.1002960858984638,0.0023362888212077678,0.09039622536510172,0.07608682187150609,0.10177566912784602,0.10324246436357498,0.10003570858642309,0.0022945849573819716,0.07308568232230434,0.07658855296128148,0.09439801861988407,0.113034687936306,0.097611751147835,0.00248602026206661,0.07541228684031569,0.07827211046617913,0.09656780419484855,0.10863083600997925,0.10983053379020154,0.0025210698938203753,0.07381030844204588
835,4,0,0.07829871114748671,0.09812772195989194,0.09471900761127472,0.10524717697642269,0.003468155269597753,0.08993149392024641,0.07806057696058513,0.10011126343444812,0.09233735501766205,0.11410844935302585,0.0020015524447218416,0.08174426455306784,0.07850591877653514,0.0991379591857363,0.10207713395357132,0.10576413881339218,0.0036266729972848914,0.08192368893269092,0.08803234077198599,0.09569481630511938,0.10875586420297623,0.10925141330420875,0.007238416023099259,0.11922119402452636,0.07663826389331815,0.10028463649735579,0.08937361091375351,0.10481297114141033,0.0022945849573819716,0.0864255159566891,0.0813232022983381,0.09654751012699703,0.10410432517528534,0.0986638350215901,0.00879944552179938,0.09850089564601865,0.0824640986220975,0.09656780419484855,0.1076994240283966,0.11114509178089721,0.0025210698938203753,0.09438710321252466
836,4,1,0.9567840507430339,0.9443004881760643,0.9514649510383606,0.979584448884337,0.9993840959980974,0.9091862696183102,0.95478251853439,0.9536499732565791,0.9477799534797668,0.965044475489063,0.9984069493989931,0.9090312410475475,0.957523960309549,0.9455817363744082,0.9559029936790466,0.9639695304013199,0.9997273013828717,0.9224382397100986,0.972279800357535,0.9440852803371411,0.961868941783905,0.9723740219829334,0.9984639756078367,0.9846067820758594,0.9630441280697347,0.9427849251592313,0.9534600377082825,0.9687987208491107,0.9989694194180695,0.95120753721398,0.9694615875969383,0.9510736458571338,0.9528578519821167,0.9573280771428805,0.9988022432600049,0.987246119742556,0.9718831914699531,0.9506684853924617,0.9526693224906921,0.9730939927360431,0.9978996819838452,0.9850844747467227
837,4,0,0.07517454649331864,0.09812772195989194,0.08847715705633163,0.10220060307127357,0.0021765929703891295,0.08489065740870695,0.07241746197493966,0.10011126343444812,0.09602503478527069,0.09650272878334415,0.0021355147209723203,0.06731276815066295,0.0752586018451458,0.0991379591857363,0.09389171749353409,0.10165093542250185,0.003871084330102834,0.07774131279385385,0.08119073027160914,0.09428756340776577,0.10238663107156754,0.10428566530012547,0.0023362888212077678,0.10265750275737913,0.07488859308168735,0.10028463649735579,0.08937361091375351,0.10072594871362832,0.0022945849573819716,0.08176418432631714,0.07232752682571311,0.09654751012699703,0.0987548902630806,0.09892379875189486,0.0025180274392294427,0.06489340754736364,0.07518408327007794,0.09508664461309085,0.10724715143442154,0.1073976186958721,0.0025210698938203753,0.06366793171318479
838,4,0,0.07667660948709379,0.09962528495367212,0.10810216516256332,0.10233075533883594,0.0028888560099724855,0.07043598597042504,0.07326517773075096,0.10011126343444812,0.09298237413167953,0.103148287507851,0.003911927412935617,0.06617203616684053,0.0765504678945729,0.10056335954594377,0.10846148431301117,0.10510481797509258,0.003871084330102834,0.06475159330871413,0.08994862686100895,0.09955118359009645,0.11429817229509354,0.10287806404323174,0.004389967079428416,0.1286257472971946,0.07523641113179422,0.10177566912784602,0.10376638174057007,0.09799146237197885,0.004313160169980735,0.06833538224859535,0.08302043038949707,0.09796055436763523,0.11000268161296844,0.09962420258546639,0.00461006549845824,0.10290464788295706,0.085164789941681,0.09650641834971997,0.11478663235902786,0.11226144320753709,0.0033393471113804347,0.09893010868073968
839,1,1,0.35655384657437234,0.5713034553724777,0.43051937222480774,0.6135604772029913,0.03364380311898197,0.13374212495260246,0.3278758926282855,0.4146817451266714,0.40938374400138855,0.6404941959346527,0.043996725444227856,0.13082305263448674,0.5773941752059877,0.76590833193087,0.5016350150108337,0.7747625625403346,0.14780793346414176,0.6968570330837585,0.4695920475446352,0.720128295884993,0.5871067047119141,0.6763289442521828,0.10520529517331335,0.2591909977007727,0.40949193577681564,0.5693618288955774,0.42196497321128845,0.64114329243253,0.08145996944476842,0.333529614899914,0.6272481740647644,0.7335307491142825,0.5982882380485535,0.7613287907290054,0.26156365091906597,0.7815294415129139,0.6549390329848521,0.7364743005172052,0.5942813158035278,0.7257961969568101,0.4410254061551143,0.7771179454916036
840,0,1,0.26750589235118694,0.33426140273596777,0.3345327079296112,0.3277540515774772,0.039946019866787204,0.30103527964609106,0.25549077833377576,0.2841097224023268,0.33837538957595825,0.3509416924004354,0.040483248280722924,0.26354383900943557,0.30054336739101384,0.33865831507047267,0.37157735228538513,0.31057877232719994,0.05536887705498736,0.42653352021702395,0.24814022510170314,0.2947058964558567,0.358580082654953,0.3310057225835567,0.052659534412097454,0.2037498894020518,0.2745858347232243,0.34395443805262427,0.3510085344314575,0.3315372651438252,0.02399461885089583,0.32243431713731857,0.2605680396869727,0.27909649389510605,0.32081326842308044,0.3187780331761634,0.1391760637448603,0.24497633919565326,0.2688299676999444,0.2908159137230516,0.3269078731536865,0.3404945022948634,0.16298774473458622,0.22294380459353416
841,2,0,0.07526511954007763,0.09636179101305384,0.09024663269519806,0.10102627538154313,0.003955758043152948,0.08473514056744019,0.0810587388493775,0.09852307444855332,0.1105048730969429,0.09986369712181328,0.005408242864290217,0.09099380671528778,0.07342455679360668,0.10232361598608697,0.09571581333875656,0.10147003569076575,0.003877210797928374,0.06373610815449576,0.07308504054175564,0.09402586379584746,0.09306150674819946,0.093689556903447,0.0021844433377821186,0.08246383192350218,0.07228860412442759,0.09565007992947948,0.09189468622207642,0.09391171155986083,0.004315651615726638,0.07567089129499459,0.07473679646989594,0.10009651756687343,0.09229770302772522,0.09833196621061073,0.004575818627077736,0.07838197691719255,0.07664880535098792,0.0972571016497244,0.10100177675485611,0.0976698187300285,0.005590869480334411,0.08172446013999611
842,1,0,0.10730386602345347,0.1200227314901431,0.08868186920881271,0.13543958933232092,0.0214437566959871,0.17093138339000358,0.11077606812530556,0.12727124337119403,0.10592511296272278,0.14667358054560864,0.010482686944864197,0.16352771680213815,0.1221446000108869,0.16550646689077672,0.1302604079246521,0.16495141096352964,0.06474250213621276,0.08526221213926319,0.1081223152819607,0.12813620663687197,0.08933659642934799,0.21127555834324643,0.00538329113757968,0.10647992386275745,0.11583366113729288,0.11918270439492026,0.09115513414144516,0.19169554406069433,0.004760910462834288,0.17237401262657032,0.14443301107861214,0.23025834694529307,0.1183440163731575,0.28593304438125455,0.045926950837063205,0.041702696856292305,0.12807874127124258,0.20244087477800907,0.11215513199567795,0.25300857213513733,0.024310057847236725,0.04847906960015172
843,3,1,0.922387291238757,0.8924824572557399,0.9151230454444885,0.9067900013748412,0.993959240417055,0.9035817117016604,0.9056209049389498,0.8792589868379382,0.9109285473823547,0.8548224041015097,0.9783104898337301,0.9047840965392169,0.9131798101254208,0.8840273884254168,0.9143812656402588,0.88833675804392,0.9821239069783361,0.8970297315391725,0.9328721620118484,0.8944293655315649,0.9191058278083801,0.9133212160240411,0.9872711335339532,0.950233267161303,0.9283917014484067,0.9022444573797581,0.9251294136047363,0.9113723928671125,0.9886642871372826,0.914547956253143,0.9121976495877157,0.8808798400092956,0.9024761915206909,0.8649435509699067,0.948894526228746,0.9637941392099392,0.9183953095948987,0.884309272732866,0.8981371521949768,0.8680410943722295,0.9850574525510891,0.9564315761233311
844,4,0,0.061005748570314766,0.08444584675903802,0.06484424322843552,0.0745597616896407,0.0035647576275723574,0.07761413354688725,0.08739159386381927,0.14797598775480078,0.09625367820262909,0.09990818367362586,0.0035120591246357064,0.0893080605634049,0.06883344932677848,0.09592312691803451,0.07385894656181335,0.08900960910539138,0.004429939093036211,0.08094562495561701,0.07312951664452727,0.09198821154926608,0.08680466562509537,0.08509016723553756,0.0041197907141462915,0.09764474809859111,0.06367533503811859,0.07735692368757524,0.0648479014635086,0.08352772187002841,0.003357546744589495,0.08928658142489117,0.10354041478338724,0.14623846821461028,0.1237146258354187,0.10154847741048606,0.0032758130643093415,0.14292468939211186,0.09989810973339959,0.14277958457221682,0.1021907776594162,0.10905551145144352,0.003954028755840454,0.141510646228081
845,4,0,0.07887407004992347,0.09812772195989194,0.09471900761127472,0.10314809229976328,0.003468155269597753,0.09490737310908963,0.07811217699459351,0.10151016644939906,0.09233735501766205,0.11471007092687341,0.0020015524447218416,0.08000174013431116,0.07876397179959237,0.0991379591857363,0.09936510771512985,0.10520308062161446,0.0036266729972848914,0.08648703847819632,0.10996763707921549,0.09390647963984013,0.11388448625802994,0.1832474482345579,0.0044546363146362655,0.1543451349490132,0.07768827968505179,0.10028463649735579,0.08642498403787613,0.1084130474696932,0.0022945849573819716,0.0910241454629518,0.10006323594455802,0.0945935787961148,0.11150487512350082,0.15743629521656263,0.018234488667540592,0.11854694191907127,0.1083140506933002,0.09648927952425844,0.11586128175258636,0.18508784565733846,0.00748226790719838,0.1366495786251193
846,0,0,0.06069054092410316,0.09408829559484823,0.08983840048313141,0.07309860367399397,0.0035189373450648168,0.042908467523477455,0.06773386715886884,0.10154043969707445,0.10145152360200882,0.08920510587145739,0.003966743903949671,0.04250552271985384,0.07044280911938963,0.09853962598593587,0.10862227529287338,0.0908593232080548,0.005150569912916895,0.04904225119716728,0.0627213632344955,0.1009162888124312,0.09520143270492554,0.07572207926912163,0.0033873559068098077,0.038379659479189296,0.06485656582272965,0.08913422401122457,0.08592157065868378,0.09664893865597031,0.0037854329503144712,0.048792662837455175,0.06876181085446673,0.10043947282494572,0.09658311307430267,0.09272802398582805,0.004066594901122593,0.04999184948613458,0.06910178082851684,0.10004066292930262,0.10677053034305573,0.0888731021471571,0.003879130869231774,0.045945477853836965
847,4,0,0.07426937586251509,0.17204630280957206,0.13773512840270996,0.033720993511569854,0.024312628654362442,0.003531825934361051,0.0775389658972004,0.16033227712217618,0.15368962287902832,0.03667860951948577,0.03356267284654633,0.003431647118765368,0.03966849564870128,0.07495304334664778,0.09571529924869537,0.023241092910118742,0.003680918981836062,0.0007521237562084642,0.04141003526943342,0.09034808649728673,0.07313843816518784,0.02833535617945085,0.012062579894185955,0.0031657156110557224,0.06026688322281337,0.15804024888378526,0.11243053525686264,0.021049889201570193,0.008944786891556648,0.0008689558802921122,0.0378370341040758,0.0888549139327387,0.06427299231290817,0.024644582792867863,0.010638680397934657,0.0007740010839296029,0.03224505593988605,0.08039012302240155,0.05393601581454277,0.023802371634936936,0.0030175752055019676,7.919402204703327e-05
848,2,0,0.05511980346147134,0.07291626052384279,0.05994263291358948,0.07942894082988083,0.0014115536397583616,0.06189962940028524,0.05276704839615457,0.06866700553398158,0.0593842975795269,0.07073594277470895,0.0025076328375955906,0.06254036325495983,0.059365530761305865,0.07487778868303642,0.0703139677643776,0.08185917077105055,0.0041608226226706605,0.0656159039653941,0.06619494074581356,0.07001992067882953,0.07468369603157043,0.08511085178132753,0.0020808508783493416,0.09907938435899098,0.05652470984812523,0.07621160997887177,0.060242146253585815,0.07926351101403377,0.0015853232071795494,0.06532095878695521,0.07167452719737807,0.07749268168530245,0.08046037703752518,0.07418731912251611,0.003575550072330622,0.122656708069216,0.07315521687316955,0.07809091683487694,0.07597032189369202,0.08543190018346872,0.002829454057138486,0.12345349139667157
849,0,0,0.25229710171958664,0.2773132881983958,0.3620527684688568,0.3305233184271201,0.038798052137299734,0.25279808136626064,0.24346017167075504,0.23201458571475964,0.3540976643562317,0.32521873696975456,0.06660298270071521,0.23936688861231406,0.2442106879885973,0.28467334274503076,0.34749093651771545,0.4081818450281617,0.013858931671189716,0.16684838398088908,0.2334002682899828,0.21827869955267917,0.3086155652999878,0.40114346040645177,0.1716168106955796,0.06734680549521574,0.30156805384486945,0.32176356091408576,0.35035207867622375,0.48273209007059337,0.16992383350029458,0.18306870606314968,0.29220243205782226,0.25775841961728546,0.29167625308036804,0.39145314909144757,0.4957497744995626,0.02437456400044751,0.3189043577730474,0.35316542809973317,0.29457026720046997,0.5170939342530707,0.3792232154950003,0.05046894381696278
850,4,1,0.9666934059710254,0.9382658047363907,0.9554067850112915,0.9778089252567798,0.9994738345213833,0.9625116803292821,0.9674470392517266,0.938296960368065,0.960444986820221,0.9717488913278326,0.9985358200930744,0.9682085376494406,0.965684069073444,0.938608583208937,0.9536400437355042,0.9689187811802786,0.999623797555282,0.9676291396872176,0.9717165159531467,0.9425963724883868,0.964043140411377,0.9719973495396256,0.9973351297897198,0.9826105875366241,0.967134469785565,0.9423252512984486,0.9577990174293518,0.9666343174955553,0.9990104283867854,0.969903334317684,0.973985512286502,0.948040654436455,0.9617092609405518,0.9740356024509608,0.9982468365958327,0.9878952070087096,0.9720940004090777,0.9479588496510408,0.9592556357383728,0.9686232857413255,0.9970609911094515,0.987571239805197
851,2,0,0.07349345198475703,0.0607684937667784,0.05519484728574753,0.05157461151470428,0.0006202819292756974,0.1993090254272793,0.0760950002902406,0.05561434929557529,0.054283257573843,0.047152430920823135,0.0006346309144822498,0.22279033274647936,0.06044339420864788,0.057529286800848525,0.06960849463939667,0.038805133777389846,0.0005673652334210998,0.13570669059218327,0.1100745307712091,0.06263568945656295,0.06238438934087753,0.05815760397352652,0.0029286090211092745,0.36426636206396923,0.02306467549759374,0.045157084712404455,0.03989686444401741,0.026377197821794644,0.0005817933062255958,0.00331043720352658,0.10347485039589129,0.06609785116268972,0.0846637636423111,0.0546708324878254,0.0043868964861588115,0.30755490820047143,0.03106620546103935,0.05398716962041857,0.049705810844898224,0.03574702758418747,0.0026050380794556214,0.013285981176236854
852,4,0,0.07519071691998401,0.17077175776335385,0.09688181430101395,0.08868140860953738,0.0028888560099724855,0.016729747916042443,0.0710028075969418,0.16126946498111516,0.08738239854574203,0.08645713702114628,0.002852716003673849,0.017052321433031658,0.061566139146072306,0.13535338497942087,0.08373740315437317,0.07751209045973331,0.003871084330102834,0.007356732806731348,0.06492345219438475,0.13928842970646493,0.0784951001405716,0.0772278222807666,0.0017648384711048575,0.027841070373015756,0.07543402516723417,0.16601914271100898,0.10590899735689163,0.08424421824830562,0.0037693875295061277,0.017228379990458526,0.05990499783589318,0.11028613787635415,0.07940305024385452,0.09833978969615005,0.0011266801124922682,0.010369331250614872,0.05280835772646164,0.1174546356669681,0.06949933618307114,0.06577220570507991,0.0013709592189702466,0.009944651858218821
853,1,0,0.15938509247962793,0.07456586707930306,0.08842555433511734,0.1875903171527646,0.002643585892468934,0.4437001379384858,0.15351060325310434,0.0716418608764189,0.12288445234298706,0.13614312361293604,0.005597890448394769,0.43128568898478503,0.19287396656981737,0.09404640651392651,0.13200607895851135,0.2629248076410949,0.0031923644023024006,0.4722001753332517,0.06872140758131298,0.07908817039990919,0.09258918464183807,0.09208324217535392,0.0016110826304047941,0.07823535805905893,0.04342744392981524,0.07216624440065215,0.04544884338974953,0.0492628330203854,0.001328859483273309,0.04893043935501581,0.08259061372901896,0.09748150966658858,0.11288043856620789,0.16087159371101542,0.002168976875891409,0.03955054982539153,0.03859545017914794,0.06324153456902161,0.049121543765068054,0.07757303460741652,0.0009531015735746939,0.0020880363806588327
854,3,1,0.93970650669674,0.8998681719520571,0.9244238138198853,0.9528779131656543,0.9957653576078402,0.9255972769382632,0.9283921776956868,0.8962090314771738,0.906074583530426,0.9417989372517196,0.9921631699954657,0.9057151662236487,0.9410350157543977,0.9114857220525594,0.9230864644050598,0.953438973570103,0.9957416771701824,0.9214222415740839,0.9422770368485489,0.9000764225455542,0.9087721109390259,0.9399316543084518,0.9863644501199966,0.9762405463297167,0.9433930971344482,0.9077220649697447,0.9274858832359314,0.9449400574733928,0.9908752519462598,0.9459422280469123,0.9359507571737284,0.9112853214236749,0.9030808806419373,0.9530976843066252,0.9657803562846405,0.946509543211764,0.9398467089508189,0.9153127941393375,0.898600161075592,0.9484043952301604,0.9885077139873307,0.9484084803216738
855,2,0,0.8723727922176258,0.885708894390438,0.8855432868003845,0.8485594719686743,0.9940883182249577,0.7479639897036742,0.8751373705594023,0.8908543226763707,0.9012769460678101,0.8248980429449141,0.992982035297196,0.7656755058107213,0.8577691566021001,0.8695965292006674,0.8759773373603821,0.8009253919987235,0.9950484127286233,0.7472981117221041,0.8979356669871464,0.882905617914699,0.8940154910087585,0.8708816789323627,0.9955428157477295,0.8463327313321822,0.8719093734191139,0.8761294079480054,0.8794142007827759,0.847762842126174,0.9744907585545409,0.7817496576840737,0.8933119361326952,0.8831688709909551,0.8834848403930664,0.8592808643351727,0.9844055423848077,0.8562195625594736,0.8931581094829395,0.8800652944539857,0.8874709606170654,0.8686803631445611,0.9827326727277691,0.8468412564713169
856,4,1,0.5532303921557833,0.5286979348342062,0.4412694573402405,0.5914521561441735,0.5389942809858693,0.6657381314744271,0.5415079145996784,0.5317757108941178,0.4190303087234497,0.5644437806786282,0.6240262830470624,0.5682634896551338,0.5909541899094257,0.5656908365387586,0.4966517984867096,0.6914623566679886,0.646844629506698,0.5541213283469734,0.47203299193440185,0.5143068250413235,0.41902944445610046,0.585209459937184,0.47476144972587914,0.3668577805115221,0.5565565916194369,0.5424396748356937,0.4383178651332855,0.5606894494863601,0.5498948393492061,0.6914411292926393,0.4242589542274461,0.5499236755433025,0.4814356565475464,0.5785165218429058,0.36062135367424997,0.15079756352922588,0.4398763747738941,0.5696050749816034,0.43776577711105347,0.6153430447855012,0.3489811732892626,0.2276868037020495
857,0,1,0.9707947180637551,0.9509914824308001,0.9561331272125244,0.9647535696450078,0.9994985549680626,0.9825968560623806,0.9650336143997557,0.9408117916765842,0.9463366270065308,0.9557616930200241,0.9991553661260895,0.9831025941695494,0.9609047380617654,0.9382877412332459,0.9504085183143616,0.9412266266471625,0.9982919559393778,0.976308848174679,0.9720275925925719,0.9479483988783747,0.9472609758377075,0.9683631991014404,0.997576515832949,0.998988873312388,0.9700924898025359,0.9442860665437468,0.953294575214386,0.9714464636442282,0.9986706293731679,0.9827647142371507,0.9641887256614528,0.9276656756167292,0.9506579637527466,0.9460728183443649,0.9978253463242681,0.9987218242691549,0.9620726981892146,0.9266873844022483,0.9499530792236328,0.9377035356625119,0.9971371644064784,0.9988823272512011
858,2,1,0.25831179038229096,0.24194304662889643,0.26312899589538574,0.2029412104715089,0.047904087144540926,0.5356416117711228,0.21027557350871767,0.1736617555725745,0.17737464606761932,0.1799542824696988,0.006673974989946259,0.5137132084437495,0.1891008136078251,0.19008398998327242,0.20965278148651123,0.17150841580742485,0.04394976141733026,0.33030911934458684,0.22256331685231925,0.16593305101807068,0.2203444391489029,0.16802164855253468,0.06759108968405622,0.49092635585803174,0.2569837925344521,0.2353436695576387,0.2505796253681183,0.20675763210517506,0.044453628158590365,0.5477844074827379,0.12754725325804078,0.10954380443176526,0.12125912308692932,0.14376093039780005,0.005089124956471837,0.2580832834172374,0.1735692411682992,0.12615261777257541,0.1401807963848114,0.16282527713468933,0.0050880817761044805,0.43359943277331536
859,3,1,0.9156106195528573,0.8492046320383089,0.8933830857276917,0.914887445825703,0.972815478984971,0.9477624551876115,0.922495640333833,0.8655523237600813,0.9071429967880249,0.9153911255505256,0.980831179602241,0.9435605759682922,0.9108289182965545,0.8541306278232785,0.9019980430603027,0.8713645145803085,0.9735678336602692,0.9530835723586142,0.8813350154402169,0.8649356129824254,0.8563194274902344,0.8585378625275248,0.9487931615089032,0.8780890126919965,0.8955543522026914,0.8507780125181592,0.859249472618103,0.9062289472711161,0.9333319930899414,0.9281833355161379,0.9011386137060906,0.8653399531224817,0.8860050439834595,0.9011075710249832,0.9757934799002927,0.8774470204992358,0.8989256384825997,0.8746451398678613,0.8643054366111755,0.8838369282944454,0.9505394562426684,0.9213012313968469
860,1,0,0.10269379593179853,0.13122100793808353,0.13516555726528168,0.11460310605326686,0.005305900973891484,0.127173407428469,0.09127888566179901,0.11354211008802065,0.1120084822177887,0.10248281990467621,0.004322325767401829,0.12403869033110772,0.09944922530823727,0.11991521119447651,0.12838661670684814,0.11574976251550982,0.00497076537973363,0.1282237707446183,0.11105673017653454,0.12709681488208285,0.12573382258415222,0.12135869123147351,0.0031647734760471527,0.17792954870891695,0.10428884677708197,0.12704783740823067,0.12866443395614624,0.11785691428806393,0.006542353018982671,0.14133269521398636,0.1004922773864548,0.11344374559708975,0.11000680923461914,0.09738517685840556,0.004010693693343562,0.17761496154881606,0.09997320366972544,0.10997620589113917,0.10720650851726532,0.09885629437045397,0.002972089662466804,0.18085491990730193
861,3,0,0.04030934305997731,0.07954389523356238,0.06014591082930565,0.04969621497988847,0.001495881083982891,0.010664813173147204,0.03826970750623197,0.07526090705354589,0.06314565986394882,0.04312570200553872,0.0004275180157534796,0.009388750592372968,0.04093798003892087,0.07457576951102608,0.05660185217857361,0.06250834317198692,0.0006698695799372732,0.010334065753080476,0.04141048289537762,0.07810055903277131,0.06498072296380997,0.05084214903789934,0.0017231412056791622,0.011405842236728324,0.04147193904004328,0.07310953585536091,0.06650853157043457,0.05168112974789845,0.0018083321632287894,0.01425216586329371,0.04341665186372935,0.08239879242497111,0.06031312420964241,0.06261550817910741,9.613797812720752e-05,0.011659696526798607,0.045138902838432866,0.074842958609462,0.06663179397583008,0.07370729615033762,0.0004653521954167471,0.010047113261117908
862,3,0,0.09572517809445677,0.13162150514583895,0.10072413086891174,0.14604250139230707,0.00472680297254203,0.095510950092684,0.09553278924127886,0.12394759688586737,0.11066733300685883,0.1434269402084058,0.012650998843148402,0.0869710772621139,0.09592958025455098,0.1272461760043258,0.08656802028417587,0.139169146869395,0.0036707707204012797,0.1229937873944569,0.07144689064294589,0.10640362487623828,0.09596341848373413,0.11377844926680104,0.0009760868769404221,0.040112873711015615,0.09398037077525948,0.1243175124220077,0.0947849452495575,0.1541868633345758,0.0029598695083127005,0.09365266336184373,0.07756603964503093,0.1156247612183501,0.08571914583444595,0.131397421556531,0.006531259598806251,0.04855761001702141,0.07161179391937975,0.10727350355901501,0.08391329646110535,0.11509231299164903,0.0019350342666164019,0.04984482231851298
863,0,1,0.9539979567939426,0.9268802594548089,0.9161526560783386,0.9498535643172915,0.9948659106669089,0.9822373934523646,0.9531922880047485,0.9235946815139658,0.919754683971405,0.9509153709747064,0.9871480355132806,0.9845486680503851,0.9599327828181593,0.9206901399873109,0.9342909455299377,0.9586218691070638,0.997059297815566,0.9890016616509176,0.9501733923233899,0.9374458219947321,0.9393349885940552,0.9501225897621014,0.9272404451339307,0.9967231161321306,0.9493982301305742,0.9207565683295772,0.9253474473953247,0.9292745965737409,0.9906475310007962,0.9809650073534324,0.971699179880351,0.941538591294111,0.9564039707183838,0.9646796209515076,0.9967139687317194,0.9991597477060339,0.9646411653288546,0.9364455891810117,0.9456220865249634,0.9500605936728265,0.9919043905530125,0.9991731667124591
864,4,0,0.05919157670752945,0.09258007549145003,0.0754268690943718,0.04111529314564264,0.010233736954980876,0.0766019088512019,0.06648753476767341,0.08801843442194106,0.10185930877923965,0.04236739736966225,0.013001539897566415,0.0871909933699577,0.041814131815613206,0.07597823607152292,0.07707225531339645,0.034557834460339984,0.001850793678109785,0.019611539554696862,0.0460342099667639,0.07962120109719227,0.07549458742141724,0.04540242114120046,0.007943225417769222,0.02170961475624029,0.03531697436896502,0.07063380520916179,0.046512845903635025,0.02995173722979333,0.00859778774066071,0.02088869576157424,0.040060570403607706,0.07070596535427287,0.07387599349021912,0.040006319632035756,0.008563629694937194,0.007150943846573617,0.029525300230380646,0.05960324638486307,0.050092652440071106,0.03513200597240305,0.0022779651095074746,0.0005206312450585122
865,3,0,0.09997170608007085,0.10251918898443758,0.09676036983728409,0.12489367452550836,0.004895717847768406,0.17078957920535578,0.0917421647531494,0.10435817108397301,0.08864210546016693,0.10849997086843557,0.004122182585087839,0.15308839376808367,0.09815834782492162,0.09920241814689716,0.08629491925239563,0.1461856340046841,0.003015839568600154,0.15609292815203107,0.07710455907368141,0.11028991524648195,0.10139969736337662,0.10238171874674701,0.001694868096119027,0.06975659591568246,0.09926260078099289,0.10455878900398025,0.09039519727230072,0.12773957472478797,0.003053436811736443,0.17056600609215905,0.07141209503678878,0.10411288565596363,0.08601576834917068,0.11151379142243788,0.004084385470497892,0.051333644285873795,0.06941878445337975,0.10024743292122805,0.08797362446784973,0.10178503010021671,0.0029277803063299827,0.05416005447127422
866,3,1,0.8193162801440528,0.8087429991886493,0.7676583528518677,0.7506352740322181,0.87599897393198,0.8935458007155482,0.8107221830512827,0.7936593858357814,0.7623044848442078,0.7571144881845867,0.9231258559263941,0.8174067004654438,0.8378917044930596,0.8295082694286001,0.789231538772583,0.7765991289599212,0.8764092354316428,0.9177103498725505,0.8331450427632952,0.8155162776291373,0.7947454452514648,0.810586701017693,0.8711087435073325,0.8737680464108486,0.8257938940213799,0.7961174621342906,0.7837426066398621,0.7675008645092184,0.8932578804377951,0.8883506563857334,0.7951891773930818,0.8245918963032418,0.7370234727859497,0.745327024960793,0.8533261676355585,0.815677325279866,0.8071023721843964,0.8091120432244485,0.7635433673858643,0.7597423668760063,0.8756673964687105,0.827446686966953
867,2,1,0.8088498919195078,0.8329751711535583,0.8448773622512817,0.810115664338287,0.9630559077555951,0.5932253540988175,0.7956324064465659,0.8498842735468651,0.8659219145774841,0.7629337925867903,0.9398084106807486,0.559613640840941,0.8350571927435155,0.8519180448707415,0.8734427690505981,0.8196393750051717,0.9262144271226785,0.7040713476683877,0.8419538068555743,0.8398440354347854,0.8452607989311218,0.8258725624267892,0.9815795931111291,0.7172120443740462,0.7507076451700591,0.8401324905672303,0.8485246300697327,0.7734371794688361,0.9751176562209782,0.31632626952351794,0.8907577935156507,0.8685275902400905,0.8763825297355652,0.8264293220894324,0.9930235937931727,0.8894259317199925,0.8224797330946829,0.8699448937329277,0.8613623380661011,0.8263540740006258,0.9595338256599838,0.5952035340137762
868,2,0,0.548153552238941,0.5569896303574008,0.6503502130508423,0.5175608566433583,0.46296293768371244,0.5529041234593915,0.7896891819093818,0.8548451217193502,0.8474915027618408,0.681416131512896,0.9563894082411032,0.6083037453117183,0.5431718891550572,0.594832822770496,0.6309942603111267,0.41215816302266345,0.46841414588671243,0.6094600537842878,0.5440492710848431,0.5774779170720186,0.6549264192581177,0.5060281448488444,0.44314263467210036,0.5386712395731348,0.5394677740527153,0.5681428365989228,0.6000420451164246,0.47161974929306366,0.4738035608042636,0.5837306784509019,0.8173900382192268,0.8711668865951018,0.873759388923645,0.6615141066454637,0.9866650063982156,0.6938448025337082,0.7756129702046046,0.8611900551431957,0.8619892597198486,0.6452781149846986,0.8015688841744973,0.7080385370007827
869,1,0,0.08692526356622661,0.1367337989911914,0.10000117123126984,0.11185251087051618,0.004508593951569882,0.0815302427865857,0.0918767812614684,0.1330575489649215,0.10753243416547775,0.11836087709771681,0.0067231890079370036,0.09370985707128886,0.08682373921445934,0.12856551045853826,0.11538548767566681,0.11136588547119936,0.003994362432789035,0.07480745003410325,0.11980413393772193,0.14647853191067398,0.11575447022914886,0.11889156249414519,0.005191352829997763,0.2127047522246439,0.08576482158102591,0.13106020517938585,0.10390394181013107,0.10934462754352964,0.004866600163417073,0.07964873320866594,0.12619900251210145,0.14368042494708635,0.1177978590130806,0.11811075720592444,0.005821431265584395,0.24558454012883155,0.1274070467937265,0.12188164651490124,0.1176564022898674,0.12630252643979026,0.009802118566210195,0.2613925401578633
870,2,1,0.9307662269012248,0.8975941221350242,0.9345901012420654,0.9140377372056326,0.9879447175813324,0.9196644563420698,0.932431434136984,0.8941500845095607,0.9124220013618469,0.9399744630457858,0.9937420830868633,0.9218685386808637,0.9428370088320156,0.909091931199293,0.9261988401412964,0.9218278369369561,0.9968997692491519,0.9601666666333807,0.9413130054484682,0.9361584849195488,0.9411526918411255,0.9277402171903882,0.9961100257738466,0.9054036075174321,0.947464934248257,0.9081101308916336,0.9300410151481628,0.9410870628343248,0.987686706285822,0.9703997560813415,0.9475055154054599,0.9184389610841759,0.9270188212394714,0.9339459538023466,0.9983624851697246,0.9597613557315811,0.9601498533805373,0.9191490390728468,0.9437838792800903,0.952518479770763,0.9920509972747524,0.9932468715042337
871,0,0,0.07231776543713674,0.09619220301727224,0.0950937569141388,0.09736132599259348,0.0035189373450648168,0.06942260391661435,0.07350017090626743,0.10097656195518122,0.09243880212306976,0.10159319706471516,0.003966743903949671,0.0685255494844213,0.07507336699535541,0.09776936329112466,0.10628920048475266,0.10327343585316821,0.005096484093145095,0.06293835125458637,0.07682766222818482,0.09666536835587132,0.0905018076300621,0.10071619785960069,0.0027974600787068374,0.0934574772166832,0.07270609328487035,0.09422770457254472,0.09209858626127243,0.10537916343911141,0.0037854329503144712,0.06803957920110867,0.07932881372980388,0.09908289253301168,0.10010141134262085,0.10363154424474183,0.0039840397467158385,0.08984418078192924,0.07926153950224642,0.096881758674142,0.10059309750795364,0.10511835544760181,0.003328632424870581,0.09038585345666408
872,2,1,0.9550606252573026,0.9316026403206747,0.9345545172691345,0.9479441074932156,0.9987746818398882,0.9624271793635999,0.958196065676335,0.9283275548000307,0.9391200542449951,0.9576558255694054,0.9987058348728834,0.9671710588943601,0.9498039096966441,0.9241625557698157,0.9291216135025024,0.9256477038918344,0.9979982659251281,0.9720894093939397,0.9463005743422519,0.9213595303942207,0.9353328943252563,0.9123258994962072,0.9983010002894755,0.9641835472060997,0.954342566822725,0.9194475675066551,0.9358333349227905,0.9459003608038318,0.9964608903604404,0.9740706805199075,0.9561921563671429,0.9242697095905021,0.930359959602356,0.945927742071327,0.9965889011232275,0.9838144694483019,0.9548531685502828,0.9238061856457036,0.9316383600234985,0.9349073883912563,0.997623088501516,0.9862908201894394
873,3,0,0.15536418175433941,0.1874879335664367,0.15378622710704803,0.13899864848709265,0.014214922774057526,0.28233317683706227,0.1946302803534603,0.28131427383472846,0.21106770634651184,0.22045534800771785,0.024320774672958952,0.23599329890538442,0.14669363687053977,0.2235468182864158,0.15320613980293274,0.15973546200619657,0.015186963564208006,0.18179280069294584,0.12581948193942466,0.12983353240738726,0.12774354219436646,0.2231061756443328,0.00249977141320305,0.14591438803783377,0.17564879207026143,0.18822571645068623,0.16205552220344543,0.2296308307604966,0.013992226915343246,0.2843396640213356,0.1679040969928368,0.23680039882214288,0.18004535138607025,0.23283936933408472,0.007937518951430437,0.18189784647045565,0.17386214531625171,0.27300964323789984,0.17765694856643677,0.21376560607574688,0.004541550843773164,0.20033697785740184
874,0,0,0.06230135587247647,0.0956080901785981,0.09983525425195694,0.07517139770370963,0.0035189373450648168,0.037373099883052895,0.0652376747170094,0.10153765481667838,0.10261837393045425,0.0780762926017582,0.003966743903949671,0.03998930833220655,0.06705951505146775,0.09604094691769689,0.10192625969648361,0.09359316468671348,0.005809530296285715,0.03792767366015905,0.07007731136444387,0.10664808185057943,0.11510488390922546,0.09146367992855685,0.0033873559068098077,0.03378255522704776,0.06295363809914709,0.0931556164988279,0.09669406712055206,0.08330382679783178,0.0037854329503144712,0.037829247128209224,0.06754189878613664,0.10054804174678095,0.11011329293251038,0.08489589743254768,0.004066594901122593,0.03808566691772164,0.0658441491838326,0.09781944088016832,0.11069509387016296,0.0821119733932542,0.003879130869231774,0.03471510690634582
875,1,1,0.8991449019352951,0.8890615331147832,0.8664349317550659,0.8602407929267888,0.9623691565159156,0.9176180953639218,0.9045093908215808,0.898810744619121,0.8752048015594482,0.8653126854057436,0.9746264551519309,0.9085922673716602,0.857083818109906,0.8476620192611517,0.8270342350006104,0.802334396457896,0.9048192635402934,0.9035691762895789,0.9107561957960953,0.8852378208219952,0.861113965511322,0.8634201675790544,0.9798584328429691,0.964150592225136,0.9003006666979655,0.8866989978356811,0.8806192278862,0.8363597767253549,0.9656322434537274,0.9321930875888643,0.88890810429299,0.8683773351730546,0.8506231307983398,0.8059916567795957,0.9757229838795712,0.9438254148343893,0.8845721175737765,0.8611467824158725,0.8568643927574158,0.8201681237585917,0.9470877437689291,0.9375935451680728
876,0,1,0.6739624878118133,0.7221068672378369,0.7151942849159241,0.676374401999164,0.5009953389141081,0.7551415459920335,0.691808425090579,0.7609235638310112,0.7458641529083252,0.6732716757958397,0.4968562262130321,0.7821265067046873,0.6681723631712286,0.7132537877772803,0.706172525882721,0.7001417564866692,0.44013355931078696,0.7811601863986856,0.6999277436138156,0.712135989352294,0.6628500819206238,0.6544258125679749,0.7715502976776266,0.6986765365505587,0.6533759961551542,0.7201769496553913,0.6807637214660645,0.6524339130980542,0.44013629935539283,0.773369097200868,0.7441558398196874,0.7276492929187702,0.7117562890052795,0.7185159460897712,0.813211884539484,0.7496457865451311,0.7303401394531386,0.7436418409765234,0.6963745355606079,0.6461907748943617,0.8148321547648933,0.7506613910693066
877,4,0,0.05696032875607395,0.07650338806875309,0.057403527200222015,0.07885484466965763,0.0021765929703891295,0.06986329087134793,0.05850320881225794,0.07368443616041982,0.05038440227508545,0.0881711057799479,0.0021355147209723203,0.07814058512486421,0.04568293534149771,0.07006190095131788,0.04592946171760559,0.07698026059857173,0.0009941032058932294,0.03444895023410009,0.058517567598189456,0.08284993727879342,0.054000068455934525,0.08818602062510283,0.0017648384711048575,0.06578697316001166,0.0598515815962979,0.08182879247275264,0.05387389659881592,0.08321644495659786,0.0022945849573819716,0.07804418899594108,0.05033408096949025,0.08075275378685941,0.052049338817596436,0.07612325473359013,0.000983206292080343,0.04176185121732489,0.052888549274262765,0.08224222832195865,0.04611939564347267,0.09398916513081755,0.0012080866156450071,0.040883870659419945
878,3,0,0.0741586711765561,0.08922165406298528,0.08450838178396225,0.10048672184731311,0.002877358223228005,0.0936992399652919,0.06807570630244487,0.09482107346967909,0.07548394799232483,0.08791995655581472,0.0039058172116222985,0.07824773628278342,0.06792367814345776,0.09087380372356439,0.08525034040212631,0.09429941465656107,0.0017707189542780694,0.067424112980759,0.07420201243501515,0.090456155609304,0.08297193795442581,0.10079925562553815,0.001989361957455274,0.09479335102835254,0.07422393204785016,0.09044342356311591,0.09052690118551254,0.09618503834590797,0.003053436811736443,0.09091086033297795,0.06212353397398947,0.09144308403039722,0.07566695660352707,0.0920017745238383,0.0022623291319809917,0.04924352558020372,0.06008008876175772,0.08739056926954429,0.07773411273956299,0.07943796989822448,0.0020413171953107103,0.053796474706146145
879,1,0,0.07756605784335627,0.10694554713370108,0.09562119841575623,0.10565968699840966,0.004224391307149522,0.0753794653617648,0.07560148988794675,0.10181182570600664,0.09502668678760529,0.10196530159782405,0.004269400788881147,0.07493423455941658,0.07676470917336274,0.10052761831006726,0.10565529018640518,0.10440563070038325,0.003922103392899125,0.06931290327705891,0.08725761569876997,0.10596950136214267,0.10332626104354858,0.11226321369102672,0.0035968732630452154,0.11113222913408673,0.07797070897326777,0.1056122208847105,0.10088642686605453,0.10621378347745546,0.003663829534618988,0.07347728410349937,0.08270799082232479,0.1006571151415709,0.09895225614309311,0.10972950287925452,0.0055072547052474555,0.09869382524245797,0.0823676429602787,0.1009469833886488,0.10270469635725021,0.10839352100743871,0.004301790032198723,0.09549122401585701
880,1,1,0.9452276376765181,0.9173433798269005,0.910674512386322,0.956663500065165,0.995153133683014,0.9463036624211881,0.9466656983937136,0.9173101311329512,0.933176577091217,0.9592830706231933,0.992100884206309,0.9314578289148977,0.9474697592126138,0.9086017732494441,0.9324421882629395,0.9621966879853547,0.9919096909183815,0.9421984556469493,0.9573678275948934,0.9307403996881074,0.9353652596473694,0.963403963634453,0.9828907734246847,0.9744387415798527,0.9513058352677447,0.9157547353906315,0.9255128502845764,0.95108974872299,0.995367920273414,0.968803921667112,0.9662903462996025,0.9352614746145868,0.9544005393981934,0.9734925266815427,0.997219886496875,0.9710773043068152,0.9664493446330493,0.9382816940355202,0.9470052719116211,0.9581816752619948,0.9978499225244275,0.9909281594316831
881,2,1,0.9610416715045792,0.9338238097140756,0.9543956518173218,0.942924976093152,0.9991999236231826,0.9748639962751648,0.9578108766604337,0.9250761116183496,0.9496938586235046,0.9398632044906108,0.9992369754319728,0.9751842331377316,0.9566981998727954,0.9308187385421098,0.9556082487106323,0.9179151497176549,0.9996310060796156,0.9795178563139637,0.9640787908077719,0.9311586028116061,0.9520693421363831,0.9593697780238932,0.9991515265160127,0.9786447045509648,0.9522697305452065,0.9258238469663013,0.9528492093086243,0.9348925070769122,0.9969919261247769,0.9507911632494174,0.9606832442059456,0.9368287619887801,0.9468199610710144,0.9384648102437573,0.9971496061594066,0.9841530815667695,0.9590796583181277,0.9399086176988918,0.9475345015525818,0.944573492544181,0.9927500018053959,0.9706316779895885
882,4,0,0.07678814195872087,0.09749325149809733,0.1254359781742096,0.10119495286953785,0.0028888560099724855,0.056927671241787124,0.07800652058789789,0.10106390030166162,0.12796960771083832,0.10893239413625545,0.002852716003673849,0.04921398478706019,0.07814291587389353,0.09819761557365937,0.13586217164993286,0.10097846365286021,0.002878606125532519,0.052797722367482695,0.08824764428928727,0.0985988569018167,0.13657690584659576,0.11322275718525661,0.004389967079428416,0.08844973443333894,0.07530931892644206,0.0974874161554277,0.12558992207050323,0.09512797330225396,0.00263827631273065,0.055703006791294724,0.08291224627796905,0.09381182235650122,0.14011380076408386,0.10766169787931774,0.004559630884539381,0.06841427950540308,0.08038389007110341,0.0945307666411727,0.1274053156375885,0.11022283822698595,0.0033393471113804347,0.0664211827383895
883,1,0,0.6589453208698266,0.6356957334784167,0.645765483379364,0.6617388573932848,0.6189987088156145,0.7325278212824534,0.6791361383898181,0.6368466438408615,0.6619921326637268,0.6858438730105303,0.6666754940640066,0.7443225483699655,0.7136863679406349,0.6855089155417887,0.7154905200004578,0.6714943520370015,0.7563940149763728,0.7395440371475539,0.680713583764426,0.6764033739892367,0.6437283754348755,0.6291538613413946,0.7072383075416196,0.7470440005150041,0.6657925903183194,0.6411327708289789,0.6834720373153687,0.5954767116002039,0.6874928576356809,0.7213885742113645,0.7393869287492111,0.7143842661412781,0.7079051733016968,0.7081896412102157,0.7966191562832395,0.7698364068096254,0.7532454162152735,0.722074617260785,0.7160830497741699,0.6816629623084585,0.8712035421007226,0.7752029096322315
884,0,0,0.10136998934815311,0.10967837337491754,0.10949434340000153,0.12300609210686887,0.0029958337407636677,0.16167530411821393,0.10920997759834053,0.10892733413271725,0.11375714093446732,0.14989084454715135,0.0028680285668375377,0.1706065398105291,0.09850275294115543,0.10616441204506186,0.10871836543083191,0.1209508688636322,0.001814636526585856,0.15486548183966528,0.09402929593858121,0.12122010768086888,0.1124255508184433,0.12532570917073205,0.004431280684430871,0.10674383133843096,0.09954521552476193,0.10600693416076354,0.09974232316017151,0.13439025352405898,0.0027662865389564088,0.15482028023985922,0.10152305804442423,0.12330571886112926,0.12974567711353302,0.11911985050027486,0.007463332741057502,0.12798071100612654,0.09778885248130596,0.10737541801354791,0.12078061699867249,0.11836074442093625,0.0073974274355022825,0.13503005553787095
885,0,0,0.07501449499907069,0.1073109733491703,0.11249063163995743,0.1112013565709851,0.0035189373450648168,0.04055057609017587,0.07648626536522321,0.09785025607233493,0.12567119300365448,0.10754954652930594,0.003966743903949671,0.04739358731687105,0.0724575349659482,0.09675797590261727,0.12453033030033112,0.10185456838194949,0.005150569912916895,0.03399423033192622,0.07258811160407763,0.10056707448965867,0.09650826454162598,0.10837188315570674,0.0025502504898869956,0.054943085343509765,0.07819927603144924,0.10913388651978415,0.11992183327674866,0.10991395625241762,0.0037854329503144712,0.04824127115798132,0.07427990112290454,0.09796644576466772,0.11005312949419022,0.11679505984693497,0.002806816919582713,0.04377805358914709,0.07688106330060314,0.09578382029366307,0.11013810336589813,0.11423380363178531,0.002509498101399032,0.06174009111027011
886,0,0,0.0650845456042137,0.06629563374701067,0.048597030341625214,0.0670239829878406,0.00506955780440297,0.13843652314018912,0.08082211579575123,0.07721356460232415,0.07904444634914398,0.09311000562379292,0.0008295716389444385,0.15391299076455064,0.06576666501142849,0.04873597680757141,0.06217523291707039,0.07707066308014787,0.007592136817826315,0.13325931543452643,0.0819207127116033,0.08418807359115608,0.056418709456920624,0.0719229614302396,0.0014476791993012612,0.1956261398803989,0.027294486721463618,0.053452519056973076,0.045368168503046036,0.02347141504402166,0.003842281494559237,0.010338049508718073,0.0748737258980542,0.07551158927443516,0.08419236540794373,0.0828848507092449,0.002352259802141705,0.1294275642965055,0.040711352732180295,0.07363169572561314,0.07575218379497528,0.047690861862626374,0.0021644687174698606,0.004317553560216827
887,2,0,0.1827993921680346,0.20001218891611197,0.205995574593544,0.25985393060123124,0.01900094502711948,0.22913432170216627,0.1561891852932565,0.1461702092129757,0.18064147233963013,0.2340908744117267,0.017517155267982833,0.2025262152339672,0.17464492702683007,0.1960784683325256,0.202424556016922,0.27360439145816434,0.008374512355263352,0.1927427069712751,0.13812822225268026,0.19129895827712554,0.21425701677799225,0.24430905579897302,0.03626595778932365,0.0045101226199869195,0.20181501024275356,0.19542192732660818,0.2153349667787552,0.32658307263422515,0.036539341841732464,0.23519574263244672,0.1205528723168495,0.13692636955745147,0.2374882698059082,0.2100581109664872,0.009057302858031026,0.009234308396369588,0.11660418661327969,0.14261650642880058,0.22786949574947357,0.19801465017013398,0.009650582011291486,0.0048696987066987754
888,3,1,0.9497219669596062,0.9257964242496495,0.9185971617698669,0.9444187301096159,0.9958395674420917,0.9639579512268068,0.948603910428558,0.9178097021078291,0.9141557812690735,0.9493409198230822,0.9992531675801101,0.9624599813626944,0.9541538648094843,0.9282324462808499,0.9141340851783752,0.9519823198279241,0.9967722743344422,0.9796481984258292,0.9448717699913853,0.9128124017910566,0.90453040599823,0.940565340230257,0.9954133146316695,0.9710373873057141,0.951394813723048,0.9220379501094778,0.9278417229652405,0.9469308252819808,0.9950507098875321,0.9651128603710093,0.9508288238279287,0.9249350932728009,0.8998059034347534,0.9523872223833961,0.9970078034908832,0.9800080965578098,0.9515312110146535,0.9299851569871579,0.8974241018295288,0.9478363386322236,0.9981499830279528,0.9842604745964044
889,3,0,0.5289506669378824,0.6674313240032429,0.6518256068229675,0.6491126805970613,0.46287345595281765,0.2135102673133226,0.5061630686026172,0.673459605291617,0.6349266171455383,0.6270420372853175,0.2932867560781239,0.3021003272124895,0.5175480886983814,0.5962910556387552,0.5952114462852478,0.6927246343352107,0.5810351247273465,0.12247818250534667,0.5090031361218101,0.6576671255181902,0.629083514213562,0.5833444312580064,0.5962884128206614,0.07863219679863086,0.5601582409251232,0.6500032877231529,0.6767237186431885,0.6988204370703921,0.3766222663386082,0.3986214948502751,0.42122028236023834,0.6304281938725559,0.6017113924026489,0.6948941780841954,0.11196259278546553,0.06710505465632528,0.4648783865918416,0.650729813352443,0.6201645731925964,0.7209769958523693,0.21979725095374206,0.11272329960805742
890,2,1,0.4949503030848155,0.6182895742739678,0.6155219078063965,0.4721862494160488,0.3620337113363606,0.40672007259130366,0.32848943337795555,0.36701206552929055,0.4340702295303345,0.37026181551783177,0.06055313932841359,0.4105499169839073,0.5242572606797018,0.6399190788489267,0.5942390561103821,0.47838647552664937,0.38330189652414304,0.5254397963884078,0.529678690357932,0.6843958428673558,0.6722099184989929,0.5462640910081025,0.34465604267528854,0.4008675567399207,0.5133916170840904,0.6316190093376233,0.6331593990325928,0.4803352358526407,0.36336395715656,0.45848048404103564,0.37746770252954065,0.404155508334019,0.47138598561286926,0.3682475451735399,0.06853237024784668,0.5750171032794283,0.4074778645054168,0.41722483065041926,0.4823799729347229,0.4482815542548599,0.18034847056147033,0.5091544941256115
891,0,0,0.08787840133774201,0.10320659168757479,0.12567411363124847,0.12231460736449931,0.005629025283004156,0.08256766872238329,0.08246980598278898,0.09800137576443059,0.11164882034063339,0.10073003880693313,0.005724853566709813,0.096243941435238,0.08683809521376612,0.09536883605630442,0.13464368879795074,0.11290020484725977,0.005435249952051017,0.08584249641526465,0.10062961653005967,0.1024579331547353,0.1259024739265442,0.12155832125220592,0.007947658400301724,0.14528169591651127,0.09025034263562502,0.10970322382934933,0.12813253700733185,0.11509235367718283,0.006227839494823373,0.09209575916943774,0.1015284200936788,0.09693945290331422,0.11581866443157196,0.1161239173364773,0.007895545949949014,0.17086451984708148,0.10631425634634192,0.09701994017383082,0.12084250152111053,0.11463311969536438,0.007794511716453836,0.1912812086249501
