PassengerId,fold,Survived,baseline,AgeMissing,CabinKnown,CabinCount,CabinNumber,NameLength,CabinCore,SurnameFreq,FamilyGroupFreq,SharedGroupFlags,TicketComposition,FamilyComposition,TravelGroup,IsMother,AdultMale,YoungChild,FamilyClass,AgeFamilyRatio,FarePerFamily,SexPclass,TitlePclass,AgeBand,FareBand,TicketWCGDetail,FamilyWCGDetail,BothWCGDetail
1,1,0,0.09501849124875339,0.09785258049239161,0.09700442962562857,0.09258001110296848,0.09386855732870554,0.10102761844987318,0.097031042665802,0.08787691293676098,0.08858067135097263,0.08765950867373902,0.09388528661751348,0.0886037364508258,0.09045891649501986,0.09805418735198455,0.09874790481818711,0.09817254304862429,0.08835769703557224,0.09026224065841548,0.08926538425206144,0.0989295192409595,0.09672932784954703,0.09641395610175824,0.09747537462695229,0.09525355149637282,0.09787885606778791,0.09762199445772342
2,4,1,0.9519106850286069,0.9509492459290948,0.9506074481582439,0.9517517097250958,0.9556035525094667,0.951169362596698,0.9582228403059762,0.9513174568398298,0.9518546284642904,0.9502229501005676,0.9478775364477393,0.9440739128158858,0.9542950675372376,0.9508401144033295,0.956356480643604,0.9525298130781962,0.9528838626896182,0.9560993445141325,0.9555209004872726,0.9533068905488404,0.9483115934435418,0.9511237646196413,0.9570935629101048,0.9526212285663481,0.9543844002515293,0.9534343794551517
3,3,1,0.5622556415136156,0.5680774600010761,0.5750330896325049,0.5687255999275809,0.5663697162554765,0.5550425127217588,0.5698457508610977,0.5700017855899521,0.5650734949375026,0.557796609511899,0.5776912112928317,0.5672492805556157,0.5733376062742682,0.5623612899650677,0.5663771496826514,0.5665638600971579,0.5703062963973017,0.559876889481416,0.5679387991259728,0.5702778141153874,0.5614872652884975,0.5717306625578601,0.5573292834101266,0.5521144547930594,0.5631565071808327,0.5614152462244665
4,3,1,0.934367554564758,0.9306035781870176,0.9343362255427134,0.9350359540357881,0.932988511043786,0.9341185120162271,0.9283300978257834,0.9361872031535139,0.9352076609476412,0.9296028903958587,0.9299424292902598,0.9328829313020197,0.9342667096523497,0.9335748621101322,0.9317282565017285,0.933374696481887,0.9359927005741507,0.9302050170825479,0.9317442194898159,0.9324718217255614,0.9300093767384728,0.9346659609944631,0.9344968434492911,0.9314734908703878,0.9342242560055244,0.9409258294521815
5,0,0,0.12493738815890282,0.12199259154465458,0.12058745256605696,0.12778350876818315,0.11927067838430795,0.12872937705987023,0.12366944298631195,0.12066105409771022,0.12099125650167024,0.12318774211138529,0.12592534965714075,0.13905389229176884,0.1667540431167979,0.1255773779317155,0.1198472496754875,0.12051874365692866,0.12449074782335694,0.13230753701766984,0.13097688555812698,0.12582145031631292,0.13067794064475122,0.1321554747242749,0.12760614556302877,0.11153350815879855,0.1480011116648725,0.1250441587920221
6,4,0,0.12461834186641103,0.12466567875692632,0.12286564943301208,0.1260987456147311,0.12746475024748175,0.1161244625117454,0.12084571450206254,0.11990116485804668,0.12435445190593426,0.12331338333451541,0.11932562274676138,0.11837501846730221,0.12171279775030165,0.12524059680401092,0.12417017033632943,0.12679901437508426,0.120166691695227,0.12501129534220526,0.12126726590663843,0.12411383712658912,0.12568477738102293,0.12280746182425532,0.1279451333884415,0.12068270645051538,0.12239845368498375,0.12419244184578315
7,0,0,0.19857565649649075,0.1903783679689269,0.2061731184528807,0.20724295071556673,0.17536302201272266,0.18906166657506263,0.18111821529100056,0.18529036188222828,0.18739461503405275,0.19842813355246522,0.18839917484570742,0.20919165756627248,0.212325310780041,0.18269609072593607,0.18609163869098952,0.19731453731339696,0.18628382779407668,0.19678614292169092,0.20224377465480106,0.18565861506264159,0.19105127709633904,0.17641390629418038,0.19554260948933888,0.18582869718942163,0.19217528612432164,0.19156573013835623
8,4,0,0.08313834740401342,0.08236858701513507,0.0830926505135605,0.08168515445497877,0.08119774673850523,0.10246703330968322,0.09257920087531951,0.08785553895959747,0.08162841012346575,0.08863665587410514,0.09535808064426225,0.08579374242157319,0.1012325355186614,0.08072800377045353,0.08143985561204116,0.0868471502395174,0.08104403304613235,0.0824510226025681,0.08434635974989675,0.08662362648998029,0.09951352072962732,0.0850654868849167,0.09383227418868324,0.06746573949598642,0.07577384352198926,0.07342439176884345
9,4,1,0.7651229574076863,0.7713975299259995,0.7531691079594219,0.7440160857261673,0.7336866427549623,0.7415981274831974,0.7482600716716233,0.7233179575493071,0.7543765617536567,0.7675307345884512,0.7712430352549514,0.755694937089491,0.7483799123284359,0.7705005051393959,0.7700702313730261,0.7570869342977686,0.7578898362688266,0.739284549321484,0.7388714487474403,0.7132180775710629,0.7363502205273891,0.75266749341912,0.7440572610075168,0.7528660189061821,0.7754654275408286,0.7750227165957502
10,3,1,0.9028940149107276,0.9035603032916028,0.8962385587310965,0.9066971579567079,0.9046541401398752,0.9071700636741719,0.8992851159124213,0.9031856759787992,0.9024656426788672,0.903523066901878,0.893715347465386,0.9040595565538531,0.9017311558162272,0.9049743613109421,0.9027185874422329,0.9015446838236261,0.903200382676336,0.8952596263683827,0.905857396380377,0.9123200019403693,0.9020147296731066,0.9025402768800307,0.9124911690285655,0.9116346091772614,0.9174367084502973,0.9153310495701487
11,2,1,0.9259642511579026,0.9283808782117074,0.9326286702249172,0.9350236525988694,0.9300733956246142,0.9273731738381655,0.9201551437495894,0.9378270183408578,0.9360764027952113,0.9390861008534462,0.9329078980003968,0.9332220090998792,0.9335141392475469,0.9300561609195452,0.9376876305938054,0.9298910620206154,0.935426565578574,0.9327278837717836,0.9338756186631946,0.9242433520301369,0.9327235811615694,0.9321001691948364,0.9324052624898997,0.9488278200375069,0.941517238574852,0.9456758492100684
12,4,1,0.8610046717742456,0.8652939943244152,0.857193122613879,0.8564185792415685,0.8798931391292838,0.8477474173605523,0.8845961894764062,0.8617543813613019,0.8688917766685592,0.8644282902381976,0.8492155927295523,0.8609653418705339,0.868411172855366,0.8665156197164611,0.8720115156651107,0.8536025847360835,0.862101253744302,0.8293936053266053,0.8629070956585899,0.8552800905307466,0.8457190259203334,0.8624963117313184,0.8597489075179684,0.8587784115687455,0.8594643078014256,0.8656587652436003
13,4,0,0.10965494191525293,0.10881866129117124,0.11258060470655845,0.1117477773141261,0.10930717419487794,0.10875753588089022,0.1089830555562686,0.1092734676296272,0.11047913570726348,0.11266084484186778,0.11034025074441955,0.11241912651138113,0.1129827293705495,0.10875418124042287,0.10673565676835794,0.11322478951143257,0.1092102061428849,0.10411438289521395,0.11064012288765979,0.11232310990126308,0.11066086854562103,0.10941344181783962,0.11765887724285162,0.10649025593434669,0.11183156790341585,0.10716097594080987
14,0,0,0.08219108083354276,0.07450854975550798,0.07104943408053958,0.083113868110691,0.08142241153803438,0.07377270466665588,0.08241989322413143,0.07629675456515705,0.07900853288078345,0.08050315787561872,0.06013995941699515,0.08652602097927486,0.06835979225074061,0.07770057673156898,0.07806004803998179,0.07116959482809966,0.07542321696893994,0.0769433442028273,0.06362772499259792,0.08149611172196808,0.07878759779093174,0.08764402115392385,0.07627004630280342,0.06855765574639452,0.06588076203844889,0.06469490153520842
15,3,0,0.7666786702087302,0.7550165039147911,0.7708285631109288,0.7708527138635349,0.7660624127140219,0.7653711787262968,0.7697045565366877,0.7749716372491479,0.7633046496166248,0.7591114677581396,0.7749241990020287,0.7715851803502826,0.7730912797660361,0.7536797920431196,0.7457064440458927,0.7743131429352169,0.7704755477294477,0.7700011425750257,0.7677065799132445,0.7608765181587519,0.7553080871753354,0.7864145563971511,0.769768663976712,0.7681006494878838,0.7680468409971904,0.7945730347760643
16,3,1,0.6970831741876878,0.6675446097233503,0.6696189402137264,0.6829826566079532,0.6786208312689336,0.6431626067303197,0.6472134319706518,0.654043208287637,0.688390867576338,0.6744384405846416,0.7264513815694755,0.6852264821053856,0.6797854637972316,0.6772254442549008,0.6796047767156441,0.6648837011064258,0.6773343912638756,0.6318639885528676,0.6764202672160763,0.7067206199925978,0.6930958755615017,0.6569268910029229,0.6783166148375975,0.682339152804623,0.6816500899138868,0.6884798090416425
17,1,0,0.05700742749185495,0.058466769411381174,0.05454071833322682,0.05744661898440375,0.05789700899134043,0.06287624739426549,0.053771387942069794,0.0538526041296899,0.05461922616174552,0.05265018366775423,0.06514505268878411,0.06783412425472563,0.059783444421954525,0.05818752881282768,0.05889127727740238,0.05561806606110331,0.060305119341099965,0.056785902551764446,0.059121178716910215,0.05671982399635481,0.05182742652888859,0.05199859002567847,0.05564055968519608,0.04901602615788823,0.04696762340891151,0.04384877277302555
18,4,1,0.10124165475602502,0.10209691126618868,0.10353246693916335,0.10636252204534363,0.10589332576408823,0.10342956783103323,0.10172998582247557,0.09914291634346588,0.10466775812252367,0.1021152964769959,0.10477068309145547,0.08671737241771028,0.09793636462396255,0.10194906621424038,0.10192979952022711,0.10296611829986896,0.10679057253191371,0.11719760330572364,0.10019508314978369,0.09464320638887687,0.100668707623158,0.1068612404751194,0.10515716908811594,0.10879656206763362,0.10787395104346066,0.10439804372642676
19,3,0,0.6973613508661943,0.6861463945201344,0.6954011024802919,0.6972152153553285,0.7015742512219626,0.6985144034353485,0.7020030451527067,0.6927793097258301,0.6943230606504699,0.6997049901797961,0.6688514440207621,0.7131249092260239,0.6894947959859533,0.6825195634998883,0.6951178158136045,0.6941084533006064,0.6797384829609355,0.683545003729397,0.6727889640074266,0.6896302095555313,0.6994204503897293,0.7125875919234845,0.695680573337031,0.7032761255375544,0.697775839660856,0.7007230469568727
20,0,1,0.6264405401568857,0.6341706980174687,0.6395417431367111,0.628823835424801,0.6247532479964151,0.6121180167197736,0.6156549416424593,0.6366002246148689,0.6292356922040089,0.6158966962706738,0.620852181585493,0.6250747293287352,0.6245415517108724,0.6210370989453291,0.6307299908737279,0.6367960257137469,0.6347351893893486,0.6257480346456363,0.6335674091579424,0.613734807454183,0.6129609191867029,0.6176687680021978,0.6297571672539647,0.5990914898334063,0.5983556525467163,0.6155350628864773
21,1,0,0.12141562563091803,0.11764267605965338,0.12213583779546555,0.11785106536333363,0.11950955611049034,0.11772236637106341,0.11974262613076475,0.12395341155872304,0.12428627681228777,0.11977926377659372,0.11330981047143374,0.12088180044500214,0.11096195580060297,0.1192339501957208,0.11759909632767847,0.12350710485546945,0.12133179586065009,0.12919738842745018,0.1313293332800437,0.11151291526787778,0.10844908964542364,0.12313141839407067,0.10596534988441746,0.12138178757916396,0.12253051941782567,0.11368621572621308
22,3,1,0.18291657595271818,0.17556816459217817,0.18758074583965292,0.19115248991447711,0.17699511973018742,0.14659485223535743,0.165508955289701,0.17906948912348694,0.17489478553472715,0.1733561668578285,0.1601030723151369,0.17002521960161343,0.15842969658403608,0.1739437241769879,0.1810437741001267,0.18495773503870303,0.17349343579780743,0.18448679908591034,0.18767365592215482,0.17638343881799026,0.1839788991715838,0.18093630657895857,0.18037187958811107,0.1868780037925084,0.18416889593972052,0.20040049576519603
23,1,1,0.7459169498623158,0.7391841051365596,0.7401739441739226,0.7374079363657491,0.7348797593689905,0.7670099815529486,0.7305174690270312,0.725525542469246,0.7281282452300347,0.7128820617230197,0.7450363255848759,0.7285996692380544,0.750399782630863,0.7410282688232828,0.7482343461163649,0.7407790073070454,0.7362515399585204,0.7377888884462962,0.73203709000127,0.7310105057478423,0.7333552947132351,0.7318478592096024,0.6706402624435183,0.7310631043024133,0.7404845255006034,0.7454598518768774
24,1,1,0.3633123549696691,0.35727919117671386,0.36658477588272187,0.36583593235971673,0.31300963188315717,0.3709248459379206,0.3132697951157399,0.38494230466637364,0.37226946756215834,0.37031820913893515,0.3707604918320537,0.3786953931844443,0.36524755856820557,0.35779227722818413,0.3534012417255706,0.3596393010278209,0.3672456517138958,0.390445711865669,0.35871285462766916,0.36465549986997375,0.35987598930396253,0.36752065291241537,0.36667594673865006,0.36461307056497955,0.36718010496382947,0.36923530410848987
25,0,0,0.05104982781934799,0.05607507827937611,0.05725637543945208,0.05514510521055854,0.056954833742216326,0.05447705162839323,0.054030587517985236,0.05247957183354207,0.05302007206716408,0.052555657370066566,0.05792280594341822,0.06000628713117175,0.05722233043423234,0.05569614559204308,0.05461051197578674,0.05458264758553246,0.05142300756489628,0.05501207637164938,0.05481690194168379,0.04654139731978285,0.050904377334370345,0.04994421405191755,0.05261070511263934,0.04590526429425687,0.04952759717888038,0.03868021948572955
26,4,1,0.3160423633981252,0.31854563751528553,0.3565902348956312,0.3208975256541982,0.3287564741062723,0.29491876114821747,0.35082439854773795,0.2897121565943516,0.29610442598784686,0.310563143156183,0.29967756145124985,0.3227664451015977,0.3011854412195765,0.3238735291631732,0.31139938184109833,0.3102098352113977,0.30500902763235893,0.30977111530235785,0.32769229543628214,0.3188636144756365,0.3054367306139749,0.36497417019102185,0.3466764326556972,0.3939604398875942,0.3474451613047043,0.41164675847526727
27,0,0,0.11721439952785406,0.11585500804883031,0.11689911248670659,0.11762145998128994,0.1182804572256884,0.11711988586784433,0.1150892939915635,0.1174943858294649,0.11502718732807395,0.11938287196806396,0.10976159194034772,0.11854097477448185,0.11293577359474449,0.11687157818622497,0.11742854309578137,0.11679809647860773,0.11686535296194911,0.11254102427807293,0.11483972784231809,0.11840418945100865,0.1147511808547396,0.1152086245752779,0.1177849553823509,0.11758779004692003,0.11403040871381563,0.11828746091064109
28,2,0,0.37119829982973895,0.3476404271932217,0.3405436398327075,0.35302330339242993,0.39874796306412047,0.5021597586089871,0.44363144400835547,0.38765793443976154,0.3423000917188381,0.37158885417544013,0.37251617466359704,0.3896908230174024,0.3827676742565685,0.35581483405894976,0.3709260769543771,0.346845042597466,0.31515535881381745,0.3928995869938073,0.3671648926631233,0.3956190247064521,0.3547863051128503,0.3386231814151326,0.37740781676938234,0.3541641439217887,0.3451949899146807,0.3285210701043883
29,0,1,0.6960713417409116,0.6863926040837492,0.6917590362241643,0.6915088966725063,0.6874217774594488,0.7136187802480611,0.682551217049049,0.6901134541491537,0.6904084099101131,0.6912151022711615,0.6938607942156896,0.7018457918363201,0.7025863267748981,0.6904989899748482,0.6942708117337663,0.6914900859939493,0.6857727132366166,0.6846544553221614,0.6924405642593192,0.6899703323055361,0.6864018040775308,0.6913892504096851,0.6927633984816733,0.6889286953247925,0.6844454927462071,0.6825798358420823
30,2,0,0.09803946699818498,0.09714828425399535,0.09746915023922131,0.09761517300321444,0.10223338924842157,0.0848444240172989,0.0996958634784507,0.1035678157370279,0.10166719812386284,0.10138810071274838,0.09606373023345179,0.10189523013830613,0.0986694563940856,0.09821211646508389,0.09723230556043803,0.09848731479474389,0.09895204239498202,0.09606388661643016,0.09568575330251061,0.09810223662050584,0.10118920512347546,0.09805340227638737,0.09709611595320318,0.09680958224516939,0.09784990169694108,0.09779105274261295
31,0,0,0.6665021802855059,0.6631086572669959,0.6836277544846028,0.658862989411858,0.6444109700042885,0.6571331049990663,0.634175724159038,0.6789082132784704,0.6706156227160743,0.6603879895537207,0.6572316619982271,0.6201895909022729,0.60343487141125,0.6721346935342215,0.649942579651559,0.6898230448985662,0.6656499791473114,0.6817398490567212,0.7047028733629085,0.6578356695097858,0.646493786762436,0.6577050409386141,0.671015348697916,0.6746491322474873,0.656197132174264,0.6588611551990733
32,0,1,0.9679810045119658,0.9689927485922919,0.9710542058202994,0.9683165349061177,0.9650257340331575,0.969584675275672,0.9661721177714027,0.9689125593720352,0.9700493991799592,0.9677645774137257,0.9637205732872974,0.9600475943948322,0.9664155935591742,0.9687033731549675,0.9703130021760437,0.9702613083028119,0.9716372709100103,0.9678947491050357,0.968348920618976,0.9672336244462431,0.9675797685435829,0.9687221500997575,0.9678780531682785,0.9657322962836649,0.9654703147532202,0.9642901127181821
33,4,1,0.6667139709906139,0.6662278011118513,0.6691785658109654,0.6685974125969053,0.6702645692688004,0.6571458417966132,0.6702770104599739,0.6565039032989882,0.6613420659232497,0.6633884852322424,0.6684504049330305,0.6698848245509418,0.6739390200821184,0.6669956391187174,0.6706395855118511,0.6624396920559014,0.6598967581568453,0.6597123090923612,0.6632239330952251,0.6631927693639766,0.6695492078407449,0.6686912955933106,0.6706179219161003,0.6633943425077079,0.6633430930782745,0.6636374585112627
34,3,0,0.11419587641125395,0.11217638680496661,0.11120571300652382,0.11064935281357735,0.09662575096231447,0.11329078081577355,0.10894299337905179,0.10613857549244508,0.10753504269540116,0.12118553545214482,0.09696399476460398,0.10469503023653363,0.09963793737704274,0.11036432881849673,0.10536037425217726,0.11872303100953703,0.11520352507537508,0.12062499367360054,0.10897397339230658,0.11208187610604514,0.09308985535242421,0.10941889140287182,0.11681015847567822,0.1039736139200626,0.10103034187854593,0.11291531330813358
35,0,0,0.48691230261649654,0.5145227750570731,0.5098560026012326,0.48506549192971943,0.4572033902334193,0.510847865855559,0.44903820288933943,0.51304507999648,0.5146257359651333,0.49996387773317985,0.5474118576757238,0.5471833545652963,0.4962288355983455,0.489492444576679,0.5111012123828024,0.5145117602718972,0.5110357771556423,0.5192484879432114,0.5031442470647051,0.513731623466343,0.49806736339985985,0.5443055090004741,0.5036209739760612,0.5308692804160039,0.5118169082252638,0.5504017155528884
36,1,0,0.2906917793174714,0.2897125804298529,0.279750723908102,0.27945407843900155,0.24495411727483649,0.30408423040660365,0.2258082072702793,0.2911536928728227,0.29252215401314496,0.28752639712195405,0.2873043989485837,0.2956046787316429,0.27166188430884536,0.30022771338473625,0.2954883405322071,0.28455780046440793,0.2978652407276859,0.2856849122184932,0.18789372132083346,0.3075327454353763,0.29691881882445476,0.2941567053155851,0.29257039007912644,0.28953128329433114,0.31545771191536026,0.2931280889325087
37,2,1,0.0991455120868983,0.09792044783582154,0.09936646264924805,0.10033060196591793,0.10420588877308705,0.08805834203467595,0.10299751101822767,0.10476818021118482,0.10314726009601653,0.10163435133759324,0.09535830347554859,0.1019194735898807,0.09875894366238124,0.09822754281397868,0.09959006249524156,0.0976635916082273,0.1006105627058232,0.09846904969567394,0.09649914776916439,0.10442510129784777,0.10247143116970094,0.09980478553786865,0.10284574667319857,0.09981013649190078,0.10549914532453025,0.09969111127418184
38,4,0,0.10884792413105217,0.10780590501385874,0.10951451981301985,0.10983245061770476,0.10816350639015748,0.10627680249111089,0.10934729413242567,0.10817788776733063,0.10957243915155346,0.11199232117952024,0.11071748257638482,0.11300520626202394,0.11365051962647847,0.1077337271769463,0.10681695549336385,0.11086710409088563,0.10897796271074489,0.10265766040543439,0.10945696643151054,0.11193891433664456,0.10994800216696406,0.10832091290979935,0.11705057954549286,0.10768849203455515,0.1124557199039941,0.10700743382317797
39,3,0,0.6042091159565203,0.5942633966236341,0.6022483378795515,0.5973258739985585,0.5965216064494007,0.6160210948550175,0.611224353359325,0.6072918252553343,0.5915357075952058,0.5936462932108171,0.590316551531028,0.5971238301401834,0.5975036030197515,0.5943890892611758,0.600671981216866,0.5973001851664232,0.5922301266129101,0.6027254289309303,0.6092834684138534,0.5968371891112296,0.5881260774501127,0.6114869446174223,0.5937565542526421,0.6127260355579471,0.6087210642136581,0.6267182241003936
40,1,1,0.8436266409331156,0.8386739944329992,0.8329113952864496,0.8409579888514953,0.8407705205533241,0.8569654419886276,0.8384106410958666,0.8439042362461437,0.8400497535745927,0.8498142028011211,0.8399847548277241,0.8617509504012868,0.8546483647654045,0.8360694588488605,0.8410175394222517,0.8356043055628882,0.8466412277413795,0.8550755289803824,0.8465897543489994,0.8344632157980353,0.8417160886110849,0.8360129310380103,0.8437405702407613,0.8873879735359353,0.8783705057285242,0.8928296753044102
41,1,0,0.5650496792194609,0.5602661044912359,0.5615058307061003,0.57356796135598,0.5572439177575053,0.5213091317159843,0.5431454352917905,0.5607657343058727,0.5520653302805548,0.5670313371234253,0.6306187179283848,0.6258319027137748,0.6329423464884859,0.5541961668120189,0.5386236628662495,0.5677807198879202,0.5250999355415887,0.5309420048568577,0.5495968486144877,0.5434807267500606,0.5645749220601072,0.5817803285586455,0.6144553402025732,0.5576667765987723,0.54238450415228,0.5501622619607905
42,4,0,0.8483007073302392,0.8508285744642761,0.842263618138467,0.8470653360938952,0.8462308641796245,0.8426239023574364,0.842731036505266,0.849025815097182,0.8492262015889799,0.8501380510795916,0.839833272317386,0.8359612717391611,0.8445864243636324,0.8519509742907404,0.8518103154004762,0.8492211751493883,0.8501978261951505,0.8434360690106463,0.8506086507945027,0.8665455286028522,0.8562093494393924,0.8406024186286633,0.8518842214939131,0.8510637982183656,0.847039776090673,0.842068644185093
43,1,0,0.1257060937974965,0.1297510905549162,0.12714662216354397,0.12938481368720564,0.1255918057776003,0.10805893596641188,0.12684927420711062,0.1314578962666532,0.13207901600488334,0.13310473258314895,0.12091087568386892,0.12556491911333087,0.11785286722302167,0.12644839465919697,0.1279170135324413,0.12375919776105641,0.12802159034768487,0.1249752274669023,0.12907538675690625,0.1294919808444717,0.12806547044783065,0.12635852650753143,0.13307484589374544,0.12648808820194024,0.12905856020392928,0.12481750870843948
44,0,1,0.9585974648155853,0.961543743501684,0.9633571283479747,0.9585327620379283,0.9601923171174338,0.9574503101086411,0.9626090539325568,0.9604636838233219,0.9602888803415303,0.9625944167868369,0.9522906802318105,0.9528356276924607,0.9486296645055168,0.9631223004152426,0.9634137952148837,0.9647355640775279,0.9569683222400428,0.9574009221857782,0.9589769786235601,0.9593872957885257,0.9659706138799695,0.9612559411823219,0.9593522121222989,0.960287301386907,0.9602546514413498,0.9642509803138042
45,4,1,0.668852340221158,0.6610597572403965,0.6645700053323492,0.6643304157545312,0.6613026590500515,0.7097150664824894,0.6621327594446507,0.6576861132873634,0.6617533770090298,0.6635281627261449,0.6640676406451376,0.6611214010818663,0.6723769193531871,0.6614725570541329,0.6682681550030849,0.6612402269998953,0.6599865701942637,0.6594806178563134,0.6636009341304295,0.6548274128740984,0.6740709538436739,0.6698369908200612,0.6693537462066185,0.6609147818651137,0.6655880825974264,0.6632415332690065
46,0,0,0.09866782872522994,0.10250273888026813,0.10422608046411046,0.10154067595004886,0.10273201145625727,0.10329035878757441,0.10746127905720822,0.09934796648115757,0.0987407585985194,0.09944529114086904,0.10065882977447442,0.09455767119184659,0.08958908101494978,0.10433868837319221,0.099311911276314,0.104408425052385,0.09974830965291885,0.10393043886846935,0.09993231881781621,0.10390761326468152,0.10666269449773301,0.10571973938647651,0.10401692014572121,0.1011261705453046,0.10326775252516258,0.10352067590487228
47,4,0,0.13493982940599736,0.13242725487892815,0.12992269034270243,0.12944553785602544,0.13339350595553204,0.1295837687663719,0.13229522560764048,0.1376372954244971,0.13021480980022107,0.12654323024401765,0.137213796699552,0.14121363331248088,0.13873424903159073,0.13310389263268857,0.1327335316467139,0.129650376778258,0.12769874370848186,0.12906247175970076,0.13060993769955812,0.13470138635750972,0.13352679617861582,0.13265897042208524,0.1279747154461431,0.12730864292549302,0.129972434554014,0.13087954527655254
48,2,1,0.670462231323746,0.6671580848327366,0.6702738527549026,0.6666401165247676,0.6619557722264534,0.6701889309345473,0.6711082042035504,0.6673663622496614,0.6685811635324233,0.6698146816197869,0.6768614810200339,0.6877747626067675,0.6742564647550492,0.6685127501172888,0.6727064855276148,0.6660049100427389,0.6671452627115783,0.6745937933555707,0.6724509956571952,0.6664555403106938,0.6656866878705435,0.6715867395591634,0.6678861833154234,0.6641076082793803,0.6570207811380753,0.6603632145216385
49,1,0,0.12825800431831663,0.14149559449010898,0.1343882323335452,0.12845781497393063,0.12307561403858214,0.11177313376524463,0.12070984333260136,0.11438187031644516,0.12206709427155654,0.12452215687556996,0.11510004345816242,0.10854182814572226,0.11586133490508747,0.13504149397288132,0.1369549476463687,0.1369247301061753,0.11623003831620755,0.1207003955199198,0.1209833090607605,0.13985075900068042,0.1314773731219815,0.1402657624289563,0.1322328526382286,0.1333132264428731,0.1387973279750248,0.12547174454924667
50,2,0,0.6289115930781737,0.6508218937850855,0.6348619739998638,0.6435358885003016,0.6413472262648588,0.6671084124814503,0.6409324825391058,0.6498287900776857,0.6366478752259406,0.6356744076942271,0.618773362420018,0.622236590397797,0.6323521934277649,0.6415614444099076,0.6206099725562068,0.6394156748399599,0.6397362407108531,0.646418720629983,0.6347345129367207,0.6229207501401689,0.6550678409467824,0.6328547065074802,0.6486561582192848,0.6388806839738522,0.6487595900815224,0.6402829918847005
51,4,0,0.0496647068623162,0.04759675699939747,0.05004361637091703,0.04922947744558051,0.0485160873107268,0.04959236941279401,0.04941148107480528,0.04729429316042679,0.04720344649794586,0.04667734304808674,0.04787564404656695,0.047568312726274875,0.050947026158651404,0.04681193520261509,0.048553617991231396,0.04495871188905887,0.04880633847546432,0.04602950528493285,0.05258313336568996,0.04820373602724989,0.053573498387667375,0.04596682893380189,0.05355154416177297,0.03655258611950447,0.047642141788225394,0.03897074579997761
52,4,0,0.10480370579721628,0.10421721319690198,0.1048924612293204,0.10502697082114006,0.10468677939501642,0.10290670102330095,0.10575613589307009,0.10614403838754018,0.10618108104559372,0.10931164987257103,0.10728110661139086,0.10794837555598508,0.11285063820180152,0.10445368226831804,0.10556997960604342,0.10443072890161913,0.1045610877034267,0.10114915430495025,0.10656341807522447,0.10923498110445974,0.10514233880448894,0.10757615031478873,0.1106935595219941,0.10569405528196392,0.10677550086780781,0.10620586984180354
53,1,1,0.958955162882333,0.9622204381487284,0.959011472807301,0.9579396045028711,0.960633358302009,0.96448362034544,0.9628162682227362,0.9579969636384785,0.9566142959981306,0.9598813811214638,0.9520195825191524,0.9494805578636925,0.9550556226234125,0.9621067482367631,0.962097748293086,0.9591027749177634,0.9616265488288328,0.960234294982634,0.9569269859488662,0.9661711323846793,0.9558495053880848,0.9620155414267678,0.9607851256393137,0.9486002128085188,0.9602573121714456,0.9506998635963496
54,0,1,0.8518778961251181,0.8512636016808894,0.8507527796030018,0.8584103818564586,0.8588981933155205,0.8544149961491178,0.851333558838637,0.8494324720367352,0.8442134956270131,0.8511663581978061,0.8372606203357948,0.8130902749805062,0.8307417365144817,0.8509444268941194,0.854728344216956,0.8503800889244091,0.8433714458303266,0.845376405902532,0.8621489563213424,0.8563713618650391,0.8465803231898646,0.8616150458798423,0.848324055858094,0.8596211266224464,0.8594159493015416,0.85357585103076
55,2,0,0.24020855367159197,0.23728783344592283,0.24086079980987773,0.2343528152378407,0.23496912490324853,0.39160436009053723,0.2335438677501336,0.22013461168919934,0.23701511279411583,0.2333919864928368,0.23951140789959227,0.26933991706220145,0.24412826299082532,0.23097052121170505,0.22673548155861092,0.23459494971703343,0.22797761498710858,0.2838865054081022,0.22812370611275545,0.21514609143110497,0.22519958930144593,0.23161075993830896,0.21807672701430256,0.22866149457785814,0.23532234707628455,0.21958751662999268
56,0,1,0.2187368764646496,0.21532581379678553,0.2282887815777068,0.22356210192408302,0.24861714496529053,0.2170219229119156,0.23943711389557878,0.22556793795188443,0.2244774466588515,0.22885002034346255,0.2341788082551457,0.22679042112104633,0.22963947305117094,0.21875742625095396,0.22507207199423696,0.2182423886858702,0.22875068788837236,0.22693886198719013,0.22169706300263314,0.20226786174797984,0.2204556322781228,0.22005604971834747,0.22190547347285539,0.21667537957015193,0.22377967435167587,0.22390357766456778
57,1,1,0.8730445810242434,0.8686622090592285,0.8695762086555049,0.8729954980253769,0.879757657902759,0.881971089030764,0.8686803849872299,0.8791334115395432,0.8806384662430551,0.8703747115694592,0.8793338377255212,0.887271032025886,0.8735793162027994,0.8700586111461188,0.8708263571445842,0.8700795090922702,0.8824431898177911,0.8766871410235625,0.8774614219603065,0.8731019849731138,0.8748578536920593,0.8636014342437438,0.8685928489535021,0.8727512833745436,0.8748355553388979,0.8802103171165668
58,4,0,0.14755902900565723,0.15185553211615607,0.1468583745430282,0.14785724774933004,0.13574671720480308,0.10723107373379222,0.15121346803235536,0.15398659446734989,0.15494782465391038,0.14802804149749363,0.13180615181766497,0.1572890340371346,0.13351384635437502,0.1521398028434818,0.15839395113246196,0.14658075887890198,0.155436475089086,0.1515448446097459,0.1547211690137434,0.149177478942675,0.14143374179100984,0.1509232714161128,0.14595748365493214,0.14158533813324956,0.1524348460908559,0.13276488475697973
59,2,1,0.9598582399706754,0.9551274312391462,0.959513634579155,0.9610365334860362,0.9636054441130798,0.957151249965393,0.9552953731591104,0.9598077283973261,0.9616722388890803,0.9601928394654645,0.9509167039041891,0.9493472515769997,0.9553964463702364,0.9591639666513793,0.9611579470879527,0.9616574147812251,0.9605666853995706,0.962405436684474,0.9592400598476013,0.9646356897900339,0.9628587975105312,0.9590209992057567,0.9592332333806212,0.9660587696502222,0.9639227641210714,0.963572578757285
60,4,0,0.04263169623750321,0.04264698381218041,0.04507253529713972,0.044895683707856966,0.04653127030906437,0.05563406986355602,0.04390751912253551,0.04234800823325011,0.04090079626383025,0.040291002380318075,0.04452449719508871,0.0420748494690952,0.042429835931872835,0.04285185509345468,0.04384511392430381,0.045452584426086094,0.04387629229616965,0.04294683532614954,0.0451303370931899,0.04482123202011157,0.044149900979076256,0.044482768013580774,0.044180046608518604,0.031851135117629104,0.04119357930470221,0.035858274600186486
61,0,0,0.13342933911199847,0.13024766363004278,0.13353610097717908,0.13546020218310736,0.13445317349086391,0.11842070051267752,0.13095634831327704,0.13539910570737249,0.13515300338805133,0.12896539772172855,0.11908659469653034,0.12927376602925728,0.12047401057541814,0.12978122105544673,0.12951381970694417,0.1307521045547716,0.13420880336016308,0.1271305681846503,0.1351516880503613,0.12785323675963897,0.13349976558985716,0.13205398623985629,0.13036535286062287,0.1354312503950614,0.12766574276227857,0.13145680317138086
62,1,1,0.9605468721370877,0.9601462232469024,0.9623936605751933,0.9622618311169777,0.958921108649768,0.958435327358008,0.9604660289112729,0.9645240586273346,0.9635842339304861,0.9647640224751886,0.9590824417333413,0.9634241801035639,0.960696813991936,0.9607434727020863,0.9651942117362489,0.9626387977157966,0.9626975167486936,0.9657887147275522,0.9631507310509083,0.9653621374846971,0.9644245126706599,0.9621664237204387,0.9621334937367862,0.9628467831491778,0.9556665393328186,0.9598974300901671
63,1,0,0.37421087669712766,0.3428421199307876,0.35715263488918453,0.3483929107654237,0.3208319766943828,0.33978491122695614,0.33261038540927884,0.3172144081672816,0.33534682992041126,0.35507326308126647,0.3965379484935019,0.38510652742417223,0.37189417321459994,0.3566305083956895,0.35672345033683867,0.3508744057321618,0.3327440643623601,0.3535769994060671,0.2865830422768418,0.35021284785894896,0.3611721432240091,0.33573974146103386,0.338343264065077,0.3427755493089026,0.34860865596292684,0.33446848023853254
64,0,0,0.051313030002939845,0.05356980875401279,0.05414859069313393,0.05183387251245475,0.05177305958664693,0.05208171761314057,0.05300005371593439,0.05486473100599173,0.05431279236787993,0.05667954783386661,0.05379747354664704,0.05296300572917765,0.049843670840106574,0.05357666228558585,0.05675064775283792,0.056336075133360454,0.054636533421397175,0.0563647568788647,0.05656547171260149,0.052256585098478255,0.054108668095649265,0.05828344922022146,0.055334040327409593,0.04316199051269671,0.045646200593249774,0.04037148805612746
65,0,0,0.31895315388312184,0.31795061489911375,0.3231361380306774,0.3044101103290026,0.31333493253754663,0.3003500784057214,0.30799003680405573,0.3292713337281656,0.3363200770813779,0.32563960585910623,0.336309826983699,0.3138643525806022,0.3233368700318228,0.3173373148642969,0.33149878050324394,0.32088350126750737,0.3282214650643928,0.3196111198458979,0.35554064579952166,0.3227562949556279,0.33219181341696696,0.32849775471379283,0.3370415236852278,0.3271392199930125,0.3286024525989324,0.3264999751623457
66,3,1,0.91202563038431,0.910739947594244,0.9148357376780489,0.9129302438426339,0.9048185802965817,0.8936469005492921,0.9039403169765516,0.9092591723949933,0.9054849574905807,0.9008026731754867,0.919646021801848,0.9132343151460133,0.9096257901155287,0.9115402722008289,0.9173139365451158,0.9122413981164503,0.9090166919579494,0.9065861993645193,0.8995252869903374,0.9072068764330167,0.9009860812516229,0.9193983123936175,0.9129979926671531,0.929651372139343,0.9091675690205688,0.9189941646115419
67,0,1,0.8543909433387471,0.8583574783802521,0.8644989059516757,0.8754469811893264,0.8757047797934456,0.8494130745261481,0.8822399379919891,0.8447332604143577,0.8450369752759738,0.8623566057611965,0.8738483708723876,0.8674512436141147,0.8798933723896031,0.8579159634983998,0.8662615605726328,0.8551451071424326,0.8603522809944374,0.8448544727231915,0.8435353293860675,0.8593230290746737,0.8639797972320012,0.873257504314013,0.8597955203148232,0.8534507650303667,0.8563789177133074,0.8510806874525407
68,1,0,0.10743375219128037,0.10935328598287175,0.1099649700230802,0.10687841453512702,0.10730568659922529,0.11160987839369622,0.10696850339051711,0.11041248696910921,0.10981277509434895,0.11467241259329136,0.10207644301029663,0.10544668145803883,0.10564345196084318,0.11068376482851672,0.1061818738649667,0.1100054396448587,0.10781495760882093,0.10497639974220696,0.10504019089592254,0.10964764689616997,0.11199810656394145,0.10775432289583102,0.11321083879051629,0.11088788486279338,0.10987283271869479,0.11072128100942187
69,0,1,0.05371074429878122,0.05496982828360327,0.05005129097816587,0.05305999057117241,0.050587433660513666,0.055443664117310464,0.058634284106799134,0.052648644990315824,0.04987933448025398,0.05215569273032933,0.06106284440955536,0.044786618813304195,0.04718732551615155,0.049516034338705515,0.04618799482271382,0.052634588124368296,0.055741725117211656,0.05481900062427284,0.0611837090313971,0.04897434681942486,0.046222680947412616,0.06245455595807092,0.047115629073848475,0.09819993713407156,0.045128692323424806,0.0581814199666671
70,3,0,0.07922146099213595,0.07835749379349943,0.07914764761454512,0.0792658686567182,0.07739520070536719,0.07227089543245556,0.07677276073399181,0.08105461158909849,0.07627549232235659,0.07502073417997503,0.08137355619688204,0.07905435580640341,0.0784484932410976,0.07716778561357744,0.07715061863737539,0.0781112957180727,0.07766804641229079,0.07679003743876174,0.09107249375093877,0.07864226527871722,0.08136738104880241,0.07699298912480775,0.07624222071160741,0.07719357357431426,0.08017433032539094,0.08123416468791676
71,4,0,0.10645174272044665,0.10689319111833151,0.10867433264475997,0.11029374762036326,0.10979931666172033,0.10433586552756262,0.10458280234178051,0.11341886071890282,0.11233696036612333,0.10709754928565203,0.11075016938261374,0.11281868993787121,0.11051854807649103,0.1055549880726359,0.10599654680581462,0.10607156471006933,0.11210214604851416,0.11997859502119533,0.11031235047616145,0.09943976875093868,0.10557138286106897,0.11652893914507241,0.11196914485499591,0.10826039291837125,0.11040701008161298,0.11049403610486741
72,1,0,0.042062395157429405,0.04290844979175265,0.043989083151641774,0.04373981788384388,0.044353063088285995,0.04897018070853504,0.04297990491183851,0.04422290815477558,0.042837747370394474,0.03990633417312336,0.03786768298740389,0.03943515949206824,0.04008875506116499,0.04089767300399013,0.04160630843032513,0.046364450174041394,0.04359212404438876,0.046009870146217935,0.043738119024295356,0.04466275126722385,0.039778060714213505,0.06769506755820445,0.04300992077245091,0.03477642076274668,0.03622140535783156,0.031088544644504532
73,1,0,0.1993025071442863,0.24763985244330552,0.23032112823161213,0.2064763667463271,0.20938230710846764,0.22662152343016673,0.2169257398863793,0.23860180408504728,0.23072625117642528,0.2327063761804008,0.19937345591677047,0.21359800649328683,0.2695893998252648,0.23804189826952624,0.24353716166447548,0.25085023990009986,0.2370156855643465,0.25403258205316526,0.3723078962440535,0.1963900594087625,0.206947485569602,0.21139654937265906,0.23060139682684322,0.2204253090805275,0.21218934027771544,0.23434403413157034
74,3,0,0.09510001119501343,0.09801286214778475,0.0948849158275848,0.09184819558932701,0.09319953421585214,0.10397695286814322,0.09135950952571137,0.09037041077090958,0.09393457113468366,0.09234115370561931,0.0829571478438513,0.09117792089717652,0.09071963529340998,0.09581765199373343,0.0970415070744774,0.09553132753718573,0.09231154985140516,0.08803085540646449,0.08883138882053637,0.09382363722787386,0.09317671036133446,0.08861596324880049,0.09301023424593328,0.09070242200504941,0.09370672324495433,0.09291022126955469
75,2,1,0.32745837554822915,0.3248237822664333,0.3363871463503594,0.3341970779481939,0.30940952045682163,0.3216915559065947,0.30316667863382457,0.32818043026602334,0.33848424676714445,0.3498762183643695,0.4243971899064578,0.3560187833277695,0.37257578651313494,0.3272571018055454,0.3259220827820815,0.3290233297843071,0.33666614680022305,0.3371982725519402,0.3992769075185038,0.3235327279843989,0.33145158760816473,0.3304706265856849,0.3135608991674879,0.3151383119180801,0.31942494571949903,0.3236154399473338
76,0,0,0.11719270079275439,0.10966196647198256,0.1122901443544445,0.1074080691330478,0.10423659559605375,0.10819886876722135,0.11002695128493255,0.11073748319929307,0.10869582627401168,0.10989389879002709,0.10661357355212624,0.11105296881178467,0.12373475174684008,0.10787479842406818,0.11155380426800111,0.1056405051326469,0.10652785936786985,0.10564725970174486,0.11234085328088594,0.11166687318434415,0.11203983643652377,0.11145275190263516,0.10826646755545788,0.11481188381765732,0.10639950459294352,0.11217469390688639
77,1,0,0.10274214418262233,0.10496782601480574,0.10320433815278855,0.10478625360513183,0.10183241785166647,0.09703531990837315,0.10358167271571216,0.10826125016746131,0.10531390064195427,0.1085362019254822,0.1011321116354897,0.10602380505979524,0.10083564009293265,0.10243649737272902,0.10200287282239957,0.10211803671433077,0.1034698939801566,0.10598245655462087,0.10267777219821456,0.10786495523872769,0.10568201041952334,0.1058468468772734,0.11044847191479785,0.10234450058029389,0.10249602866753048,0.1042374770760735
78,3,0,0.08333756299928964,0.08247524104023846,0.08315477386914139,0.08385257221883428,0.08281779010924094,0.08754170444409164,0.08157925368866348,0.0853591323247212,0.08312665677716434,0.08123913088100698,0.08267597011055433,0.08299945900457185,0.08134458348768815,0.08208085252787818,0.08248662554605757,0.08295959106073912,0.0849272675332337,0.08836177866793837,0.07803158570364394,0.08491163580766868,0.08615387818006888,0.08522617503199138,0.08437781632005222,0.08393208079543356,0.08435740619795795,0.08414079941918838
79,1,1,0.9400678844129859,0.9387227510864716,0.9505258691083074,0.9446496145597325,0.9449162589030377,0.9419996296202746,0.9400124415045013,0.9457256696416695,0.945349626233639,0.9473308984793785,0.9413693183104193,0.9424830417210298,0.9324651491056941,0.9390766286543699,0.9464668312942113,0.951366460019525,0.9483912357152171,0.9446526274002468,0.9495581166564593,0.9378093230638184,0.9408052696408035,0.950432356480078,0.9389329109790056,0.9485144691970803,0.9475141172757665,0.9399354702507893
80,0,1,0.7654028902817568,0.748518487216324,0.7635113276519997,0.7638437938895292,0.7634987738391027,0.7741282511132811,0.7635020628206611,0.7888720952990581,0.7779328467061634,0.7624637769137456,0.7695067204701079,0.7750589861797973,0.7716531196762673,0.7685368521584214,0.7678654145758171,0.754414016162566,0.7881756595109453,0.7662243470752846,0.7749209094262292,0.7556405589428227,0.7150848284507396,0.7528787141219916,0.7663358349908819,0.7985464052543926,0.650344565926993,0.7379567578647978
81,4,0,0.09465463313969984,0.09432089318128921,0.0958990214781452,0.09567881058963103,0.09597720629490969,0.09378810875912157,0.09614541069683731,0.09739428314292901,0.09792913297316534,0.09722724580163904,0.09388788300867673,0.09935974449317153,0.0968336893513858,0.09375769408980551,0.09379044465021191,0.09638847188722659,0.09619083353157983,0.09376199987173844,0.09294809640785277,0.09590140438070989,0.0988466987650089,0.09143165837629642,0.09260593078718334,0.09600573838962483,0.09432805473304982,0.09599295898400269
82,4,1,0.10957026085177451,0.11398141455515383,0.11117478714156304,0.11317905913904074,0.11315848598080895,0.10294828414596395,0.11277526264655612,0.11315407255892392,0.1136301224294733,0.1157857389030954,0.10890505506178703,0.11545127167467684,0.11588352354864224,0.11321498384859634,0.11080682639106887,0.11441676418236413,0.11389338294827696,0.11832738439143568,0.1088847268875393,0.11357340351063382,0.11869346321660122,0.11209345905342116,0.11082225060840002,0.11650352717410713,0.11194832799092784,0.11311268581215277
83,4,1,0.6692545219512255,0.6653664267262621,0.6691785658109654,0.6670026290816612,0.6686821236885662,0.7218741493032388,0.6702770104599739,0.6565039032989882,0.6613420659232497,0.6611156015761922,0.671637250798755,0.6698126446561301,0.6751274617780217,0.6661365604035377,0.6701995987314352,0.6628567504793218,0.6631032134714774,0.6629899625243353,0.6632239330952251,0.6619023919856899,0.6695492078407449,0.6705791465073748,0.6679735474340877,0.6654870673742114,0.6626930092241504,0.6671389060924002
84,4,0,0.3035555612132101,0.29714820086532345,0.28637033501930625,0.2828081319995666,0.2881913445732569,0.28794956150069095,0.2818972231444228,0.3077337708560746,0.29710406081887925,0.3022603850046424,0.2477747002599977,0.24169814764567463,0.2864243437324377,0.2971731333451761,0.29645192438902374,0.28186866075699624,0.3052674534714224,0.33247336891632107,0.3592161910183203,0.29922466265424474,0.29639267497250543,0.3097911222716462,0.3185118483684233,0.3114886233817043,0.31233853119972216,0.3035527163760126
85,4,1,0.8732271138566308,0.8654862404135201,0.8647048083204605,0.8625865416635919,0.8617191841444495,0.866303488903891,0.8602569522426737,0.8650993644369008,0.8648358626686098,0.8614839868515743,0.8651683557810322,0.8764617899682157,0.8667433235051817,0.8671908589781802,0.8681113461207324,0.8608938357438939,0.8644733488498012,0.8622371556534477,0.8588182908704027,0.872687278318175,0.8668246160112415,0.8624894033657649,0.8658366355919345,0.8661508451047358,0.8638436611743145,0.8675180027780862
86,1,1,0.6411458289272711,0.6397883155185757,0.6364409501342009,0.6248964687420684,0.635783053593299,0.5392800085186342,0.6460423680935984,0.6304162425995831,0.6394600955853357,0.6370035992055144,0.6025656783563572,0.6763286959873577,0.6071448797640512,0.6307714344875822,0.6409961855911585,0.6428058009111384,0.6218366317755244,0.6069151766837394,0.6204101495774589,0.5942224011127122,0.6180230606997332,0.6126361854515053,0.6287597733199982,0.6055539063719356,0.6049788478091496,0.6073751544219375
87,2,0,0.04634997825665105,0.047683184082850126,0.04676096932477638,0.0482825749167621,0.04584825738314777,0.05001474413205087,0.044637052738403515,0.04108777467430202,0.044431012765824264,0.047205710185033944,0.04471238054022414,0.03895782987465835,0.04414397345102671,0.047386303144777715,0.04618438329452195,0.044122385351293286,0.047087115432412195,0.04588471131202548,0.04534157924564628,0.048501368412345536,0.04637476440245597,0.045152962310503066,0.0503537530673406,0.041300473573435595,0.04674167571817861,0.034806845890646074
88,4,0,0.11384873619996196,0.11184858715272707,0.1148906603729029,0.11453123879974995,0.11671096408060992,0.10888554367974364,0.11224567193730683,0.11008499157654977,0.10986722384753946,0.11826301929056142,0.11016676977542174,0.1178588539432361,0.1174214898265925,0.11178445701726598,0.11084423735962934,0.11196764769010241,0.11089908041653045,0.10979485303744689,0.1112376331442252,0.11459888229745767,0.11279902513622138,0.1139808937656825,0.11951581395164422,0.11312262602426353,0.11365171552749627,0.1091807093363024
89,1,1,0.9334611892054111,0.9376964940893262,0.9364836613773538,0.9351844179171099,0.9234430543163806,0.9318528213455188,0.9288616722378652,0.9369586066097951,0.9344944541904615,0.9389767834230375,0.9206519601534392,0.9247492321838205,0.9240701615909582,0.9376365493814057,0.9405071587977177,0.9359284208242394,0.9338878571230868,0.9362974623785633,0.9375605929849775,0.9344612195561214,0.9351505324617037,0.9278825794077724,0.9260659540719317,0.9269025361696146,0.9415516864712162,0.9413270011928186
90,3,0,0.082731612793728,0.08245788813391806,0.08246197455129613,0.08283177765649231,0.08215882070448736,0.08266188729193658,0.08084722251869221,0.08451166297113182,0.08289105379581431,0.08048258828438686,0.08218778749552219,0.08220257895258502,0.0803191124480545,0.08109335980490114,0.08093637516394923,0.08278019125733294,0.08361117271953451,0.08741944928848122,0.0770274522066522,0.08351331580829174,0.08478342711297371,0.08282969156972071,0.08216129045405217,0.08282811176638981,0.08309141925219506,0.08192511241445595
91,0,0,0.11239753583241478,0.11094796278052116,0.11203976459298154,0.11151166869560473,0.1095524899602431,0.11200751829853565,0.11339798154235736,0.1139504344688528,0.1119702627646441,0.12179566815745135,0.10910870380497965,0.1116950283593676,0.10820352655882824,0.11049202218219394,0.10966305482533363,0.11084161735073639,0.11008931535594287,0.12306502272359053,0.1103405720456979,0.11647570459145619,0.11612018001633356,0.11582227588817473,0.11136722888462756,0.1152761165353035,0.11495450152265646,0.11262355834968535
92,1,0,0.11161922381896879,0.11114528803111477,0.1109527037502478,0.10974829617740173,0.1068480797430345,0.11336427512845969,0.10975503620991238,0.11652413010358974,0.11383754106805266,0.11467534189133027,0.10641992609428291,0.10998812119859568,0.10654781248796492,0.11095778909533395,0.1077051950292211,0.11024517325270523,0.1114299688765162,0.11214146482732117,0.10883707179405817,0.11194513882697997,0.11091254463646133,0.10883936360669533,0.11381219112006223,0.10998786891138197,0.10748968303115371,0.10792237938553066
93,3,0,0.4841775589396414,0.486090514984264,0.4598072499412987,0.4779560111527037,0.5413415032748102,0.5294227824360314,0.5518712589994622,0.48801945726008594,0.45994471730882047,0.47248254055037936,0.5057831432009116,0.5038845339212613,0.48754815966118187,0.48956099995726193,0.4880327751578526,0.47243458869580296,0.48402738569902515,0.509654962416172,0.49771811621951906,0.45545724903416146,0.4689387092144633,0.4579571397661797,0.46976532682078465,0.4497815985064031,0.4475937904720448,0.4852031668749448
94,2,0,0.16945960138034297,0.17779317208251985,0.16979502413062905,0.1847624786076222,0.1552627635692895,0.14431392336883095,0.14545619727884462,0.1531395724236819,0.1601916304157228,0.1438906003314932,0.16209211655383446,0.16108843810706155,0.14629098017401623,0.1714956020465385,0.1528037779666799,0.16967085968076082,0.16921741902731255,0.1658676795305098,0.16099587787220937,0.16886256286289955,0.1693787716323162,0.1461990084785824,0.16760906184348665,0.19171643874881653,0.15505377517144206,0.17917375998649934
95,0,0,0.07152330287926391,0.07457949774136817,0.07578306549982959,0.07523611839049826,0.07754044647343182,0.07685526050979258,0.07897546583467165,0.0735888807101758,0.07692503276973188,0.07500561625743135,0.07049857300081312,0.0755809101473663,0.07786083766102742,0.07234053898924055,0.07186748074835236,0.07423900654688699,0.07499373610920225,0.07421557311819606,0.07545886101517178,0.0770085782915033,0.08129317249732532,0.07228085599466895,0.07545978540821764,0.07656650743063019,0.07474699705607994,0.07835177679178836
96,4,0,0.10335273515169047,0.10262227786411289,0.10266613950151877,0.10355901074970841,0.10460617226779738,0.09961886354961484,0.10469925796137751,0.10193396251078729,0.10363153441341488,0.10406005671068082,0.10201673247374639,0.10516401437903485,0.10413977469315076,0.1025422360991065,0.10133703639565207,0.10309400998833733,0.10318954031655263,0.10468433582411564,0.09959111892542515,0.10403727406520576,0.10530317205391065,0.10414413238277635,0.10464815388238889,0.1042393671555991,0.10629383665803642,0.10117783774679832
97,4,0,0.21369454787573272,0.20477068758462905,0.20907258467846576,0.19821809884368946,0.20628640236424065,0.20032336590010413,0.23712113217060046,0.22014062349118702,0.22519602500147876,0.21178481040534958,0.2134322209394438,0.22598352674715386,0.22077895362079672,0.208438691798143,0.22345436359632143,0.2235572872939742,0.22679691466706564,0.20291365722480012,0.21053636999717398,0.22504563781169373,0.2211259859897793,0.22671864536572728,0.22350930037433062,0.2312584721282944,0.24964940205603173,0.23446086571618233
98,1,1,0.28915754052048354,0.28397364177610535,0.294538618707128,0.29150027067213685,0.3183967523786346,0.37795680273494797,0.3326379518225661,0.28743822645789646,0.28053478100530616,0.2968020635716461,0.35708823358963304,0.3508471136537616,0.3512478494969426,0.2794386924885324,0.26662484801630093,0.279839244630302,0.28470211008539786,0.257677817756297,0.2939562730558376,0.3151555303118628,0.3046241205016711,0.3111610048559443,0.3073751922363697,0.2953922388590249,0.3040836410113937,0.30489528452287556
99,1,1,0.9024878263452886,0.9063851754191887,0.8992132673701011,0.8980427117674267,0.9051156475313563,0.8929638176797335,0.9027581137206754,0.9093130344375667,0.906183027581274,0.9074670615842674,0.914048468172731,0.919535696879163,0.9059612750631114,0.9068666049920132,0.9070172955854172,0.9024483885030238,0.912300456433198,0.9037696278550008,0.9108473223958682,0.9177617759598369,0.9134160901983029,0.9058053220664957,0.8954168559203991,0.9286785404013097,0.9161862648127689,0.9267118046183448
100,0,0,0.15773416272133692,0.15961827886233756,0.15506646413610795,0.1566833507694192,0.14908049654787595,0.16246537848050327,0.14837793422505874,0.15680911060748712,0.15737878257530924,0.15332593735642847,0.17091621502162824,0.1719407588376567,0.1480330957517858,0.15736192908104754,0.15832549500845042,0.16360896425851165,0.15482260671516432,0.15074732871791,0.16426108030920075,0.1522697080540787,0.15397050205998009,0.16000595601557968,0.15141615552681612,0.18368645804502695,0.18688444255805334,0.1958120858030327
101,4,0,0.5009525646330671,0.49907875355168163,0.5063792638836513,0.4989338954738827,0.49853042329362024,0.5079693687257193,0.5044410141601123,0.5023732610094197,0.5038203675644665,0.5081315695471168,0.5111688238128083,0.5081119516340886,0.5076713355132388,0.5013814880517221,0.5054151009010387,0.5088060297183746,0.5049471654694877,0.4958076117906442,0.4910918013400991,0.4921477671531988,0.4872287026025863,0.500971518874025,0.48526665441243527,0.5057952924295934,0.49862414857987325,0.5069275531113764
102,4,0,0.09955098738660452,0.09892999898168879,0.0982088604304152,0.09948073926135977,0.09977935336451012,0.11253174347314578,0.10178639486502787,0.09785534666002445,0.09591916877750706,0.09651587344375263,0.09867585753166859,0.09285221360842771,0.09292679512822599,0.09884918721215624,0.09817610531355232,0.09852027013355047,0.09961753826329182,0.09934312138583618,0.09678406434249513,0.10121781542161039,0.10318586109282311,0.1000455401897432,0.09976713069544914,0.09959010586256782,0.10114124856872926,0.09946050505717947
103,2,0,0.4718284898903198,0.4838668517118889,0.4891974365162442,0.4817456143158758,0.5781082454956596,0.4039011917114102,0.5716830177599163,0.4807378599892505,0.477772924423759,0.47816968982091174,0.4627438092310223,0.4571287223745594,0.4404400866328954,0.4806817890937842,0.46914484861880873,0.4769589534537215,0.5006980411994129,0.4822528139810522,0.44938531350559235,0.5120987275398582,0.4872243586836413,0.4411264691871008,0.505955697548531,0.49638794854205415,0.4956201997656366,0.4944007488401456
104,0,0,0.10792097744185587,0.10728005663502477,0.10881253862057012,0.10846288455592672,0.10730789133285783,0.10613446761045064,0.10977790471570008,0.09247507297062874,0.10465538422944032,0.10430564701640667,0.10531182126150855,0.10014436031268142,0.1027581041983973,0.10649301081386986,0.10401196279650393,0.10753330354877533,0.10711919665354132,0.11771650554134487,0.108119506211514,0.11021249376527509,0.11107795027948568,0.10909115024877662,0.10737559461802922,0.1080242389876546,0.1122700970443694,0.10447474840191855
105,1,0,0.08119194226846517,0.08117781000913123,0.08219932032974252,0.0823276602099708,0.08566518491024804,0.07838780914419356,0.08237594939121524,0.0775982248664151,0.0835616395742808,0.07813050619579003,0.07980304433365053,0.08734216994730282,0.08147000900060378,0.07809622309316137,0.07932481652212502,0.08085297978858261,0.07793081041774869,0.07144399829804605,0.07370881776125694,0.08158522440936579,0.08017231892068666,0.08362479228612131,0.08582041649609266,0.08200354922594004,0.08338938540695302,0.08711904323538777
106,0,0,0.10317433207730804,0.10325177611819177,0.10352383467427323,0.10187175914328095,0.10410645509188293,0.10793328394640946,0.10753303180780131,0.10642470993462692,0.10458901448412744,0.1079545610120982,0.09975546197702224,0.10357978233488348,0.10174370162441398,0.10381124067518115,0.1025298156359848,0.10324284346013886,0.10381300311823227,0.10796717921055553,0.1009703789222159,0.10381873086843225,0.10943265635484323,0.1033944930337765,0.10359058136123213,0.10611494460439179,0.10541537952845899,0.10383799299362267
107,1,1,0.644742007708838,0.6408870127654913,0.6345130408307377,0.6427393452671266,0.6328892306664363,0.6358777885871635,0.6347908263470746,0.6345077625598851,0.6378331756687347,0.6474272344455603,0.6674230377627791,0.6985557474718439,0.6804246316656829,0.6394461018642379,0.6375096491590245,0.6344742293941277,0.6339079780077731,0.6411136292970313,0.6354429663753914,0.6281058503432355,0.6434164340609426,0.6420235212700418,0.6650528076834162,0.6347408548242998,0.6333808052141258,0.6420087039225235
108,4,1,0.1001638209769818,0.09834483585620991,0.09723845528620996,0.09820703678819431,0.0982886739633121,0.10000519894647027,0.10080149516533991,0.09962040823396441,0.10009928155108792,0.09964503777162644,0.097630794502358,0.10133265715915528,0.101431825527302,0.09855561634786521,0.0987562745872738,0.09740274479640665,0.09804597377399078,0.0987547685549438,0.09658386874560125,0.1024643287703309,0.10117737799629034,0.09954469775865053,0.09424178035398324,0.09865522015652763,0.10164643347281214,0.0985042815641669
109,0,0,0.09613881422332086,0.09754000489368385,0.09910553205117652,0.09778262661120533,0.09646283328963821,0.10147009017902169,0.09969341047584408,0.09988004005847406,0.09631725697272203,0.09847730899807206,0.09542516505710304,0.0964149590807371,0.09963082530191321,0.09691254138322998,0.09299185334270939,0.09963536888678874,0.09706318397976336,0.0988235806961676,0.09675831496008817,0.09885669600237577,0.09924398383141438,0.09756928397501945,0.0964570674747175,0.09420905796249673,0.09566042629211384,0.09402109322108691
110,2,1,0.6616625139853797,0.6549925973854663,0.6556500779140136,0.649886330650829,0.6479141861783605,0.6438466490036684,0.676502245121546,0.649420552203698,0.6536614844935369,0.6706338498797972,0.6519960466159661,0.6490859364145726,0.6045780935667526,0.6586879280465191,0.6712776312377288,0.6559674823084334,0.6410013874067443,0.6681610090951265,0.6649834853922755,0.6512804473452836,0.6563970585380251,0.6580154805894708,0.6698352532809763,0.6623748755086184,0.6671801635602964,0.6885573092336422
111,1,0,0.31332468958298615,0.31694265910406144,0.34580471837021737,0.32273735108413315,0.3538130755934687,0.3592859070492532,0.3463849333734849,0.3362741354890441,0.32635149458770035,0.316047783730837,0.2825124975466781,0.3132953091461251,0.2897444520122687,0.32455519146361556,0.32231023986655666,0.3384210671909466,0.33305669410057476,0.31220129367229504,0.32546023595834345,0.3294812834941532,0.34063902135995544,0.32641157362352874,0.32366976345533716,0.3249951136403915,0.3337927268404373,0.3440901758695077
112,3,0,0.14762964418854616,0.13520116846580552,0.13776749408532976,0.1537443418998521,0.1548554952052504,0.155444469948146,0.16448655695241926,0.14767209682887292,0.14443672158945695,0.1409408098996596,0.14615792814946682,0.14099705702868018,0.1404033120718811,0.13710120590837402,0.14062504549263144,0.14564300230705104,0.166370329832937,0.15486152042734808,0.15402289944764083,0.15003267692880906,0.13280159994013915,0.1528831659942583,0.1360709744298876,0.06895771860424853,0.10735554245848077,0.06095315991663338
113,3,0,0.08262037387250587,0.08214539844092057,0.08264479474788043,0.08135596776751301,0.0810927174417721,0.08198844215037727,0.08050558112662583,0.08375157667163485,0.08335185274975031,0.08060650670307744,0.08092970294412354,0.08063809794275623,0.07993314460790753,0.08138461879859515,0.08099117256517425,0.08231065596913363,0.08243750939560393,0.08308224701716115,0.0769662519241935,0.08275763104766505,0.0852892557051454,0.08310272939614761,0.08179211279514222,0.08291938673376782,0.08235935349204208,0.08185266628539317
114,0,0,0.05190298160101716,0.04939565447781465,0.04183502619844967,0.052551713111927044,0.0454110301562937,0.05141130154975206,0.048341032914062276,0.04426359409585521,0.04639482661512665,0.0350507699958968,0.04882318428475968,0.049661275924562265,0.04777707398929818,0.043417071730809366,0.04340912606625156,0.044518961543467746,0.05100171138811852,0.04545801848151143,0.043881703504394735,0.041389335966846776,0.04200694917237565,0.04202804038512938,0.03779101122041578,0.08832358300472558,0.03846619070672804,0.05316359558709971
115,0,0,0.6855887393841048,0.6840632463190057,0.7047479939825991,0.6986207042140163,0.6906104116161668,0.6787788106525703,0.6922197599903095,0.7080846684077929,0.6981568992895095,0.6807054956933204,0.6516109520414431,0.6436179739840909,0.6553598469074365,0.6880034699725396,0.690798436925494,0.6978730985222003,0.704834732950873,0.6931269440579145,0.715981104996461,0.6886912131588366,0.6897611386466953,0.7057081213385804,0.6900538488393972,0.6773546326108272,0.6758200435374988,0.6792344280604693
116,4,0,0.3009638704143167,0.2959868170515148,0.294539245342045,0.2972016248032449,0.29928410249821485,0.33629291657875005,0.3044283614013405,0.28963750366846636,0.30393637485017294,0.29471553975814735,0.3045743416696271,0.30203056901443115,0.2884772157812922,0.2984070058911544,0.2944112506847934,0.2977310554309193,0.3022764741998229,0.2901158195398768,0.2875710448291471,0.29942864101696176,0.29442098246641946,0.2891716021465271,0.2941697592132755,0.2874670308512403,0.296101706424482,0.2949579991062263
117,2,0,0.05430939825960981,0.05611538750757219,0.051392286752952175,0.05522312795937915,0.0535528791958661,0.06081887694539021,0.05081645134893311,0.060339909683026806,0.056898663667869005,0.05847498975465579,0.05224118403408327,0.06046077845804516,0.05958256589502189,0.052612866834202805,0.053437035168293824,0.054685329430531344,0.05383168603932951,0.05448175698495589,0.05561305810505679,0.054893028185007096,0.058075492136404595,0.05481104636046058,0.05470043591345267,0.05587369793722433,0.05556463110115103,0.05793774056820309
118,1,0,0.09794179488697537,0.10132111803650878,0.09885724724452562,0.10204684938931087,0.09649926621860817,0.10128790251222347,0.09438933981664964,0.09977675264990804,0.10128187075846018,0.09177635982561981,0.09310755762546306,0.0982877773482937,0.09299109309094562,0.10036818654701858,0.10225743952922357,0.10127402825476844,0.10283388235458446,0.0852044397012973,0.09818367337940541,0.08444296737733237,0.09648576196132297,0.09266493483360545,0.08691276114296208,0.09175185161178508,0.07139722198317823,0.0685696847026007
119,0,0,0.5496513452751693,0.5679615449641425,0.5728689203015666,0.5756394547133953,0.5432626628247273,0.548679618976847,0.5402153250663987,0.5806948461090057,0.5654540542125379,0.5643576838666012,0.5591690212619839,0.5845156454805263,0.5809582601000026,0.552626719195024,0.5451523703799657,0.583904443786256,0.5762170822591479,0.6004143790972362,0.5444131475126461,0.5667379137721401,0.5746326077226485,0.5112301599166987,0.5766677519539982,0.5319903074811999,0.5606911936934623,0.5865969747717616
120,3,0,0.0680701231916933,0.06501650782198967,0.06999959178668465,0.0730017827004193,0.06930893808914383,0.08447120078136651,0.07597729333233273,0.07784430665701646,0.08732273939350298,0.07755485798054912,0.05836178305834109,0.07997150713824608,0.0734246567276526,0.06703401785770895,0.06537127383534362,0.07170149665049086,0.08780393092332546,0.08668444427588716,0.07975054242406075,0.0868101019064327,0.07517330033267537,0.08197378773618268,0.07067968804405911,0.044934361882987967,0.07675614850711747,0.047779722851261974
121,1,0,0.1628174642098145,0.18083723606496452,0.16970434764474737,0.16336011457952912,0.16618980970886518,0.17937806428878175,0.18424812849699115,0.16425012236404668,0.16328170260273822,0.1694103499376061,0.17013607700655778,0.15966151393095154,0.2050897524109029,0.18635813169610316,0.19144435100943516,0.180762560955657,0.15997163355222213,0.16472590662648445,0.12836111799673666,0.17456606693556295,0.17067148303899618,0.17753860573951397,0.19413902843168626,0.17015691863820573,0.18621782154736086,0.17153139563831277
122,1,0,0.10452180827169295,0.10652270022663095,0.10731372666296513,0.10625979486326777,0.1043077386826393,0.1066827320190581,0.1059687455573856,0.09323835057134215,0.09376733455539706,0.09827363276332345,0.10250062025918244,0.09488389692361769,0.09776549094820507,0.10589888386714764,0.10648796042305618,0.10536306318691531,0.10528144919839671,0.10482444856961476,0.10393891709519289,0.10840184009199953,0.10930569612220231,0.10839143321539796,0.11155867830672905,0.1089710644236785,0.10686976990933915,0.11009258162854933
123,4,0,0.15693967327879696,0.16090611519006492,0.15475855296886712,0.15841449359967183,0.15425553241724022,0.1557929006696298,0.1566317158247128,0.17349086352647727,0.1661482450737141,0.16270205085570286,0.17709813482989153,0.17087378467219508,0.17144148268410817,0.15886724722991094,0.16463887790157353,0.168216561923992,0.15433176646665983,0.16385229526127512,0.1485588831051424,0.15000216159180554,0.16341363974250203,0.17774979963044038,0.16089862493334642,0.17610139105723735,0.16899065223677498,0.18717848200599072
124,2,1,0.887110070486437,0.8863065540635939,0.8823190484520865,0.8827050102136008,0.8849272789215111,0.8715803361759414,0.8757786215581826,0.8745184491759023,0.8814876340360153,0.8774037070464011,0.8769011751926733,0.8661673234928445,0.8662857886409797,0.8757379130469781,0.877126503559578,0.879936423212707,0.883540173153284,0.8867154551859541,0.8892879721771112,0.8882797967071872,0.8776731152090611,0.8850943742833214,0.885919379190972,0.8618372603324685,0.8787678542103974,0.8691978593568015
125,1,0,0.25496900512358206,0.24278459263549199,0.2469829103895855,0.24556305389322505,0.253191853617799,0.24287607347129603,0.25528690466745013,0.24720103210464806,0.2469043343809084,0.2452460464690512,0.2337071381576011,0.2489716436882677,0.22921647112535834,0.25473669529149157,0.2379907588902951,0.24313265918041557,0.253741561841788,0.2883912044296339,0.2213180011741301,0.2581764420572689,0.23442493609489223,0.24570171242612848,0.26080915964710155,0.25055249295142173,0.2544771653558358,0.26869690853517797
126,2,1,0.9156490190882604,0.8969098741012377,0.9065284840130131,0.9185006643582492,0.9180962447525163,0.9149874617969728,0.9128207937815672,0.916688959211152,0.915945593181069,0.9228788875036823,0.9202129669824926,0.9172251008927873,0.9073375858471476,0.9051425380278219,0.9177482067642377,0.8934426953992105,0.9193031275148408,0.9183986008826347,0.923260555132874,0.9106735414565588,0.9110731549936113,0.9059224819612233,0.8868161696377851,0.9358324787565543,0.9277990134943902,0.9221034893277799
127,0,0,0.11953348005279169,0.11418004098665656,0.1156500231398047,0.11287855533835457,0.11685656157223874,0.1048601764583305,0.11493222286646114,0.11705392456528886,0.11448716277180075,0.11904999112822669,0.11332811218000272,0.1121413391450516,0.11293973306914594,0.11365738539533947,0.11569122867947475,0.11505716764647023,0.1139248813308217,0.11115169311395919,0.11691446211783374,0.11932670407735269,0.11597905992723251,0.1137734102800112,0.11799477298940404,0.11832852647005732,0.11484623474614275,0.11915509443660104
128,1,1,0.10107004371613992,0.10275997474978159,0.09969308460132559,0.09886925133172846,0.09914785279329556,0.10070283333270458,0.09615357640184496,0.10125796530379687,0.09882494068735086,0.1010563493373076,0.09126148837976723,0.09588274534657859,0.0969917132085771,0.10155928366748601,0.10087468536548921,0.10321723321006836,0.09822725552846501,0.09517116329888618,0.08860016510748765,0.09858084817633855,0.0992637599036914,0.09648244253278525,0.09787957272566293,0.09529116729664254,0.09578112579713027,0.09766160814496035
129,0,1,0.8857188379008494,0.8789546610450941,0.8864566745301663,0.8727284731670669,0.8715018115174811,0.8774338670445997,0.8751027675096275,0.8795592659324076,0.8783921707650797,0.8789714273862099,0.8827841573445578,0.8887766917058597,0.8974122494970902,0.8752882680435071,0.8727618354844022,0.8778743192914527,0.8802327370349454,0.877002819346932,0.8796742107910119,0.8668932181995329,0.872089883855436,0.8740507408449004,0.879819376730976,0.8799766233919136,0.8923036079972443,0.8968788536124558
130,2,0,0.09599369908987272,0.0898674516639847,0.08996565034690417,0.09052878136802332,0.11730552524862738,0.06971485799324843,0.09338620283549677,0.0692582114361382,0.09581593650789066,0.07973916237026105,0.09423904102713605,0.07528567731248065,0.07238805914482559,0.09130171154755473,0.0770876743119135,0.09210909626539153,0.08938025765488831,0.09672480321903983,0.07378025506842843,0.08591993347821057,0.09733596937214838,0.08303923282250662,0.08625567809278367,0.08368483122728992,0.08487780160575926,0.07591459195311993
131,2,0,0.09428246042388565,0.0965065279487819,0.09557241310719415,0.09648600429295245,0.09787728825813452,0.0956109170964624,0.09827333702210184,0.10017472218469847,0.10085463310746146,0.10369619615336671,0.09493174123964898,0.10116001901320783,0.09898541568460785,0.09638217456172771,0.09193904752301973,0.09732355202013687,0.09691713960911337,0.10406579304749625,0.09438449966673106,0.09726537371068276,0.095633200500022,0.09484101519481286,0.09590876268255695,0.09131129919428693,0.09146848303318589,0.09439026935087526
132,0,0,0.10625258303143277,0.10104139555478964,0.10125873379630179,0.10199196877628276,0.10697123255230327,0.1026193049580424,0.10852983749514955,0.10745866692902643,0.10255163298857434,0.10955718984064118,0.10440418512198717,0.10908880761549321,0.1001107039816899,0.10540184517493167,0.10259174618911027,0.1020432614560411,0.10759284022820158,0.09972203105764381,0.10148145173467508,0.11104068416030433,0.10547328218780176,0.10955721555189618,0.11350263755341339,0.11409460739661692,0.11277253142933097,0.11008590079925497
133,4,0,0.5316458960526108,0.5325502275513935,0.536567459741519,0.5319518424860091,0.5507643838150841,0.5171044753439379,0.544352149159877,0.5508055068705933,0.547927178570223,0.52535645894642,0.5403849252763153,0.544048901717743,0.5343141830337822,0.5343110451479576,0.5312644545190391,0.5366129527503674,0.5633113965674891,0.5457586236086855,0.5394799670110846,0.508266759097995,0.5182728815180858,0.5411901491185865,0.5400911914124964,0.5183072712636706,0.5334167211603721,0.5451277684380873
134,4,1,0.8524089787541066,0.8588730757019074,0.8483892813462349,0.8498553962659345,0.8497287461414508,0.8440841976077808,0.8508954246674142,0.8532545825780229,0.8526012613820906,0.8611602067456054,0.8382771743462523,0.8385325918647082,0.850798149095085,0.8599408137576919,0.8567866651031587,0.8536166790132188,0.8512780019405398,0.845881260574053,0.854176186487931,0.8695526321343493,0.8726668702715302,0.8530651872400111,0.8548224169789257,0.8528610626827637,0.8495088398878302,0.8516476429021337
135,0,0,0.11205173907360078,0.11331026484883792,0.11371894366463232,0.11325674536707082,0.10864090221896062,0.11321829919408365,0.11285251885892672,0.11568611985787784,0.11467570859521858,0.11029640266197753,0.11339752900159245,0.1133281785384237,0.11241340563466218,0.11091465790272588,0.11115176948730188,0.11165900864654471,0.11616361054320017,0.11244555385448947,0.11107509659718573,0.10502490196409402,0.11219051677773832,0.10800422269062787,0.1181178079536878,0.10728919811780509,0.11704167918745478,0.11551560194005435
136,2,0,0.10884228064561485,0.1141898775439315,0.11243062032376853,0.11225695308107993,0.10630341894047435,0.09014577442098193,0.11220951915148238,0.11310839775771829,0.11114347527963923,0.11557547990633806,0.11692113352423744,0.112068854183141,0.12063954898370018,0.11715863771375672,0.11179077300538091,0.1181315835244635,0.1155199016018883,0.10522981664847543,0.11005216588073403,0.10847449001619956,0.11525709522300913,0.10284190930674525,0.11315696886189681,0.11211451016304803,0.10949466867092704,0.10779736336506644
137,4,1,0.9412880685576792,0.9421735796974305,0.9414821821134315,0.943564045727156,0.9447302034678117,0.9460322821543418,0.94564371854405,0.9447056489572971,0.9443199354584428,0.9381831788531539,0.9380903458554078,0.9431372179111938,0.9423514310736718,0.9432610254430447,0.945251484452197,0.9404289845020258,0.9423219622516311,0.9441780597824269,0.9305335702209696,0.9384236223400128,0.9434361631737304,0.9368706920519041,0.9376145459240238,0.9399172967735775,0.9401515619280842,0.9411555226396491
138,4,0,0.5164842810938635,0.5200227124077739,0.5194986137030496,0.5217557359413625,0.4963797573575017,0.48037236385681065,0.5117871755824887,0.5121144147785824,0.5084375726073728,0.5160322262278908,0.5191459407214919,0.5197198974496082,0.5131545238485594,0.51640708988256,0.49609154094638175,0.5224519788229656,0.49626429827855884,0.49925197208803945,0.553304895283056,0.5116480367577185,0.5105326639332551,0.5100721720210348,0.5036195071182172,0.5030537187300214,0.5081314256441662,0.5057843799871783
139,4,0,0.08072626899050363,0.08199382632565695,0.08078279264557833,0.08162412826368697,0.08300210480310817,0.08828948263042051,0.0812383492808925,0.09652451103573734,0.08865709811758561,0.08724634349098742,0.07183585983941553,0.08137156001129121,0.0768574023919171,0.0821614100147149,0.11449685363469168,0.08129814104478394,0.0914413750199529,0.08956832549432432,0.08877794560834373,0.09368287501691042,0.08598761164119113,0.08749350305825988,0.08131973159993411,0.08640623351770128,0.07389305680103825,0.08441016289082913
140,4,0,0.4691425917566159,0.4603360089509971,0.47614011251734417,0.47553323327976943,0.46547376992597594,0.4448981270714986,0.46651719734550784,0.4873584608009629,0.4708736466416948,0.4695112892376528,0.4377930564167587,0.46423534902987873,0.41767069691255454,0.4515183907906249,0.44157477621709423,0.4719359357979854,0.48201622450308124,0.5111241881316789,0.45276251373718096,0.46968744783592603,0.4762014964930808,0.41966065640156797,0.4886265132303393,0.467624015498852,0.4791547073992148,0.46293823500130155
141,4,0,0.09997962760719863,0.09492957966869814,0.09277562621914433,0.09660364002020876,0.10146538772995861,0.11934418156696691,0.09549744376112894,0.08753069475044874,0.0978463362416756,0.09493415233836104,0.10269105672156166,0.0924909731008388,0.10172130329470797,0.09373158007033733,0.08740384212338136,0.10919397348652655,0.10716102608109124,0.1017820295484898,0.09866075987158351,0.09358381015283294,0.08637768628345016,0.10835117950745728,0.09871376031869365,0.06850677268866691,0.06961799880136636,0.05092308829411885
142,0,1,0.5954986924691362,0.5790360459160174,0.5837427357291866,0.5923578748988632,0.5903036138962409,0.5951184238348944,0.5830765602602658,0.5982572546870837,0.5931339910126129,0.5910450693615403,0.6022060351161963,0.619550398056166,0.6082729709983156,0.5902330122164045,0.5815587503239711,0.5864802831720928,0.5961696299143533,0.5904578508306564,0.5903563555097321,0.585107410687907,0.5658663753202668,0.5837988554148741,0.5919347238260705,0.5866569413068775,0.5834932583455313,0.580126658080149
143,4,1,0.6066973104253927,0.596509922776184,0.5957547741211425,0.6003393439563413,0.6084396941938915,0.6199181901507027,0.6010358523653129,0.6306935511510469,0.6049416797278107,0.5935110678759264,0.5993050834419127,0.5915056440740986,0.5910599370766921,0.5988697703493653,0.6036566716380916,0.6082614108554095,0.598753966737235,0.6022173292210223,0.6036571447949383,0.576438467558853,0.5940921112691842,0.5860031105230824,0.5981098805140618,0.5821596649835988,0.5942451180927633,0.6028122924671037
144,0,0,0.10756218538631535,0.11383337683714605,0.11166010151707777,0.1129657318365594,0.11479946028999843,0.10134135682821026,0.10895808931626388,0.1103131597140569,0.10882362402785488,0.10989936788396139,0.11176067409738814,0.11840052764918597,0.11174778974738571,0.11097000563893204,0.11193284011449746,0.11192528520406957,0.10922752352494863,0.10722394666930053,0.1070909715862437,0.11598981808332247,0.11175103935932779,0.11033037186323641,0.1107362146667336,0.11739805211186556,0.10746489233810674,0.11237859494020493
145,3,0,0.1470808927872688,0.14301056468276244,0.14702482982618406,0.1535565328564105,0.15001336071193086,0.1520393715661066,0.1467560373141089,0.14948315118839625,0.1446688323472958,0.16447911603921364,0.13861494030657354,0.13625326737001509,0.13595691162894338,0.1467800707830407,0.1446340451125403,0.1448175072745659,0.14475777955064306,0.1376957131101839,0.13580193041582342,0.14183469772186877,0.14441887839836723,0.14405428283817626,0.15170660490177115,0.15242096731295315,0.14579866982138948,0.14980897441864838
146,2,0,0.14587109928699704,0.16542484906483254,0.1655814500107761,0.15816003592208966,0.15065368682766864,0.17509983159012074,0.14411141584660345,0.15794605512429505,0.16469984273550628,0.1579263933250199,0.17445473043211387,0.15548974836799367,0.15120759596221453,0.1640739279495167,0.15425715067547421,0.153387320660196,0.1518472078900068,0.19688947487126077,0.1423392283311652,0.13315514487691868,0.12732427546352879,0.12289225373972075,0.14416842110400305,0.14498173056910527,0.1450079226495186,0.1401311602346544
147,0,1,0.10978313170188893,0.10978976693372085,0.10942372151576085,0.11117271183863803,0.11178983242015332,0.12754670866104853,0.11065498892712611,0.0967978858607718,0.11051213335121485,0.10813347643887804,0.10919877277927321,0.10001748728190855,0.09522039078296533,0.10882954391237637,0.10941209923494709,0.10879706143619372,0.11449856082273539,0.11208999972721112,0.11337979687145759,0.11508607764461669,0.11644145881950152,0.11072099757625382,0.12281589616078407,0.1134868505397419,0.11307734710273763,0.11082093755577031
148,0,0,0.054176441546412164,0.057895504276531305,0.05066399990562079,0.05234829636770812,0.05506613861535581,0.05788504170402322,0.05858053347817179,0.055051933683070514,0.0559667074973896,0.052716973750944356,0.0566020100745944,0.05356647895883609,0.053774230878129,0.056760467421752996,0.0614328314130683,0.05237622357712584,0.05511557427941762,0.05750787448101605,0.05415854853647484,0.051486104407490206,0.054841879655454805,0.05489193775781787,0.057175462897548414,0.052562853665882335,0.0499248386155974,0.04325873764342488
149,0,0,0.1615421956368369,0.17276299184517022,0.1718947417100923,0.17119458773425678,0.15506043273100187,0.1478304761671266,0.1588986112823095,0.1518422157299618,0.1470074897356968,0.1609109343980018,0.16938488266264404,0.15617776415533496,0.18019981320660583,0.16387616784625592,0.1539275291242971,0.16535679947311252,0.14830037810807242,0.14472833365679738,0.1556583110277693,0.15897536254668396,0.15547755171342387,0.16844420081952982,0.16474070426406046,0.17232728130262664,0.19820858566217048,0.18473520978449956
150,2,0,0.23581582747866628,0.22234752926516868,0.23106021208706914,0.22758857660830797,0.22589893979270118,0.2847789705774403,0.22397033652422405,0.2368464506782543,0.23055516093310394,0.2429871499763893,0.2319308642874679,0.23964454108228242,0.2401084013166106,0.24004458490088568,0.21687258617024727,0.23807791618404725,0.22474291544580657,0.2421800998524879,0.23326077177830137,0.21666422260024343,0.21247978939889367,0.2243573260999547,0.23549851048163886,0.22794243693937477,0.22982495914714163,0.24966678174418022
151,0,0,0.1543329771777916,0.15242610235024484,0.15010329252249696,0.15863529917734814,0.15644169619487472,0.14955414641887407,0.15468996857299397,0.1562540732284656,0.1575608207755097,0.15819104262031347,0.155997406230135,0.1531574088381756,0.14815797961165578,0.1596690226326037,0.15085250023370522,0.16163333980770955,0.15502637702386846,0.16096258239292355,0.15477751062823286,0.16363126735178274,0.1594114876407066,0.1496306440397893,0.15718838684125466,0.1617402540418829,0.158785982235061,0.1583323358878074
152,3,1,0.9227587927846571,0.9226678109050329,0.922176506944489,0.9223826287994173,0.9141624093933172,0.9213896404448908,0.9150978550379557,0.9298789532899882,0.9243798934170283,0.9231526004356763,0.9207692394463459,0.9289078512145917,0.926704274624199,0.9222587733172484,0.9203456507146885,0.9210021602456511,0.9311235080424264,0.9274715035299933,0.9208316041513518,0.9203471058383407,0.9215187858172097,0.9211300192370754,0.9231698300738961,0.9254652875734882,0.9310534651551013,0.9370492929486948
153,3,0,0.07380441456811881,0.07508163558959279,0.07160463253026345,0.07141091706855156,0.07495590337728557,0.08475121839978063,0.07584161420864328,0.07439154913748759,0.07218967082029691,0.07719768332943049,0.07223682864822038,0.07317722040734176,0.07467236548047317,0.07710000165274684,0.07532813092628927,0.0752538970952349,0.076231607168271,0.07350061122641191,0.0742009657191307,0.07579780018597636,0.0772253923455274,0.07019035423656815,0.07635670131711607,0.07874684912557382,0.07370828076581439,0.07742996561049306
154,0,0,0.08520488381552371,0.08361412327837779,0.08482307288113468,0.07802746540107465,0.08437237168056975,0.08181726253945037,0.09549034542542652,0.08077463523517579,0.08515001259416971,0.08548862753458913,0.09374791140693532,0.10139920251941931,0.08661792246811355,0.08131617821441445,0.0829871752768304,0.09001536407072085,0.08058800709093185,0.07983748903524072,0.08547707903073025,0.0887336973265196,0.08660847998848603,0.08815925687228976,0.08929928453736923,0.08615302241469762,0.08518538453025752,0.0857102449428152
155,1,0,0.10387729690606344,0.10304919286315119,0.10398687204496797,0.10233099143900826,0.10177668173663555,0.1062408048440285,0.10233345612379913,0.08797959251583047,0.09005968345147149,0.09340932086288385,0.09520392481660116,0.08871662208449328,0.0979776361273526,0.10646361562731188,0.1056767388545129,0.10630328598470747,0.10157695373428503,0.10332519260886754,0.09545589298200247,0.10376978216669648,0.10286335764531958,0.10391619354932695,0.10047041281298282,0.10260723879136878,0.10442429727647194,0.10341641963803226
156,0,0,0.2457442992597351,0.24297094436589925,0.23713082604356847,0.2169476399081459,0.2380183944021316,0.25938956936312557,0.24034836370783297,0.2344768552118621,0.24246248996364542,0.2438913068506492,0.24541966277346514,0.22055381602654364,0.21524136442732578,0.24479365985572263,0.24333436915169063,0.23988124561272964,0.23831916126573227,0.2451707568129884,0.2700743883660006,0.23943434746756553,0.2498707080658401,0.25128753185252717,0.2495494659946259,0.24128278025339842,0.2480337194284604,0.2436387623679025
157,2,1,0.6806765251109376,0.6735876064391468,0.6823833954261967,0.6781038922300567,0.6785751710864645,0.707869970049139,0.685466203405991,0.6818645786122829,0.6816699137690558,0.6789331231853378,0.6897139096732667,0.701510234216084,0.686025416001323,0.6795405291445659,0.6851170877884663,0.6775718983131784,0.6829827059448047,0.6868423586922899,0.688096488219573,0.6758018669098984,0.6742981509267789,0.6718731145722027,0.678797027903086,0.6825210688669237,0.6684336216938381,0.6701295983354281
158,3,0,0.12488438809377371,0.12020369664777353,0.12012311354951653,0.12114476276355252,0.12202304847338041,0.1279499450976097,0.1184702132176307,0.12488176260755217,0.11954180391970531,0.1209586208293808,0.11771177223651795,0.1182406504898668,0.11292840293511308,0.11982151409377677,0.12205939740462518,0.12369070104645874,0.11840095314774873,0.12743306973172308,0.1215572739724552,0.12288329543922598,0.1285397960211456,0.1243366301674325,0.1156589735656572,0.1272855022676946,0.11856701529935147,0.12717891566230313
159,1,0,0.10371845135723001,0.10553025572140591,0.10506311424409022,0.10588734471798805,0.10504995172737902,0.09897168312236154,0.10953515391375007,0.10935442605625716,0.10863794886196942,0.11015891432127012,0.10418797003246198,0.10801950250850256,0.10238731523389394,0.10426357206583585,0.10332341735521637,0.10371503279188721,0.10702662117945054,0.10810462177851037,0.10471987322047882,0.1080232526325852,0.10683333165112507,0.10674172553816541,0.11054011497526905,0.10425990115961874,0.1058288357362576,0.10618684831920543
160,1,0,0.047647732097584126,0.047158660507554684,0.04684105015715978,0.04376181007436106,0.04530967948124401,0.05114202132556143,0.045965990557602386,0.045294411467214475,0.045863364629321966,0.04478839502694773,0.04681117732098949,0.041971213839092636,0.0480875543079422,0.050303243416545775,0.04834403625585552,0.05089919522120708,0.0460555013026649,0.04582914552757108,0.04452902272318068,0.04690720574465826,0.038716024233232234,0.04633830644403305,0.04654104370128297,0.03824157782809508,0.038674099429538596,0.03585972020659895
161,4,0,0.09008512659434535,0.09378085715699652,0.09567220514358755,0.09122541299291716,0.09476442355768232,0.09723121047585204,0.09597921723945164,0.10129454481043716,0.09786729300021248,0.08986663620567654,0.09726809344658738,0.09570847234718392,0.09994397038766663,0.09345308530666209,0.0894942289216556,0.09204767397250306,0.09137806626637117,0.09672663841206969,0.09638702259198843,0.09536186447871146,0.09671758647989069,0.09268992617886206,0.08892774904117373,0.09406004881314194,0.09353132956214177,0.09277967405782828
162,4,1,0.7673552416366257,0.7776563138411525,0.780730313676675,0.7643143827061092,0.7753688063180663,0.7838145470013815,0.7873416611857236,0.7909581687120069,0.7828356221055007,0.7832130061420077,0.8118884562613639,0.7980144472658363,0.7969584878498424,0.7812878399161697,0.777790824125467,0.7939865516035277,0.787952030367067,0.7789133485764087,0.8017496401817638,0.8137434189092664,0.7838792362081529,0.7761154840349732,0.7857951478544325,0.778284728093246,0.7796494906983941,0.7675821303180724
163,1,0,0.10749228894155438,0.10725907102262956,0.10867885809050735,0.10878715184222494,0.1068688916668812,0.10924394216925244,0.10890861946595903,0.11141548275588804,0.11083479863002836,0.11152410037956124,0.10533090133036914,0.10784989207847868,0.10503451424666012,0.107227105077514,0.10726053782450219,0.10699630746089556,0.10748891469228157,0.10965722078720501,0.10599858722208096,0.10893453136078514,0.10893834829391397,0.11111045602173227,0.10766456238094034,0.1072466206629734,0.10715678571212604,0.10828766439111363
164,3,0,0.08655472388188779,0.08611418089328103,0.08796934199976629,0.08874990217871477,0.08725316649887575,0.09579272520095843,0.08895411472799503,0.08732824994933493,0.08520810066427913,0.08688646690695523,0.08867345571250645,0.086953911417614,0.08745059943322354,0.08710821350160584,0.09004319750524221,0.0831462668893846,0.08531135052302057,0.08337704292733795,0.07982249428067158,0.08952003816545596,0.09299379381150301,0.09237419844750094,0.0912645517581731,0.09029175834515128,0.09042738777979109,0.08853141777918867
165,0,0,0.051413609360082234,0.05403114281972338,0.05498814530162533,0.051754833203381256,0.051904451108912696,0.0592162052610389,0.053090171416446064,0.05761610821488472,0.05771241109233182,0.05506066718199119,0.05674074012148992,0.057811519980991766,0.055192549532062894,0.054072248601792126,0.05610008649872963,0.057327515715043416,0.05311790843588544,0.06041122464353902,0.058458360581488615,0.05195316824171836,0.05305925463337043,0.0621605035430702,0.05577255198343567,0.04656928786025786,0.04610859728342622,0.043779920825896136
166,3,1,0.9012855093734284,0.8961623569443132,0.899530547608359,0.8950010479090783,0.8872059745639614,0.8971326191962078,0.8804537472844021,0.8954705853928216,0.8854481513659986,0.8810661056485877,0.871124802521161,0.8749187623197224,0.8897230876434886,0.89453240716989,0.9026975905111598,0.8982822516167959,0.8885573020877322,0.8904338693308693,0.8791394287137781,0.893965274283635,0.8807428772609499,0.890654675130328,0.8972574181382834,0.9137012101642504,0.8953150490244862,0.9071597563575745
167,2,1,0.9609882097166137,0.9629742755892038,0.9651763131371967,0.9642603249446003,0.9655071774129645,0.9605054992269141,0.9632920303827825,0.9585130538828378,0.9648928512433237,0.9636673351843913,0.9593409244129623,0.9644696535227709,0.9629309375760352,0.9645692743327906,0.9656617022180362,0.963881065105233,0.9661660604793235,0.9633236435612691,0.9628268035481576,0.9602977439952108,0.9635260905343589,0.9602637265993406,0.962692379911232,0.9639703778102056,0.9606160929454278,0.9621434552664301
168,2,0,0.03376005783133145,0.03419161229808199,0.03271571085361672,0.03324216748878531,0.03161063769850302,0.04437981124181358,0.03114225191096298,0.035707884637961866,0.03702375774366982,0.03369754946847583,0.033088737850351206,0.03308778763886398,0.03591906224002779,0.03104568865145922,0.031062836773745956,0.032976007321628274,0.03331507844980093,0.03925315922389757,0.03475424308518204,0.03786254688323761,0.03240624372632792,0.032717889128099704,0.035691568897771725,0.02720412376751341,0.030849501013208765,0.025963535803611586
169,4,0,0.1877458772828187,0.18667871012844753,0.1654346108810463,0.17735891929816494,0.1715610865858043,0.18249938143096625,0.1579603764355412,0.19770471716919555,0.17740445159727122,0.18415737663280932,0.18763662756162267,0.1730388514470136,0.19263537713606915,0.1848771127439365,0.18795886616086013,0.18551429828032048,0.17545040170363688,0.1899809826651252,0.17007718944426875,0.17283649571022142,0.19048036218215034,0.19071979717378737,0.1720331702531055,0.1830922578903067,0.18342084476510082,0.19529218070158005
170,1,0,0.511367654047438,0.5213163797441663,0.5438315190562845,0.5263281583993477,0.5170564732770656,0.5607834589591052,0.4901686116586763,0.5375274607269954,0.5411958531585649,0.5440264240270257,0.6377319729896532,0.5307881858380729,0.5962560534268145,0.5309059501757588,0.5264558961444442,0.5387090530934181,0.5343715996659775,0.5279319406576857,0.6546158219178079,0.4992271744433472,0.5393317877661253,0.5089917600586199,0.5220180851968628,0.5451378110525558,0.5412959649044796,0.5429690196411182
171,0,0,0.15339459154208643,0.16755706972365145,0.15626474254496328,0.165125933936423,0.1782118442970471,0.15107925463788044,0.17932116201529313,0.15062919815063383,0.15074994363855393,0.16626874814377604,0.16361954799577633,0.1573429011959494,0.16147655648090095,0.1557753657073554,0.16096790084868942,0.15254382393655222,0.1549581549969523,0.1562267199435138,0.1528122305779738,0.14225010796881976,0.15620737612131175,0.14620901530635425,0.16050390862563615,0.15235146207940506,0.15306730273234467,0.15927005742160807
172,3,0,0.0635978116216876,0.06389188206565012,0.06204644823326697,0.0573592997765154,0.05795139265398328,0.05842277038907343,0.06434911727730007,0.05977621912937874,0.06447964880864758,0.06729313023798504,0.06698274743928957,0.06919744660457593,0.05915342051826047,0.06472451458372254,0.06640000727436166,0.06406834976091061,0.06550030291002999,0.06314458508726445,0.06230763113285833,0.06500442824304319,0.06542983714527338,0.06282885014194008,0.06455078630833448,0.044902051670395265,0.053769445349538196,0.04402052112149251
173,2,1,0.9240648604548523,0.9169750465515895,0.9190485601958026,0.9268624223104697,0.926379158715132,0.9179591725827511,0.9187941618540195,0.9277530932190109,0.9254796433858581,0.922924109864574,0.9218925577261482,0.9250282663965871,0.9185977636270417,0.9194193314530605,0.926810646805987,0.9193676922482537,0.9343883135376346,0.929459543810086,0.9250632896912202,0.9128025652354035,0.9332622385308748,0.9193158424300608,0.9213695356251786,0.9386393597023889,0.9309134784727546,0.9345004468764794
174,0,0,0.32462734667906024,0.3497243004068125,0.3316625539416551,0.3166048132658273,0.33347251631202446,0.32951189780220164,0.31526620912184866,0.33247679850363093,0.342292957849091,0.3061893068940092,0.30516026263543794,0.31861124957144976,0.30434940324092263,0.33992772305797453,0.3424147822396648,0.34210227846332764,0.3364503731381543,0.309812909807672,0.3182865615123702,0.31671040475142864,0.3129822343989234,0.3008475382732679,0.30544081908883075,0.31246747947887665,0.2982085456061126,0.33414471855785743
175,0,0,0.25990005176612757,0.2591408931655038,0.2572368609636475,0.2697858831778191,0.23197508596667513,0.2447735192567495,0.24828171050049544,0.23128521002219404,0.24530305558878954,0.27681920158632156,0.27725726756265384,0.2885084942971601,0.2850607842527823,0.2576904644594001,0.253101240548063,0.2581880060542605,0.24570790903903683,0.23781168446592935,0.25642247627328124,0.26267262133594893,0.2778283685705309,0.27284279145223683,0.24814559778699705,0.21823230651182532,0.27651491856932675,0.2693335114313308
176,4,0,0.09947556962883485,0.10367866421678852,0.10172419176896043,0.10274881487540284,0.1035200458783122,0.10883358409594791,0.10423325596664867,0.10052532488065365,0.09728643969397621,0.10095914925368316,0.09816732105066617,0.11254384260479901,0.10005988030119806,0.10334909341932814,0.1003530107162176,0.10023251618724151,0.10002440435102217,0.10399560028972693,0.10594781417877973,0.10354036331295931,0.10582443095208789,0.10336013968895497,0.10885240797047835,0.10093048038227583,0.10260717708857159,0.09856192296963111
177,0,0,0.05157963040263339,0.05358866551743219,0.054426758475985236,0.05320158954990878,0.05447639840595645,0.05390858775107877,0.05513105892394671,0.05346496262289758,0.05327788778610349,0.05333933851414485,0.0666143312890571,0.0730341367549016,0.06046713810896153,0.0535175457978311,0.05622770243827877,0.05571150129767877,0.05289603267541826,0.05525531543365931,0.05702015043096472,0.0507063269298352,0.054465016322460306,0.05797722683098843,0.05263884333607236,0.04336550503135058,0.048019040670469006,0.04060062332562254
178,0,0,0.9353350876354766,0.9385641611470396,0.9384315199864055,0.9338602100490326,0.9343783455500456,0.9347296635500743,0.9378676983247579,0.9310807271653063,0.9354425176905891,0.9373395216891653,0.9359230352321907,0.942286544328567,0.9396663145652506,0.9412157648516494,0.9423328496611839,0.9369416342730746,0.9344712020294902,0.9268105070250536,0.93646358971051,0.9476843762228708,0.9387939934021485,0.9368828024019056,0.9391230248450545,0.9344883242964984,0.9406814445047907,0.9361178564512344
179,4,0,0.10124165475602502,0.10211051506138553,0.10353246693916335,0.10636252204534363,0.10589332576408823,0.11459285214641202,0.10172998582247557,0.10700953879196927,0.10771233362164083,0.10506412675896899,0.10477068309145547,0.10636463669408285,0.10400714730577991,0.10194906621424038,0.10192979952022711,0.10296611829986896,0.10679057253191371,0.11719760330572364,0.10019508314978369,0.09464320638887687,0.100668707623158,0.1068612404751194,0.10515716908811594,0.10879656206763362,0.10787395104346066,0.10439804372642676
180,3,0,0.08024980845785802,0.07819096337333559,0.07320623743114331,0.07396376821882812,0.07881832470270685,0.06705596683318339,0.08108997087872716,0.0877819201370773,0.0755523153445431,0.07584285855062473,0.08967642010568037,0.07494881847925995,0.09412168609783726,0.07985810963804209,0.07671628918985594,0.07304955297414013,0.07494843967207221,0.07841702392847821,0.07892183365776131,0.0828808486931404,0.0718464685365688,0.07847177212541491,0.07800601470424313,0.07884070178738818,0.07718281595304648,0.08463312189706206
181,3,0,0.06114767286172259,0.0603875530842957,0.05869763606938005,0.06260053815361484,0.06217096900252783,0.06402997885123433,0.06010156181759304,0.0612134195905133,0.06413646481566224,0.05833137553687856,0.05180128326555273,0.05305921213999167,0.06490783878969981,0.06182156834782421,0.0625213053217193,0.06144515642391437,0.06436727837392654,0.06915508960213414,0.05989419682514858,0.06451996844366954,0.06376125345730173,0.06023215212929319,0.06047103968796064,0.03820478575196163,0.06155595089138899,0.03739771370320269
182,4,0,0.14308600526301038,0.14083196881664162,0.13709701725363962,0.14355911415973088,0.15399645827663022,0.14098002255666492,0.14910288899133015,0.1466480834801798,0.14753661625645012,0.14926280175799875,0.14496667832879176,0.13975787848371632,0.140548215399901,0.1400540378463757,0.14343703445704745,0.1466568289766996,0.14485171679543085,0.16471245385181377,0.14507741148901745,0.13097911105819385,0.13805534970248654,0.14731740944954774,0.1484532031418997,0.14198447416096846,0.14757970631109388,0.14884898339814426
183,2,0,0.8852388661984444,0.8661282226902998,0.8571527955354372,0.8820474311393861,0.88293293777974,0.8625774885087264,0.8813564250739737,0.8794472389749552,0.868611720822921,0.8929220413457201,0.866299119155352,0.8542405743074966,0.852210439977255,0.858921711220936,0.8783349427998371,0.8574431527001479,0.8788171384648101,0.8621874105356859,0.8709387542031465,0.8724117324691137,0.8730893755729423,0.8528018306068467,0.8579935143126799,0.9131434169425043,0.8824655429512914,0.899723174919937
184,4,1,0.9548854576560372,0.9531723136460485,0.9500818294791301,0.9542663301040223,0.9463556203529443,0.9452120030447358,0.9524001544836938,0.9456986676030796,0.9478560921870999,0.9527527686717798,0.9501360584221592,0.9546078230906346,0.9514254505820509,0.9531274310510685,0.9545636361422948,0.95239082246745,0.950792975387042,0.9460135701467204,0.9489654024606032,0.9447353764911873,0.9488706834693345,0.9561739530769713,0.9489647742592195,0.949586416557675,0.9534089252979877,0.9529904261464868
185,4,1,0.8627836049132728,0.8558327257258678,0.8581093240088276,0.8589768506934926,0.8593379639166981,0.8588719797356189,0.86560694416093,0.870400603502736,0.866680684640921,0.8643973756685166,0.8412522269725087,0.8612503859386397,0.8579435671229092,0.8579577074217624,0.8518687277192846,0.8658954980590762,0.866031097753023,0.8560837058609096,0.8564569581638554,0.8519865514665795,0.862639783836495,0.8645389975416894,0.8676841393466064,0.8754548205522298,0.8586963033659395,0.8770889563790641
186,4,0,0.3485520154837838,0.3443747342110357,0.3567830279269697,0.34009316008640184,0.374788965013545,0.31422016173103967,0.38103077721102335,0.3409490790226592,0.3381890699838934,0.34603781041325443,0.34608386736127356,0.3366308029360909,0.3251599104464349,0.33192152474235,0.3293066157331019,0.3392482238723153,0.33392910743304444,0.36190928075134066,0.28992195452368585,0.34118379850990727,0.34993368721731044,0.33866357680883447,0.34131680212285853,0.3575157122243737,0.35995359693282647,0.3494573398852688
187,1,1,0.6543151715888942,0.6520201164106476,0.6366232049197063,0.6446474306368416,0.6345438413981399,0.6661363453303392,0.6330636854464041,0.6514664697882142,0.6382430176119637,0.6376886182477226,0.6314931572245495,0.6232489806405215,0.6172224545372662,0.6587874171721921,0.6544444757762671,0.6513564972034376,0.6406683004861374,0.6510359754824183,0.6405274895034546,0.6268427197012012,0.6290773610089668,0.627048339242649,0.6368478324142461,0.6074503597281163,0.6207947461048325,0.6184659099669189
188,4,1,0.23026979881659657,0.23076611130195637,0.207281989183406,0.216762481635275,0.2090832843376421,0.45139700690195705,0.21035479307061322,0.23708754921308614,0.217682077398042,0.22961035380506625,0.22841024291833478,0.22172509471895105,0.22485017227093507,0.23066884938044893,0.22575816860907286,0.21251648314472235,0.22065155463473382,0.22345850669326958,0.2560459933218249,0.23350249461940667,0.24092008482352148,0.2224466636138097,0.22522448844795387,0.22208064882185974,0.2252320021138361,0.2312541168909051
189,3,0,0.0717941563244697,0.07448182504833853,0.07181965179072296,0.07006002399597949,0.07084495243100204,0.07750960906219308,0.07314842354680155,0.0710176218883017,0.06935190690450978,0.07474113147854654,0.07141011798091672,0.0705237239027617,0.07260446833273364,0.07046368079193766,0.0705941855391117,0.07142522372836684,0.06658229855814003,0.06808317431171468,0.07428513651411361,0.0760697447415043,0.07134162168360542,0.07475407695456128,0.07530367903098521,0.07463092091084121,0.06996757462126485,0.07252769555799239
190,4,0,0.09940987790213178,0.10060917831923237,0.09906484705454614,0.10193038924340923,0.10025634721034399,0.0982433593929874,0.10483262790636581,0.09837590219609955,0.10314127399185273,0.0984732728013118,0.10076473301952278,0.10196283490431536,0.10171733837871404,0.10037934250173319,0.09754669274939769,0.09890315931772968,0.10045816351062503,0.10025702697318654,0.09935737685046313,0.10261962389465777,0.10245967729641887,0.10248585984327731,0.1005047112347902,0.10028067117335958,0.10054124837748495,0.10079003884020236
191,3,1,0.841233249164559,0.8425834736930301,0.8340681554894531,0.8327004464288278,0.8347661267654365,0.8114739688634661,0.8249557823970181,0.83094381496546,0.843453694754034,0.8398811101771123,0.8580100052704799,0.8396301140139846,0.8384238026586281,0.8466060806245376,0.8483534381711889,0.8357349796830071,0.8415046651194888,0.8397224819094283,0.8509279750096178,0.8452185786983243,0.8307127474057846,0.8359150428869006,0.8362475199031915,0.8243963656756624,0.8433286586650427,0.8318672607870331
192,3,0,0.15014094514897974,0.14367942715099502,0.1435612796485022,0.15717340032495106,0.15815618999500972,0.14327903949688056,0.1420785883189822,0.1474763322559504,0.14683309633419353,0.15421056698002136,0.13812997247777314,0.1385467705830085,0.13424460738814273,0.14755525494862057,0.14603902218628476,0.14392247553648022,0.14426122231728744,0.14266279831980935,0.13662053114390563,0.13763540224542453,0.1385132545585879,0.1418809590771812,0.14755884133720013,0.14038234538783068,0.1397830194734011,0.14494100649026706
193,1,1,0.6164391812153611,0.6017651428986849,0.5935557542663007,0.5941487679501148,0.5900464930903534,0.6208806248286344,0.5944298140425187,0.6098245469807289,0.6025586787582916,0.6089819036091578,0.6322691391933873,0.6373680849948554,0.6365784424360236,0.605175726007119,0.6028034611184837,0.6009411062497588,0.5817264354419379,0.6059733324698257,0.5885060051848433,0.5977654676144207,0.5989473888962397,0.6133029558391008,0.5344634571742531,0.5888823092996995,0.6021493192965935,0.6112643128181533
194,1,1,0.9373757774351602,0.9353005329720525,0.9418935413064514,0.9389286895929067,0.9334926191866798,0.9347416240359325,0.9349274778497568,0.940857171778532,0.9411190572443692,0.9407016391261406,0.9258478419352393,0.9317174939532157,0.9318646127533453,0.9369677832760175,0.9376066357999459,0.9379247742184477,0.941347350777578,0.9389452265616759,0.9419987121383641,0.9376403823943452,0.9386795012843736,0.94189779551879,0.937925641956647,0.9430985612414889,0.9415759995672138,0.9414210897870786
195,2,1,0.950756990088228,0.9535706208355502,0.9563344425868102,0.9532068331016834,0.9564618366225185,0.9605331811545542,0.9578142642530297,0.9517899788529226,0.9547808607254028,0.9534075561635822,0.9528452293202637,0.9593967103946678,0.9546621229516773,0.9570313762702595,0.9624530791235757,0.9560659029642148,0.9528288578041383,0.9511052686860371,0.9522374902432665,0.9465160454784463,0.9556037143679686,0.954499589746141,0.9546217519070571,0.942033635680995,0.9489630516638655,0.9363190480936422
196,3,1,0.9396319184006933,0.9442236465182551,0.9422747988771921,0.9424667932983498,0.9419471067608951,0.933392883608365,0.937124719453981,0.9487596210146299,0.9409165814030821,0.9428537932246047,0.9385338240486792,0.9481758603070363,0.9409750856082084,0.943518180573653,0.9493373564439844,0.9400486033866619,0.9436962357927924,0.931136036133481,0.9497311116245428,0.944149691167779,0.946315731507926,0.9442454055892927,0.9419070540458311,0.949999894311414,0.9461605417200563,0.9429006979424465
197,1,0,0.12611027300053898,0.12288521138789042,0.12290419329591462,0.12401516465867068,0.12596750203911763,0.11000129057255091,0.12554437248054603,0.12963780554057683,0.13023166500206565,0.12917591295696126,0.12025151932767464,0.12044258011834587,0.11695660110394179,0.12187166663392966,0.12158937392241499,0.12392880245443694,0.12587724656886776,0.12555703279561634,0.12804745678136134,0.12233400032772024,0.12385792786757116,0.12491284537228454,0.11917330789596221,0.11951651727353213,0.12457516596033608,0.12259942101638989
198,3,0,0.07033018390302027,0.0722405757334658,0.07035482452306718,0.06939721678656018,0.07374292986312068,0.07110910053165433,0.0773764793382053,0.07187872365354782,0.07020211559612832,0.07451300863944506,0.06984270164744948,0.0676453405785163,0.07498391499094728,0.06993418436212342,0.0678888787752852,0.0709890123277164,0.06866778404951336,0.06828985718552741,0.0830640018862187,0.0737219781274235,0.07334389494990178,0.06694488617946849,0.06948645477129098,0.0716626405034408,0.06892064289053883,0.07325676965244705
199,2,1,0.670462231323746,0.6671580848327366,0.6702738527549026,0.6666401165247676,0.6619557722264534,0.6915999103969295,0.6711082042035504,0.6673663622496614,0.6685811635324233,0.6698146816197869,0.6768614810200339,0.6877747626067675,0.6742564647550492,0.6685127501172888,0.6727064855276148,0.6660049100427389,0.6671452627115783,0.6745937933555707,0.6724509956571952,0.6664555403106938,0.6656866878705435,0.6715867395591634,0.6678861833154234,0.6641076082793803,0.6570207811380753,0.6603632145216385
200,3,0,0.8293463731500718,0.8214942092624097,0.8228194648538835,0.8196394872024602,0.8110423006074664,0.8362268822567879,0.827973511647819,0.8210532239391822,0.8223870571588349,0.8276215162328948,0.8499159056659215,0.8413361912513558,0.8156967865239283,0.8205850760133157,0.823350748955299,0.8172411122315065,0.8283838060876225,0.8262022605402691,0.8318146460463544,0.8528794212479895,0.8528954100977977,0.8195774590839627,0.8337632449050068,0.8125537155281765,0.8196110483787806,0.8226048976106236
201,3,0,0.10583893041250529,0.10257775179474708,0.10427920971584499,0.10470725687704223,0.10173676089403327,0.10492014251427646,0.0974077221472432,0.10436815693395479,0.10354984763604232,0.09856513525902631,0.09870689770379648,0.10157105689461376,0.09427306458735818,0.1014723898364963,0.10240602661135063,0.10397291340034105,0.10442886365293413,0.1147367795776711,0.09983210598361225,0.10455328834395783,0.10082129170688414,0.10397062550776477,0.10400598580568426,0.10862058396313135,0.10502949483669348,0.10168827620354455
202,2,0,0.08858106728176074,0.08516526024231352,0.08654537893478907,0.0839403870843532,0.08139955657553109,0.0820824777956202,0.08782266491400975,0.0884017085587674,0.08159497603983748,0.08188167454445343,0.06608891955973843,0.07181167305565496,0.07613529518017477,0.08541207099327726,0.08956217835850283,0.08475775250882073,0.08223242930811979,0.08108291487618587,0.0598211291798309,0.08450602489150483,0.08829577634589492,0.0842178448059351,0.08174113379915356,0.07899267614327558,0.08236552165110705,0.07564744364205186
203,3,0,0.06819328263685255,0.06806697623498185,0.06250938040017957,0.0648122453455085,0.06647369959724393,0.07168067486589713,0.06505632067714191,0.06851041388780947,0.06723236286225848,0.06392468938100486,0.06438903834142463,0.06575470154543472,0.07099887664442851,0.06887605549929066,0.06541701699227422,0.06113776705556811,0.0690218277225211,0.06906248616333767,0.0686774828596204,0.06801092296573524,0.06475854528345235,0.06733546974157123,0.06767379023410636,0.0674160564957021,0.06758826594137968,0.06758330706863637
204,0,0,0.08893001077532747,0.08864026705721668,0.09253678531694727,0.08726098992400066,0.08724633340029207,0.08096100074641362,0.09683357181531853,0.0843534953229087,0.08612571013511994,0.09189177463396336,0.08106351128917312,0.09430123240362336,0.09298822152380504,0.08717042435405868,0.0855933677897867,0.09338068286580518,0.0853466153522453,0.08486140876105834,0.08664703066908035,0.0970602330748364,0.08978903743991096,0.09514546395181785,0.09265275679973749,0.08826231059265012,0.08532396991177348,0.09591741644144315
205,2,1,0.09178510039227712,0.09329820381625253,0.08992210113057354,0.09435538438729851,0.09316702953349058,0.08978990751024278,0.08969391785583926,0.09521975401471577,0.09559827187213366,0.09438817772285747,0.08987653052192464,0.09281663321371796,0.0934665417601764,0.0907985601965909,0.08437202830747247,0.09141366833760493,0.09410840197783539,0.08871110990178353,0.09036602308586102,0.09029527624981444,0.09635813182014813,0.08573256495435788,0.09408298227340055,0.09180950717694941,0.09345195093779816,0.09153761077191531
206,2,0,0.16070792557882485,0.16327555751921818,0.20956289426149666,0.1591461209511301,0.1378891852493823,0.16550760818743718,0.20110640982485548,0.1772827384059635,0.17619488307115183,0.16982644864107443,0.16775919226015748,0.17795809263028084,0.16933853558485076,0.17136874610271255,0.18552779254415364,0.17037895423207486,0.16188679663953515,0.16695400077669578,0.1435592769657449,0.12949806604481903,0.15556510713127564,0.17451483152109723,0.13230916394316858,0.0813839839124694,0.32895212795449297,0.2295613531392231
207,4,0,0.13496980419757057,0.13636246511324526,0.13628462463498597,0.13122548691243477,0.1334052356113722,0.11939544611574711,0.13151717421813003,0.14800140069980913,0.14247103123014346,0.13164815008402986,0.13470569445842565,0.12417732206374081,0.13295864254254944,0.13640158958245335,0.13033608182997,0.1369025181662231,0.13556338298118945,0.13560253014250737,0.12944819612086228,0.1354885388471716,0.15276916588733572,0.13160946018454342,0.13786217855354835,0.16233649544377934,0.12287085752952158,0.15105512096652166
208,0,1,0.05095834920936931,0.049418101931863294,0.048727614560116046,0.04997247691978713,0.05115855991232088,0.06260227941884701,0.050505790988695044,0.053303802200709044,0.04889699184110513,0.050437827170542876,0.05027628100578832,0.048395389864210124,0.05443455092829228,0.047635185370169225,0.050801292779458086,0.04836183386286988,0.049390752869507316,0.05224176986579615,0.05333467243282727,0.0525270712002825,0.050175796931513465,0.05026404364263946,0.04668113649792622,0.05300021759843459,0.06517183289498005,0.06427145754408313
209,2,1,0.6809278384423951,0.673676682095055,0.6823203025810652,0.6777418851572122,0.6784848649022575,0.6831660576498241,0.6848308775819466,0.6704692850206341,0.6660110426309286,0.6601834059810721,0.6876713768271384,0.7036505168474575,0.6898681900335353,0.6789147146450373,0.6844167628432024,0.6769461186428277,0.6827364890749757,0.6870800372570521,0.689065598615796,0.6761242883738531,0.6762194340365012,0.6718731145722027,0.6791796488241132,0.6835773056758855,0.6684336216938381,0.6701295983354281
210,3,1,0.350643704941299,0.3477407370040105,0.3487842059352279,0.3447409902803664,0.39045472136383014,0.2689725633340356,0.4020926696438803,0.34433912875579703,0.33927967170061146,0.34893669574966985,0.3439623317015748,0.3371935888004229,0.3523932284869901,0.3468397770457108,0.3515979778570923,0.3535066419029545,0.3393252952305481,0.3487477451739651,0.33619432753241535,0.33976177359259735,0.34978066001801494,0.3621564363897591,0.3342958879418061,0.3342884775264133,0.3427772774758442,0.32369582134259195
211,3,0,0.06913979227208124,0.07101153547197757,0.06893153313111354,0.07148611842358427,0.07189844485897157,0.08047134254448429,0.07176872620440916,0.07106854849629787,0.07383274633560598,0.0683560710437819,0.06822070555986938,0.07265381383337637,0.06601607382297109,0.07106747668513887,0.06981617517987371,0.07163232480940929,0.07276827009145244,0.06985642441050134,0.0703435057817564,0.06865888621414386,0.07474545613330509,0.07072787169315432,0.06583289379504574,0.07200124613113168,0.06920454551144099,0.07361358005592
212,4,1,0.7706633555893251,0.7789689057933232,0.7806434813809054,0.7648192718411589,0.773487375333354,0.7697012897754782,0.7677240118994272,0.7776585134871831,0.7819077517601712,0.7695918763286196,0.7857598494887222,0.7791055238102605,0.794840428265493,0.7817047546187403,0.7796865207151812,0.7813044298139875,0.7819304413454501,0.7807031524640019,0.7943594761925801,0.8116033408780706,0.790024420344921,0.7811639844303051,0.7775976005513531,0.7771181919827788,0.7794144576126181,0.7644187378551347
213,1,0,0.10658066279480656,0.10821437613374148,0.1065329719672234,0.10285845942170053,0.10354128631649771,0.10940398454066297,0.10792434659657284,0.11165386505274259,0.10865257617791839,0.11024914548622629,0.10131607922178153,0.10565052219577438,0.10373007867503335,0.10794191914208832,0.10679105263630169,0.10959038875354449,0.10657371980462155,0.10675866249978727,0.10125487690094837,0.10773766407883778,0.10561387791244849,0.10483826349797824,0.10578198531359335,0.10602049002810238,0.1068671056933463,0.10418635115927401
214,1,0,0.14294464486153105,0.13914986141042773,0.14062589466072808,0.13856420782957368,0.13747601327940767,0.13337805051640222,0.13868221692100322,0.14236764183414097,0.14430791709735477,0.14610937600562127,0.13153736510509365,0.137039671327971,0.13255020189834985,0.13910456461945184,0.13695606538286245,0.14101966135348684,0.14097227364562648,0.15080027345529476,0.13655519209923014,0.13097792814020906,0.13790057793916546,0.14509093452606336,0.14474114947065533,0.13915398238543356,0.14387042779515358,0.13672263240954208
215,3,0,0.11032111449451343,0.10863497433336393,0.11048630378634172,0.10639883841660201,0.10573421438761986,0.0912389794091153,0.10810811327821017,0.10585406837563593,0.10771650772826989,0.10876450500695083,0.10346019714761057,0.10787341780694391,0.10561978835102448,0.1075516830100063,0.10985992739786223,0.11033726316778851,0.10468994634544554,0.10087529247302444,0.13302806344905307,0.10655456400253105,0.10495028953037694,0.10446978592600842,0.10670240510987831,0.10275406340244536,0.10453546538594698,0.10030720705411254
216,3,1,0.9719237930781656,0.9731717300569472,0.971856157330345,0.9734896148489462,0.9716120766387917,0.9700186025954904,0.9738616845445,0.9737007493469862,0.9753654644207117,0.9732003724564956,0.9719479237161489,0.9760115025726247,0.9744281284185519,0.9721814336335255,0.9738642030882296,0.9725455916226764,0.9754135576087429,0.9748466591653902,0.9730933063454232,0.9742785284294314,0.9714278811631418,0.975455500033021,0.9733391709899667,0.9756923744621018,0.9749463839642818,0.9768808968107372
217,4,1,0.5140908161856873,0.5109387687460343,0.5177785055155754,0.5074711561289218,0.5020025149401763,0.5240544585704136,0.5139813447231855,0.5156298813750265,0.5125171814423305,0.5183083806422478,0.5190451099833542,0.514377245231743,0.5198196356781172,0.5131857473306886,0.5203938807556496,0.5262982778385529,0.5145337421539425,0.5037224131461072,0.49635877261427086,0.4939457050713198,0.4915275235361924,0.5194383513909736,0.501462095554036,0.5118691225139624,0.5090135449161212,0.5114559704495386
218,2,0,0.14240250788196399,0.1404981298418208,0.1383353907051237,0.13561306817949842,0.13806166014455684,0.1256617069910989,0.13770132625555273,0.13524442976455164,0.14746026190546357,0.14921351641283576,0.14512597568179855,0.14297658318269352,0.1379357229982434,0.1412847687194474,0.1385674495297905,0.14038105838868983,0.1356087407837396,0.11989587507983061,0.14142555944153393,0.13292062754887626,0.1343186036335959,0.13898086850094557,0.1450598586555645,0.1433763422928668,0.14322792446597,0.13994896043420488
219,1,1,0.9609649203986895,0.9617856129869612,0.9615354183849996,0.9616150720730291,0.9585942707698875,0.9579540168380616,0.9614371673715235,0.9627665364860158,0.962169413334475,0.962602198651997,0.9601419269459678,0.962733582205388,0.9622285428531558,0.9607128366844666,0.9627402485107179,0.9620570311435257,0.9617920889579717,0.9636223398062035,0.9632621638555937,0.9600772180602878,0.9618403352159861,0.9600560435972714,0.9607699922457673,0.9560616429318575,0.9586068324633236,0.9573603244358165
220,2,0,0.09587855457981641,0.10509017618696082,0.1001383705140118,0.09941696923489406,0.09708324226523281,0.0919226641222388,0.09586173653255019,0.08477966349942678,0.09573513315322797,0.09101952581320068,0.10596649377249641,0.0827764676647492,0.07681064085551771,0.10107414580443896,0.09614412233150911,0.10041702558804234,0.09690899817510719,0.11500442813171906,0.09611127007067093,0.09460544214989541,0.09770962280325445,0.10328884994970029,0.10034639811689004,0.10526710426891626,0.10240313897134388,0.10354456374130044
221,3,1,0.09611241293139294,0.09008113561279724,0.08925502572167766,0.0900422768033949,0.08973746993992977,0.09390148805415406,0.0969327571310451,0.08848810242879353,0.09014023395780262,0.08548425084692357,0.0892093145344761,0.08845749706392352,0.0878152062312774,0.09118013532272544,0.09606103705026155,0.08996352622482717,0.08475221086340146,0.0834555872426886,0.08470166376456371,0.09559946367906656,0.09359533981151406,0.09794394113825483,0.09076125331450097,0.09518948115901267,0.09236180351506428,0.09617135979519516
222,1,0,0.12745699686589926,0.12775439267576558,0.13068854894927287,0.1299954683398136,0.12998347091620685,0.12520775558451558,0.12997737274875734,0.13318753147153678,0.13268499146169221,0.1382262475163489,0.11962418294216548,0.12818002298442546,0.12016234815598388,0.12792106113745885,0.12628371773605745,0.12980785625943955,0.13051864225083679,0.14809515698073694,0.1262564951636731,0.12119335935068436,0.13192143959351724,0.1316335296983068,0.13014555197710803,0.12972908281567824,0.13511431494811196,0.1281293124774552
223,4,0,0.09578805126651274,0.09535657837904375,0.09525066240988178,0.09616606740958228,0.10024027844716614,0.09336035739326655,0.09465795594669117,0.09293651551059263,0.09886339851416148,0.09499847928185003,0.09464862899096228,0.09751246087860975,0.10012618050944866,0.09531311479256703,0.09393858554279903,0.09402556062747218,0.0950663674799208,0.09068827280247249,0.09475513638233056,0.09571795752597616,0.09411169098890544,0.09381629202197374,0.09758301930911585,0.09644909319854257,0.10191890708502616,0.09481925617694242
224,2,0,0.09803946699818498,0.09714828425399535,0.09746915023922131,0.09761517300321444,0.10223338924842157,0.09149267458090087,0.0996958634784507,0.1035678157370279,0.10166719812386284,0.10138810071274838,0.09606373023345179,0.10189523013830613,0.0986694563940856,0.09821211646508389,0.09723230556043803,0.09848731479474389,0.09895204239498202,0.09606388661643016,0.09568575330251061,0.09810223662050584,0.10118920512347546,0.09805340227638737,0.09709611595320318,0.09680958224516939,0.09784990169694108,0.09779105274261295
225,1,1,0.39004320722225777,0.37198601889955984,0.37107655947644935,0.36415887096851324,0.42622311641409416,0.3645375611423553,0.43285172561501545,0.36200013127181646,0.3791842573129156,0.40774735946700075,0.4332259517474821,0.40964530050258957,0.3919790669534114,0.37430513458031384,0.38149240756613195,0.3784482660741144,0.3656236805014708,0.3582559730260894,0.3416094182995801,0.37174897970559173,0.3886350654050492,0.3627317316449252,0.3737699370201011,0.363216700202097,0.37427183503757594,0.3533417122947174
226,4,0,0.10001348574417508,0.09744739286763915,0.10020723900551097,0.0988169057424249,0.09940360140163224,0.09309667361702778,0.09879242828092609,0.10032782282904977,0.09962507774010393,0.10232721916286852,0.09891832885475488,0.10319377132039097,0.10419716497473809,0.09684390876464315,0.09765054026070753,0.09959793497087406,0.09903674017342211,0.09442652534732547,0.09744690354523451,0.09869615044188984,0.099276512020456,0.09674540677943756,0.09879653490297786,0.09725906739507466,0.09687122180927293,0.09924472660946415
227,2,1,0.10575099909847231,0.121708384623186,0.11544740591325882,0.1088267298209018,0.10849735320069394,0.11761821864896145,0.10791934593537415,0.11870834941231612,0.11819454086387289,0.11744216239623,0.11166788862475045,0.11487042035389189,0.11463150797088383,0.11754519979900897,0.10763704120927568,0.11758170463680906,0.11264648520679303,0.1107382213067963,0.1184921403709186,0.10579785559112491,0.10449325592436176,0.10188320791224133,0.11631222727202413,0.11749070722000256,0.1071525428491843,0.10697515803720233
228,3,0,0.09270936856890839,0.08980627580324611,0.09202619726079031,0.0909603291836077,0.09447565994366379,0.09489367758562624,0.09466086867391199,0.09162522727058749,0.09206044939882174,0.09440782555562131,0.09016511921061725,0.09234642859965299,0.09007295159887092,0.08843353422340057,0.08904707484346734,0.09189031698273237,0.09052874507132426,0.08841512046579181,0.08899566177630601,0.08867368545882033,0.09882309520607872,0.09424319262013549,0.09343858454776077,0.09294638159485273,0.09085048988795463,0.08832057586867581
229,2,0,0.15691035409422963,0.1678567845166258,0.1640451587363958,0.16231971786090751,0.15225414741256818,0.16084307439983078,0.15207911462497625,0.17275720871032962,0.16704679348328574,0.16670459408517183,0.16667577040360307,0.16460697075849373,0.1757031217330924,0.16767088903224048,0.14744803541327978,0.1662668303343167,0.16507533366240973,0.14905009092196345,0.16244665392410207,0.1567337313933598,0.155871624982312,0.15501413090549973,0.16684133746569693,0.17413257967824194,0.16763615306889004,0.16987446698119088
230,2,0,0.05402281074122515,0.05181014037451356,0.05624453250542466,0.05119785000151723,0.04960533202231417,0.05422828458877279,0.050418609772026314,0.05213722228134093,0.057392715335192655,0.049723412260045806,0.055918436644056185,0.05689070932255099,0.06090237922713437,0.05370528965091207,0.05559712121257752,0.05241409904917239,0.05111452769019606,0.0587405260348268,0.05623497230598703,0.05365155194109492,0.05539380109217242,0.05173883582673702,0.05223984681794858,0.03597210485200601,0.048929989311299577,0.03767299186283726
231,2,1,0.9461138760710653,0.9444444061078728,0.946586665648922,0.9456539175330699,0.9483064303184229,0.9461796911123818,0.9468949833690865,0.9402384563768785,0.9453004998224711,0.9439208606159045,0.9419543330610272,0.9407614616335745,0.9471342532354385,0.9467160059205052,0.9445361780823531,0.9464331766431614,0.9450633682255898,0.9413638627221063,0.9442858386643614,0.9435804035973719,0.9484965692721952,0.9471414384854363,0.9459418841922718,0.9477341944473304,0.9508175451596457,0.9494398506498846
232,3,0,0.13479072817835364,0.133935102532215,0.1332973595569438,0.13434763528981852,0.13400253842524393,0.12802596115852835,0.1260985238562075,0.13385141418745525,0.13166089028413344,0.13356703942640466,0.12114234089254931,0.1378112358017465,0.12235779036533219,0.1341385134936621,0.13231752944703387,0.13426393739510453,0.1303007187928603,0.14085285263375782,0.1253886958325723,0.13212363645059064,0.13261458376310384,0.13297113451537898,0.13247885605210893,0.13203593011526812,0.13274081475398847,0.13127140742056487
233,2,0,0.07660357508453167,0.07672685388273359,0.07608118199987395,0.08047031885864765,0.07531003768030771,0.07177483310213172,0.07530657687269143,0.0837731285702351,0.08052961294850346,0.08241441154743386,0.08424911807108716,0.08416312667925208,0.08661579927842411,0.07605865956430054,0.08143274219219958,0.07730905667948933,0.07798510836822031,0.07353010388053108,0.08011973398526183,0.07551424038284334,0.07753457690744178,0.07677520279899752,0.07463227753819511,0.08529205497688579,0.08292021066875316,0.07917053547373766
234,3,1,0.6474261849566408,0.6505302571416397,0.6718497628636048,0.6846747431659984,0.6755617006357927,0.6143077487466018,0.6669371055396325,0.6459481996769568,0.6669513575103553,0.6597955838932849,0.6448414533366714,0.6692914371115316,0.6670389312662669,0.6470329137467262,0.6270899900110656,0.666765045944037,0.650251861477723,0.6629797097820133,0.6537059739271994,0.6617798312044109,0.6717908286756523,0.6978384481759804,0.6360507297193146,0.5976455887469908,0.6494309444652879,0.62615283588628
235,4,0,0.11491728249445572,0.11191654374146232,0.1135279640254115,0.11770948521676557,0.11933171279145198,0.15939822399033618,0.1077161461140489,0.11757106296612929,0.11308961537794154,0.1168189942099697,0.11230675876564485,0.11847640720216067,0.11192792063757412,0.11020355410358385,0.11238459756242292,0.10890870972219209,0.11468418971711346,0.11840173836169869,0.11270056711390815,0.10265762016904845,0.10487458644296448,0.1115402744510678,0.11216740836415999,0.11187684505792034,0.11292096680902745,0.11273196150182219
236,0,0,0.6171544517352054,0.6014575068077878,0.6061787926115848,0.6105252385803625,0.5994140415947374,0.60205140904429,0.5966115743103555,0.618405850664797,0.6112489357035247,0.6056411464421859,0.6337027392659329,0.6283335325809407,0.611272873974623,0.6068523811645865,0.6135252576656688,0.6159116792243305,0.6161830757170151,0.616299715134247,0.6071833132572881,0.6048499311830354,0.5948843158592553,0.5926554283014377,0.6090169218744834,0.6041459756748062,0.6094298181464709,0.6077981778153938
237,3,0,0.10434032273396894,0.10790043278346799,0.1071041731674781,0.10855730994821261,0.11071888358397441,0.1015657930669644,0.11275071444399708,0.11264887996649674,0.11125666212485912,0.10512850638358391,0.1129532025564151,0.11245361281633935,0.10440248426300597,0.10587474026583582,0.10558732857725138,0.11018244524397014,0.10569398069862208,0.10274831248006526,0.1054255933598745,0.09982918194227099,0.10355233123050207,0.10715596871740267,0.10522946812524198,0.10871852653054487,0.11402935664640539,0.1073960460400562
238,4,1,0.959141096204356,0.9607239044364859,0.9609213366708372,0.9596847802389116,0.958502760264032,0.9593605785595295,0.9558118474163818,0.9580873727614634,0.9570369409446401,0.9602670968683018,0.9547733540420937,0.9615461592613714,0.9533230430202106,0.9618225594455619,0.9570153151420556,0.9528847691872461,0.9570497115952649,0.9542236171070124,0.9557207783016706,0.9620027352568163,0.9604151072897222,0.9481258699276994,0.9588972587602939,0.9614126348159431,0.9578569818415579,0.9642466889691924
239,0,0,0.13723392511473873,0.14613115083394115,0.13454585812192152,0.14069062131321577,0.1401022459108818,0.15112326894844968,0.137485107430833,0.14303276353933084,0.13717048854952232,0.1406814215382425,0.14154847837010873,0.14071147922129532,0.14775181305556204,0.14999065280343707,0.13213711807992137,0.140698789588693,0.13940317116618603,0.1393765011021934,0.14077558393768858,0.1368352656742086,0.13344744943262335,0.13261054553042387,0.14060577217837988,0.14173866010194278,0.13656173745583242,0.13543524736383447
240,4,0,0.10365390598256369,0.10284622040852703,0.10252493808982154,0.10200279462202594,0.10108644738441745,0.10860899919480162,0.10016340571274564,0.10813663110427933,0.10838944352286799,0.10660156518601664,0.10519885333431424,0.10550032079870002,0.10798625247956163,0.10265112591770109,0.1032519227562797,0.1035805831182011,0.10984783714360143,0.11291599951065882,0.10893293710466383,0.09452400760763986,0.1036628491952547,0.10926224342963882,0.10507950335079987,0.10451152586111456,0.10808610411679898,0.10761805353075231
241,2,0,0.11717288264993136,0.1255781597159746,0.12689593660750131,0.1193722458734507,0.117274862314788,0.12029963583477192,0.11411968040972982,0.11822058059760825,0.13026454611617627,0.12648556926389673,0.13946646327593779,0.12629239679863027,0.12382510981023194,0.12245784303660479,0.12254556596836692,0.11841571744114306,0.11768014545570686,0.12934471477409953,0.12646267499516117,0.12131242996407691,0.11074260182582818,0.13213071283077835,0.1181806328093606,0.058708482827282686,0.09243964425049032,0.06292581664132586
242,2,1,0.6824538523179543,0.689616320346088,0.6886724882114654,0.676420783228196,0.6757541729780877,0.6984055203300613,0.6832014784874428,0.6781292067167485,0.6783045775201457,0.6747821921310188,0.7064713322051186,0.704844109577344,0.6934464196673344,0.6860715581792173,0.6893964051489009,0.6780948980122253,0.674267452348742,0.6894241870612232,0.6898888619797386,0.6742902194681936,0.6739387784816362,0.6941938574835551,0.685680633367182,0.6685472466351587,0.6713213140883267,0.6910502342771948
243,3,0,0.12117551410057248,0.11716103244591637,0.11819996058874878,0.12133889949845485,0.12224247364032233,0.12128498247750252,0.11756142631423526,0.11834722378241146,0.11967174494436965,0.11653095051800394,0.12294724915717514,0.11810254077445582,0.10907211633574838,0.11586625053009476,0.11622080849609062,0.11533787627455439,0.11582949970786834,0.13578234233505207,0.11866788151861957,0.1111249200176941,0.1199974101420022,0.12206946910980689,0.1222336462181326,0.11844816192332462,0.12101247126567276,0.12033384835900045
244,4,0,0.2042614235108878,0.21481372616082947,0.23196534266702162,0.2314571644915191,0.24513686384577293,0.23882714886201614,0.27190318683211734,0.22699380048524773,0.23851977185434445,0.22342341500648397,0.2557161943648984,0.246867090779917,0.22112151112535752,0.2072151302031687,0.2230643341213885,0.2154694624826007,0.24318100551700347,0.22982663531070444,0.20971046797014856,0.24874799572790843,0.22909025423106263,0.2650097157663986,0.19128009119212605,0.21646464670801593,0.22582597872925306,0.2604619749392079
245,2,0,0.07333364087047839,0.07674190782458597,0.0769841984538187,0.07364422290048966,0.07201202412964915,0.06949682769770561,0.07265916383939852,0.0654300014711179,0.06791721203249396,0.06632337375480866,0.0722415752905048,0.07139845928450808,0.05491535851071158,0.07487871512890514,0.07673362707881988,0.07456558607068729,0.0733469569232901,0.07746860555207653,0.06987636792480348,0.07253142683520573,0.07436730708552548,0.0731930627711776,0.07417767836456783,0.08307758092704104,0.07663724122140593,0.08123162361784313
246,4,0,0.7512073033454275,0.7293827667916108,0.7729747178834182,0.7788780837027911,0.7460160431760962,0.7093787637393741,0.7488808341863411,0.728027563647038,0.7358596656735363,0.7451568584250303,0.71809301153592,0.6924007889508728,0.7549190498221771,0.7297962131343456,0.7017533212443675,0.7601423402527887,0.7277868999844562,0.7175844846865146,0.7531202658082771,0.7269433419178718,0.7517382146745933,0.7519515395525193,0.7366432896635566,0.7431164702275354,0.7111198166200355,0.75351779119468
247,1,0,0.5700942614302353,0.5600012151822674,0.5674378656126693,0.5697184956200807,0.5668829665649492,0.5402537559413622,0.5829102865335077,0.5628183752045519,0.570684202167388,0.5777502418599353,0.584333419747045,0.616045558662032,0.6169223912791757,0.5610345643286899,0.5614592490784448,0.5599166894860602,0.5663152096244942,0.5620591990713323,0.5596571297248624,0.5529159768912947,0.5656704586136853,0.5777320328988288,0.627296727552403,0.5638855773823023,0.5651917541001709,0.5743222537027789
248,1,1,0.8351756764573085,0.8535190552212611,0.843579480529157,0.8447214035907842,0.8477613462983816,0.8557016338599363,0.842273741098059,0.8540006596021786,0.8518589462600596,0.8442238118803105,0.8822021107632493,0.8837688906917268,0.8815894108750646,0.8557874835718756,0.849953575758318,0.847315409132117,0.8498052414947511,0.8521392474138962,0.8477009021822148,0.8604134180495248,0.8553064120932005,0.8471077771134801,0.8167290876067975,0.8511366427536006,0.8484751773107022,0.8524590113868147
249,1,1,0.3870008167450249,0.37596098303451947,0.3917256827719943,0.39275222960806216,0.3827884624578674,0.40220788622666137,0.3826957059808042,0.39602346399874405,0.39962205737573436,0.40574351228268385,0.4247387230412177,0.40562088614686936,0.4359257758188386,0.37562838129820514,0.3626358667481999,0.39887221423702984,0.39632744680113774,0.3745760089783003,0.26496842754639954,0.4172444969583126,0.38418631392976255,0.41590134963057696,0.38455302109466777,0.39061235089370555,0.4063242075185567,0.3931079858129664
250,0,0,0.05412514794176914,0.04670924412333346,0.046554123283454485,0.05452059642395237,0.0551649670088257,0.049074646862933176,0.04682720787798808,0.0486222358174466,0.04776485655373803,0.046731167408994745,0.05784145619175327,0.05451617439890196,0.055327557567963086,0.04735624694062806,0.0487113013708361,0.05304874673672921,0.0497225038056332,0.06084099021994269,0.05623209575659773,0.052015264252843495,0.04786709752872176,0.04990481777414274,0.04669002897427809,0.058746379617091414,0.05033887769362851,0.05043489583159258
251,2,0,0.10067679325579966,0.09901846975065974,0.10080976979628418,0.10046028128349711,0.10370789747701202,0.09932942488621084,0.10409339996200924,0.10548227925709419,0.1034829538233103,0.10354233647170275,0.09600379617324077,0.10102020100197075,0.09843071772052829,0.10094783954608715,0.10014967407705135,0.10055422896435734,0.10110672515866513,0.0962483611562668,0.09762487471760097,0.10099118998563257,0.10196913647721502,0.0966612610240876,0.10008959671224409,0.09966737259867829,0.10250920021013893,0.09925076780257118
252,0,0,0.07208023603825875,0.09072902101031984,0.11159580553629618,0.1169430218685751,0.08899705009501058,0.0788025162830732,0.09962020884925053,0.09208365736392123,0.0879804025607465,0.07489242672240058,0.0877938184922379,0.08212176465255698,0.1327327246806385,0.07893743724500786,0.07633219378567317,0.0823152382423157,0.09159626364790317,0.09013263132208656,0.08536971741760807,0.07656131691203599,0.0957550232844473,0.10009514072651593,0.07670896636529238,0.0714484831143335,0.23036123373558479,0.1823254411224948
253,3,0,0.19821477215669472,0.20456489589392512,0.20721215037891058,0.23114274831104606,0.20202177250481965,0.1869136873851693,0.19388134346334737,0.22503879552845044,0.21684963910094124,0.20519758673692837,0.2342944600305361,0.22062702651864363,0.2256746837825122,0.2048160652154596,0.2078146726011806,0.2025936925064352,0.20924574759255568,0.20227902077824803,0.23823930709520832,0.22251724713208942,0.22692123168744674,0.20932855056299637,0.2266015784434119,0.2208692269208803,0.2191677402177172,0.21642541084926162
254,4,0,0.08967032166670687,0.09357097933935594,0.08901756657227022,0.09204399934673217,0.0920546449695211,0.086328173567996,0.09332714716401563,0.09794384568762365,0.09035383704312305,0.09100262553489598,0.08922838061778687,0.0927144158041475,0.09599353540143916,0.09380639991050953,0.09511059842778709,0.09287242065277201,0.09266578076769405,0.08527100932933308,0.09249952110233411,0.09593027946065051,0.09866660435470985,0.0923421056224173,0.09275439737625117,0.09441001443361201,0.07813057090106418,0.07574387527639599
255,4,0,0.5396007496475971,0.5520440678899946,0.5475839551142111,0.5450201909551593,0.552861334800458,0.5135462794330307,0.5348187121740885,0.5874603370746346,0.5581200423885639,0.5377241189546469,0.5418344687761705,0.5484278715740345,0.5386699689744144,0.5559062685722718,0.5485689466451994,0.5521504378662468,0.5714181113245568,0.55948710457354,0.5547820644357985,0.5108817595340308,0.5456787424413604,0.5560413968068549,0.5359027250365777,0.536112086861027,0.5407244848566414,0.5478989602175003
256,4,1,0.6455699408902551,0.6476276770340398,0.6281508445876334,0.6364925152145045,0.6270590387604005,0.6340511433174102,0.6393898616858653,0.6685987623417607,0.6570686326150762,0.6377165074364051,0.647557347165502,0.6723353246687078,0.6440371957529223,0.6522270054193449,0.6503426391522914,0.6385438561902264,0.664463007328633,0.6452466915614667,0.6571685951831957,0.615133155300847,0.6204764261840415,0.6384718446318498,0.6397735242570257,0.6025486597380871,0.6059785028086414,0.6159883440080026
257,3,1,0.9120572763332114,0.9195067392272168,0.9190107125453317,0.91783506699319,0.9154892550919378,0.9116802219043235,0.9123712665217264,0.9250428945411748,0.9255995107599101,0.9214188494058267,0.9142275715501743,0.9322872274106894,0.9214941136025283,0.9202672718801135,0.9219815908969712,0.9181110353321243,0.9229390547895066,0.912216449769403,0.9229369120265027,0.9222184819835931,0.9299047075750698,0.9297708064884113,0.9235216573161912,0.9255478200344006,0.92983766626967,0.921018178997871
258,1,1,0.9658583494740408,0.9662584406003601,0.9672673234139401,0.9687011332674408,0.9651696590174322,0.9652129348373442,0.9648317053830695,0.9693423318967885,0.9678573880063078,0.9686951422983068,0.9628328792963065,0.9693670696980784,0.9656520757335384,0.9663839749726321,0.9691852732974642,0.9669848646150742,0.9663827252694318,0.9673263921372194,0.9674312619517945,0.9700191685216352,0.9684806735176265,0.9682039949193196,0.9670907436574039,0.9671607519343276,0.959676235722867,0.9634703773214218
259,4,1,0.94916630935237,0.9517556907957024,0.9446181212749171,0.9464306775997784,0.9438059137788665,0.9456250868716554,0.9475693347894559,0.9483025751726865,0.9513301313603996,0.9510820360890418,0.9487157115087991,0.9525191969326521,0.9488625576329479,0.9516821686929714,0.953169917436627,0.948515876991797,0.9478219811551,0.951065074696927,0.9528090492288017,0.9533069559093991,0.95288151988697,0.9480639761028096,0.9508782673723873,0.9533484571406055,0.9528440722823807,0.9480169115736524
260,4,1,0.8554790663164451,0.8641817794449528,0.8594662836111814,0.8547121403801725,0.8555357555218278,0.8323856292359375,0.8577144350351182,0.8566734328508158,0.8528392770287389,0.8647544296676913,0.8817618747409094,0.8713587467973164,0.8593056707287813,0.8636363981438427,0.8613937051936696,0.8594227569662789,0.8523269981117033,0.8481941315568652,0.854079355305144,0.8749623843551607,0.8587406394027918,0.8610832941917742,0.8567849566775264,0.8651663205871055,0.8311455022956805,0.8559046630410801
261,3,0,0.10840025676704201,0.10923535044748649,0.10959897213773122,0.10857166749469538,0.10671487973812649,0.09498404911522688,0.1091038247747619,0.10688819881249433,0.10692201583539207,0.1112176664692434,0.10327007158797519,0.10532547439373592,0.13547273012775268,0.10902351681361476,0.10961248705135186,0.10966032360530446,0.10784810484748315,0.1068126688036185,0.10743998554596097,0.107580002913276,0.10708931519690597,0.10585477478369833,0.11032464959679837,0.1048320761460891,0.10604673366376953,0.10243583361589381
262,4,1,0.5298486214497997,0.5444033011819417,0.5582126157971864,0.5630154780288051,0.5490325811996826,0.527959977900906,0.5742239618822966,0.5431799859541295,0.5326565120540285,0.5286700468020616,0.504944130062785,0.5228615191172926,0.5313963065573057,0.5490825673947607,0.5526995716960434,0.5528679606124104,0.5324096604534456,0.5201739669972707,0.5375426661040839,0.6005791156484709,0.5625732273430868,0.5908746576927132,0.5581383359666127,0.727517102550754,0.6456872516148461,0.6994548440297234
263,2,0,0.23389747941183167,0.24010378220349762,0.24249293214978884,0.25205151932692926,0.20985549316158525,0.1674666350726315,0.21821073264351995,0.225535165067565,0.22854115184886195,0.23421036514956095,0.25628825355209356,0.25837322082524633,0.2608226063836839,0.24066561944647882,0.22992326079579906,0.24337933626506378,0.24307392306884193,0.26257488434309983,0.24931596736805936,0.2464760223396051,0.2402685073034445,0.21324389486277454,0.22651405757363283,0.22630574645540982,0.20240248158133115,0.20092019341827405
264,1,0,0.09818310385991867,0.10133519848138346,0.10639619679361478,0.10403956076551775,0.13165252878821598,0.10960840593029424,0.1328334071500711,0.11217261608350204,0.10435347227901122,0.10209886638838706,0.09498444282807511,0.10500196474052104,0.11697145621303746,0.09582613127910089,0.09708456527219313,0.09737273955563334,0.10538509179103661,0.10610894182372421,0.0958052907096375,0.10005740404904505,0.11546549277240807,0.09868037715069762,0.10105312413451116,0.09808163374210825,0.09580231640970689,0.10662878755102605
265,1,0,0.7153387130301333,0.7169437723949859,0.7171427487091715,0.7138805269385831,0.7003692388296269,0.6636697153401453,0.7005863609006105,0.7164498025739223,0.7153543888234785,0.715441807663186,0.7189115050483951,0.7380827867596619,0.7356127442860324,0.714396616096038,0.7162725870171353,0.7105397654237237,0.7111003657310034,0.7095334205930289,0.7089313405360743,0.7083519745249914,0.7169026701178858,0.7089832937166601,0.7450031919922345,0.708204845735901,0.7121613091715341,0.7094931680691579
266,2,0,0.10276857614459904,0.10601402313085129,0.10029707687453464,0.10744921845612578,0.10477024545717324,0.09829291792217569,0.10147451079633284,0.10737727103559758,0.10850020734273995,0.1114291198809192,0.1093463380493482,0.10976645385543658,0.10657699758555346,0.10188369982303842,0.10175787920154462,0.10255482249916499,0.1071599997299139,0.12092634221667066,0.09943902727445221,0.09732222953326713,0.10317999537451443,0.10412775326006768,0.10513451281212986,0.10943767935131803,0.104288955617354,0.10768200451214482
267,3,0,0.05481906344379933,0.05448029738531689,0.05330160140864588,0.05053686839431473,0.05305747277519591,0.05684641340079732,0.05258319122316774,0.05246516556662725,0.05640043283712933,0.052297857832295735,0.049204528214037736,0.05378677682218854,0.051766281972522095,0.05520083233064108,0.05073401564914567,0.05266161774574144,0.053201525654180015,0.05479051029239845,0.0529629668958223,0.05547098258983135,0.05169558177200839,0.05057718667271734,0.05493483758140807,0.04902212174967318,0.048664900045360775,0.0473300313500477
268,1,1,0.09590301746124809,0.09540799572741655,0.09949678229966641,0.09820891619585037,0.09702314770683118,0.09933463640489126,0.09751691767561409,0.10172831465519462,0.10156652187956931,0.1015927634608123,0.09698098683492284,0.10107183088112125,0.09637581455691131,0.09561222181167477,0.09635475096240459,0.0971400002039643,0.08804533409647801,0.08855118302077342,0.09153122505821965,0.09599646475624508,0.10096446472300502,0.09480521615814659,0.09929131385843115,0.09557399223053621,0.0977685137632028,0.10083620575187764
269,4,1,0.9260183363815124,0.9243330467820045,0.9218062075079851,0.923937986040638,0.929732671147622,0.9222730476229154,0.9367730091001194,0.92573228226285,0.9224932230413424,0.9266171907936034,0.9134621405288526,0.9122415328622822,0.9209982772039697,0.9258386489488452,0.9340787016115043,0.9194857203141354,0.9219552328896802,0.9294726109757919,0.928444029961109,0.9283374480624541,0.9254154429134033,0.9244391303001743,0.9270854758787831,0.9263184923354165,0.9243436983196268,0.9352138379243322
270,2,1,0.950755770438081,0.9499258267021206,0.9519439442846097,0.9516092551276429,0.9592307173507404,0.948977027994801,0.9543500291431846,0.9570753769909697,0.9534877543341636,0.9518748328009092,0.9486030232636907,0.9567051808433679,0.9480651407537942,0.9533459220546807,0.9554368161120103,0.9526125996666434,0.9528105966950361,0.9587027175117525,0.9583849513968499,0.9561185362868742,0.9524016569488363,0.9565606437060765,0.954606940330362,0.9552997202292165,0.9552279557281776,0.9576328997907595
271,1,0,0.19126902529664802,0.18897459531474362,0.18309455021847607,0.18226753223983896,0.18765448948077612,0.18114552480242285,0.17016550113617732,0.18577951322957342,0.179671392687511,0.1695373529834899,0.18996361214319202,0.17334350543308685,0.19509936126779093,0.19104907306164032,0.19436093216771014,0.18232581085890184,0.18050004209301418,0.18014848219088256,0.30729156654473494,0.19497776824186805,0.19325554240326118,0.18377613327357492,0.19683933753883018,0.18556538467390463,0.1828478014753069,0.1856783543701742
272,4,1,0.05609234594100069,0.0551658690330376,0.05159079841747644,0.058124283964371894,0.05816360882199767,0.06166684423390143,0.05405445357778645,0.0608748235602715,0.05922967775457213,0.05666094189352919,0.05236532015297299,0.057406179509772566,0.05354402391566534,0.05522947556209953,0.058163538982414976,0.05312739469891486,0.057305183550098636,0.0592077439679893,0.05705555119593827,0.05792785543275487,0.056556456949168464,0.060078584571469223,0.05428310751896287,0.05586488002270131,0.055225072536922375,0.058517315799318494
273,2,1,0.9255265963223188,0.9269268546814916,0.9238145869311646,0.9223893532570525,0.9309907511388756,0.9237421525540492,0.9120316015331508,0.9268645624479848,0.9324775226150311,0.9223876752805545,0.9211293821343679,0.924090735093345,0.9221844076322285,0.9315237511681459,0.936585507209507,0.9297837886895081,0.9204911327838494,0.9179549156415971,0.9292011405240967,0.9336941397218608,0.9350680487474117,0.9282119059982589,0.9175420857609833,0.9267716986229324,0.9264751556970027,0.9242172951833183
274,0,0,0.5503394155651616,0.5580597849345255,0.5549327796045239,0.5682401352027869,0.5358123766069048,0.4859725160954164,0.538651442923035,0.534413057472487,0.5295784026739873,0.554324051297024,0.5721912540213654,0.5188462084109756,0.584287530586197,0.5464581520968618,0.5441197888208341,0.5526178018464794,0.5386998819345491,0.517818267099883,0.4440370316593452,0.5418504944468112,0.5807543253106313,0.5554085514046557,0.5537067948796879,0.5466528870280248,0.551839291017077,0.5235903796625406
275,3,1,0.6896312880802055,0.7001216526423537,0.6897292776105131,0.6947168304827636,0.6967175603570573,0.6981903775804635,0.7046201311134895,0.6844265624399496,0.6974367107044365,0.6979363786904135,0.7000525784378452,0.6963706960956237,0.695265796972242,0.7029747469841121,0.7040562402607756,0.6948668830146353,0.697458179812159,0.6868679037553553,0.6978614599369773,0.6912025604191502,0.6945204561728401,0.6851511284798891,0.6924631986014788,0.6884555717008278,0.6973331741818577,0.6941859085623712
276,4,1,0.9174913769575964,0.9110867595713484,0.913881408518248,0.9119519790216953,0.9045166387192841,0.9177000821034805,0.9109750277084941,0.9071513795758849,0.9067752206897373,0.9117725850235164,0.9050383406416606,0.904722045188615,0.9089277542789795,0.9098914487359315,0.9151901105264367,0.9126402805152658,0.9007037735848957,0.9130891541126003,0.8995578534599499,0.9132666260045447,0.9075750596797182,0.9111039281203436,0.9051595341163288,0.8970339080225527,0.9153962788197801,0.8993113282904917
277,1,0,0.5039867427059893,0.5140138086604152,0.5283696642894266,0.5224507620626717,0.5036331348478141,0.5084955729211021,0.5316737918937032,0.5003596601341761,0.5072159648824267,0.5309109233450443,0.5417592124806042,0.5796957135366552,0.5658635071130907,0.5032049320346278,0.5158442473860481,0.5136576531961065,0.5002426413721662,0.5104902062081007,0.4998841174789592,0.5105007149049413,0.52169874475532,0.5239031936515424,0.571138973031503,0.5074276996910397,0.5114238152875661,0.5295104672821788
278,2,0,0.08298264795734879,0.08066597082619026,0.08058140763729983,0.08328016275353477,0.08381583683099575,0.09254477962436224,0.08656875230589528,0.09139674251262075,0.08441838804082946,0.08712053962676375,0.07538196937728618,0.08846719440123814,0.07048268465445533,0.0812776907929735,0.0828965514741531,0.07970516512373382,0.08435907117162748,0.08722151599705585,0.08323912590883246,0.08046797298533033,0.07588188366310929,0.08149657788321803,0.08332049363945813,0.0885218041376566,0.0914031711987774,0.08591948996274247
279,1,0,0.0476213878373082,0.05155432926225483,0.046300791847208755,0.04909591999759568,0.049527729126045916,0.05156740891466049,0.04787394095934849,0.04719046733922841,0.04794698988533915,0.045602854975692185,0.057002720185383736,0.060567310354498936,0.05011678603945819,0.05097882929011339,0.05110186529550456,0.04760415403208854,0.05135800543790009,0.05070808876075919,0.05461674523785828,0.04609117857110879,0.046653873680914816,0.043769806735149346,0.04576366672058806,0.04354511655380899,0.043039260494661676,0.03844453178783001
280,2,1,0.5105121070066865,0.5187853562154747,0.5317200544287219,0.4886485787802013,0.49413299323569965,0.49885723618140604,0.4987610032572865,0.4914401242617718,0.48760665940265896,0.49789406912786754,0.47973618896722997,0.4671675431626654,0.47966140988762035,0.5279865680221524,0.5077967552620198,0.5249702137818318,0.4974822415003835,0.49012405499638323,0.4856706900563681,0.483623369801424,0.48264363297482377,0.5131612406029172,0.49118547840643156,0.49847865411265113,0.4666015785725505,0.5111635720025715
281,3,0,0.07258819742091437,0.07723905081675038,0.07538806662800317,0.08064669536069503,0.0726365638457802,0.0831663575247178,0.0767171346399894,0.06715733058756947,0.07579004383038629,0.07365388694184022,0.07455615216103331,0.0734923584391818,0.07172552160108826,0.07295781766641517,0.07321853047382441,0.06872383926497722,0.0744075919459677,0.07666215018344576,0.07367565902871746,0.07515684901308818,0.072036982561261,0.0760964376719425,0.07734578612562672,0.0794973544400525,0.07828818371462719,0.08109800987974268
282,1,0,0.10000919613943476,0.11050878763239648,0.10261259709824529,0.10041298366456075,0.09548369084419489,0.10783430144577817,0.09871987831796164,0.09423787589957677,0.09351391069863686,0.09361025920709075,0.10680094616564506,0.09785632034840824,0.09177066935650824,0.10784307751771734,0.10667323344168456,0.10129041038015879,0.10560785396270449,0.11234036039256727,0.10466307989120334,0.09987867812999135,0.10775620622662001,0.0979743606489263,0.11178000537220806,0.1042409095915986,0.07261488173548288,0.07861639162885464
283,0,0,0.09235276709998741,0.09453714262283656,0.09535895633466958,0.09144604624634949,0.09183142310195269,0.09688850337939887,0.09528462033163503,0.09500738622432554,0.09468497936745696,0.0887425372927642,0.09010792886538106,0.0918359957333133,0.09112125803427495,0.09200590766562226,0.1145064893044091,0.09533698570020137,0.09296841888809232,0.09149879966046004,0.08799833114634953,0.09358325732297906,0.09307444479893916,0.090346147229057,0.09395532177156916,0.09078518602715457,0.09117648224774906,0.09367577627075853
284,0,1,0.09207951652717145,0.09508786075606572,0.09376000889560769,0.09279609642078566,0.09500740386554252,0.09707864731831517,0.09812976704840777,0.09699124797656074,0.09539654164210436,0.09794896523038273,0.09253050005350784,0.09216499683463653,0.09257475862358307,0.09557141152784965,0.0912376962624436,0.09672226527914383,0.09424039346652502,0.09305075474953954,0.09354762294927656,0.09641194210085702,0.10011076753283443,0.09437876434024513,0.09808093313126393,0.0944763761240473,0.09785959932907438,0.09726219338441809
285,2,0,0.239992696607225,0.23530250446620946,0.24516878544364515,0.22954860114394382,0.295183979350259,0.18973185170912563,0.30592907623806936,0.23057500718093726,0.22147483587902098,0.23962220858693573,0.2287561719142388,0.21780854312430473,0.16585277823850708,0.23838068980368807,0.2332121131084494,0.23615454926543347,0.2204807826442103,0.2388620738488405,0.2171931562302777,0.23722865338175114,0.2383226224965066,0.2187244920169397,0.22709576855933658,0.2273170877175872,0.20851111926378374,0.21947901911932832
286,0,0,0.11236956092498283,0.11027543916980366,0.11224839797587897,0.1092643284990506,0.10911163297350283,0.1029224349760529,0.11413045596275123,0.11085625598052068,0.1100114616833545,0.11430459945961996,0.10771035082595039,0.10862864737014394,0.11173948624402441,0.10775689333829071,0.1072685607677143,0.10958224322274,0.10763712754357446,0.11542695989418468,0.11229209989520945,0.11562822130959576,0.11439382660860854,0.1130609995922675,0.1113266004704098,0.10912246243800978,0.11321815239993255,0.1103965150394302
287,0,1,0.11004520305566932,0.10691042913985171,0.10847893162981785,0.10675582596613786,0.10542621229908895,0.10978891652455737,0.10897706923467769,0.1106329756789678,0.10858852576698098,0.11016075977381974,0.10506219165471546,0.10598062546997895,0.10622608214845926,0.10457140698164673,0.10658029856033019,0.10715709215266632,0.10488870033027224,0.11629597843980309,0.10774415256991343,0.10915263813618303,0.10920985095917235,0.10618345247572496,0.10923907342787369,0.10804048059776689,0.10656730125959661,0.10651908416871551
288,0,0,0.09198505361544575,0.09289197879158971,0.09283655502401407,0.09225068247825001,0.09411824795410839,0.09459171731827726,0.09742490172842931,0.09468306336596549,0.09335542734180352,0.09604648513762389,0.09092515599491273,0.09438948476892066,0.09339355019394191,0.0936527598756729,0.09083560259897112,0.09365675391462802,0.09326877058209733,0.08985117056134179,0.0914941809216978,0.09772942020036453,0.09544006471167699,0.09276337256858531,0.09407997697915838,0.0938568745370439,0.09487169876206801,0.09464999301934866
289,1,1,0.11538308050260414,0.11295647345093461,0.11080306194192535,0.1114648772032422,0.11098745575716835,0.10964988692265626,0.11257271759604302,0.11709833997985554,0.11390186161336997,0.11356041580571286,0.1097875524119435,0.11446009984055745,0.10709943934152592,0.11528743970256312,0.11457704266028769,0.1114778338723057,0.11465572275500652,0.1163735459643339,0.11454283581113221,0.10391074309928217,0.11160977336610224,0.11296671457077172,0.11416915795993887,0.11113924337905197,0.11547798379801427,0.11677910960812933
290,1,1,0.6936562844513207,0.6787917291070121,0.6841365180313709,0.6992233928652268,0.6839327664831232,0.6486556947102091,0.6740621427296648,0.6638086786190337,0.6732444498043332,0.6720445712830672,0.7067805772046819,0.7258085613673674,0.7222964537562196,0.6839820506867215,0.6869782362749914,0.6878269458852789,0.6834012327865301,0.6833792510110825,0.6889464828967077,0.6746843669155945,0.6910850261546884,0.6878746869257565,0.7138742452287542,0.6787282227136492,0.6900551626497718,0.68443881430805
291,0,1,0.9403922304077935,0.9438296546197199,0.9360030697224593,0.9360728159780455,0.941348041893351,0.9398817121611355,0.93875091076118,0.9443225417277268,0.9411980458736178,0.9415318138823348,0.9311727064002011,0.9473963821843077,0.9294300897539721,0.9432415602717835,0.9431340317278298,0.940696722288286,0.946130511295654,0.9409179781763731,0.9385999108111944,0.9526107335489004,0.9366081146453166,0.9389191899762016,0.9423780615376245,0.9365129262766608,0.9446493936618291,0.938827111645557
292,4,1,0.9593485320517384,0.959386802280043,0.9591428471010661,0.9599112415191673,0.9599817165934655,0.9606481426846513,0.959908264437536,0.958208457182565,0.9577256521183338,0.9576657541755734,0.9556949916718187,0.9554420329495107,0.957256820103383,0.9592587991783708,0.9611956081795241,0.960432072766905,0.9589206441537032,0.9585134896669208,0.9556759243556638,0.9591242805432488,0.9585386333380774,0.951649621196597,0.9581300618897007,0.9574165434278311,0.9587575782100695,0.9579811547625806
293,2,0,0.28413630559863456,0.283800443539913,0.29241383174562885,0.29089573912908767,0.18934204577929914,0.2489704952493942,0.19852071435907725,0.28834944052703226,0.2904192943571504,0.28073479660939554,0.24509857403053248,0.2774773022341921,0.30598834465397656,0.27744696616177417,0.27234255841374516,0.2779313863615082,0.28662572695141886,0.31009109266965257,0.30750592886337635,0.26663286319514223,0.2710953563371758,0.2875531450084095,0.2802273461966685,0.28311229069865007,0.2711364612303671,0.26944231029010096
294,0,0,0.44833141531130544,0.4587419774908468,0.45021665860235444,0.43523128070693096,0.43493141155044374,0.4396178681432617,0.4449886616817788,0.44753608605049416,0.4429819782094931,0.4427015610963801,0.4641678148191133,0.474429072375721,0.4769953850882354,0.44007902590193243,0.4386968028497987,0.45832553998880554,0.42836912798090615,0.4358357905561426,0.4321715914332185,0.4337349413962839,0.4142921032070386,0.4180663332938144,0.43649937203012645,0.4512012909154894,0.4531871611383953,0.4455041507967778
295,2,0,0.09792252950797176,0.09698286497563573,0.09594253426231304,0.09695018418414676,0.10046787990654371,0.08789781901876532,0.09643658966847553,0.10014575904079183,0.10000734636967183,0.09983304367434769,0.09244680353133751,0.09783350389574179,0.09697345188179514,0.09617344080160445,0.09435651738390784,0.09694180050285216,0.09791381368050996,0.09443416955441834,0.09518980704803114,0.09782467526800798,0.09972895183460036,0.09723041326475107,0.09652054227088336,0.09549518210217382,0.09697389346966578,0.09604403841375879
296,4,0,0.2816434504004958,0.2869998537508757,0.2690249075265858,0.2680352423701103,0.24524806834291846,0.2795785607133305,0.23890652505059495,0.3007378621996455,0.29155468222658293,0.2844155114243386,0.2693358880015499,0.2695099989333288,0.266510907545323,0.2859319999425055,0.28092051899693565,0.2758153470522858,0.271849262692128,0.28123225854955053,0.3127171932974994,0.2815507356203759,0.29421380035269995,0.27985623110795593,0.26105844288106056,0.2696420918948761,0.2839615660365804,0.2892120322104376
297,2,0,0.12247992963982489,0.12388889441936202,0.12306773314039661,0.12321422703417796,0.12275763964337578,0.08908255406361314,0.12470547284226711,0.129329101099414,0.12502133718652403,0.13035993953052796,0.11368521289071461,0.1125566656307041,0.11600046991137604,0.12563127321330006,0.12820011299794046,0.12406070824394205,0.12522952918354754,0.11887707845356664,0.12312012723511427,0.1289249406571625,0.1217061908911538,0.1287900903406242,0.12542309096552695,0.11667751668589031,0.12555918380461215,0.11202081494072107
298,4,0,0.9380778880248616,0.9406006750931426,0.9420305820124568,0.9423559635144235,0.943405975861027,0.9456751174814699,0.9441452605043142,0.9362716406437749,0.9467788369234288,0.9400388081090368,0.9324115430701628,0.9335160260392961,0.9314158666370949,0.9403152936353768,0.9427776597016234,0.9434717024325171,0.9486495873991064,0.9384084624328128,0.9447195079416187,0.9358394457629616,0.9438760804609766,0.9486296053139807,0.9487517857714286,0.9366511617635916,0.9515902818392695,0.9417841604783682
299,2,1,0.37474844964813087,0.3646908882024639,0.36389372618853244,0.35938299638117965,0.33138678803624827,0.2684906537131537,0.33731416969111366,0.3704150446003103,0.37302010879624753,0.3677996305927493,0.3641726239827978,0.3486999206028352,0.37298869684406316,0.3586481465843505,0.36658084615524617,0.36328028708331156,0.36794559114625613,0.39504767046484474,0.37587412845049334,0.3716557748159273,0.3648238207378152,0.3399088687071748,0.36813698678079465,0.36770390727664476,0.35084895939223754,0.35668658611899134
300,3,1,0.9007309340409363,0.9058848327279562,0.9010623333403482,0.8912102476004073,0.901034977040334,0.9141100697861145,0.8888597097334848,0.9083656608278141,0.9096423617506278,0.9008074411241752,0.8965963441582895,0.9036550345538874,0.9083139069396059,0.9062956538007989,0.9015134100827925,0.8952451810121271,0.8974491292309233,0.9109037226280172,0.8981952722966128,0.8937008322900327,0.9072562393799043,0.903384071014662,0.9036622723289427,0.9074466361921534,0.9113088195284637,0.8951038531808289
301,1,1,0.7999532398072646,0.805782562892599,0.8042999144706074,0.8021518882244454,0.7872114029639651,0.8005868850898431,0.7880799987379027,0.7966067840004998,0.7911614055560033,0.8039117074948127,0.7982285492803465,0.6865108401793689,0.7411743531906846,0.8029875508762195,0.807257399485831,0.7980413631496113,0.8031921511774248,0.8026314707297946,0.8084077683732004,0.7873385479262586,0.8021759932368685,0.7996449180231776,0.8244183246518687,0.7247016630835844,0.8362912498304418,0.751219494463203
302,3,1,0.09921683257007004,0.10614463205459647,0.10153691860677234,0.10068919915947382,0.09552092726797508,0.0846043390592452,0.0968979621016189,0.09716975086183903,0.10067517277461824,0.10068222942337142,0.09804508420668727,0.09847435916474778,0.09525048217408523,0.10537078246451435,0.10496997246225526,0.10138211101959128,0.09422147872852132,0.09097499475096553,0.09566696190514555,0.09971476590528257,0.0999542930724187,0.09162592399375413,0.09214177082824952,0.09665948950020936,0.09785498604002708,0.09900381772696976
303,4,0,0.05552559476333697,0.05412645469474026,0.05272875654634714,0.058008389679978456,0.05924465583003347,0.06593262030024509,0.05424488269828067,0.05889026771990741,0.058288679359296935,0.05621982415127156,0.049697349675923395,0.047378214222480335,0.05400200520412753,0.05432753560559183,0.057783604196773086,0.055591840275579764,0.057987103467947054,0.061468406682832925,0.059699232309908645,0.05857096291263867,0.0579530539368077,0.05769077197873821,0.05612367341607632,0.05618782939448993,0.05620306529214133,0.05874519313348425
304,4,1,0.9451151359169491,0.9386444190140589,0.939138017530086,0.9424307619613299,0.9395835019050948,0.9239075586748903,0.9326773361949453,0.9400141235232531,0.9380855598281072,0.9352813904649521,0.9350203595746366,0.9252248679186935,0.9326075393054963,0.9378413210328548,0.9345835216765813,0.9401432522641034,0.9396489651707444,0.942906822487846,0.9371530764130641,0.9333956725010282,0.9356030111666499,0.9291444968395185,0.9332480336416253,0.9276479014390597,0.9310309986865417,0.9323786623964371
305,0,0,0.09686380940222894,0.0997627785139875,0.09968373219320699,0.09812157497637604,0.09916813305157184,0.1068765134840584,0.1039737743740648,0.0924172743353552,0.09763289276694487,0.09575122792106205,0.09849683582290562,0.08943289648182091,0.21763070739427448,0.10113560564100825,0.09686207909582278,0.10116643173493496,0.09900588182064295,0.10244130590766698,0.09760922794474065,0.10031105036912069,0.10500149362250509,0.10410946505728125,0.10291037454631254,0.09937322409129777,0.1022472165290561,0.10126180140636999
306,1,1,0.2315366851104369,0.20348183904887177,0.21089870307418912,0.21605329456873548,0.21075347874897088,0.22126229206783407,0.1900142737095599,0.19968839993290377,0.20671838826296027,0.19435667493238484,0.20768719746393424,0.21548686043909435,0.2396620451544785,0.21385961298848888,0.2187946615715389,0.2168156641279152,0.21642690321304459,0.20115109330769962,0.197259913659092,0.20258131098214008,0.17900453768405308,0.22142825814360692,0.20503115209073278,0.20658620121701046,0.10736700471223148,0.11292750668754735
307,0,1,0.9655127590834872,0.9683184782187739,0.9672698269151936,0.9653503816305319,0.9637083692448968,0.9678722466286692,0.9668245603968172,0.9703147536832466,0.9704949865947304,0.9676128105879563,0.9648522672128362,0.9724319459037298,0.9604514937143902,0.9676810356315976,0.969975356522159,0.9687957084392781,0.9716906170289255,0.968394682113678,0.9676538017503692,0.9698799124599322,0.96744623789654,0.9678155843773789,0.9685409280509232,0.9693287810047702,0.9653769385559325,0.9673926135747518
308,4,1,0.9574511577791543,0.9589407422730433,0.9590948348114803,0.9604327681414802,0.9611159084701205,0.9584035479124083,0.9617797988208027,0.9588829618914406,0.9575766576559861,0.9577443030953868,0.9546759573607501,0.9540610066843649,0.9609445765784619,0.9583844969038804,0.9608243263546473,0.9593934781959037,0.9598011555305948,0.9591833901565461,0.9598373093836803,0.9607196008237594,0.9600717259263963,0.9577972244817626,0.9621844054519509,0.9570175083227896,0.96153744467696,0.9602975587261277
309,1,0,0.15513126730498025,0.1471731523958816,0.14455241799858562,0.13954163316532264,0.14052776209182735,0.13042393227697238,0.14004788860696823,0.13675851968126004,0.14055612786727031,0.13510055557387524,0.14701620840604476,0.15111010379234247,0.13937031856298737,0.15135326606620392,0.15131671070664812,0.15122875389465282,0.14782369676826426,0.13886510048592043,0.14619519532257705,0.13533594838064716,0.13627418156701868,0.14599666115895893,0.134250144641615,0.1505456414302945,0.15020894991365072,0.14277050470233513
310,1,1,0.9647338184557923,0.9611161498664694,0.9640668342380779,0.96385764444954,0.957567942325927,0.9587626677391485,0.9595104459093547,0.9619698730635983,0.9616958670915757,0.9601380460136619,0.9515369938578869,0.9612487340039334,0.9614024175296727,0.9605707077569163,0.9638364437479857,0.9635357357076266,0.9598033172791217,0.9579745973431987,0.9579952251561042,0.9614143586193021,0.9631469617450992,0.9632771328883075,0.9622788699469811,0.9590314995141068,0.959290367464977,0.9585330456553365
311,1,1,0.9577768460943726,0.9585414670909979,0.9592777233243189,0.9606609833254312,0.9585681207074295,0.960103297158143,0.9587191714338559,0.9582455666112857,0.9599936987813376,0.9559405901216197,0.9575023800884805,0.9627021277760056,0.9569981111852317,0.9574397212143579,0.9594078861519256,0.9573622552817563,0.9583321939392078,0.9602582185046012,0.9607830293067869,0.9604539475262462,0.9563643146944889,0.95734337893099,0.9576064848006846,0.9569123082700317,0.9599907711459584,0.9547124134893177
312,4,1,0.9202914578720103,0.9280025032939868,0.9244104974852538,0.920862920734998,0.9323140845262076,0.9201966188183383,0.9329490137314432,0.9166137855959592,0.9306510901096451,0.9308003891475082,0.9263044801397154,0.9202014474128667,0.9208289988905803,0.9295776103156727,0.9275699962723785,0.9257194970348595,0.9325248647421307,0.9249532312977267,0.9278648961773622,0.91788407450356,0.9319078468454665,0.9227698406857399,0.9200140149766641,0.9307217280259823,0.9220423916377394,0.9191037577089644
313,2,0,0.9030468443881988,0.9023653477984661,0.898458504567694,0.903791749186317,0.9053864725932933,0.8996820388486556,0.8987152589078214,0.903917089477773,0.9043795988125422,0.9023756022736963,0.8982475608534931,0.895729329895249,0.8943979643343477,0.8997527932923656,0.8969141933857815,0.901037908029902,0.9045616378126514,0.9034412288032941,0.8905197754066831,0.9137647770679024,0.9138373940606512,0.9010603446532771,0.904462898463006,0.8983814516636647,0.900930315447118,0.8948581205243883
314,0,0,0.10317433207730804,0.10325177611819177,0.10352383467427323,0.10187175914328095,0.10410645509188293,0.10793328394640946,0.10753303180780131,0.10642470993462692,0.10458901448412744,0.1079545610120982,0.09975546197702224,0.10357978233488348,0.10174370162441398,0.10381124067518115,0.1025298156359848,0.10324284346013886,0.10381300311823227,0.10796717921055553,0.1009703789222159,0.10381873086843225,0.10943265635484323,0.1033944930337765,0.10359058136123213,0.10611494460439179,0.10541537952845899,0.10383799299362267
315,0,0,0.1476389424784066,0.14817337926559723,0.14564258872113853,0.14876709803217725,0.16138858489731564,0.12936383459280468,0.1566494988350949,0.13157934747523914,0.14596891790222952,0.14604772283985903,0.13023919885834973,0.1657953547188358,0.1419537105160902,0.14297313537141107,0.13403927933988724,0.14862380789792076,0.13830985568931356,0.13140448973775407,0.10920748774818023,0.13824094057363787,0.13673037256616674,0.13812168953419882,0.1594841059962809,0.14862261663738838,0.14768407698912775,0.13704794856429584
316,1,1,0.5506918682417992,0.5431647028998671,0.5318374330434773,0.5365887904764604,0.5416450538685148,0.573368336419986,0.5572736111750368,0.5226717071642454,0.5238291882563291,0.5292786148910943,0.5599303976571725,0.48554941984237737,0.5130277745564512,0.5354276011460396,0.5358237866318661,0.538026219153013,0.5444223025271423,0.5491759494399967,0.5497083671441348,0.5366764097129844,0.531987985281313,0.5628700658698113,0.4744949894104966,0.5331534689050031,0.5471702729548396,0.5456363308219395
317,1,1,0.8542733702859513,0.8598447466933311,0.8541561430788192,0.8613152939458528,0.8632532130307622,0.8535778529175829,0.8611931925845274,0.8651474729851616,0.8617260117344806,0.8553174446948845,0.8451126571561076,0.8420914490022904,0.8437453953584676,0.8624381074603337,0.8563877717267196,0.8548220326124056,0.8615771192918125,0.8567305681853871,0.8711392483404626,0.8679578518799089,0.8604816782059169,0.8601113826992391,0.8415389715116329,0.856737191831027,0.8631486454102557,0.8603657318351766
318,2,0,0.15018510979055036,0.135714436705938,0.14914258035572459,0.1403907069003897,0.13394949340171386,0.11110456206019949,0.1387410061168417,0.14978740619640465,0.14318085479887765,0.1461654836963311,0.1515821389446197,0.14936148783356282,0.15287726955831774,0.14437145790521808,0.1436714122874664,0.1419160141596368,0.13742064216095262,0.13628288030092472,0.13986345252136795,0.13957038642486755,0.1270170360083723,0.14321685578615262,0.14357473745450547,0.15016541530078195,0.14079302068333552,0.15439114243472254
319,2,1,0.9521478233925994,0.9524612097296372,0.9538438906391665,0.9571981555738995,0.9590927905280594,0.9530545288762848,0.9528245433343215,0.9603865279056515,0.9564006136844135,0.9493903170924592,0.9499231419219383,0.9509965634827343,0.9411581992045172,0.9545980839563506,0.957986222634359,0.9550294324357625,0.9533926434283407,0.9554431859961806,0.9571109007307691,0.9552865358696577,0.9586537803439737,0.9548535525275019,0.952812117132306,0.9580262822494721,0.9583122407098541,0.9612522930514339
320,2,1,0.9547372031778004,0.9581641313110231,0.9551954772693457,0.9555748296115549,0.9517633113783711,0.941932133486964,0.939595049957291,0.9518557531791757,0.9593489304370086,0.9523337219250961,0.9411224777599198,0.9454501053362674,0.9531147262054026,0.9539580845941348,0.9556480480726349,0.9563408744206868,0.9555445712319032,0.950035944315183,0.9439683834460263,0.9479216563293473,0.9445527856329438,0.9477048536961873,0.945568925992998,0.9617006761707322,0.9592980694811318,0.9652812158029089
321,2,0,0.09872634905849902,0.10123336351892237,0.09845725556774743,0.09950385795247473,0.10003270493910511,0.08547451718813497,0.09908515438407173,0.0901607977695239,0.08911865385075039,0.08843249423485437,0.09420343711724836,0.07899553254772462,0.07638041369466626,0.09900452208903261,0.09308398825906465,0.09864581206562872,0.09854508022696466,0.0962110844820351,0.09823220161953465,0.10000566050470193,0.10059193000056617,0.09798721564629109,0.09850794541252493,0.09682730614041497,0.10169348104340202,0.09808308864102523
322,2,0,0.13182104901945688,0.13363645660442738,0.12721535713290177,0.12380005090914108,0.1290801481197203,0.1042542314403424,0.13296345407262072,0.1326228536581939,0.13570667402202397,0.13165677423686065,0.12172435716539737,0.12155637176261845,0.12155201422158624,0.1286837011414471,0.12916337499050148,0.12927683078260327,0.12363252109901664,0.14198863303539863,0.1267789035550211,0.12890932097934069,0.13138785285917537,0.13294890147014485,0.12957685969923638,0.1287320015585819,0.12416761869365768,0.12450037720599925
323,0,1,0.8741920016463096,0.8744685198847509,0.8784067876324846,0.873328421321162,0.8713618322355812,0.8816023828964804,0.8764267645245365,0.8715232150117777,0.8753866668313318,0.8850822053330426,0.8827077577253011,0.8812791074543421,0.8753701517934479,0.8762945138175203,0.8832919482315381,0.8736984268682265,0.8825484627819274,0.8730620022155909,0.8854038435326533,0.8855264591178621,0.9091459958821306,0.8799725197854139,0.8797739204659641,0.8747603925059956,0.8731649948616121,0.8698006269982956
324,4,1,0.9232443863921426,0.9206173567656858,0.9211020301612666,0.9222335806891726,0.9192632149289629,0.9131786120661595,0.9166346250046304,0.9179521089461602,0.9144361612225337,0.9224705430336932,0.9115214912769306,0.917676373097807,0.9153758061090155,0.9203424380667694,0.9206046796160848,0.9178898766275688,0.9167463706870634,0.9136378229376168,0.9121948925201148,0.9288149550766622,0.9182136350318614,0.9098784991604045,0.9168413965392069,0.9220350690911608,0.9196516967920312,0.928838172005514
325,0,0,0.1030469614764144,0.10015332235597267,0.10032089607180232,0.10634021549720389,0.09845951916542284,0.1024026414048752,0.10117740040799185,0.0909721427971454,0.09619797414433336,0.10255620749825511,0.06425263080051942,0.10686229533175196,0.07513454441789481,0.09853296758163338,0.10545688575068903,0.10301159957612616,0.08848940669956949,0.09173120881413895,0.05300271654582416,0.11223521824828607,0.10410384080813136,0.13229444126082932,0.09888441167205199,0.094992898755918,0.10544509855225453,0.10496044423178597
326,4,1,0.9538380995005107,0.9531783220940343,0.9523774731661648,0.9541188654442383,0.9584353669046877,0.9443057020705031,0.9577150245795939,0.9520542252979446,0.9519474160366758,0.9530877949665454,0.9468863394228059,0.9501399484360511,0.9554124112909664,0.9539247778433732,0.9567409370302521,0.9524238980556096,0.952100857711173,0.9489073422209032,0.9564054163167007,0.9560876469274971,0.9509687268911408,0.9549578806935157,0.957524965760848,0.9550255512674776,0.9540025662707202,0.9566871170240699
327,1,0,0.06029523867766414,0.059244783146399416,0.05961411491295035,0.057287243535973,0.06093952145951472,0.061616559288600936,0.062226073820084236,0.06009655166366232,0.059075354756470404,0.05989445728821919,0.059484543392941645,0.05754851702075573,0.05335084716467777,0.06066460993174674,0.061388473268531384,0.057087817856023716,0.05820846052077214,0.05695774118933561,0.05241738873409693,0.06503401055915486,0.05997723521347174,0.060188264660336145,0.05937281192933052,0.06177960944100641,0.06205618937403489,0.06354449773348902
328,3,1,0.8520330924563594,0.8536952171930636,0.8495449332125182,0.8399827183077889,0.8299017076928473,0.8109571824677756,0.8409543993190903,0.8427739771453152,0.8487545564379184,0.8413881818632133,0.8660961637544468,0.854884465363304,0.8681196273932194,0.8556721587053566,0.8582306592855952,0.8489013342207964,0.8417714202851583,0.8424137153280662,0.844666968847552,0.8521347353050244,0.8476065212365481,0.839013684463363,0.846048817589816,0.8301922166211212,0.8549162254970574,0.8454762183177014
329,4,1,0.7981139033254339,0.7879607283704329,0.7922863810085864,0.7883509306064499,0.7930624448239018,0.7766551203154002,0.7899693156269437,0.750506024890231,0.7875846886256102,0.7932939290676894,0.7607241982000241,0.7711387417758289,0.775213076443798,0.7879512572188089,0.7938907795050442,0.7886139944878329,0.7895146107589494,0.7774375537558935,0.7756002541845023,0.7451658870611023,0.7572316796264987,0.7900108804829147,0.7856577936204475,0.8008994589784951,0.8021012316659691,0.8205333216701843
330,2,1,0.9741862297545265,0.9726596773215634,0.9745432666002514,0.9757349216450121,0.9758043063855549,0.9759354955536921,0.9746538597743983,0.9753726842698819,0.976970144557879,0.9721407052699963,0.9722731863556514,0.9748683684011056,0.9735776523012737,0.9730595655587545,0.9757249700920108,0.9735792632584238,0.9747499010781052,0.9784606253889372,0.9761213621716346,0.9744595944783168,0.9732916321621948,0.9752863665464865,0.9725890367203416,0.9757868618374143,0.9733643412914245,0.9733175760081036
331,3,1,0.7007876241306366,0.7124829154191605,0.7115926997328815,0.7144323242321725,0.704359874468206,0.6617528742057713,0.7051065339099724,0.6986859904130691,0.7086329133362005,0.6977347891578151,0.6719240738216486,0.6873881680418522,0.696211117771185,0.7148842365946774,0.7193923429303118,0.6983817611277843,0.7000703395746326,0.695599000377935,0.703812063477894,0.6930838908327837,0.7009621626926664,0.6957759118128862,0.6910439896303302,0.7130208900885102,0.7064757418006602,0.7224483668124199
332,0,0,0.3069966408032933,0.30087446246659916,0.3071020947477716,0.3059906513658282,0.29951483118832667,0.2868271216417425,0.3139466451953928,0.30519358179777106,0.30836180379756634,0.2983785497415292,0.3081393674018919,0.3035216176817305,0.31843100062213825,0.29784070756604053,0.30704081829941704,0.29777822774011437,0.3113800564605837,0.30361791891541984,0.3126755284421237,0.3062724267268715,0.32521757130662676,0.30779221633945913,0.3168023267981906,0.29949527594677844,0.31743308291595895,0.3096647302228874
333,2,0,0.43031670479683876,0.4457610469156865,0.42845157685071794,0.42650450436475157,0.4711671704780418,0.3842904874384636,0.45672288133742983,0.45387016353218784,0.43113243127196005,0.41220629968250927,0.41663971778820996,0.45710770107069454,0.4509042859181686,0.44645495945526475,0.40411851598532267,0.4264200672361677,0.45059743379351236,0.45240380263065366,0.4098588574855581,0.42805803208646953,0.4025936599676448,0.4577099502462305,0.4227771439818997,0.3979354826169206,0.3969476282385495,0.3866967663676668
334,2,0,0.05039756277975666,0.05719658166967149,0.05457535707127099,0.05566675223227105,0.05133888060164852,0.05859857081660169,0.04904051514757357,0.047128939517288776,0.05363017232729058,0.05060873220217522,0.05674549521346664,0.05548482612616557,0.05478053532776767,0.053383439108316166,0.05678445125486867,0.05379232981305097,0.05336825910109272,0.05244988783436999,0.05194258683864559,0.057450609215667935,0.05425490152530422,0.056715332980038446,0.05405108089696619,0.046796899902432666,0.0550991324424599,0.04515541216648202
335,3,1,0.9278319249577365,0.9292355923494684,0.9285187896783702,0.9299301424821951,0.9279259883725596,0.9413334431939161,0.9260521748634779,0.934504769971281,0.9325686032917563,0.9300393873023887,0.9232775585561438,0.9363652552518342,0.9402460792940279,0.9288569520614148,0.9315391151221406,0.9243742034852032,0.9320456359986699,0.9383838333865961,0.9321587742328314,0.9214421977712695,0.9344259546925636,0.9316714664851284,0.9278071136222478,0.9280484242979149,0.9318122283941918,0.9243366675083905
336,0,0,0.09621576197466818,0.09684800811707787,0.09705633488786541,0.0961272937179408,0.09842244306489896,0.09746000946823151,0.10131593373917762,0.09976139197808626,0.0974554107783433,0.09961279662811502,0.0945631930851077,0.0978029439770912,0.09781962897822838,0.09904418078206266,0.09687383920816157,0.09802803874791788,0.09741946572954084,0.0970663627771232,0.09552047076958146,0.10053211628081739,0.09909435879756813,0.09771346277187404,0.0983015233042394,0.09823149553458016,0.09853455118819893,0.09723515142430951
337,0,0,0.5062339230380012,0.5008463071524009,0.49533433900097906,0.514892339068357,0.4382281105687971,0.48850562660258845,0.43635976239917335,0.5063071023104566,0.4945356596360689,0.5080439444829338,0.5287771338706476,0.5098073460414959,0.5045072369471161,0.4933380521649015,0.5096047976924472,0.4870468258004292,0.5114296614477288,0.4785404371529931,0.5173300093702172,0.5043125947904556,0.5096785367120933,0.511478817621537,0.5019334894525217,0.5346710725952178,0.5075523796741773,0.5086640684139688
338,1,1,0.9649042600247849,0.9667991486656761,0.9692461394371698,0.9676092786089683,0.9640259403373025,0.968116451573165,0.9654520170031003,0.964795236094313,0.9654511912742993,0.9690432129646208,0.9609175846934167,0.9679986672710506,0.9639627394163653,0.9684448596201417,0.9701194021689056,0.9671577903265014,0.966915563849569,0.9674114214028541,0.9644034383867726,0.968187275078607,0.9667458240034854,0.9664121089299754,0.9683157637387624,0.9653958076586426,0.9608812613362548,0.9641775842717338
339,3,1,0.072189136961562,0.07221834113162325,0.07218323032612055,0.07191967051770581,0.07568324285818938,0.0740596079996393,0.07571990189976623,0.07368223958616747,0.07153509148088726,0.0747371990670407,0.0709880245344451,0.07107415853273985,0.07308002025181305,0.07273378499067117,0.0731670438140421,0.0729484453793791,0.07386901349025508,0.07575335946607104,0.07370713546277814,0.07470454934960628,0.07429016118160507,0.06932102473064827,0.07444511863328679,0.07481587990552023,0.07169621664380528,0.07714367993711219
340,3,0,0.29435151001593324,0.2918107396981356,0.29027551159600923,0.28801818600483015,0.23009683645557588,0.359737835988039,0.2575737667286768,0.2981364423111128,0.2878328852204565,0.29397335176314526,0.2895771004830411,0.28444107075353486,0.29476369670840097,0.2932981842300224,0.29177029873966814,0.29251471572398513,0.2847725848134077,0.2920870580070693,0.31421218622523434,0.29692413208092594,0.29078461476775386,0.2893332572103022,0.2876364042107051,0.2753148916117787,0.2858786577445916,0.27864538552052254
341,4,1,0.9578780530392593,0.9597536532956253,0.9560764981501206,0.9568602336304567,0.9503318675564131,0.9559900407164529,0.956738609309867,0.95065714540035,0.952460134267049,0.9579216061293495,0.9444143938948081,0.9509765676413284,0.9501593240309951,0.9595053418193045,0.959195401756516,0.9553441070708363,0.9560853985843397,0.9542855363030331,0.9545668929814637,0.9517723279843279,0.9527401022428297,0.9589052401056616,0.9562695212208393,0.9580837117650286,0.9568744045839971,0.9600749814347286
342,0,1,0.9037070561503144,0.9051325426259392,0.9007765766952637,0.8980533471078974,0.9053532672917904,0.9002311908995804,0.9067071194141411,0.8914071764615464,0.8992844846442666,0.904906182721532,0.8847030381581181,0.8765587689069051,0.90162410075836,0.9046384532591752,0.9103840868430378,0.9065271273781246,0.9055933916680465,0.9048002130096076,0.8996987737664766,0.9188683881337875,0.8963167882064694,0.8913585529469561,0.9081869455210408,0.9252043999007947,0.9060478224416517,0.9217232233097598
343,3,0,0.11042996550091826,0.10909692337033704,0.11341038699270402,0.11599552090855621,0.11383858184968822,0.11565821048435043,0.10706858946652514,0.10975958554869743,0.11643679349421125,0.10888562494645149,0.11146299067075865,0.11002044102980024,0.1012390098281764,0.10874461882554927,0.1095302931621156,0.10988616285804287,0.11346344858530315,0.1260605133161715,0.10896439928896341,0.1010688748682187,0.10936451922500634,0.11415089852236389,0.11033408188120268,0.11040766741328105,0.10958053928692986,0.11289659714091438
344,0,0,0.11070238057878727,0.11475369865529587,0.11149963498169084,0.11394108608377211,0.11119805727494027,0.11333556656124222,0.11362107027295583,0.11303719535258361,0.11233668521041036,0.10821958739286304,0.11071997730402912,0.10982971148969384,0.1102742516590401,0.11677134305381219,0.11293000570124427,0.11037924829631936,0.11413190931889923,0.10947139215379094,0.10574266019596441,0.10570187813663579,0.10950056876413251,0.10776028205631845,0.111600085285129,0.10950347019897089,0.11020908630221375,0.11175069248970108
345,2,0,0.13223667134945208,0.13355258931452174,0.1304407176339696,0.13272320317646233,0.1293697411355939,0.1211514108293118,0.1304083254851379,0.12468741696763509,0.12390174336337756,0.12666469791681775,0.13424768318117433,0.11265161490304193,0.10571545036173548,0.13402974789268993,0.13602084914904994,0.13298344882380486,0.13356137054152187,0.14346923975979164,0.13189856732995017,0.12351154872059734,0.12679587418388083,0.13320525107944262,0.1311980216797741,0.13305587662438748,0.1285862904373389,0.1291847933063633
346,0,1,0.9314941076177602,0.9221621349676715,0.9289978151538897,0.9295242990909482,0.9303057280495137,0.9238696485433101,0.9383484372329708,0.9173681167131562,0.9211291598853952,0.9316475951328697,0.928566520495432,0.9372928200885408,0.9396135002633788,0.9275956650723831,0.9272196770420885,0.9254681032770673,0.9269241439795862,0.9228834683358033,0.9157619314892935,0.9336600179745029,0.9450168234097602,0.9279143233794102,0.9332227430648139,0.8735223453449711,0.9332553180868631,0.8939778166743048
347,3,1,0.7165082622437406,0.7069943832820998,0.7040295510575426,0.7014003423660404,0.7028727438535692,0.7099299705960961,0.7140539297035136,0.7159072531141834,0.7188032413375341,0.7164031165967734,0.7321111110441015,0.7079213618886513,0.7521064003771496,0.7108854279768965,0.7186211327435551,0.6992119040255136,0.7180245423843005,0.7104826529341692,0.7217511030185094,0.7430520509519365,0.7421067951343181,0.7264363005960229,0.7292463657291157,0.7095742917580116,0.7121345241013973,0.7086804132274948
348,0,1,0.5579375077294834,0.5619268804293379,0.5637270941769371,0.569502127774922,0.5701613323107062,0.554213629787678,0.5666535161158616,0.5796644181256861,0.5614199161561649,0.5540971752385276,0.5499667394292013,0.5439511189958309,0.5540330203984493,0.565386294006418,0.5612388217203547,0.5600422410122226,0.5718493941369163,0.5676912888766309,0.5797889013714911,0.5625084940771415,0.5960625013761922,0.576490491992836,0.5677883820128734,0.5518155822435009,0.5759181026718679,0.5591292079374804
349,0,1,0.8913128725131728,0.8892046902658958,0.8951864654972698,0.8905345720610004,0.886877284087252,0.8875997759969433,0.8816091570712815,0.8973296730406597,0.8960770016928317,0.8906240671275375,0.9007293489660976,0.9042014195548783,0.897619587086484,0.8882034552699455,0.8919728549189984,0.8978563124895298,0.8956860957216081,0.8955026401124648,0.8932613771291452,0.8941585028647502,0.8811388877159767,0.8860544177484296,0.8797007766752021,0.8996158361719906,0.8967628122877437,0.9078208745430812
350,2,0,0.08232554321556174,0.07990107224384235,0.08043492591469006,0.08138250201542269,0.07981256212567661,0.07688074395375398,0.08443069426608522,0.0882315398571712,0.08730453303201768,0.08714643664980641,0.08503624992635885,0.08784066852507084,0.08835221400066007,0.08068867162087583,0.08195754104874221,0.08122734404984992,0.08029251277669558,0.0979977894414958,0.08273873990050994,0.08625540250911018,0.086234479286454,0.07757047380499225,0.08734916755427269,0.08340796545836038,0.08676971901696502,0.08504531150753641
351,0,0,0.08859469288099021,0.09165165698363897,0.08902997028994714,0.08898858775881595,0.08765172326588876,0.09217885940706094,0.09094256501139199,0.09369632617048307,0.09148909265906674,0.08617831746600459,0.0899092672645176,0.09262678816398982,0.09013477598811849,0.08859836412853757,0.08697261001279133,0.09012656985666719,0.08907388902678827,0.08479022053011485,0.08531738197293671,0.09171845117731982,0.09111534495213884,0.08572510445939831,0.0888640300048259,0.08738758332640349,0.08740807447994635,0.08962794713029475
352,1,0,0.3449815355324692,0.3565734768751017,0.3377814865817892,0.3363847134183134,0.5411248788001138,0.4601232877550608,0.5520306098628905,0.3438567361153124,0.33832137251679945,0.347056613076661,0.3465462911229597,0.3504870675561969,0.35474619555280124,0.3336798329291844,0.3402959060457205,0.33506078078354856,0.34558559771785324,0.36465934830506774,0.31937788595442707,0.3490003368547345,0.344462446808565,0.3516295267616689,0.356730808656928,0.3464560331197411,0.34904098437455594,0.35586803396133293
353,4,0,0.1461537008324281,0.14853109957915,0.15293914625662888,0.14157063728874764,0.14010073714387605,0.1373637648915553,0.14168244439142041,0.13066794213425312,0.14208118675038464,0.14117165955211888,0.1339651361154443,0.10921603067369784,0.11742446834276082,0.14717189021453914,0.20054760425020693,0.14149739642122935,0.13998993469636414,0.15555002135105275,0.14348248194060065,0.151772450314573,0.13713085780236559,0.15596293800223038,0.15053398915275118,0.13190876389283315,0.1373691661631077,0.13656509456800123
354,1,0,0.0649530017225229,0.07333040928198693,0.06933474405442246,0.06598199510772743,0.06920120421974091,0.06933279133360248,0.07335062224505402,0.06814918824451176,0.06682355227271529,0.062153935393622774,0.07084834576712795,0.07700280451472805,0.06835824484065371,0.07049071928591939,0.07486732916689394,0.069383603330765,0.06533613303497686,0.06300639089551675,0.06396714213474546,0.06875059981007178,0.07220635003771031,0.06403401500026999,0.066138306424161,0.07051064763317748,0.051516977365858335,0.050403504230948276
355,4,0,0.12082197229380227,0.12345667874582096,0.11919637756331346,0.12035039095686932,0.11900092343510338,0.11344627016267302,0.11955271184469922,0.11652523375828498,0.11961739128100703,0.11979390198211608,0.11624734387217757,0.11462920822197947,0.11675892810452716,0.12429867195301347,0.12136458333351301,0.1208909037415377,0.11746129979909277,0.1181485417679692,0.115585711784416,0.12227723471621743,0.11952016165541979,0.12138738612132566,0.11946248686711018,0.11133983327668334,0.11668038747430837,0.11532006533544976
356,2,0,0.12057473720775637,0.11701041598015822,0.11914287006374824,0.12118469285279741,0.11801123413909036,0.1185814564203767,0.11958439711205467,0.13064388124813536,0.12325571053183881,0.12600749028547734,0.11776501350088091,0.1244598996686682,0.12448555536547451,0.11763012460940758,0.12171343529042768,0.1186222534462747,0.12020071059266879,0.13206189884404987,0.11535400150950231,0.12026663068664732,0.1201895121587186,0.12414626919200787,0.1264487687896139,0.12217310946026276,0.12433465178197071,0.1223467544294237
357,3,1,0.9725828336127882,0.9708768243450797,0.9725240251546978,0.9704118004882395,0.9710223517881538,0.9709713858994596,0.9720810467409541,0.9727674534919984,0.9703565149267318,0.9717039000667197,0.9713998060518619,0.9717231324295593,0.9724929006480262,0.9699935067941773,0.9717620455385951,0.972356342065862,0.972665261383967,0.9729255125706526,0.9730254217522077,0.9696133714692428,0.970876302882452,0.9685105030893942,0.9719355226521508,0.9737876397227332,0.9687719019723194,0.9731363780859429
358,0,0,0.8305706967381248,0.833207383609821,0.8349149835969847,0.8360946587291712,0.8390200518259188,0.842361552828033,0.8421313092360055,0.8350114094250566,0.8392744378805302,0.8462791942297541,0.8516129696540894,0.8595091925571484,0.8471328606410902,0.835136787455519,0.8490540517291736,0.8280988188212497,0.8450514230566215,0.8438689670870013,0.8499218729703105,0.8596995170366754,0.8869867517656035,0.8477802141350591,0.8476211109278123,0.8437115124193065,0.8425269078896721,0.8366651069002541
359,1,1,0.6977600540452856,0.7020926686433343,0.6930422664363146,0.6863989045659936,0.6819598967359092,0.6547900609930347,0.6814740322541724,0.6980404535300883,0.6925956842175167,0.693296007323072,0.6988943418593556,0.6969943252587173,0.7049335273044116,0.6935206258462895,0.6977036044399701,0.6923085447762887,0.6945028205491891,0.6896729379107939,0.6868687851705091,0.6943637548401189,0.6815457776854451,0.6851732330843268,0.6263145521408294,0.6836981439260228,0.6935659705845071,0.6825974716661044
360,1,1,0.6977600540452856,0.7020926686433343,0.6930422664363146,0.6863989045659936,0.6819598967359092,0.7237124522585893,0.6814740322541724,0.6980404535300883,0.6925956842175167,0.693296007323072,0.6988943418593556,0.6969943252587173,0.7049335273044116,0.6935206258462895,0.6977036044399701,0.6923085447762887,0.6945028205491891,0.6896729379107939,0.6868687851705091,0.6943637548401189,0.6815457776854451,0.6851732330843268,0.6263145521408294,0.6836981439260228,0.6935659705845071,0.6825974716661044
361,2,0,0.041472843404820346,0.041252355327707706,0.04064207769109351,0.04106666099267036,0.04094995290424326,0.04706154644205057,0.04092817080000393,0.039487673670264234,0.03883377327789984,0.042498821506369494,0.04130579666043377,0.04059082416821987,0.041855365931480565,0.04049594141745864,0.04265103669827267,0.03949427057908558,0.03912189784174353,0.040000655544523776,0.03880178780919017,0.043500189403886926,0.040498898953054946,0.04193503441351079,0.041095427733837446,0.037630316145066414,0.039809940780109354,0.03991502156613893
362,2,0,0.12352914277607575,0.12087665171865263,0.12104721084472762,0.12165730581752417,0.12014568222726818,0.11514924632658828,0.11988436292591136,0.11686724708899354,0.11883479992046315,0.12564738736967,0.1341042488575157,0.14465330468329962,0.1295835642186887,0.12222762796638582,0.1227638682443098,0.12031474406764052,0.12386560838269473,0.11115889869531319,0.1157801802027943,0.11420221498017886,0.11803881824787738,0.12546495250519016,0.12087159248953316,0.1239379861431924,0.12469999238271266,0.1197372896121961
363,0,0,0.047479252603922724,0.05057463110202682,0.04878435066650009,0.05446743082254627,0.05309687089286994,0.05974316406065824,0.0533146435943558,0.053029704110752675,0.04980313611182589,0.0459299863645502,0.05914027257248745,0.053422326519617036,0.0565211979623881,0.052718287404560804,0.04448024724039851,0.04657569605879699,0.04844169461106912,0.051601163770323054,0.048446592756507645,0.05348040610931274,0.051957277601075706,0.05668125960574824,0.05633444947159926,0.048686231463905494,0.038767181618457526,0.04361259455954571
364,0,0,0.10245314754717565,0.09987260686542064,0.09953036830455896,0.10323231381696145,0.09959522326918359,0.10461293199545925,0.10312870065076607,0.10364434707919586,0.09797794534247949,0.10432634005744061,0.09662065719455903,0.10555594770931613,0.09700519035229384,0.09911005625895608,0.09632595482183992,0.09847338949335482,0.10138929774740206,0.09866194965744675,0.09637347377207998,0.10162799640772725,0.10671835665075119,0.10521272038749911,0.10972573699731573,0.10646293576328718,0.1031224169181233,0.10531531973242193
365,1,0,0.11372834244587478,0.11389620459995954,0.11041543872033611,0.11778223316386861,0.11998137115570844,0.10880648118721244,0.11844938157986236,0.1082792007275472,0.10938613495086029,0.10898815546852741,0.11313798400210516,0.12022559606766033,0.1157009859776541,0.11256512445113565,0.11376850374111845,0.11349182784492247,0.10696529453336234,0.10477779097605135,0.11624843906515196,0.12084194898384361,0.11826218516835119,0.11717301069091746,0.10814129203544727,0.1136534897334175,0.12019349140815483,0.1163347409913682
366,0,0,0.11366350681381422,0.11168525199875588,0.11659914789043328,0.11561091614930691,0.11775279609958306,0.11786848077442331,0.1182383334064467,0.11869262270210458,0.11391047036807216,0.12223906606534529,0.10890103849510606,0.11216714251732222,0.11292194416206434,0.11470049593006042,0.11433251425922368,0.11224988329716094,0.1137465938494432,0.11944900488549332,0.11256185049099689,0.11504761661438889,0.11670783846017925,0.11997831576995177,0.11801859447681355,0.113153005413393,0.11349984580889688,0.11410901948749101
367,3,1,0.9092211007589571,0.9229407532941915,0.916333589078825,0.9195027321245707,0.9107234060995126,0.9308306094668657,0.9106075685832753,0.9231648188437022,0.9218693742950809,0.9097018730053312,0.9078996185479572,0.9127968490952538,0.9183847431640552,0.9222249956522702,0.9191884991395262,0.9155532814168863,0.9250259013467712,0.9228360077976432,0.910216932353466,0.9178608326635872,0.9241169274795672,0.914292833685304,0.9128128396317656,0.9074191021642601,0.9200217424486947,0.9056346552873288
368,1,1,0.6414551345862688,0.6459346069751191,0.6473809351829688,0.6488929001008873,0.6362098602450583,0.688651364331122,0.6368317721515265,0.6477708784748438,0.6579613835071917,0.6388623823794454,0.6793221017651098,0.6775705115813905,0.6877257460414379,0.6494840105803502,0.6355925085872379,0.6516995430411885,0.6660542627860261,0.6561726747094943,0.6422435098028021,0.6241800279850817,0.6537599917988438,0.6362319849374604,0.6790989266586825,0.62188945844801,0.6266914388575312,0.6418294913688136
369,4,1,0.6667139709906139,0.6662278011118513,0.6691785658109654,0.6685974125969053,0.6702645692688004,0.5932515621015398,0.6702770104599739,0.6565039032989882,0.6613420659232497,0.6633884852322424,0.6684504049330305,0.6698848245509418,0.6739390200821184,0.6669956391187174,0.6706395855118511,0.6624396920559014,0.6598967581568453,0.6597123090923612,0.6632239330952251,0.6631927693639766,0.6695492078407449,0.6686912955933106,0.6706179219161003,0.6633943425077079,0.6633430930782745,0.6636374585112627
370,0,1,0.9588811881556293,0.9604657477388302,0.959500416100323,0.9588002996150498,0.9596760102969274,0.9579633668895506,0.9613601536133336,0.9577081009661361,0.958606223628609,0.9592655133971805,0.9594918601730834,0.960358328933697,0.9624641789666161,0.958418489176288,0.9592725951845106,0.9594743471913594,0.9594485784365127,0.95733421625794,0.9571850125363813,0.9678620940253092,0.9553405120051774,0.9589716235368174,0.9586681821468525,0.9590038292326367,0.9602954340681706,0.9588344682156965
371,3,1,0.7253302738357551,0.7060301934377162,0.7209387211542677,0.7129630201429419,0.681961353345219,0.7341669564945916,0.681928209615367,0.7006580650505828,0.7059033639936668,0.7132228600322712,0.7173000665865383,0.7217188414763864,0.705874815084524,0.6989100595839896,0.7048154235485479,0.7116624995046171,0.7024394808582111,0.713197939216629,0.7045217935755446,0.6862162789398409,0.7253408310900881,0.6732875106545105,0.7436405354798922,0.7142303353179419,0.7108281509415124,0.7013577486802025
372,0,0,0.09491314027030084,0.09231723553527177,0.08660011656350332,0.08953081216985337,0.092667740467142,0.09311453068231391,0.0911709160868764,0.08640559820541834,0.08868988938768496,0.08939232033278526,0.09160930583898919,0.08589996241275406,0.07757247826798691,0.09515051248950109,0.08812642979922913,0.09028327903689633,0.0918731129647667,0.09376733204479999,0.09504213985611108,0.09798133067853172,0.08903078297982252,0.09638821987648027,0.09344018397922917,0.09907938454929356,0.09512538528759905,0.09555822109315026
373,0,0,0.08941721695305975,0.0920036253016497,0.0914128405794198,0.09095047776913485,0.09266846877964319,0.09387125051645424,0.09397157607584754,0.09326292735076695,0.09215589189564989,0.09449266080430922,0.08815410920824318,0.08924189054198539,0.08983621605716574,0.09335852504679987,0.08826009892314414,0.09356839070047536,0.09099070032420033,0.08868429310290027,0.08784654400627241,0.09436729904508472,0.09466789800221982,0.08901758661028276,0.09222869148181086,0.090715337902465,0.09171669273783474,0.09300052632824647
374,1,0,0.3956911449386078,0.41416956448111014,0.3935879045145764,0.3822940786287347,0.36290938006841394,0.3662521898370959,0.3690240438434114,0.3958201398052514,0.38780521827436026,0.38348067873152153,0.38638893415366277,0.36056489897241956,0.40852805576057394,0.3952877074813732,0.3756627654356706,0.4059955761527502,0.3784784793826126,0.36471011378674634,0.35528048892489855,0.3803827879179229,0.386694439259331,0.386890940958809,0.3798361453285553,0.37380855206129326,0.37382722131880525,0.34261407630997115
375,4,0,0.10894182926196287,0.11599826631040074,0.10679712607339693,0.10111287331319317,0.10521712180155886,0.11152088734704228,0.12180426471660706,0.1137248681661543,0.10896984735230596,0.11344211764194763,0.12300964825130449,0.10723049198172264,0.12942581810572948,0.11391571736585054,0.11065812203647167,0.11566938122575716,0.10561386159979551,0.11105189513203258,0.1083155221782171,0.11435630765407961,0.12881871649967902,0.11269161664312699,0.11843528140475224,0.08651965147045941,0.0922513946459496,0.08916621965065685
376,2,1,0.9360402682556748,0.9340119817440143,0.9356433877715723,0.9392018355828694,0.9358674742757636,0.942185786957245,0.9311595525299401,0.9386984562085811,0.9429319017864368,0.9428428709015644,0.9340550344320974,0.9330175966920358,0.9272056747882057,0.9390616403455677,0.9402448734604715,0.9392910579967685,0.9425122930294632,0.9396507258032155,0.9380393938295897,0.9296101634485137,0.9443933333209379,0.9416196023013094,0.9437861686191402,0.9382152890098316,0.9375510701289897,0.9358860057787218
377,4,1,0.5353908608201157,0.5175678281608598,0.542573899980631,0.5407867070291862,0.5367341206167034,0.5467696064815478,0.5311732272797195,0.5438480692266002,0.533126015954187,0.5401412213793483,0.5418345401832617,0.5498427859202618,0.5381422008846188,0.5214521005605509,0.5294991343644694,0.5457965410032009,0.5288395459316029,0.5289410374134418,0.5299836902601777,0.5330739435293115,0.5330943274041949,0.5495783533655261,0.5418643851853114,0.5490871773546913,0.5478790312161389,0.5494361396263149
378,1,0,0.4622938738887554,0.4452845210083544,0.4437502757302438,0.4697055007446003,0.4506651558882439,0.4393078028694866,0.42518371991510256,0.4328483141842385,0.4365901942615757,0.46617999627459383,0.463931350427042,0.4751156568619248,0.4480593813451847,0.4521474262854568,0.41897817072284127,0.43282797641799586,0.4523102158204706,0.4328488229143224,0.44365688924817315,0.44829837185084664,0.44202802688427184,0.46207770868965964,0.4631925388006635,0.4515316242903589,0.46726162318188713,0.4737784411381148
379,3,0,0.08140574511698177,0.08586217875727069,0.07719774494418397,0.08781964114059865,0.08597473543630053,0.07606367989105145,0.08203368298951118,0.08222564349433187,0.08253984853258033,0.08398815414957546,0.08477759881064934,0.08121812462991247,0.08382538261838011,0.08345613330343334,0.08445552611220726,0.08093424467193201,0.07866395868249351,0.07486041080900563,0.09167400009938015,0.08720498657541016,0.08371879830588615,0.07909437899996466,0.08003196039919076,0.08348809078643298,0.08120271794507027,0.07994635323499247
380,1,0,0.11528089654770968,0.11378272660394693,0.11516237281033316,0.11327899566060519,0.11203251084853301,0.11927009129538713,0.11466723431912595,0.10332017300752155,0.10490097982772432,0.10527675928131464,0.1095879025307092,0.09802196527123465,0.103804188524707,0.11547201343902358,0.11331327340962526,0.1162271237260485,0.11566941404007182,0.1150710690189125,0.11099687701645733,0.11306442715065561,0.11335540797832887,0.11296595167360766,0.11322373918307838,0.11307686188371598,0.11009515684417533,0.11319150763921064
381,1,1,0.9487199127526654,0.9554442752943159,0.9524759534033184,0.9500683967915805,0.9434343923652762,0.941273723603593,0.943774484255706,0.9486575905756557,0.9461068853949794,0.9505447337181511,0.9316280725011791,0.9515570388302755,0.9454893552063196,0.9534610641025797,0.9578720332516535,0.9518788678114466,0.9522591245823165,0.9476693035159501,0.9492453505492967,0.9497498060605319,0.9484780589581655,0.9467453300272114,0.9485719395167566,0.9517994908324133,0.9432546616868059,0.9494003976543451
382,0,1,0.8231850933042556,0.8236616661379204,0.8322262992931301,0.8190193935283704,0.818675871469984,0.8296415453197553,0.8057721739306025,0.8318309764044102,0.8291207309684854,0.8223397947222489,0.7879080629046711,0.7929690508290559,0.7881342822490688,0.8236446207693406,0.821280243513618,0.8368856397856862,0.8289960510891321,0.8251152721395686,0.8079547838433552,0.7952190942654521,0.818570143227732,0.8256902624100428,0.8081264081444891,0.7942713425650503,0.8018965224961495,0.7922346522277316
383,2,0,0.33014119032129247,0.3469744580769029,0.3469290837093444,0.34088850837428836,0.3419636410616625,0.3475264977729104,0.3091731732691657,0.3161477553557219,0.3300550716528963,0.3312734952848914,0.30712071157331183,0.32305635027099894,0.3114141942998345,0.3445420721447405,0.3373584925035225,0.34070921854838,0.3304698032989672,0.3467330180441386,0.3417323395903444,0.3256199911642237,0.31946089857161136,0.3152208248639127,0.3262572421993664,0.3184279916255257,0.3120049058335967,0.3303833363168671
384,0,1,0.9385332555647009,0.9394750544729272,0.9371739450948732,0.9355232010519542,0.9344552886654461,0.9442767776311157,0.9335759417892221,0.9387296760681584,0.9388719940931698,0.9392644799708733,0.9344769205220219,0.9266288869124589,0.9191823395955906,0.9378370434570199,0.9392618036095225,0.9382794233983468,0.9426637373083001,0.9380586366108408,0.9454531881915703,0.9498318419435399,0.9343557954320417,0.9345285942206752,0.937227628389993,0.9304132935039565,0.9385050793390408,0.9343113286655392
385,1,0,0.10274214418262233,0.10496782601480574,0.10320433815278855,0.10478625360513183,0.10183241785166647,0.10562894332736732,0.10358167271571216,0.10826125016746131,0.10531390064195427,0.1085362019254822,0.1011321116354897,0.10602380505979524,0.10083564009293265,0.10243649737272902,0.10200287282239957,0.10211803671433077,0.1034698939801566,0.10598245655462087,0.10267777219821456,0.10786495523872769,0.10568201041952334,0.1058468468772734,0.11044847191479785,0.10234450058029389,0.10249602866753048,0.1042374770760735
386,1,0,0.22564116615829968,0.2629807819947968,0.2545374074369539,0.2181542599505941,0.22387112389756536,0.231431589018149,0.23714492158933906,0.19461659548010016,0.21224873922047108,0.21034188896927933,0.21446195425304002,0.21680166598927197,0.28678310794774226,0.259039268486764,0.25339343779123147,0.27111389791270296,0.24699120833787283,0.231262032903916,0.3885973085574967,0.21380444667681484,0.22837792637944823,0.2301438351526157,0.24330866115675076,0.23140644426431178,0.22188809338300794,0.2459038347175756
387,2,0,0.058486505368715774,0.056185388273731596,0.05209302564621134,0.05156853472594298,0.05062385789714185,0.050569550403373555,0.05181847520338601,0.05655219885577431,0.05965360129240261,0.058295647409739575,0.052091019569257276,0.050814439595104316,0.056459253027018486,0.05554144200835546,0.05344218740738386,0.05551371982263409,0.05234424034528614,0.06071781999390765,0.058779740957225435,0.05763082733514036,0.05299475730643389,0.053175888873261024,0.05513154710162658,0.033511543675153806,0.047572572471128484,0.03464670817548425
388,4,1,0.7494715441038132,0.7698192541653155,0.761201708161896,0.7507331401676992,0.7536458993665575,0.7676322867837405,0.7570629983092925,0.7588696452848077,0.7647968806832304,0.7477503022131297,0.7580387760712929,0.7527582018391855,0.7670979444908128,0.7724182044370397,0.7666832347093999,0.7651556349687271,0.7716487832409719,0.7618771139365049,0.7742105971456966,0.8076721121843425,0.7756065044626729,0.7675683666472493,0.7559607809599593,0.7563133864602299,0.7578160504443229,0.7525361436602872
389,3,0,0.10461563183937715,0.10547038569383409,0.10566619018303654,0.1046198398063165,0.1034411959233641,0.0938776190929898,0.1047561402920285,0.10370674659020189,0.10433002291312961,0.10524660868773543,0.10129117999674415,0.10502594005672235,0.10162141370945395,0.1051121394821846,0.10628591625351368,0.10708539111458017,0.10483978391986322,0.10506153301125178,0.10188526863005459,0.10442135934046577,0.10330324642651174,0.10163170207272776,0.1067968001565029,0.10186432613345849,0.10182699646918232,0.0999272593383695
390,1,1,0.9133635251401877,0.9085504094952866,0.9026018930901394,0.9164210122779903,0.9176920766199075,0.908317537662787,0.9084796676856847,0.9177445830269,0.9197691932644917,0.9046017238732565,0.9172434496948926,0.9214898954389271,0.9066621728256864,0.910107934900632,0.9116657389453198,0.905109449720033,0.9166047120390654,0.9101278396466964,0.9127161160921653,0.9127191008222714,0.9139598329606752,0.902537527749474,0.9138622170652192,0.9153686628028416,0.9157766848111065,0.9118219967436589
391,4,1,0.47174985766030947,0.4261064087723492,0.4550072875702291,0.43621633306848934,0.4532440303932157,0.37638289789799834,0.44050308703998836,0.3632878870145602,0.4173448990425226,0.43050964646563467,0.4562161199020169,0.46704005970635903,0.4579476911515094,0.4215615257749931,0.4106766158272019,0.44254858562572513,0.4154553231953413,0.42146456486471146,0.5165257183473675,0.44899963141047783,0.45272844523964656,0.4560374250867436,0.4333470962949342,0.42480136104446936,0.4450691715500914,0.41822037569300025
392,3,1,0.09822276989598433,0.09687392092593111,0.10079566158415972,0.09991546133407937,0.09930851798596196,0.09138571011821833,0.10012731410848497,0.09614423926276201,0.09936284115771221,0.09546877359047795,0.09393552293184075,0.09522630716662095,0.09400902456746406,0.09533576704793129,0.09575096233698845,0.09846766228375196,0.09535316242112918,0.09413639994806633,0.09332945413656579,0.09796049518796728,0.09923426002817154,0.09856976150927527,0.0975288918485147,0.09826011617795694,0.09676724671850385,0.09582160046209126
393,1,0,0.10586150221415759,0.11419273624697777,0.11639879869109636,0.11435855176960456,0.1143287410839765,0.10879511891155724,0.11275497150634282,0.10350122137319823,0.10806795385980959,0.10522787413656759,0.10564686481439116,0.11271127082366189,0.10730443527215315,0.10813763791929226,0.11314700985057903,0.11297989765110443,0.10413351173227847,0.09476999144026221,0.1034796738806048,0.11299462424386202,0.11749567541554445,0.11300973053540109,0.11846877400523596,0.10910461524640014,0.1152863410517518,0.1214351349463984
394,1,1,0.9686593177126945,0.9702032677960751,0.9697087907759293,0.970989980849207,0.9695911559253559,0.9655823420255142,0.9709676496096936,0.9710494753789435,0.9716783858486849,0.9712604157589032,0.9661165719419319,0.9732549947775415,0.9659536912175305,0.9695811766474822,0.9719842090461199,0.9704944422090359,0.9718485264433462,0.9692706636701917,0.9721892488231981,0.9734753198191882,0.9708304380383815,0.9706412389933444,0.9713045259422753,0.9719338047188656,0.9710136869029201,0.9697850879341162
395,0,1,0.8211665861604981,0.8165210283639258,0.8182370873626968,0.8204190970362358,0.8242645452969654,0.8345079028709047,0.8274711802345668,0.8293782487216889,0.8245178877486855,0.8203267058262865,0.830075688975897,0.8325792451653055,0.8548369937921899,0.8161521402829118,0.8141100042992241,0.8046532871479659,0.8319243476930255,0.8371606871712336,0.8345035233816178,0.8001826196711394,0.8249132703397172,0.8143847039748494,0.8300597570430718,0.8460692475623454,0.8682548296123795,0.847935482889941
396,1,0,0.11138285665790075,0.1101955054057915,0.11146222246260377,0.10950044203733172,0.10834443752023855,0.10175658874446299,0.11122101370019609,0.09803979895740274,0.09798011151068049,0.1005959390786723,0.10853662683551037,0.09220701684161818,0.10497809102175175,0.11290795163260055,0.10980560600471108,0.11060197063666459,0.11038342003415352,0.1104444021195536,0.10878843413570878,0.10841149351336964,0.11215613050138451,0.10864562243325603,0.11358901876703605,0.11107254696002855,0.11075056212294275,0.10960609088801586
397,3,0,0.6726354482930595,0.6652651853675432,0.67517254121785,0.6668640431475441,0.6712110217363197,0.6498995206194015,0.6639257236682284,0.6688996264832667,0.6689331430072115,0.6728120912577417,0.6716684500858275,0.6895955891603865,0.6566652896505302,0.66340863582539,0.6666303539414155,0.6732893860593324,0.6617227410766717,0.6590441895533625,0.6605644229003611,0.6666520940207649,0.6428428303101198,0.6728020012726428,0.6585589220671748,0.6651519799171075,0.6612850370185694,0.6612378703669525
398,3,0,0.1063112617715997,0.1093935800424773,0.10739317027535622,0.11319186776922642,0.11256722161286313,0.1072795384929287,0.11139341561289072,0.11365595825849088,0.11152730584888819,0.10756328399388337,0.10619901033133004,0.11301459127031706,0.10437581002395435,0.1099191532704939,0.10906466499422367,0.1108184233109817,0.11010469361147467,0.10575730502699911,0.12321732241476475,0.09828870988676192,0.10451767158522642,0.10819707137961287,0.10600901538997783,0.1155559015093342,0.1157720290119197,0.10956997894112051
399,2,0,0.17658118193106578,0.18719838058850105,0.18984247348528968,0.18215325386216594,0.18077234397552674,0.16123271489486915,0.1702204744411465,0.19444679704035614,0.19201600655888554,0.19082802276525324,0.1840160519151195,0.1891100941182239,0.18560395947822975,0.1883313607437034,0.15587599698145937,0.18480203718896449,0.18219845783507782,0.18244609146042942,0.1704298668219072,0.1611692554044033,0.16205058259709249,0.17139580364008236,0.17691548788331954,0.19204360952869523,0.1847508425434594,0.2036530583962393
400,0,1,0.837031888431642,0.8396336279705757,0.8384825264722973,0.8434054060038614,0.8472547872917184,0.8342098249665316,0.8482471302994511,0.8386968252525012,0.8398281594962483,0.8441304273204556,0.8599994254345845,0.8634711622848789,0.8490587739173368,0.842971960222914,0.8481060897205133,0.8332722562976308,0.8494735691813778,0.8387476483318145,0.8440884933546782,0.8542655088162635,0.840568945851247,0.8509727075515056,0.8498918363609692,0.8434132604095209,0.8423081301723038,0.8420230880142907
401,1,1,0.1534298118376769,0.14777969434280094,0.14516664393620052,0.14767463396766178,0.14172881716885807,0.1656703001923702,0.14488091423576924,0.14096791451597654,0.14768205589581057,0.14787343673215814,0.14949358142824512,0.14619361264735486,0.14573281042717254,0.1464020574610588,0.14236619014781848,0.14127637353040337,0.14413368851102668,0.14404399429811487,0.14125156699772043,0.13270703922908655,0.13545906790433904,0.1423757194282033,0.14941755181911218,0.147191292307821,0.15293788837957376,0.14303932709016373
402,2,0,0.10352903606456375,0.10521776577663822,0.10260846799594843,0.10336294085556595,0.10491537589500728,0.09538390251885359,0.10482002030624078,0.11019165259212155,0.1070312908116286,0.10845169318641425,0.10153378259494013,0.1063050748694442,0.10449496391738282,0.10242782389036192,0.10117632928017627,0.10297491875748609,0.10495115733030515,0.10526611059445383,0.1003278222906508,0.1036686159983805,0.10451826601557361,0.10718084388385231,0.1039516126135495,0.10234852149226877,0.10432356857072705,0.1044387413897242
403,4,0,0.14100524290037778,0.1360605668465512,0.14625661600432824,0.15655224287232053,0.14908202257055747,0.13677827005054102,0.10943090796051229,0.1434130468374534,0.13628123965007957,0.14038465179136073,0.13467546371982145,0.12116850832495318,0.13258601858219035,0.14192838648011954,0.12418532903454382,0.15019821808851755,0.13180932940496873,0.12840803605115556,0.09616938735525099,0.13266705660921238,0.13006566185370796,0.12039988722563479,0.09563172375850121,0.26887208436302557,0.08386886650214527,0.18270586208681114
404,4,0,0.12035344763820187,0.11814017417331035,0.11988032386704577,0.11520968264840435,0.118129395418335,0.11135310468373151,0.12033387686157267,0.12802802817808037,0.11595509487491462,0.11743863528891911,0.12203696008014886,0.1267301875882346,0.12248076470157487,0.11843529607653318,0.11409748458688211,0.12000140031232999,0.11489252180089198,0.1105641473231947,0.12095839474395191,0.12270031343337368,0.12498288781230203,0.11982021230281409,0.11571653337547444,0.11472138618231009,0.11880999682558128,0.1207474292223263
405,1,0,0.5815607263367274,0.5796772854534786,0.5762057752133424,0.573032980899113,0.5760916271088304,0.605608339090624,0.5697702437922064,0.5615437036335664,0.5556198560099176,0.5516547843142352,0.5920096228934927,0.5041386983859908,0.5492361798800304,0.5768327343549021,0.5684422120101705,0.5856209663066624,0.5732075805711553,0.5820241697156373,0.5721746478606505,0.5832612767922578,0.5787950793645253,0.5887014956426644,0.4991835056595579,0.5817099560372369,0.598111323432632,0.589735606194678
406,3,0,0.10539481209848718,0.10865561432523978,0.11422583966962951,0.1087103627712564,0.11116886440350904,0.09864571453344058,0.10795858818507599,0.10989928663704081,0.10998486070416275,0.10672742403860053,0.10509100840838848,0.1058032456050132,0.10267428887816876,0.1070137073374776,0.10480284085837999,0.12064118615382614,0.10828801322353955,0.09894213678307211,0.10645482525908062,0.09967268995719124,0.10222682080903171,0.10704958682882004,0.09767093562047602,0.10875550816303446,0.11431836527479144,0.10599329613884519
407,0,0,0.07897869837107736,0.08179647463169673,0.07990739926697583,0.07945794068678323,0.08184469717810876,0.0887228271796552,0.08375115379762499,0.08061406736114764,0.0821717110671867,0.0814768181539013,0.07862348879729184,0.08442461166916716,0.0842732338563979,0.0796731603416405,0.08045336711787046,0.08181278761667225,0.08126586424821201,0.0820187153966131,0.08087140577971438,0.08370222981469295,0.08534061578132392,0.08165490311936952,0.08141755578271732,0.08174545105286396,0.08005959301820219,0.08624642135874631
408,0,1,0.9468616901310639,0.9458846194449079,0.9454869498623658,0.94236615895109,0.9408123529614095,0.9468905674192857,0.9372566919404095,0.9465052821019168,0.9452325892679507,0.9459332972031375,0.9517074659103444,0.9454780984603998,0.9498062730652874,0.9435511504309714,0.9431663697632476,0.9473415626128093,0.9458448120385426,0.9468779211440955,0.945213903037209,0.9347430913529541,0.9330476588199174,0.9403524756914389,0.9431889233944774,0.9403683673230033,0.9448649981802958,0.9491583961341402
409,3,0,0.09822276989598433,0.09687392092593111,0.10136707009212882,0.09991546133407937,0.09790966866074136,0.10584304826284559,0.10012973129568552,0.09599391015641064,0.10035614265181379,0.09616405500116294,0.0941255611515975,0.09751228544075136,0.09400902456746406,0.09533576704793129,0.09575096233698845,0.09901787914336153,0.09602437853650882,0.0940548463040467,0.09326967886068926,0.09953215956139054,0.09941485661534416,0.1013746709931262,0.10013895265762957,0.09811972500506276,0.0967305492490617,0.09489539153342004
410,2,0,0.05402281074122515,0.05181014037451356,0.05624453250542466,0.05119785000151723,0.04960533202231417,0.05672585834641091,0.050418609772026314,0.05213722228134093,0.057392715335192655,0.049723412260045806,0.055918436644056185,0.05689070932255099,0.06090237922713437,0.05370528965091207,0.05559712121257752,0.05241409904917239,0.05111452769019606,0.0587405260348268,0.05623497230598703,0.05365155194109492,0.05539380109217242,0.05173883582673702,0.05223984681794858,0.03597210485200601,0.048929989311299577,0.03767299186283726
411,1,0,0.10274214418262233,0.10496782601480574,0.10320433815278855,0.10478625360513183,0.10183241785166647,0.09703531990837315,0.10358167271571216,0.10826125016746131,0.10531390064195427,0.1085362019254822,0.1011321116354897,0.10602380505979524,0.10083564009293265,0.10243649737272902,0.10200287282239957,0.10211803671433077,0.1034698939801566,0.10598245655462087,0.10267777219821456,0.10786495523872769,0.10568201041952334,0.1058468468772734,0.11044847191479785,0.10234450058029389,0.10249602866753048,0.1042374770760735
412,1,0,0.10601281474192359,0.10009652876252234,0.10056138410160188,0.09850648123197925,0.10664250688264539,0.09651717087891232,0.10536589465472164,0.09032945724219288,0.10825237774269876,0.10700336718843884,0.10031576110854241,0.10812659703561149,0.09932546843336472,0.10471691508869992,0.10049721466462525,0.10266859408991756,0.1057962453844864,0.10764305723358637,0.10667332747521428,0.10701659195457332,0.09987934741557625,0.1002792861298194,0.10218103253519568,0.10390232689140814,0.10798880775551711,0.10381365126627058
413,0,1,0.9527402639949217,0.9538177158764337,0.9533373219950126,0.9525781098606522,0.9501334613110188,0.9478155525103351,0.9498699850637601,0.953702602714416,0.9549952716642721,0.95303170264286,0.9455629143046668,0.9582864232073622,0.9458887190372761,0.9534051724857676,0.9560566110054104,0.9511240396993651,0.9586825178847797,0.9527869661950638,0.9541781251521356,0.9618086857176377,0.9530142846494106,0.9502030367044157,0.95116161401243,0.952873252318616,0.9557014760239625,0.9507915906255565
414,2,0,0.08298264795734879,0.08066597082619026,0.08058140763729983,0.08328016275353477,0.08381583683099575,0.09529237133158931,0.08656875230589528,0.09139674251262075,0.08441838804082946,0.08712053962676375,0.07538196937728618,0.08846719440123814,0.07048268465445533,0.0812776907929735,0.0828965514741531,0.07970516512373382,0.08435907117162748,0.08722151599705585,0.08323912590883246,0.08046797298533033,0.07588188366310929,0.08149657788321803,0.08332049363945813,0.0885218041376566,0.0914031711987774,0.08591948996274247
415,1,1,0.14914510465589878,0.14679373060278184,0.14205484754215267,0.14568860796135283,0.1384226368880988,0.10454391700834269,0.1431341757809694,0.13079994061927852,0.13838022739986736,0.142808884697837,0.14527933143359686,0.14230352125576212,0.14006696037029018,0.144329400870756,0.14240577468690985,0.13716222026141053,0.13497362337287014,0.1344595382845409,0.13254766090906292,0.13249216508121817,0.13580135259987103,0.1311440497991848,0.14677751237541484,0.14331626969294067,0.14513976324190983,0.14446312909969083
416,3,0,0.7182095171340981,0.7130063788357376,0.7149414893637548,0.7057972479486355,0.7072589281584997,0.6862666860077272,0.7057946579792924,0.7139579966335302,0.7190022476495092,0.724080437553359,0.7244626049559258,0.7110130351234916,0.7175323064536102,0.715148357699492,0.719569154708422,0.7249610930284112,0.7060150757476208,0.7026208426489348,0.7042766339466647,0.705687320359487,0.7138872828703393,0.7296106602635072,0.7049050464174464,0.706336483859889,0.7106545626825863,0.7025886642608427
417,0,1,0.8754044282964872,0.8707982392660042,0.8753826249497458,0.8785620976600246,0.8790317874144674,0.8707823942511279,0.865338661409239,0.8649484827408637,0.8643197302076858,0.8816967963334497,0.8649789988481505,0.8612304795618551,0.8456827360359012,0.871049870779076,0.8726181954443252,0.8764273141747033,0.8583290242936105,0.8635853295919849,0.854357889629889,0.8746789152570944,0.8678437122519166,0.8817388599733391,0.8805753880627568,0.8625245976183274,0.8637402895601348,0.8613113858155247
418,3,1,0.871905327298176,0.8693814828757244,0.8664041167346386,0.8707290502545751,0.8685260078648055,0.8643512842760153,0.8723215709539677,0.8713383935125116,0.8697531269601338,0.8781571626128469,0.8924888604797342,0.8746557613719461,0.8614122169703006,0.8722285513464544,0.8701716047688995,0.8563355651125176,0.8602812012327953,0.8703538843729229,0.8678007908889686,0.8933527846581484,0.8874992944131805,0.8619458053592819,0.8714866908562168,0.8647797306425943,0.8749459222928979,0.8775983846013674
419,2,0,0.1358490941876568,0.13588692020116575,0.1358873122564829,0.1374126317087421,0.1340230378628657,0.12461079166532135,0.13623462168209988,0.14052819581356238,0.13485238588626117,0.13947323859869934,0.13560242606661513,0.13567271634054778,0.13455408587184747,0.13734113775869414,0.1391206732807281,0.13630072034547894,0.1371233768672369,0.14520966528135595,0.1345459646653099,0.1290252418174199,0.1306931911669236,0.1393108578036509,0.1358856630042877,0.13585045088464884,0.1317334663406804,0.13339945452201477
420,1,0,0.12586835183486755,0.11556111795538343,0.11716265486622875,0.11471639789293571,0.11386723242855191,0.11947615305346326,0.12433381676735515,0.1090187480422828,0.11036766519823811,0.10652909007816062,0.10793506085532907,0.1188621646978167,0.11421993361141225,0.10952263237042859,0.11155984156146685,0.12047466012106907,0.11246122008550492,0.1130372199323912,0.09571639576527707,0.11959379316604245,0.11241394084431966,0.11283268092971077,0.10120363136674969,0.09382838158609914,0.059203062065465606,0.04803439050654251
421,1,0,0.1257060937974965,0.1297510905549162,0.12714662216354397,0.12938481368720564,0.1255918057776003,0.12038067926107375,0.12684927420711062,0.1314578962666532,0.13207901600488334,0.13310473258314895,0.12091087568386892,0.12556491911333087,0.11785286722302167,0.12644839465919697,0.1279170135324413,0.12375919776105641,0.12802159034768487,0.1249752274669023,0.12907538675690625,0.1294919808444717,0.12806547044783065,0.12635852650753143,0.13307484589374544,0.12648808820194024,0.12905856020392928,0.12481750870843948
422,4,0,0.12935721476340467,0.1302413776565431,0.13341996746690957,0.13149256937633388,0.12659158328280015,0.10563430917074641,0.12981261277666778,0.13065447197226412,0.12792684210167274,0.13127443500675096,0.12491739071067566,0.12559126616418267,0.13274038504907476,0.13049364688330145,0.13192533519549599,0.13338936548467797,0.1273205274534985,0.12266782835864287,0.13138557467060896,0.13642145650905868,0.11986450931166981,0.13484946619623986,0.12330784720550479,0.12199839095399122,0.12704892641959054,0.12492269978351138
423,3,0,0.1368861536661892,0.13578089890088446,0.13680062547178143,0.1360115056456818,0.13849913091827865,0.12360573174504802,0.13268967983277882,0.13603340511830125,0.1346261570911765,0.13549664848846188,0.12419170540697545,0.1312270995289745,0.12344629714456522,0.13597083595372628,0.13471425341990184,0.13775537858299342,0.13290059363876694,0.1430221714358476,0.12749433870175764,0.13173470615340507,0.13508474994168296,0.13667724143948476,0.12948830018694846,0.135161839154621,0.13605891284974844,0.13310931240368765
424,4,0,0.5430959987734787,0.5342986685859863,0.5185203268426682,0.5209483007480217,0.5210025642186231,0.5253630724940681,0.5228975273731549,0.5521598682777709,0.5371523549618686,0.5236651969945986,0.51884896602207,0.5108016539574237,0.526126084608952,0.537667212871083,0.5349142497581166,0.5240739073262266,0.5465207683074961,0.5377288689646061,0.5327841043992642,0.5056002051204739,0.5120647301063016,0.5323896666316088,0.5173774183227762,0.5144777797184458,0.48716641795090343,0.5292972069466547
425,3,0,0.0607718243717583,0.06506716503490882,0.06853917903848206,0.062299929879364224,0.06480758987666449,0.07181705689666902,0.06507167555588535,0.0654246613240936,0.06530287826467417,0.06584150893531181,0.06022924274755667,0.06260561854612655,0.06652327519539822,0.06388796033121957,0.06411453462306796,0.06629264165526072,0.06422927442957742,0.06377032521499254,0.06357357889205288,0.06987085697130636,0.0668013933766539,0.06444386908461582,0.06528962103131458,0.06410222237129845,0.052113462657654125,0.05965400558438653
426,0,0,0.11326947548481965,0.11183092997967352,0.11438072779623391,0.114261095505565,0.11609595523811145,0.11228832516420117,0.11580424277757805,0.11701422250143569,0.11339156022595309,0.11813818608834026,0.11017180705037659,0.11134368313793248,0.11005383425496988,0.11221885328179443,0.11236933873805077,0.11202990216938404,0.11219356331424458,0.11231273964235357,0.1102398027262252,0.11556930994140413,0.1113875067377768,0.11458069120402188,0.11545847638366773,0.11283376058889816,0.1113506302008009,0.11248178632550958
427,0,1,0.8373846794273588,0.8393238038589317,0.8393058936277381,0.8452047964431513,0.8492548894103762,0.8347411965635788,0.8423426963602902,0.8401922826264464,0.833975599822261,0.8348105569064109,0.8224885890465062,0.8012509211027857,0.8185035986244417,0.8415299450282664,0.8449441451709229,0.8400315934917261,0.8311761227684192,0.8388672499695081,0.8479976617936428,0.8530016973173206,0.8394286186399046,0.8528391806837861,0.839158029503274,0.8494834829312355,0.8472595644163053,0.842961727349877
428,3,1,0.8761744775966424,0.869659771149629,0.8689129351540622,0.8657995257645181,0.8627660421333135,0.8953067207131443,0.870740588484996,0.8791773226230012,0.8725275865830628,0.8736481103477741,0.8682665412965728,0.8835521854696755,0.8645563319583323,0.8706988240270476,0.8685646205589639,0.8692406431600131,0.876582869324786,0.8725592203965412,0.8850648810855216,0.8897507278245498,0.8851087585333207,0.861083121390198,0.8741692591713418,0.8734705339518603,0.8762641667471885,0.8768191463693477
429,3,0,0.10840025676704201,0.10923535044748649,0.10959897213773122,0.10857166749469538,0.10671487973812649,0.10229457287289266,0.1091038247747619,0.1056485616474494,0.10876121367936824,0.1112176664692434,0.10327007158797519,0.10376565521780563,0.1327901599034237,0.10902351681361476,0.10961248705135186,0.10966032360530446,0.10784810484748315,0.1068126688036185,0.10743998554596097,0.107580002913276,0.10708931519690597,0.10585477478369833,0.11032464959679837,0.1048320761460891,0.10604673366376953,0.10243583361589381
430,0,1,0.14832273774242835,0.14132354173691605,0.15127833620776862,0.15161802606194932,0.1624032016223849,0.14876011171268474,0.16182427120923298,0.15008914777011567,0.146494171432155,0.1520813071471205,0.14159745552919448,0.14933632778813702,0.16720410915019857,0.1446407918560396,0.14291782328656263,0.14694907484446562,0.141082558285895,0.16371481327031115,0.15233573903922673,0.1526622794462201,0.15374511529348153,0.15845775781011867,0.1496894168991616,0.15407238051896813,0.15551074972512913,0.1534506808909801
431,1,1,0.4700650888534292,0.4577510063033685,0.4821544845731476,0.4999087326478307,0.49440601525445294,0.5566915775923515,0.4929445144564745,0.4774739432991142,0.47913478294962303,0.48754151421173164,0.4797023260960695,0.4611148431558448,0.4668231987965526,0.45759727782851006,0.4588897816806124,0.4607737184948819,0.4791127392898597,0.5084915260185903,0.49639664376852366,0.4748865142476791,0.46896381898039485,0.4795514675099752,0.4777359457292774,0.46412644473121517,0.4668168412210682,0.47615608941988413
432,4,1,0.5602576038228214,0.5496985345275173,0.5534366477576929,0.5595216441676546,0.5603994436659402,0.5539828630603223,0.5556811353772989,0.580123107835769,0.5699382963927205,0.5560874199457301,0.5564509868844559,0.5536857020138796,0.5576645980814883,0.5511460655400829,0.5599051579190886,0.5678232469085901,0.5651315597226324,0.5606403360552216,0.5458211541136352,0.5459584282681441,0.5516744016387775,0.56448014723166,0.5745008451091148,0.5538209710286691,0.5552666173910282,0.5667847258646033
433,4,1,0.7879593425685719,0.7994774618953682,0.7988282052561791,0.7943497660279052,0.7944385547921221,0.7918617925849684,0.8031489739057993,0.7991069458238362,0.8020908035759199,0.8007039770274877,0.7942952563273203,0.7880364667972984,0.7953651074437885,0.8019209665567564,0.791932215074424,0.8050471471904005,0.7945532779118855,0.7930341509023474,0.8034284312704556,0.8223161334776824,0.8137556059160375,0.7951293918180907,0.7910443622325682,0.791476350355595,0.7916330379062558,0.7909762063277975
434,0,0,0.22431135787728407,0.24185632120443287,0.22973363081784873,0.22125236133747164,0.2385524565474099,0.24592598521979836,0.21907410838646144,0.23114248057575523,0.24596249517575808,0.20388685036104057,0.19685808459435575,0.21957557786836635,0.1943517860140277,0.24764251913985488,0.26335434381594647,0.2531011361186111,0.22937040476636486,0.23004099661585117,0.20736839012499064,0.21485016289742953,0.19991627561969214,0.18969736142856566,0.21511920711684854,0.21759142346684845,0.23326296078270467,0.2603015785088549
435,3,0,0.49043443373986734,0.4947008152286318,0.46817933540002094,0.47044091111949554,0.5020199095865195,0.42386320674210615,0.5075919964329715,0.4560264669042864,0.47855341299680004,0.44376548833302554,0.48951281589020806,0.47762068517407935,0.465736051597392,0.49212283424909237,0.4988076459150282,0.44895756029818384,0.46966585794209087,0.48684318568846247,0.4982000603360726,0.4733675199323908,0.4931827120204286,0.47537797532332987,0.46363142160419396,0.474343856556555,0.46419320004080195,0.49912313148847726
436,0,1,0.9562597488917367,0.9616771407486134,0.9631784003256114,0.9610245600375529,0.9662880942813142,0.9582351863236963,0.9655783290687348,0.9608258320397268,0.9610214630493844,0.9554694735464366,0.9544274269419061,0.9500545696372892,0.9522312254708943,0.9624925970461099,0.9638158348575946,0.961660349703492,0.9602706270541237,0.9614153482204953,0.9619805459331023,0.9617175317277576,0.9597714053594105,0.9614844320746544,0.961770268713486,0.9566896510993582,0.9601592473546994,0.9590091482828637
437,4,0,0.05893682077897256,0.05811073997253688,0.061442672151342255,0.05810181513841009,0.06055996284352349,0.06946027487251526,0.0651424433734196,0.0576778735750926,0.05863633137400428,0.06102667283785204,0.06126226420850501,0.05739419330070902,0.06282313141424452,0.05657287858272989,0.05693862201437636,0.05875996102420907,0.05811965025368948,0.06034626255371212,0.06121195411611904,0.05652522300188333,0.06584165222790664,0.05988521934538136,0.06094731417797802,0.04831779495092086,0.0593405025341382,0.04592747264901597
438,4,1,0.8876675769092713,0.8945589664644903,0.8926298555378316,0.8773030569582977,0.8771797430325288,0.8697943082719876,0.8850485428923379,0.889291760452252,0.8800037339604242,0.8779257823345842,0.9126634967197561,0.9123369485729361,0.9022653600083208,0.8935294203082678,0.8942130028056646,0.8769598881619096,0.8880526957316554,0.8831696113719101,0.8893386033767458,0.9032129886689182,0.8907749106134938,0.8534710165528853,0.8735798402106275,0.9091389724363066,0.8676593963361201,0.9034896529570787
439,1,0,0.24461932318274757,0.20352307207128928,0.21346210994280854,0.23338033281397808,0.20685467517658787,0.20625960167835797,0.19680280858812718,0.1878192038598887,0.18977453103105513,0.2207334454336122,0.2233164870864951,0.21755942862566402,0.22619615238161703,0.21947012496343188,0.21395069545878606,0.2018528588854522,0.2029585290359066,0.21458519803969836,0.20380984893024703,0.2029708035695584,0.22558138506199996,0.19047484035554085,0.22971763148842328,0.19350257619521463,0.20721750873598074,0.21936092137703458
440,2,0,0.10510864166275818,0.10880149554050993,0.10552540858095887,0.11009708172683678,0.10646693095359978,0.17106241363495003,0.10578328465100789,0.11048105332783592,0.11118209369747407,0.11299348782499051,0.1112733873934627,0.11377987716731745,0.10971101852054639,0.10611991555075818,0.1051939558172779,0.10630888127172504,0.10967014985959415,0.12463826798956124,0.10222298552677923,0.10184374740138365,0.10568827095869132,0.10791510421351413,0.10840970790194676,0.11312319398464703,0.10761875753950771,0.11113096462740979
441,0,1,0.8169580242661035,0.8289847231716795,0.8237130456083066,0.8349757833632682,0.8330648497546859,0.8075711526407026,0.8396760416357161,0.8077335077042292,0.810507913555663,0.825738231727961,0.826740548260212,0.8231919022403164,0.808272017877523,0.8226847227247146,0.8302945533502036,0.8247364472838404,0.8107902703395462,0.8114024118870197,0.8175383397610213,0.8242674757314942,0.825738472616426,0.8221409422409831,0.8334453700620013,0.8143889184454028,0.8219547903960004,0.8071605644324892
442,3,0,0.0957645387382729,0.09566234033645442,0.09606177815018413,0.09595863391117017,0.09526197872271998,0.10601545996724925,0.09497561034029851,0.09645572433229271,0.09771724683898415,0.09657376534011565,0.09994042045558038,0.0998622038876293,0.09237968666158185,0.09520161399435834,0.09559197694346226,0.09449385161619406,0.09390439424395043,0.09399440847607454,0.09158220924134723,0.09703762747613753,0.09972070667786491,0.09794259027042362,0.098549737239145,0.09859508541586683,0.09908069825806938,0.0934799184762967
443,3,0,0.1003678562568917,0.09703831885776416,0.10236244655465393,0.10018369071504862,0.09915229506614515,0.09784002211254979,0.10046054304560403,0.09761910336865243,0.10010439150699552,0.10181215083210661,0.09527331946776889,0.09760447588043704,0.09489121392447807,0.09468894423245604,0.09757799905722102,0.09985309004489296,0.09697617942769902,0.09582163750117893,0.11866895853023914,0.0988806505459826,0.09765446911577214,0.0998792875084105,0.09861477513985811,0.09611202400321132,0.09681260931930041,0.09519778042543696
444,3,1,0.7780930324759939,0.7791622270111977,0.769518307946922,0.7680761547572393,0.7651239173594971,0.7832423733586339,0.7717885319628227,0.7719503140983583,0.7794170331467285,0.773865729233212,0.7931441990187132,0.7879060477946519,0.758167386670252,0.7800113650968004,0.7834722999200193,0.7654758299797598,0.78541471787751,0.7867705398193944,0.7844231230766147,0.8053824424343258,0.8051762924468996,0.7686187820927445,0.7821591816830425,0.7578830744893325,0.7647928077054643,0.7626476436100762
445,3,1,0.08151552735106536,0.08092649494846942,0.08315477386914139,0.08385257221883428,0.08210081362611897,0.09580528392352722,0.08094577873103799,0.08434313179440965,0.08129469738712855,0.07783116801491002,0.08267597011055433,0.08299945900457185,0.08134458348768815,0.08030234032847292,0.08093764232965153,0.0811293568204211,0.0835132822652994,0.08753493714414416,0.07803158570364394,0.08378538382456761,0.08541526688233904,0.08506699531887506,0.08252509570153042,0.08393208079543356,0.08435740619795795,0.0842791676910452
446,1,1,0.9500387844079042,0.9439010581468827,0.9491218422816305,0.9465887485378327,0.9485286945444366,0.9432318960002214,0.9440555188486953,0.9481370164663652,0.9473392632494505,0.9430878196138965,0.953225536210839,0.9541812635455189,0.9481125056012877,0.9477564005666719,0.9501328247065643,0.947843064588742,0.9476725075661996,0.9470937254359052,0.9477041455246239,0.9408558730127904,0.9411337009816075,0.9493340780831981,0.9435144672747177,0.9461770523335472,0.9470318215968513,0.9458329377469487
447,1,1,0.9320607911318537,0.9375632597105336,0.9290141465964079,0.9361376271282609,0.9341110138977307,0.9379006348617015,0.9332085186704977,0.942599088675002,0.9428301951328956,0.9423195616903289,0.9409344376564088,0.9421578228359789,0.9318482705971518,0.934196450085793,0.9330026909967373,0.9278262730258966,0.9439110966663599,0.9397603030542134,0.9387933868035768,0.9427538594880787,0.9412478823486133,0.9361444583840329,0.9303241387449619,0.9490550034283949,0.941692494601488,0.9456954117462694
448,4,1,0.3577370742347928,0.35307466479703603,0.33395242420838644,0.33114188216922297,0.3177806078382403,0.3212156323802795,0.3188107540795491,0.3580250838701005,0.3605878020290149,0.36465203695783344,0.3440532201488913,0.3399678416366682,0.34679156096762886,0.3527283090677709,0.3468139949790909,0.33944231870869707,0.36204952452766853,0.3785952013253117,0.40230245150342475,0.35084947271505523,0.37377225420477833,0.3508345397216884,0.34000357640869866,0.3646542834454709,0.34243046585764186,0.36602358797138296
449,0,1,0.9125303701253875,0.9162765226082586,0.9227695886917614,0.9120272609211275,0.9094393256744292,0.9267550141979183,0.9062558622543958,0.9162142146457232,0.9218423141553774,0.9180393248386517,0.9147633482443945,0.9274653185306301,0.9159487391402577,0.918369414342405,0.9203343172469712,0.9223944079286156,0.9197936266839326,0.9180296809921149,0.9163652557798593,0.9055395558790161,0.9142108052956939,0.9170123166934205,0.9156313568146497,0.9087202177351871,0.9243016962163715,0.9188967041549762
450,0,1,0.2672556046983087,0.2595385871151845,0.2660540832665766,0.2860115898226634,0.3005132314959457,0.2695698576122065,0.2733789148731354,0.27160122159286165,0.27335105206343063,0.26376476220192874,0.27005097198891415,0.2613959185726138,0.2821435165064962,0.271058004685992,0.2657501276527479,0.27681658152020266,0.2745706134167488,0.26590314878418586,0.2736063480709386,0.2653840432226769,0.2896277394383895,0.27449944918373936,0.25984839411549904,0.2529582744662121,0.2799178026919318,0.2789666893854125
451,4,0,0.11127554141259365,0.11564853957926452,0.11414502156543897,0.1129083025611957,0.11238862286883189,0.12183828886791694,0.11189376966725952,0.10968839028349837,0.10847404130895065,0.11545011979641555,0.10787620550388784,0.12466975273538405,0.11847092970795792,0.11144104052148307,0.10003320121706714,0.11196002269681775,0.11245762032547019,0.11793496870306959,0.11131160292345925,0.11217547118201417,0.11145759105512783,0.12604108285124405,0.1160062912034693,0.10280307340976154,0.12584505113272018,0.10158757931535171
452,3,0,0.1025349351648499,0.09379276582530731,0.09482685628562904,0.1013975714026553,0.10293176821731485,0.09396823985426332,0.08851941109508095,0.0926862635944879,0.09371412503989325,0.09301381448151401,0.09869626341673393,0.09854435978230948,0.08951090633800239,0.09341041325336176,0.09589822877787202,0.09651873849274488,0.08980306134653974,0.08887455632484091,0.08920539434172496,0.09958059185464185,0.09713435521293168,0.0941075959457325,0.09087037285774724,0.09239276447473455,0.09980243811215288,0.0865903847938263
453,2,0,0.5614742706477928,0.5399286499957693,0.5619442207918848,0.5596281158007895,0.5051828748741493,0.7137389779672745,0.5015420253922066,0.5720811062534449,0.5540192510849464,0.5361113058364707,0.5411740171945655,0.5433853016846236,0.5775223167331535,0.5556857371261134,0.5598640685723503,0.5581750766142213,0.5585145576899425,0.6071170195358969,0.5889969709334948,0.5550653484586907,0.541377022679919,0.5723755906067364,0.5751265506735233,0.5575966377611141,0.5638232973731853,0.5724342861134731
454,3,1,0.326481872498925,0.3303215963580064,0.32821000623803886,0.3106301782224441,0.30812019090588627,0.2770437238292897,0.3119255169238706,0.34795804093659904,0.3286204840332764,0.31347556402957993,0.344127413965301,0.3249931019964498,0.31269446290462644,0.3347575352697916,0.33671846262240307,0.3302782499931928,0.33851953031451565,0.3459073996577627,0.29090356039054505,0.32169426554506075,0.321626656716214,0.32011141291133854,0.31469847190000655,0.3387391180078851,0.3455637441732456,0.335147147114073
455,3,0,0.08381109373115751,0.07980880956425612,0.0830764290596045,0.08353413688764862,0.08269734255639548,0.0787228618743427,0.08139022975198318,0.08543884685154306,0.08326056570669775,0.08271046381854993,0.08374635213500116,0.08277635257833878,0.08225501804722204,0.08200784098590853,0.08271020903164102,0.08348180465540518,0.08475642895903819,0.08802897667968285,0.07961925999085889,0.08622617619433597,0.08711477219234015,0.08576519160031844,0.08426145237165439,0.08430362350527948,0.0840940111858718,0.08513018469396168
456,2,1,0.10345505017105762,0.10698218553150507,0.1041453077333756,0.10628312629432622,0.10773477215963416,0.08750332111660507,0.10554137829141925,0.11305461671754395,0.1094131676103758,0.11024753643357053,0.10199749382444227,0.10730621210520093,0.10726648630576265,0.10508645317595167,0.10157558575650734,0.10627371067619167,0.10643941628150039,0.11074558575591636,0.10322568548875437,0.10629876098741468,0.11045297848055809,0.10477276310943139,0.10645409076313732,0.10207267498121662,0.1058046838937462,0.10518839706895518
457,4,0,0.34407745187829475,0.35188358725309216,0.34150655488413006,0.33697965940427066,0.2920872861638344,0.29083548597362935,0.3131995813360406,0.3427924239266658,0.34583874584411883,0.3555105103151937,0.3670963643503691,0.34087116086421715,0.3809377321175493,0.3490149196425562,0.36401933025329275,0.346094250831997,0.33221331597309306,0.3247661700249562,0.3457654629099922,0.34613814116268465,0.3312564057588584,0.3368345295174254,0.3505275790241029,0.36108121627945006,0.36833468714524803,0.36272573738599184
458,3,1,0.9270516939030732,0.9229277619206643,0.9260249381287206,0.9305718481051573,0.9284063292222514,0.9172073970122944,0.9214318129043729,0.9263950286951187,0.9246935278457054,0.9278408480053427,0.9217619475605616,0.928672860580872,0.933065327945426,0.9232646021807734,0.9222667597662513,0.9264521477882832,0.9288667666304828,0.926110568352906,0.931004947895589,0.9236026055868903,0.9265295529316152,0.9267329705340885,0.9263424738416712,0.9224603788103742,0.9249619421568469,0.9323901016133953
459,3,1,0.6993758140160958,0.6873005079057511,0.7034382784272603,0.6745374707516391,0.6737377437771482,0.6976801946370753,0.6914885231920936,0.7020048404403137,0.7049366809042409,0.6846402467837973,0.7072223233599226,0.6995474315540746,0.716874616352234,0.6875131140724847,0.6988714563809713,0.6965091304549803,0.7047588324170659,0.6877638402515626,0.7061987479903644,0.7473415985095962,0.7262335131062713,0.6778589461795167,0.7135514599796174,0.7006970872229029,0.7006115763059751,0.6975221421980266
460,3,0,0.10840025676704201,0.10923535044748649,0.10959897213773122,0.10857166749469538,0.10671487973812649,0.09876291772343138,0.1091038247747619,0.1060942927753341,0.10979523949498343,0.1112176664692434,0.10327007158797519,0.10870221440058891,0.10733963479502162,0.10902351681361476,0.10961248705135186,0.10966032360530446,0.10784810484748315,0.1068126688036185,0.10743998554596097,0.107580002913276,0.10708931519690597,0.10585477478369833,0.11032464959679837,0.1048320761460891,0.10604673366376953,0.10243583361589381
461,2,1,0.2411089182865576,0.24120182803498502,0.2461507814812511,0.26216825632266105,0.30667782860731146,0.15775978653287948,0.3420563274977318,0.26518409064506837,0.25831197864117783,0.25424007081158306,0.2704843278556925,0.2423930960022694,0.28126608618390736,0.23999730557431484,0.2540337373886548,0.2408871230966276,0.25405672135394824,0.21639567858177763,0.271609792530142,0.26217218641265355,0.26296810205565835,0.23323395927649668,0.23738471836123043,0.2622465468296587,0.23947230501778557,0.24158040897586916
462,0,0,0.10761294668513817,0.10588723300087628,0.10780188531515932,0.1089079935550965,0.10512751125701074,0.11045626738061222,0.11039753727363989,0.10335834768470466,0.10412728620240662,0.10522827005391988,0.10583065346471872,0.1042781149079726,0.1041873604824548,0.10629492868414425,0.10280674369285707,0.1054763488025024,0.10682905014616308,0.1170843694501934,0.10697289029808386,0.11015042867050003,0.10811673319877176,0.11036034967204493,0.10921785735514015,0.10988637078609449,0.1116764691229849,0.105556311934271
463,1,0,0.3624346496540325,0.3731093669503304,0.37219177713215434,0.3681372429941249,0.32880322148834695,0.36328550805475474,0.3191745316839925,0.3783002819422676,0.37003827090718344,0.36940764419172156,0.3622111733157501,0.37211313988590095,0.36291268106126506,0.38370245583766655,0.38463412604444924,0.37044239459534406,0.3774711056388718,0.3609425975834064,0.31462041704791543,0.38347047265833156,0.3690820087555197,0.36581624084943876,0.37421382752826476,0.3809529433910353,0.3699948712365176,0.3853907708203863
464,2,0,0.10723329667366051,0.10627359469880454,0.10442946421860914,0.11101758247318272,0.10595685101144285,0.11260078141377027,0.11002961164617957,0.112212581186226,0.10894245612611021,0.11161252540944942,0.11181057105194304,0.11618969629408848,0.11710702667719065,0.10759292005930503,0.10927628147854519,0.10891355660339493,0.10966420672179804,0.09856566759408641,0.11556460771560928,0.1055542923850552,0.11384247964775135,0.11328750932625177,0.10977876687212214,0.11585241618026966,0.1135153301270136,0.10802559444695355
465,2,0,0.09822531450264595,0.09192211309887673,0.0935684984786637,0.0958619937128687,0.09775162322585153,0.0855413054669706,0.09722840533872673,0.10114596979803463,0.09976296557697474,0.10168423605500154,0.09410612705550651,0.09888321628025598,0.0978527632776291,0.09214984869088465,0.09322248657503074,0.0943006078701103,0.09697502727078107,0.0994953671322409,0.09680516131677826,0.09513904427550368,0.10060515817833894,0.0977771920405925,0.09733725088678791,0.09265468829149621,0.09324014940227932,0.09651757200781504
466,0,0,0.09102490322819522,0.0895802603438402,0.09458176844497505,0.09283693696122473,0.09172958205850744,0.0921516222953233,0.09842608259251963,0.09404381828277408,0.09036480949712274,0.091441998140202,0.09156912133363199,0.10033591168672218,0.09249656541910577,0.09289706936371651,0.09036316222807443,0.09398370680168021,0.09290398952608277,0.0893279300515576,0.09012810584698912,0.09679888945872994,0.10271508101005923,0.09791181469106769,0.10200697981501385,0.09781785967287814,0.09799197358144347,0.0960199694933902
467,1,0,0.08810080589288087,0.09179146217326006,0.09151888611912122,0.09488012416835234,0.08855492192054693,0.09124112523651508,0.09008430579460769,0.0911756836005481,0.08984580020147405,0.09392725044031537,0.07687256881400208,0.08733427610221271,0.07748782540928811,0.08823396480566818,0.09082822636164832,0.08901245816063041,0.08589870649971502,0.09320218058091491,0.08338172777962116,0.08694417115730348,0.08719000638091129,0.09091968957633012,0.09446135136782023,0.0903256424815972,0.09656224611795368,0.08735864301915214
468,2,0,0.18453103025165962,0.18341670917321218,0.17747092389344477,0.18758301394908014,0.16222098362287407,0.13323833139638142,0.1493485264420192,0.1915401303328865,0.18708037307956382,0.18568154759981018,0.19011198364949877,0.18300091500977925,0.1805644957169328,0.18413966043483673,0.19236956487406964,0.18634441528214452,0.1868154184809889,0.16668827419672563,0.19246489480585785,0.18362942784733471,0.19211993637210767,0.17576955732094182,0.17375157334786806,0.19578790842853067,0.18602476994380399,0.1894009235436244
469,4,0,0.11998225043624551,0.12007942558382452,0.1167906900867356,0.11860544266747441,0.11686877717874929,0.10591004915045066,0.1145335058966815,0.11910037561903686,0.11804258161007035,0.1189858368666606,0.1119691968306571,0.1133821768500312,0.11373022698503764,0.12110588442292562,0.12083014533228172,0.11878810948766295,0.11366635889739878,0.11331130345983058,0.1155569303258367,0.1208467271007001,0.1172354405477906,0.11600936157559393,0.11609508593825374,0.11279263954087566,0.11703615910258525,0.11242884889358556
470,0,1,0.913408686711375,0.9169172362957819,0.9247963989032097,0.911528710658288,0.9095566555495928,0.927351715814385,0.9067985317103512,0.9162609414948492,0.9232392147958053,0.9196406301987428,0.9151455129423288,0.928638950454598,0.914443506254179,0.9191043432656175,0.9194413940552115,0.9226474797427242,0.9206697663109896,0.92094462493866,0.9168729491957316,0.9001210145245314,0.9161840281268813,0.9178064368934326,0.9123051798621084,0.9082903836642494,0.9257347147563667,0.9172681348977293
471,2,0,0.10067679325579966,0.09901846975065974,0.10080976979628418,0.10046028128349711,0.10370789747701202,0.08697755969968328,0.10409339996200924,0.10548227925709419,0.1034829538233103,0.10354233647170275,0.09600379617324077,0.10102020100197075,0.09843071772052829,0.10094783954608715,0.10014967407705135,0.10055422896435734,0.10110672515866513,0.0962483611562668,0.09762487471760097,0.10099118998563257,0.10196913647721502,0.0966612610240876,0.10008959671224409,0.09966737259867829,0.10250920021013893,0.09925076780257118
472,3,0,0.07945034636405407,0.07699877584305233,0.07796207467204047,0.07764709296779364,0.07932148173331013,0.09432468918723126,0.08291844761322877,0.07867647753685686,0.07565173389765596,0.08152525759402075,0.07888135196761473,0.0785414570495123,0.08062492985716842,0.07762551956971901,0.07716495289532053,0.07662946755463863,0.07852142841750927,0.0842655864658841,0.07658226008691936,0.0786588348890408,0.08263901667965427,0.07776590247210913,0.07574467763731965,0.08115000725296599,0.07708145970576864,0.08173140868736543
473,1,1,0.8798899809495481,0.8962593807461913,0.8864730019662935,0.8889385315860475,0.8922829805755272,0.8783503194350754,0.8847105434294592,0.8959890196021312,0.8927648213629981,0.8985460644393451,0.8644726783587696,0.8592290045967719,0.8729167770294413,0.8980431791909315,0.9004447390874017,0.8843013608787215,0.9006374864272294,0.8927119539353311,0.8936828710597586,0.910789091587215,0.9067680525471689,0.8980151941167615,0.887100011919577,0.9173185126229814,0.9056458618645112,0.9055034661454918
474,0,1,0.9137896273286147,0.924402355943053,0.9278633239099592,0.931313428284556,0.9184004837949922,0.9243616679521495,0.9294535214203988,0.91889765435463,0.9201882224316642,0.9128791478110537,0.9233293203439487,0.9307730956863199,0.9373085205722854,0.9188698346599065,0.9312733345495148,0.9281032771366361,0.9283099032867348,0.9146663382335604,0.9216211451506388,0.9231144930516665,0.9265087351121696,0.9282573836984166,0.9242573288083972,0.9269645744951093,0.9281707857883875,0.9263133278417531
475,1,0,0.6465893668857051,0.6282731499498059,0.6392710837054668,0.6438061123570739,0.6461447556787464,0.6510634681150094,0.6498767068075879,0.639555230840425,0.6315333678198654,0.6499220239676374,0.6716920207189297,0.6649981431153029,0.6690765158012554,0.6278403468540427,0.6275542454916335,0.6460686099844247,0.6280721279515035,0.6270872302143852,0.6615608343277415,0.6329712507407838,0.6407908338855607,0.644931643263838,0.6461396545210021,0.6341645843700198,0.6402091038840222,0.6346898951999864
476,2,0,0.2387639343472129,0.23216244022808,0.2455844356549796,0.2243287756075024,0.3041803296644352,0.20831499498372522,0.3119979448956532,0.22795145487503832,0.23380775869839118,0.24903863346563082,0.20753308828125286,0.2208263275381486,0.2067546281911898,0.23444406938188536,0.2330989545059177,0.23097639454070276,0.21856447684141714,0.24370990527929373,0.2530384615017814,0.23104531995784247,0.23483493022844595,0.21570203065107255,0.2286611482636769,0.2331595379264256,0.22111957501015492,0.23371495187092162
477,3,0,0.10539481209848718,0.10865561432523978,0.11422583966962951,0.1087103627712564,0.11116886440350904,0.10034276814204995,0.10795858818507599,0.10989928663704081,0.11022352772371465,0.10785436708192064,0.11741466185874176,0.10486960157641319,0.10401687635446898,0.1070137073374776,0.10480284085837999,0.12064118615382614,0.10828801322353955,0.09894213678307211,0.10645482525908062,0.09967268995719124,0.10222682080903171,0.10704958682882004,0.09767093562047602,0.10875550816303446,0.11431836527479144,0.10599329613884519
478,0,0,0.11015476098892786,0.10488559735386037,0.10441939464411931,0.10717247901989845,0.10597378231498362,0.10238411913801952,0.10785842116021734,0.10301839042935386,0.10284036919478673,0.10845384783561812,0.1066481420733096,0.10432679788978584,0.0961231716738395,0.10635043542442535,0.10693098862509516,0.1021547111340552,0.10566838010608794,0.10784227376540341,0.1068262169461048,0.1155905937591953,0.10820051027297233,0.11408996358526692,0.1113344946768799,0.1161179193046553,0.1146776477978111,0.11245452305606703
479,3,0,0.08804954405408257,0.08523208312719295,0.09045545805622479,0.08821584208359322,0.08948046309117642,0.0914576525641334,0.08985997329903955,0.08806298908048514,0.08922945112564211,0.08772620535041803,0.08506766908488032,0.08524865149013633,0.08476865366748475,0.08368355482054617,0.084312041377343,0.0895767693743732,0.08849125312079054,0.08647351665368531,0.08530120140011405,0.08748747206956038,0.09082356488876153,0.09090999996900934,0.08908276159216144,0.08824241409458806,0.08804603987132893,0.0847970214496408
480,2,1,0.7540225997671937,0.7504188847891614,0.7573919898250029,0.764780255540523,0.7625147818231279,0.7686428217791331,0.7659651626335515,0.7547135260883703,0.7562257583729662,0.7573742625845116,0.7818969244355048,0.7793355427801134,0.7736308476924799,0.7487702648900485,0.7517706371613722,0.7601167120843636,0.7709859031244973,0.7528824534536858,0.744695816005397,0.7477564228558758,0.7685217338219363,0.7640114958612391,0.7662682150192225,0.8031747685151868,0.7674090359175386,0.7978425094611051
481,1,0,0.035555711295059945,0.035121573058695336,0.03561872099015976,0.03332843836802624,0.03353743225569542,0.03623981911311259,0.03626996593868833,0.03383907888030304,0.0329764222017403,0.033320636181622766,0.033507194986024884,0.03474409206277361,0.03046995934582035,0.03536812321917271,0.035248300670254876,0.03638846882731551,0.03343834544684166,0.0365678163860032,0.034640846214218556,0.0381588187289485,0.03390956735528037,0.034930821471653425,0.03542687978023082,0.030999630570585218,0.03190187165138845,0.02845035081186433
482,2,0,0.07983146847824309,0.07788060722270775,0.0785256879842239,0.07960855991188841,0.08019135935525172,0.11300128453702851,0.08319668523785322,0.08671513291576131,0.08227572984968744,0.0831881054953177,0.07688178528879498,0.08602399356707192,0.08053749774672277,0.07873889776663857,0.07895062244454813,0.07770848397448561,0.08150788751940258,0.0854020997066836,0.07831243764363242,0.079270430798413,0.07311808354513998,0.08061894832287207,0.08039254021616367,0.08315209446496795,0.08505852300038719,0.08332745174433366
483,1,0,0.08398606866074691,0.084568812169232,0.08450453861289198,0.08307248101632272,0.08485758871590705,0.08520682899237031,0.08420588077214279,0.08255051143813184,0.08257415129808102,0.08289809140215644,0.08267389515553546,0.08142165138103703,0.0816724873011469,0.08299975273989378,0.0829185491202208,0.08118279893427129,0.08134021617109487,0.08292446719164842,0.07970198873794972,0.08666894709964669,0.0823921519310645,0.08470844064109688,0.08983002355851455,0.08535237580042117,0.08799783619751761,0.09060709216131009
484,0,1,0.2801186032716378,0.28147083379217647,0.2878758769286404,0.2871761409396422,0.291785337512337,0.2826811878614928,0.2715632047847415,0.2729271320404703,0.2918160003019683,0.26529848001649664,0.2909228643997374,0.28163589146163653,0.29667779891050694,0.2807054817390567,0.27578883485321054,0.2659558176086397,0.2881809012398413,0.2962891508323593,0.27415699902462665,0.248296799248805,0.28429062322789056,0.2403169748492117,0.2695675910039726,0.2634832258545524,0.285161012062841,0.27879247949350155
485,4,1,0.4988635796971704,0.4887857180672106,0.5040628493145466,0.5161176878902131,0.5353655497607196,0.43291488629954955,0.5267420984087333,0.5179239553827787,0.49365482139384237,0.4959503190221359,0.5284301650476132,0.5363014434349473,0.518106658920381,0.48277994067860575,0.4800252921383163,0.4960517415047548,0.5004895629638088,0.4847935589613687,0.47741591487202295,0.5059473626676542,0.49996657640328074,0.42885942163518687,0.5037372813319704,0.5093417363511423,0.5010411777115499,0.4881133212255218
486,4,0,0.04728099538558944,0.052990248008671546,0.04644300981347596,0.043756096478175105,0.04543585061355251,0.050062921849224916,0.051801797796903304,0.04583479229273987,0.051469198220460054,0.04817095057387446,0.05567739494086745,0.05093484310009142,0.05787449331893021,0.05158747657305731,0.04698004900094612,0.048683090451902784,0.05049723256810287,0.05120743958965068,0.052546491894773034,0.04920397397105653,0.05275012700675722,0.05010449979803846,0.04908970204584017,0.0373346950999131,0.044467705305905936,0.0352400236793668
487,4,1,0.9498212318662521,0.9508038835512318,0.9506190649882167,0.9511052682341016,0.955374490856799,0.9496009713015968,0.9592963480058422,0.9508380333553991,0.951817822566488,0.9486970727217202,0.9473682933674038,0.9463887687258232,0.9506680185686819,0.950931911027005,0.9549083355285535,0.9510542630238766,0.9522776699848793,0.9506954379754062,0.9476358818861353,0.9516415411186546,0.9487383538870748,0.9494827665968896,0.9552255361767065,0.951723265742639,0.9522933034637425,0.9520677872879788
488,1,0,0.3595357817390688,0.3626088937919592,0.36720677585329925,0.3612144474791039,0.37125089632736713,0.32981913994223017,0.3782781239608999,0.36790831182018313,0.3642808707932874,0.35719794226640955,0.36430970201291474,0.3561949860258847,0.3608307230385399,0.3620124673762597,0.3623432508637776,0.3703673032392834,0.3634049175394252,0.3376590107869933,0.37774990869641684,0.35515186234444435,0.3530268057082242,0.35838741551765435,0.3638954402638419,0.36573717834297126,0.35723924730400974,0.3415902994607327
489,3,0,0.12488438809377371,0.12211238876112777,0.12392109519875272,0.12285168840413803,0.12365223885775882,0.11305880163778619,0.12087387137131506,0.12498649900527613,0.12195229158023631,0.12636928150615498,0.11816983117236347,0.1183795001721382,0.11667424233214278,0.12173356740088231,0.12275930154002479,0.1252717000455266,0.11953241506405556,0.12743306973172308,0.1215572739724552,0.12367337161081698,0.1285397960211456,0.1269459258455893,0.11897642462092578,0.1275186134440068,0.1203489913250234,0.12796909884257116
490,1,1,0.8164174421420208,0.8283516019516481,0.8052127947898242,0.8185318186393906,0.8047656806553016,0.8040641266233225,0.8214484737383959,0.8260608173784528,0.8212514140277655,0.8300115762501638,0.8638931735826989,0.8704383869438038,0.8499415904207425,0.8183809225548057,0.8297447054198389,0.8068908585297544,0.8288551457764807,0.8347383878464241,0.8165147188599402,0.8360444843651793,0.813440280904412,0.8286653004555168,0.8381729351526666,0.8462896551815008,0.843524961604607,0.8429549823072152
491,3,0,0.1025349351648499,0.09379276582530731,0.09482685628562904,0.1013975714026553,0.10293176821731485,0.1088669269612254,0.08851941109508095,0.0926862635944879,0.09371412503989325,0.09301381448151401,0.09869626341673393,0.09854435978230948,0.08951090633800239,0.09341041325336176,0.09589822877787202,0.09651873849274488,0.08980306134653974,0.08887455632484091,0.08920539434172496,0.09958059185464185,0.09713435521293168,0.0941075959457325,0.09087037285774724,0.09239276447473455,0.09980243811215288,0.0865903847938263
492,1,0,0.10630838223743444,0.107143044316868,0.10592184661707917,0.1033063427367098,0.1032871577746927,0.09853977049712659,0.10976014613947577,0.11267290854199428,0.10904103812932242,0.11069317935019907,0.0998529041979218,0.10462552994249856,0.1029794649015656,0.10987688078361428,0.10772487072847253,0.10954309577665033,0.10862221464927112,0.10594700661010176,0.0998258553020605,0.10877267342503816,0.10560100790815725,0.10291111599599888,0.10384329537861427,0.10759791351803773,0.10577519984677321,0.1041700326959033
493,3,0,0.25009016917882493,0.26293295306714115,0.2563533884101687,0.2668777304038395,0.30212692309753153,0.20391270863218872,0.31863993500297855,0.2571478361235122,0.2672716558466821,0.24756718305834047,0.27709362218638295,0.26220458073203456,0.28175658566992445,0.27051031712038087,0.2690760213234353,0.2502868707016452,0.2480173166320813,0.2586434569040353,0.27260824739940676,0.27525972905499135,0.2611618927755321,0.27001513991982234,0.266202037532042,0.26285741945082947,0.2622147027414221,0.2674325111616041
494,0,0,0.12662989610067607,0.1289435155157527,0.135962121818717,0.12718619602016248,0.1325443167094494,0.13565421204175554,0.1287119805508424,0.13429159186255124,0.1339931421494517,0.13124974443450013,0.1479795979371947,0.13435080320350534,0.13839082979894615,0.12964266890061046,0.1262939939657919,0.1409178221383869,0.12826535200116643,0.13305893651753012,0.1260802419031796,0.11975799717177459,0.12868661403568274,0.12826025535917826,0.13438155062109192,0.12891794006925025,0.12884538741206059,0.13547261706239913
495,1,0,0.10971945757691355,0.11032385456165698,0.10855116422905765,0.10777861568502062,0.10989336107946494,0.10897122240233258,0.11117599318429335,0.0961674780267735,0.09764108699003375,0.09929244230301355,0.10653097538435052,0.1101267069718051,0.1049665526039118,0.11244358774328507,0.10842885288975651,0.10876919465794477,0.10880908134988744,0.1035743330894292,0.10507014000830765,0.11197509456526282,0.11449250960003621,0.10427398042115006,0.11488134881905948,0.11275815427129939,0.10913635948732402,0.10743401624023391
496,2,0,0.06589613734874626,0.06611292825889524,0.06721028169666503,0.06543865312722395,0.0645169130442477,0.0656562587427627,0.06302401326409984,0.0678581224011105,0.0688914968286345,0.07144884943345707,0.06807330744315625,0.06470101509181109,0.05087649296634122,0.06367767108048795,0.0658789580684253,0.06342897994776019,0.06513088182653698,0.06734352593348249,0.0702708117077573,0.06490489593060045,0.06605699318954313,0.06831446776939637,0.06620800129939997,0.05882223138948481,0.07807960549265769,0.06679261910154137
497,3,1,0.8878555095283492,0.8936646127706681,0.8868317388713608,0.8822523838950116,0.8707171497970282,0.8930848011293969,0.8735597896403459,0.9014654757372408,0.8930384113766742,0.8825172145618895,0.8869768725657577,0.8917520015989591,0.8894217323950118,0.8928360029231328,0.8942476898859931,0.8863993960181408,0.9000133964725147,0.9006700334929465,0.8858589125151909,0.8912970343261898,0.8911147156000165,0.8877908751186202,0.8874987313053274,0.8763495056560145,0.8956958942524057,0.8758702614729191
498,4,0,0.10065626230728786,0.1009628560567523,0.10281954529039573,0.102239635220319,0.10419083835887805,0.1014457632603216,0.10170727676841158,0.10401420665731102,0.10105712834468528,0.10087689877749913,0.09398708142671604,0.1051210274012918,0.0999332639635888,0.09851929647223852,0.09648485131552391,0.09887695216291675,0.09891257550617592,0.10251777928868018,0.10057297544243697,0.10750995245027994,0.09969005062739801,0.10563934570766513,0.10080116468491244,0.10034255144573175,0.10072050651091853,0.10293093310122713
499,0,0,0.8993641568527906,0.9133443274409649,0.9145728284317066,0.9109707414235024,0.9028096101213049,0.9086623582855488,0.904066908954642,0.8986818519343309,0.9038118075772544,0.8992908580799538,0.8856853195539091,0.8860856792159651,0.8881667880913956,0.9144962133034623,0.9132070777131345,0.9136885299152215,0.8994152404601076,0.9086017528099966,0.9019716746489267,0.9240710855041149,0.9012570274296164,0.9050725606619417,0.9095458818057872,0.8769968019197063,0.9038889509294785,0.8924212326451334
500,4,0,0.10205369648480733,0.10025911944532173,0.09895520282934506,0.10064626441553008,0.10082021108462401,0.10102758143541557,0.10151957412200159,0.09839836619070907,0.09597173346681125,0.09858096282711927,0.10049388775542928,0.08313315707887181,0.09452522458951233,0.10030722735811308,0.10050846854539398,0.0994684841701084,0.10102908170194329,0.09835016108145933,0.09865603664405069,0.10483617968884229,0.10289632303195227,0.10004393723417537,0.10339521784832463,0.10220599125845521,0.10485799159552454,0.10070203999141379
501,2,0,0.08834380290732856,0.0935876431421941,0.09172277879281832,0.0954979047466261,0.09432334627433193,0.08418348174309652,0.09270075454205125,0.08703747219819753,0.08620944303472163,0.08461573887514773,0.09222530243136025,0.07766311339597642,0.07664697424366654,0.09219466908675533,0.10559385085032018,0.09275567334313127,0.09604529303784941,0.08724021967775808,0.08932604062448683,0.09405552750426303,0.09436993001799943,0.09638840298154099,0.09631906066813496,0.09675471161767941,0.0980430273272455,0.09215445446790654
502,3,0,0.6742708180712479,0.6830110889046801,0.6734148304785713,0.6799624901370565,0.6763149158850772,0.6301474668887616,0.6764531093892624,0.6625681668576633,0.6834253913147236,0.6859492590765227,0.676677304887642,0.6612199027147084,0.6842185181050872,0.6832489266872388,0.6852750630957322,0.6763466332456264,0.6805051249687075,0.6702515683645663,0.6822035435607209,0.669732673757531,0.6747826489313068,0.666599096047624,0.6786493817780895,0.6630036163840883,0.6796450223736957,0.6619663339013072
503,1,0,0.7225698583051622,0.722965379222269,0.7187959992033001,0.7187082804872524,0.7095333644571133,0.7291788699835022,0.7091768464187101,0.7138901975542759,0.7208911184292545,0.7188383441515782,0.7286328786068457,0.7427506611265239,0.74162008799372,0.7201472264437943,0.7199024007044327,0.7137267947538689,0.7201519111586495,0.7163673252577357,0.719081006929977,0.719658981413834,0.7174003404301077,0.7173609634962904,0.7439117754188596,0.7106949903822821,0.7155986428634096,0.7158932488607274
504,1,0,0.6006853501536888,0.6067386137526308,0.6113893346273161,0.6075848933336213,0.6020759659981918,0.6044541837403022,0.6131523880345834,0.6018782915858468,0.6072198298912175,0.6237427401035248,0.6399421711457944,0.634412863132774,0.6319889284676761,0.6064869017283939,0.6059627888836198,0.6222259719503905,0.6106865299725576,0.59580628333837,0.6363617530106361,0.5949349119866517,0.5949188741947489,0.6278418555604889,0.6221713772807682,0.5998075055076342,0.6152463124020612,0.591776064553617
505,3,1,0.9723423095615705,0.9700072126254257,0.9714981919034873,0.971668852720133,0.9698828806710278,0.9691971146537758,0.9716871825747618,0.9727409629147252,0.9707802120967579,0.9709790437575659,0.972061108359639,0.9752060233000989,0.9718676565298333,0.9692329544517996,0.9696370290460307,0.971328703165975,0.9733871557179109,0.9735307805974988,0.9728654454366481,0.9725735228261234,0.9705797179047901,0.9723669048846689,0.9724389919147868,0.9673720978594282,0.9705904602635081,0.9689267224232427
506,1,0,0.43935019091464333,0.4345826468050756,0.4483821092679425,0.431310197699698,0.44640438663454624,0.5471899500944813,0.4778904597417563,0.42325170005957036,0.42266391323164143,0.406721758498983,0.4511987102302876,0.46620475970704667,0.48003416582328295,0.4287584705474697,0.3992557388555083,0.4358616520444334,0.412264279772927,0.3894189058476103,0.44790894565996603,0.462961960591114,0.44563129095895376,0.43533287358411893,0.43393900790774914,0.4306177352873917,0.42450695964357293,0.4362991648128063
507,4,1,0.8933718296958842,0.8993583307358607,0.8925667835418372,0.8875419359795903,0.8897104030414164,0.8825605973708731,0.8901118410205958,0.8908616173863809,0.8929432847532234,0.8963860410506267,0.9065207084208439,0.903101769538628,0.8962670126341726,0.8989262896659871,0.9004535613578296,0.8921828254388906,0.8922675822868736,0.885893990995975,0.8837096935764723,0.904770683560088,0.8930437221458464,0.8904833654460808,0.8877436876657222,0.8988550749226655,0.8974114212838954,0.9075892581917473
508,0,1,0.31625020290846545,0.30577137325831893,0.3015885890096743,0.2904438034019996,0.2908728975333897,0.3985308252546573,0.27947231291217184,0.31268741217259083,0.3209733371383547,0.30174344667854464,0.3130492114859887,0.3318420037327241,0.284214176279916,0.30255050352673196,0.3176570197829111,0.3078558729336732,0.3129305948924276,0.31094904116253624,0.3280517447689771,0.30882611312555747,0.3067201232837047,0.31006464775705694,0.31656096327848193,0.31273682787001084,0.31191589218522164,0.3000409899279135
509,2,0,0.11782242933687405,0.11425792638891707,0.11787397581649743,0.11675216171697715,0.11481823097731393,0.11339773698719824,0.1149643001241966,0.0958811472135942,0.11035914644226003,0.10718092411190107,0.10366909227507444,0.09720824674997564,0.09335457239638813,0.11587049686750665,0.11523296989276666,0.11640208344266667,0.11675943038111009,0.12917503787347553,0.13509481369731538,0.11489546067246831,0.11804851104657377,0.11485151814018035,0.11839242156121584,0.11101472831173816,0.11690090048694912,0.11595716569236103
510,3,1,0.31865018716026433,0.3151601098917711,0.32154609776916654,0.317185280962077,0.3066335665995275,0.3063744280993208,0.296322111270181,0.3180354937839683,0.3258044269903188,0.3248167843571142,0.42737761369096683,0.3374316573799949,0.3752757587382532,0.31622089368373385,0.31464476796612595,0.31658068402214856,0.33042942969230077,0.31112114221808723,0.3864052683931032,0.32609777403438533,0.3130194210530391,0.3221782304169716,0.33550623005367514,0.3324618611677688,0.3160475850250119,0.33532020929580897
511,2,1,0.10390038638468997,0.10686687327220695,0.10615260012793039,0.1029464023317727,0.10579892867466262,0.10487449159999311,0.10379627180784663,0.09147558772796972,0.0915754088267524,0.0941059273077492,0.101898280100429,0.08649569516422911,0.08812825543159734,0.10610147189150769,0.10271501686613116,0.10647486336515795,0.10366090296224623,0.1050409344687074,0.10312867196766112,0.10495909084005589,0.11064081405227015,0.10196671546581382,0.10602700856798364,0.10249647405176991,0.1077832488389674,0.10292024608392279
512,4,0,0.1256500869565452,0.12971768803073674,0.12527832171626344,0.12596987780619331,0.12898242151832826,0.12229079680242848,0.1250117493931002,0.12206338972973473,0.12171715434228801,0.12350061294723401,0.11994434203560549,0.13345712042312566,0.12280662323832153,0.12857245795153407,0.12230394545656391,0.1260011569265901,0.12430049137408745,0.12734652322944418,0.12236368963303841,0.13094617849152765,0.1305277536573746,0.12520534972880284,0.12982030997262725,0.11699831662859013,0.13216786055057908,0.12177026873475551
513,4,1,0.6743573208999821,0.6648611460633468,0.6695268936419247,0.6587846227665367,0.6684827556079238,0.5422547459377193,0.6850780027296187,0.6849854068887357,0.677216718917938,0.6553712425395081,0.674695934576501,0.6595204532966604,0.6547315002186953,0.6619307405813512,0.6696221179476513,0.6790298937903625,0.6787696408571575,0.6924549462854576,0.7022570170081042,0.6529997529110663,0.667964884584781,0.6826535747089686,0.6553039923920118,0.6600407359697913,0.6532785887081162,0.6492705843431991
514,1,1,0.9073917915427283,0.9107983318631282,0.8982906202319544,0.9035681256719066,0.9034948597663752,0.9235295590572807,0.8938608620609569,0.9091553801567902,0.8968120545419825,0.9055080757188767,0.8921795665580762,0.8908761255282389,0.8790173901694035,0.9113791139339896,0.918268904275784,0.9071626445914736,0.9087115276676005,0.9133606794003392,0.8908276980095037,0.9112121905787832,0.8984867964680099,0.9100424268718124,0.9122004577269762,0.9017154890394222,0.9098248864739557,0.8991751974189576
515,3,0,0.08829330259304125,0.08559119223801952,0.09029341243527171,0.089188410988892,0.09006025759608975,0.08522667788954218,0.09034312875456248,0.08921702424442886,0.08963618146930936,0.08891108573658167,0.08639239362001737,0.09118697385151946,0.08510055833134571,0.08479040147107574,0.08431991425602554,0.09010443091047805,0.09068947130456269,0.09121047569039403,0.08541204566913423,0.08829573164265725,0.08981441909565241,0.09062847794516048,0.08947939786973243,0.08814795123855997,0.08802362270037793,0.08485588022200515
516,3,0,0.313350649409251,0.30384344204751906,0.30866648747229214,0.29428533419755554,0.36391744591085545,0.4007311531698032,0.37693085863000003,0.30325680707676267,0.2927899542887113,0.29971692717031795,0.29532622776885503,0.29448882767950096,0.300472521423044,0.31036810246427265,0.3077782903682738,0.3129009767572858,0.30868880145988004,0.2833418751052406,0.31326441466833127,0.3085862888637619,0.3011937173194721,0.3336988704990169,0.30599804781686424,0.30287543984206705,0.30388855375886004,0.30103789000011827
517,4,1,0.8481723505181439,0.8454135285599049,0.8577942837032396,0.8535736417188149,0.8581750582999774,0.8376359363630085,0.8513485797104131,0.844747451277537,0.8457766537505916,0.8400526756573402,0.8555279590251339,0.8510554637503436,0.8571310049516452,0.8482114658675606,0.8506141258634378,0.8523367863092982,0.851322886963087,0.8487926477962505,0.8567952482394793,0.8629478070231372,0.8487144633393755,0.8490997643330953,0.8504172108132595,0.8387981411980228,0.8400225791836019,0.8368730782912336
518,4,0,0.15448856498271143,0.1586681222811533,0.15450796200915817,0.15093113240248315,0.14769170125662276,0.1651413738844022,0.15916657243159307,0.15450086042341926,0.15281849367292344,0.1455554054222524,0.14983132821412057,0.13193966827375117,0.14303119926430774,0.15635778391527183,0.15081252613811788,0.1571023371407519,0.15533045876144794,0.16737676128381374,0.17609127644428868,0.15503529312610734,0.15727176770911164,0.152722099866174,0.14847775087276255,0.1799115994722865,0.1360281245223712,0.16797327494020356
519,0,1,0.8530828596837705,0.8541925429114533,0.8524456815559144,0.8590910088368461,0.8624113506865329,0.86160820273702,0.8527649369987058,0.8536060251412732,0.8513313711597944,0.8553473398892685,0.8424226623942018,0.8217336509101417,0.8365492582688375,0.8518727545629295,0.862744548486977,0.854001073604899,0.8477827047779432,0.8512003750648547,0.8657350141607795,0.8658957146373707,0.8511640843680812,0.8655836799593181,0.8561238234875157,0.863877215006427,0.8610859274350822,0.854500303723572
520,4,0,0.12043751301612786,0.12263012602213946,0.11876086376976984,0.12060689695225525,0.11743919324076292,0.11514544710471845,0.1181671531036572,0.12177694986089921,0.12184251302268341,0.12050148516409603,0.11643329461966785,0.12096053185377048,0.11804973953897031,0.12237974406889503,0.12026643961647882,0.12101897840747966,0.12185794612048313,0.12242596847181476,0.11677227626391384,0.11732531053893813,0.12378118631467454,0.12026029430038897,0.12260164913212668,0.11914316442393026,0.11979174975203832,0.11790294259045442
521,4,1,0.9429457281149883,0.9398662721000156,0.943318451907143,0.94338312378938,0.9449790563252566,0.9374603310074514,0.9451613726230607,0.940431111408838,0.943174245792799,0.9439083440220214,0.9297864487078927,0.9440328726903199,0.9422601613237274,0.9410875976847044,0.9431357261680553,0.9402729459928197,0.9420435703130154,0.9428216330721689,0.9445401511112616,0.942784907580411,0.9436446758150702,0.9431515520723996,0.9433541380828386,0.9453813831781593,0.9466576824992838,0.9396799824363317
522,2,0,0.09654711427246927,0.09740163523366525,0.09502805866211776,0.09717712793775002,0.09958297808432609,0.0874622136206074,0.09631578838716698,0.09985746855835308,0.09954805500885829,0.09923985770867301,0.0923091681430998,0.09769581253037324,0.09843810345110844,0.09563649829467179,0.09281268438190422,0.09566648928729433,0.09720163803715327,0.09352011623125404,0.09441469667662183,0.09839154325116023,0.09886374531913267,0.09654257831361958,0.09777039651518628,0.09574035677597904,0.0972051770985874,0.09683917809040804
523,1,0,0.12279722850250814,0.12181580646352452,0.12241032898143367,0.12155169583886823,0.12286659316280601,0.10917638114267582,0.12192146952976884,0.12704482400225622,0.12644731569836962,0.1280431917390521,0.11217113206482969,0.11759693069378237,0.11504298976125456,0.12450279996917203,0.12415673927607111,0.12249981992510905,0.12246424754764734,0.12263822617219307,0.1221801040477261,0.1261695160172466,0.1254612644663147,0.1242391057635895,0.12109865369625607,0.12123491339622626,0.1253228404448933,0.1253425661451638
524,0,1,0.9701939200214209,0.9711095093129933,0.9723365551810743,0.9692156070876755,0.9674559438048208,0.9730342171520682,0.9726227555665982,0.9696670160754136,0.9704492032914228,0.9701316033752589,0.9708345261512733,0.9746075182310787,0.9733520938381955,0.9705020332711417,0.9726128069623093,0.971323667585514,0.9728758978377178,0.9698639577549794,0.9714255206861425,0.9697413302712959,0.9703541037646918,0.9723290691917356,0.9687315404853766,0.9703680608610029,0.9708062814398702,0.9708305326125793
525,3,0,0.09811433894069281,0.09829243021891386,0.09807061275402824,0.09715038043705132,0.09840447342026715,0.09249807311722787,0.09868466599671126,0.09786338431910184,0.09754832250974134,0.09846357035278767,0.09284855385444167,0.09683556081074962,0.09482153315653385,0.09804201802232536,0.09832394531441026,0.09926138723026721,0.09964323621723133,0.0982173793823699,0.0990154643111738,0.09790754075473647,0.0984091406891856,0.09571583357538493,0.10096221883685204,0.09690410057347078,0.09942948907579736,0.09539746082286615
526,2,0,0.06150015002075871,0.06251703726576505,0.06125797221165661,0.06129759141914818,0.06231096647831647,0.05774463143283822,0.06106643163359807,0.06563222853446146,0.06451276162682257,0.06953256774955296,0.06262441523977659,0.06496092361435492,0.06449951636236055,0.06170064225888594,0.061168827624649404,0.06134746586149792,0.06113967528189237,0.06718496048436418,0.05972864624733606,0.06328197870671472,0.06665393329688192,0.059505720601859845,0.06366394356358947,0.060890781968580464,0.06057793100498776,0.06649777382624285
527,4,1,0.5451545610258943,0.5781271949525632,0.5594202843577215,0.5594505398233056,0.5735099351035567,0.5779750096251474,0.5728903548115575,0.5971688191168859,0.5843673637491046,0.5543562467498263,0.5920677238692224,0.5975764333482363,0.5850637807240197,0.5758171275701872,0.5771842402399687,0.5932764399058676,0.5999076388618758,0.5501996659278524,0.5824547757703163,0.6494465566359588,0.6140508301318287,0.5934411007103273,0.5555730286383097,0.5602487838869125,0.5732434306809225,0.5509916831127111
528,4,0,0.3461061170896153,0.3502052548049079,0.3547802251994428,0.3529639704281529,0.3773545164310505,0.33119702144482166,0.37088783060143,0.3682341252790693,0.34141556041098436,0.3309361096506493,0.3278878732229389,0.32273307372325544,0.33658012413158495,0.3459552987850585,0.3428913442974619,0.3366114559419367,0.34339413629484067,0.36989451966567394,0.3236838499557512,0.35054103670456443,0.37008628610235744,0.33946533555996794,0.3357733922334702,0.3845149452035601,0.35021427833002283,0.37728645903910324
529,1,0,0.08554067540600559,0.08485333707988119,0.08513561806961294,0.08479593368990669,0.08653800519134075,0.08102926653602753,0.08532146155720721,0.0890008476915299,0.08942615483005778,0.0870735687864767,0.08463049711846905,0.0879561442901529,0.08458555582380561,0.0845528000904681,0.08297750119792412,0.08350784798259071,0.08769167876268787,0.08949247507632262,0.08589137526766837,0.08639386348649132,0.08279693257382172,0.08777323322961095,0.09037784625396476,0.0866008324149677,0.08855107548494649,0.08842851799386693
530,1,0,0.09221518997401464,0.09470334837500571,0.0962765865533129,0.0933888359570711,0.09556913883174327,0.1015607679131972,0.10269807872908183,0.08999066924975889,0.09398765617965892,0.09336628967322491,0.09829501141571857,0.113229745171825,0.10714863191064604,0.09939264926925133,0.08933959258384772,0.1016072641300831,0.09128170175944494,0.09412111082018104,0.09574572038823163,0.09044869536725227,0.0888251081439478,0.09892228742664134,0.098338405317253,0.09011904767128087,0.09766614736607455,0.10118737566383129
531,3,1,0.9602245065392673,0.9594438607604608,0.9602140828464494,0.9606961449412194,0.9592677432866128,0.9586310309342455,0.9592829126523705,0.9624121767029138,0.9604195906406253,0.9611973311515412,0.9650482438043745,0.9625922655561544,0.9584935581357028,0.9604465414261204,0.959796923889703,0.960822452079542,0.9608971427550032,0.9630490028691366,0.9627908208689577,0.9619978559552756,0.9627441180557049,0.9622787190910035,0.9622010329031268,0.9653135398711986,0.9613948874341883,0.9631914824010073
532,4,0,0.11513979488448085,0.1156142922361323,0.11268873489287685,0.11384274828643272,0.11161365606039823,0.10577636472203981,0.11215733106337904,0.11200257175789509,0.11386694726408565,0.11353595609505258,0.10927305405754643,0.10879252297096627,0.11191601023470293,0.11615623627026632,0.11512558462386106,0.11272532996052398,0.11122384880793658,0.11312607972357304,0.11233947904505737,0.11708945195780879,0.10974456335400923,0.11460316440268753,0.11184012692210939,0.10863933643707953,0.11122778022899715,0.11276934240837973
533,2,0,0.1083579905341124,0.10607021218581736,0.1082059591657372,0.10604751691279746,0.10548390420429181,0.09735045969551766,0.10899586114950038,0.08989730053099786,0.09595952142066949,0.09884819529609824,0.10013808830791666,0.07960642284717165,0.08117893786795673,0.10933502900984737,0.14228388604279033,0.1090544796750725,0.1093125643600429,0.10836781025444231,0.10425539835110549,0.11657037847439818,0.10689649986526965,0.10085877536798671,0.11266669367440295,0.10098352665895254,0.10763322116079625,0.10303386650029726
534,4,1,0.8214237784478587,0.8152911257487672,0.8164898869204461,0.808048230747198,0.8093973891201202,0.8354667704916036,0.8074774184997064,0.8101721178424816,0.8155508286340033,0.8213102988106545,0.826713146105325,0.8284500800255552,0.8270283691129664,0.8148293593960353,0.8180232954144877,0.8147161747632534,0.8130085636106098,0.8100607715447156,0.7998592959576739,0.7787153844218567,0.7821459528566655,0.8105080069388291,0.8066911204892353,0.8174088524885817,0.8258902904135604,0.8356943323622202
535,3,0,0.6126914003513896,0.5952906704065114,0.613681506767154,0.606457785078557,0.6063040407675486,0.5940799004985579,0.613193402126272,0.6177544924183587,0.6062823574089052,0.6254513332828646,0.6163920587183683,0.6333740048407054,0.6057667862285512,0.5970161134520056,0.6023043696346181,0.6062515147155265,0.5939672471949083,0.6027612321188301,0.6113919760113519,0.6126371695012971,0.5824848159307657,0.6220418041311966,0.5926430679234035,0.6120315263345648,0.6015103892120569,0.6114198119659385
536,0,1,0.9040196044041454,0.9113124310767476,0.9033331929498667,0.9030709656642864,0.908469287201766,0.8959306077707619,0.9009658279751811,0.9006809888602357,0.9011935119427658,0.9090683861743797,0.8889367960088207,0.8902141400667078,0.8919878420879385,0.9065792655754646,0.9049198401802019,0.9110936233822629,0.8969554917422938,0.9003045893081886,0.8939286129457716,0.9042463571086601,0.9255374053416704,0.8927869220108097,0.901437392057799,0.8958674860925311,0.8980711644140303,0.8974937333099322
537,4,0,0.6489712460907334,0.6207056647090293,0.6361812049990903,0.6520191440765584,0.6580994818623723,0.7130917256181588,0.6667413942987821,0.6391112688804529,0.6220423360804387,0.6429145571916167,0.6116622290802471,0.6120184739244768,0.6098413088282656,0.6242806117591274,0.59938882838352,0.6193210243289186,0.6094377497872947,0.6165900682315244,0.6316361907444835,0.5989210627872145,0.6310770970648539,0.6298319538583655,0.6185357909515727,0.5821020494431642,0.5794970297315394,0.5930911425738968
538,3,1,0.9217237512556166,0.9220902085551018,0.9180534282383629,0.9207578660812551,0.92020580421141,0.91124535304226,0.9182086485271107,0.9279055271155796,0.9281324688565217,0.9228196146298205,0.9180086542385655,0.9278436841661849,0.928755848769726,0.9200342517793447,0.9226187064735263,0.9195078009511698,0.929742530941139,0.9317921263397334,0.9216133801727088,0.9232234321652681,0.9251840086488214,0.9237562654273157,0.9233419209926774,0.9212848935917322,0.9239013043221117,0.9242551414558166
539,3,0,0.08894318729164352,0.0872809080787756,0.08776234373706082,0.09001708354354528,0.08953247830174127,0.09074321292268912,0.08372405573855084,0.08932480170687944,0.08887177084990956,0.08623769607065264,0.08606175296677188,0.08778047247178918,0.08388543530386457,0.0873668447789041,0.08806361111450496,0.08814040624556274,0.0912382477328002,0.09127545519397624,0.08785880011168168,0.08781733734430787,0.08870150051204356,0.08675585554446073,0.08518918521087131,0.08906912555005518,0.08858465332596034,0.08918257853912066
540,0,1,0.9525613997291441,0.9524506677884004,0.9524021794671776,0.9534860049848651,0.9550835267951285,0.9592866865481601,0.9538235401581382,0.9543511357158075,0.9533838970989773,0.956025576012785,0.9535447666709075,0.9572045811252372,0.9541973684349573,0.9540102785207973,0.9553526627843212,0.9514064188149264,0.9492029200016542,0.9532650556115568,0.9513237424917546,0.9641274777309846,0.9541034755790535,0.9498627975505868,0.9528646016445776,0.9509874661349058,0.9538316451348431,0.9545971549996265
541,3,1,0.9303138220625984,0.9349603427250671,0.9310986439820336,0.9309343795502402,0.9237107819800855,0.9231107081815876,0.9268067223644163,0.9364362154708132,0.935856636830109,0.9323384063085522,0.9278149297510998,0.9273359387955985,0.9361758639020396,0.9335678204601905,0.9330792115682539,0.9286703837929747,0.9328956677144719,0.9359267866324377,0.9326475183916046,0.9320007104139681,0.9303613622898067,0.9292023330390066,0.9309495877242645,0.9238070143915517,0.9289462779151426,0.929908617494958
542,3,0,0.05905783160033209,0.05496166781629968,0.0586410799262606,0.06193504368098038,0.057507301160359174,0.06588276616205818,0.06129763116132677,0.06800288396580527,0.07115005360392274,0.06128387850910114,0.04768100181322917,0.06549184625016274,0.06473583153490332,0.05611750635177626,0.05543320910857379,0.05781310481945085,0.070220554889383,0.0749624127717037,0.06764026901183055,0.07009555274094303,0.06311878154407316,0.06393034002312338,0.059410488783335554,0.04018619689574133,0.06766154494567517,0.041501386431734864
543,3,0,0.05784245586757136,0.053690075609575776,0.05833739454195653,0.06097347532395835,0.05652193794267787,0.06824521647652652,0.06199715412816594,0.06809581257308332,0.07046641618327582,0.06144145123569278,0.04785148846625232,0.06534490794603649,0.06596244875831601,0.05507540219802576,0.05429580668080954,0.05733876871329846,0.06926406152213942,0.07467758983888528,0.06670875615163134,0.06963063985612615,0.06231069281429424,0.06263136183337509,0.059616103697832296,0.0389081276722425,0.06737778958364132,0.039910692224568924
544,3,1,0.11189789523994421,0.11515879963245569,0.12244325835601806,0.1206030832033957,0.1267779796816656,0.11077092131159468,0.10920556761134348,0.11460371181414426,0.11984428374805468,0.1191258426964437,0.13320404439772135,0.1225517240616878,0.1061871023759202,0.1120892458456086,0.1089293327816346,0.125794631502171,0.11606047317846935,0.10540481782188456,0.12140752208536314,0.10544977780172089,0.10892711942441342,0.12049550817935228,0.10938069302026193,0.12311229447471062,0.12279763110590747,0.13075428338287207
545,2,0,0.18565782430418024,0.18544629170949103,0.1874186065344582,0.18282715716591227,0.22284660575185702,0.1445976097882167,0.20418469700586042,0.189762563853621,0.18311908434847948,0.1775139569207628,0.20897444086096503,0.20841152712907748,0.1843094216984642,0.18776098113872267,0.1657194418996372,0.18518782096764863,0.1857362049331147,0.21381671577020955,0.19109017917694673,0.17971354661856068,0.19025745021480925,0.18479745528779765,0.1790111199858002,0.20692021818566944,0.18580554590559836,0.21459562917984365
546,3,0,0.11666809380449557,0.1219879621732989,0.11721553739945938,0.12569484480072893,0.12021051664122757,0.16604891344118494,0.11480061415294777,0.12908873371127075,0.1261995712037447,0.1261851474608222,0.13888258778751558,0.1290289811326745,0.1321529866798512,0.12544412970745022,0.12314997369359452,0.12453089989646952,0.1298867567276569,0.12014796687307948,0.11645265059962888,0.12688192827606207,0.12239747999403616,0.11578050558125279,0.118796658043682,0.13023649931852835,0.13064601077026147,0.11850001600086535
547,2,1,0.927540226710129,0.9255241058712596,0.9229690260144396,0.9299494184001554,0.9293250349136489,0.9290879313042918,0.9262556529608714,0.9274118065133449,0.9287875685746014,0.9243155054283855,0.917215127261532,0.9177131674191003,0.9136290130919701,0.9248419207696038,0.9199012036036036,0.9232039639574402,0.9296592918638685,0.9286211128105223,0.9196258512522952,0.9285642887291014,0.9302374032020002,0.9100332536976558,0.9184788140089045,0.9293863891626764,0.927924738938085,0.9167085021177139
548,2,1,0.12495206553004828,0.11491588624164863,0.12071113568291549,0.12414995880906789,0.12020433106041296,0.1225575038809286,0.12021499156041533,0.12232991142150818,0.12068894655068885,0.12673336667093782,0.12209458151518916,0.12409641919254362,0.12194551187762685,0.12242168920485845,0.12112684778719744,0.12217827491988793,0.1241231985120478,0.12550986519092347,0.11609400826893772,0.11410905505450442,0.12261433146031146,0.12127365450638254,0.12078669709001215,0.12334502809860447,0.12087133040503861,0.11918116165085807
549,3,0,0.10715371423084467,0.10341873671482976,0.10291371293639699,0.10665520567916849,0.10658800738464842,0.10020857607679363,0.10675096759663684,0.0988496971540687,0.10235794914699475,0.10882041680363409,0.11502248579611818,0.10349364083179258,0.10295451536584758,0.10417882034668106,0.10459723406603151,0.10796300491914933,0.10078643915841479,0.0930148329112201,0.09775765467407653,0.11367035492125203,0.11189714152741974,0.1010535453136867,0.10100454689721572,0.12322924886401554,0.10970545200659526,0.12499638391966165
550,0,1,0.8750593491690551,0.882480808747126,0.8678365387272309,0.8811186707727342,0.8864875523953012,0.8702799173966979,0.8689183192798854,0.8603450661195454,0.8609446242084062,0.8811852992051167,0.868746452231174,0.8593648048337504,0.8269811509925832,0.8798366629730318,0.8921906536258888,0.8730813931990307,0.8553681566467043,0.8683019711588339,0.871117081710675,0.8622662653522869,0.8518081884333611,0.8657965893958495,0.8650147559163951,0.8455361356352608,0.8495316084171431,0.8572153100017834
551,0,1,0.38428171789944193,0.4034799340540393,0.36614908008899133,0.38362167371450545,0.3703321592631114,0.3929157578183035,0.38317099356925777,0.40639465274573894,0.40542737243333704,0.37681743381137117,0.37156752811567584,0.4042423551907232,0.38661818091826855,0.4068678198969355,0.5031170417495058,0.38297734046814863,0.38675644962653094,0.3876230447968263,0.413254309393714,0.4443384723059842,0.4261300476674019,0.38437015713463696,0.4266630443874282,0.4164642592632739,0.4144970145641326,0.37183878211410465
552,3,0,0.11172573242245204,0.10888721538445069,0.11623290591593409,0.1162727740607779,0.11370671476909112,0.11846342941758085,0.1076792872957885,0.11587007019667987,0.11931265526241021,0.10745005941642556,0.105307171541754,0.11100837445815503,0.10089180319600721,0.10817783056992304,0.10931537423126203,0.11500908434413264,0.11540862689164844,0.12800327194008754,0.131439908672025,0.10438099743608738,0.10206073098211894,0.11476254959968475,0.10228200230720952,0.11448237809575057,0.11544371466016486,0.11638900046931559
553,1,0,0.12750341040157556,0.12561609654354547,0.12505196742730815,0.12708775012703116,0.1281593895201084,0.11023914365172871,0.1269009120785721,0.11359709591934491,0.13192277413576595,0.13220655471086415,0.12303352226924524,0.12220861877491786,0.12002654270136702,0.123006299320982,0.1234101081181163,0.1254090808769032,0.1274083469520846,0.12598158600567042,0.13102096115994036,0.12378174068147323,0.1282394260987595,0.12795884000359306,0.12929244922074268,0.12348226264312544,0.1268746911944504,0.12514194705119716
554,3,1,0.09441860189293022,0.09769067344230664,0.09868237859927632,0.0973539414233174,0.09804736041506813,0.1224637742183254,0.09994531867776502,0.09499213114882848,0.097018743641674,0.09696078789789579,0.08898125497096049,0.09761861580585869,0.09080001404260875,0.09480532276457497,0.09676334186969134,0.09833747107630637,0.09616839285101252,0.094178773455174,0.09614541964626433,0.09631948186835575,0.09675165980712319,0.09634569948710947,0.0983035737634972,0.09277261344525027,0.09974359665225811,0.09377947155412654
555,4,1,0.5353463831441002,0.5266912322811942,0.5345157363842783,0.5321415096308527,0.5313994373391502,0.5148638185782047,0.5322667725922607,0.5343969225304819,0.5341721392536655,0.5441304210257244,0.536441092958606,0.5448166019381865,0.5355277424418454,0.5302975363860075,0.5413230496021564,0.5371098259850587,0.5313961434947251,0.5263551017971123,0.5294680717670152,0.5202304640248882,0.5244624727649313,0.5362711360622149,0.5323554850418913,0.5399615286282945,0.5408743742422125,0.5402839773881581
556,1,0,0.26648517164742497,0.25907113373483426,0.2577042172728936,0.26192629633853026,0.24633901754985013,0.23566624038700498,0.22480105738801995,0.2479361839542916,0.25819325185706105,0.25446479949885364,0.23950187110108226,0.2491221122070523,0.2594375126253717,0.2709217436657255,0.27610916533546276,0.25781839126445055,0.2614633017474301,0.25991875813872817,0.2951804777112432,0.25544463890738905,0.26165033950207794,0.26181704287157603,0.26522001940541196,0.2742989980475891,0.27404470681431775,0.2616276542505421
557,2,1,0.9223938592614297,0.9224634815557874,0.9237931009982514,0.9226774182050409,0.9102553445375309,0.9316337922004947,0.9167322605266569,0.9241287889015585,0.9296871153434406,0.9222606879290858,0.929183731950701,0.9133668020444179,0.916664645354479,0.9187431297373223,0.9311628430896731,0.9187610961940743,0.9239889790480883,0.930123562021859,0.9202485946723015,0.9249123253243058,0.919327803923586,0.9300918310770024,0.9256362850958243,0.9196096597673571,0.9276983809700852,0.9167285954005652
558,3,0,0.26158812399150483,0.249657852597741,0.2554317956753679,0.24935334575025703,0.22546506460465757,0.2018203979927641,0.2010609439116846,0.26689744143569477,0.2400557134385205,0.2589798187007731,0.25121746095554676,0.2483747040632298,0.3056383849368897,0.26093798992123296,0.25846546448377167,0.27030947730076355,0.25227143931932533,0.269885092183256,0.2608936372114909,0.24685974935434277,0.25792561357891236,0.24227363491609433,0.2451510211059917,0.2417202430574498,0.23454789975320597,0.22844941354195816
559,0,1,0.9738395345528335,0.9729128093183217,0.972540581403782,0.9748230553854063,0.9703028564649591,0.9728724586673835,0.9699175585275048,0.9723524040190689,0.9737771368045304,0.9707361772967218,0.968538228663289,0.9654280035481383,0.9694071111622513,0.9725575579452318,0.9733621369790536,0.973608752833842,0.972973182228506,0.9732736919515402,0.9755144449942247,0.9723248999378648,0.9732919057380558,0.9717416017973513,0.9722707167298253,0.9710129115428137,0.9722007270527985,0.9726002920307811
560,2,1,0.48836762043136367,0.515794461632627,0.5126081473857323,0.4899291518602711,0.4860169380366073,0.5065098519248862,0.4944714620429614,0.4987118952859657,0.4850005260328676,0.4814364936599247,0.4785773117597831,0.4769308245497305,0.48392557286196647,0.5146272995822655,0.5125696932818882,0.5070260573531405,0.47837986586738396,0.4573110536916089,0.5095684089803989,0.4811670347910513,0.48041688505664565,0.47885450955576636,0.48840164376640743,0.48189392634539496,0.4716439168810658,0.47633409460055676
561,4,0,0.1291416603745993,0.12749818100705496,0.12443696536693628,0.1273039092665197,0.12711053129905267,0.1276292123926389,0.1223962898303047,0.12581918049097604,0.12762385255563458,0.1251094886376,0.121623184414543,0.121739654014819,0.12321176909983156,0.12840361543860332,0.1284606653236147,0.12788094077894654,0.12256788677328444,0.12180602782422133,0.12584957732960142,0.1282909274720961,0.12437735091815844,0.12281917146634792,0.12060634149481403,0.1203943581577357,0.12570557021998055,0.12359270946283718
562,4,0,0.09501589798629055,0.09446506844952281,0.09435012913392837,0.09516525428144856,0.09534372379164202,0.10072145218448687,0.09830950330430947,0.09479132420144554,0.09857804640168599,0.09444319636999503,0.09725910090636493,0.09804084980780454,0.09718219889660042,0.09425668452442071,0.09137573497267532,0.09318619141245103,0.09568101713875682,0.0982755938457983,0.09485745955131708,0.0964112034833086,0.09768630996173988,0.0941290588387047,0.09601395967654093,0.09403815100040758,0.0939722538920873,0.09667745902029519
563,2,0,0.12065697822805953,0.12393012920569298,0.1252138500187613,0.12471934986784655,0.12400560114169051,0.10968185124406904,0.12559089148153182,0.13014421874883117,0.12313456006176993,0.13118140091288058,0.1263299070849052,0.12487519213989327,0.12744995706564152,0.12435027504559289,0.12606642869813176,0.12467034047905566,0.12433521162195467,0.1314470285523516,0.12134825306379726,0.11660601666838623,0.11958336768355204,0.1302439012228506,0.1269456033381509,0.12608062464448205,0.12268551617107414,0.12171634710857997
564,1,0,0.10795642433958728,0.10260975865666977,0.10685668401288623,0.10870604708410604,0.10703266071003013,0.10015049827685724,0.11050819572976589,0.11102916287741778,0.11101316237831287,0.11311971064435,0.10677875400163606,0.11356123180984705,0.10180876184149538,0.10593388180102215,0.1064842855530061,0.10557742450321206,0.10851444056664845,0.10739409810227755,0.10951218143389975,0.10911117718877254,0.10942439320919933,0.10830308419800783,0.11229070342650593,0.11010630425009414,0.10722820318463865,0.11086525208443936
565,4,0,0.5359931785469912,0.5354013176019764,0.5485021281033983,0.5400087635777074,0.5334298783297523,0.558007790579246,0.5347081732252036,0.5458699333037929,0.5374525250294656,0.544350122384192,0.5506831572169645,0.5655862646837594,0.5602543242424249,0.5387004857030985,0.5402155291712125,0.5366050675623986,0.5347989234875122,0.5288995222002518,0.530835918364787,0.5491560017472712,0.5327205889494616,0.5220405660810797,0.5616789165460901,0.5577835365562224,0.548591603170026,0.5515944008111697
566,2,0,0.1267785491511927,0.12124725319850876,0.11910545853945415,0.12512522432501005,0.11189049840425731,0.11697586458758054,0.10702492732581763,0.12184968117517657,0.11614265844921112,0.11020797985682562,0.11387066357846377,0.10654316669460934,0.12642375960781607,0.12207769899553274,0.11432495179757161,0.12133506801661587,0.16086021038751536,0.14777329170353715,0.12098543396654234,0.1157996605808238,0.13884494563535452,0.11592217782758689,0.11486838677753265,0.09556925253552884,0.11750892286317605,0.09863195057636052
567,2,0,0.09552452339932849,0.09576184318556095,0.09420296617465533,0.0964165822296676,0.0985251792726829,0.08849978384629675,0.09427525077191368,0.09922462801330695,0.09841320370273758,0.09672924791290755,0.09038012159001364,0.09611637391067822,0.0964062007716582,0.09530710802073995,0.09069036698537557,0.09542161448912545,0.0969709210374698,0.09358188290881879,0.09211956398470626,0.09552495007294458,0.09911583006818415,0.09473714623581682,0.09720925499047874,0.09512713923754301,0.09520832249193033,0.09482761158476545
568,3,0,0.10549928454072673,0.09640969758118383,0.09865416186487715,0.0991760940149075,0.10124662425953136,0.10873698985704322,0.09654165831035512,0.10126135964178355,0.09787596332315358,0.10297255326607228,0.10495890102122128,0.1027500427054699,0.10292923677326186,0.09931866233754442,0.09365501769739876,0.09584284337674281,0.10003120092476316,0.10263952190311676,0.10492500282644905,0.10236359290770534,0.10960087287744186,0.1026643991450974,0.09382715646292485,0.06523381087150255,0.07776894163161471,0.057714218484979436
569,1,0,0.12699655708554403,0.1263330433040967,0.12684703796819286,0.12595329890310838,0.12664173756808136,0.10921774884092929,0.1268330049427202,0.13234123389662328,0.13153540383723636,0.13187900395008878,0.1156202318240905,0.12122467550754251,0.11641192410431818,0.12821637245709128,0.12884253822786593,0.1261463128831779,0.1275568136490086,0.12572468771372222,0.12414907958156944,0.12600630692383874,0.12628581525392255,0.12561548877016224,0.12351007040333967,0.12389212819674301,0.12682981474464206,0.12452306188414695
570,2,1,0.10584464457431697,0.1068809979843459,0.10686041637578035,0.10712667090639234,0.10900517997149556,0.09085914070012807,0.11005064297159896,0.09852703913967492,0.09815326432009192,0.09545524870146933,0.10804545512254848,0.0881096435001944,0.08197856124490001,0.10561402630699572,0.10230064109843125,0.1083913929321003,0.10616939740235665,0.11088968525286251,0.10401407523993482,0.10433441877057466,0.10636309404040327,0.10117820507743146,0.10363910847479746,0.10061595649543158,0.10448608309361108,0.10268334189535423
571,2,1,0.062700245059865,0.062112214182183316,0.059206534660425726,0.06568431482997197,0.06348450832040713,0.06370906493605423,0.060370619203325725,0.05473139863343016,0.05981572300137599,0.057167250752034666,0.06673759935024987,0.05666889525550329,0.052962943653358414,0.058634685784019536,0.06212508536404771,0.06131689252567523,0.06361611431925526,0.06887365069301962,0.06744450894793148,0.059699537121010726,0.0642722639963572,0.06183489174953121,0.06416241274300777,0.06698691458367417,0.06602703531964797,0.06812112585586866
572,3,1,0.8467863247938348,0.8415925122357565,0.8501408616769012,0.8662372979109402,0.8647586449793034,0.8596336086893065,0.8675248586748449,0.8486456396764722,0.8523211622310926,0.8467156105611284,0.8756289138392385,0.8725001262263908,0.8543622883621387,0.8442429044188012,0.8513841811042403,0.8428328395519404,0.8511356776752314,0.8538733743352767,0.8443642778824128,0.8239159312751733,0.8547196527443046,0.8545259575133205,0.8514817278360937,0.8536987692328023,0.8612553860420359,0.8644390028911854
573,1,1,0.5923843414456738,0.5617252916035406,0.5737662542447316,0.5738367406754089,0.6197675983072534,0.6129873528248917,0.5840281051608828,0.556640137403892,0.5735641383957644,0.5699057957156999,0.5769948952843581,0.5548561194277157,0.5338556934401802,0.5867495849350789,0.5821990451706397,0.5760273109902073,0.5719986448387884,0.6011968133276505,0.6493930683353515,0.5831835575840709,0.5815961715111454,0.5776362261069249,0.5912807823232215,0.5817096595776884,0.558548955253815,0.5694711266372586
574,1,1,0.7999532398072646,0.805782562892599,0.8042999144706074,0.8021518882244454,0.7872114029639651,0.7573809343277319,0.7880799987379027,0.7966067840004998,0.7911614055560033,0.8039117074948127,0.7982285492803465,0.6865108401793689,0.7411743531906846,0.8029875508762195,0.807257399485831,0.7980413631496113,0.8031921511774248,0.8026314707297946,0.8084077683732004,0.7873385479262586,0.8021759932368685,0.7996449180231776,0.8244183246518687,0.7247016630835844,0.8362912498304418,0.751219494463203
575,2,0,0.09206232880196935,0.09126406750898967,0.08778745763143164,0.09020866799554515,0.09284790841663103,0.09682268035714807,0.08929910264088677,0.08929144570015952,0.09155918969769956,0.09408577304272146,0.08825375524584082,0.09063916476594192,0.09567463872478173,0.08758637987714035,0.12123177121488309,0.08929396324693117,0.09187513299988932,0.08719276906394428,0.0910705317041719,0.09032281032289523,0.09523578231977033,0.09226420089944283,0.09328517593342738,0.0895225094175091,0.08908928460366682,0.08875204455331313
576,1,0,0.10521864368198681,0.10738328281314603,0.10801113665262028,0.10726113726380111,0.11020032045356926,0.10796392482036106,0.11020710939619882,0.11694658193008456,0.11202692094836092,0.11101022518986098,0.09746468876851407,0.10682460413084172,0.09875380059838877,0.10700766988000314,0.10505732207068443,0.10649492602625797,0.1110999102988718,0.10922286045454176,0.10167727338861558,0.10875568989724492,0.1045245503880005,0.10737629202298676,0.09521272811322345,0.11155561267083813,0.10884899934112154,0.11024746169087962
577,2,1,0.8451150394180704,0.8407788405148894,0.8437271385887044,0.847136784338648,0.8447543172036873,0.8395229736043589,0.8385307745084974,0.8370303867433403,0.8407074905356836,0.841393200523649,0.837524420943846,0.847770872712473,0.8411155066068045,0.8445341476016416,0.8436485990014001,0.8451490447986396,0.8453919475302821,0.8466826626348141,0.8441565753816112,0.8657867376819427,0.8382201090272542,0.8344211775607621,0.8399772764506683,0.8312886307719102,0.8391096749285015,0.8298189310040675
578,0,1,0.956277560917406,0.9557101378613839,0.9540868314725602,0.9564637994223468,0.9531191722289689,0.9532383535020016,0.953937292489754,0.9532001259817134,0.9554510495686047,0.9539064345152859,0.947657165819009,0.9456774400207535,0.9491698763778037,0.953993574300647,0.9556485830018847,0.9555741111755766,0.9592567531882894,0.9550616839156353,0.9601215192308478,0.9656942318464375,0.9513593907755666,0.9522590669269438,0.9562353402298697,0.9485627842165206,0.9590000229584885,0.9552357010027565
579,1,0,0.6407755018345509,0.6481054927547215,0.6341440091686475,0.6348132841792259,0.6297435525590438,0.6990247590927717,0.6256488932323583,0.6360181005488266,0.6299955206001829,0.6250134589206031,0.6110540880782986,0.6088801411209871,0.6086084184417802,0.6478641254150238,0.6390567597384413,0.6401226549256699,0.6343458863516941,0.6489657069120304,0.630156016582741,0.6166632139608618,0.6319382090871574,0.6208621693587195,0.6264050504843192,0.606454524208316,0.6150119538899096,0.6231843412497292
580,3,1,0.2421347768301009,0.23098198385711602,0.23373467070093512,0.23932345245040273,0.24067052776893202,0.22916532217833926,0.23034432688866688,0.2283200606206456,0.23308769007554694,0.240373516195576,0.22301444465357792,0.22708433461359304,0.2285030073264541,0.2442885744435189,0.23791212087411004,0.2411356253768817,0.22863750911001826,0.23391147634013235,0.23440416094652608,0.22769388280000177,0.2217375575899897,0.2278452717262243,0.2304059768037987,0.2303646500087748,0.2222177022061624,0.2206720144899632
581,3,1,0.8015337660817231,0.8039880853647104,0.8023458660686159,0.7968589720520294,0.7902122914839248,0.7900712802143312,0.8031331163948568,0.7975893433916431,0.8046537280093208,0.796416990404562,0.8305427014038029,0.8182859433405895,0.7935181651435915,0.8012298747244667,0.8026026480945451,0.7955067871095923,0.7882148615965114,0.7920529523053688,0.7944480172376863,0.8282547802334057,0.8247392841773369,0.7873537587199023,0.817395634863991,0.7869959237933674,0.8067089743915975,0.7912318621394411
582,2,1,0.9588910184343212,0.9578290347301213,0.956919152113885,0.9593547476336587,0.9653725261351133,0.965242079265114,0.9609886775692073,0.9636190966211332,0.963067543302278,0.9568026642240534,0.9563807256836054,0.9491572814090842,0.9518256769196566,0.9547373494441871,0.9618670992796706,0.9592843924907345,0.9604205395356377,0.9604647120604662,0.9644416308945477,0.9591525925379991,0.9637005896190968,0.9642364586083928,0.9603406910631556,0.9617181426727927,0.9621420877529062,0.9621690689086018
583,2,0,0.08172152249647378,0.08217420730115176,0.0849492009995151,0.08395329469580289,0.0800624307381229,0.0745120695265332,0.08371325311534365,0.08823774751272884,0.0872289351548892,0.08800357621997683,0.08282533466010812,0.09105065916237337,0.06809454677133332,0.08428899983326234,0.0888624418526715,0.08429652193232355,0.08226151842963847,0.08202287443590409,0.08909709273645328,0.0780454894925613,0.08061041671418218,0.0818596032651266,0.07833205744367132,0.09473061063329519,0.0879254158204375,0.08682265258568171
584,2,0,0.6066309925050765,0.5806752524702211,0.597540654722538,0.6027149578884416,0.6635236404418428,0.4822221704152166,0.6651483324608992,0.5880685046558503,0.594017363390556,0.5771053476651408,0.6009407599836338,0.5778521745817978,0.6131395613729257,0.5787177181316852,0.581148478796572,0.5762023279222518,0.5939777121723914,0.6073661162116953,0.5445688594226108,0.5957206026812194,0.5674718264307105,0.6266610649079586,0.5900367421266467,0.5940543434942464,0.5960463259622182,0.5828233598261044
585,1,0,0.12685419495163128,0.13004269350330214,0.12850647776256877,0.13392581046549953,0.12813310270690256,0.1112300069221005,0.1302191590948111,0.13398984083803217,0.1350505419602158,0.13488678985095212,0.12441704001012667,0.12750570820357546,0.11995733289711098,0.1295257390746434,0.1281220440058146,0.1267792908861145,0.13167801757415515,0.13261528547031307,0.13196298154339967,0.12949365517888498,0.1287817879105767,0.12653344823910342,0.1289303568353609,0.12855269130584857,0.13290877083701044,0.12621599808411363
586,3,1,0.9713780691034329,0.9697680437556654,0.9718570109312726,0.9704265268894021,0.9674514553978555,0.9683536780123839,0.9698028996292972,0.9714454877802213,0.9709508766546655,0.9718566753885686,0.9693253129022777,0.9684180819839683,0.9712860763695428,0.9692515477490374,0.9708619445161509,0.9722947483767289,0.9717529410192246,0.9718340921571912,0.9721677783030168,0.97045878407969,0.9699160743846885,0.9690179111768641,0.9710816830287755,0.9722296393132691,0.9698842385864547,0.9732545365700073
587,1,0,0.11766675523566561,0.11410452670177725,0.11526681874013588,0.11272681459590661,0.11109828566866868,0.11633641326507582,0.10877847937496098,0.11587234826452636,0.11891719288816464,0.11371051710971902,0.11193600314332412,0.11126500294514753,0.1067471325123272,0.11763213040693594,0.1178451960712701,0.11459825216297165,0.11488171025370297,0.11544533151482812,0.11202670623649962,0.1049502261252037,0.11282553358388088,0.11460528195523205,0.09818029276575944,0.1105167176161143,0.10909626800327098,0.12133408599038148
588,0,1,0.1486639682630484,0.15338062731021657,0.16140142555303694,0.1582435052896259,0.16072138261889538,0.18335060553678248,0.1508690119188918,0.15343061766369917,0.1466181175300124,0.1537066502923629,0.19028784484224878,0.18020726204723658,0.19274578187775707,0.15083784101515738,0.16696955648275605,0.15377009651021792,0.14496457966078374,0.15016035305292827,0.16861753780348768,0.13089183177927233,0.15654560587663927,0.14414199554229232,0.14978042749063564,0.14264574138924668,0.14774169970214834,0.15199211259588594
589,3,0,0.08262037387250587,0.08214539844092057,0.08264479474788043,0.08135596776751301,0.0810927174417721,0.08114024202213276,0.08050558112662583,0.08375157667163485,0.08335185274975031,0.08060650670307744,0.08092970294412354,0.08063809794275623,0.07993314460790753,0.08138461879859515,0.08099117256517425,0.08231065596913363,0.08243750939560393,0.08308224701716115,0.0769662519241935,0.08275763104766505,0.0852892557051454,0.08310272939614761,0.08179211279514222,0.08291938673376782,0.08235935349204208,0.08185266628539317
590,2,0,0.10088850050447999,0.09725621899714103,0.09960169652928376,0.10118880954803632,0.10184911068189718,0.08843052479987557,0.10083508747628543,0.10692780961382385,0.10541358989190008,0.10586543423502072,0.09894644254070917,0.1036126401694641,0.10151588281036998,0.09982117632498964,0.09681892030336346,0.10067795334712563,0.10243353024964656,0.10287086895583615,0.09933439986655135,0.09868324076197676,0.10363839738215104,0.1016270783435429,0.09998380390647048,0.09808728069602742,0.10090803697499323,0.10134872022954733
591,4,0,0.24208449108008226,0.2572463413245107,0.2732531804011492,0.26214737294874196,0.27157547395421483,0.30244149821028693,0.3060121503904762,0.2569782187259428,0.2777553601590288,0.2639138154791842,0.2831696899564243,0.2815299412979267,0.26222822562170484,0.24843228455759092,0.26855376021557237,0.24589180544295375,0.27728369355750965,0.28078644522467633,0.246729800961118,0.28422853557199557,0.2506945790343263,0.29778698803754805,0.22701785621655027,0.25608718527000307,0.24477977960330996,0.29689640810351453
592,3,1,0.9088996133569381,0.9151032028947504,0.9125136867107515,0.9089403810209138,0.9002345830984457,0.9203278690584106,0.8995764327288674,0.9201551398130207,0.9181533083339963,0.9077430158746687,0.914122156914971,0.9186457689982276,0.9202450858774469,0.9139633129494468,0.9128201409888078,0.9103315975060163,0.9215749956102166,0.9200343666510724,0.9088591811735359,0.9131622798754385,0.9172631974143374,0.9138091925292556,0.9117926864381748,0.9048435878405545,0.918699171164249,0.901637494501666
593,4,0,0.08594141434189444,0.08359189672946808,0.08815815841064108,0.08388060800616069,0.08298667483944121,0.08322100321727252,0.08449541618010566,0.08309637407559045,0.08422056204660096,0.0867119741802589,0.08207223190328337,0.08642401402835347,0.08931615155069746,0.08384226519607495,0.08124905101406157,0.08514319689003068,0.08631816454429052,0.07516292685361252,0.08215414651957675,0.0837869043180728,0.08180170759597562,0.08065078003992664,0.08245183188239091,0.08106484556216283,0.08328068786901141,0.08605828776659787
594,3,0,0.7073173125275302,0.7074690549609314,0.7051437531817785,0.710870598597225,0.7121838703841257,0.6593880878180101,0.7221707349422543,0.697100534754441,0.7068712390222839,0.7106229715429331,0.713552333752587,0.6969307217686529,0.7040853577515863,0.7122136372734956,0.7150588888085002,0.7053177188726462,0.7058618722946827,0.7139672078101763,0.7379451372414784,0.7069879831819609,0.7069154771202597,0.702133360811905,0.7030411731738333,0.6993604720431382,0.7133842223806389,0.70794758197166
595,1,0,0.09870754942173295,0.09956415945875878,0.10085812772993241,0.09548509988525307,0.09387191908237842,0.10077445737965228,0.09536142932306103,0.09843015924766763,0.10187469309402945,0.09995752570985907,0.10613220077941639,0.11275551934983778,0.09986064739243604,0.10006394288786308,0.10359816273382867,0.10100774881741015,0.10355392286230136,0.10040052948549605,0.10076473083025828,0.09146703962083519,0.09687227672593673,0.10139164798451933,0.09034425070387865,0.10152966798208911,0.10117272678690294,0.09834449890049063
596,4,0,0.07506075239802783,0.07662972952366533,0.07550813584634207,0.07641983512617144,0.07585778345381294,0.07046108978175182,0.07768768685207825,0.08030075944688801,0.07776990602650011,0.07119556569580686,0.07426142970630288,0.07405047468776428,0.07834421085498401,0.07645338307459575,0.07793810363459301,0.0739996986983568,0.07573125233185575,0.07279114666366729,0.07494006042474538,0.07700339653299831,0.07978873034346852,0.07794103981147978,0.07697925175212855,0.06331524619589231,0.05898946234611138,0.05414473385857226
597,1,1,0.9180627586225872,0.9280214202735521,0.9339462317814465,0.9334290392499948,0.9295316489265742,0.926952468834351,0.922973983257691,0.9355973122363048,0.931920573744122,0.9352298542531446,0.9132683408823071,0.940449090272219,0.9353164751390278,0.9291258119406448,0.9355135652997992,0.932727832060961,0.9332542194638157,0.933126716951293,0.9391875399534086,0.9324978067196374,0.9276270210405017,0.9299531293704856,0.9250516448496663,0.9428074251311349,0.9148231433116262,0.9298993565708656
598,2,0,0.05283053543538535,0.05045446373694467,0.050942911294943945,0.052662730521079226,0.05101580039384737,0.05842546329663864,0.053809786506082646,0.04714193724705804,0.04541648061178807,0.048614331073744826,0.06222775495470012,0.04210271911928746,0.06459883764061498,0.05177057064238108,0.05144411243964427,0.053015469946428036,0.05123537216817008,0.05637993067662022,0.05314513886849581,0.05380073477936618,0.05831412582656335,0.05178849212469861,0.052175485431853075,0.055961048020089776,0.05568117386770111,0.059290622509591134
599,4,0,0.12082197229380227,0.12345667874582096,0.11919637756331346,0.12035039095686932,0.11900092343510338,0.11344627016267302,0.11955271184469922,0.10380104551909042,0.11961739128100703,0.11979390198211608,0.11624734387217757,0.11462920822197947,0.11675892810452716,0.12429867195301347,0.12136458333351301,0.1208909037415377,0.11746129979909277,0.1181485417679692,0.115585711784416,0.12227723471621743,0.11952016165541979,0.12138738612132566,0.11946248686711018,0.11133983327668334,0.11668038747430837,0.11532006533544976
600,1,1,0.4321735895936214,0.42457501681824766,0.4139698197097825,0.42792718986502115,0.4106208646078309,0.6669943418731309,0.4521983155671734,0.43210567120836324,0.4247966478494334,0.4296807169380226,0.4287116022290485,0.4422439047452666,0.439161455251693,0.42272802481096244,0.3974709871841386,0.42948506187328106,0.41967339697309414,0.4681281000016509,0.41997626103556457,0.44613333681035555,0.42983757572655024,0.4480955422688892,0.4402548757037171,0.4268749853432697,0.43347478762567143,0.42954051424151585
601,2,1,0.904458187698261,0.9084313101837566,0.899583155779073,0.9083440877654624,0.9084712859395832,0.9093849179845948,0.906096698638683,0.9062308457560362,0.9118285338509372,0.9094689001544212,0.8999602288642206,0.913963952380751,0.900312013375963,0.9007926710705195,0.9027006272174796,0.903781558065348,0.912954072570978,0.9064050545639993,0.8929470750672474,0.913414345455216,0.9143657663437597,0.8989046398573034,0.9046450312541626,0.8986158080443554,0.9042687028063726,0.8964907156925302
602,4,0,0.09955098738660452,0.09892999898168879,0.0982088604304152,0.09948073926135977,0.09977935336451012,0.09673727534139724,0.10178639486502787,0.09992103555552267,0.10023570878894894,0.09991142452297574,0.09867585753166859,0.10167599749120755,0.10035820257908264,0.09884918721215624,0.09817610531355232,0.09852027013355047,0.09961753826329182,0.09934312138583618,0.09678406434249513,0.10121781542161039,0.10318586109282311,0.1000455401897432,0.09976713069544914,0.09959010586256782,0.10114124856872926,0.09946050505717947
603,0,0,0.18423412855004137,0.17092280326779855,0.16700599965885973,0.1594256192362755,0.16980812705037204,0.16503368857179135,0.1617954658301234,0.17837461386041512,0.1712858731410667,0.17520672050097494,0.16399786328800614,0.17261104094672006,0.14943865807207626,0.17235535666719182,0.17271623188655152,0.1708928245055428,0.17386298352300825,0.18121550783637522,0.2186775913508272,0.16457912496409874,0.1644347166521226,0.1581159643007125,0.17933313826573125,0.16933308592721838,0.17886595692878626,0.1662689356753144
604,3,0,0.07319840601121538,0.0738782796397004,0.07403349076394028,0.07287710575385926,0.07568324285818938,0.07450570457635795,0.0777100506568587,0.07503200020453209,0.07333749672001967,0.0757579014590426,0.07199894985046996,0.07107415853273985,0.07422416986735496,0.07421825047061968,0.07400620928801517,0.07483568421650716,0.07515047318263364,0.07840790452192634,0.0751872305524227,0.07633862008659627,0.07429016118160507,0.07023972828871498,0.07615532555294562,0.07481587990552023,0.07265730834980466,0.07714367993711219
605,2,1,0.5119703208489327,0.49136505858479174,0.48575741103662784,0.5005997231520359,0.442661870461901,0.6843976763092692,0.45904774899061646,0.5006458400239985,0.49786857837419524,0.4963953579908609,0.5176716334467163,0.5050609693881155,0.5065913362657967,0.4938603379954161,0.5057967764378056,0.49446142630579065,0.5054990364304632,0.5198863292948676,0.5192172941099172,0.5095971914603131,0.4996759076245702,0.5378810174385706,0.5083082818937831,0.5261471869092454,0.5023413301333319,0.5144862971342078
606,3,0,0.0936713289100078,0.09125239601886849,0.08971138708024384,0.08773879451530325,0.08574238192272154,0.08356485362184729,0.09276247253907244,0.0907806976453075,0.08939992601205295,0.08878179474498478,0.09174010951809701,0.08974566538214389,0.09117319841869476,0.09155815098020846,0.09273725621000174,0.09168504794401898,0.08569942399221342,0.0863000878053356,0.08436972942211667,0.09581285521328421,0.0886685145731157,0.09458434880242012,0.09010992619036566,0.08890774291302946,0.09486084427323098,0.09281422515125297
607,1,0,0.1260984014639732,0.12736594455106443,0.13057156296102726,0.12928811814529187,0.12800692115434206,0.12028782660261872,0.12464310063861188,0.13327441599555737,0.13293272189190972,0.1331242903024296,0.1222541644426383,0.1261258687695759,0.12043477473554816,0.12766505768187483,0.12745587324128224,0.12891945518686643,0.12670460713832285,0.1305108297313062,0.12532986041713864,0.13142397748391835,0.13581146108388722,0.12854642520806725,0.1370711198402394,0.12610978529677086,0.1274613410198916,0.12886328424928226
608,0,1,0.5151277351727485,0.5150714481508942,0.4908808017962614,0.4857324545269683,0.4714895841953563,0.4980426405931362,0.4520862624774898,0.5331364388420474,0.5139564352837084,0.5105024567988481,0.528974806129049,0.5155175373344782,0.47707130188862606,0.5097075353149573,0.511636904103005,0.5060903928167172,0.5170059227772654,0.5238369986378241,0.5455523562257805,0.5085318944575644,0.513983436194936,0.5255987729773376,0.5209748727507777,0.5075933554574509,0.5104572738735682,0.5142426211659328
609,2,1,0.9538474329709484,0.9523289860055774,0.9568902088223821,0.9491378431824921,0.955390535664768,0.9492885942722739,0.9513735957148555,0.949944245606198,0.9551003789720451,0.9540447456694592,0.9489488145396932,0.9458455408032065,0.9484252042176818,0.9549201508812888,0.9596095039163707,0.956229387835856,0.9503772374698641,0.9579790250709896,0.9545674880968584,0.9512367878881944,0.9594977519082762,0.9517931856933634,0.9373142136506658,0.9554497676353458,0.95320969858244,0.9507891614614362
610,1,1,0.9524216138039648,0.9515099608472027,0.9558125348642091,0.952049515534493,0.9561624264255224,0.945957568408687,0.9558472669079331,0.9562100807167692,0.9562170765432455,0.9548460372967607,0.9405977820112117,0.954753636273275,0.9420795334907913,0.9510945158012407,0.9567137330397086,0.9548514334980917,0.9537514579961206,0.9583578331107024,0.9531855486745323,0.9561453000678529,0.9553053565967075,0.9521263594581573,0.9498179158916552,0.9515849921103094,0.9471693504092209,0.9522723694218453
611,3,0,0.0713741150220875,0.06043394569918442,0.06329094535741513,0.07256812383252471,0.06892385850161176,0.0962447567089742,0.07402542796315319,0.0777100580113466,0.07845194760982242,0.0643101966616329,0.053129930819292924,0.06429961856583427,0.09062362746150614,0.06292051182894347,0.054785293647282296,0.06806964144713872,0.07465639974915167,0.07699868396970261,0.06907270950381182,0.08029396178966691,0.0691456210690228,0.07954332852684257,0.06417879232417918,0.045354461012144374,0.08229362967522959,0.04659861360351808
612,0,0,0.1103343205200376,0.10381339435680485,0.1045009343964528,0.10880959487497455,0.10995917272059674,0.1043133536974006,0.11249612509848667,0.11491607692748229,0.10623478683220476,0.11205361874754671,0.10790891493882045,0.1149784055341709,0.10556289220042737,0.10642678155158121,0.10745964633476858,0.10544895646432251,0.1127416085116754,0.1053882654749081,0.10615301222712657,0.1130964370890203,0.10798370320599644,0.11403579935221352,0.11598444899334083,0.11750498255221169,0.11463871060377344,0.11298989201631682
613,2,1,0.6824538523179543,0.689616320346088,0.6886724882114654,0.676420783228196,0.6757541729780877,0.6981853766529932,0.6832014784874428,0.6781292067167485,0.6783045775201457,0.6747821921310188,0.7064713322051186,0.704844109577344,0.6934464196673344,0.6860715581792173,0.6893964051489009,0.6780948980122253,0.674267452348742,0.6894241870612232,0.6898888619797386,0.6742902194681936,0.6739387784816362,0.6941938574835551,0.685680633367182,0.6685472466351587,0.6713213140883267,0.6910502342771948
614,1,0,0.12611027300053898,0.12288521138789042,0.12290419329591462,0.12401516465867068,0.12596750203911763,0.10753583171512628,0.12554437248054603,0.12963780554057683,0.13023166500206565,0.12917591295696126,0.12025151932767464,0.12044258011834587,0.11695660110394179,0.12187166663392966,0.12158937392241499,0.12392880245443694,0.12587724656886776,0.12555703279561634,0.12804745678136134,0.12233400032772024,0.12385792786757116,0.12491284537228454,0.11917330789596221,0.11951651727353213,0.12457516596033608,0.12259942101638989
615,0,0,0.10771326105124769,0.10588723300087628,0.10757756752778365,0.10946694602464163,0.10575035034126463,0.10680405199773801,0.11039753727363989,0.10791556173834758,0.107018119567667,0.11156319474173348,0.10476753935002207,0.10747566676917253,0.1097961248612651,0.10629492868414425,0.10280674369285707,0.1054763488025024,0.10644952571848108,0.11663882958504361,0.10658508629062818,0.10920333700258554,0.1070951743890373,0.108431728664807,0.10684972180277073,0.10921021731624868,0.11068835768477951,0.105556311934271
616,4,1,0.8922793907291284,0.894368080796125,0.8768013727602719,0.8853697397954652,0.8870433145425903,0.894170158638802,0.8876180372445327,0.8722141053381488,0.8854645879837412,0.9037826253619224,0.8667930897908794,0.887318098542918,0.877608030517227,0.8926015599912849,0.9017648930148109,0.88708085807871,0.8937237861539655,0.8744576651438409,0.8886339361493943,0.8998840769123078,0.8975684038477172,0.8798517089306156,0.8879736303370582,0.8963978149323807,0.8968783578669391,0.8975128249855939
617,2,0,0.042633727241484405,0.041599656508122786,0.042033278217137586,0.04033912396435673,0.03997924695306477,0.04418920172740611,0.041750680750325696,0.03938119644178997,0.03852449057255452,0.039140120633813724,0.043054456659589124,0.04489924928691142,0.04658646255524599,0.04013193774261078,0.041131255030319024,0.04048371465422446,0.040493393890984934,0.03963514743590257,0.04007434215167233,0.044978617680984406,0.04089444930728696,0.04069445901190776,0.042677993043869024,0.0387123789387618,0.03962464918937116,0.03878048947743561
618,0,0,0.5729853401804196,0.5846966921020208,0.5906082037971166,0.5892917438257067,0.5889555486180706,0.6164950152776858,0.5915141651148882,0.6019102360592581,0.5841140907320869,0.5787098356039121,0.5710160496604658,0.5583523077411412,0.5702264390011277,0.5890336184696967,0.5907793549464939,0.5904589011429221,0.5974672008787283,0.6052005269883197,0.5949005438861296,0.5859269184674566,0.6292882651071107,0.5918341472164691,0.6007088955948321,0.575817061597432,0.602123915141333,0.5893611840480523
619,1,1,0.9533757495988402,0.964396753125475,0.9672120798100371,0.9643473160061408,0.9615358654902147,0.9588250567673361,0.9636696685825106,0.9643869521216998,0.9621479610531863,0.9650840862089193,0.9656269095207778,0.9682789384372122,0.965006810833874,0.966280434275764,0.9640478899572246,0.9647721714796976,0.963430836828537,0.9618811537327127,0.9631521495717074,0.9660380567530122,0.964227419045813,0.959356531298939,0.957613660830256,0.9645086372183839,0.9611497175191591,0.9641662487091379
620,2,0,0.09512540502484634,0.09789993900392552,0.09593728269781521,0.09615584212827706,0.0955912487919295,0.08773613325975511,0.09599319309725096,0.10313147664159579,0.10166710729596519,0.10513823553609032,0.10254996913382342,0.10392860693025475,0.10364885191218032,0.09782375962596873,0.09740358856623853,0.0967313256521935,0.0963744419642998,0.10273454943433517,0.09218761723573297,0.09293781303095267,0.0948466551370472,0.10569916779077367,0.0986303976564124,0.10682796118082043,0.10091522861298789,0.10338576204986778
621,1,0,0.1401511609124992,0.1393468789404959,0.13505936043995045,0.13389418104679585,0.1440680263559383,0.12529879383209175,0.12956371120483542,0.12878361053803314,0.12709232521944183,0.12087003979803564,0.1244428178641529,0.13279615478682952,0.13168530106954227,0.13286013862087478,0.13062058626876383,0.1336744100637761,0.1322518100160285,0.12423117285380082,0.13051677972778955,0.1447985685207866,0.15463736368390582,0.13761765459067743,0.14305381385068627,0.15509953656181985,0.1494388783070066,0.1624161134292604
622,2,1,0.35395106503107304,0.34892914016576304,0.35721863610352783,0.34594361312003513,0.40767255348826986,0.32042945519206384,0.4126476117853164,0.3387282916999251,0.344455230600827,0.35926763084385177,0.346298466179944,0.3519167947063943,0.38474048360253055,0.34996195538217956,0.34877736457559333,0.3467884828077294,0.33729322001514855,0.3249792611817209,0.3611250484084139,0.3605113140081162,0.35373218476663454,0.31270412506351425,0.35030521889176097,0.3495232835696466,0.34444409745490573,0.33668575131568906
623,1,1,0.10223292354514585,0.1014980960417791,0.09821851754647042,0.10099159625863369,0.10690245320060188,0.09886121891886933,0.10173644385631385,0.09528312613039054,0.09850114752081895,0.08841628019021214,0.10212155986397263,0.10541170321139215,0.09352120087810706,0.10249309467030872,0.09445408522317432,0.10104816977544621,0.10455608755877643,0.10689486279574016,0.10472201490050191,0.11592873177273455,0.10747235958974037,0.10411931147573554,0.10263042004882635,0.11714898126333521,0.12167334801705866,0.1218099429967995
624,4,0,0.10092510256055616,0.10099891626606516,0.10034522668045681,0.10002760947047847,0.10083511304452879,0.10168132592650476,0.10246496829099512,0.09087633845075545,0.10382642296722105,0.10454902229715651,0.101336506379153,0.10374582097481692,0.1054990746452281,0.10124203428932266,0.10129591175073828,0.10106943249451188,0.10176919935129491,0.09993449729035765,0.1007010965498052,0.10565297020749455,0.10464113137640495,0.10181665013330606,0.10527856676573093,0.10197952669298789,0.1046203045107843,0.10225085916420518
625,1,0,0.10641731808926237,0.10631227412243698,0.10828044744935776,0.10642008411834665,0.10611036524370283,0.10999385643825065,0.10936682014689854,0.09833706575389843,0.09966410638917401,0.09816609830907963,0.10229408922837278,0.1122258761091799,0.21040711282832905,0.10748280091377722,0.10587832501785059,0.10566361187156685,0.11005076815298037,0.10732248627575101,0.10340541094572307,0.10829646030779407,0.10636195255074156,0.10259647845457527,0.09720847593700953,0.11106228994133867,0.11008082702345721,0.10656043880998112
626,0,0,0.25005528914891434,0.24894211376652564,0.261551214371797,0.2660913704488302,0.29099375700169344,0.24514133075094902,0.2815274251128234,0.24412261946471311,0.24285727888176167,0.26545361542796936,0.25415638905065063,0.2501282517405791,0.24949487606907783,0.2652623633285494,0.25054858131543295,0.2645463838864984,0.25223132563317124,0.2689817667412067,0.24770560227187058,0.2293609713162419,0.24793989955001136,0.24814719501922453,0.25193596121893186,0.24803443686206575,0.23771076287552292,0.2466539882039012
627,0,0,0.1308912271512657,0.13160478327187197,0.12865735330007952,0.13311163727842348,0.1312115443181224,0.1481543008167876,0.1135883273012513,0.11921717661283793,0.11662470002037277,0.13166281610168779,0.12093257226069998,0.1181925651606186,0.12203335591243793,0.13323741946645207,0.14351431501745812,0.14338423554114202,0.11720907628122856,0.11551348905142078,0.12142847382527551,0.1330741771070349,0.1349944260273379,0.12178156864335427,0.1253144655084636,0.12319353565293216,0.12199898429945334,0.12878825284461465
628,0,1,0.9623465380873083,0.959997005137145,0.9626924576515021,0.9633500877635166,0.9591366702159715,0.9642998386291155,0.9610843454450176,0.9647287798897949,0.9644338649312169,0.9598474512094276,0.9630140540733362,0.9655473272688871,0.9661901019045942,0.9619678636125091,0.9626139888708015,0.963678710672538,0.9653887285438755,0.9615132908589604,0.9606058324037211,0.9641232607795401,0.9646705684067832,0.9629817073630438,0.9622000048829208,0.9668219085650257,0.9525652925603962,0.9661503823828846
629,0,0,0.09621576197466818,0.09752197547031168,0.09705633488786541,0.0961272937179408,0.09842244306489896,0.09880199588531836,0.10131593373917762,0.09976139197808626,0.0974554107783433,0.09961279662811502,0.0945631930851077,0.0978029439770912,0.09781962897822838,0.09904418078206266,0.09687383920816157,0.09802803874791788,0.09741946572954084,0.0970663627771232,0.09552047076958146,0.10053211628081739,0.09909435879756813,0.09771346277187404,0.0983015233042394,0.09823149553458016,0.09853455118819893,0.09723515142430951
630,1,0,0.12399100614316416,0.1218430107230704,0.12201110063474256,0.1222021996077423,0.12507270388297118,0.12831235096033863,0.12469024055054166,0.1284869556015621,0.12873744000755513,0.12845241687751638,0.11496475766017332,0.11796332732755459,0.1160864731778975,0.12086330421554854,0.12084934120217657,0.12322678874912944,0.12471618724930239,0.12477246816415162,0.12361561242921404,0.12167042678448954,0.12370923844454684,0.12421572434815277,0.11855598259002349,0.11876386561205245,0.1237292674446779,0.12128037524082373
631,3,1,0.17683294497120497,0.18200821040210238,0.18254848038931404,0.1889120915409788,0.2463477385090563,0.33618325638972774,0.24458201459567674,0.18682312388763767,0.1793214178746401,0.18565096671057046,0.20018335320971825,0.19721668252539068,0.1861006271776725,0.1826132441137136,0.18242546360256343,0.17850233780752636,0.1793136603924649,0.1786062699943085,0.21015806715356075,0.19431450327154517,0.19100682778107891,0.18710655877124482,0.1891055425298724,0.17703614156607114,0.19357952328589892,0.1796881204328599
632,1,0,0.06774318746013495,0.06677493302883065,0.06919224467149349,0.06623132875080967,0.0687336688157672,0.07176933197572333,0.07059169827551502,0.06764378346391849,0.06715199744448115,0.06833366924680122,0.06813363142986449,0.06828919687437117,0.06507936869960197,0.06567896270494894,0.06741075327697603,0.06705110718865658,0.06513537642008642,0.06436096799795511,0.0597039509338112,0.06945182499209296,0.06959777700224345,0.06841336700827777,0.06876898958080273,0.07183317987355936,0.07040254997868638,0.07162064472579743
633,1,1,0.5910405579090529,0.5865767654267368,0.5764584042798696,0.5862187372872597,0.5674479069331192,0.5144231125766104,0.5807635688996158,0.5880762948124456,0.5885081017571104,0.5925602873715413,0.5416483222317481,0.5646527689356337,0.5708956941769592,0.5985126918960522,0.5613878092706509,0.5813713150913001,0.5887536584408108,0.6183655469535225,0.6196317878066652,0.5670713338500434,0.5835548172670714,0.5594021065829343,0.5677939163403101,0.5884562679358658,0.567848838970416,0.5457226415804444
634,4,0,0.06069977743818214,0.05997964971007224,0.054077388621309674,0.0582228358576031,0.05761733098426469,0.07090918114004953,0.05393330924228909,0.06593584551577468,0.058787537891202106,0.05958296205307905,0.059599870433718095,0.0642379193083233,0.06251566652110661,0.05884812461382092,0.060384279832616704,0.05613690513678845,0.06192145099133045,0.06218696323598976,0.057677075576351926,0.06481836510253326,0.06625310994532578,0.06265283548879881,0.05647929151400998,0.06046887039721365,0.06093188843316616,0.06501448820997768
635,3,0,0.055177867305238354,0.05551517165609524,0.055467795385106065,0.05462193462318727,0.05534373554572861,0.05820541241769119,0.05227474999469728,0.05302862628873253,0.05559418114066933,0.05803270074076681,0.04837521159052516,0.055242893926931165,0.0528393886463888,0.05638244627531388,0.05641971923477512,0.05624574716483934,0.05793452534468873,0.061469183310500115,0.05854091580798579,0.05915923164335133,0.06263008401293158,0.05435208415491688,0.053770769969567096,0.03833719749021795,0.0476549295485676,0.03509283676805166
636,1,1,0.829390074908816,0.8309051217944381,0.8263718244539658,0.8295585512081555,0.8307365051264778,0.8269584030894849,0.8285071807629101,0.8341714276122253,0.8348023404580159,0.834814429766119,0.8473438138470334,0.8549766473368603,0.8413656059026057,0.8341479080242554,0.8348145288510925,0.8251534018524107,0.8312197416088214,0.8360908069639595,0.8365406190746341,0.8536416133150068,0.8362400863158926,0.8265640832851685,0.8351283996616106,0.8335235607476298,0.8372323153787832,0.8325664713762756
637,2,0,0.33014119032129247,0.3469744580769029,0.3469290837093444,0.34088850837428836,0.3419636410616625,0.3241336417520384,0.3091731732691657,0.3161477553557219,0.3300550716528963,0.3312734952848914,0.30712071157331183,0.32305635027099894,0.3114141942998345,0.3445420721447405,0.3373584925035225,0.34070921854838,0.3304698032989672,0.3467330180441386,0.3417323395903444,0.3256199911642237,0.31946089857161136,0.3152208248639127,0.3262572421993664,0.3184279916255257,0.3120049058335967,0.3303833363168671
638,0,0,0.19077143674871866,0.18910939900345627,0.1834946990903343,0.18045998794436394,0.1782672144705558,0.16364449157094174,0.16777492027291316,0.17627661718848983,0.17431064523463735,0.18167126007179388,0.1688731386286868,0.21497984568370251,0.17395077418276716,0.1764063326691411,0.17705934597513018,0.1845778926002973,0.1686703826550923,0.16310396244815914,0.14162470596548535,0.17839351766157505,0.16743921014537322,0.2030118036445986,0.17979088986526573,0.19913843405255216,0.1956530050792913,0.21389678180676333
639,0,0,0.0512110184336361,0.056381085959089826,0.05212685181326943,0.05157860633673086,0.04665705003615361,0.04608383388045969,0.05040810114746397,0.05464407019050754,0.05093591743989284,0.054333640603729326,0.04447474192323304,0.0455837653702465,0.054217283367795244,0.05407419889766688,0.05146179939921491,0.049086055174446856,0.04625335377194101,0.04799910043224289,0.05114025010458855,0.04933917213116105,0.05782460995747235,0.05284306511709854,0.056781104356671906,0.04273916133694656,0.03762963000796531,0.036407807603523634
640,2,0,0.11470721998914142,0.10805170720508168,0.10703400747159242,0.11621578023077232,0.10834918085267708,0.11005185934620654,0.10896829998359425,0.10604192761713564,0.10456414906218026,0.09722695263498467,0.10392155937384324,0.11319180778032638,0.11018911665559489,0.10810395370366571,0.10600581855792542,0.10820846243790948,0.11218291233195739,0.10369750361178513,0.10622772461774216,0.11233170356513379,0.11793358636744815,0.11248733361548884,0.10629031111432681,0.12101568416181763,0.11276321073578237,0.12041259521156279
641,3,0,0.1049552457423137,0.10263492984758589,0.10421879174672966,0.10406207043611772,0.10567988579302941,0.09829297696844608,0.10845119784044614,0.10067063585057162,0.1064017428676034,0.1061981698493966,0.10203453303116417,0.10612997837074296,0.1021623073621144,0.10117547509024616,0.10196464544060384,0.10232560552352693,0.10037298381684283,0.09970999452812723,0.09731864949477576,0.1049034747634363,0.10842538202173124,0.10709350431650301,0.10439301491305931,0.10285435379279236,0.10395394809805424,0.10619292495134945
642,0,1,0.9544584012247398,0.9571772452939448,0.9551281618222903,0.9544733351509865,0.9558850333179488,0.9428429730248186,0.9567276905633953,0.9539347785733793,0.9548796638417025,0.9568478777139836,0.9554376307181137,0.9554546327682566,0.9568432128563288,0.9546181754604892,0.9568800501199733,0.9557990976326142,0.9556861141026282,0.9532525991728703,0.9533512442107203,0.9639389735257251,0.9521748761424803,0.9553180444446902,0.9542595968983097,0.9566354978482376,0.9569592778282828,0.9559580025530322
643,3,0,0.06395068407552082,0.06560969286666017,0.06479374699718489,0.06287371074773611,0.06522663224930889,0.0713487767337157,0.06487920220023448,0.06190084936473247,0.0688674269137972,0.07253553828675359,0.061079171449355846,0.06823265147849643,0.062195876533474324,0.06733153305290902,0.06691481814416043,0.06723145501688607,0.07116924971661136,0.07410949552171232,0.06869340709559373,0.072163672670579,0.07452396859536677,0.06869650068515984,0.06376978937083798,0.04284968297113421,0.05461069294186315,0.039861073263477285
644,2,1,0.29939912581076517,0.2987068540038066,0.3072659159754898,0.3124565486405568,0.2929562891521411,0.2678942098379329,0.2759926456751619,0.3077648074767474,0.31163749810493124,0.317786347989561,0.3924232267166834,0.32906580280865844,0.3207568252885341,0.30576616564201403,0.2974845930948358,0.30286541176060106,0.31527266755466604,0.2905197796590829,0.3436695670651228,0.2938793596775773,0.29325125104113575,0.31982321263481156,0.2887482608561321,0.2984110365340899,0.3016578383056268,0.29895312776582045
645,3,1,0.9433622700434571,0.9455900051206084,0.9436100539715436,0.9461991360604608,0.9484198170353255,0.9403610391174242,0.9457768780048124,0.9463765927768651,0.9409034625345353,0.9429349718967196,0.9451447808489681,0.9480172397631247,0.9421797317795022,0.9448293600349138,0.9435584819942787,0.9456982651231071,0.9454262443804256,0.9497728269607507,0.950293121024592,0.9446415297103267,0.9377359590969411,0.9458418650120984,0.9439734274972781,0.9417056610705897,0.9392612081980811,0.941857594043038
646,2,1,0.23209527323049964,0.23838194608339358,0.23684305159857397,0.24069808254327807,0.23643416136060733,0.19929166245651575,0.2362069781826072,0.21491806288075754,0.2296705574213296,0.23346606376512424,0.2150001886967884,0.23458009273714753,0.18694217692178372,0.24023647856619976,0.21937536734702848,0.22992968817691684,0.2366281733671005,0.23432296146390297,0.18550845775236455,0.23038496890139604,0.24386561232914852,0.22327830680483648,0.22686138272520226,0.253588215466721,0.2097188025565304,0.2565248957880149
647,3,0,0.09140558589808688,0.09136925813517517,0.09186923994496109,0.08929049182448152,0.09093967326601489,0.08750317071522008,0.09399910787889748,0.08987268102452196,0.09060913557095779,0.09233964141929357,0.09264242630295604,0.09073874087954041,0.09022436025941942,0.08980583257680029,0.09022128949101797,0.09118850142994121,0.08922885464811531,0.09032024095940393,0.08358495456164576,0.09203363000468902,0.09777514928477499,0.0946330173784442,0.09198667314918484,0.09116853153126614,0.08985918202393917,0.09238512103151214
648,0,1,0.21580893723193495,0.22961976375157947,0.23013519521954673,0.24928156781769142,0.24623323417718657,0.28375549651217474,0.215706142119121,0.21266670356523776,0.21592125604835288,0.23031806185310622,0.2162633563383984,0.19815240433043277,0.2339917324898756,0.22620726245871614,0.22616053456680985,0.23812981513272677,0.21603671544996816,0.2087453121529811,0.21343903857495686,0.22436724495084048,0.24489886743019498,0.22961583287608045,0.21208508402942772,0.212892619236692,0.21769307907024524,0.2410634302857849
649,1,0,0.10327882156903494,0.10273470297115823,0.1039188752874821,0.10251473583979968,0.1009961855207522,0.09876426821263869,0.10235574799152512,0.10520678680924823,0.10258193684337984,0.10732890885408308,0.09544451854319098,0.0998612835514559,0.1016420075771468,0.10622825670422935,0.1059889214270676,0.1057181596045818,0.10169981012345448,0.10341957099456539,0.09601609155632945,0.10478085676102096,0.10439352356295724,0.10391211036757508,0.10047041281298282,0.10260723879136878,0.10442429727647194,0.10363667465234074
650,3,1,0.6020739511580634,0.6001732393281985,0.596564722526323,0.5977056105800292,0.611204211987869,0.612475698676196,0.6092323895467011,0.5990764191695997,0.5970137573372808,0.5865496682459069,0.6057251421164438,0.5931182808420755,0.6018286533890748,0.5953168991377896,0.584740897066336,0.5865832808933408,0.6028405681682153,0.5980476941790238,0.608129553095074,0.6040443159427792,0.5851493535408024,0.5943807630033354,0.6049783537032695,0.5982873780164436,0.6008391513730434,0.5897920766151666
651,4,0,0.09955098738660452,0.09892999898168879,0.0982088604304152,0.09948073926135977,0.09977935336451012,0.10240989422465278,0.10178639486502787,0.09992103555552267,0.10023570878894894,0.09991142452297574,0.09867585753166859,0.10167599749120755,0.10035820257908264,0.09884918721215624,0.09817610531355232,0.09852027013355047,0.09961753826329182,0.09934312138583618,0.09678406434249513,0.10121781542161039,0.10318586109282311,0.1000455401897432,0.09976713069544914,0.09959010586256782,0.10114124856872926,0.09946050505717947
652,3,1,0.9574754173528354,0.9544946603804826,0.954243123789123,0.9508180179295501,0.9481601780832825,0.9523687925781538,0.9536376798535479,0.9590779128551782,0.9537567696038135,0.95599021932497,0.960619397826712,0.9567916420951564,0.9501450271747878,0.9545091634539703,0.956902461933212,0.952813721775995,0.9543231348799103,0.9573302469714511,0.9573586245852259,0.9590234732266856,0.956970527705872,0.9509768916700175,0.955848340775369,0.9615005327379559,0.9573968793732052,0.9575570662008221
653,0,0,0.08927628190639031,0.09335712163368333,0.09209837798714632,0.09068809922167291,0.08975311716543466,0.09481351235607353,0.09304805547636837,0.09417562166121389,0.09308587312020107,0.09026714359857725,0.08920853181782094,0.09128748182307748,0.08917289496798925,0.09377645926858502,0.08904567443299133,0.09145788210684606,0.0911668764212414,0.08675413150441257,0.0871369179396773,0.09433539669908862,0.09391493409768477,0.08805976138110512,0.09032986895890893,0.08765195661981828,0.09066209384700008,0.09183372819130249
654,3,1,0.6894256190473488,0.6991955230764617,0.6883445354522069,0.6944610903075423,0.6987108813967465,0.7046389833615323,0.7045925670200482,0.6848246193208528,0.6962296997667673,0.6960671460494822,0.6984971275856148,0.6932202282347495,0.695265796972242,0.7019895274362455,0.7039279875926233,0.692703035204679,0.6950984944639172,0.6870756498087367,0.6945971503780942,0.6896182660556316,0.6940839964399975,0.6816193469552739,0.6882271994878639,0.6820856188559309,0.6955528044112009,0.6948869128327299
655,4,0,0.6054735035605451,0.6075789817563088,0.6187800841557553,0.6111779694420251,0.6115575386554803,0.6805349911377298,0.5958713343232339,0.6247811860077607,0.6105308739266796,0.6013697054427554,0.6282547544382844,0.6334719904220832,0.6218811624752236,0.6088747923851666,0.6136283855094716,0.62182536706968,0.6096013379125641,0.6173367583714192,0.6212252361707016,0.6083044587902319,0.6145272673099728,0.6290951293660446,0.622408238894517,0.6259173176702756,0.6308925716675907,0.6323911276111756
656,4,0,0.12724224066214032,0.13121992201904395,0.14124671579735334,0.13646418901135368,0.14263311229456596,0.12376345904064527,0.14076053872196,0.1308471245642272,0.13400653380232286,0.123988669884044,0.13148815792405388,0.11747746351009791,0.13542745595979297,0.13150675907386222,0.13416877889567055,0.13752683573290458,0.11878583018941591,0.11449498190434464,0.11987023097896315,0.11671598596589657,0.12253503180072549,0.11058170539665192,0.11931753259084023,0.13892104065616628,0.12787450263739955,0.15227450079234106
657,1,0,0.10274214418262233,0.10496782601480574,0.10320433815278855,0.10478625360513183,0.10183241785166647,0.104386563979884,0.10358167271571216,0.10826125016746131,0.10531390064195427,0.1085362019254822,0.1011321116354897,0.10602380505979524,0.10083564009293265,0.10243649737272902,0.10200287282239957,0.10211803671433077,0.1034698939801566,0.10598245655462087,0.10267777219821456,0.10786495523872769,0.10568201041952334,0.1058468468772734,0.11044847191479785,0.10234450058029389,0.10249602866753048,0.1042374770760735
658,3,0,0.7459713782671488,0.7426758859239141,0.7571680114698413,0.7469718818971649,0.7429421852429282,0.7261231420382819,0.7505730862800201,0.7457774079090238,0.7462656292795758,0.7564373492627903,0.7263278966578026,0.7465391590038445,0.74684677887982,0.7406765708206144,0.7503588665141802,0.7445211320629781,0.7374658529662813,0.7356600503655505,0.7341663406366239,0.7436802089429918,0.7490863907932696,0.7584454852391195,0.7633001196938586,0.7608027216152055,0.7511027952457731,0.7499557966476699
659,2,0,0.10506760951677636,0.11076725815850323,0.10880385794900667,0.10756672502633613,0.1068972931399254,0.10882667775673434,0.10848765230532727,0.11044159650417358,0.10926994792018058,0.1122806914221553,0.11527125108458582,0.11026469229529405,0.1194289327331224,0.10899717495285251,0.10153605266279943,0.10962761932724992,0.10942105785115692,0.09897146537807179,0.10389579986423843,0.10641407734365156,0.10867169290201935,0.10583423597385745,0.11115160060010304,0.1126109339032813,0.11137079099880176,0.10954995694859544
660,3,0,0.32962918154606585,0.32752907647382673,0.3182094318515352,0.33358070301844084,0.40159754474331066,0.28402836808825804,0.37776495182421305,0.30485823348476443,0.287117682622594,0.31748799542443057,0.3254374624267434,0.3060732723156579,0.32896978800067517,0.32074165776230684,0.3209975268182646,0.31582042650943015,0.3146357695297261,0.33880628685339476,0.33128890253472015,0.3434010057196215,0.3391257118871001,0.35593150821659186,0.32618026810315276,0.3592002889841808,0.30156875407242006,0.3688756642784921
661,4,1,0.31279582060801164,0.2956853747692973,0.29861680231524595,0.303778072331836,0.2930010447520306,0.32885824113820483,0.2786988421985274,0.314015340163924,0.3201396185927156,0.3225055823348421,0.33300058066012955,0.2908472471372236,0.2962140004298688,0.3027858366404094,0.2844753234320191,0.3073292410629207,0.30684492526654106,0.30970871336594263,0.3009810842778223,0.288883141735319,0.3683179379502473,0.2935969282918356,0.3041091814345083,0.31453272908576696,0.2878245220576881,0.347304417405975
662,3,0,0.06070244780314247,0.06253898852888781,0.06071300454006123,0.05910300052286538,0.062494957278702586,0.06369910085120227,0.061060081082812655,0.06202662502692178,0.059590012858334485,0.06178835284962586,0.060336458556618504,0.0639584646184531,0.05997495187805934,0.0630890835637135,0.06076540901992178,0.05879899758732487,0.0625411285928769,0.0673372876347484,0.0668866949592125,0.06300519184207315,0.06240254862235661,0.06188836100962145,0.06820346744706814,0.06202757688819227,0.06287122843714617,0.06440045209987806
663,2,0,0.15404246301922966,0.16560129506207802,0.16551193159399216,0.18095588909427307,0.15688059338372132,0.1443668641689844,0.1840862046606484,0.18089067182774507,0.17853796802717414,0.17308313188001,0.17983767324729152,0.16582082643821983,0.2088673889258059,0.16224743536979633,0.17588981270103832,0.16000531059623133,0.17269662024933063,0.1708119013529065,0.1781584535051405,0.17731853904868378,0.17529285381455065,0.16104987788222921,0.16014968313726632,0.1780319343526395,0.16245114458014376,0.16120788272818107
664,4,0,0.0881281552541019,0.09010072379256051,0.08934387505792539,0.08917132038581936,0.08733193667290029,0.09444442744585696,0.0912933027228422,0.08544232649919091,0.08760683803271802,0.08508981182705067,0.08630944936717479,0.08354731136046178,0.08489486767282689,0.09026676281669317,0.08783194168077786,0.0881950343715885,0.08870147554595804,0.08744671492968652,0.08380870647909573,0.08925506252046818,0.08750474023861333,0.0904107663783729,0.08451143353327317,0.08556738791792706,0.08734919242888879,0.08631497832695932
665,2,1,0.11863426793631032,0.12223259829516823,0.11866679340453967,0.12028347768807078,0.1301686714157608,0.12939447663701162,0.12802826486226793,0.1251894286767478,0.12650309234645069,0.1280226794756332,0.12313779455866553,0.12477815831630434,0.12815052693911128,0.11701762435982534,0.12413675218285723,0.12035562575006709,0.12039693464706287,0.11911115594479878,0.13326189386693682,0.1279970695836887,0.12567894282387468,0.1109963574890675,0.1317265182374496,0.12329792712886399,0.12238543617274004,0.11895291526848299
666,0,0,0.198969463892439,0.18145245806640506,0.19096225704408987,0.19300569426492983,0.19030476797057128,0.16168685110928577,0.18938227121664689,0.17894030316199658,0.1766093066852481,0.18841611308949827,0.19510009316411558,0.1921381167967937,0.2857145877548201,0.1809003481585992,0.1697865797750824,0.19305889578208024,0.16986668361883814,0.15560478731351088,0.12715141812275918,0.20121005928800784,0.18218996459034106,0.23503576880938426,0.20637077475699192,0.17754087503516794,0.19015582028282862,0.17982337353360076
667,2,0,0.11289552855097373,0.11407816049733194,0.1132748058817623,0.11379564806141186,0.11004622378748295,0.10861009377377917,0.11304635680062365,0.11922741956639664,0.11555043940693455,0.11925035128133882,0.12029143225970647,0.1152217246316412,0.12339020739403335,0.11376562504730675,0.11101977727027894,0.11540693221426128,0.11501305340995767,0.10905720059792612,0.11148460567547054,0.11161560802258708,0.11438016006623451,0.10859638071171701,0.11564519190919471,0.11811916961463438,0.11519646057406883,0.11604292212724132
668,4,0,0.1001638209769818,0.09834483585620991,0.09723845528620996,0.09820703678819431,0.0982886739633121,0.09826575749432791,0.10080149516533991,0.09962040823396441,0.10009928155108792,0.09964503777162644,0.097630794502358,0.10133265715915528,0.101431825527302,0.09855561634786521,0.0987562745872738,0.09740274479640665,0.09804597377399078,0.0987547685549438,0.09658386874560125,0.1024643287703309,0.10117737799629034,0.09954469775865053,0.09424178035398324,0.09865522015652763,0.10164643347281214,0.0985042815641669
669,0,0,0.09981508360019342,0.10238683929954286,0.10566219173794995,0.10247480323430362,0.09972323983273683,0.10672258779898575,0.11111932185978445,0.09840498410960996,0.10041454788010618,0.10021660838104614,0.10321774442783828,0.10593977796363219,0.11403227102107161,0.09746496223985616,0.0974406951285146,0.10144796561255613,0.1044442813471632,0.11208390733557416,0.10600102008871652,0.10269357695128224,0.10302343897534218,0.10654655501914999,0.1092177708449548,0.10613023704274364,0.11191384582047754,0.10134227198479778
670,1,1,0.9430292919271036,0.9414336467543923,0.9450832577411928,0.9469775537095688,0.9556333961576643,0.9466811426903702,0.9539718381791067,0.9467927712090516,0.9433384133378665,0.9397810690436637,0.9357559698979658,0.9343860454034925,0.9410955002333239,0.9408839004937848,0.9449386615630031,0.9426756313266615,0.948095479976803,0.9440615562717897,0.9401681197162892,0.9458343218794122,0.9412222749239185,0.9437333903001469,0.9420932068127256,0.9375022190715737,0.9461001856561296,0.9405389990293518
671,4,1,0.8030211732695544,0.8112986358522303,0.8243913830331581,0.8138964761618458,0.8070643643261913,0.8039982192048513,0.8170265656154508,0.7529386045840356,0.8180566384747007,0.814063166308201,0.8062637402938627,0.8034331298510785,0.8328264205227912,0.8147667759503179,0.8199790239841166,0.8213516566023369,0.817748219953565,0.8123812141502236,0.819714248105786,0.837507810252696,0.8291078563658599,0.8213417230323236,0.8180182969429836,0.821214958858695,0.8261490951802769,0.8121341450269322
672,2,0,0.36591640396882236,0.3221103100646449,0.35834735619773195,0.3461614835964259,0.3467487807754304,0.3285949440937996,0.3251766383871192,0.33016468399924953,0.3484620951968777,0.3493265676092862,0.35306928257709574,0.3293730943752177,0.35792108842039755,0.34970701248179115,0.3444834326417731,0.3315002756969774,0.35155509351518893,0.3255130483150518,0.36933735831537334,0.340912001959009,0.33929684712131,0.352825296349416,0.3428858637846755,0.33343323612817116,0.329098690393226,0.34582679967143837
673,4,0,0.09899469472662292,0.09869775862559056,0.0976076746639663,0.09780957159028976,0.10210736361360544,0.09774564547547611,0.10161410601973293,0.10219114445775827,0.10522590029771807,0.09741543783475666,0.103974457307419,0.10381045967316845,0.10576314738536167,0.09784314153722733,0.09931183120055008,0.09871459676915932,0.10168775253710811,0.12023293012070618,0.10486355636703253,0.10696330412784795,0.10496738082085526,0.10715503660266108,0.09737066914537423,0.10026391146503572,0.10212550004854341,0.10601915871347538
674,4,1,0.1002498403636538,0.10160767380672538,0.10288786176128571,0.10548203148155377,0.1050567024023968,0.10863896064035296,0.10170596461861224,0.10716786413934369,0.10771233362164083,0.10438086285265184,0.10477068309145547,0.10627613212687774,0.10463496242699877,0.10143872641030072,0.10201489909026575,0.10291170599927851,0.10679057253191371,0.11745250203623935,0.10087619894942983,0.09400054502015082,0.10061393296367009,0.10665910217480168,0.10494055388756048,0.10808399589438193,0.10782617884140046,0.10461843233424067
675,1,0,0.08834938289775357,0.08866521128208314,0.08844141480386158,0.08962682458724108,0.08614585011487079,0.08638822206472012,0.0903412360758874,0.08851541415295316,0.08744532786341301,0.09103667836510639,0.07637292085316545,0.08753028495908972,0.08253921256050652,0.08578441357756138,0.08783135346605664,0.08759445347285776,0.08498720317452158,0.09073635116883438,0.08224974455828278,0.08632868591193443,0.08797914458643334,0.0849458777673976,0.08930998416987047,0.08842770688670619,0.09559039137937797,0.08564787149634963
676,4,0,0.10138117641843754,0.10275219496735162,0.10343552810540622,0.10090777259662559,0.10192267053908775,0.10849481897678892,0.10468411363345069,0.10465861738663225,0.10512191558970972,0.1050814668713208,0.09990361651178352,0.10419630990751033,0.10495363808255874,0.10302315897190932,0.10086941423078195,0.10236859356196694,0.10158507312522219,0.10152331731623011,0.10120159132723881,0.1073910757297666,0.10594021365518728,0.10246454848618998,0.10030590795949162,0.10008922850643624,0.10500397638261094,0.10244215902731983
677,1,0,0.10483927442957575,0.10597157256475108,0.10573650858802723,0.10655581356365922,0.10593655972122135,0.10845180033928763,0.10813230372222431,0.10927610193517968,0.10926744339902854,0.11111661007042516,0.10380562180030163,0.1095382389747363,0.10138682623300778,0.10315198090492649,0.10424045081509302,0.10312371518881915,0.10717771153218365,0.10314878672490524,0.10486293032829347,0.10708584951922197,0.10813398558658237,0.10039642874040643,0.10917991190947475,0.10686448190669844,0.10547682373859375,0.10651736927462539
678,2,1,0.5044267648862245,0.5150261574978455,0.5084253788746983,0.5168624235370533,0.5168137281288329,0.5344164221946766,0.5114885683118998,0.5295681980089085,0.5265474949052754,0.5212501458513377,0.5305019368612306,0.5447317771493693,0.5419516737391564,0.5108443016003814,0.503941131505321,0.507918733397946,0.5198798588498311,0.5107441443827194,0.5175228792389156,0.50826344774133,0.4993038430927805,0.508466131906523,0.5273715117485156,0.5310165072114601,0.5294484490314882,0.5350282668686189
679,0,0,0.054310985964801696,0.056125346915028185,0.05703851189540441,0.06496205438918018,0.05506077785518212,0.0450884696151678,0.0558316875724352,0.04896247986585073,0.04941241549593514,0.05473596619803998,0.04893011788173368,0.049825231644036294,0.06149766748245286,0.059014160365427004,0.05464907686619508,0.0549012772689215,0.044086169798527565,0.045840547361842766,0.04847751125811448,0.06337014272680318,0.052129635770723964,0.06181585539070592,0.04986106434936787,0.04812331169660322,0.039169726402422715,0.04231842461947057
680,1,1,0.4111943095436761,0.40294096649522015,0.41644515816197475,0.39869137199658217,0.4110870132312687,0.5498900076608558,0.3731751679112573,0.41046113762116293,0.399240277118861,0.39436457735492914,0.44163298482710706,0.44826876890122785,0.4323941218828584,0.41410220488743993,0.40967430663165016,0.4220696698815554,0.4047994620850653,0.39176738597326527,0.37908033057700075,0.4134631904320252,0.3962949112813942,0.4373421199673051,0.44046861583003766,0.37626742423192766,0.4041221011615535,0.39712472272609123
681,2,0,0.6057879305481301,0.6137337981398948,0.6136960565378806,0.6056742580223746,0.6028891533524293,0.5810223599293899,0.6140435386346624,0.6241758134834977,0.6154238153535389,0.6129644610809077,0.6231151196357541,0.6273798843877091,0.6158673816065781,0.6148942845693323,0.6099203404912,0.6148905446162841,0.6091601427250138,0.6185381467551433,0.6198840526190282,0.6113867931898471,0.6039897888043451,0.5994187318483257,0.6201069870742878,0.5966511442177633,0.6023494902731671,0.6179813019823988
682,2,1,0.44535438791429044,0.45311382495248526,0.4745126416527599,0.4485625354964051,0.49451494610968183,0.3871576467441637,0.4761506010558696,0.46146695063410564,0.44422305678242907,0.469237303865737,0.4073459719683232,0.4133116503863281,0.36186512809022936,0.46823269564215514,0.4297111974316672,0.45384227460285925,0.45828602752804043,0.48908739665208306,0.3793247267817344,0.4482026546338955,0.4525095862569318,0.46202318024350925,0.4532285902594735,0.45157449404444067,0.43044824020322,0.4494316561014046
683,1,0,0.10068692713500411,0.10668313846512177,0.10851298207153415,0.10338781038130108,0.10768404501829254,0.11044698129827975,0.10754360076185139,0.11441625009681082,0.11199255239555754,0.10909171316165168,0.10048312437904151,0.10580410124202601,0.10575564392607023,0.10841137962029739,0.10161572398684644,0.10658662464801043,0.10786002477879375,0.1074166396036609,0.10408789621156189,0.10648815643793046,0.10539193205630219,0.09993614467096014,0.10707551458730086,0.10742802723494277,0.10256669391004185,0.10431440439925443
684,0,0,0.06549539188498328,0.07507849665964263,0.07541382075878444,0.08018326095998483,0.08140076830228014,0.07729683471825803,0.06897401812472742,0.06773011929151056,0.06971097891601111,0.06826037378626738,0.04388005541985617,0.06299471889549231,0.060414060037357276,0.07015058656028077,0.07994961849504985,0.06895547831625072,0.06638792202611375,0.07105127585384992,0.0513144270504686,0.0839654843159872,0.0720517101522672,0.0729095178302699,0.06451422969471536,0.06962646803590909,0.07020638141474593,0.0711404761994482
685,3,0,0.08610504067330717,0.08669842752694212,0.08497182797747178,0.08710196585642804,0.09025553111817004,0.0891760677858746,0.0854475323344986,0.08117016255577368,0.08733380026629445,0.0952004807912049,0.09856495967346902,0.0885255239897406,0.11074900691307098,0.08401485164308377,0.08547853613941143,0.09257847528485817,0.07737108741664914,0.08661871055560262,0.08362119001014583,0.08295740724589921,0.08154781105163689,0.08710864169655608,0.08433249371147906,0.09677022671765252,0.08205432855300966,0.10056408539419841
686,0,0,0.20838502801742045,0.22562949640020688,0.2200657329708745,0.21411393888100624,0.20771187831745674,0.22986974490189108,0.19826977262741408,0.1989340126799722,0.20538017728018487,0.19722540528040808,0.20482829796032354,0.26795776686345,0.21082477586834,0.22319951150925665,0.2083069770778525,0.21954299732739738,0.19845389827389703,0.19934969706625175,0.16339843401736381,0.2093345260392144,0.2045594003307214,0.21219754131985943,0.19849181436055421,0.22254950320573555,0.2154937229160272,0.24571327494964953
687,0,0,0.05056794078743405,0.048430301620660886,0.05375833680353078,0.05385517968121011,0.05379763575546706,0.054991751527574816,0.052768434301358726,0.05316644957719415,0.05208391208240404,0.05038822589478489,0.04461666563390407,0.045774881516893,0.04794707661276492,0.04994164186149566,0.05291225107728447,0.05208867736476616,0.050186478265242584,0.05588019155580876,0.045303151234760315,0.05193075994605927,0.05575939166228711,0.05202943291570548,0.05010864276231695,0.05178275687131478,0.048268548204192796,0.0483384621606389
688,3,0,0.09488952153469053,0.09694886775559641,0.09833769798076408,0.09686320962518014,0.09755759838924032,0.09320998811692031,0.0965906149598635,0.09699570618162245,0.09721669242385143,0.0974340868060913,0.1009630555372961,0.10048111190640534,0.09232883785786315,0.096519137883127,0.09659108920693942,0.09659514855442497,0.09408312497301757,0.0936780298812346,0.0920653833347631,0.09792670079489675,0.10185748840838789,0.09885287241640724,0.10067985577476245,0.09630503067869257,0.09915157324198058,0.09367090996528671
689,2,0,0.09782372785567302,0.09798717776773543,0.09660004794458632,0.09731577581081037,0.09837552689761353,0.09877130790005118,0.09517873035307318,0.10036009546386236,0.09853116446990338,0.09941575049433991,0.09205901995112598,0.09918731268233082,0.10017051625396102,0.09850424080080396,0.09284946006150357,0.09772983016704,0.0972936066177119,0.09609621320471846,0.09397673427183105,0.10004342638673137,0.09872590825761707,0.09775188281616524,0.10305115797173503,0.09632375484604731,0.09800793548829063,0.09580590903030817
690,2,1,0.9692760045967038,0.9671635306695592,0.9683477693676018,0.9698144393708307,0.9665602553182507,0.9707441759271136,0.9668119996733463,0.9706919294985538,0.9719622868930524,0.9673469930995103,0.9660962789319955,0.9701864206574031,0.9608894352249601,0.9679203559546323,0.9685026942434559,0.967674421973801,0.9686748146885827,0.9755444637389915,0.9692922965877716,0.9681119653001761,0.9690653200436165,0.9699586954074672,0.9654242625991191,0.9685841937067217,0.9686804367317086,0.9669052188756568
691,3,1,0.6082552509598557,0.608024200529003,0.6086557899195711,0.5987378607579518,0.6098235669427674,0.5251002994758778,0.625157182665701,0.6040047479684909,0.6022709496022677,0.5781872563319489,0.6309555584354613,0.6208725584874154,0.6056498206175108,0.607377349130241,0.6003601874038921,0.6044377488189028,0.6013914179637627,0.5723896130519871,0.6409252894565852,0.6216886768443123,0.5981786731724829,0.621212250626875,0.5926784138401291,0.6423632726685291,0.5906308065675712,0.6430985404564189
692,1,1,0.9008594706364642,0.8973480122650979,0.8978811701343127,0.8957629521464189,0.894766719752445,0.8894298644550928,0.8933791210562632,0.886443297668199,0.8913603048072187,0.8940880930318423,0.8619531650101898,0.8519650923362528,0.8814791207337301,0.8951346283932073,0.8876801039998764,0.8975436674977485,0.8907795251930611,0.8857324268927145,0.8918399865929314,0.8915495980847887,0.8986325225434189,0.9022651335877292,0.9061152118951833,0.8832901866010728,0.8806009353792242,0.8763796460849193
693,1,1,0.48967953585209,0.49282622445612745,0.5121365496479169,0.500315580621641,0.48874111550875027,0.5376520551468834,0.4735314925950111,0.43530668083248436,0.465715983316765,0.42674816398287213,0.6147579191062472,0.45939457889768703,0.571275729231276,0.5021420595758118,0.49743065444418716,0.5119165556261499,0.5051051481778676,0.4913623297375395,0.6350369151733474,0.4703722004154843,0.5034966672276445,0.48693347198478487,0.4941667673635611,0.5170382152898664,0.5086800924805907,0.5061997677157023
694,2,0,0.11014234913374615,0.11278438884910603,0.10975086937180573,0.11248516206354738,0.1142074690983262,0.09479159938984745,0.11422794685071114,0.10015770093373855,0.09963880169635068,0.09377499091207304,0.10199565406281452,0.08650782763397304,0.0853460446877498,0.10892221299440663,0.11136459367117503,0.10742244967146623,0.1133985280789764,0.10596130930689256,0.10055535972525491,0.11624278327131114,0.10991469759051148,0.12023888967261202,0.11455136131784792,0.11041626624997292,0.11546054602410342,0.1095964321768473
695,1,0,0.36790074632805564,0.3585800911472998,0.3454694273472736,0.35321767939996457,0.3128133534166748,0.31495959303544807,0.2957310056920494,0.3412888835720009,0.34879705592630866,0.35637106827365733,0.3350967540511927,0.33239860582219727,0.30469093220120586,0.37308932213176854,0.36920257970568926,0.34818023372642976,0.3556964893910637,0.35990564276516607,0.3734629325643135,0.33352275417619187,0.35191676602510746,0.3499776469480645,0.36194713182749044,0.3451863093971029,0.37060141431445964,0.352396818953447
696,1,0,0.10050927995053478,0.09584899976815335,0.0942802461585659,0.09617663686054316,0.09543384789876062,0.09301386952119185,0.09706694772259876,0.09523278738089973,0.09808569993914557,0.09630668251781976,0.09360355477025444,0.09085996302715864,0.09380598287806045,0.09695708064343168,0.09703362228270934,0.09467807902421599,0.09813713441692534,0.09938463441363177,0.09563857361433341,0.08689464107788673,0.09482120846454382,0.09808914528590702,0.09795065958184666,0.09568200076968576,0.09530210855854175,0.09803572767011866
697,0,0,0.1132682935518277,0.11205714744126556,0.1124813185961286,0.11670338604724957,0.10966919765725618,0.12296527668572861,0.11592947948223313,0.11287044832733324,0.1149935282902118,0.11483037959847275,0.11742469280752638,0.12494202793914132,0.1285384566072246,0.11294557095525792,0.10816059239912013,0.11239862983535097,0.11842421683462263,0.12292336051999035,0.12175999892071239,0.11652331450185993,0.11873223202952739,0.12291167730288,0.11980918218483133,0.1025213352113481,0.12542617021444136,0.11968353035764782
698,4,1,0.6712551948754225,0.6664706631434069,0.6734055060883319,0.6720342362634826,0.6761128157904177,0.7282947888535531,0.6759109080935716,0.6537069566049251,0.6658888672548723,0.6647151835244852,0.6679615554728034,0.6756937871955015,0.6735635535811118,0.667239881643035,0.6710155941955276,0.6698752227111021,0.6615694759384193,0.6610878594977044,0.6706766047849176,0.6649518313378066,0.6740076006579834,0.6680299662718987,0.6740775157882136,0.6653443265865957,0.6675379871309679,0.6663965086914312
699,4,0,0.4541995216680077,0.4602410279345632,0.4745488922513363,0.4710400203157484,0.4223731353956442,0.39209211436289726,0.4119357695503642,0.4312790331557457,0.43686883936966514,0.45238800688360675,0.43831929317945234,0.43942155449722664,0.43862211700913684,0.44398417095760007,0.434819266981978,0.46148441576372495,0.4435519351156683,0.44048275479719606,0.42340685500914593,0.42543933689673974,0.44192478395115864,0.43651219448685813,0.4516475296502473,0.3957078347569279,0.44201699397835953,0.41554751338911
700,2,0,0.09816972294999488,0.09753069128669713,0.09830138247519045,0.09718994808934249,0.08817624273255935,0.1290297864319889,0.09223848719818895,0.10098120667656624,0.10310508157579211,0.10864222986159944,0.09859556130730784,0.09506992294862615,0.12883630707594723,0.09842816576150763,0.09728754038648707,0.10166780591091201,0.09502272885713685,0.10961324629270879,0.09414453877362723,0.10134006951083328,0.10635535371950149,0.09322253444985835,0.0977541224364249,0.09152707071103401,0.09588328480964277,0.09915945415488191
701,2,1,0.9377149778756074,0.938441688342369,0.9341045721940131,0.9253220508995632,0.9286035600102459,0.9156115912743954,0.9197143950795964,0.9337928257739406,0.9417157294773352,0.9325809719457188,0.9334505278585811,0.9342536974248786,0.9245482449779917,0.9394063032017052,0.9319767302848382,0.9384494821203062,0.9331373644658204,0.938155010230011,0.92532287896222,0.9335027531950403,0.9169369832072252,0.9345413298103139,0.9279509071361843,0.948874770491433,0.9452584304020487,0.9534950833745054
702,1,1,0.6106649885871889,0.5863197719822884,0.5949228731342564,0.5999940654575007,0.633973379321013,0.619354639442418,0.6087999663861013,0.5927820228133297,0.594103391065635,0.5988747031406149,0.592029025582674,0.5933705604561942,0.5729936624908314,0.6094872289350418,0.6026749833171645,0.5960113515800124,0.5882071319689107,0.6235660561312381,0.6706060157325174,0.5966671928840487,0.5973843827195728,0.5912430498708747,0.6070745981590414,0.6078948309741151,0.5816219421966954,0.5827376083528509
703,2,0,0.11818999304886967,0.13080024375009544,0.1386957993790113,0.12407564463350514,0.12029677840665039,0.12294150016367811,0.12332225774823653,0.12257872751048376,0.13430767866475168,0.12973242428611717,0.14586189544439368,0.13328393118587423,0.12866299049008978,0.1337895345692289,0.13667471067595116,0.13103671269921416,0.12069737991904815,0.1330652876972683,0.1311832038109886,0.12814354118627408,0.11768755677970182,0.13514867779037346,0.12586648076844142,0.06316346216454928,0.09562723346634128,0.06717857860736616
704,3,0,0.10735473192978102,0.10984401279023553,0.10866148997929992,0.10757809271810913,0.10543067454190218,0.09783397287498452,0.10808091724285222,0.10581361680434627,0.10646667061439304,0.1087064748138629,0.10362434449934538,0.10788352867739799,0.1038973932122897,0.10702097587339611,0.10981055516152449,0.10873476587775105,0.10687206885517868,0.10604924266205795,0.10504532433730417,0.10635748489809406,0.10532817515525117,0.10737758006806097,0.10958201297579999,0.10471407883776096,0.10499543659855985,0.10076685637517242
705,2,0,0.09507031938995941,0.09686553134362408,0.09360137678120149,0.09323068391363497,0.09767107940771252,0.09467632171305877,0.09273825193143997,0.0809471252842172,0.08863066149069498,0.08526806188436638,0.0903207130380404,0.1023267443727221,0.07751111210496862,0.09485553812091531,0.09108198181610618,0.09376392955105424,0.09185299956799714,0.09268491605334295,0.09631496659019241,0.09575035892484181,0.09942303460881187,0.0905527200479536,0.09349706163109785,0.09001394419914215,0.09324656471748662,0.09376899410186296
706,3,0,0.09577358557362008,0.10004042265175556,0.0999836094665247,0.1030471846602895,0.10297251347647761,0.3104632592726936,0.09950860950637415,0.1061021133129373,0.10483634810425142,0.0972860039067821,0.10818259136141599,0.10152216268139931,0.09374834635680768,0.1003991926809769,0.1005757180414003,0.10287538335009094,0.10368473508206362,0.11219193035107417,0.11814472441022889,0.09047167891759589,0.09499800385141371,0.10259552607793725,0.09484603011875303,0.10360569434684341,0.10755502915099191,0.09905986083978535
707,2,1,0.8997006289085002,0.8968551302910273,0.9055901613062285,0.9026195976683877,0.9090791510962704,0.8963619899221302,0.8942945441906586,0.9138542069847345,0.906637808959519,0.9086334345313963,0.8979953978061518,0.8715689996644377,0.8881705260074092,0.9023709813676835,0.9140384482883577,0.9088011097646659,0.9028561958073738,0.8971587079739322,0.907573332640285,0.9171900704043185,0.9104308381033349,0.913439932959056,0.9043554905405845,0.8713413201492545,0.8266660097899682,0.790338449927939
708,0,1,0.3904925656882218,0.41699931857802097,0.39677645353766255,0.39660417736653625,0.42972838411714953,0.4144634065772712,0.4257777331981993,0.397743447835079,0.3950152092474233,0.4139065041989724,0.4011956011011321,0.4069191483555958,0.40704440956126026,0.3958175800970645,0.40807426457468354,0.40107493538301725,0.4020768741864136,0.39516140048236376,0.40256145308135655,0.3984777025457504,0.39724974033725236,0.3917485930553895,0.42873308786008096,0.40790077314193374,0.40734623361124106,0.39493927885276014
709,0,1,0.8761067117616005,0.89385529494129,0.8866818477047698,0.8875655216173518,0.8838431425557999,0.8850629248491905,0.8703859043574987,0.8985073908885002,0.8929559985955309,0.9007267119969814,0.8742508691841063,0.9113869729247203,0.8714858653679949,0.891939033305826,0.8962898114914312,0.891373746376277,0.8942781012359596,0.8939413147853402,0.894889537136335,0.9182011121557179,0.8835192432264819,0.894239085579443,0.8961258686057331,0.8746182414775884,0.9058219796312247,0.8975181982778566
710,2,1,0.9369873182329228,0.934049393770506,0.936331994023297,0.9414293541776231,0.9418078090257908,0.9401930216524526,0.9417206433908628,0.9409219994884536,0.9385609715119149,0.9436306956072712,0.9437204529241722,0.9393091358277802,0.9322506785363895,0.9335831955099206,0.9431952414608241,0.9399734478822678,0.9463743182493083,0.9384236994316266,0.9405909622375977,0.9408117715162136,0.9382981157098823,0.9347179698710352,0.9292555659141885,0.9525286616483749,0.9459495496317771,0.9472954297794014
711,4,1,0.9385144781838233,0.9403726517168045,0.9404178233538399,0.9412918944971443,0.9479535123209022,0.947034106958454,0.9492230036076111,0.9429470154603665,0.9433496577554363,0.9372999443408703,0.9361069014890493,0.9365362312356215,0.9421473616158257,0.9399902357470568,0.9453288920674315,0.9397018204505914,0.9435917728920004,0.9459196378471538,0.93936366793676,0.9409180593513865,0.9386204079710684,0.939046798472614,0.9374597648242085,0.9402698008867661,0.9431060593325968,0.9426611140590019
712,1,0,0.44978649564637063,0.4587675126493467,0.44231694769177293,0.45021872461691653,0.44701023657754785,0.3997490367796213,0.4623326316838168,0.42635898354222795,0.4335828138404514,0.45870848789786606,0.45107931825732345,0.42235686037415493,0.4563047460600747,0.4342182119138151,0.4473754239036238,0.4286917843116993,0.4409365028302575,0.468430477266293,0.44539986028372924,0.4527286460898492,0.45496908715321643,0.45890937208419197,0.46839116893305954,0.4404983391241215,0.43833656491735074,0.4542846377523464
713,2,1,0.12395335313809663,0.1269596856280789,0.13515997666844548,0.12799844031846416,0.15524211955115275,0.11500368654452926,0.13737242478550862,0.13217901833019993,0.12536282415328254,0.12626139800744596,0.14411025813999787,0.14541508974871,0.15291820482715476,0.13126621259501758,0.13086315162667728,0.13168192430916278,0.13579940577600239,0.14081987232881615,0.12921907492657836,0.13136783473044725,0.14221404131217583,0.117929479538582,0.12686124412370478,0.13755410541168123,0.13857530910198015,0.15176930356188592
714,3,0,0.13633972252320106,0.13207316314975137,0.13583870344492116,0.13680066498937066,0.13238762107571145,0.1226284224884578,0.12591367708544668,0.13407285437596325,0.13083970449480298,0.1367193707362638,0.12581848716988206,0.13773487526126177,0.12205055450515105,0.1319910324510648,0.132546056850134,0.136420804326563,0.12776365650666222,0.14090861117528272,0.12277795761988942,0.12771976902032964,0.12956695107059632,0.13343489507976825,0.1339386141223615,0.13184750834147368,0.13481894668024022,0.13057490295371596
715,4,0,0.07628684110647949,0.0753121738265528,0.07857508860756851,0.07787932488373665,0.0803168068155532,0.08127291420314743,0.07505705328918702,0.07961583393607799,0.07520434486516966,0.07623861424546224,0.06897686465819931,0.08212570714710125,0.07810138693666423,0.07448673665673361,0.07206556535488264,0.07272251891460059,0.07729336619682405,0.07272444520963299,0.0766826166591323,0.07968442066329424,0.07411936956568767,0.0792019002549979,0.07700946789920732,0.07963419628288733,0.08116614456001536,0.0816086483146836
716,1,0,0.14133243187567412,0.1373963169724536,0.15258143919591016,0.12909102632689948,0.15625398328763476,0.20649387764855423,0.1581147060456448,0.14549856897833266,0.14058616060304516,0.1426181806487263,0.13673001901293985,0.13903179209063907,0.14974766344944238,0.13780303187422763,0.13706511674669078,0.14562854497734437,0.14229451592875214,0.13624984983278857,0.13128412703014097,0.13832490569386788,0.1335357963617131,0.14545863985805238,0.13616660154534896,0.1361985940745376,0.12725743453839747,0.13528263099579038
717,2,1,0.9383788723538499,0.9444209901260018,0.9416151636444976,0.9432877859848197,0.9454832603268883,0.9489637660781202,0.9370430396350417,0.9457285108676237,0.9442028415803136,0.9412816901052327,0.9373747426346624,0.9484021125081771,0.9273293088507545,0.9459191448401097,0.9436516248758767,0.9470676198741685,0.943430610179644,0.9459168288659745,0.9441353595031462,0.9471617525393508,0.9380579838676107,0.9425284695234625,0.9453355698511023,0.950416164933143,0.9408917617655715,0.950600758196613
718,2,1,0.8473439668473789,0.8532806498146659,0.8523559855856323,0.8453754444586917,0.8474553042994802,0.8428012721587201,0.8328573306134456,0.8488257333229897,0.8543079441634825,0.843101840696864,0.8485669069003196,0.8580493476261092,0.867174647745958,0.8395457855046239,0.840785040507292,0.844933656449483,0.8489146459628083,0.8637246042028087,0.8574674606293872,0.8583909553754822,0.8562283484293024,0.857808098650506,0.848904554233834,0.8371343242547239,0.8484213660556472,0.8450787568534114
719,0,0,0.11383380117513336,0.10957923983003158,0.11030564544942002,0.10828258570751399,0.11293529110967869,0.10281164880108469,0.11424136108037568,0.1152208139765582,0.10924417945517655,0.11368043072190838,0.11258890650573898,0.10544027181714406,0.11856596380254414,0.11007163956231429,0.11202548411070146,0.1085720361854539,0.1086612160823562,0.11186491428929436,0.11180875961055532,0.12141166372230278,0.11270753321314876,0.11321922770583559,0.10870440794930451,0.11485569544104353,0.11304436117967133,0.11230934525829635
720,1,0,0.09572235461781166,0.09052329280830934,0.09630046536648053,0.09606510022887778,0.09854186133170208,0.09779022090305672,0.09867305367245793,0.0876135874368484,0.08832629926167823,0.0857783337522907,0.09312368781956282,0.08628503548263022,0.10814617323663955,0.09301342764833588,0.09490559237243175,0.09363642552628249,0.08995512048579167,0.09687513214271848,0.09059464762673707,0.09347110262342002,0.09524113018697077,0.09447882515646265,0.08923034642952608,0.09474685371370868,0.09048679418405542,0.0968165228823372
721,2,1,0.9592140356843198,0.952200981249136,0.9573932295223645,0.9598151843196683,0.9613096649712891,0.9584865732688836,0.9546011064781887,0.958336454383768,0.9619005028689572,0.9599345849347308,0.9522715578575244,0.9431215700559124,0.9490357685191455,0.9578241361532275,0.960362889098512,0.9615321939893953,0.9584668330635928,0.9619724590186246,0.9578265636653418,0.9616731418877554,0.962404334007594,0.9619920504751108,0.9559440015439228,0.9640734069069126,0.9606276754165574,0.9625954214661196
722,1,0,0.09087011068748273,0.0904898005666399,0.09035112937528035,0.08824245247869604,0.09212642164410312,0.09330378708266285,0.09058514335617958,0.08239902553129554,0.09475872294775473,0.09525006030004439,0.08787837565023206,0.09548592128166593,0.09104601939668894,0.09298704192022593,0.10751612550113959,0.08997752058161497,0.08550987748126815,0.08837617085873244,0.09001406462637175,0.09122754551642138,0.0897757511771668,0.08828672137644823,0.09454331530834958,0.08631573790737124,0.08891034408088423,0.08981873502232385
723,4,0,0.09793701081311428,0.09947337027517132,0.09929630775835656,0.09979244059825361,0.09980750530709243,0.09987657326265596,0.09868896142884459,0.10384505960523145,0.10377463712138661,0.10087768323513945,0.10154795621696529,0.10248086321611395,0.10168040023988066,0.09910858466980177,0.09888088312630365,0.10042712143931781,0.10410569647845552,0.11076880954071582,0.09940115388464042,0.09116090990251767,0.1005193494593218,0.10248502235242885,0.10081247983466542,0.10441448823552014,0.1046973903146164,0.10215446661492676
724,0,0,0.1199370946297425,0.1190659425446511,0.11882568201771254,0.12062521457911657,0.12530018133279244,0.11829099640470268,0.12175511945650197,0.11770940377277832,0.11806871445410372,0.11938102822488121,0.11938226981724843,0.11622830206701273,0.12050290587511002,0.12155507038062459,0.11710244672547898,0.12002110310055142,0.11902961985805009,0.12062267533726694,0.12280103948755877,0.11605394126512404,0.11705338712084434,0.12184037181171885,0.12493215949450999,0.11950239648555015,0.1188712640888624,0.11147197341293309
725,0,1,0.63333405765004,0.6322362793140358,0.621994183344182,0.6174134311974723,0.6095150602050712,0.6232245817033816,0.5992473217619879,0.6367436276043607,0.6321242626013985,0.6166517673438309,0.6327553857758966,0.6302598275029297,0.6192495116883223,0.6200601488395548,0.6299043484733682,0.6288499382357807,0.6242694814721065,0.6233352525589532,0.6573753541821222,0.6481706692060553,0.6310648191488119,0.6511949025079199,0.6129220549867025,0.6517990433206134,0.6316235766550652,0.6790906156601073
726,2,0,0.060435005769492935,0.06527672719849531,0.06454920455121593,0.06425964461974712,0.05907271831006885,0.05651318926717736,0.05944149608703516,0.05387521621913413,0.05810727767084,0.057369037208556635,0.06326991153859107,0.06307968603187496,0.05934180808363417,0.06258678606114003,0.06065031022820549,0.06219602370773089,0.06527580368899898,0.05881227219620691,0.059336939395114724,0.06180393318312122,0.06053634422282914,0.06148208339839769,0.06465806410370614,0.07371863527980592,0.06321108672000116,0.07006241896782657
727,3,1,0.834417263769903,0.8488516137163767,0.8296551345411519,0.8443892348774057,0.8402918718097442,0.8432810627892701,0.826142987120687,0.833260623569014,0.8414226623594218,0.8397033273665645,0.8134615866637089,0.842456714996942,0.8292441574003832,0.8497586501754927,0.8546474642301315,0.829564925328723,0.8309683187932849,0.8366081490154293,0.8375406811180192,0.8531563813979308,0.8434813305852132,0.8358544532356121,0.8390615858838713,0.8399736236968085,0.8509804259514802,0.8400121366963749
728,3,1,0.6875342973359326,0.6996214496709857,0.6878029087361542,0.692746813914025,0.6940209161664116,0.6842604914537165,0.7010480644885302,0.6823824012791627,0.6953959668766166,0.6959185031779724,0.6983245007083022,0.6940309750589528,0.6904456522198111,0.6996212019671075,0.7055631823872052,0.692887938340669,0.6954290390218554,0.6847532302997991,0.6938214763681536,0.6927144519965225,0.6902757387715424,0.6834296668659161,0.6903379552555823,0.688181305546509,0.6950280946253781,0.6919952789211562
729,3,0,0.1024830060103799,0.09806346531887578,0.10844897565928964,0.10544315506668116,0.10450771313552241,0.10913167415275175,0.10590173669038754,0.1047495323240213,0.10453631349508953,0.09839185364630441,0.11863097838889781,0.11179859770093598,0.09891923142086646,0.0991035510900214,0.09474300844084978,0.106765331812541,0.10160293761989268,0.10002813937271576,0.10056979312557751,0.09547654408114037,0.09549419629873264,0.1071428323450937,0.09642837239837006,0.1056806257474741,0.11163710135525251,0.10659917119555336
730,0,0,0.5963999419149447,0.5851405981954338,0.5819975225218301,0.581225180868699,0.5822059329142172,0.5860118761655453,0.5932525151372796,0.5924592410931174,0.5781958513021254,0.5871068959819947,0.6275183687354701,0.6310089448134176,0.6216429087805816,0.5942237417912059,0.5930998377979871,0.5856383438117129,0.5828917838694672,0.6026309890729805,0.6253932608857428,0.5908225535498424,0.578148826912461,0.5859515433591356,0.5959746530584603,0.597161354198509,0.6009590783379796,0.5877184086177166
731,1,1,0.962754529951571,0.9642807498516586,0.9661086250956511,0.9659535543990504,0.9602552816764205,0.9639256779818514,0.9613777437106584,0.9657450644769064,0.9652996388562017,0.9662515610013102,0.9588267007378333,0.9540417399799804,0.9586615534746518,0.964392138337398,0.9673320752863047,0.9650599383201947,0.965008987695955,0.9672086963120431,0.9654807534297735,0.9677933234203623,0.9684633422738678,0.9647563083914671,0.9652311557306118,0.9638524319290506,0.959144745785596,0.9616207548455907
732,2,0,0.5935840620229461,0.60081373171325,0.585631017216197,0.6029915694301032,0.6031348908717352,0.6195075529799715,0.6333726999039954,0.6251226484028511,0.6046260412771107,0.6490467662207734,0.6467280588811832,0.6386120055274821,0.6367887454390235,0.6089175462228591,0.6053846155194433,0.5956869176967489,0.607006140520136,0.591022037817018,0.666104576562418,0.6115870564286211,0.6203213186105091,0.648206731825429,0.582463851450239,0.6569418962387097,0.6381693441455751,0.6287078738420717
733,0,0,0.088866378526745,0.09136676646827024,0.0864248352975644,0.08421373394526334,0.08577461846715538,0.09298119887357836,0.08797694454542797,0.08989689430283392,0.09273453420104634,0.0851112654420526,0.0922897232703349,0.08495226103844145,0.08952947019227768,0.09125895744534263,0.08833050760094703,0.09087212308304127,0.08955720337086914,0.08945427086857997,0.09209425364366375,0.08978616646866343,0.09124168279168245,0.08936196646228323,0.09030671232652358,0.08555256851051686,0.08934324658203353,0.09280004839397116
734,1,0,0.11640726921243434,0.11615356469125153,0.1176168806026338,0.11630621593947936,0.11986419249177675,0.1203944036503622,0.12085782813743064,0.12424784918656055,0.1211230916365208,0.12310926485320232,0.11531577011893838,0.12175113642933659,0.11946480541806082,0.11624922404874578,0.11262820571316857,0.11850934596529418,0.12100941676744155,0.1169739229302504,0.1192394894528449,0.10897846953900954,0.1132098547324407,0.119938570683647,0.1160586564290524,0.11710034242206957,0.12202251898135223,0.11884304042509579
735,0,0,0.10699951716216116,0.11092756621409039,0.10523699005442076,0.10447902664312664,0.10601450134816975,0.10652467777917883,0.10896725650838235,0.10764284564660921,0.10586129613417206,0.1049819850898588,0.10705979214803019,0.10763664302509678,0.10932671204624404,0.10961396853132314,0.10913998259570712,0.10580970014723691,0.10714037476539949,0.09952645108971325,0.0979244253443634,0.10272301412946024,0.10676598687062884,0.10520643722334817,0.10777548557810061,0.10433147670193092,0.10571751199110939,0.10883851939492913
736,3,0,0.10130420327979532,0.09969668148718562,0.10023026927393767,0.09941143658412943,0.09821505156114246,0.09474616906840362,0.0958584665804162,0.09498332054621654,0.0982597358224981,0.0931827962136897,0.08677738301855357,0.09303724687235541,0.23580004238390942,0.09908626762927424,0.09992387358249775,0.09841471709219368,0.0994257388539564,0.10883540916027938,0.10648918354030895,0.10158583764068296,0.10366558202905563,0.10174418860659047,0.09797104825186219,0.10129442761529796,0.10291048785525925,0.10271104090661005
737,1,0,0.0539201511716107,0.05001568758416527,0.053026279918664966,0.055812791668200246,0.05624682808499246,0.04895700851275266,0.050493675425046854,0.05181981779821793,0.05033587565608816,0.04629449372265298,0.04985556040255518,0.052023684401490945,0.0427517839255435,0.049108237211205504,0.0505822442260573,0.05260962244757297,0.05071152495028889,0.05041041801164161,0.05164384742356828,0.049710591118963456,0.053683420649830664,0.047615323923412924,0.05416811526899586,0.045727131599111646,0.03930649285929644,0.03484907892798666
738,0,1,0.5919157439976216,0.5951367518598548,0.5924610473599167,0.6123581676777471,0.6138800300400624,0.5657833520725103,0.6281815527343291,0.5921630527089697,0.5870897242532481,0.5802631810679894,0.5661063009380624,0.5371303938478855,0.58091739489652,0.5773627403092787,0.5691199719039974,0.5973078278337426,0.5814304882955231,0.6046366423084577,0.5565178255461997,0.5823949597748926,0.5966052568361704,0.6139530562081372,0.5993571137920882,0.5684219229639985,0.5533981301650643,0.5794605274369968
739,4,0,0.09955098738660452,0.09892999898168879,0.0982088604304152,0.09948073926135977,0.09977935336451012,0.10108569626979692,0.10178639486502787,0.09992103555552267,0.10023570878894894,0.09991142452297574,0.09867585753166859,0.10167599749120755,0.10035820257908264,0.09884918721215624,0.09817610531355232,0.09852027013355047,0.09961753826329182,0.09934312138583618,0.09678406434249513,0.10121781542161039,0.10318586109282311,0.1000455401897432,0.09976713069544914,0.09959010586256782,0.10114124856872926,0.09946050505717947
740,1,0,0.10274214418262233,0.10496782601480574,0.10320433815278855,0.10478625360513183,0.10183241785166647,0.09703531990837315,0.10358167271571216,0.10826125016746131,0.10531390064195427,0.1085362019254822,0.1011321116354897,0.10602380505979524,0.10083564009293265,0.10243649737272902,0.10200287282239957,0.10211803671433077,0.1034698939801566,0.10598245655462087,0.10267777219821456,0.10786495523872769,0.10568201041952334,0.1058468468772734,0.11044847191479785,0.10234450058029389,0.10249602866753048,0.1042374770760735
741,4,1,0.4433855835154364,0.4399565705567792,0.45901298278687536,0.4449789189692173,0.48669806550979455,0.4294053554820232,0.4756507506905277,0.4476548457828491,0.432045125934911,0.4478413399691757,0.4419104172635024,0.42812849958341553,0.4509999918900953,0.4355282952264356,0.43887988252353827,0.4421557428291747,0.43665542820890274,0.459991671897887,0.47835793695791157,0.44733001665059186,0.4650555922652682,0.4638870367577744,0.4655206237672777,0.4543102591863253,0.4654080781365631,0.47116720375371673
742,3,0,0.6177298224682676,0.6186865304679644,0.623875618986237,0.6166706665200822,0.6659416602641292,0.6778595789676994,0.6884060336909678,0.6453519948504343,0.613006656395556,0.6077481518088241,0.5972296761475503,0.6110413173458454,0.6083339276045341,0.6271319906694655,0.5933491907977017,0.621329303595234,0.6425595053262972,0.5986492486212586,0.529469167946488,0.624023873485519,0.6083513031911117,0.6230344934298108,0.6092881417421628,0.6587174743092578,0.6208774730972383,0.6507159877581347
743,3,1,0.9246669699170779,0.9131898140159261,0.910559975334308,0.9301010572870153,0.9241655536294328,0.9223214277099343,0.9248979286808273,0.9144508943376678,0.9217679637884607,0.9334740831121554,0.9232290164510575,0.9124869024867109,0.9252134186935822,0.9141735655344991,0.9147486071453635,0.9181663582721392,0.9241868679503061,0.9142422506405944,0.9197492714930956,0.9204685614704071,0.9247194121689271,0.9236902685836794,0.906030966643732,0.9474999305278445,0.9352905816472769,0.9342268881060889
744,2,0,0.09616698467145907,0.0977989308052221,0.09622615164989924,0.09606134516374082,0.0965756689336169,0.08959710878052242,0.09188709252587733,0.09387278878449641,0.09343424617492078,0.08789580309650187,0.09455835249929456,0.10349664074126468,0.09538031578788336,0.0960580285413159,0.09342271590029759,0.09607512383462798,0.09477580776498906,0.09566570903686748,0.09359382440388271,0.09689444750054559,0.09629034868840065,0.09633155587116478,0.0933648548262247,0.09646759619561034,0.09824399917743526,0.09768295323204253
745,2,1,0.31680115772344714,0.3365113105221378,0.3473439905252384,0.327683398531638,0.3222253596956039,0.3287529398460864,0.29334365245908856,0.2948174214122372,0.30618190666400924,0.3210581984618876,0.299127342400683,0.30883727151900253,0.3032572352331057,0.3369842507414109,0.33126358404186573,0.33404636036757873,0.3180348645490891,0.31765285549454775,0.33335060426182733,0.32346329545589936,0.2957216836132251,0.29704090234486696,0.32410565202986613,0.30435127526972944,0.29597387414347787,0.3146068925823404
746,4,0,0.49374978796257674,0.45975079691080967,0.515020247654617,0.4935620378480938,0.4840069135803063,0.44868828936241734,0.5379801826969328,0.4756150478824787,0.4964090630188185,0.4921120011041107,0.49810651622057694,0.4819902940510696,0.47157630946409723,0.4608670742913781,0.43045040299223974,0.4919886373263636,0.4902223371360807,0.49177438525125217,0.4214263000350858,0.48093435609244667,0.5076604279133852,0.49804986209935703,0.4852632356442505,0.4405935879768133,0.44927543289123145,0.47646721872259823
747,4,0,0.14289956962297382,0.14517396128557145,0.15491072655390606,0.14887069227380878,0.15846662108760648,0.1546815403498724,0.136065995127293,0.16553310648123085,0.15335847987085324,0.14601015289653918,0.14255938749875496,0.1416651316376726,0.13153977961308919,0.14025812023871914,0.23524245134970304,0.14305530663317428,0.1573384507948853,0.1560038066615819,0.15892824382498014,0.15493570595818776,0.15284937735369827,0.1482047142778751,0.1459566996629019,0.15306335860804832,0.14992193469110274,0.15653523905511169
748,3,1,0.8023209647291866,0.7970500066781274,0.7893946867004157,0.7853389125592313,0.7874811307081452,0.7879069436331808,0.7944445923401952,0.789225537307486,0.7974216156648722,0.7961836393327962,0.8133428494472259,0.8056844696927241,0.7784001372896138,0.7980786907603159,0.8025606670441205,0.7866669166424519,0.7980530069541283,0.8027612543056772,0.8050219224747814,0.8184028521398224,0.823884999574125,0.7935114647438307,0.8039917892768669,0.7766610825599501,0.7891101310788905,0.787321542209845
749,3,0,0.5453704962927756,0.5672861081141874,0.5861593813735717,0.5695469196212365,0.5827882559356674,0.4516694892184861,0.5740629686219636,0.5561522816744567,0.5674261590619872,0.5827994845002774,0.6075582516170698,0.5853183125620071,0.589031286102225,0.5669794556026063,0.568152073275784,0.5684457564435212,0.5614668677645277,0.5454753001817508,0.589743217735069,0.5780632422687174,0.5615364337606225,0.5322052789720336,0.5586994515534006,0.564536321290031,0.5776471772382429,0.5717365087683074
750,2,0,0.10277957017866525,0.10461809106823984,0.10364666844712388,0.09982086000230062,0.1026590950194395,0.10236439039856304,0.10372021083508472,0.10976807688449386,0.1059154874053857,0.10998122476325421,0.10212392577013275,0.10827815253357563,0.1070740292183246,0.10532021597428622,0.10280867180927922,0.10714685128805436,0.10038558837284367,0.10478829518907262,0.10262092065492578,0.10509290234923326,0.10835974272683845,0.10144411969727818,0.10351008018768953,0.10065247824373773,0.10597279905144637,0.10240925858038881
751,3,1,0.8885985303408207,0.8993492009803538,0.8941376097317244,0.9022341904316405,0.899216170052456,0.8872149607475954,0.8936288189008456,0.8950503338651723,0.8992045464339178,0.8989795298038409,0.9099553707603737,0.906871632080239,0.900468838270955,0.9002564477930427,0.8910952665617818,0.8963910402181039,0.8920503955313933,0.8931926614282508,0.8939415330699266,0.9041590594368034,0.9078903091387108,0.8965430133851345,0.8950486702313741,0.9043599213358968,0.9039326107974603,0.904764451891245
752,3,1,0.9362404191659879,0.9314456834552917,0.9409755767594236,0.935937559239873,0.9224756962829773,0.9125058459090889,0.925219576602713,0.9331675899785689,0.9268247901065939,0.9249591727782139,0.9357648308300685,0.9275876091724835,0.9345031904917578,0.9296487027407977,0.938066646683703,0.9380661991317201,0.9287618499744218,0.9287850740106158,0.9241617461385929,0.9266689477150617,0.9270456720424266,0.933365305465702,0.9339048440980128,0.9419745709100485,0.9297151898136687,0.9366885623144299
753,1,0,0.11522535264925489,0.11315110514611537,0.11433465487821592,0.11732882663474135,0.11634467396411989,0.11799453321602431,0.11624413825036699,0.12164335804017844,0.12354159601417496,0.11413816801238823,0.1172129835710133,0.11508102257625465,0.11049124687938378,0.11388352156142341,0.11481597579344184,0.11266350734698123,0.1199750241627809,0.12617192878505484,0.12314294529919967,0.11231144743772258,0.11193107971221128,0.11675246846263564,0.11258540423368733,0.1137769990362963,0.11408015154542765,0.11090834287230918
754,1,0,0.10322945377762605,0.10385084125122124,0.10409373668098117,0.10290294735890866,0.10082445207297315,0.09693859868903458,0.10322293148472811,0.10804851746166022,0.10595365098525934,0.10885006398220244,0.10069807916127853,0.10478772112752015,0.10039258955461661,0.10275844707474184,0.10168974548343733,0.10228135499615625,0.1034645557305565,0.10032406583985622,0.10173333847697791,0.10643185069904805,0.10578038842805915,0.10098110099530266,0.10861685347378007,0.10222848733953298,0.10288842950174698,0.10386312095391854
755,2,1,0.9115028283497398,0.9093370788116409,0.9236040458203184,0.9098015407807983,0.9171629461783892,0.8996097181182986,0.9177813948566927,0.9078934426600601,0.9230983616469427,0.9226354529391435,0.9119063842393338,0.9119912090218035,0.9135968455115195,0.9226967887141786,0.9258891244018175,0.9236798923082358,0.9032075453967431,0.9096476692830556,0.9118066437004001,0.9249296975772111,0.930288687745907,0.927726420987458,0.9193509910853997,0.9234752951167633,0.9221325246057019,0.9246683564604261
756,1,1,0.9163855252984391,0.9159642574202299,0.9186217493060318,0.9155994792762226,0.917063123004513,0.9154956244442832,0.9140264265182068,0.9112134837708847,0.913311239140662,0.9232197810435329,0.9377328478779748,0.9334614749536421,0.9317167550653299,0.9172511770654972,0.9189581717684604,0.9188663498505499,0.9139363050128445,0.9106225268283485,0.9141557949279769,0.9111233203083248,0.9223573718805661,0.9244151858309392,0.9062972097055555,0.9135752648457786,0.9107376125464303,0.9130027744205643
757,2,0,0.11151420484527204,0.10957529329957845,0.11162576475866542,0.11062724316823565,0.1114353281412533,0.11483700406555879,0.1106320985057172,0.09808770977697066,0.09767953715334914,0.09614267254313714,0.1073570387518759,0.09153884442340122,0.08678709670376272,0.11166274397187259,0.11078663640632119,0.11141805414327344,0.11011218620005518,0.11224742052454158,0.10710864120662406,0.11072690176642475,0.10801224267568917,0.10273538619509998,0.11163820258155466,0.1047897795163496,0.11003814161312953,0.10639250744485583
758,4,0,0.15391982491019932,0.15111327727081933,0.15092084230328917,0.15511522423905602,0.15367306979593254,0.14690430001821195,0.14120783724673777,0.14975162721604532,0.15733073282605944,0.15222460130999885,0.14825731001505674,0.15670756889799956,0.14701675270106504,0.150551683117896,0.14758504508540418,0.14552416680394786,0.16006306115901833,0.15369721550177748,0.13698748149170684,0.13875088306816707,0.13915899802397028,0.13272343359604466,0.14495271539436147,0.15169364036602337,0.1576810820821927,0.15544926618858915
759,2,0,0.0949481488574188,0.09206422142666122,0.09284146757139426,0.092615109031496,0.0914646816604293,0.09321019051409961,0.09849002815993274,0.10016808768313057,0.09848529516734461,0.09588302916177253,0.09314271803006184,0.09912823084982554,0.09822249690561925,0.0908747587333462,0.09197243596224992,0.09114026774908228,0.09471834146165962,0.09867932878362912,0.0952754657098633,0.09938891657300276,0.09377103645235096,0.09033640215027816,0.09965401702846445,0.09123527144084974,0.09498589738160834,0.0929852698267747
760,1,1,0.9643183622624877,0.962835331204201,0.9650296529732588,0.9669257958507965,0.9622275666023085,0.9599260539495568,0.9634031604565901,0.9681390363479347,0.9666709663384689,0.964785117555059,0.9629268826511784,0.9677006796210662,0.9655980734077314,0.9632612192739235,0.9672462012678507,0.9653370043341444,0.9654771435185413,0.9687730407641256,0.9665205328142049,0.9684596217078143,0.9639000624018882,0.963265364658008,0.964630690674149,0.9648093797081266,0.9559308791282298,0.9608990050347317
761,4,0,0.09971692605114257,0.0977224079899522,0.09888653737390717,0.09730668380922858,0.09802186687200437,0.10070272779928942,0.09976927072210777,0.0984507971382098,0.09794418631129566,0.09797789002927752,0.08929784535742825,0.100344764883891,0.09461306966739169,0.09804998328455168,0.09722500644939906,0.0970769596933414,0.09578171217239911,0.09971485449412266,0.09359690021799955,0.10304059232598235,0.0974201945126214,0.10051114807459453,0.09780448902998347,0.09894945392495187,0.09867715927450109,0.10033544381898866
762,4,0,0.08694700052068748,0.08470902174182404,0.09118648731810013,0.08749451430016564,0.0929526463230048,0.08462770015961418,0.09819855159146929,0.08739316418437741,0.08582012376843311,0.09154504516266991,0.09477684992806794,0.09073452694533429,0.08875257317113723,0.08480943533742837,0.08472402435152511,0.09023137261599588,0.09210312575435957,0.09514368982273974,0.08459727259952539,0.09176494499969375,0.08677591202196015,0.09594956373748653,0.08290442346167622,0.08719404832675846,0.0876939981505294,0.09418677274144309
763,4,1,0.11986291314867419,0.11975556665934302,0.12258557606848323,0.11932699694797044,0.12280459220322347,0.0981508088131129,0.12581668486495098,0.11777702608258533,0.12033548018702578,0.12205536102144582,0.11396490136563016,0.11206028587189443,0.11719778891999579,0.1196759371990026,0.11984414724414745,0.11993850764424313,0.11895429252894459,0.11887878219256114,0.12060127796742919,0.1250589513128045,0.12019298094630297,0.12264224210942835,0.12189455740210003,0.11293891016245121,0.11501600522598827,0.12097184983448535
764,2,1,0.9734165615973098,0.970392712775909,0.9724877843322949,0.971673215577276,0.9752570275050968,0.974417733271108,0.9716113511041694,0.9749852083172262,0.9751186101824155,0.9719137931163194,0.9667611153517218,0.9663765653115863,0.9713992457392036,0.9697261845735934,0.9743045792677525,0.9728451023703112,0.9740205774503387,0.9727030154104166,0.9748303959252823,0.9688713961329306,0.9735314929425627,0.9738240637030215,0.9716011824206047,0.97309596654577,0.9726772844092059,0.9702207673296596
765,4,0,0.11456299117363965,0.11623844332705373,0.11965412990809048,0.1190717769637477,0.11973944479278086,0.12273185783550927,0.11737421337606753,0.11875274768415878,0.1200787642759625,0.12083642437151072,0.11431374874673499,0.11740316646656279,0.11861540129052435,0.11628587421503893,0.1605806868659553,0.11516544831435432,0.12137801272759974,0.1216307940530229,0.11891862645338867,0.12194814858924262,0.12279462814089907,0.120421703131095,0.11778406151703895,0.11367295265078704,0.1156955712950839,0.11995833173129555
766,0,1,0.9670614037341423,0.9636213271314277,0.9659441550153347,0.9668863445238696,0.9615044294667294,0.9627911365679509,0.9638895041541075,0.967402186612304,0.9668759879949075,0.9630671695137684,0.9674827961143277,0.966625360873103,0.9657854088571045,0.9661487814210993,0.9646797696287913,0.9673503037094683,0.9687012392024824,0.9645763973646287,0.9666594922735481,0.963094685973421,0.9667839331470311,0.9666513076723319,0.9649383780971729,0.9642453034360833,0.9526823824265335,0.959830029125698
767,4,0,0.3472020037355656,0.3286284123003841,0.3082037447386286,0.30698589837151724,0.29314520643036807,0.31973511657835335,0.27975678451211006,0.34744962285098896,0.33738367703416605,0.31487491303794696,0.317010881280309,0.31518162597251176,0.2780917881013784,0.30962221445427757,0.3120512053571258,0.29659446660816136,0.3298117016114536,0.3025049309825829,0.31410874772072717,0.31511862638391813,0.37782092293681685,0.2939863860828125,0.32529382807326784,0.34174946613008467,0.3466475709081891,0.3448279447153217
768,2,0,0.5722013677231236,0.5635054968016308,0.5745422980187114,0.5699927139075797,0.5784583300930937,0.5411644608488866,0.5861357881536712,0.5839233733915595,0.5782854149752296,0.5888347105460591,0.5904219744646088,0.6060178547765008,0.6004148742329231,0.5645666272505179,0.5757630012410196,0.5712753961490663,0.5680807020058055,0.5669886389459978,0.5696747946408215,0.575827353198336,0.5646553857534441,0.5829676816219633,0.5836036098911631,0.5711873779555161,0.582967374086232,0.5783695053979946
769,3,0,0.0921467995374634,0.09748945737806249,0.09530053097479994,0.09426594525947002,0.0915112171467123,0.0863798608041045,0.09167317376482648,0.09378490119122958,0.0973493938802455,0.10333251715468617,0.10365575180260704,0.09233860517411428,0.09366607485839633,0.09568379750668306,0.09676670953286609,0.0979152067250717,0.09189219333777242,0.08923350580943268,0.1019541321082042,0.1012166222462018,0.0985120472993879,0.09500448386525899,0.09450443461547785,0.1037635965095704,0.09858967084454638,0.10557986072297924
770,2,0,0.11930504363592041,0.11494683618753078,0.11840953091363648,0.11950790810570762,0.11716371229922867,0.13738501638837478,0.12181290165172738,0.12542551200070592,0.12031895383656577,0.12203655795957787,0.11901874581772524,0.12586914503262206,0.12255832935924467,0.11916301205513995,0.11821664407009963,0.11967542585127944,0.11949446454496339,0.13103603273468536,0.11498547080406409,0.12322112625346222,0.12154694957730966,0.12205662772677645,0.12527242271018438,0.11879022616640801,0.12348953284898183,0.11601573496722022
771,4,0,0.0955143758210986,0.09428198086937244,0.09425635074714304,0.09593347624555922,0.09765309737252253,0.09546185874715842,0.09546732337401542,0.09660499610248607,0.09620177729395303,0.09539540844093382,0.0931076111661248,0.09924291339752461,0.0975556586793706,0.09353227919341134,0.09334974215991702,0.09598067630319762,0.09537455415826661,0.09393903687442957,0.09234098394916412,0.09630682868496158,0.0992421746436674,0.09068036201884859,0.0931803606191373,0.09698818551072887,0.09550092342298845,0.09609141258778453
772,1,0,0.07881267671957588,0.07916603445301157,0.08089549191447372,0.08062836738144104,0.08001259384325322,0.0824273091906387,0.07875083659954657,0.07567349230024496,0.07553986702682437,0.07557714752262641,0.07870947939620924,0.07701446260813428,0.07535919412980346,0.07996028259441275,0.0793640287366401,0.07893939118295822,0.07453777767449304,0.07665726003941431,0.07788958387476921,0.08391498487162631,0.0789029687297854,0.07994256685003293,0.08579671055353892,0.07960105951732678,0.082764955548261,0.08404193586608844
773,1,0,0.8390157093988416,0.8630463210381469,0.868245345545989,0.8565043946574766,0.8443487696129474,0.8746095183928366,0.8421316046265135,0.8619606775346428,0.8622391586589783,0.8779930091586334,0.8111389021763596,0.8723642157319492,0.8337133698974785,0.8622662173260366,0.8665414096368012,0.868978428886828,0.8589526553464976,0.8643504435117464,0.8740247176486261,0.883676644795353,0.8697090031548113,0.8548906201937984,0.8628798290041221,0.8588488997660714,0.8497601086677355,0.8412758407595939
774,0,0,0.11721439952785406,0.11585500804883031,0.11689911248670659,0.11762145998128994,0.1182804572256884,0.10694754258955723,0.1150892939915635,0.09714757364452453,0.11502718732807395,0.11938287196806396,0.10976159194034772,0.11854097477448185,0.11293577359474449,0.11687157818622497,0.11742854309578137,0.11679809647860773,0.11686535296194911,0.11254102427807293,0.11483972784231809,0.11840418945100865,0.1147511808547396,0.1152086245752779,0.1177849553823509,0.11758779004692003,0.11403040871381563,0.11828746091064109
775,2,1,0.7865009402756961,0.7841788745984642,0.8038533352698298,0.7871058572590638,0.7756941806092117,0.7794101990731449,0.7937805644334941,0.7654048272459398,0.7904264017834087,0.8030874020910316,0.7983589715299395,0.7811036593862409,0.7631842632803338,0.8006153752454135,0.7928507176958005,0.7898790790452587,0.7684614896029881,0.7644774136554696,0.7514504016754167,0.7995028736612841,0.7924299343012527,0.7805499899371567,0.7588097765821047,0.7482816200217358,0.763264558702096,0.7750437184250818
776,1,0,0.11406522822575178,0.11275052208492065,0.11167867016909132,0.11217106512620557,0.11160373143534408,0.15878926967172138,0.11381204876525437,0.11915174238311478,0.11732883202746158,0.11849713057569844,0.1076057909238814,0.10808333471476043,0.10879828858353295,0.11588278693987193,0.11262961497986823,0.1149187205862758,0.1149792657719032,0.11361908276103794,0.10968385096541344,0.11167162075762853,0.11146159123046823,0.11037691465260648,0.110495280861867,0.1102734462443623,0.10797932358157285,0.11043439337043337
777,3,0,0.1304540437635359,0.1361934011936197,0.1405307645352236,0.14436540184571145,0.19005646834875722,0.1253202196760592,0.19003747344755287,0.13019258013351392,0.13093201648660857,0.1327464375773671,0.12471620956158756,0.13076273687192705,0.1342770791048823,0.135274107879674,0.13571887960082138,0.13776656619505545,0.1311301235857812,0.13117205877278135,0.13342367799981747,0.13314635884177317,0.13652962503805044,0.13374259939792274,0.1314489748982304,0.13502347112901977,0.13516178065361342,0.13783556051856294
778,1,1,0.9114195780092048,0.9170865664090012,0.9146728056213173,0.9161564877962188,0.9181195482080075,0.9146966360250143,0.9131219912237457,0.9176000922423994,0.9124277885602426,0.919273159556877,0.9194222137792719,0.912589167089196,0.92401409602157,0.9149958852216971,0.9115653233882904,0.9135736828994129,0.9096872283119878,0.9140740420805041,0.9192575003984881,0.904642964283117,0.9170403251701442,0.9241300632686538,0.9199478749857546,0.9352129358749218,0.8794171938925291,0.9177465020086676
779,1,0,0.12435582191146637,0.1218430107230704,0.12220341119301502,0.1222021996077423,0.12507270388297118,0.12308810501706209,0.12495048648273555,0.1284869556015621,0.12873744000755513,0.12845241687751638,0.11510588507825488,0.11842036001937212,0.1160864731778975,0.12086330421554854,0.12087508179353418,0.12322678874912944,0.12471618724930239,0.12477246816415162,0.12408284330550086,0.12167042678448954,0.12370923844454684,0.12421572434815277,0.11855598259002349,0.11886669750208335,0.1237292674446779,0.12128037524082373
780,0,1,0.9623660184566326,0.9611019406017299,0.9641061603491305,0.9603491966716788,0.9556944061447319,0.9606420364792289,0.9616668400384208,0.9619215919049005,0.9621942157264254,0.9617376412318236,0.9633181194088438,0.9677959878455468,0.9578642547927626,0.9620388463407697,0.9630412166351611,0.9637156935429791,0.9643142879619964,0.9596274299701116,0.9596005292115675,0.9613797044157629,0.9616471077039931,0.9636718403553832,0.9630269956900269,0.9565413452428474,0.9593065115700191,0.9568582976509518
781,0,1,0.73399261022746,0.7276853044823278,0.7315846474736007,0.7390086133002037,0.7222974729596686,0.6852178946653088,0.706900679328433,0.7392857466528108,0.7357164192000122,0.7330275429715214,0.7256676928523583,0.712966376190499,0.7311820123946203,0.733813084130165,0.7172487793803507,0.7452916184775309,0.7388004714274171,0.7325534238559909,0.7444741203141456,0.7082007552897269,0.6950728495440629,0.7209214512697802,0.7193842659197963,0.7499210351714388,0.7136097198016117,0.727011348790214
782,4,1,0.9627178908420483,0.9605469487222914,0.9616787247646182,0.961761522664879,0.9602644763601212,0.9600603234966916,0.9597373443959704,0.9627883458462142,0.961668717566985,0.9609760455871427,0.9608366639923083,0.9623553563437072,0.9589790207789252,0.960624854158362,0.963535929101726,0.9617604317521993,0.9630793282246787,0.961238504397282,0.9595236343390501,0.9647486248863818,0.9626572037814994,0.9620631344612801,0.9586880802519672,0.9618639388235154,0.964608356433672,0.9609016328731531
783,4,0,0.5521121732157072,0.5584204078285278,0.5675596909078067,0.5464660443689796,0.538233911274521,0.5287251050431746,0.5739215246460798,0.5541925495084378,0.5488093171707077,0.5537582927328942,0.5381724890606866,0.5387256434517071,0.5559225707445284,0.5601704268427461,0.5587633688828436,0.5489423459832484,0.5513050800130919,0.589930348427273,0.580884405907378,0.5576702496826532,0.5687421406477533,0.5898224537160476,0.5824685834461816,0.5598907905121342,0.5525402266455397,0.5618064882433947
784,2,0,0.056365753064318035,0.05384512520334867,0.05613929572205855,0.056425402334942615,0.05211718286698936,0.057044349908784535,0.05412481281927759,0.05017757792195266,0.053132390773867194,0.050119922457072065,0.05297247714413111,0.05347368436095442,0.05405369555192818,0.05418091727736324,0.053499164724625264,0.054000174861617095,0.05372716675336786,0.05136512870838477,0.04981873180367744,0.05584699159697041,0.05736760622313399,0.05208242950802553,0.057376970030170844,0.05275239920382354,0.06053396347816034,0.05029960494475117
785,2,0,0.0996013977835623,0.09802631912345285,0.09489213254783695,0.09668988131855712,0.095395885573548,0.08555997435170427,0.09530007912694198,0.08662363449727613,0.08626379387924547,0.08137283776542341,0.08522464852679218,0.07738620260311681,0.07297609190117764,0.09292967165020423,0.09419765067866442,0.09602359100609816,0.09434453079409755,0.09390857290076565,0.09035946335577527,0.09669292361624458,0.09789473323675275,0.09690779302748857,0.09551480416504525,0.09455057396818874,0.10133455726628006,0.09528067432064535
786,0,0,0.1082744742353031,0.10717299433921791,0.10568697699411216,0.10864017882036091,0.10934099785130695,0.11331308344754715,0.10671584779456868,0.1105923489786923,0.10754568885006316,0.10898403478005318,0.10277278724801138,0.10593177648381104,0.10302891199741769,0.10614130591755999,0.10718478138517303,0.10482340093205698,0.1075004036968581,0.10271710600026106,0.1054484458986813,0.10801461373007443,0.10479172354802575,0.1060572675001243,0.10661033718714212,0.10676918408572456,0.1044641638994297,0.10535116428524642
787,4,1,0.5593899174067437,0.553140818556781,0.5685931544100714,0.5612062151563311,0.5642461695426487,0.5635731543774609,0.5643211617185657,0.5702590639407631,0.5597648525029292,0.563609608226037,0.5727054063478422,0.589386816872668,0.566311173941851,0.5570528575834607,0.5552031916386587,0.5683712062821921,0.5573905440298099,0.558971826642587,0.5651845731405043,0.5542947360448184,0.5639989950332877,0.5513572938805127,0.5814366444324449,0.5869589158852183,0.5778057642691768,0.584822493758963
788,0,0,0.06223073879887597,0.06125854586404611,0.06509244487619605,0.06191102602137711,0.06214425920272334,0.0664263099289876,0.06276270715307913,0.06753057234433803,0.06758109872443052,0.06346560847030196,0.07643495358034863,0.07104758922957617,0.07182688713913901,0.06579481189450981,0.0700697037008609,0.06601437279726616,0.062403196735212586,0.06345321997153247,0.06345385715715592,0.05946547893542364,0.061320368570712804,0.06254495974291145,0.06745258177808784,0.05706613114819789,0.05312850826263308,0.049858812656172286
789,0,1,0.7443354099430685,0.7533901313615071,0.7499775656226401,0.7486017740631846,0.7536462190307041,0.7443208118604986,0.7400890935781074,0.7341128880540224,0.7504732095626047,0.7445261963285873,0.7174211811710473,0.716713024329653,0.7206747751851633,0.750939274554142,0.7567260202443683,0.750050398075853,0.7356988167913211,0.7575138687375332,0.7395768046815782,0.7684182005644623,0.759103317783039,0.7636309714003175,0.7372000836447795,0.7073086581037019,0.7268007944767888,0.7037217193634421
790,3,0,0.2642033500260287,0.2397236210247411,0.2630085850143649,0.25453265570135014,0.2373355355639425,0.20323587021104464,0.23425275176004023,0.2567057939000647,0.24717742725042657,0.2550494910493429,0.22510462112058574,0.24727983690573505,0.24653934601942815,0.24204044591389695,0.23841082687192341,0.2430977265258971,0.23429860303420835,0.22762009429856853,0.24279046169731242,0.2462914487576985,0.25470785031265236,0.26458275511239854,0.2576426473534778,0.25916130554097144,0.26271345057371653,0.24959304804182636
791,0,0,0.13844320711520455,0.13256211936799742,0.13051273027250068,0.13505736916533453,0.13440452314779058,0.16544518847665016,0.1300079202630105,0.13032465053152795,0.13663357715093746,0.133701364460082,0.1353683154205455,0.14992035629027986,0.15182068004776728,0.13631608721502741,0.13302251566699771,0.13057703152041597,0.13325492417306903,0.13402801087281313,0.14116126322765973,0.1396351110631794,0.14650142872039074,0.14081134048083643,0.14313211763863518,0.12285616823296697,0.15523579699925252,0.1409902943372058
792,4,0,0.172363979453805,0.173910777089048,0.16957748890898716,0.16969621691875794,0.1785993334018032,0.17293144278285788,0.164160548766593,0.1788996486436856,0.1805641137521048,0.18256565968491487,0.1556100092100906,0.17232349476478862,0.16013256678129895,0.17344008272189035,0.26485360155718624,0.1705078830476641,0.18141139976052198,0.16639570603874268,0.17997407366797982,0.1514936751843892,0.15143544211530438,0.17379557901423323,0.17040166494851283,0.17399678789227882,0.17081630224919508,0.1804853172129537
793,3,0,0.06114767286172259,0.0603875530842957,0.05869763606938005,0.06260053815361484,0.06217096900252783,0.0614569839297684,0.06010156181759304,0.0612134195905133,0.06413646481566224,0.05833137553687856,0.05180128326555273,0.05305921213999167,0.06490783878969981,0.06182156834782421,0.0625213053217193,0.06144515642391437,0.06436727837392654,0.06915508960213414,0.05989419682514858,0.06451996844366954,0.06376125345730173,0.06023215212929319,0.06047103968796064,0.03820478575196163,0.06155595089138899,0.03739771370320269
794,0,0,0.31090430958688914,0.31380992657758844,0.31615220289983403,0.2950644641926032,0.30072291775047977,0.32272758429551257,0.29691747509464317,0.3098344462780234,0.3238057017975731,0.3121948066517611,0.3273811671678519,0.30653295074958953,0.311564643365522,0.311487264589703,0.32436505927348414,0.3138136585431459,0.31817190563055386,0.30933781577118785,0.33159256622517275,0.3085560735083269,0.323703561696042,0.3233980246305861,0.3226904302106634,0.3152680793469269,0.3141865423269696,0.3172213395268935
795,3,0,0.08493079280061443,0.08525916203745314,0.08413006728691304,0.08534062399755134,0.08423376115403321,0.0837956397264203,0.08335522950864811,0.0862342384298491,0.0840775992140184,0.08256561901889577,0.08392707434541645,0.08402466958054751,0.08323803111955802,0.08338913578383778,0.084233957039895,0.08391737313058113,0.08633379590135078,0.08887870504677668,0.07857771028860217,0.08466699102671495,0.0868529756218489,0.08490754873002582,0.08389938139189583,0.08419096691214407,0.08344559134821812,0.08430408137649682
796,0,0,0.1246041874381522,0.12372019006002404,0.12459361045450079,0.12619308444818647,0.12564310506984477,0.12459797887239354,0.12612752654390988,0.12655275664557786,0.12741969376828124,0.12706757818653583,0.12405017270658301,0.12412206029664456,0.12198176596423822,0.124617676144189,0.12664049956856996,0.12239780409861874,0.1268979498954382,0.13342997441988894,0.12758992410196424,0.1237743186043146,0.12336663129211961,0.13051192362771827,0.12873263315463476,0.1253970904936792,0.12579283579573705,0.12336426037174862
797,0,1,0.8884513682039961,0.881340485630894,0.8684441544266961,0.8804721641562884,0.8874963354838664,0.8802993199147736,0.8721406613867168,0.8947585072847547,0.8869292030424664,0.8924675768613891,0.8986070037029767,0.9052127473187729,0.9073103255655496,0.8889441894845634,0.9069475695165973,0.8908452624861812,0.8977995465912415,0.8809867044732326,0.8927135344704853,0.9190264097797362,0.895728111468335,0.8918868439838294,0.8625609807016165,0.8871886835398742,0.8996579320031212,0.8753991699638659
798,4,1,0.44813843852591034,0.44231447601302887,0.45279262283386923,0.4536277053938132,0.449988542192788,0.4561853222456942,0.44608701322133704,0.4622234698398331,0.4666059435440086,0.4635371940169648,0.4644577894714225,0.4673038244976387,0.4523618320456433,0.4434717353181434,0.4470134657660516,0.45467947369566875,0.4631123195359823,0.4567283771103406,0.4383984685508781,0.4525209204006777,0.4532456064552324,0.4581095387149087,0.45652243572398366,0.44170530190577884,0.44868841495137385,0.4494797810638138
799,1,0,0.14136711901266144,0.1418773382126006,0.1455172780010203,0.14341817848757854,0.1387434144987815,0.15221679225351303,0.1285379793199787,0.15013581032751422,0.1464808116130464,0.14394399663438864,0.12337500760814006,0.1286790745705013,0.12126047180785642,0.14440320862284234,0.1447569522089752,0.14642794721962635,0.14957505589772527,0.15280437743633393,0.14301984027709053,0.14653000366467925,0.14759680251557297,0.14778601630706664,0.1384300710835282,0.1447637790750191,0.14693877397703722,0.14560108872731428
800,0,0,0.06700714597976067,0.0641240091097716,0.056791657177815535,0.07174947215659798,0.065226072932194,0.0690021345252083,0.06254336103810605,0.06520876880151703,0.059086258018429726,0.051962098593392736,0.060858195942179505,0.05546363970672635,0.06138384445846906,0.060322969372838854,0.059402994001176705,0.05656938512258706,0.0606498429897925,0.06392800555326233,0.06645815201624314,0.06474736890089083,0.06744318198343133,0.0703194035233133,0.056934774619015804,0.055930603396946395,0.0540722592638855,0.05017308881511071
801,3,0,0.09217988260981319,0.09611369502257662,0.09642449673376312,0.0936602463286253,0.09402032960513579,0.0936297484036187,0.09517317510145014,0.09919652071838118,0.09731972759790782,0.09228775691834905,0.08769555689765962,0.09137013702638445,0.0902953206149451,0.09499070953576357,0.09701659150009086,0.09630776581477113,0.0943596000862908,0.1030080059468161,0.09895479376202221,0.09205453791580358,0.09160547750985142,0.09668228763906632,0.09471934712453982,0.09734979562237632,0.09812345127777666,0.09903219927684946
802,0,1,0.9400479291496692,0.9361521062579965,0.939511491711022,0.9364881727724285,0.9374354200055217,0.9337502879218508,0.9399689094926561,0.9399670561609753,0.9351145485593656,0.9432374476339778,0.9261399546910942,0.920540665866123,0.9192237181055196,0.939583000063144,0.9382947945962273,0.9377179709204091,0.9381350195809564,0.9348839300175563,0.9368915779367151,0.9383048506818517,0.9333209159510328,0.9386136252254408,0.9406905334837555,0.9434926490443436,0.9428900429611482,0.9438017736880568
803,2,1,0.9642628979708042,0.9603557976519334,0.9641641527866879,0.9667893352807636,0.9683934334175982,0.9662765243441974,0.9653056404551105,0.9699453141543382,0.9684437925916956,0.9643782077147639,0.9607455924431091,0.9584676374824342,0.9629890826536408,0.9624702629203732,0.9669715844941743,0.9618776151981505,0.9686668810153863,0.9700306383296006,0.9693182932056685,0.9534795615378883,0.9672335416504093,0.9669731717302333,0.9527916296198198,0.9677981766619022,0.966042857011891,0.9623649959301007
804,0,1,0.7404572283095289,0.7234279344172582,0.7272170049437117,0.7269086567338306,0.711262355157564,0.7342997539317248,0.7030356288657837,0.713633069617201,0.7317663150717216,0.7293459646580095,0.7412488520752936,0.6374005235749395,0.6902308237265604,0.7348426062696496,0.7374910241185407,0.7396060505054808,0.7180892985863242,0.7490567238113736,0.723220569842736,0.7600350720350505,0.7297140418037067,0.7584243921444628,0.7038549986028748,0.703144520864039,0.7092902966928163,0.7213131907491253
805,3,1,0.07410697568200475,0.07767641581296054,0.07646019079252193,0.07682949677528023,0.07762446659102117,0.07837120045719978,0.07878363948237012,0.07610639827837105,0.07958022623908174,0.070710575927734,0.06989747267398717,0.07360941397222114,0.07327499536816574,0.07780501751822316,0.07445374961027584,0.07563361814028648,0.08043812402952767,0.08197786533658429,0.07354370255398177,0.07484216619885338,0.07908624592471518,0.0765832123388724,0.07493381554410057,0.07654175940020043,0.07514747918500193,0.08001197006799833
806,2,0,0.10774623248638154,0.10798648295262474,0.1079955433595497,0.10634457321926637,0.10738710618949933,0.1034905803201774,0.1112149922783026,0.08918887951815775,0.0925973228781226,0.09608621533128248,0.10919327117300796,0.09114507404320178,0.08816754429919016,0.10785416467175678,0.10484956954501623,0.10978061990845868,0.10552820463145428,0.10847458852236648,0.10474021294840359,0.10561691187027351,0.10947809082943982,0.10230925263476258,0.10385492569019483,0.1021551284438517,0.10871555441858105,0.10447825801003054
807,3,0,0.11958601039698775,0.12547478861789121,0.11287266497058546,0.133335469653084,0.1684766703548404,0.10929077166310847,0.16006477234800812,0.1220075070305614,0.11446491384368294,0.11667476879769247,0.11429406818868777,0.11001019638533065,0.13673388242883655,0.12553867997150406,0.12723117529331965,0.11157346331545147,0.11767058291485542,0.12184490722608625,0.1011213608114006,0.1207952418030351,0.1296404549472589,0.1106194583105225,0.11690704552130426,0.1201166224082097,0.11811534839883882,0.12997737968152315
808,4,0,0.5697982603533519,0.5701120464091652,0.572661795623535,0.5732444954291173,0.5760340455839823,0.583429594881752,0.5784304592533052,0.571892070592349,0.5687447753773426,0.5769585762959134,0.58860923456368,0.5917674171076643,0.5777755346460878,0.5736975356056724,0.5791549196559741,0.5723186730844153,0.5668767608506436,0.5639191373276272,0.5695147715840224,0.5613937209931738,0.5686946375730378,0.5743554656789491,0.578752101630137,0.5845285574883338,0.5773952926714453,0.5856154904743852
809,4,0,0.09776563338215183,0.0967726486630943,0.09592850644661395,0.09611917763453616,0.09745943207808444,0.1097074745103871,0.09654725880468777,0.09746822516312047,0.09980923082994174,0.0969061170151473,0.0981779298525957,0.09796496456843384,0.09897397082024535,0.09641549831124448,0.09656071595533224,0.09584926045280466,0.09907818564886205,0.10476865476352187,0.0959113744548818,0.08795572907595621,0.09780885274581223,0.09781865555775958,0.0951635173720622,0.10006574030941522,0.10043071624659561,0.0983387512022779
810,3,1,0.9572779991447948,0.9547098822413568,0.9573390717879992,0.9574474058749803,0.9608345818459347,0.9598487268826338,0.9562911987724204,0.9582086953477914,0.9571890618636277,0.9573225120049261,0.9554288113214543,0.95607776785328,0.9595346584354858,0.9529029483785151,0.9536205391691744,0.957496205816844,0.9594570113512307,0.9581879819100368,0.9570163654661128,0.9572010364178262,0.9544096019289313,0.9564253312587877,0.95865797826204,0.9560021550886635,0.9554598255478934,0.9579093565447895
811,3,0,0.09204110028461755,0.09135039929390291,0.09179789687993571,0.09304160947556474,0.09213424704233387,0.08990405057937469,0.09212057105224354,0.09334835825759645,0.09114571667363347,0.09057540045899486,0.08888453083595876,0.09116351788529604,0.08860209691724112,0.09071817476440396,0.08956857128326053,0.09109134098873671,0.09358559004089495,0.09497567267637948,0.09116348118526903,0.08998639513206036,0.09337860140704075,0.09219141519092007,0.09098591668674649,0.08905783020261293,0.0913727506482488,0.09211467651139088
812,0,0,0.11040078365509436,0.11014635192900872,0.12053283494769595,0.1156115917296165,0.11346562124002559,0.10684356562094106,0.11987941314199237,0.11810437031559584,0.11097203156864516,0.12019694077083216,0.1017128071225481,0.1088354516395848,0.13148887269413742,0.10907171306184353,0.09831604493995881,0.1197174714025645,0.11102534213677234,0.12094557355577447,0.11805048685485957,0.11118624399400007,0.10853126655107159,0.11265605566967841,0.10900011293578737,0.11061126034611261,0.11082051889095207,0.10635034529341614
813,3,0,0.10627899748029312,0.10871033441530857,0.11242863477559566,0.11042580588890048,0.10986250436606697,0.10721735510298913,0.10771653444391249,0.10835002971372167,0.11050372782760536,0.1071336262165208,0.10973264201259407,0.10813958393771213,0.10247440071707364,0.10804235123599426,0.10661591206929115,0.11604558633903046,0.10905669717870803,0.11883021138957804,0.10854075901858194,0.10464377635182633,0.10760774325386357,0.1056544225295179,0.1085804531617391,0.11033702661305206,0.11262170549116719,0.10697245561445956
814,4,0,0.08813825348452915,0.10310622527770351,0.09634814885503078,0.09623826817653279,0.1077405018988216,0.10309689811030708,0.09772946535977284,0.09187349200678742,0.09525125251538424,0.09026554257759485,0.07746710050995391,0.08418997906333923,0.09091844929685695,0.10253349903667412,0.09876168679830107,0.09964946899241585,0.09749338657157487,0.10392939548316736,0.10194675649595387,0.1059297962164575,0.08712955600113598,0.1050826075406127,0.09297223641785483,0.059558406223560255,0.06657124790181738,0.05855643071733028
815,0,0,0.10908283777214904,0.10656464071133605,0.10659200528310597,0.10639591585909942,0.10625470686175915,0.1071959854128602,0.11065977099514734,0.10920006280428153,0.10745303925079697,0.11353735839696621,0.10533806955472978,0.10828468177896927,0.11078958999837939,0.10715241526671247,0.10610032114602269,0.1062255592903205,0.10509878000249696,0.11641893673093053,0.10821361983696771,0.1125832484782283,0.110952038965641,0.11462885916575592,0.10787267447499488,0.10961283924897347,0.11024876244664537,0.10770024629575657
816,3,0,0.10368817751696478,0.10262965581322747,0.10014470231075721,0.10737718867201418,0.10460537476738929,0.09781640157733303,0.10304386493328917,0.10437988006493004,0.09937566976996788,0.09967506762185195,0.09109308485718061,0.0979085524036456,0.11584304786763029,0.10183142130746575,0.10497617542131449,0.09886642033816616,0.10494989676362337,0.10132640610887679,0.0868261196311339,0.10821935884907485,0.11183560319237117,0.09061541941651452,0.09900911745871004,0.09991465095625285,0.10424028051997249,0.11379357495518998
817,2,0,0.5919351311151106,0.6035887616895917,0.5978452427055532,0.5996224179958811,0.607046433391106,0.6075608673687679,0.6092945035689864,0.6022651921219667,0.5949650097752374,0.6012583249706047,0.5968258021247179,0.6279844160124497,0.6143159044279017,0.5954544558812719,0.6037177900564278,0.6016296864828248,0.6035553654320456,0.5771644995381402,0.6038069130037531,0.5911862956798293,0.5973327773705362,0.5902703747653534,0.6006068607330831,0.6070928298450605,0.6015263252127939,0.6144188761673447
818,2,0,0.1286287319677959,0.12993819662610032,0.12622462823907052,0.1296564729420857,0.12512817819702002,0.12773276582796098,0.11513152192560132,0.12608820681353947,0.12418304299131229,0.1282050456676372,0.1406860502441666,0.14626757543791327,0.13966355429332442,0.1305027572555633,0.11637308018220927,0.12747524708114846,0.12582296302521748,0.12504640989241284,0.12090891869129966,0.11778396714084037,0.12578983101641247,0.12823837038535957,0.12481381444900197,0.13017742807449664,0.11810461449649738,0.1432830126500336
819,0,0,0.07788762496983213,0.07512863636474994,0.08489466862610555,0.08019401496725577,0.07765290985503633,0.09024487788265168,0.08646353604227046,0.07986639781734445,0.08116546543205914,0.08441517433793404,0.08157342065312329,0.08934434706175783,0.08114163723493616,0.07668167916525218,0.07509485263329481,0.08494700431912511,0.07972804487569368,0.08922881915687213,0.08188030467537649,0.08771852559991716,0.08471502797775489,0.08171375034635307,0.08552644054799859,0.08102498806980817,0.07578595957965677,0.08607552558159355
820,2,0,0.04887477180180191,0.049956703324859957,0.04959019225480987,0.04839597081606967,0.045521461065333224,0.049114876187206856,0.048052846280812654,0.048348587508322945,0.05101273016685107,0.04739962482327844,0.04458004272776683,0.047385936649097356,0.05012013297717172,0.04953529257638537,0.04946876975919873,0.04986571782826726,0.04866781659874856,0.048251338267641115,0.05023034189585265,0.05105330079076786,0.05093891603211297,0.04848478051071927,0.04858952271272506,0.03241751150147067,0.04191986133444834,0.033353150866543724
821,4,1,0.9144857334499518,0.9141698971378127,0.9184654437418761,0.9209026901818481,0.91602921747105,0.9081813546418153,0.9116740230424556,0.9161263526956479,0.9154374823858933,0.9179329171688706,0.8952562361856368,0.8989211328039847,0.9177991203694497,0.9147983285327204,0.9200195603693286,0.9134154742329906,0.9174525828138761,0.9194293753615593,0.9154904678013417,0.9056555230641533,0.9190782391234836,0.9170286987679227,0.9183361635180695,0.9162388215793072,0.9180500557409514,0.9081376545349946
822,3,1,0.09231482432183986,0.09166025089355102,0.091900005910923,0.09462896089021461,0.09311460722159522,0.0884917099469744,0.0913674864673546,0.09413637489041017,0.09217000949957178,0.08847355164261426,0.09117354410001066,0.09136655960265645,0.0918449728405409,0.09048563825605908,0.09123543951320229,0.08993561646434535,0.09377974074347278,0.10330001122607413,0.08373063499935958,0.09560735948287848,0.09678330509101402,0.09677695473294952,0.09188849542038964,0.09899278002552092,0.0939664844486388,0.09654093890995512
823,0,0,0.24247530382766072,0.24791930848404412,0.26025933609951074,0.25102850520937153,0.2287924539614404,0.2456389520939585,0.24470774358597366,0.23984344181094333,0.24381244274664474,0.22512890379714104,0.2304800133650763,0.22221511678195052,0.22692594740669536,0.2577249412537363,0.21580353191422572,0.2642503795484597,0.2298037296494333,0.2576099946752008,0.2233398592553967,0.25043842790433507,0.22572274164263617,0.21036946488529673,0.25031828515393634,0.23586926831569374,0.23373132692699236,0.24108846390815017
824,1,1,0.8489736753639505,0.8498151444339772,0.8440702824283838,0.8492073140628462,0.8437063028512997,0.8591065329417292,0.852731760268081,0.8533518542816741,0.8461111733005104,0.8554481901535431,0.8508732133911386,0.8454056359612584,0.8620136396570818,0.8510187162681387,0.8560420088925754,0.847387733594683,0.8467330841272925,0.8512101557155298,0.8209022199669375,0.8208118107476953,0.8529097627202008,0.8520074912038634,0.8501864749538575,0.8570541427385757,0.8408390724020031,0.8707526787893904
825,3,0,0.06000671890534853,0.059318040462668996,0.059610504683851796,0.05761467981959512,0.05708737919850696,0.05873575375515753,0.05805653078368387,0.056087318011606845,0.06094711787810209,0.06380458633323131,0.05990227806889372,0.06343892959198781,0.05840077079104527,0.0605269137603117,0.05917126064560065,0.058345841779122054,0.06396480257955957,0.06286436470135214,0.05959202800334576,0.06277771820874643,0.062443984690009634,0.06078937080649546,0.060659981614823784,0.039311469191881866,0.049238369305509976,0.04078894285795581
826,2,0,0.12366474930791875,0.11858864700891875,0.1207632200961221,0.11824434119626102,0.12957046461785585,0.10662524476626667,0.11951082504537248,0.0894900244592783,0.1067013861747717,0.09953731709654089,0.1126008574814882,0.09015332632179456,0.08484066040641491,0.11892775625280196,0.12001878525432834,0.11851856328965853,0.11691209481952068,0.11349104537007708,0.11498305190956042,0.11345595442983973,0.12469662435652724,0.10855007818175781,0.11101795617126918,0.109058209629273,0.11737533006103663,0.10891384857861158
827,1,0,0.48967953585209,0.49282622445612745,0.5121365496479169,0.500315580621641,0.48874111550875027,0.5376520551468834,0.4735314925950111,0.43530668083248436,0.465715983316765,0.42674816398287213,0.6147579191062472,0.45939457889768703,0.571275729231276,0.5021420595758118,0.49743065444418716,0.5119165556261499,0.5051051481778676,0.4913623297375395,0.6350369151733474,0.4703722004154843,0.5034966672276445,0.48693347198478487,0.4941667673635611,0.5170382152898664,0.5086800924805907,0.5061997677157023
828,3,1,0.8888096383250433,0.8938260991991421,0.8885321650849121,0.8892053074685403,0.8922753490131384,0.886416825721569,0.8943080871241101,0.8990489014178483,0.9024805035920522,0.8987564410985901,0.8735858005107434,0.8804601398471723,0.8904767811906983,0.8936014370037415,0.8950899394087526,0.8954205151169646,0.8956200557470954,0.8933622370714099,0.8912617622784959,0.8714856468120793,0.8930335210038839,0.8852123464636251,0.8879676371255423,0.8768160342868639,0.9018460199137142,0.8994660950840804
829,1,1,0.12611027300053898,0.12288521138789042,0.12290419329591462,0.12401516465867068,0.12596750203911763,0.14425505136418193,0.12554437248054603,0.12963780554057683,0.13023166500206565,0.12917591295696126,0.12025151932767464,0.12044258011834587,0.11695660110394179,0.12187166663392966,0.12158937392241499,0.12392880245443694,0.12587724656886776,0.12555703279561634,0.12804745678136134,0.12233400032772024,0.12385792786757116,0.12491284537228454,0.11917330789596221,0.11951651727353213,0.12457516596033608,0.12259942101638989
830,4,1,0.926421172183186,0.9238968233380723,0.9235968948544727,0.926409703659019,0.9219327879513722,0.9250815605581107,0.9214824081377255,0.9244763909003665,0.9244836612352247,0.9276018250841886,0.9273500806496031,0.9239979767442444,0.9211411582433048,0.9268519799668309,0.9287969920364985,0.9213163839358706,0.920352638165533,0.8976066462540828,0.9265229757564367,0.9243702845864625,0.922222253644672,0.9211353995075323,0.9208695760492788,0.9203846772171849,0.9273161315810317,0.9243522923451858
831,0,1,0.7223707421673699,0.7239286963499199,0.7411180668435011,0.7370928946648121,0.7372025970021251,0.7424881991134455,0.7278378132406047,0.7445596586727397,0.7427922186221133,0.7227188165424857,0.6939259217503854,0.6979359600303964,0.704863214411578,0.7324202826488045,0.7257784944893156,0.733314660916716,0.7404117747975932,0.742684935566908,0.7339140606080606,0.7276179640585102,0.7589859833216127,0.7448889035467919,0.7394305815559777,0.714540826418633,0.7031356603428313,0.7293339824302921
832,2,1,0.9547068842826314,0.9551746970845638,0.957070702125122,0.9576056203562376,0.9597996312786382,0.9543891832288622,0.9530496514970195,0.9555293161243362,0.9545281282535827,0.9561503243413317,0.9555730286031346,0.9587000949803747,0.9545424363478897,0.9549841331489128,0.9591945007813036,0.9573478568127327,0.9574226491748963,0.957668024674867,0.955245392512087,0.9477320408071374,0.9575617376608719,0.9572009523807058,0.951172424348299,0.9606812413006961,0.9619731330084328,0.9530848204632827
833,2,0,0.0991455120868983,0.09792044783582154,0.09936646264924805,0.10033060196591793,0.10420588877308705,0.10949587616766775,0.10299751101822767,0.09172256656261342,0.09211810126996513,0.08714340849642303,0.09535830347554859,0.08182899506233023,0.07737543684852628,0.09822754281397868,0.09959006249524156,0.0976635916082273,0.1006105627058232,0.09846904969567394,0.09649914776916439,0.10442510129784777,0.10247143116970094,0.09980478553786865,0.10284574667319857,0.09981013649190078,0.10549914532453025,0.09969111127418184
834,4,0,0.10113371135089183,0.10013190567126894,0.098974285747036,0.10007010448646046,0.10050744105699394,0.10198984263022276,0.10150875018535739,0.10247041259839491,0.10304026762507751,0.10282512154510509,0.10049388775542928,0.10406286035390455,0.10429445410931197,0.10018079824039343,0.10074343737313109,0.10042154143992636,0.10140072627827296,0.0985295085437848,0.09940855831001925,0.10408226964323558,0.10455392497537362,0.10140624606094856,0.10388585132429547,0.10220599125845521,0.10445554695866384,0.10168461402594803
835,4,0,0.09936463551586312,0.10044687672692092,0.10197997925708942,0.10109642383624327,0.09985422233276003,0.10225229116099137,0.10223869408488956,0.10382909885079382,0.10196748614261907,0.10195465041027459,0.09771663465398861,0.10315327883214682,0.10350353446403748,0.10042188155404343,0.09680786161418457,0.09867597285920343,0.10073132932072937,0.0980794435156746,0.09642945027286848,0.10096053666163873,0.1024927562506432,0.09661051099603844,0.10681917821499186,0.09849413865783634,0.10024181552325755,0.0981570728508399
836,4,1,0.9584499626995872,0.9571281229833118,0.9596041691769416,0.9577239455459153,0.9572517086581275,0.9530401916169331,0.958876062032342,0.9554819508565316,0.9576677089768691,0.9541500979859023,0.9572677518909866,0.9578168981474011,0.9552969826929676,0.9577215099765298,0.9574923705565883,0.9606867934333806,0.9589719015603584,0.9609977673907429,0.9565335454709124,0.9587747622371446,0.9544181046068715,0.958419914351503,0.9564017765694786,0.9524520738310273,0.9573892766061197,0.9550145612388748
837,4,0,0.09626849402916571,0.09535420289738095,0.09570704511084022,0.09739150305063966,0.09770377036334393,0.10139902261987466,0.0973350583784688,0.09791609201645148,0.09768784085424477,0.09828232965496723,0.0950345067306262,0.09982030249762501,0.0983077879509719,0.09531884740788062,0.094137992369829,0.09623951864205532,0.09650098673435255,0.09455026333823509,0.09446444265114733,0.09757505898621087,0.0989223936665478,0.09163826335220171,0.10113548799520715,0.09634067324092088,0.09750627470050786,0.09679473204157922
838,4,0,0.10335273515169047,0.10262227786411289,0.10266613950151877,0.10355901074970841,0.10460617226779738,0.09689931970655931,0.10469925796137751,0.10193396251078729,0.10363153441341488,0.10406005671068082,0.10201673247374639,0.10516401437903485,0.10413977469315076,0.1025422360991065,0.10133703639565207,0.10309400998833733,0.10318954031655263,0.10468433582411564,0.09959111892542515,0.10403727406520576,0.10530317205391065,0.10414413238277635,0.10464815388238889,0.1042393671555991,0.10629383665803642,0.10117783774679832
839,1,1,0.5384611016000923,0.5405040530315667,0.5651929345102106,0.5519459349963022,0.5407918543728939,0.4951095492219911,0.5082642186167403,0.5557939021347634,0.5609537797000326,0.5632844919549972,0.6638793565970021,0.5472619754717182,0.6048949370881165,0.5535620463206703,0.5482135342830734,0.5570786603256642,0.5555695684451658,0.5371363712835088,0.6716857750517585,0.5139282725889043,0.5595629886487204,0.5302417053941498,0.5352685065955382,0.5638662308672261,0.5507372818596911,0.5441566981797986
840,0,1,0.33218272074768546,0.33128678102694775,0.34822517097757677,0.3428181156679422,0.35443557666620107,0.30316019682767253,0.34390692583257493,0.33571178289031617,0.3401532975898663,0.32918302197409394,0.33912725824206363,0.3147527330801516,0.35125191837068526,0.32608265847642903,0.34865451024210675,0.32960934215990007,0.3426232367980062,0.3262371199811905,0.33984234834456456,0.32837629222392817,0.3571410817007916,0.3336633475252026,0.33596822238854734,0.3367421174753272,0.337391889922588,0.342166745875969
841,2,0,0.09587823302993166,0.0941065464465413,0.09047266707231531,0.09520450322988949,0.09697420897293496,0.10031684765410794,0.09263062478888488,0.09690340286724687,0.09615228814420274,0.09595699593069594,0.08955945389911195,0.093693865518013,0.09500057100351457,0.09005459979437025,0.08936916558861809,0.09216708245464844,0.0948575773817704,0.090336087366447,0.0969158347928971,0.09333119424746218,0.09905135639103317,0.08859348129738388,0.09618565462633155,0.09136030913787468,0.09192651116771178,0.09381882590380558
842,1,0,0.11471473001042558,0.12443713934576783,0.12089797542921776,0.1315241236966699,0.1269992284895257,0.140662663353353,0.12553716722277433,0.13129117356011483,0.12296819579528717,0.11923622828399587,0.12405901018329975,0.11301915957261773,0.150112260756651,0.12261955665873926,0.1721753800287805,0.11695837120934316,0.1233037903970781,0.12018659198295693,0.12830886754275048,0.12613147620865683,0.13066003206153287,0.1251502367379712,0.1285005740167639,0.12951250220425625,0.1322124006940101,0.13401112753235325
843,3,1,0.9047985013583566,0.9039409588540946,0.8979337702642652,0.8987872022189713,0.8992197340661562,0.8988308561905396,0.904997320723472,0.9062512968764785,0.9029289096694183,0.9075318062015327,0.906131775217395,0.9183108535327335,0.8956579430383322,0.9032132897988161,0.9051714038365436,0.9004850638705779,0.9129239306154537,0.9081530722553025,0.9119411217984902,0.9008659923682112,0.8977233626086728,0.9084105918171489,0.9083183306827253,0.9057857528338928,0.913247718368735,0.912915421283869
844,4,0,0.07461661722570474,0.07842397816880348,0.07734957836202654,0.08017301634211445,0.07884107164661654,0.10764694150765618,0.07270007754475956,0.07436088508031606,0.07419206103350078,0.07566891158522536,0.08203826910438589,0.08307559998029905,0.08144315431640124,0.07893771817803265,0.07804225572469363,0.0778073926364451,0.07768837891916835,0.07551059501348195,0.0778033907476654,0.07590210091292386,0.07330739503168308,0.08478469921078735,0.07908379431407349,0.07169832101120481,0.08275757383993831,0.07524418234037075
845,4,0,0.09866494062364332,0.10138522711783444,0.10140830232445931,0.10314210446388804,0.10076877947913225,0.09994294876716743,0.10429287475969097,0.10200073468867625,0.10004659878842652,0.10273072577644654,0.0974198292583802,0.10353643004686748,0.10058030023841795,0.1013595168026189,0.13340847263572927,0.09885570044912308,0.10029734334864204,0.09846249916492979,0.09785172684702205,0.10096053666163873,0.10382273267027291,0.10262988139257188,0.10707975806891833,0.09966795722121034,0.10071068801584863,0.09837422266830838
846,0,0,0.08567509991732453,0.08749708219378398,0.09229102927036308,0.08601363062078288,0.084148786030333,0.09145069599790773,0.09255036008257578,0.08981274997279055,0.08972107427439853,0.09098305337410435,0.08709242730965892,0.09820288502751469,0.09132320489883987,0.08145751359235331,0.08386866886028192,0.09060315258915079,0.086863035071694,0.08848629345583346,0.08844224090182388,0.09017912746365901,0.09087371365570636,0.08952249843495286,0.0960387220582027,0.0875774215133147,0.09099771428283465,0.09056824444195954
847,4,0,0.11450080824128396,0.1117014619065108,0.11340795805790789,0.11791956905757256,0.1293226141666148,0.10963276859578862,0.11774426863579333,0.10408490526017415,0.1082631712069278,0.11432605557356985,0.07563698065994405,0.0967702816671741,0.08612544500516661,0.11067516360657975,0.11334399002686023,0.11200081840695125,0.10571760595326785,0.10527020247724522,0.06668512601047207,0.11943318722330777,0.12126495317655174,0.1249084302954915,0.11936864086387837,0.11349171828330841,0.10755311785272813,0.09717355778073937
848,2,0,0.0707626114224377,0.07074645520356714,0.06889680711348922,0.07131872687791106,0.07087219008181274,0.06406277254620112,0.07455617680445759,0.07362701541642587,0.07340253466025759,0.07415659279265768,0.07190333256230651,0.0757180747099736,0.07330219900965117,0.06701818478672573,0.06725652233325256,0.06755133711972512,0.07123639728433308,0.07490770482290954,0.06833146488305646,0.07508282899256745,0.07381987143635725,0.06762481567142901,0.07384583967643332,0.06633279811011748,0.06670488989888372,0.07190575574883046
849,0,0,0.3232964583647909,0.30612433909976394,0.347293819951771,0.33372180104517146,0.3201924045941391,0.30484275582000236,0.32642175250606953,0.31057508644397386,0.30568735008838405,0.33017973407428786,0.2985633517148854,0.3071634740278138,0.3743353738175023,0.32138157432675796,0.30093940953531395,0.3552028325705871,0.31238024290202376,0.3082067941821895,0.2717097124985639,0.33425413852204344,0.3196279102386454,0.35109997154732797,0.3196985209167358,0.34093027420738237,0.3561689043106872,0.384949243220301
850,4,1,0.9571605050014873,0.9582439996798202,0.9566323367596241,0.9585932806009291,0.9617632727882092,0.9533206706718484,0.9641177325363036,0.9555359246966164,0.9558129006272503,0.9560499548810067,0.9568433201682401,0.9543160995107556,0.9575021795347795,0.9584058027091489,0.9624658583785582,0.9569493315989703,0.9568828604872303,0.9602698209545725,0.9555696897614715,0.9571287596944429,0.9542497113125826,0.9555641310323439,0.9602400251668448,0.9565611950991286,0.9563474347197795,0.9555861954077852
851,2,0,0.055845984189076735,0.05430193154733023,0.053420404970829304,0.05392665917428261,0.04954236853715289,0.05575885169130673,0.051268250633885244,0.05241059416033735,0.0578802855171097,0.0538042042628181,0.04738350974713567,0.05656165208626016,0.061988236313239915,0.05425189243195353,0.053501256575294996,0.05562209126253,0.05383524608355786,0.054672131898302855,0.05755587299923585,0.05883501033408139,0.055713084591605865,0.056783840171106575,0.0567930489506146,0.033611939827879994,0.04810478287905936,0.0371437156594055
852,4,0,0.11877832689130173,0.11701920040401949,0.11456609600753791,0.1146286575248464,0.11738265284303724,0.11557626606989783,0.12197336833498328,0.11403270949150644,0.11715094542956182,0.11589963706246638,0.10724870636709387,0.09616444731202158,0.11161082444825669,0.11757573893338198,0.12119350940765307,0.11630918013270779,0.11583809331947859,0.11722915452465321,0.1114183696062107,0.11323629747247375,0.11186588855127705,0.11661731150220682,0.11029152591444803,0.11127517708621047,0.11216104853578494,0.11872411943873541
853,1,0,0.116860579522395,0.10410738763455318,0.09647193266511576,0.10139647368746461,0.10430211533697124,0.09819718252581196,0.10024962526244585,0.08038432275351283,0.09234305497532946,0.09186059814776992,0.1259827825120811,0.1242040941937758,0.10815130270238964,0.09996707776040191,0.093669368864915,0.0979517895118475,0.09976886821814472,0.10120175400035138,0.09913784797358476,0.11271655913951222,0.10338139052845811,0.096629171832654,0.105468951843441,0.08904157702812349,0.06441282406868915,0.055625973603595696
854,3,1,0.9257232996458655,0.9199403677707031,0.922313960128518,0.9185185087223299,0.9194257113889143,0.9074452704857165,0.9206305645093682,0.9240856368315375,0.9210173004678847,0.9156333917562268,0.9278052520185964,0.9299109848473567,0.9258037585971214,0.9199608328337305,0.9188988710137226,0.9181607720088266,0.9248950192428023,0.9231244670161164,0.9221101677152609,0.9138073183600747,0.9156546240469701,0.9193052426269701,0.9148860922296383,0.919360459779758,0.9247739041525295,0.9267160018930231
855,2,0,0.8732705510531655,0.8711577008010064,0.8702243959548643,0.8749784703155967,0.8757685200647692,0.8820566661527239,0.8782068412191907,0.8766157357204717,0.8774253056203841,0.8757295847979473,0.865192721569444,0.8622675433615266,0.8559580202114215,0.8735913106820322,0.8691505167543258,0.8737885194196467,0.8766114149355255,0.8695882338699604,0.872598813508612,0.8903870804462758,0.8862247630883312,0.8710288300634567,0.8754039083098197,0.8705286292415222,0.8739738564981424,0.8677688169523184
856,4,1,0.5204731827728734,0.5370475472507715,0.508958476967576,0.5153103843632966,0.4984527292071004,0.5208152600978595,0.5043635913481703,0.5511180168075421,0.5159386264961898,0.5186590266625247,0.5602694698492864,0.551940916699193,0.5393558104973849,0.5398952281319349,0.534595640015279,0.5306293339591481,0.5225470743305932,0.5216192448058833,0.5241167774912374,0.5091881520105828,0.5040513869069998,0.5131645120217431,0.5052206828957742,0.5276535498915541,0.47171411183903916,0.5138156631517797
857,0,1,0.9572927264294441,0.9582206682432112,0.9582116101537661,0.9554422960967472,0.952957196544788,0.9568041966487394,0.955315107999681,0.959193217070577,0.9577383108909373,0.9590535169286308,0.9534160266959867,0.9490263011427764,0.9544695194830352,0.9594810948125732,0.9594850218458505,0.9585909208951063,0.9579700204943982,0.9551049382380867,0.9565220727069468,0.9571995000491098,0.9564145911933774,0.958555809572493,0.9575229122759966,0.9548795624112788,0.9534243767584494,0.9563423684674537
858,2,1,0.2360044176652637,0.23156498975448056,0.24039067069057682,0.25130813425263754,0.29864887981303845,0.16202336213784208,0.3219608006629725,0.24698789179171324,0.24427268880156427,0.2392603621815399,0.250540484493201,0.2159773723296654,0.19528368819689135,0.23352798413300113,0.24739584415103696,0.2300278934174119,0.2436645865543879,0.20944448250531814,0.26192368223761014,0.24646786523143213,0.24123993658298226,0.21839870367560718,0.22147848625382435,0.24048104907758117,0.23139881525898898,0.23089364234364398
859,3,1,0.8858250545305678,0.8837415412035979,0.8780884772201398,0.8817836864905005,0.884434001191309,0.8907699162243214,0.8871147745737504,0.8819670575214839,0.8768563976495756,0.8818914724876864,0.8890815270476958,0.8847511984165402,0.8862573571494954,0.8848263459741706,0.8846296885680797,0.8800039522079922,0.884691923687477,0.8869490208847898,0.8873346962721612,0.8769043317587549,0.8812027447658597,0.8830654163301315,0.8874354415941473,0.88498752934984,0.8766204027695171,0.8720854774691261
860,1,0,0.12699655708554403,0.1263330433040967,0.12684703796819286,0.12595329890310838,0.12664173756808136,0.10753106854675792,0.1268330049427202,0.13234123389662328,0.13153540383723636,0.13187900395008878,0.1156202318240905,0.12122467550754251,0.11641192410431818,0.12821637245709128,0.12884253822786593,0.1261463128831779,0.1275568136490086,0.12572468771372222,0.12414907958156944,0.12600630692383874,0.12628581525392255,0.12561548877016224,0.12351007040333967,0.12389212819674301,0.12682981474464206,0.12452306188414695
861,3,0,0.06312867368091883,0.06527502289941034,0.061377579217969325,0.060430419483089935,0.06504669436192455,0.05979983999782281,0.06500069753481641,0.06330636179328408,0.06201106698043565,0.06201485063126131,0.05944269878080771,0.059337094387329814,0.06195235029668295,0.06416391698003454,0.06413810010735901,0.062223536796636635,0.06115007051179825,0.0568336986973965,0.06523216157627948,0.06594943265884375,0.06278885276139937,0.058166032604161845,0.06751449446256702,0.05927235509064588,0.06283271446072426,0.06376639905789798
862,3,0,0.12612937913568592,0.11954338617987481,0.12226606261078493,0.12330354330055886,0.12019018579223534,0.1252108633627721,0.12251723527159836,0.12185353054885657,0.1259097833263115,0.1288092441692687,0.11425298373562957,0.11334836073215254,0.11999737480791696,0.12169120187409128,0.11487633796627283,0.12223391355879216,0.1212260258510926,0.10982724255555465,0.10571703043005677,0.11199074793244113,0.11777266995600054,0.12341531509325641,0.11940013041662119,0.11778060701966142,0.12028825335052096,0.12442977366871366
863,0,1,0.9309621599501464,0.9302516072378516,0.9269562041892355,0.9296884116651006,0.9307823914819946,0.9305348733673625,0.9316860387436918,0.9316124312346804,0.9282622383419247,0.9297988408914831,0.9329150827784073,0.9348399655348598,0.9368887697231418,0.931417741203363,0.9330822243259366,0.9306680130123651,0.9356029626224703,0.9251818382798785,0.9343706746949728,0.946688298768267,0.9286167521918266,0.9297084986720096,0.9223496546702513,0.9305549865598207,0.9332487685560582,0.9251262040995476
864,4,0,0.06970741257715482,0.07051565101218239,0.07174039128953481,0.07221716087713252,0.0720708925625624,0.0913181231405204,0.06434449168883617,0.06596942713265791,0.06963468499982808,0.06851504760228433,0.06720252209244719,0.06311930128310463,0.06581456628337858,0.07031057075083073,0.06965777555464454,0.07328910730896182,0.07017207958062568,0.06997798794844069,0.07088734565370323,0.07070918175051523,0.06736575022421407,0.07066054821522356,0.06842798538054398,0.052077323430805324,0.06843234030996524,0.04903279611419672
865,3,0,0.10805774444907668,0.10266604231527243,0.1094760987906035,0.11491888446339708,0.11096018849373274,0.11155926114857022,0.11115769093824758,0.10629160941330569,0.11000870087115898,0.10944588318525554,0.10416257994102257,0.10643155474293996,0.09829975078960046,0.10445029054692517,0.10277044520836011,0.10701946417835458,0.10816474793866314,0.10926188687079412,0.10626699575953576,0.09738496616619995,0.10421470362662495,0.11178064953087663,0.10756016204706931,0.10648708948117445,0.10972296115912683,0.10756452033368964
866,3,1,0.7756788753575784,0.7763685582098719,0.7677157108880021,0.7654540039153543,0.7680013977197179,0.7462411342936038,0.7748913406040433,0.7607776496762059,0.7769256691492266,0.7752144718356869,0.8060165715917885,0.7855906109457974,0.787922339340215,0.7811644843715934,0.7832494683568263,0.7671984339301251,0.7755350227136387,0.7646068457348667,0.7856955760792556,0.7871046602005815,0.7854875027876872,0.7766654949436003,0.7869936485495298,0.7782386889288929,0.79113920275412,0.7824536444277904
867,2,1,0.8293227325810424,0.8175682833967194,0.8170285105120954,0.8331942669680328,0.828612711581421,0.8424839469380871,0.8125123172379459,0.8306002878185793,0.8337465345077804,0.8314596943878331,0.8311275976626501,0.8379925510272396,0.8280620345226714,0.8212162834612468,0.8224425043952571,0.8211860449056108,0.8288452993338146,0.826953611328331,0.82037780306568,0.8536950352662097,0.8441157583701977,0.8288292487939621,0.823393727887655,0.8212435089732537,0.8367584448319616,0.8206981000352663
868,2,0,0.5749669000172004,0.556616020596063,0.5636540191932916,0.5548066644917378,0.6499101800070662,0.7867143717121282,0.662877283442318,0.5341950519350466,0.5475561512411214,0.5427256453613846,0.5632871887194251,0.5522577512100318,0.5729140572074722,0.560639332454901,0.54379184048759,0.5471320989907343,0.5665455462531882,0.5802569277599529,0.5064405494991584,0.5647617654684088,0.525839605636957,0.595994270059231,0.5658875343171474,0.5482744105207343,0.5507497749550314,0.5466015436694703
869,1,0,0.11619582703099247,0.1186692654699798,0.11852080327503949,0.11862875709979182,0.11712702554405359,0.12198045407179668,0.12089505571978339,0.12424690728263132,0.12273459133028176,0.12387950482090547,0.11191643875226372,0.11653289891338037,0.11353144931055022,0.11794672700379712,0.11446666311533053,0.11754122461621748,0.12177786595409383,0.1206364569094686,0.1257071393345797,0.12006684206015146,0.11936842721854013,0.12234984495515966,0.1189600669140894,0.11656515824221121,0.11632789583421554,0.11476959151101551
870,2,1,0.9154073201942406,0.9075007609197586,0.9135797141293392,0.9217731168628743,0.9203587392987864,0.9103578355854363,0.917838257266482,0.920134725474234,0.917161110714321,0.9218566611666491,0.9176726643713174,0.9182962746062233,0.9139960798886285,0.9104300154042378,0.9225971162727005,0.9158216069536654,0.9294167170677067,0.9201012264156544,0.9177225811785389,0.9241047759158278,0.9246011206551329,0.9098527247832188,0.9081488415858443,0.9365059763795038,0.9264452042216393,0.9264127362913738
871,0,0,0.09621576197466818,0.09752197547031168,0.09705633488786541,0.0961272937179408,0.09842244306489896,0.09795090117434241,0.10131593373917762,0.09976139197808626,0.0974554107783433,0.09961279662811502,0.0945631930851077,0.0978029439770912,0.09781962897822838,0.09904418078206266,0.09687383920816157,0.09802803874791788,0.09741946572954084,0.0970663627771232,0.09552047076958146,0.10053211628081739,0.09909435879756813,0.09771346277187404,0.0983015233042394,0.09823149553458016,0.09853455118819893,0.09723515142430951
872,2,1,0.9380337550276749,0.9382362850112479,0.9362065760947926,0.9351562183147973,0.9353725069823066,0.9430091863271821,0.9337658325907355,0.9327701975613375,0.9351303914516963,0.9355184552794741,0.9361445938807559,0.9270136970878688,0.9372811875745143,0.9367154461593875,0.9381181671524542,0.9355450410006177,0.9401935802936614,0.9334716913632599,0.9374796499747357,0.9220831054791622,0.9366962602331266,0.9354826220981787,0.9353641746555752,0.9364199588772681,0.9328347504863402,0.9337270877444258
873,3,0,0.16009093638685912,0.16860498658452597,0.1707237934958006,0.17661237348379047,0.24036512650537808,0.18199474028742332,0.22835448880464168,0.17466501486820177,0.1699555839508788,0.17967420362364303,0.14994844257410272,0.1515534240231722,0.18548540809151393,0.16757868377820598,0.17373964250633075,0.16164527147580995,0.17707163830712722,0.18283750735473006,0.14235375145202367,0.1841751228820404,0.16273420807665015,0.1576771509099236,0.1638330389819583,0.17138514456492482,0.16323485057905607,0.1933040231382094
874,0,0,0.09020491404475489,0.08996066079996316,0.09116313414303058,0.09350417071222678,0.09426821265146033,0.09295629034680108,0.0946935070246684,0.09607053498223311,0.09419001728824822,0.090269753183438,0.09382555292731314,0.09457692443223165,0.09775766708533523,0.08748088413874189,0.08939903416686125,0.09017029031922759,0.09414793454212918,0.10033663024767603,0.09177891735023737,0.0955555029174458,0.09242416289503363,0.08891194283548202,0.09437756448064916,0.09389540786832613,0.09430826329581303,0.09105117013907059
875,1,1,0.871912419265546,0.8630964241183249,0.862076567416905,0.8635943157941032,0.8643570878443168,0.8686149241486322,0.8711834383329674,0.8726720516084616,0.8686130670868458,0.8557662059054563,0.845754165757044,0.8445052911345415,0.8448950693142211,0.867878591943437,0.8667855741701017,0.8656885754854026,0.8668481352754284,0.8611177378974588,0.8738081879448666,0.8726984406195674,0.8654747805853868,0.8602839721398459,0.8484835313162659,0.8678905864151679,0.8719655684898799,0.867892667482412
876,0,1,0.704558518050975,0.7073969731373156,0.7134210781379405,0.7117136784116158,0.7052885826259758,0.7512304785226526,0.6916960511959758,0.7185042940116121,0.7131540653203956,0.6956238507894867,0.6951457933586473,0.7035004576208367,0.7092109903881126,0.7020249967769785,0.7047677632823932,0.7160151434772432,0.715381484654137,0.716192418441642,0.7143723050723848,0.684340460784422,0.6727950313314127,0.7045213868834814,0.6892386677208838,0.6837551641779106,0.6843791359472124,0.6844581947398366
877,4,0,0.07092058664621091,0.07120350244200759,0.06887392790464912,0.07160541348040221,0.07178103766289713,0.07328821688444705,0.07087270655735747,0.07017688818497801,0.07412487974654923,0.07162783495504071,0.062445244123205845,0.0652998568659574,0.0669742765806735,0.07151515452745012,0.06876124265608938,0.07234988042991819,0.07739438817881984,0.07700312101406794,0.07447566064316667,0.08123224927104346,0.07373793799348237,0.07528936539587346,0.07010218475016232,0.07451224936567279,0.06578668048990004,0.07297304467605548
878,3,0,0.09140558589808688,0.09136925813517517,0.09186923994496109,0.08929049182448152,0.09093967326601489,0.08849997235362211,0.09399910787889748,0.09023236315731131,0.09147280618614402,0.09233964141929357,0.09264242630295604,0.09361193360923885,0.09015536373136997,0.08980583257680029,0.09022128949101797,0.09118850142994121,0.08922885464811531,0.09032024095940393,0.08358495456164576,0.09203363000468902,0.09777514928477499,0.0946330173784442,0.09198667314918484,0.09116853153126614,0.08985918202393917,0.09238512103151214
879,1,0,0.10274214418262233,0.10496782601480574,0.10320433815278855,0.10478625360513183,0.10183241785166647,0.09703531990837315,0.10358167271571216,0.10826125016746131,0.10531390064195427,0.1085362019254822,0.1011321116354897,0.10602380505979524,0.10083564009293265,0.10243649737272902,0.10200287282239957,0.10211803671433077,0.1034698939801566,0.10598245655462087,0.10267777219821456,0.10786495523872769,0.10568201041952334,0.1058468468772734,0.11044847191479785,0.10234450058029389,0.10249602866753048,0.1042374770760735
880,1,1,0.9282271307594625,0.931809453965776,0.9289826879803784,0.9294596383871557,0.9214144374769019,0.9436018585837488,0.9199137725285476,0.932080335280632,0.9286625523114541,0.9280325325449786,0.93682794626537,0.9346262609965595,0.9123541529181161,0.9308942995359648,0.9330804623369596,0.9297668305054865,0.9324779157781959,0.9415085720883626,0.930731102417785,0.9326684373093642,0.9262464709870087,0.9283897947273854,0.9315114604732938,0.9250468194074384,0.9320391893759634,0.9307857781327327
881,2,1,0.9437148125415163,0.9395348446511109,0.9430941590497118,0.9441212301527674,0.9486102788377199,0.9443453453292854,0.9381448907259351,0.9473733623370423,0.9514261035169774,0.9466365321873469,0.9440297085181673,0.9480867822024809,0.9440458250986525,0.9436117148269796,0.947570706961355,0.9433693162554379,0.9434315022240899,0.9418952247328415,0.9454458004169025,0.9486559782820717,0.9515279521057715,0.9441070441121221,0.9400207807315439,0.9444273047786549,0.9387328947374419,0.9378551877839459
882,4,0,0.10804139418061492,0.10668529542758483,0.10438555939985672,0.10632724712325996,0.10415582957587556,0.11183308029948401,0.10834548876471001,0.10623516376494087,0.10950119753866826,0.1061369055243916,0.1065243144233972,0.10773173559388159,0.1068619223863116,0.10644292534619783,0.10416608505010716,0.10464496813045987,0.1075005395734908,0.10747596463961244,0.10529923499977141,0.1046499698189574,0.10944571809327051,0.10688502315708594,0.10675720119700992,0.10551304449844696,0.10407617314285876,0.10606843717606164
883,1,0,0.6477333580836885,0.6282731499498059,0.6366754968601697,0.6448801105986431,0.647298668780563,0.6491822786273267,0.6498767068075879,0.6398171500897577,0.6317858153953485,0.650407364100559,0.6717606488697593,0.665093890163106,0.6714089070100786,0.6278403468540427,0.628486658589145,0.6435609776638802,0.628345066210143,0.6270872302143852,0.6611785958166485,0.6334636013038278,0.6438977431911176,0.644931643263838,0.6500082322401237,0.6393047947881388,0.646227652102876,0.6400271732481838
884,0,0,0.11405960296059597,0.11703887794783936,0.12012363560481853,0.11763133102835006,0.1184101676473922,0.1202262154611593,0.12346303530737886,0.11848014427015936,0.12096568773675638,0.1159272339624513,0.11596574943787318,0.11208971262437466,0.111362208750225,0.12103650647240353,0.11713528871905195,0.11774069974087009,0.1152218054937179,0.12789036747686958,0.1168363029233173,0.11276416584198501,0.11610509342052476,0.11825114599432197,0.11972253460968552,0.11617389782483346,0.11803407463857518,0.11337983694833136
885,0,0,0.1103343205200376,0.10454675807336568,0.10506402357213233,0.10925670578130792,0.10995917272059674,0.1043133536974006,0.11247525590676631,0.11491607692748229,0.10623478683220476,0.11228103743925927,0.10803573294592121,0.1149784055341709,0.10564975083238053,0.10642678155158121,0.10769314114176128,0.10521759327715063,0.1127416085116754,0.10497702520987921,0.10612370412658513,0.1130964370890203,0.10798370320599644,0.11254863292133455,0.11620700870297035,0.11750498255221169,0.11424678035215136,0.11298989201631682
886,0,0,0.060638882358825495,0.060619468857508796,0.061553227869779126,0.05508597410556173,0.056701928680856654,0.07256234131550393,0.056961793313946164,0.05851540738573008,0.060095109759875275,0.06075718304535075,0.05808363260322577,0.0566314332971092,0.06214299298586686,0.061088772256212516,0.05795033485283809,0.05578530467006474,0.05752429106283108,0.05866325900423345,0.05845849329371596,0.057440385616444746,0.06369190982155776,0.07063552451322654,0.0700538757196756,0.051192133791266414,0.04638965585682481,0.04076403420134692
887,2,0,0.22195389803696242,0.22923473028619135,0.23777822545949986,0.23133354878923326,0.22098492107971732,0.18953850192329788,0.21701092597013216,0.24071979896400966,0.2297549143068127,0.23910675670676773,0.22744167473915497,0.23204135302870954,0.22975447268909122,0.2351129048453001,0.20839023417691713,0.23292730023988825,0.22534430617623794,0.24885005723319362,0.21827868576780105,0.20330574697210513,0.20051330342910859,0.23036529597467284,0.2255610313986153,0.22681504730634436,0.22574479157781524,0.2457799889131962
888,3,1,0.9296041053763774,0.9263567106049267,0.9246893156856278,0.9285313361430854,0.9266208886280219,0.9241940442835658,0.9284529944754172,0.9303570606318665,0.9221789936746593,0.930432467854688,0.9308261509547352,0.9381049467712642,0.9312204774092656,0.9242936066868754,0.9286893777420665,0.921947885300458,0.9265898897826489,0.9262544233715019,0.9229850119006558,0.9212094825354149,0.922484233188798,0.9200309514552701,0.9265462384580491,0.9249742186181903,0.9273584067276235,0.9322701661188996
889,3,0,0.6561232038077572,0.6528585807009019,0.6660214819897524,0.6719440632285423,0.6702367229166772,0.6551622348451366,0.645999819364742,0.6395319635036937,0.6428630561155665,0.6507991586360568,0.6191834092972593,0.6394001841727426,0.6556901820080385,0.6572328421234322,0.6489844085399356,0.6420963808739817,0.6427753605257345,0.6478204463782244,0.6489482403816484,0.6322124526281566,0.6458555260286568,0.649308692131748,0.643128631035003,0.6710473450076851,0.6506123449998816,0.6751824811455777
890,2,1,0.5686659104988044,0.5600262014218732,0.5727711672375234,0.584799810827064,0.4772461001407346,0.45242075484786554,0.4579437258972228,0.5988907353181264,0.5774911368676255,0.5773962726075824,0.5614223974380743,0.5536051498670239,0.5971164361097782,0.5665444491070243,0.5642415154015438,0.5700741892914242,0.585877298455589,0.5872015588658671,0.6172856258989143,0.5895319528531906,0.5813131671122992,0.6013958420851301,0.594026809871052,0.5779734214220967,0.5715127430356516,0.5817045480742856
891,0,0,0.1170651042277742,0.11332455514304411,0.1125229519363004,0.10880255090745121,0.11377002640175883,0.1015003878141419,0.11537254630887023,0.1135323160236112,0.10932196284485533,0.11608598616531142,0.10993643246044803,0.11086465747040457,0.1089727501641079,0.11237112041004575,0.1141622694995662,0.11124623225986373,0.1101020509051945,0.10875602269030697,0.11317643852452203,0.11576606718882748,0.11710847818928438,0.12022296092078348,0.11648094025820153,0.10946828114476953,0.11274436062533856,0.11764270483795468
