PassengerId,Survived,surface,v5,deotte,eb,consensus
1,0,repeated_42,0,0,0,0
2,1,repeated_42,1,1,1,1
3,1,repeated_42,0,1,1,1
4,1,repeated_42,1,1,1,1
5,0,repeated_42,0,0,0,0
6,0,repeated_42,0,0,0,0
7,0,repeated_42,0,0,0,0
8,0,repeated_42,0,0,0,0
9,1,repeated_42,1,1,1,1
10,1,repeated_42,1,1,1,1
11,1,repeated_42,1,1,1,1
12,1,repeated_42,1,1,1,1
13,0,repeated_42,0,0,0,0
14,0,repeated_42,0,0,0,0
15,0,repeated_42,1,1,1,1
16,1,repeated_42,1,1,1,1
17,0,repeated_42,0,0,0,0
18,1,repeated_42,0,0,0,0
19,0,repeated_42,1,0,1,1
20,1,repeated_42,1,1,1,1
21,0,repeated_42,0,0,0,0
22,1,repeated_42,0,0,0,0
23,1,repeated_42,1,1,1,1
24,1,repeated_42,0,0,0,0
25,0,repeated_42,0,0,0,0
26,1,repeated_42,0,1,0,0
27,0,repeated_42,0,0,0,0
28,0,repeated_42,0,0,0,0
29,1,repeated_42,1,1,1,1
30,0,repeated_42,0,0,0,0
31,0,repeated_42,1,0,0,0
32,1,repeated_42,1,1,1,1
33,1,repeated_42,1,1,1,1
34,0,repeated_42,0,0,0,0
35,0,repeated_42,0,0,0,0
36,0,repeated_42,0,0,0,0
37,1,repeated_42,0,0,0,0
38,0,repeated_42,0,0,0,0
39,0,repeated_42,1,0,0,0
40,1,repeated_42,1,1,1,1
41,0,repeated_42,1,1,1,1
42,0,repeated_42,1,1,1,1
43,0,repeated_42,0,0,0,0
44,1,repeated_42,1,1,1,1
45,1,repeated_42,1,1,1,1
46,0,repeated_42,0,0,0,0
47,0,repeated_42,0,0,0,0
48,1,repeated_42,1,1,1,1
49,0,repeated_42,0,0,0,0
50,0,repeated_42,1,1,0,1
51,0,repeated_42,0,0,0,0
52,0,repeated_42,0,0,0,0
53,1,repeated_42,1,1,1,1
54,1,repeated_42,1,1,1,1
55,0,repeated_42,0,0,0,0
56,1,repeated_42,0,0,0,0
57,1,repeated_42,1,1,1,1
58,0,repeated_42,0,0,0,0
59,1,repeated_42,1,1,1,1
60,0,repeated_42,0,0,0,0
61,0,repeated_42,0,0,0,0
62,1,repeated_42,1,1,1,1
63,0,repeated_42,0,0,0,0
64,0,repeated_42,0,0,0,0
65,0,repeated_42,0,0,0,0
66,1,repeated_42,1,1,1,1
67,1,repeated_42,1,1,1,1
68,0,repeated_42,0,0,0,0
69,1,repeated_42,0,1,0,0
70,0,repeated_42,0,0,0,0
71,0,repeated_42,0,0,0,0
72,0,repeated_42,0,0,0,0
73,0,repeated_42,0,0,0,0
74,0,repeated_42,0,0,0,0
75,1,repeated_42,0,1,1,1
76,0,repeated_42,0,0,0,0
77,0,repeated_42,0,0,0,0
78,0,repeated_42,0,0,0,0
79,1,repeated_42,1,1,1,1
80,1,repeated_42,1,0,1,1
81,0,repeated_42,0,0,0,0
82,1,repeated_42,0,0,0,0
83,1,repeated_42,1,1,1,1
84,0,repeated_42,0,0,0,0
85,1,repeated_42,1,1,1,1
86,1,repeated_42,0,1,0,0
87,0,repeated_42,0,0,0,0
88,0,repeated_42,0,0,0,0
89,1,repeated_42,1,1,1,1
90,0,repeated_42,0,0,0,0
91,0,repeated_42,0,0,0,0
92,0,repeated_42,0,0,0,0
93,0,repeated_42,0,0,0,0
94,0,repeated_42,0,0,0,0
95,0,repeated_42,0,0,0,0
96,0,repeated_42,0,0,0,0
97,0,repeated_42,0,0,0,0
98,1,repeated_42,0,0,0,0
99,1,repeated_42,1,1,1,1
100,0,repeated_42,0,0,0,0
101,0,repeated_42,0,1,1,1
102,0,repeated_42,0,0,0,0
103,0,repeated_42,0,0,0,0
104,0,repeated_42,0,0,0,0
105,0,repeated_42,0,0,0,0
106,0,repeated_42,0,0,0,0
107,1,repeated_42,1,0,1,1
108,1,repeated_42,0,0,0,0
109,0,repeated_42,0,0,0,0
110,1,repeated_42,1,1,0,1
111,0,repeated_42,0,0,0,0
112,0,repeated_42,0,0,0,0
113,0,repeated_42,0,0,0,0
114,0,repeated_42,0,0,0,0
115,0,repeated_42,1,1,0,1
116,0,repeated_42,0,0,0,0
117,0,repeated_42,0,0,0,0
118,0,repeated_42,0,0,0,0
119,0,repeated_42,0,1,1,1
120,0,repeated_42,0,0,0,0
121,0,repeated_42,0,0,0,0
122,0,repeated_42,0,0,0,0
123,0,repeated_42,0,0,0,0
124,1,repeated_42,1,1,1,1
125,0,repeated_42,0,0,0,0
126,1,repeated_42,1,1,1,1
127,0,repeated_42,0,0,0,0
128,1,repeated_42,0,0,0,0
129,1,repeated_42,1,1,1,1
130,0,repeated_42,0,0,0,0
131,0,repeated_42,0,0,0,0
132,0,repeated_42,0,0,0,0
133,0,repeated_42,1,1,0,1
134,1,repeated_42,1,1,1,1
135,0,repeated_42,0,0,0,0
136,0,repeated_42,0,0,0,0
137,1,repeated_42,1,1,1,1
138,0,repeated_42,0,0,0,0
139,0,repeated_42,0,0,0,0
140,0,repeated_42,0,0,0,0
141,0,repeated_42,0,0,0,0
142,1,repeated_42,0,1,1,1
143,1,repeated_42,1,1,1,1
144,0,repeated_42,0,0,0,0
145,0,repeated_42,0,0,0,0
146,0,repeated_42,0,0,0,0
147,1,repeated_42,0,0,0,0
148,0,repeated_42,0,0,0,0
149,0,repeated_42,0,0,0,0
150,0,repeated_42,0,0,0,0
151,0,repeated_42,0,0,0,0
152,1,repeated_42,1,1,1,1
153,0,repeated_42,0,0,0,0
154,0,repeated_42,0,0,0,0
155,0,repeated_42,0,0,0,0
156,0,repeated_42,0,0,0,0
157,1,repeated_42,1,1,1,1
158,0,repeated_42,0,0,0,0
159,0,repeated_42,0,0,0,0
160,0,repeated_42,0,0,0,0
161,0,repeated_42,0,0,0,0
162,1,repeated_42,1,1,1,1
163,0,repeated_42,0,0,0,0
164,0,repeated_42,0,0,0,0
165,0,repeated_42,0,0,0,0
166,1,repeated_42,1,1,1,1
167,1,repeated_42,1,1,1,1
168,0,repeated_42,0,0,0,0
169,0,repeated_42,0,0,0,0
170,0,repeated_42,0,0,1,0
171,0,repeated_42,0,0,0,0
172,0,repeated_42,0,0,0,0
173,1,repeated_42,1,1,1,1
174,0,repeated_42,0,0,0,0
175,0,repeated_42,0,0,0,0
176,0,repeated_42,0,0,0,0
177,0,repeated_42,0,0,0,0
178,0,repeated_42,1,1,1,1
179,0,repeated_42,0,0,0,0
180,0,repeated_42,0,0,0,0
181,0,repeated_42,0,0,0,0
182,0,repeated_42,0,0,0,0
183,0,repeated_42,1,1,1,1
184,1,repeated_42,1,1,1,1
185,1,repeated_42,1,1,1,1
186,0,repeated_42,0,0,0,0
187,1,repeated_42,1,1,1,1
188,1,repeated_42,0,0,0,0
189,0,repeated_42,0,0,0,0
190,0,repeated_42,0,0,0,0
191,1,repeated_42,1,1,1,1
192,0,repeated_42,0,0,0,0
193,1,repeated_42,0,1,1,1
194,1,repeated_42,1,1,1,1
195,1,repeated_42,1,1,1,1
196,1,repeated_42,1,1,1,1
197,0,repeated_42,0,0,0,0
198,0,repeated_42,0,0,0,0
199,1,repeated_42,1,1,1,1
200,0,repeated_42,1,1,1,1
201,0,repeated_42,0,0,0,0
202,0,repeated_42,0,0,0,0
203,0,repeated_42,0,0,0,0
204,0,repeated_42,0,0,0,0
205,1,repeated_42,0,0,0,0
206,0,repeated_42,0,0,0,0
207,0,repeated_42,0,0,0,0
208,1,repeated_42,0,0,0,0
209,1,repeated_42,1,1,1,1
210,1,repeated_42,0,0,0,0
211,0,repeated_42,0,0,0,0
212,1,repeated_42,1,1,1,1
213,0,repeated_42,0,0,0,0
214,0,repeated_42,0,0,0,0
215,0,repeated_42,0,0,0,0
216,1,repeated_42,1,1,1,1
217,1,repeated_42,1,1,1,1
218,0,repeated_42,0,0,0,0
219,1,repeated_42,1,1,1,1
220,0,repeated_42,0,0,0,0
221,1,repeated_42,0,0,0,0
222,0,repeated_42,0,0,0,0
223,0,repeated_42,0,0,0,0
224,0,repeated_42,0,0,0,0
225,1,repeated_42,0,0,0,0
226,0,repeated_42,0,0,0,0
227,1,repeated_42,0,0,0,0
228,0,repeated_42,0,0,0,0
229,0,repeated_42,0,0,0,0
230,0,repeated_42,0,0,0,0
231,1,repeated_42,1,1,1,1
232,0,repeated_42,0,1,0,0
233,0,repeated_42,0,0,0,0
234,1,repeated_42,1,1,1,1
235,0,repeated_42,0,0,0,0
236,0,repeated_42,1,1,1,1
237,0,repeated_42,0,0,0,0
238,1,repeated_42,1,1,1,1
239,0,repeated_42,0,0,0,0
240,0,repeated_42,0,0,0,0
241,0,repeated_42,0,0,0,0
242,1,repeated_42,1,0,1,1
243,0,repeated_42,0,0,0,0
244,0,repeated_42,0,0,0,0
245,0,repeated_42,0,0,0,0
246,0,repeated_42,1,0,0,0
247,0,repeated_42,1,1,1,1
248,1,repeated_42,1,1,1,1
249,1,repeated_42,0,0,0,0
250,0,repeated_42,0,0,0,0
251,0,repeated_42,0,0,0,0
252,0,repeated_42,0,0,0,0
253,0,repeated_42,0,0,0,0
254,0,repeated_42,0,0,0,0
255,0,repeated_42,1,1,0,1
256,1,repeated_42,1,1,1,1
257,1,repeated_42,1,1,1,1
258,1,repeated_42,1,1,1,1
259,1,repeated_42,1,1,1,1
260,1,repeated_42,1,1,1,1
261,0,repeated_42,0,0,0,0
262,1,repeated_42,0,0,1,0
263,0,repeated_42,0,0,0,0
264,0,repeated_42,0,0,0,0
265,0,repeated_42,1,1,1,1
266,0,repeated_42,0,0,0,0
267,0,repeated_42,0,0,0,0
268,1,repeated_42,0,0,0,0
269,1,repeated_42,1,1,1,1
270,1,repeated_42,1,1,1,1
271,0,repeated_42,0,0,0,0
272,1,repeated_42,0,0,0,0
273,1,repeated_42,1,1,1,1
274,0,repeated_42,0,0,0,0
275,1,repeated_42,1,1,1,1
276,1,repeated_42,1,1,1,1
277,0,repeated_42,0,1,1,1
278,0,repeated_42,0,0,0,0
279,0,repeated_42,0,0,0,0
280,1,repeated_42,1,1,0,1
281,0,repeated_42,0,0,0,0
282,0,repeated_42,0,0,0,0
283,0,repeated_42,0,0,0,0
284,1,repeated_42,0,0,0,0
285,0,repeated_42,0,0,0,0
286,0,repeated_42,0,0,0,0
287,1,repeated_42,0,0,0,0
288,0,repeated_42,0,0,0,0
289,1,repeated_42,0,0,0,0
290,1,repeated_42,1,1,1,1
291,1,repeated_42,1,1,1,1
292,1,repeated_42,1,1,1,1
293,0,repeated_42,0,0,0,0
294,0,repeated_42,0,0,1,0
295,0,repeated_42,0,0,0,0
296,0,repeated_42,0,0,0,0
297,0,repeated_42,0,0,0,0
298,0,repeated_42,1,1,1,1
299,1,repeated_42,0,0,0,0
300,1,repeated_42,1,1,1,1
301,1,repeated_42,1,1,1,1
302,1,repeated_42,0,0,0,0
303,0,repeated_42,0,0,0,0
304,1,repeated_42,1,1,1,1
305,0,repeated_42,0,0,0,0
306,1,repeated_42,0,0,0,0
307,1,repeated_42,1,1,1,1
308,1,repeated_42,1,1,1,1
309,0,repeated_42,0,0,0,0
310,1,repeated_42,1,1,1,1
311,1,repeated_42,1,1,1,1
312,1,repeated_42,1,1,1,1
313,0,repeated_42,1,1,1,1
314,0,repeated_42,0,0,0,0
315,0,repeated_42,0,0,0,0
316,1,repeated_42,0,1,1,1
317,1,repeated_42,1,1,1,1
318,0,repeated_42,0,0,0,0
319,1,repeated_42,1,1,1,1
320,1,repeated_42,1,1,1,1
321,0,repeated_42,0,0,0,0
322,0,repeated_42,0,0,0,0
323,1,repeated_42,1,1,1,1
324,1,repeated_42,1,1,1,1
325,0,repeated_42,0,0,0,0
326,1,repeated_42,1,1,1,1
327,0,repeated_42,0,0,0,0
328,1,repeated_42,1,1,1,1
329,1,repeated_42,1,1,1,1
330,1,repeated_42,1,1,1,1
331,1,repeated_42,1,1,1,1
332,0,repeated_42,0,0,0,0
333,0,repeated_42,0,0,0,0
334,0,repeated_42,0,0,0,0
335,1,repeated_42,1,1,1,1
336,0,repeated_42,0,0,0,0
337,0,repeated_42,0,0,1,0
338,1,repeated_42,1,1,1,1
339,1,repeated_42,0,0,0,0
340,0,repeated_42,0,0,0,0
341,1,repeated_42,1,1,1,1
342,1,repeated_42,1,1,1,1
343,0,repeated_42,0,0,0,0
344,0,repeated_42,0,0,0,0
345,0,repeated_42,0,0,0,0
346,1,repeated_42,1,1,1,1
347,1,repeated_42,1,1,1,1
348,1,repeated_42,1,1,1,1
349,1,repeated_42,1,1,1,1
350,0,repeated_42,0,0,0,0
351,0,repeated_42,0,0,0,0
352,0,repeated_42,0,0,0,0
353,0,repeated_42,0,0,0,0
354,0,repeated_42,0,0,0,0
355,0,repeated_42,0,0,0,0
356,0,repeated_42,0,0,0,0
357,1,repeated_42,1,1,1,1
358,0,repeated_42,1,1,1,1
359,1,repeated_42,1,1,1,1
360,1,repeated_42,1,1,1,1
361,0,repeated_42,0,0,0,0
362,0,repeated_42,0,0,0,0
363,0,repeated_42,0,0,0,0
364,0,repeated_42,0,0,0,0
365,0,repeated_42,0,0,0,0
366,0,repeated_42,0,0,0,0
367,1,repeated_42,1,1,1,1
368,1,repeated_42,1,1,1,1
369,1,repeated_42,1,1,1,1
370,1,repeated_42,1,1,1,1
371,1,repeated_42,1,1,1,1
372,0,repeated_42,0,0,0,0
373,0,repeated_42,0,0,0,0
374,0,repeated_42,0,0,0,0
375,0,repeated_42,0,0,0,0
376,1,repeated_42,1,1,1,1
377,1,repeated_42,1,1,1,1
378,0,repeated_42,0,0,0,0
379,0,repeated_42,0,0,0,0
380,0,repeated_42,0,0,0,0
381,1,repeated_42,1,1,1,1
382,1,repeated_42,1,1,1,1
383,0,repeated_42,0,1,0,0
384,1,repeated_42,1,1,1,1
385,0,repeated_42,0,0,0,0
386,0,repeated_42,0,0,0,0
387,0,repeated_42,0,0,0,0
388,1,repeated_42,1,1,1,1
389,0,repeated_42,0,0,0,0
390,1,repeated_42,1,1,1,1
391,1,repeated_42,0,0,0,0
392,1,repeated_42,0,0,0,0
393,0,repeated_42,0,0,0,0
394,1,repeated_42,1,1,1,1
395,1,repeated_42,1,1,1,1
396,0,repeated_42,0,0,0,0
397,0,repeated_42,1,1,1,1
398,0,repeated_42,0,0,0,0
399,0,repeated_42,0,0,0,0
400,1,repeated_42,1,1,1,1
401,1,repeated_42,0,0,0,0
402,0,repeated_42,0,0,0,0
403,0,repeated_42,0,0,0,0
404,0,repeated_42,0,0,0,0
405,0,repeated_42,1,1,0,1
406,0,repeated_42,0,0,0,0
407,0,repeated_42,0,0,0,0
408,1,repeated_42,1,1,1,1
409,0,repeated_42,0,0,0,0
410,0,repeated_42,0,0,0,0
411,0,repeated_42,0,0,0,0
412,0,repeated_42,0,0,0,0
413,1,repeated_42,1,1,1,1
414,0,repeated_42,0,0,0,0
415,1,repeated_42,0,0,0,0
416,0,repeated_42,1,0,1,1
417,1,repeated_42,1,1,1,1
418,1,repeated_42,1,1,1,1
419,0,repeated_42,0,0,0,0
420,0,repeated_42,0,0,0,0
421,0,repeated_42,0,0,0,0
422,0,repeated_42,0,0,0,0
423,0,repeated_42,0,0,0,0
424,0,repeated_42,0,1,0,0
425,0,repeated_42,0,0,0,0
426,0,repeated_42,0,0,0,0
427,1,repeated_42,1,1,1,1
428,1,repeated_42,1,1,1,1
429,0,repeated_42,0,0,0,0
430,1,repeated_42,0,0,0,0
431,1,repeated_42,0,0,0,0
432,1,repeated_42,1,1,0,1
433,1,repeated_42,1,1,1,1
434,0,repeated_42,0,0,0,0
435,0,repeated_42,0,0,0,0
436,1,repeated_42,1,1,1,1
437,0,repeated_42,0,0,0,0
438,1,repeated_42,1,1,1,1
439,0,repeated_42,0,0,0,0
440,0,repeated_42,0,0,0,0
441,1,repeated_42,1,1,1,1
442,0,repeated_42,0,0,0,0
443,0,repeated_42,0,0,0,0
444,1,repeated_42,1,1,1,1
445,1,repeated_42,0,0,0,0
446,1,repeated_42,1,0,1,1
447,1,repeated_42,1,1,1,1
448,1,repeated_42,0,1,0,0
449,1,repeated_42,1,1,1,1
450,1,repeated_42,0,0,0,0
451,0,repeated_42,0,0,0,0
452,0,repeated_42,0,0,0,0
453,0,repeated_42,0,0,0,0
454,1,repeated_42,0,0,0,0
455,0,repeated_42,0,0,0,0
456,1,repeated_42,0,0,0,0
457,0,repeated_42,0,0,0,0
458,1,repeated_42,1,1,1,1
459,1,repeated_42,1,1,1,1
460,0,repeated_42,0,0,0,0
461,1,repeated_42,0,0,0,0
462,0,repeated_42,0,0,0,0
463,0,repeated_42,0,0,0,0
464,0,repeated_42,0,0,0,0
465,0,repeated_42,0,0,0,0
466,0,repeated_42,0,0,0,0
467,0,repeated_42,0,0,0,0
468,0,repeated_42,0,0,0,0
469,0,repeated_42,0,0,0,0
470,1,repeated_42,1,1,1,1
471,0,repeated_42,0,0,0,0
472,0,repeated_42,0,0,0,0
473,1,repeated_42,1,1,1,1
474,1,repeated_42,1,1,1,1
475,0,repeated_42,1,1,1,1
476,0,repeated_42,0,0,0,0
477,0,repeated_42,0,0,0,0
478,0,repeated_42,0,0,0,0
479,0,repeated_42,0,0,0,0
480,1,repeated_42,1,1,1,1
481,0,repeated_42,0,0,0,0
482,0,repeated_42,0,0,0,0
483,0,repeated_42,0,0,0,0
484,1,repeated_42,0,1,0,0
485,1,repeated_42,1,0,0,0
486,0,repeated_42,0,0,0,0
487,1,repeated_42,1,1,1,1
488,0,repeated_42,0,0,0,0
489,0,repeated_42,0,0,0,0
490,1,repeated_42,1,1,1,1
491,0,repeated_42,0,0,0,0
492,0,repeated_42,0,0,0,0
493,0,repeated_42,0,0,0,0
494,0,repeated_42,0,0,0,0
495,0,repeated_42,0,0,0,0
496,0,repeated_42,0,0,0,0
497,1,repeated_42,1,1,1,1
498,0,repeated_42,0,0,0,0
499,0,repeated_42,1,1,1,1
500,0,repeated_42,0,0,0,0
501,0,repeated_42,0,0,0,0
502,0,repeated_42,1,1,1,1
503,0,repeated_42,1,1,1,1
504,0,repeated_42,1,1,1,1
505,1,repeated_42,1,1,1,1
506,0,repeated_42,0,0,0,0
507,1,repeated_42,1,1,1,1
508,1,repeated_42,0,0,0,0
509,0,repeated_42,0,0,0,0
510,1,repeated_42,0,0,1,0
511,1,repeated_42,0,0,0,0
512,0,repeated_42,0,0,0,0
513,1,repeated_42,1,1,1,1
514,1,repeated_42,1,1,1,1
515,0,repeated_42,0,0,0,0
516,0,repeated_42,0,0,0,0
517,1,repeated_42,1,1,1,1
518,0,repeated_42,0,0,0,0
519,1,repeated_42,1,1,1,1
520,0,repeated_42,0,0,0,0
521,1,repeated_42,1,1,1,1
522,0,repeated_42,0,0,0,0
523,0,repeated_42,0,0,0,0
524,1,repeated_42,1,1,1,1
525,0,repeated_42,0,0,0,0
526,0,repeated_42,0,0,0,0
527,1,repeated_42,1,1,1,1
528,0,repeated_42,0,0,0,0
529,0,repeated_42,0,0,0,0
530,0,repeated_42,0,0,0,0
531,1,repeated_42,1,1,1,1
532,0,repeated_42,0,0,0,0
533,0,repeated_42,0,0,0,0
534,1,repeated_42,1,1,1,1
535,0,repeated_42,1,1,1,1
536,1,repeated_42,1,1,1,1
537,0,repeated_42,1,0,0,0
538,1,repeated_42,1,1,1,1
539,0,repeated_42,0,0,0,0
540,1,repeated_42,1,1,1,1
541,1,repeated_42,1,1,1,1
542,0,repeated_42,0,0,0,0
543,0,repeated_42,0,0,0,0
544,1,repeated_42,0,0,0,0
545,0,repeated_42,0,0,0,0
546,0,repeated_42,0,0,0,0
547,1,repeated_42,1,1,1,1
548,1,repeated_42,0,0,0,0
549,0,repeated_42,0,0,0,0
550,1,repeated_42,1,0,1,1
551,1,repeated_42,0,0,0,0
552,0,repeated_42,0,0,0,0
553,0,repeated_42,0,0,0,0
554,1,repeated_42,0,0,0,0
555,1,repeated_42,0,1,1,1
556,0,repeated_42,0,0,0,0
557,1,repeated_42,1,1,1,1
558,0,repeated_42,0,0,0,0
559,1,repeated_42,1,1,1,1
560,1,repeated_42,1,1,0,1
561,0,repeated_42,0,0,0,0
562,0,repeated_42,0,0,0,0
563,0,repeated_42,0,0,0,0
564,0,repeated_42,0,0,0,0
565,0,repeated_42,1,0,1,1
566,0,repeated_42,0,0,0,0
567,0,repeated_42,0,0,0,0
568,0,repeated_42,0,0,0,0
569,0,repeated_42,0,0,0,0
570,1,repeated_42,0,0,0,0
571,1,repeated_42,0,0,0,0
572,1,repeated_42,1,1,1,1
573,1,repeated_42,0,1,1,1
574,1,repeated_42,1,1,1,1
575,0,repeated_42,0,0,0,0
576,0,repeated_42,0,0,0,0
577,1,repeated_42,1,1,1,1
578,1,repeated_42,1,1,1,1
579,0,repeated_42,1,1,1,1
580,1,repeated_42,0,0,0,0
581,1,repeated_42,1,1,1,1
582,1,repeated_42,1,1,1,1
583,0,repeated_42,0,0,0,0
584,0,repeated_42,0,0,0,0
585,0,repeated_42,0,0,0,0
586,1,repeated_42,1,1,1,1
587,0,repeated_42,0,0,0,0
588,1,repeated_42,0,0,0,0
589,0,repeated_42,0,0,0,0
590,0,repeated_42,0,0,0,0
591,0,repeated_42,0,0,0,0
592,1,repeated_42,1,1,1,1
593,0,repeated_42,0,0,0,0
594,0,repeated_42,1,1,1,1
595,0,repeated_42,0,0,0,0
596,0,repeated_42,0,0,0,0
597,1,repeated_42,1,1,1,1
598,0,repeated_42,0,0,0,0
599,0,repeated_42,0,0,0,0
600,1,repeated_42,0,0,0,0
601,1,repeated_42,1,1,1,1
602,0,repeated_42,0,0,0,0
603,0,repeated_42,0,0,0,0
604,0,repeated_42,0,0,0,0
605,1,repeated_42,0,1,0,0
606,0,repeated_42,0,0,0,0
607,0,repeated_42,0,0,0,0
608,1,repeated_42,0,1,0,0
609,1,repeated_42,1,1,1,1
610,1,repeated_42,1,1,1,1
611,0,repeated_42,0,0,0,0
612,0,repeated_42,0,0,0,0
613,1,repeated_42,1,0,1,1
614,0,repeated_42,0,0,0,0
615,0,repeated_42,0,0,0,0
616,1,repeated_42,1,1,1,1
617,0,repeated_42,0,0,0,0
618,0,repeated_42,1,1,0,1
619,1,repeated_42,1,1,1,1
620,0,repeated_42,0,0,0,0
621,0,repeated_42,0,0,0,0
622,1,repeated_42,0,0,0,0
623,1,repeated_42,0,0,0,0
624,0,repeated_42,0,0,0,0
625,0,repeated_42,0,0,0,0
626,0,repeated_42,0,0,0,0
627,0,repeated_42,0,0,0,0
628,1,repeated_42,1,1,1,1
629,0,repeated_42,0,0,0,0
630,0,repeated_42,0,0,0,0
631,1,repeated_42,0,0,0,0
632,0,repeated_42,0,0,0,0
633,1,repeated_42,0,1,0,0
634,0,repeated_42,0,0,0,0
635,0,repeated_42,0,0,0,0
636,1,repeated_42,1,1,1,1
637,0,repeated_42,0,1,0,0
638,0,repeated_42,0,0,0,0
639,0,repeated_42,0,0,0,0
640,0,repeated_42,0,0,0,0
641,0,repeated_42,0,0,0,0
642,1,repeated_42,1,1,1,1
643,0,repeated_42,0,0,0,0
644,1,repeated_42,0,0,1,0
645,1,repeated_42,1,1,1,1
646,1,repeated_42,0,0,0,0
647,0,repeated_42,0,0,0,0
648,1,repeated_42,0,0,0,0
649,0,repeated_42,0,0,0,0
650,1,repeated_42,1,1,1,1
651,0,repeated_42,0,0,0,0
652,1,repeated_42,1,1,1,1
653,0,repeated_42,0,0,0,0
654,1,repeated_42,1,1,1,1
655,0,repeated_42,1,1,1,1
656,0,repeated_42,0,0,0,0
657,0,repeated_42,0,0,0,0
658,0,repeated_42,1,1,1,1
659,0,repeated_42,0,0,0,0
660,0,repeated_42,1,0,0,0
661,1,repeated_42,0,0,0,0
662,0,repeated_42,0,0,0,0
663,0,repeated_42,0,0,0,0
664,0,repeated_42,0,0,0,0
665,1,repeated_42,0,0,0,0
666,0,repeated_42,0,0,0,0
667,0,repeated_42,0,0,0,0
668,0,repeated_42,0,0,0,0
669,0,repeated_42,0,0,0,0
670,1,repeated_42,1,1,1,1
671,1,repeated_42,1,1,1,1
672,0,repeated_42,0,0,0,0
673,0,repeated_42,0,0,0,0
674,1,repeated_42,0,0,0,0
675,0,repeated_42,0,0,0,0
676,0,repeated_42,0,0,0,0
677,0,repeated_42,0,0,0,0
678,1,repeated_42,1,1,1,1
679,0,repeated_42,0,0,0,0
680,1,repeated_42,0,0,1,0
681,0,repeated_42,1,0,1,1
682,1,repeated_42,0,0,0,0
683,0,repeated_42,0,0,0,0
684,0,repeated_42,0,0,0,0
685,0,repeated_42,0,0,0,0
686,0,repeated_42,0,0,0,0
687,0,repeated_42,0,0,0,0
688,0,repeated_42,0,0,0,0
689,0,repeated_42,0,0,0,0
690,1,repeated_42,1,1,1,1
691,1,repeated_42,1,0,1,1
692,1,repeated_42,1,1,1,1
693,1,repeated_42,0,0,1,0
694,0,repeated_42,0,0,0,0
695,0,repeated_42,0,0,0,0
696,0,repeated_42,0,0,0,0
697,0,repeated_42,0,0,0,0
698,1,repeated_42,1,1,1,1
699,0,repeated_42,0,0,1,0
700,0,repeated_42,0,0,0,0
701,1,repeated_42,1,1,1,1
702,1,repeated_42,0,1,1,1
703,0,repeated_42,0,0,0,0
704,0,repeated_42,0,0,0,0
705,0,repeated_42,0,0,0,0
706,0,repeated_42,0,0,0,0
707,1,repeated_42,1,1,1,1
708,1,repeated_42,0,0,0,0
709,1,repeated_42,1,1,1,1
710,1,repeated_42,1,1,1,1
711,1,repeated_42,1,1,1,1
712,0,repeated_42,0,0,0,0
713,1,repeated_42,0,0,0,0
714,0,repeated_42,0,0,0,0
715,0,repeated_42,0,0,0,0
716,0,repeated_42,0,0,0,0
717,1,repeated_42,1,1,1,1
718,1,repeated_42,1,1,1,1
719,0,repeated_42,0,0,0,0
720,0,repeated_42,0,0,0,0
721,1,repeated_42,1,1,1,1
722,0,repeated_42,0,0,0,0
723,0,repeated_42,0,0,0,0
724,0,repeated_42,0,0,0,0
725,1,repeated_42,0,0,1,0
726,0,repeated_42,0,0,0,0
727,1,repeated_42,1,1,1,1
728,1,repeated_42,1,1,1,1
729,0,repeated_42,0,0,0,0
730,0,repeated_42,1,1,1,1
731,1,repeated_42,1,1,1,1
732,0,repeated_42,1,0,1,1
733,0,repeated_42,0,0,0,0
734,0,repeated_42,0,0,0,0
735,0,repeated_42,0,0,0,0
736,0,repeated_42,0,0,0,0
737,0,repeated_42,0,0,0,0
738,1,repeated_42,1,0,1,1
739,0,repeated_42,0,0,0,0
740,0,repeated_42,0,0,0,0
741,1,repeated_42,0,1,0,0
742,0,repeated_42,0,0,0,0
743,1,repeated_42,1,1,1,1
744,0,repeated_42,0,0,0,0
745,1,repeated_42,0,1,0,0
746,0,repeated_42,1,0,0,0
747,0,repeated_42,0,0,0,0
748,1,repeated_42,1,1,1,1
749,0,repeated_42,0,0,0,0
750,0,repeated_42,0,0,0,0
751,1,repeated_42,1,1,1,1
752,1,repeated_42,1,1,1,1
753,0,repeated_42,0,0,0,0
754,0,repeated_42,0,0,0,0
755,1,repeated_42,1,1,1,1
756,1,repeated_42,1,1,1,1
757,0,repeated_42,0,0,0,0
758,0,repeated_42,0,0,0,0
759,0,repeated_42,0,0,0,0
760,1,repeated_42,1,1,1,1
761,0,repeated_42,0,0,0,0
762,0,repeated_42,0,0,0,0
763,1,repeated_42,0,0,0,0
764,1,repeated_42,1,1,1,1
765,0,repeated_42,0,0,0,0
766,1,repeated_42,1,1,1,1
767,0,repeated_42,0,0,0,0
768,0,repeated_42,1,0,1,1
769,0,repeated_42,0,0,0,0
770,0,repeated_42,0,0,0,0
771,0,repeated_42,0,0,0,0
772,0,repeated_42,0,0,0,0
773,0,repeated_42,1,1,1,1
774,0,repeated_42,0,0,0,0
775,1,repeated_42,1,1,1,1
776,0,repeated_42,0,0,0,0
777,0,repeated_42,0,0,0,0
778,1,repeated_42,1,1,1,1
779,0,repeated_42,0,0,0,0
780,1,repeated_42,1,1,1,1
781,1,repeated_42,1,1,1,1
782,1,repeated_42,1,1,1,1
783,0,repeated_42,0,1,0,0
784,0,repeated_42,0,0,0,0
785,0,repeated_42,0,0,0,0
786,0,repeated_42,0,0,0,0
787,1,repeated_42,1,1,1,1
788,0,repeated_42,0,0,0,0
789,1,repeated_42,1,0,0,0
790,0,repeated_42,0,0,0,0
791,0,repeated_42,0,0,0,0
792,0,repeated_42,0,0,0,0
793,0,repeated_42,0,0,0,0
794,0,repeated_42,0,0,0,0
795,0,repeated_42,0,0,0,0
796,0,repeated_42,0,0,0,0
797,1,repeated_42,1,1,1,1
798,1,repeated_42,1,0,1,1
799,0,repeated_42,0,0,0,0
800,0,repeated_42,0,0,0,0
801,0,repeated_42,0,0,0,0
802,1,repeated_42,1,1,1,1
803,1,repeated_42,1,1,1,1
804,1,repeated_42,1,0,1,1
805,1,repeated_42,0,0,0,0
806,0,repeated_42,0,0,0,0
807,0,repeated_42,0,0,0,0
808,0,repeated_42,1,1,1,1
809,0,repeated_42,0,0,0,0
810,1,repeated_42,1,1,1,1
811,0,repeated_42,0,0,0,0
812,0,repeated_42,0,0,0,0
813,0,repeated_42,0,0,0,0
814,0,repeated_42,0,0,0,0
815,0,repeated_42,0,0,0,0
816,0,repeated_42,0,0,0,0
817,0,repeated_42,1,1,1,1
818,0,repeated_42,0,0,0,0
819,0,repeated_42,0,0,0,0
820,0,repeated_42,0,0,0,0
821,1,repeated_42,1,1,1,1
822,1,repeated_42,0,0,0,0
823,0,repeated_42,0,0,0,0
824,1,repeated_42,1,1,1,1
825,0,repeated_42,0,0,0,0
826,0,repeated_42,0,0,0,0
827,0,repeated_42,0,0,1,0
828,1,repeated_42,1,0,1,1
829,1,repeated_42,0,0,0,0
830,1,repeated_42,1,1,1,1
831,1,repeated_42,1,1,0,1
832,1,repeated_42,1,1,1,1
833,0,repeated_42,0,0,0,0
834,0,repeated_42,0,0,0,0
835,0,repeated_42,0,0,0,0
836,1,repeated_42,1,1,1,1
837,0,repeated_42,0,0,0,0
838,0,repeated_42,0,0,0,0
839,1,repeated_42,0,1,1,1
840,1,repeated_42,0,0,0,0
841,0,repeated_42,0,0,0,0
842,0,repeated_42,0,0,0,0
843,1,repeated_42,1,1,1,1
844,0,repeated_42,0,0,0,0
845,0,repeated_42,0,0,0,0
846,0,repeated_42,0,0,0,0
847,0,repeated_42,0,0,0,0
848,0,repeated_42,0,0,0,0
849,0,repeated_42,0,0,0,0
850,1,repeated_42,1,1,1,1
851,0,repeated_42,0,0,0,0
852,0,repeated_42,0,0,0,0
853,0,repeated_42,0,0,0,0
854,1,repeated_42,1,1,1,1
855,0,repeated_42,1,1,1,1
856,1,repeated_42,1,1,1,1
857,1,repeated_42,1,1,1,1
858,1,repeated_42,0,0,0,0
859,1,repeated_42,1,1,1,1
860,0,repeated_42,0,0,0,0
861,0,repeated_42,0,0,0,0
862,0,repeated_42,0,0,0,0
863,1,repeated_42,1,1,1,1
864,0,repeated_42,0,0,0,0
865,0,repeated_42,0,0,0,0
866,1,repeated_42,1,1,1,1
867,1,repeated_42,1,1,1,1
868,0,repeated_42,0,0,0,0
869,0,repeated_42,0,0,0,0
870,1,repeated_42,1,1,1,1
871,0,repeated_42,0,0,0,0
872,1,repeated_42,1,1,1,1
873,0,repeated_42,0,0,0,0
874,0,repeated_42,0,0,0,0
875,1,repeated_42,1,1,1,1
876,1,repeated_42,1,1,1,1
877,0,repeated_42,0,0,0,0
878,0,repeated_42,0,0,0,0
879,0,repeated_42,0,0,0,0
880,1,repeated_42,1,1,1,1
881,1,repeated_42,1,1,1,1
882,0,repeated_42,0,0,0,0
883,0,repeated_42,1,1,1,1
884,0,repeated_42,0,0,0,0
885,0,repeated_42,0,0,0,0
886,0,repeated_42,0,0,0,0
887,0,repeated_42,0,0,0,0
888,1,repeated_42,1,1,1,1
889,0,repeated_42,1,1,1,1
890,1,repeated_42,0,0,0,0
891,0,repeated_42,0,0,0,0
1,0,repeated_123,0,0,0,0
2,1,repeated_123,1,1,1,1
3,1,repeated_123,0,1,1,1
4,1,repeated_123,1,1,1,1
5,0,repeated_123,0,0,0,0
6,0,repeated_123,0,0,0,0
7,0,repeated_123,0,0,0,0
8,0,repeated_123,0,0,0,0
9,1,repeated_123,1,1,1,1
10,1,repeated_123,1,1,1,1
11,1,repeated_123,1,1,1,1
12,1,repeated_123,1,1,1,1
13,0,repeated_123,0,0,0,0
14,0,repeated_123,0,0,0,0
15,0,repeated_123,1,1,1,1
16,1,repeated_123,1,1,1,1
17,0,repeated_123,0,0,0,0
18,1,repeated_123,0,0,0,0
19,0,repeated_123,1,0,0,0
20,1,repeated_123,1,1,1,1
21,0,repeated_123,0,0,0,0
22,1,repeated_123,0,0,0,0
23,1,repeated_123,1,1,1,1
24,1,repeated_123,0,0,0,0
25,0,repeated_123,0,0,0,0
26,1,repeated_123,0,1,1,1
27,0,repeated_123,0,0,0,0
28,0,repeated_123,0,0,0,0
29,1,repeated_123,1,1,1,1
30,0,repeated_123,0,0,0,0
31,0,repeated_123,0,0,0,0
32,1,repeated_123,1,1,1,1
33,1,repeated_123,1,1,1,1
34,0,repeated_123,0,0,0,0
35,0,repeated_123,0,0,1,0
36,0,repeated_123,0,0,0,0
37,1,repeated_123,0,0,0,0
38,0,repeated_123,0,0,0,0
39,0,repeated_123,0,0,0,0
40,1,repeated_123,1,1,1,1
41,0,repeated_123,1,1,0,1
42,0,repeated_123,1,1,1,1
43,0,repeated_123,0,0,0,0
44,1,repeated_123,1,1,1,1
45,1,repeated_123,1,1,1,1
46,0,repeated_123,0,0,0,0
47,0,repeated_123,0,0,0,0
48,1,repeated_123,1,1,1,1
49,0,repeated_123,0,0,0,0
50,0,repeated_123,1,1,0,1
51,0,repeated_123,0,0,0,0
52,0,repeated_123,0,0,0,0
53,1,repeated_123,1,1,1,1
54,1,repeated_123,1,1,1,1
55,0,repeated_123,0,0,0,0
56,1,repeated_123,0,0,0,0
57,1,repeated_123,1,1,1,1
58,0,repeated_123,0,0,0,0
59,1,repeated_123,1,1,1,1
60,0,repeated_123,0,0,0,0
61,0,repeated_123,0,0,0,0
62,1,repeated_123,1,1,1,1
63,0,repeated_123,0,0,1,0
64,0,repeated_123,0,0,0,0
65,0,repeated_123,0,0,0,0
66,1,repeated_123,1,0,1,1
67,1,repeated_123,1,1,1,1
68,0,repeated_123,0,0,0,0
69,1,repeated_123,0,1,0,0
70,0,repeated_123,0,0,0,0
71,0,repeated_123,0,0,0,0
72,0,repeated_123,0,0,0,0
73,0,repeated_123,0,0,0,0
74,0,repeated_123,0,0,0,0
75,1,repeated_123,0,0,0,0
76,0,repeated_123,0,0,0,0
77,0,repeated_123,0,0,0,0
78,0,repeated_123,0,0,0,0
79,1,repeated_123,1,1,1,1
80,1,repeated_123,0,0,1,0
81,0,repeated_123,0,0,0,0
82,1,repeated_123,0,0,0,0
83,1,repeated_123,1,1,1,1
84,0,repeated_123,0,0,0,0
85,1,repeated_123,1,1,1,1
86,1,repeated_123,0,1,0,0
87,0,repeated_123,0,0,0,0
88,0,repeated_123,0,0,0,0
89,1,repeated_123,1,1,1,1
90,0,repeated_123,0,0,0,0
91,0,repeated_123,0,0,0,0
92,0,repeated_123,0,0,0,0
93,0,repeated_123,0,0,0,0
94,0,repeated_123,0,0,0,0
95,0,repeated_123,0,0,0,0
96,0,repeated_123,0,0,0,0
97,0,repeated_123,0,0,0,0
98,1,repeated_123,0,0,0,0
99,1,repeated_123,1,1,1,1
100,0,repeated_123,0,0,0,0
101,0,repeated_123,1,1,1,1
102,0,repeated_123,0,0,0,0
103,0,repeated_123,1,0,0,0
104,0,repeated_123,0,0,0,0
105,0,repeated_123,0,0,0,0
106,0,repeated_123,0,0,0,0
107,1,repeated_123,1,1,1,1
108,1,repeated_123,0,0,0,0
109,0,repeated_123,0,0,0,0
110,1,repeated_123,1,1,0,1
111,0,repeated_123,0,0,0,0
112,0,repeated_123,0,0,0,0
113,0,repeated_123,0,0,0,0
114,0,repeated_123,0,0,0,0
115,0,repeated_123,1,1,0,1
116,0,repeated_123,0,0,0,0
117,0,repeated_123,0,0,0,0
118,0,repeated_123,0,0,0,0
119,0,repeated_123,0,1,1,1
120,0,repeated_123,0,0,0,0
121,0,repeated_123,0,0,0,0
122,0,repeated_123,0,0,0,0
123,0,repeated_123,0,0,0,0
124,1,repeated_123,1,1,1,1
125,0,repeated_123,0,0,0,0
126,1,repeated_123,1,1,1,1
127,0,repeated_123,0,0,0,0
128,1,repeated_123,0,0,0,0
129,1,repeated_123,1,1,1,1
130,0,repeated_123,0,0,0,0
131,0,repeated_123,0,0,0,0
132,0,repeated_123,0,0,0,0
133,0,repeated_123,1,1,1,1
134,1,repeated_123,1,1,1,1
135,0,repeated_123,0,0,0,0
136,0,repeated_123,0,0,0,0
137,1,repeated_123,1,1,1,1
138,0,repeated_123,0,0,1,0
139,0,repeated_123,0,0,0,0
140,0,repeated_123,0,0,0,0
141,0,repeated_123,0,0,0,0
142,1,repeated_123,0,1,1,1
143,1,repeated_123,0,1,1,1
144,0,repeated_123,0,0,0,0
145,0,repeated_123,0,0,0,0
146,0,repeated_123,0,0,0,0
147,1,repeated_123,0,0,0,0
148,0,repeated_123,0,0,0,0
149,0,repeated_123,0,0,0,0
150,0,repeated_123,0,0,0,0
151,0,repeated_123,0,0,0,0
152,1,repeated_123,1,1,1,1
153,0,repeated_123,0,0,0,0
154,0,repeated_123,0,0,0,0
155,0,repeated_123,0,0,0,0
156,0,repeated_123,0,0,0,0
157,1,repeated_123,1,1,1,1
158,0,repeated_123,0,0,0,0
159,0,repeated_123,0,0,0,0
160,0,repeated_123,0,0,0,0
161,0,repeated_123,0,0,0,0
162,1,repeated_123,1,1,1,1
163,0,repeated_123,0,0,0,0
164,0,repeated_123,0,0,0,0
165,0,repeated_123,0,0,0,0
166,1,repeated_123,1,1,1,1
167,1,repeated_123,1,1,1,1
168,0,repeated_123,0,0,0,0
169,0,repeated_123,0,0,0,0
170,0,repeated_123,0,0,1,0
171,0,repeated_123,0,0,0,0
172,0,repeated_123,0,0,0,0
173,1,repeated_123,1,1,1,1
174,0,repeated_123,0,0,0,0
175,0,repeated_123,0,0,0,0
176,0,repeated_123,0,0,0,0
177,0,repeated_123,0,0,0,0
178,0,repeated_123,1,1,1,1
179,0,repeated_123,0,0,0,0
180,0,repeated_123,0,0,0,0
181,0,repeated_123,0,0,0,0
182,0,repeated_123,0,0,0,0
183,0,repeated_123,1,1,1,1
184,1,repeated_123,1,1,1,1
185,1,repeated_123,1,1,1,1
186,0,repeated_123,0,0,0,0
187,1,repeated_123,1,1,0,1
188,1,repeated_123,0,0,0,0
189,0,repeated_123,0,0,0,0
190,0,repeated_123,0,0,0,0
191,1,repeated_123,1,1,1,1
192,0,repeated_123,0,0,0,0
193,1,repeated_123,1,1,1,1
194,1,repeated_123,1,1,1,1
195,1,repeated_123,1,1,1,1
196,1,repeated_123,1,1,1,1
197,0,repeated_123,0,0,0,0
198,0,repeated_123,0,0,0,0
199,1,repeated_123,1,1,1,1
200,0,repeated_123,1,1,1,1
201,0,repeated_123,0,0,0,0
202,0,repeated_123,0,0,0,0
203,0,repeated_123,0,0,0,0
204,0,repeated_123,0,0,0,0
205,1,repeated_123,0,0,0,0
206,0,repeated_123,1,0,1,1
207,0,repeated_123,0,0,0,0
208,1,repeated_123,0,0,0,0
209,1,repeated_123,1,1,1,1
210,1,repeated_123,0,0,0,0
211,0,repeated_123,0,0,0,0
212,1,repeated_123,1,1,1,1
213,0,repeated_123,0,0,0,0
214,0,repeated_123,0,0,0,0
215,0,repeated_123,0,0,0,0
216,1,repeated_123,1,1,1,1
217,1,repeated_123,0,1,1,1
218,0,repeated_123,0,0,0,0
219,1,repeated_123,1,1,1,1
220,0,repeated_123,0,0,0,0
221,1,repeated_123,0,0,0,0
222,0,repeated_123,0,0,0,0
223,0,repeated_123,0,0,0,0
224,0,repeated_123,0,0,0,0
225,1,repeated_123,0,0,0,0
226,0,repeated_123,0,0,0,0
227,1,repeated_123,0,0,0,0
228,0,repeated_123,0,0,0,0
229,0,repeated_123,0,0,0,0
230,0,repeated_123,0,0,0,0
231,1,repeated_123,1,1,1,1
232,0,repeated_123,0,1,0,0
233,0,repeated_123,0,0,0,0
234,1,repeated_123,1,1,1,1
235,0,repeated_123,0,0,0,0
236,0,repeated_123,1,1,1,1
237,0,repeated_123,0,0,0,0
238,1,repeated_123,1,1,1,1
239,0,repeated_123,0,0,0,0
240,0,repeated_123,0,0,0,0
241,0,repeated_123,0,0,0,0
242,1,repeated_123,1,1,1,1
243,0,repeated_123,0,0,0,0
244,0,repeated_123,0,0,0,0
245,0,repeated_123,0,0,0,0
246,0,repeated_123,0,0,0,0
247,0,repeated_123,0,1,1,1
248,1,repeated_123,1,1,1,1
249,1,repeated_123,0,0,0,0
250,0,repeated_123,0,0,0,0
251,0,repeated_123,0,0,0,0
252,0,repeated_123,1,0,1,1
253,0,repeated_123,0,0,0,0
254,0,repeated_123,0,0,0,0
255,0,repeated_123,0,1,1,1
256,1,repeated_123,1,1,1,1
257,1,repeated_123,1,1,1,1
258,1,repeated_123,1,1,1,1
259,1,repeated_123,1,1,1,1
260,1,repeated_123,1,1,1,1
261,0,repeated_123,0,0,0,0
262,1,repeated_123,0,0,1,0
263,0,repeated_123,0,0,0,0
264,0,repeated_123,0,0,0,0
265,0,repeated_123,1,1,1,1
266,0,repeated_123,0,0,0,0
267,0,repeated_123,0,0,0,0
268,1,repeated_123,0,0,0,0
269,1,repeated_123,1,1,1,1
270,1,repeated_123,1,1,1,1
271,0,repeated_123,0,0,0,0
272,1,repeated_123,0,0,0,0
273,1,repeated_123,1,1,1,1
274,0,repeated_123,0,0,0,0
275,1,repeated_123,1,1,1,1
276,1,repeated_123,1,1,1,1
277,0,repeated_123,0,0,1,0
278,0,repeated_123,0,0,0,0
279,0,repeated_123,0,0,0,0
280,1,repeated_123,1,1,0,1
281,0,repeated_123,0,0,0,0
282,0,repeated_123,0,0,0,0
283,0,repeated_123,0,0,0,0
284,1,repeated_123,0,0,0,0
285,0,repeated_123,0,0,0,0
286,0,repeated_123,0,0,0,0
287,1,repeated_123,0,0,0,0
288,0,repeated_123,0,0,0,0
289,1,repeated_123,0,0,0,0
290,1,repeated_123,1,1,1,1
291,1,repeated_123,1,1,1,1
292,1,repeated_123,1,1,1,1
293,0,repeated_123,0,0,0,0
294,0,repeated_123,0,1,1,1
295,0,repeated_123,0,0,0,0
296,0,repeated_123,0,0,0,0
297,0,repeated_123,0,0,0,0
298,0,repeated_123,1,1,1,1
299,1,repeated_123,0,0,0,0
300,1,repeated_123,1,1,1,1
301,1,repeated_123,1,1,1,1
302,1,repeated_123,0,0,0,0
303,0,repeated_123,0,0,0,0
304,1,repeated_123,1,1,1,1
305,0,repeated_123,0,0,0,0
306,1,repeated_123,0,0,1,0
307,1,repeated_123,1,1,1,1
308,1,repeated_123,1,1,1,1
309,0,repeated_123,0,0,0,0
310,1,repeated_123,1,1,1,1
311,1,repeated_123,1,1,1,1
312,1,repeated_123,1,1,1,1
313,0,repeated_123,1,1,1,1
314,0,repeated_123,0,0,0,0
315,0,repeated_123,0,0,0,0
316,1,repeated_123,0,1,1,1
317,1,repeated_123,1,1,1,1
318,0,repeated_123,0,0,0,0
319,1,repeated_123,1,1,1,1
320,1,repeated_123,1,1,1,1
321,0,repeated_123,0,0,0,0
322,0,repeated_123,0,0,0,0
323,1,repeated_123,1,1,1,1
324,1,repeated_123,1,1,1,1
325,0,repeated_123,0,0,0,0
326,1,repeated_123,1,1,1,1
327,0,repeated_123,0,0,0,0
328,1,repeated_123,1,1,1,1
329,1,repeated_123,1,1,1,1
330,1,repeated_123,1,1,1,1
331,1,repeated_123,0,1,1,1
332,0,repeated_123,0,0,0,0
333,0,repeated_123,0,0,0,0
334,0,repeated_123,0,0,0,0
335,1,repeated_123,1,1,1,1
336,0,repeated_123,0,0,0,0
337,0,repeated_123,0,0,1,0
338,1,repeated_123,1,1,1,1
339,1,repeated_123,0,0,0,0
340,0,repeated_123,0,1,0,0
341,1,repeated_123,1,1,1,1
342,1,repeated_123,1,1,1,1
343,0,repeated_123,0,0,0,0
344,0,repeated_123,0,0,0,0
345,0,repeated_123,0,0,0,0
346,1,repeated_123,1,1,1,1
347,1,repeated_123,1,1,1,1
348,1,repeated_123,1,1,1,1
349,1,repeated_123,1,1,1,1
350,0,repeated_123,0,0,0,0
351,0,repeated_123,0,0,0,0
352,0,repeated_123,0,0,0,0
353,0,repeated_123,0,0,0,0
354,0,repeated_123,0,0,0,0
355,0,repeated_123,0,0,0,0
356,0,repeated_123,0,0,0,0
357,1,repeated_123,1,1,1,1
358,0,repeated_123,1,1,1,1
359,1,repeated_123,1,1,1,1
360,1,repeated_123,1,1,1,1
361,0,repeated_123,0,0,0,0
362,0,repeated_123,0,0,0,0
363,0,repeated_123,0,0,0,0
364,0,repeated_123,0,0,0,0
365,0,repeated_123,0,0,0,0
366,0,repeated_123,0,0,0,0
367,1,repeated_123,1,1,1,1
368,1,repeated_123,1,1,1,1
369,1,repeated_123,1,1,1,1
370,1,repeated_123,1,1,1,1
371,1,repeated_123,1,0,0,0
372,0,repeated_123,0,0,0,0
373,0,repeated_123,0,0,0,0
374,0,repeated_123,0,0,1,0
375,0,repeated_123,0,0,0,0
376,1,repeated_123,1,1,1,1
377,1,repeated_123,1,1,1,1
378,0,repeated_123,0,0,0,0
379,0,repeated_123,0,0,0,0
380,0,repeated_123,0,0,0,0
381,1,repeated_123,1,1,1,1
382,1,repeated_123,1,1,1,1
383,0,repeated_123,0,0,0,0
384,1,repeated_123,1,1,1,1
385,0,repeated_123,0,0,0,0
386,0,repeated_123,0,0,0,0
387,0,repeated_123,0,0,0,0
388,1,repeated_123,1,1,1,1
389,0,repeated_123,0,0,0,0
390,1,repeated_123,1,1,1,1
391,1,repeated_123,0,0,0,0
392,1,repeated_123,0,0,0,0
393,0,repeated_123,0,0,0,0
394,1,repeated_123,1,1,1,1
395,1,repeated_123,1,1,1,1
396,0,repeated_123,0,0,0,0
397,0,repeated_123,1,1,1,1
398,0,repeated_123,0,0,0,0
399,0,repeated_123,0,0,0,0
400,1,repeated_123,1,1,1,1
401,1,repeated_123,0,0,0,0
402,0,repeated_123,0,0,0,0
403,0,repeated_123,0,0,0,0
404,0,repeated_123,0,0,0,0
405,0,repeated_123,0,1,0,0
406,0,repeated_123,0,0,0,0
407,0,repeated_123,0,0,0,0
408,1,repeated_123,1,1,1,1
409,0,repeated_123,0,0,0,0
410,0,repeated_123,0,0,0,0
411,0,repeated_123,0,0,0,0
412,0,repeated_123,0,0,0,0
413,1,repeated_123,1,1,1,1
414,0,repeated_123,0,0,0,0
415,1,repeated_123,0,0,0,0
416,0,repeated_123,1,0,1,1
417,1,repeated_123,1,1,1,1
418,1,repeated_123,1,1,1,1
419,0,repeated_123,0,0,0,0
420,0,repeated_123,1,0,1,1
421,0,repeated_123,0,0,0,0
422,0,repeated_123,0,0,0,0
423,0,repeated_123,0,0,0,0
424,0,repeated_123,1,1,1,1
425,0,repeated_123,0,0,0,0
426,0,repeated_123,0,0,0,0
427,1,repeated_123,1,1,1,1
428,1,repeated_123,1,1,1,1
429,0,repeated_123,0,0,0,0
430,1,repeated_123,0,0,0,0
431,1,repeated_123,1,0,0,0
432,1,repeated_123,0,1,0,0
433,1,repeated_123,1,1,1,1
434,0,repeated_123,0,0,0,0
435,0,repeated_123,0,0,0,0
436,1,repeated_123,1,1,1,1
437,0,repeated_123,0,0,0,0
438,1,repeated_123,1,1,1,1
439,0,repeated_123,0,0,0,0
440,0,repeated_123,0,0,0,0
441,1,repeated_123,1,1,1,1
442,0,repeated_123,0,0,0,0
443,0,repeated_123,0,0,0,0
444,1,repeated_123,1,1,1,1
445,1,repeated_123,0,0,0,0
446,1,repeated_123,1,0,1,1
447,1,repeated_123,1,1,1,1
448,1,repeated_123,0,1,0,0
449,1,repeated_123,1,1,1,1
450,1,repeated_123,0,0,0,0
451,0,repeated_123,0,0,0,0
452,0,repeated_123,0,0,0,0
453,0,repeated_123,1,1,1,1
454,1,repeated_123,0,0,0,0
455,0,repeated_123,0,0,0,0
456,1,repeated_123,0,0,0,0
457,0,repeated_123,0,0,0,0
458,1,repeated_123,1,1,1,1
459,1,repeated_123,1,1,1,1
460,0,repeated_123,0,0,0,0
461,1,repeated_123,0,0,0,0
462,0,repeated_123,0,0,0,0
463,0,repeated_123,0,0,0,0
464,0,repeated_123,0,0,0,0
465,0,repeated_123,0,0,0,0
466,0,repeated_123,0,0,0,0
467,0,repeated_123,0,0,0,0
468,0,repeated_123,0,0,0,0
469,0,repeated_123,0,0,0,0
470,1,repeated_123,1,1,1,1
471,0,repeated_123,0,0,0,0
472,0,repeated_123,0,0,0,0
473,1,repeated_123,1,1,1,1
474,1,repeated_123,1,1,1,1
475,0,repeated_123,1,1,1,1
476,0,repeated_123,0,0,0,0
477,0,repeated_123,0,0,0,0
478,0,repeated_123,0,0,0,0
479,0,repeated_123,0,0,0,0
480,1,repeated_123,1,1,1,1
481,0,repeated_123,0,0,0,0
482,0,repeated_123,0,0,0,0
483,0,repeated_123,0,0,0,0
484,1,repeated_123,0,1,0,0
485,1,repeated_123,0,0,1,0
486,0,repeated_123,0,0,0,0
487,1,repeated_123,1,1,1,1
488,0,repeated_123,0,0,0,0
489,0,repeated_123,0,0,0,0
490,1,repeated_123,1,1,1,1
491,0,repeated_123,0,0,0,0
492,0,repeated_123,0,0,0,0
493,0,repeated_123,0,0,0,0
494,0,repeated_123,0,0,0,0
495,0,repeated_123,0,0,0,0
496,0,repeated_123,0,0,0,0
497,1,repeated_123,1,1,1,1
498,0,repeated_123,0,0,0,0
499,0,repeated_123,1,1,1,1
500,0,repeated_123,0,0,0,0
501,0,repeated_123,0,0,0,0
502,0,repeated_123,1,1,1,1
503,0,repeated_123,1,1,1,1
504,0,repeated_123,0,1,1,1
505,1,repeated_123,1,1,1,1
506,0,repeated_123,0,0,1,0
507,1,repeated_123,1,1,1,1
508,1,repeated_123,0,0,0,0
509,0,repeated_123,0,0,0,0
510,1,repeated_123,0,0,0,0
511,1,repeated_123,0,0,0,0
512,0,repeated_123,0,0,0,0
513,1,repeated_123,1,1,0,1
514,1,repeated_123,1,1,1,1
515,0,repeated_123,0,0,0,0
516,0,repeated_123,0,0,0,0
517,1,repeated_123,1,1,1,1
518,0,repeated_123,0,0,0,0
519,1,repeated_123,1,1,1,1
520,0,repeated_123,0,0,0,0
521,1,repeated_123,1,1,1,1
522,0,repeated_123,0,0,0,0
523,0,repeated_123,0,0,0,0
524,1,repeated_123,1,1,1,1
525,0,repeated_123,0,0,0,0
526,0,repeated_123,0,0,0,0
527,1,repeated_123,1,1,1,1
528,0,repeated_123,0,0,0,0
529,0,repeated_123,0,0,0,0
530,0,repeated_123,0,0,0,0
531,1,repeated_123,1,1,1,1
532,0,repeated_123,0,0,0,0
533,0,repeated_123,0,0,0,0
534,1,repeated_123,1,1,1,1
535,0,repeated_123,0,1,0,0
536,1,repeated_123,1,1,1,1
537,0,repeated_123,0,0,0,0
538,1,repeated_123,1,1,1,1
539,0,repeated_123,0,0,0,0
540,1,repeated_123,1,1,1,1
541,1,repeated_123,1,1,1,1
542,0,repeated_123,0,0,0,0
543,0,repeated_123,0,0,0,0
544,1,repeated_123,0,0,0,0
545,0,repeated_123,0,0,0,0
546,0,repeated_123,0,0,0,0
547,1,repeated_123,1,1,1,1
548,1,repeated_123,0,0,0,0
549,0,repeated_123,0,0,0,0
550,1,repeated_123,1,0,1,1
551,1,repeated_123,0,0,0,0
552,0,repeated_123,0,1,0,0
553,0,repeated_123,0,0,0,0
554,1,repeated_123,0,0,0,0
555,1,repeated_123,0,1,1,1
556,0,repeated_123,0,0,0,0
557,1,repeated_123,1,1,1,1
558,0,repeated_123,0,0,0,0
559,1,repeated_123,1,1,1,1
560,1,repeated_123,0,1,0,0
561,0,repeated_123,0,0,0,0
562,0,repeated_123,0,0,0,0
563,0,repeated_123,0,0,0,0
564,0,repeated_123,0,0,0,0
565,0,repeated_123,1,0,1,1
566,0,repeated_123,0,0,0,0
567,0,repeated_123,0,0,0,0
568,0,repeated_123,0,0,0,0
569,0,repeated_123,0,0,0,0
570,1,repeated_123,0,0,0,0
571,1,repeated_123,0,0,0,0
572,1,repeated_123,1,1,1,1
573,1,repeated_123,1,1,0,1
574,1,repeated_123,1,1,1,1
575,0,repeated_123,0,0,0,0
576,0,repeated_123,0,0,0,0
577,1,repeated_123,1,1,1,1
578,1,repeated_123,1,1,1,1
579,0,repeated_123,1,1,1,1
580,1,repeated_123,0,0,0,0
581,1,repeated_123,1,1,1,1
582,1,repeated_123,1,1,1,1
583,0,repeated_123,0,0,0,0
584,0,repeated_123,0,0,0,0
585,0,repeated_123,0,0,0,0
586,1,repeated_123,1,1,1,1
587,0,repeated_123,0,0,0,0
588,1,repeated_123,0,0,0,0
589,0,repeated_123,0,0,0,0
590,0,repeated_123,0,0,0,0
591,0,repeated_123,0,0,0,0
592,1,repeated_123,1,1,1,1
593,0,repeated_123,0,0,0,0
594,0,repeated_123,0,1,0,0
595,0,repeated_123,0,0,0,0
596,0,repeated_123,0,0,0,0
597,1,repeated_123,1,1,1,1
598,0,repeated_123,0,0,0,0
599,0,repeated_123,0,0,0,0
600,1,repeated_123,0,0,0,0
601,1,repeated_123,1,1,1,1
602,0,repeated_123,0,0,0,0
603,0,repeated_123,0,0,0,0
604,0,repeated_123,0,0,0,0
605,1,repeated_123,0,1,0,0
606,0,repeated_123,0,0,0,0
607,0,repeated_123,0,0,0,0
608,1,repeated_123,0,1,0,0
609,1,repeated_123,1,1,1,1
610,1,repeated_123,1,1,1,1
611,0,repeated_123,0,0,0,0
612,0,repeated_123,0,0,0,0
613,1,repeated_123,1,1,1,1
614,0,repeated_123,0,0,0,0
615,0,repeated_123,0,0,0,0
616,1,repeated_123,1,1,1,1
617,0,repeated_123,0,0,0,0
618,0,repeated_123,1,1,0,1
619,1,repeated_123,1,1,1,1
620,0,repeated_123,0,0,0,0
621,0,repeated_123,0,0,0,0
622,1,repeated_123,0,0,0,0
623,1,repeated_123,0,0,0,0
624,0,repeated_123,0,0,0,0
625,0,repeated_123,0,0,0,0
626,0,repeated_123,0,0,0,0
627,0,repeated_123,0,0,0,0
628,1,repeated_123,1,1,1,1
629,0,repeated_123,0,0,0,0
630,0,repeated_123,0,0,0,0
631,1,repeated_123,0,0,0,0
632,0,repeated_123,0,0,0,0
633,1,repeated_123,1,1,0,1
634,0,repeated_123,0,0,0,0
635,0,repeated_123,0,0,0,0
636,1,repeated_123,1,1,1,1
637,0,repeated_123,0,0,1,0
638,0,repeated_123,0,0,0,0
639,0,repeated_123,0,0,0,0
640,0,repeated_123,0,0,0,0
641,0,repeated_123,0,0,0,0
642,1,repeated_123,1,1,1,1
643,0,repeated_123,0,0,0,0
644,1,repeated_123,0,0,1,0
645,1,repeated_123,1,1,1,1
646,1,repeated_123,0,0,0,0
647,0,repeated_123,0,0,0,0
648,1,repeated_123,0,0,0,0
649,0,repeated_123,0,0,0,0
650,1,repeated_123,1,1,1,1
651,0,repeated_123,0,0,0,0
652,1,repeated_123,1,1,1,1
653,0,repeated_123,0,0,0,0
654,1,repeated_123,1,1,1,1
655,0,repeated_123,1,1,1,1
656,0,repeated_123,0,0,0,0
657,0,repeated_123,0,0,0,0
658,0,repeated_123,0,1,0,0
659,0,repeated_123,0,0,0,0
660,0,repeated_123,1,0,0,0
661,1,repeated_123,0,0,0,0
662,0,repeated_123,0,0,0,0
663,0,repeated_123,0,0,0,0
664,0,repeated_123,0,0,0,0
665,1,repeated_123,0,0,0,0
666,0,repeated_123,0,0,0,0
667,0,repeated_123,0,0,0,0
668,0,repeated_123,0,0,0,0
669,0,repeated_123,0,0,0,0
670,1,repeated_123,1,1,1,1
671,1,repeated_123,1,1,1,1
672,0,repeated_123,0,0,0,0
673,0,repeated_123,0,0,0,0
674,1,repeated_123,0,0,0,0
675,0,repeated_123,0,0,0,0
676,0,repeated_123,0,0,0,0
677,0,repeated_123,0,0,0,0
678,1,repeated_123,1,1,1,1
679,0,repeated_123,0,0,0,0
680,1,repeated_123,0,0,1,0
681,0,repeated_123,1,0,1,1
682,1,repeated_123,0,0,1,0
683,0,repeated_123,0,0,0,0
684,0,repeated_123,0,0,0,0
685,0,repeated_123,0,0,0,0
686,0,repeated_123,0,0,0,0
687,0,repeated_123,0,0,0,0
688,0,repeated_123,0,0,0,0
689,0,repeated_123,0,0,0,0
690,1,repeated_123,1,1,1,1
691,1,repeated_123,0,0,1,0
692,1,repeated_123,1,1,1,1
693,1,repeated_123,0,0,0,0
694,0,repeated_123,0,0,0,0
695,0,repeated_123,0,0,0,0
696,0,repeated_123,0,0,0,0
697,0,repeated_123,0,0,0,0
698,1,repeated_123,1,1,1,1
699,0,repeated_123,0,0,1,0
700,0,repeated_123,0,0,0,0
701,1,repeated_123,1,1,1,1
702,1,repeated_123,1,1,1,1
703,0,repeated_123,0,0,0,0
704,0,repeated_123,0,0,0,0
705,0,repeated_123,0,0,0,0
706,0,repeated_123,0,0,0,0
707,1,repeated_123,1,1,1,1
708,1,repeated_123,0,0,0,0
709,1,repeated_123,1,1,1,1
710,1,repeated_123,1,0,1,1
711,1,repeated_123,1,1,1,1
712,0,repeated_123,0,0,0,0
713,1,repeated_123,0,0,0,0
714,0,repeated_123,0,0,0,0
715,0,repeated_123,0,0,0,0
716,0,repeated_123,0,0,0,0
717,1,repeated_123,1,1,1,1
718,1,repeated_123,1,1,1,1
719,0,repeated_123,0,0,0,0
720,0,repeated_123,0,0,0,0
721,1,repeated_123,1,1,1,1
722,0,repeated_123,0,0,0,0
723,0,repeated_123,0,0,0,0
724,0,repeated_123,0,0,0,0
725,1,repeated_123,1,0,0,0
726,0,repeated_123,0,0,0,0
727,1,repeated_123,1,1,1,1
728,1,repeated_123,1,1,1,1
729,0,repeated_123,0,0,0,0
730,0,repeated_123,0,1,1,1
731,1,repeated_123,1,1,1,1
732,0,repeated_123,1,0,1,1
733,0,repeated_123,0,0,0,0
734,0,repeated_123,0,0,0,0
735,0,repeated_123,0,0,0,0
736,0,repeated_123,0,0,0,0
737,0,repeated_123,0,0,0,0
738,1,repeated_123,0,0,1,0
739,0,repeated_123,0,0,0,0
740,0,repeated_123,0,0,0,0
741,1,repeated_123,0,0,0,0
742,0,repeated_123,0,0,0,0
743,1,repeated_123,1,1,1,1
744,0,repeated_123,0,0,0,0
745,1,repeated_123,0,0,0,0
746,0,repeated_123,0,0,1,0
747,0,repeated_123,0,0,0,0
748,1,repeated_123,1,1,1,1
749,0,repeated_123,0,0,0,0
750,0,repeated_123,0,0,0,0
751,1,repeated_123,1,1,1,1
752,1,repeated_123,1,1,1,1
753,0,repeated_123,0,0,0,0
754,0,repeated_123,0,0,0,0
755,1,repeated_123,1,1,1,1
756,1,repeated_123,1,1,1,1
757,0,repeated_123,0,0,0,0
758,0,repeated_123,0,0,0,0
759,0,repeated_123,0,0,0,0
760,1,repeated_123,1,1,1,1
761,0,repeated_123,0,0,0,0
762,0,repeated_123,0,0,0,0
763,1,repeated_123,0,0,0,0
764,1,repeated_123,1,1,1,1
765,0,repeated_123,0,0,0,0
766,1,repeated_123,1,1,1,1
767,0,repeated_123,0,0,0,0
768,0,repeated_123,1,0,1,1
769,0,repeated_123,0,0,0,0
770,0,repeated_123,0,0,0,0
771,0,repeated_123,0,0,0,0
772,0,repeated_123,0,0,0,0
773,0,repeated_123,1,1,1,1
774,0,repeated_123,0,0,0,0
775,1,repeated_123,1,1,1,1
776,0,repeated_123,0,0,0,0
777,0,repeated_123,0,0,0,0
778,1,repeated_123,1,1,1,1
779,0,repeated_123,0,0,0,0
780,1,repeated_123,1,1,1,1
781,1,repeated_123,1,1,1,1
782,1,repeated_123,1,1,1,1
783,0,repeated_123,1,1,1,1
784,0,repeated_123,0,0,0,0
785,0,repeated_123,0,0,0,0
786,0,repeated_123,0,0,0,0
787,1,repeated_123,1,1,1,1
788,0,repeated_123,0,0,0,0
789,1,repeated_123,1,0,1,1
790,0,repeated_123,0,0,0,0
791,0,repeated_123,0,0,0,0
792,0,repeated_123,0,0,0,0
793,0,repeated_123,0,0,0,0
794,0,repeated_123,0,0,0,0
795,0,repeated_123,0,0,0,0
796,0,repeated_123,0,0,0,0
797,1,repeated_123,1,1,1,1
798,1,repeated_123,1,1,1,1
799,0,repeated_123,0,0,0,0
800,0,repeated_123,1,0,0,0
801,0,repeated_123,0,0,0,0
802,1,repeated_123,1,1,1,1
803,1,repeated_123,1,1,1,1
804,1,repeated_123,1,0,1,1
805,1,repeated_123,0,0,0,0
806,0,repeated_123,0,0,0,0
807,0,repeated_123,0,0,0,0
808,0,repeated_123,1,1,1,1
809,0,repeated_123,0,0,0,0
810,1,repeated_123,1,1,1,1
811,0,repeated_123,0,0,0,0
812,0,repeated_123,0,0,0,0
813,0,repeated_123,0,0,0,0
814,0,repeated_123,0,0,0,0
815,0,repeated_123,0,0,0,0
816,0,repeated_123,0,0,0,0
817,0,repeated_123,1,1,1,1
818,0,repeated_123,0,0,0,0
819,0,repeated_123,0,0,0,0
820,0,repeated_123,0,0,0,0
821,1,repeated_123,1,1,1,1
822,1,repeated_123,0,0,0,0
823,0,repeated_123,0,0,0,0
824,1,repeated_123,1,1,1,1
825,0,repeated_123,0,0,0,0
826,0,repeated_123,0,0,0,0
827,0,repeated_123,0,0,1,0
828,1,repeated_123,1,0,1,1
829,1,repeated_123,0,0,0,0
830,1,repeated_123,1,1,1,1
831,1,repeated_123,1,1,1,1
832,1,repeated_123,1,1,1,1
833,0,repeated_123,0,0,0,0
834,0,repeated_123,0,0,0,0
835,0,repeated_123,0,0,0,0
836,1,repeated_123,1,1,1,1
837,0,repeated_123,0,0,0,0
838,0,repeated_123,0,0,0,0
839,1,repeated_123,0,1,1,1
840,1,repeated_123,0,0,0,0
841,0,repeated_123,0,0,0,0
842,0,repeated_123,0,0,0,0
843,1,repeated_123,1,1,1,1
844,0,repeated_123,0,0,0,0
845,0,repeated_123,0,0,0,0
846,0,repeated_123,0,0,0,0
847,0,repeated_123,0,0,0,0
848,0,repeated_123,0,0,0,0
849,0,repeated_123,0,0,0,0
850,1,repeated_123,1,1,1,1
851,0,repeated_123,0,0,0,0
852,0,repeated_123,0,0,0,0
853,0,repeated_123,0,0,0,0
854,1,repeated_123,1,1,1,1
855,0,repeated_123,1,1,1,1
856,1,repeated_123,1,1,1,1
857,1,repeated_123,1,1,1,1
858,1,repeated_123,0,0,0,0
859,1,repeated_123,1,1,1,1
860,0,repeated_123,0,0,0,0
861,0,repeated_123,0,0,0,0
862,0,repeated_123,0,0,0,0
863,1,repeated_123,1,1,1,1
864,0,repeated_123,0,0,0,0
865,0,repeated_123,0,0,0,0
866,1,repeated_123,1,1,1,1
867,1,repeated_123,1,1,1,1
868,0,repeated_123,0,0,0,0
869,0,repeated_123,0,0,0,0
870,1,repeated_123,1,1,1,1
871,0,repeated_123,0,0,0,0
872,1,repeated_123,1,1,1,1
873,0,repeated_123,0,0,0,0
874,0,repeated_123,0,0,0,0
875,1,repeated_123,1,1,1,1
876,1,repeated_123,1,1,1,1
877,0,repeated_123,0,0,0,0
878,0,repeated_123,0,0,0,0
879,0,repeated_123,0,0,0,0
880,1,repeated_123,1,1,1,1
881,1,repeated_123,1,1,1,1
882,0,repeated_123,0,0,0,0
883,0,repeated_123,1,1,1,1
884,0,repeated_123,0,0,0,0
885,0,repeated_123,0,0,0,0
886,0,repeated_123,0,0,0,0
887,0,repeated_123,0,0,0,0
888,1,repeated_123,1,1,1,1
889,0,repeated_123,0,1,0,0
890,1,repeated_123,0,0,0,0
891,0,repeated_123,0,0,0,0
1,0,repeated_777,0,0,0,0
2,1,repeated_777,1,1,1,1
3,1,repeated_777,0,1,1,1
4,1,repeated_777,1,1,1,1
5,0,repeated_777,0,0,0,0
6,0,repeated_777,0,0,0,0
7,0,repeated_777,0,0,0,0
8,0,repeated_777,0,0,0,0
9,1,repeated_777,1,1,1,1
10,1,repeated_777,1,1,1,1
11,1,repeated_777,1,1,1,1
12,1,repeated_777,1,1,1,1
13,0,repeated_777,0,0,0,0
14,0,repeated_777,0,0,0,0
15,0,repeated_777,1,1,1,1
16,1,repeated_777,1,1,1,1
17,0,repeated_777,0,0,0,0
18,1,repeated_777,0,0,0,0
19,0,repeated_777,1,0,0,0
20,1,repeated_777,1,1,1,1
21,0,repeated_777,0,0,0,0
22,1,repeated_777,0,0,0,0
23,1,repeated_777,1,1,1,1
24,1,repeated_777,0,0,0,0
25,0,repeated_777,0,0,0,0
26,1,repeated_777,0,1,1,1
27,0,repeated_777,0,0,0,0
28,0,repeated_777,0,0,0,0
29,1,repeated_777,1,1,1,1
30,0,repeated_777,0,0,0,0
31,0,repeated_777,0,0,0,0
32,1,repeated_777,1,1,1,1
33,1,repeated_777,1,1,1,1
34,0,repeated_777,0,0,0,0
35,0,repeated_777,0,0,0,0
36,0,repeated_777,0,0,0,0
37,1,repeated_777,0,0,0,0
38,0,repeated_777,0,0,0,0
39,0,repeated_777,1,0,0,0
40,1,repeated_777,1,1,1,1
41,0,repeated_777,1,1,1,1
42,0,repeated_777,1,1,1,1
43,0,repeated_777,0,0,0,0
44,1,repeated_777,1,1,1,1
45,1,repeated_777,1,1,1,1
46,0,repeated_777,0,0,0,0
47,0,repeated_777,0,0,0,0
48,1,repeated_777,1,1,1,1
49,0,repeated_777,0,0,0,0
50,0,repeated_777,1,1,0,1
51,0,repeated_777,0,0,0,0
52,0,repeated_777,0,0,0,0
53,1,repeated_777,1,1,1,1
54,1,repeated_777,1,1,1,1
55,0,repeated_777,0,0,0,0
56,1,repeated_777,0,0,0,0
57,1,repeated_777,1,1,1,1
58,0,repeated_777,0,0,0,0
59,1,repeated_777,1,1,1,1
60,0,repeated_777,0,0,0,0
61,0,repeated_777,0,0,0,0
62,1,repeated_777,1,1,1,1
63,0,repeated_777,0,0,0,0
64,0,repeated_777,0,0,0,0
65,0,repeated_777,0,0,0,0
66,1,repeated_777,1,1,1,1
67,1,repeated_777,1,1,1,1
68,0,repeated_777,0,0,0,0
69,1,repeated_777,0,1,0,0
70,0,repeated_777,0,0,0,0
71,0,repeated_777,0,0,0,0
72,0,repeated_777,0,0,0,0
73,0,repeated_777,0,0,0,0
74,0,repeated_777,0,0,0,0
75,1,repeated_777,0,1,0,0
76,0,repeated_777,0,0,0,0
77,0,repeated_777,0,0,0,0
78,0,repeated_777,0,0,0,0
79,1,repeated_777,1,1,1,1
80,1,repeated_777,1,0,1,1
81,0,repeated_777,0,0,0,0
82,1,repeated_777,0,0,0,0
83,1,repeated_777,1,1,1,1
84,0,repeated_777,0,0,0,0
85,1,repeated_777,1,1,1,1
86,1,repeated_777,0,1,0,0
87,0,repeated_777,0,0,0,0
88,0,repeated_777,0,0,0,0
89,1,repeated_777,1,1,1,1
90,0,repeated_777,0,0,0,0
91,0,repeated_777,0,0,0,0
92,0,repeated_777,0,0,0,0
93,0,repeated_777,0,0,0,0
94,0,repeated_777,0,0,0,0
95,0,repeated_777,0,0,0,0
96,0,repeated_777,0,0,0,0
97,0,repeated_777,0,0,0,0
98,1,repeated_777,0,0,1,0
99,1,repeated_777,1,1,1,1
100,0,repeated_777,0,0,0,0
101,0,repeated_777,0,1,1,1
102,0,repeated_777,0,0,0,0
103,0,repeated_777,0,0,0,0
104,0,repeated_777,0,0,0,0
105,0,repeated_777,0,0,0,0
106,0,repeated_777,0,0,0,0
107,1,repeated_777,0,0,1,0
108,1,repeated_777,0,0,0,0
109,0,repeated_777,0,0,0,0
110,1,repeated_777,1,1,0,1
111,0,repeated_777,0,0,0,0
112,0,repeated_777,0,0,0,0
113,0,repeated_777,0,0,0,0
114,0,repeated_777,0,0,0,0
115,0,repeated_777,1,1,1,1
116,0,repeated_777,0,0,0,0
117,0,repeated_777,0,0,0,0
118,0,repeated_777,0,0,0,0
119,0,repeated_777,0,0,1,0
120,0,repeated_777,0,0,0,0
121,0,repeated_777,0,0,0,0
122,0,repeated_777,0,0,0,0
123,0,repeated_777,0,0,0,0
124,1,repeated_777,1,1,1,1
125,0,repeated_777,0,0,0,0
126,1,repeated_777,1,1,1,1
127,0,repeated_777,0,0,0,0
128,1,repeated_777,0,0,0,0
129,1,repeated_777,1,0,1,1
130,0,repeated_777,0,0,0,0
131,0,repeated_777,0,0,0,0
132,0,repeated_777,0,0,0,0
133,0,repeated_777,0,1,1,1
134,1,repeated_777,1,1,1,1
135,0,repeated_777,0,0,0,0
136,0,repeated_777,0,0,0,0
137,1,repeated_777,1,1,1,1
138,0,repeated_777,0,0,0,0
139,0,repeated_777,0,0,0,0
140,0,repeated_777,0,0,0,0
141,0,repeated_777,1,0,1,1
142,1,repeated_777,0,1,1,1
143,1,repeated_777,1,1,0,1
144,0,repeated_777,0,0,0,0
145,0,repeated_777,0,0,0,0
146,0,repeated_777,0,0,0,0
147,1,repeated_777,0,0,0,0
148,0,repeated_777,0,0,0,0
149,0,repeated_777,0,0,0,0
150,0,repeated_777,0,0,0,0
151,0,repeated_777,0,0,0,0
152,1,repeated_777,1,1,1,1
153,0,repeated_777,0,0,0,0
154,0,repeated_777,0,0,0,0
155,0,repeated_777,0,0,0,0
156,0,repeated_777,0,0,0,0
157,1,repeated_777,1,1,1,1
158,0,repeated_777,0,0,0,0
159,0,repeated_777,0,0,0,0
160,0,repeated_777,0,0,0,0
161,0,repeated_777,0,0,0,0
162,1,repeated_777,1,1,1,1
163,0,repeated_777,0,0,0,0
164,0,repeated_777,0,0,0,0
165,0,repeated_777,0,0,0,0
166,1,repeated_777,1,0,1,1
167,1,repeated_777,1,1,1,1
168,0,repeated_777,0,0,0,0
169,0,repeated_777,0,0,0,0
170,0,repeated_777,0,0,1,0
171,0,repeated_777,0,0,0,0
172,0,repeated_777,0,0,0,0
173,1,repeated_777,1,1,1,1
174,0,repeated_777,0,0,0,0
175,0,repeated_777,0,0,0,0
176,0,repeated_777,0,0,0,0
177,0,repeated_777,0,0,0,0
178,0,repeated_777,1,1,1,1
179,0,repeated_777,0,0,0,0
180,0,repeated_777,0,0,0,0
181,0,repeated_777,0,0,0,0
182,0,repeated_777,0,0,0,0
183,0,repeated_777,1,1,1,1
184,1,repeated_777,1,1,1,1
185,1,repeated_777,1,1,1,1
186,0,repeated_777,0,0,0,0
187,1,repeated_777,1,1,0,1
188,1,repeated_777,0,0,0,0
189,0,repeated_777,0,0,0,0
190,0,repeated_777,0,0,0,0
191,1,repeated_777,1,1,1,1
192,0,repeated_777,0,0,0,0
193,1,repeated_777,0,1,1,1
194,1,repeated_777,1,1,1,1
195,1,repeated_777,1,1,1,1
196,1,repeated_777,1,1,1,1
197,0,repeated_777,0,0,0,0
198,0,repeated_777,0,0,0,0
199,1,repeated_777,1,1,1,1
200,0,repeated_777,1,1,1,1
201,0,repeated_777,0,0,0,0
202,0,repeated_777,0,0,0,0
203,0,repeated_777,0,0,0,0
204,0,repeated_777,0,0,0,0
205,1,repeated_777,0,0,0,0
206,0,repeated_777,0,0,0,0
207,0,repeated_777,0,0,0,0
208,1,repeated_777,0,0,0,0
209,1,repeated_777,1,1,1,1
210,1,repeated_777,0,0,0,0
211,0,repeated_777,0,0,0,0
212,1,repeated_777,1,1,1,1
213,0,repeated_777,0,0,0,0
214,0,repeated_777,0,0,0,0
215,0,repeated_777,0,0,0,0
216,1,repeated_777,1,1,1,1
217,1,repeated_777,0,1,1,1
218,0,repeated_777,0,0,0,0
219,1,repeated_777,1,1,1,1
220,0,repeated_777,0,0,0,0
221,1,repeated_777,0,0,0,0
222,0,repeated_777,0,0,0,0
223,0,repeated_777,0,0,0,0
224,0,repeated_777,0,0,0,0
225,1,repeated_777,0,0,0,0
226,0,repeated_777,0,0,0,0
227,1,repeated_777,0,0,0,0
228,0,repeated_777,0,0,0,0
229,0,repeated_777,0,0,0,0
230,0,repeated_777,0,0,0,0
231,1,repeated_777,1,1,1,1
232,0,repeated_777,0,0,0,0
233,0,repeated_777,0,0,0,0
234,1,repeated_777,0,1,1,1
235,0,repeated_777,0,0,0,0
236,0,repeated_777,1,1,1,1
237,0,repeated_777,0,0,0,0
238,1,repeated_777,1,1,1,1
239,0,repeated_777,0,0,0,0
240,0,repeated_777,0,0,0,0
241,0,repeated_777,0,0,0,0
242,1,repeated_777,1,0,1,1
243,0,repeated_777,0,0,0,0
244,0,repeated_777,0,0,0,0
245,0,repeated_777,0,0,0,0
246,0,repeated_777,1,0,1,1
247,0,repeated_777,1,1,1,1
248,1,repeated_777,1,1,1,1
249,1,repeated_777,0,0,1,0
250,0,repeated_777,0,0,0,0
251,0,repeated_777,0,0,0,0
252,0,repeated_777,0,0,0,0
253,0,repeated_777,0,0,0,0
254,0,repeated_777,0,0,0,0
255,0,repeated_777,0,1,0,0
256,1,repeated_777,1,1,1,1
257,1,repeated_777,1,1,1,1
258,1,repeated_777,1,1,1,1
259,1,repeated_777,1,1,1,1
260,1,repeated_777,1,1,1,1
261,0,repeated_777,0,0,0,0
262,1,repeated_777,0,0,1,0
263,0,repeated_777,0,0,0,0
264,0,repeated_777,0,0,0,0
265,0,repeated_777,1,1,1,1
266,0,repeated_777,0,0,0,0
267,0,repeated_777,0,0,0,0
268,1,repeated_777,0,0,0,0
269,1,repeated_777,1,1,1,1
270,1,repeated_777,1,1,1,1
271,0,repeated_777,0,0,0,0
272,1,repeated_777,0,0,0,0
273,1,repeated_777,1,1,1,1
274,0,repeated_777,0,0,0,0
275,1,repeated_777,1,1,1,1
276,1,repeated_777,1,1,1,1
277,0,repeated_777,0,0,0,0
278,0,repeated_777,0,0,0,0
279,0,repeated_777,0,0,0,0
280,1,repeated_777,0,1,1,1
281,0,repeated_777,0,0,0,0
282,0,repeated_777,0,0,0,0
283,0,repeated_777,0,0,0,0
284,1,repeated_777,0,0,0,0
285,0,repeated_777,0,0,0,0
286,0,repeated_777,0,0,0,0
287,1,repeated_777,0,0,0,0
288,0,repeated_777,0,0,0,0
289,1,repeated_777,0,0,0,0
290,1,repeated_777,1,1,1,1
291,1,repeated_777,1,1,1,1
292,1,repeated_777,1,1,1,1
293,0,repeated_777,0,0,0,0
294,0,repeated_777,0,1,1,1
295,0,repeated_777,0,0,0,0
296,0,repeated_777,0,0,0,0
297,0,repeated_777,0,0,0,0
298,0,repeated_777,1,1,1,1
299,1,repeated_777,0,0,0,0
300,1,repeated_777,1,1,1,1
301,1,repeated_777,1,1,1,1
302,1,repeated_777,0,0,0,0
303,0,repeated_777,0,0,0,0
304,1,repeated_777,1,1,1,1
305,0,repeated_777,0,0,0,0
306,1,repeated_777,0,0,0,0
307,1,repeated_777,1,1,1,1
308,1,repeated_777,1,1,1,1
309,0,repeated_777,0,0,0,0
310,1,repeated_777,1,1,1,1
311,1,repeated_777,1,1,1,1
312,1,repeated_777,1,1,1,1
313,0,repeated_777,1,1,1,1
314,0,repeated_777,0,0,0,0
315,0,repeated_777,0,0,0,0
316,1,repeated_777,0,1,1,1
317,1,repeated_777,1,1,1,1
318,0,repeated_777,0,0,0,0
319,1,repeated_777,1,1,1,1
320,1,repeated_777,1,1,1,1
321,0,repeated_777,0,0,0,0
322,0,repeated_777,0,0,0,0
323,1,repeated_777,1,1,1,1
324,1,repeated_777,1,1,1,1
325,0,repeated_777,0,0,0,0
326,1,repeated_777,1,1,1,1
327,0,repeated_777,0,0,0,0
328,1,repeated_777,1,1,1,1
329,1,repeated_777,1,0,0,0
330,1,repeated_777,1,1,1,1
331,1,repeated_777,0,1,1,1
332,0,repeated_777,0,0,0,0
333,0,repeated_777,0,0,0,0
334,0,repeated_777,0,0,0,0
335,1,repeated_777,1,1,1,1
336,0,repeated_777,0,0,0,0
337,0,repeated_777,0,0,0,0
338,1,repeated_777,1,1,1,1
339,1,repeated_777,0,0,0,0
340,0,repeated_777,0,0,0,0
341,1,repeated_777,1,1,1,1
342,1,repeated_777,1,1,1,1
343,0,repeated_777,0,0,0,0
344,0,repeated_777,0,0,0,0
345,0,repeated_777,0,0,0,0
346,1,repeated_777,1,1,1,1
347,1,repeated_777,1,1,1,1
348,1,repeated_777,1,1,1,1
349,1,repeated_777,1,1,1,1
350,0,repeated_777,0,0,0,0
351,0,repeated_777,0,0,0,0
352,0,repeated_777,1,0,0,0
353,0,repeated_777,0,0,1,0
354,0,repeated_777,0,0,0,0
355,0,repeated_777,0,0,0,0
356,0,repeated_777,0,0,0,0
357,1,repeated_777,1,1,1,1
358,0,repeated_777,1,1,1,1
359,1,repeated_777,1,1,1,1
360,1,repeated_777,1,1,1,1
361,0,repeated_777,0,0,0,0
362,0,repeated_777,0,0,0,0
363,0,repeated_777,0,0,0,0
364,0,repeated_777,0,0,0,0
365,0,repeated_777,0,0,0,0
366,0,repeated_777,0,0,0,0
367,1,repeated_777,1,1,1,1
368,1,repeated_777,1,1,1,1
369,1,repeated_777,1,1,1,1
370,1,repeated_777,1,1,1,1
371,1,repeated_777,0,0,0,0
372,0,repeated_777,0,0,0,0
373,0,repeated_777,0,0,0,0
374,0,repeated_777,0,0,0,0
375,0,repeated_777,0,0,0,0
376,1,repeated_777,1,1,1,1
377,1,repeated_777,1,1,1,1
378,0,repeated_777,0,0,0,0
379,0,repeated_777,0,0,0,0
380,0,repeated_777,0,0,0,0
381,1,repeated_777,1,1,1,1
382,1,repeated_777,1,1,1,1
383,0,repeated_777,0,0,0,0
384,1,repeated_777,1,1,1,1
385,0,repeated_777,0,0,0,0
386,0,repeated_777,0,0,0,0
387,0,repeated_777,0,0,0,0
388,1,repeated_777,1,1,1,1
389,0,repeated_777,0,0,0,0
390,1,repeated_777,1,1,1,1
391,1,repeated_777,0,0,0,0
392,1,repeated_777,0,0,0,0
393,0,repeated_777,0,0,0,0
394,1,repeated_777,1,1,1,1
395,1,repeated_777,1,1,1,1
396,0,repeated_777,0,0,0,0
397,0,repeated_777,0,1,0,0
398,0,repeated_777,0,0,0,0
399,0,repeated_777,0,0,0,0
400,1,repeated_777,1,1,1,1
401,1,repeated_777,0,0,0,0
402,0,repeated_777,0,0,0,0
403,0,repeated_777,0,0,0,0
404,0,repeated_777,0,0,0,0
405,0,repeated_777,1,1,0,1
406,0,repeated_777,0,0,0,0
407,0,repeated_777,0,0,0,0
408,1,repeated_777,1,1,1,1
409,0,repeated_777,0,0,0,0
410,0,repeated_777,0,0,0,0
411,0,repeated_777,0,0,0,0
412,0,repeated_777,0,0,0,0
413,1,repeated_777,1,1,1,1
414,0,repeated_777,0,0,0,0
415,1,repeated_777,0,0,0,0
416,0,repeated_777,1,1,1,1
417,1,repeated_777,1,1,1,1
418,1,repeated_777,1,1,1,1
419,0,repeated_777,0,0,0,0
420,0,repeated_777,0,0,0,0
421,0,repeated_777,0,0,0,0
422,0,repeated_777,0,0,0,0
423,0,repeated_777,0,0,0,0
424,0,repeated_777,1,1,0,1
425,0,repeated_777,0,0,0,0
426,0,repeated_777,0,0,0,0
427,1,repeated_777,1,1,1,1
428,1,repeated_777,1,1,1,1
429,0,repeated_777,0,0,0,0
430,1,repeated_777,0,0,0,0
431,1,repeated_777,0,0,0,0
432,1,repeated_777,0,1,0,0
433,1,repeated_777,1,1,1,1
434,0,repeated_777,0,0,0,0
435,0,repeated_777,0,0,0,0
436,1,repeated_777,1,1,1,1
437,0,repeated_777,0,0,0,0
438,1,repeated_777,1,1,1,1
439,0,repeated_777,0,0,0,0
440,0,repeated_777,0,0,0,0
441,1,repeated_777,1,1,1,1
442,0,repeated_777,0,0,0,0
443,0,repeated_777,0,0,0,0
444,1,repeated_777,1,1,1,1
445,1,repeated_777,0,0,0,0
446,1,repeated_777,1,0,1,1
447,1,repeated_777,1,1,1,1
448,1,repeated_777,0,1,0,0
449,1,repeated_777,1,1,1,1
450,1,repeated_777,0,0,0,0
451,0,repeated_777,0,0,0,0
452,0,repeated_777,0,0,0,0
453,0,repeated_777,1,0,1,1
454,1,repeated_777,0,0,0,0
455,0,repeated_777,0,0,0,0
456,1,repeated_777,0,0,0,0
457,0,repeated_777,0,0,0,0
458,1,repeated_777,1,1,1,1
459,1,repeated_777,1,1,1,1
460,0,repeated_777,0,0,0,0
461,1,repeated_777,0,0,0,0
462,0,repeated_777,0,0,0,0
463,0,repeated_777,0,0,0,0
464,0,repeated_777,0,0,0,0
465,0,repeated_777,0,0,0,0
466,0,repeated_777,0,0,0,0
467,0,repeated_777,0,0,0,0
468,0,repeated_777,0,0,0,0
469,0,repeated_777,0,0,0,0
470,1,repeated_777,1,1,1,1
471,0,repeated_777,0,0,0,0
472,0,repeated_777,0,0,0,0
473,1,repeated_777,1,1,1,1
474,1,repeated_777,1,1,1,1
475,0,repeated_777,1,1,1,1
476,0,repeated_777,0,0,0,0
477,0,repeated_777,0,0,0,0
478,0,repeated_777,0,0,0,0
479,0,repeated_777,0,0,0,0
480,1,repeated_777,1,1,1,1
481,0,repeated_777,0,0,0,0
482,0,repeated_777,0,0,0,0
483,0,repeated_777,0,0,0,0
484,1,repeated_777,0,1,0,0
485,1,repeated_777,0,0,0,0
486,0,repeated_777,0,0,0,0
487,1,repeated_777,1,1,1,1
488,0,repeated_777,0,0,0,0
489,0,repeated_777,0,0,0,0
490,1,repeated_777,1,1,1,1
491,0,repeated_777,0,0,0,0
492,0,repeated_777,0,0,0,0
493,0,repeated_777,0,0,0,0
494,0,repeated_777,0,0,0,0
495,0,repeated_777,0,0,0,0
496,0,repeated_777,0,0,0,0
497,1,repeated_777,1,1,1,1
498,0,repeated_777,0,0,0,0
499,0,repeated_777,1,1,1,1
500,0,repeated_777,0,0,0,0
501,0,repeated_777,0,0,0,0
502,0,repeated_777,1,1,1,1
503,0,repeated_777,1,1,1,1
504,0,repeated_777,0,1,1,1
505,1,repeated_777,1,1,1,1
506,0,repeated_777,0,0,0,0
507,1,repeated_777,1,1,1,1
508,1,repeated_777,0,0,0,0
509,0,repeated_777,0,0,0,0
510,1,repeated_777,0,0,0,0
511,1,repeated_777,0,0,0,0
512,0,repeated_777,0,0,0,0
513,1,repeated_777,0,1,0,0
514,1,repeated_777,1,1,1,1
515,0,repeated_777,0,0,0,0
516,0,repeated_777,0,0,0,0
517,1,repeated_777,1,1,1,1
518,0,repeated_777,0,0,0,0
519,1,repeated_777,1,1,1,1
520,0,repeated_777,0,0,0,0
521,1,repeated_777,1,1,1,1
522,0,repeated_777,0,0,0,0
523,0,repeated_777,0,0,0,0
524,1,repeated_777,1,1,1,1
525,0,repeated_777,0,0,0,0
526,0,repeated_777,0,0,0,0
527,1,repeated_777,0,1,1,1
528,0,repeated_777,0,0,0,0
529,0,repeated_777,0,0,0,0
530,0,repeated_777,0,0,0,0
531,1,repeated_777,1,1,1,1
532,0,repeated_777,0,0,0,0
533,0,repeated_777,0,0,0,0
534,1,repeated_777,1,0,1,1
535,0,repeated_777,0,1,0,0
536,1,repeated_777,1,1,1,1
537,0,repeated_777,0,0,0,0
538,1,repeated_777,1,1,1,1
539,0,repeated_777,0,0,0,0
540,1,repeated_777,1,1,1,1
541,1,repeated_777,1,1,1,1
542,0,repeated_777,0,0,0,0
543,0,repeated_777,0,0,0,0
544,1,repeated_777,0,0,0,0
545,0,repeated_777,0,0,0,0
546,0,repeated_777,0,0,0,0
547,1,repeated_777,1,1,1,1
548,1,repeated_777,0,0,0,0
549,0,repeated_777,0,0,0,0
550,1,repeated_777,1,0,1,1
551,1,repeated_777,0,0,0,0
552,0,repeated_777,0,0,0,0
553,0,repeated_777,0,0,0,0
554,1,repeated_777,0,0,0,0
555,1,repeated_777,1,1,1,1
556,0,repeated_777,0,0,0,0
557,1,repeated_777,1,1,1,1
558,0,repeated_777,0,0,0,0
559,1,repeated_777,1,1,1,1
560,1,repeated_777,0,1,0,0
561,0,repeated_777,0,0,0,0
562,0,repeated_777,0,0,0,0
563,0,repeated_777,0,0,0,0
564,0,repeated_777,0,0,0,0
565,0,repeated_777,0,0,1,0
566,0,repeated_777,0,0,0,0
567,0,repeated_777,0,0,0,0
568,0,repeated_777,0,0,0,0
569,0,repeated_777,0,0,0,0
570,1,repeated_777,0,0,0,0
571,1,repeated_777,0,0,0,0
572,1,repeated_777,1,1,1,1
573,1,repeated_777,1,1,1,1
574,1,repeated_777,1,1,1,1
575,0,repeated_777,0,0,0,0
576,0,repeated_777,0,0,0,0
577,1,repeated_777,1,1,1,1
578,1,repeated_777,1,1,1,1
579,0,repeated_777,1,1,1,1
580,1,repeated_777,0,0,0,0
581,1,repeated_777,1,1,1,1
582,1,repeated_777,1,1,1,1
583,0,repeated_777,0,0,0,0
584,0,repeated_777,1,0,1,1
585,0,repeated_777,0,0,0,0
586,1,repeated_777,1,1,1,1
587,0,repeated_777,0,0,0,0
588,1,repeated_777,0,0,0,0
589,0,repeated_777,0,0,0,0
590,0,repeated_777,0,0,0,0
591,0,repeated_777,0,0,0,0
592,1,repeated_777,1,1,1,1
593,0,repeated_777,0,0,0,0
594,0,repeated_777,0,1,0,0
595,0,repeated_777,0,0,0,0
596,0,repeated_777,0,0,0,0
597,1,repeated_777,1,1,1,1
598,0,repeated_777,0,0,0,0
599,0,repeated_777,0,0,0,0
600,1,repeated_777,0,0,0,0
601,1,repeated_777,1,1,1,1
602,0,repeated_777,0,0,0,0
603,0,repeated_777,0,0,0,0
604,0,repeated_777,0,0,0,0
605,1,repeated_777,0,1,0,0
606,0,repeated_777,0,0,0,0
607,0,repeated_777,0,0,0,0
608,1,repeated_777,0,1,0,0
609,1,repeated_777,1,1,1,1
610,1,repeated_777,1,1,1,1
611,0,repeated_777,0,0,0,0
612,0,repeated_777,0,0,0,0
613,1,repeated_777,1,0,1,1
614,0,repeated_777,0,0,0,0
615,0,repeated_777,0,0,0,0
616,1,repeated_777,1,1,1,1
617,0,repeated_777,0,0,0,0
618,0,repeated_777,1,1,0,1
619,1,repeated_777,1,1,1,1
620,0,repeated_777,0,0,0,0
621,0,repeated_777,0,0,0,0
622,1,repeated_777,0,0,0,0
623,1,repeated_777,0,0,0,0
624,0,repeated_777,0,0,0,0
625,0,repeated_777,0,0,0,0
626,0,repeated_777,0,0,0,0
627,0,repeated_777,0,0,0,0
628,1,repeated_777,1,1,1,1
629,0,repeated_777,0,0,0,0
630,0,repeated_777,0,0,0,0
631,1,repeated_777,0,0,0,0
632,0,repeated_777,0,0,0,0
633,1,repeated_777,1,1,0,1
634,0,repeated_777,0,0,0,0
635,0,repeated_777,0,0,0,0
636,1,repeated_777,1,1,1,1
637,0,repeated_777,0,0,0,0
638,0,repeated_777,0,0,0,0
639,0,repeated_777,0,0,0,0
640,0,repeated_777,0,0,0,0
641,0,repeated_777,0,0,0,0
642,1,repeated_777,1,1,1,1
643,0,repeated_777,0,0,0,0
644,1,repeated_777,0,0,0,0
645,1,repeated_777,1,1,1,1
646,1,repeated_777,0,0,0,0
647,0,repeated_777,0,0,0,0
648,1,repeated_777,0,0,0,0
649,0,repeated_777,0,0,0,0
650,1,repeated_777,1,0,1,1
651,0,repeated_777,0,0,0,0
652,1,repeated_777,1,1,1,1
653,0,repeated_777,0,0,0,0
654,1,repeated_777,1,1,1,1
655,0,repeated_777,1,1,1,1
656,0,repeated_777,0,0,0,0
657,0,repeated_777,0,0,0,0
658,0,repeated_777,0,1,0,0
659,0,repeated_777,0,0,0,0
660,0,repeated_777,0,0,1,0
661,1,repeated_777,0,0,0,0
662,0,repeated_777,0,0,0,0
663,0,repeated_777,0,0,0,0
664,0,repeated_777,0,0,0,0
665,1,repeated_777,0,0,0,0
666,0,repeated_777,0,0,0,0
667,0,repeated_777,0,0,0,0
668,0,repeated_777,0,0,0,0
669,0,repeated_777,0,0,0,0
670,1,repeated_777,1,1,1,1
671,1,repeated_777,1,1,1,1
672,0,repeated_777,0,1,0,0
673,0,repeated_777,0,0,0,0
674,1,repeated_777,0,0,0,0
675,0,repeated_777,0,0,0,0
676,0,repeated_777,0,0,0,0
677,0,repeated_777,0,0,0,0
678,1,repeated_777,0,1,1,1
679,0,repeated_777,0,0,0,0
680,1,repeated_777,0,0,1,0
681,0,repeated_777,1,1,1,1
682,1,repeated_777,0,0,0,0
683,0,repeated_777,0,0,0,0
684,0,repeated_777,0,0,0,0
685,0,repeated_777,0,0,0,0
686,0,repeated_777,0,0,0,0
687,0,repeated_777,0,0,0,0
688,0,repeated_777,0,0,0,0
689,0,repeated_777,0,0,0,0
690,1,repeated_777,1,1,1,1
691,1,repeated_777,0,0,0,0
692,1,repeated_777,1,1,1,1
693,1,repeated_777,0,0,0,0
694,0,repeated_777,0,0,0,0
695,0,repeated_777,0,0,0,0
696,0,repeated_777,0,0,0,0
697,0,repeated_777,0,0,0,0
698,1,repeated_777,1,1,1,1
699,0,repeated_777,0,0,1,0
700,0,repeated_777,0,0,0,0
701,1,repeated_777,1,1,1,1
702,1,repeated_777,1,1,1,1
703,0,repeated_777,0,0,0,0
704,0,repeated_777,0,0,0,0
705,0,repeated_777,0,0,0,0
706,0,repeated_777,0,0,0,0
707,1,repeated_777,1,1,1,1
708,1,repeated_777,0,0,0,0
709,1,repeated_777,1,1,1,1
710,1,repeated_777,1,1,1,1
711,1,repeated_777,1,1,1,1
712,0,repeated_777,1,0,1,1
713,1,repeated_777,0,0,0,0
714,0,repeated_777,0,0,0,0
715,0,repeated_777,0,0,0,0
716,0,repeated_777,0,0,0,0
717,1,repeated_777,1,1,1,1
718,1,repeated_777,1,1,1,1
719,0,repeated_777,0,0,0,0
720,0,repeated_777,0,0,0,0
721,1,repeated_777,1,1,1,1
722,0,repeated_777,0,0,0,0
723,0,repeated_777,0,0,0,0
724,0,repeated_777,0,0,0,0
725,1,repeated_777,0,0,0,0
726,0,repeated_777,0,0,0,0
727,1,repeated_777,1,1,1,1
728,1,repeated_777,1,1,1,1
729,0,repeated_777,0,0,0,0
730,0,repeated_777,0,1,1,1
731,1,repeated_777,1,1,1,1
732,0,repeated_777,1,0,1,1
733,0,repeated_777,0,0,0,0
734,0,repeated_777,0,0,0,0
735,0,repeated_777,0,0,0,0
736,0,repeated_777,0,0,0,0
737,0,repeated_777,0,0,0,0
738,1,repeated_777,1,0,1,1
739,0,repeated_777,0,0,0,0
740,0,repeated_777,0,0,0,0
741,1,repeated_777,0,0,0,0
742,0,repeated_777,0,0,0,0
743,1,repeated_777,1,1,1,1
744,0,repeated_777,0,0,0,0
745,1,repeated_777,0,0,0,0
746,0,repeated_777,0,0,1,0
747,0,repeated_777,0,0,0,0
748,1,repeated_777,1,1,1,1
749,0,repeated_777,1,0,0,0
750,0,repeated_777,0,0,0,0
751,1,repeated_777,1,1,1,1
752,1,repeated_777,1,0,1,1
753,0,repeated_777,0,0,0,0
754,0,repeated_777,0,0,0,0
755,1,repeated_777,1,1,1,1
756,1,repeated_777,1,1,1,1
757,0,repeated_777,0,0,0,0
758,0,repeated_777,0,0,0,0
759,0,repeated_777,0,0,0,0
760,1,repeated_777,1,1,1,1
761,0,repeated_777,0,0,0,0
762,0,repeated_777,0,0,0,0
763,1,repeated_777,0,0,0,0
764,1,repeated_777,1,1,1,1
765,0,repeated_777,0,0,0,0
766,1,repeated_777,1,1,1,1
767,0,repeated_777,0,0,0,0
768,0,repeated_777,1,1,1,1
769,0,repeated_777,0,0,0,0
770,0,repeated_777,0,0,0,0
771,0,repeated_777,0,0,0,0
772,0,repeated_777,0,0,0,0
773,0,repeated_777,1,1,1,1
774,0,repeated_777,0,0,0,0
775,1,repeated_777,1,1,1,1
776,0,repeated_777,0,0,0,0
777,0,repeated_777,0,0,0,0
778,1,repeated_777,1,1,1,1
779,0,repeated_777,0,0,0,0
780,1,repeated_777,1,1,1,1
781,1,repeated_777,1,1,1,1
782,1,repeated_777,1,1,1,1
783,0,repeated_777,1,1,1,1
784,0,repeated_777,0,0,0,0
785,0,repeated_777,0,0,0,0
786,0,repeated_777,0,0,0,0
787,1,repeated_777,0,1,1,1
788,0,repeated_777,0,0,0,0
789,1,repeated_777,1,0,0,0
790,0,repeated_777,0,0,0,0
791,0,repeated_777,0,0,0,0
792,0,repeated_777,0,0,0,0
793,0,repeated_777,0,0,0,0
794,0,repeated_777,0,0,0,0
795,0,repeated_777,0,0,0,0
796,0,repeated_777,0,0,0,0
797,1,repeated_777,1,1,1,1
798,1,repeated_777,1,1,1,1
799,0,repeated_777,0,0,0,0
800,0,repeated_777,0,0,0,0
801,0,repeated_777,0,0,0,0
802,1,repeated_777,1,1,1,1
803,1,repeated_777,1,1,1,1
804,1,repeated_777,1,0,1,1
805,1,repeated_777,0,0,0,0
806,0,repeated_777,0,0,0,0
807,0,repeated_777,0,0,0,0
808,0,repeated_777,0,1,1,1
809,0,repeated_777,0,0,0,0
810,1,repeated_777,1,1,1,1
811,0,repeated_777,0,0,0,0
812,0,repeated_777,0,0,0,0
813,0,repeated_777,0,0,0,0
814,0,repeated_777,0,0,0,0
815,0,repeated_777,0,0,0,0
816,0,repeated_777,0,0,0,0
817,0,repeated_777,0,1,1,1
818,0,repeated_777,0,0,0,0
819,0,repeated_777,0,0,0,0
820,0,repeated_777,0,0,0,0
821,1,repeated_777,1,1,1,1
822,1,repeated_777,0,0,0,0
823,0,repeated_777,0,0,0,0
824,1,repeated_777,1,0,1,1
825,0,repeated_777,0,0,0,0
826,0,repeated_777,0,0,0,0
827,0,repeated_777,0,0,1,0
828,1,repeated_777,1,0,1,1
829,1,repeated_777,0,0,0,0
830,1,repeated_777,1,1,1,1
831,1,repeated_777,1,1,1,1
832,1,repeated_777,1,1,1,1
833,0,repeated_777,0,0,0,0
834,0,repeated_777,0,0,0,0
835,0,repeated_777,0,0,0,0
836,1,repeated_777,1,1,1,1
837,0,repeated_777,0,0,0,0
838,0,repeated_777,0,0,0,0
839,1,repeated_777,0,0,1,0
840,1,repeated_777,0,0,0,0
841,0,repeated_777,0,0,0,0
842,0,repeated_777,0,0,0,0
843,1,repeated_777,1,1,1,1
844,0,repeated_777,0,0,0,0
845,0,repeated_777,0,0,0,0
846,0,repeated_777,0,0,0,0
847,0,repeated_777,0,0,0,0
848,0,repeated_777,0,0,0,0
849,0,repeated_777,0,0,0,0
850,1,repeated_777,1,1,1,1
851,0,repeated_777,0,0,0,0
852,0,repeated_777,0,0,0,0
853,0,repeated_777,1,0,1,1
854,1,repeated_777,1,1,1,1
855,0,repeated_777,1,1,1,1
856,1,repeated_777,1,1,1,1
857,1,repeated_777,1,1,1,1
858,1,repeated_777,0,0,0,0
859,1,repeated_777,1,1,1,1
860,0,repeated_777,0,0,0,0
861,0,repeated_777,0,0,0,0
862,0,repeated_777,0,0,0,0
863,1,repeated_777,1,1,1,1
864,0,repeated_777,0,0,0,0
865,0,repeated_777,0,0,0,0
866,1,repeated_777,1,1,1,1
867,1,repeated_777,1,1,1,1
868,0,repeated_777,0,0,0,0
869,0,repeated_777,0,0,0,0
870,1,repeated_777,1,1,1,1
871,0,repeated_777,0,0,0,0
872,1,repeated_777,1,1,1,1
873,0,repeated_777,0,0,0,0
874,0,repeated_777,0,0,0,0
875,1,repeated_777,1,1,1,1
876,1,repeated_777,1,1,1,1
877,0,repeated_777,0,0,0,0
878,0,repeated_777,0,0,0,0
879,0,repeated_777,0,0,0,0
880,1,repeated_777,1,1,1,1
881,1,repeated_777,1,1,1,1
882,0,repeated_777,0,0,0,0
883,0,repeated_777,0,1,1,1
884,0,repeated_777,0,0,0,0
885,0,repeated_777,0,0,0,0
886,0,repeated_777,0,0,0,0
887,0,repeated_777,0,0,0,0
888,1,repeated_777,1,1,1,1
889,0,repeated_777,1,1,1,1
890,1,repeated_777,0,0,0,0
891,0,repeated_777,0,0,0,0
1,0,repeated_2026,0,0,0,0
2,1,repeated_2026,1,1,1,1
3,1,repeated_2026,0,1,1,1
4,1,repeated_2026,1,1,1,1
5,0,repeated_2026,0,0,0,0
6,0,repeated_2026,0,0,0,0
7,0,repeated_2026,0,0,0,0
8,0,repeated_2026,0,0,0,0
9,1,repeated_2026,1,1,1,1
10,1,repeated_2026,1,1,1,1
11,1,repeated_2026,1,0,1,1
12,1,repeated_2026,1,1,1,1
13,0,repeated_2026,0,0,0,0
14,0,repeated_2026,0,0,0,0
15,0,repeated_2026,1,1,1,1
16,1,repeated_2026,1,1,1,1
17,0,repeated_2026,0,0,0,0
18,1,repeated_2026,0,0,0,0
19,0,repeated_2026,1,0,0,0
20,1,repeated_2026,1,1,1,1
21,0,repeated_2026,0,0,0,0
22,1,repeated_2026,0,0,0,0
23,1,repeated_2026,1,0,1,1
24,1,repeated_2026,0,0,0,0
25,0,repeated_2026,0,0,0,0
26,1,repeated_2026,0,1,1,1
27,0,repeated_2026,0,0,0,0
28,0,repeated_2026,0,0,0,0
29,1,repeated_2026,1,1,1,1
30,0,repeated_2026,0,0,0,0
31,0,repeated_2026,0,0,0,0
32,1,repeated_2026,1,1,1,1
33,1,repeated_2026,1,1,1,1
34,0,repeated_2026,0,0,0,0
35,0,repeated_2026,0,0,0,0
36,0,repeated_2026,0,0,0,0
37,1,repeated_2026,0,0,0,0
38,0,repeated_2026,0,0,0,0
39,0,repeated_2026,0,0,0,0
40,1,repeated_2026,1,0,1,1
41,0,repeated_2026,0,1,0,0
42,0,repeated_2026,1,1,1,1
43,0,repeated_2026,0,0,0,0
44,1,repeated_2026,1,1,1,1
45,1,repeated_2026,1,1,1,1
46,0,repeated_2026,0,0,0,0
47,0,repeated_2026,0,0,0,0
48,1,repeated_2026,1,1,1,1
49,0,repeated_2026,0,0,0,0
50,0,repeated_2026,1,1,0,1
51,0,repeated_2026,0,0,0,0
52,0,repeated_2026,0,0,0,0
53,1,repeated_2026,1,1,1,1
54,1,repeated_2026,1,1,1,1
55,0,repeated_2026,0,0,0,0
56,1,repeated_2026,0,0,0,0
57,1,repeated_2026,1,1,1,1
58,0,repeated_2026,0,0,0,0
59,1,repeated_2026,1,1,1,1
60,0,repeated_2026,0,0,0,0
61,0,repeated_2026,0,0,0,0
62,1,repeated_2026,1,1,1,1
63,0,repeated_2026,0,0,1,0
64,0,repeated_2026,0,0,0,0
65,0,repeated_2026,0,0,0,0
66,1,repeated_2026,1,1,1,1
67,1,repeated_2026,1,1,1,1
68,0,repeated_2026,0,0,0,0
69,1,repeated_2026,0,1,0,0
70,0,repeated_2026,0,0,0,0
71,0,repeated_2026,0,0,0,0
72,0,repeated_2026,0,0,0,0
73,0,repeated_2026,0,0,0,0
74,0,repeated_2026,0,0,0,0
75,1,repeated_2026,0,1,0,0
76,0,repeated_2026,0,0,0,0
77,0,repeated_2026,0,0,0,0
78,0,repeated_2026,0,0,0,0
79,1,repeated_2026,1,1,1,1
80,1,repeated_2026,1,1,1,1
81,0,repeated_2026,0,0,0,0
82,1,repeated_2026,0,0,0,0
83,1,repeated_2026,1,1,1,1
84,0,repeated_2026,0,0,0,0
85,1,repeated_2026,1,1,1,1
86,1,repeated_2026,1,1,1,1
87,0,repeated_2026,0,0,0,0
88,0,repeated_2026,0,0,0,0
89,1,repeated_2026,1,1,1,1
90,0,repeated_2026,0,0,0,0
91,0,repeated_2026,0,0,0,0
92,0,repeated_2026,0,0,0,0
93,0,repeated_2026,0,0,0,0
94,0,repeated_2026,0,0,0,0
95,0,repeated_2026,0,0,0,0
96,0,repeated_2026,0,0,0,0
97,0,repeated_2026,0,0,0,0
98,1,repeated_2026,0,0,0,0
99,1,repeated_2026,1,1,1,1
100,0,repeated_2026,0,0,0,0
101,0,repeated_2026,0,1,1,1
102,0,repeated_2026,0,0,0,0
103,0,repeated_2026,0,0,0,0
104,0,repeated_2026,0,0,0,0
105,0,repeated_2026,0,0,0,0
106,0,repeated_2026,0,0,0,0
107,1,repeated_2026,0,1,1,1
108,1,repeated_2026,0,0,0,0
109,0,repeated_2026,0,0,0,0
110,1,repeated_2026,1,1,0,1
111,0,repeated_2026,0,0,0,0
112,0,repeated_2026,0,0,0,0
113,0,repeated_2026,0,0,0,0
114,0,repeated_2026,0,0,0,0
115,0,repeated_2026,1,1,1,1
116,0,repeated_2026,0,0,0,0
117,0,repeated_2026,0,0,0,0
118,0,repeated_2026,0,0,0,0
119,0,repeated_2026,0,0,0,0
120,0,repeated_2026,0,0,0,0
121,0,repeated_2026,0,0,0,0
122,0,repeated_2026,0,0,0,0
123,0,repeated_2026,0,0,0,0
124,1,repeated_2026,1,1,1,1
125,0,repeated_2026,0,0,0,0
126,1,repeated_2026,1,0,1,1
127,0,repeated_2026,0,0,0,0
128,1,repeated_2026,0,0,0,0
129,1,repeated_2026,1,1,1,1
130,0,repeated_2026,0,0,0,0
131,0,repeated_2026,0,0,0,0
132,0,repeated_2026,0,0,0,0
133,0,repeated_2026,1,1,0,1
134,1,repeated_2026,1,1,1,1
135,0,repeated_2026,0,0,0,0
136,0,repeated_2026,0,0,0,0
137,1,repeated_2026,1,1,1,1
138,0,repeated_2026,0,0,0,0
139,0,repeated_2026,0,0,0,0
140,0,repeated_2026,0,0,0,0
141,0,repeated_2026,0,0,0,0
142,1,repeated_2026,0,1,1,1
143,1,repeated_2026,1,1,0,1
144,0,repeated_2026,0,0,0,0
145,0,repeated_2026,0,0,0,0
146,0,repeated_2026,0,0,0,0
147,1,repeated_2026,0,0,0,0
148,0,repeated_2026,1,0,0,0
149,0,repeated_2026,0,0,0,0
150,0,repeated_2026,0,0,0,0
151,0,repeated_2026,0,0,0,0
152,1,repeated_2026,1,1,1,1
153,0,repeated_2026,0,0,0,0
154,0,repeated_2026,0,0,0,0
155,0,repeated_2026,0,0,0,0
156,0,repeated_2026,0,0,0,0
157,1,repeated_2026,1,1,1,1
158,0,repeated_2026,0,0,0,0
159,0,repeated_2026,0,0,0,0
160,0,repeated_2026,0,0,0,0
161,0,repeated_2026,0,0,0,0
162,1,repeated_2026,1,1,1,1
163,0,repeated_2026,0,0,0,0
164,0,repeated_2026,0,0,0,0
165,0,repeated_2026,0,0,0,0
166,1,repeated_2026,1,1,1,1
167,1,repeated_2026,1,1,1,1
168,0,repeated_2026,0,0,0,0
169,0,repeated_2026,0,0,0,0
170,0,repeated_2026,0,0,1,0
171,0,repeated_2026,0,0,0,0
172,0,repeated_2026,0,0,0,0
173,1,repeated_2026,1,1,1,1
174,0,repeated_2026,0,0,0,0
175,0,repeated_2026,0,0,0,0
176,0,repeated_2026,0,0,0,0
177,0,repeated_2026,0,0,0,0
178,0,repeated_2026,1,1,1,1
179,0,repeated_2026,0,0,0,0
180,0,repeated_2026,0,0,0,0
181,0,repeated_2026,0,0,0,0
182,0,repeated_2026,0,0,0,0
183,0,repeated_2026,1,1,1,1
184,1,repeated_2026,1,1,1,1
185,1,repeated_2026,1,1,1,1
186,0,repeated_2026,0,0,0,0
187,1,repeated_2026,1,1,0,1
188,1,repeated_2026,0,0,0,0
189,0,repeated_2026,0,0,0,0
190,0,repeated_2026,0,0,0,0
191,1,repeated_2026,1,1,1,1
192,0,repeated_2026,0,0,0,0
193,1,repeated_2026,0,1,1,1
194,1,repeated_2026,1,1,1,1
195,1,repeated_2026,1,1,1,1
196,1,repeated_2026,1,1,1,1
197,0,repeated_2026,0,0,0,0
198,0,repeated_2026,0,0,0,0
199,1,repeated_2026,1,1,1,1
200,0,repeated_2026,1,1,1,1
201,0,repeated_2026,0,0,0,0
202,0,repeated_2026,0,0,0,0
203,0,repeated_2026,0,0,0,0
204,0,repeated_2026,0,0,0,0
205,1,repeated_2026,0,0,0,0
206,0,repeated_2026,1,0,1,1
207,0,repeated_2026,0,0,0,0
208,1,repeated_2026,0,0,0,0
209,1,repeated_2026,1,1,1,1
210,1,repeated_2026,0,0,0,0
211,0,repeated_2026,0,0,0,0
212,1,repeated_2026,1,1,1,1
213,0,repeated_2026,0,0,0,0
214,0,repeated_2026,0,0,0,0
215,0,repeated_2026,0,0,0,0
216,1,repeated_2026,1,1,1,1
217,1,repeated_2026,0,1,1,1
218,0,repeated_2026,0,0,0,0
219,1,repeated_2026,1,1,1,1
220,0,repeated_2026,0,0,0,0
221,1,repeated_2026,0,0,0,0
222,0,repeated_2026,0,0,0,0
223,0,repeated_2026,0,0,0,0
224,0,repeated_2026,0,0,0,0
225,1,repeated_2026,0,0,0,0
226,0,repeated_2026,0,0,0,0
227,1,repeated_2026,0,0,0,0
228,0,repeated_2026,0,0,0,0
229,0,repeated_2026,0,0,0,0
230,0,repeated_2026,0,0,0,0
231,1,repeated_2026,1,1,1,1
232,0,repeated_2026,0,0,0,0
233,0,repeated_2026,0,0,0,0
234,1,repeated_2026,1,1,1,1
235,0,repeated_2026,0,0,0,0
236,0,repeated_2026,1,1,1,1
237,0,repeated_2026,0,0,0,0
238,1,repeated_2026,1,1,1,1
239,0,repeated_2026,0,0,0,0
240,0,repeated_2026,0,0,0,0
241,0,repeated_2026,0,0,0,0
242,1,repeated_2026,1,0,1,1
243,0,repeated_2026,0,0,0,0
244,0,repeated_2026,0,0,0,0
245,0,repeated_2026,0,0,0,0
246,0,repeated_2026,0,0,0,0
247,0,repeated_2026,0,1,1,1
248,1,repeated_2026,1,1,1,1
249,1,repeated_2026,0,0,0,0
250,0,repeated_2026,0,0,0,0
251,0,repeated_2026,0,0,0,0
252,0,repeated_2026,1,0,1,1
253,0,repeated_2026,0,0,0,0
254,0,repeated_2026,0,0,0,0
255,0,repeated_2026,0,1,0,0
256,1,repeated_2026,1,1,1,1
257,1,repeated_2026,1,1,1,1
258,1,repeated_2026,1,1,1,1
259,1,repeated_2026,1,1,1,1
260,1,repeated_2026,1,1,1,1
261,0,repeated_2026,0,0,0,0
262,1,repeated_2026,0,0,1,0
263,0,repeated_2026,0,0,0,0
264,0,repeated_2026,0,0,0,0
265,0,repeated_2026,1,1,1,1
266,0,repeated_2026,0,0,0,0
267,0,repeated_2026,0,0,0,0
268,1,repeated_2026,0,0,0,0
269,1,repeated_2026,1,1,1,1
270,1,repeated_2026,1,1,1,1
271,0,repeated_2026,0,0,0,0
272,1,repeated_2026,0,0,0,0
273,1,repeated_2026,1,1,1,1
274,0,repeated_2026,1,0,0,0
275,1,repeated_2026,1,1,1,1
276,1,repeated_2026,1,1,1,1
277,0,repeated_2026,0,0,0,0
278,0,repeated_2026,0,0,0,0
279,0,repeated_2026,0,0,0,0
280,1,repeated_2026,0,1,0,0
281,0,repeated_2026,0,0,0,0
282,0,repeated_2026,0,0,0,0
283,0,repeated_2026,0,0,0,0
284,1,repeated_2026,0,0,0,0
285,0,repeated_2026,0,0,0,0
286,0,repeated_2026,0,0,0,0
287,1,repeated_2026,0,0,0,0
288,0,repeated_2026,0,0,0,0
289,1,repeated_2026,0,0,0,0
290,1,repeated_2026,1,1,1,1
291,1,repeated_2026,1,1,1,1
292,1,repeated_2026,1,1,1,1
293,0,repeated_2026,0,0,0,0
294,0,repeated_2026,0,1,1,1
295,0,repeated_2026,0,0,0,0
296,0,repeated_2026,0,0,0,0
297,0,repeated_2026,0,0,0,0
298,0,repeated_2026,1,1,1,1
299,1,repeated_2026,0,0,0,0
300,1,repeated_2026,1,1,1,1
301,1,repeated_2026,1,1,1,1
302,1,repeated_2026,0,0,0,0
303,0,repeated_2026,0,0,0,0
304,1,repeated_2026,1,1,1,1
305,0,repeated_2026,0,0,0,0
306,1,repeated_2026,0,0,1,0
307,1,repeated_2026,1,1,1,1
308,1,repeated_2026,1,1,1,1
309,0,repeated_2026,0,0,0,0
310,1,repeated_2026,1,1,1,1
311,1,repeated_2026,1,1,1,1
312,1,repeated_2026,1,1,1,1
313,0,repeated_2026,1,1,1,1
314,0,repeated_2026,0,0,0,0
315,0,repeated_2026,0,0,0,0
316,1,repeated_2026,0,1,0,0
317,1,repeated_2026,1,1,1,1
318,0,repeated_2026,0,0,0,0
319,1,repeated_2026,1,1,1,1
320,1,repeated_2026,1,1,1,1
321,0,repeated_2026,0,0,0,0
322,0,repeated_2026,0,0,0,0
323,1,repeated_2026,1,1,1,1
324,1,repeated_2026,1,1,1,1
325,0,repeated_2026,0,0,0,0
326,1,repeated_2026,1,1,1,1
327,0,repeated_2026,0,0,0,0
328,1,repeated_2026,1,1,1,1
329,1,repeated_2026,1,1,1,1
330,1,repeated_2026,1,1,1,1
331,1,repeated_2026,1,1,1,1
332,0,repeated_2026,0,0,0,0
333,0,repeated_2026,0,0,0,0
334,0,repeated_2026,0,0,0,0
335,1,repeated_2026,1,1,1,1
336,0,repeated_2026,0,0,0,0
337,0,repeated_2026,0,0,1,0
338,1,repeated_2026,1,1,1,1
339,1,repeated_2026,0,0,0,0
340,0,repeated_2026,0,0,0,0
341,1,repeated_2026,1,1,1,1
342,1,repeated_2026,1,1,1,1
343,0,repeated_2026,0,0,0,0
344,0,repeated_2026,0,0,0,0
345,0,repeated_2026,0,0,0,0
346,1,repeated_2026,1,1,1,1
347,1,repeated_2026,1,1,1,1
348,1,repeated_2026,0,1,1,1
349,1,repeated_2026,1,0,1,1
350,0,repeated_2026,0,0,0,0
351,0,repeated_2026,0,0,0,0
352,0,repeated_2026,0,0,0,0
353,0,repeated_2026,0,0,0,0
354,0,repeated_2026,0,0,0,0
355,0,repeated_2026,0,0,0,0
356,0,repeated_2026,0,0,0,0
357,1,repeated_2026,1,1,1,1
358,0,repeated_2026,1,1,1,1
359,1,repeated_2026,1,1,1,1
360,1,repeated_2026,1,1,1,1
361,0,repeated_2026,0,0,0,0
362,0,repeated_2026,0,0,0,0
363,0,repeated_2026,0,0,0,0
364,0,repeated_2026,0,0,0,0
365,0,repeated_2026,0,0,0,0
366,0,repeated_2026,0,0,0,0
367,1,repeated_2026,1,1,1,1
368,1,repeated_2026,1,1,1,1
369,1,repeated_2026,1,1,1,1
370,1,repeated_2026,1,1,1,1
371,1,repeated_2026,0,0,0,0
372,0,repeated_2026,0,0,0,0
373,0,repeated_2026,0,0,0,0
374,0,repeated_2026,0,0,0,0
375,0,repeated_2026,0,0,0,0
376,1,repeated_2026,1,1,1,1
377,1,repeated_2026,1,1,1,1
378,0,repeated_2026,0,0,1,0
379,0,repeated_2026,0,0,0,0
380,0,repeated_2026,0,0,0,0
381,1,repeated_2026,1,1,1,1
382,1,repeated_2026,1,1,1,1
383,0,repeated_2026,0,0,0,0
384,1,repeated_2026,1,1,1,1
385,0,repeated_2026,0,0,0,0
386,0,repeated_2026,0,0,0,0
387,0,repeated_2026,0,0,0,0
388,1,repeated_2026,1,1,1,1
389,0,repeated_2026,0,0,0,0
390,1,repeated_2026,1,1,1,1
391,1,repeated_2026,0,0,0,0
392,1,repeated_2026,0,0,0,0
393,0,repeated_2026,0,0,0,0
394,1,repeated_2026,1,1,1,1
395,1,repeated_2026,1,0,1,1
396,0,repeated_2026,0,0,0,0
397,0,repeated_2026,0,1,0,0
398,0,repeated_2026,0,0,0,0
399,0,repeated_2026,0,0,0,0
400,1,repeated_2026,1,1,1,1
401,1,repeated_2026,0,0,0,0
402,0,repeated_2026,0,0,0,0
403,0,repeated_2026,0,0,0,0
404,0,repeated_2026,0,0,0,0
405,0,repeated_2026,1,1,1,1
406,0,repeated_2026,0,0,0,0
407,0,repeated_2026,0,0,0,0
408,1,repeated_2026,1,1,1,1
409,0,repeated_2026,0,0,0,0
410,0,repeated_2026,0,0,0,0
411,0,repeated_2026,0,0,0,0
412,0,repeated_2026,0,0,0,0
413,1,repeated_2026,1,1,1,1
414,0,repeated_2026,0,0,0,0
415,1,repeated_2026,0,0,0,0
416,0,repeated_2026,1,1,1,1
417,1,repeated_2026,1,1,1,1
418,1,repeated_2026,1,1,1,1
419,0,repeated_2026,0,0,0,0
420,0,repeated_2026,0,0,0,0
421,0,repeated_2026,0,0,0,0
422,0,repeated_2026,0,0,0,0
423,0,repeated_2026,0,0,0,0
424,0,repeated_2026,1,1,0,1
425,0,repeated_2026,0,0,0,0
426,0,repeated_2026,0,0,0,0
427,1,repeated_2026,1,1,1,1
428,1,repeated_2026,1,1,1,1
429,0,repeated_2026,0,0,0,0
430,1,repeated_2026,0,0,0,0
431,1,repeated_2026,1,0,0,0
432,1,repeated_2026,0,1,0,0
433,1,repeated_2026,1,1,1,1
434,0,repeated_2026,0,0,0,0
435,0,repeated_2026,0,0,0,0
436,1,repeated_2026,1,1,1,1
437,0,repeated_2026,0,0,0,0
438,1,repeated_2026,1,1,1,1
439,0,repeated_2026,0,0,0,0
440,0,repeated_2026,0,0,0,0
441,1,repeated_2026,1,1,1,1
442,0,repeated_2026,0,0,0,0
443,0,repeated_2026,0,0,0,0
444,1,repeated_2026,1,1,1,1
445,1,repeated_2026,0,0,0,0
446,1,repeated_2026,1,0,1,1
447,1,repeated_2026,1,1,1,1
448,1,repeated_2026,0,1,0,0
449,1,repeated_2026,1,0,1,1
450,1,repeated_2026,0,0,0,0
451,0,repeated_2026,0,0,0,0
452,0,repeated_2026,0,0,0,0
453,0,repeated_2026,1,0,1,1
454,1,repeated_2026,0,0,0,0
455,0,repeated_2026,0,0,0,0
456,1,repeated_2026,0,0,0,0
457,0,repeated_2026,0,0,0,0
458,1,repeated_2026,1,1,1,1
459,1,repeated_2026,1,1,1,1
460,0,repeated_2026,0,0,0,0
461,1,repeated_2026,0,0,0,0
462,0,repeated_2026,0,0,0,0
463,0,repeated_2026,0,1,0,0
464,0,repeated_2026,0,0,0,0
465,0,repeated_2026,0,0,0,0
466,0,repeated_2026,0,0,0,0
467,0,repeated_2026,0,0,0,0
468,0,repeated_2026,0,0,0,0
469,0,repeated_2026,0,0,0,0
470,1,repeated_2026,1,0,1,1
471,0,repeated_2026,0,0,0,0
472,0,repeated_2026,0,0,0,0
473,1,repeated_2026,1,1,1,1
474,1,repeated_2026,1,1,1,1
475,0,repeated_2026,1,1,1,1
476,0,repeated_2026,0,0,0,0
477,0,repeated_2026,0,0,0,0
478,0,repeated_2026,0,0,0,0
479,0,repeated_2026,0,0,0,0
480,1,repeated_2026,1,1,1,1
481,0,repeated_2026,0,0,0,0
482,0,repeated_2026,0,0,0,0
483,0,repeated_2026,0,0,0,0
484,1,repeated_2026,1,1,0,1
485,1,repeated_2026,0,0,1,0
486,0,repeated_2026,0,0,0,0
487,1,repeated_2026,1,1,1,1
488,0,repeated_2026,0,0,0,0
489,0,repeated_2026,0,0,0,0
490,1,repeated_2026,1,0,1,1
491,0,repeated_2026,0,0,0,0
492,0,repeated_2026,0,0,0,0
493,0,repeated_2026,0,0,0,0
494,0,repeated_2026,0,0,0,0
495,0,repeated_2026,0,0,0,0
496,0,repeated_2026,0,0,0,0
497,1,repeated_2026,1,1,1,1
498,0,repeated_2026,0,0,0,0
499,0,repeated_2026,0,0,1,0
500,0,repeated_2026,0,0,0,0
501,0,repeated_2026,0,0,0,0
502,0,repeated_2026,1,1,1,1
503,0,repeated_2026,1,1,1,1
504,0,repeated_2026,0,1,0,0
505,1,repeated_2026,1,1,1,1
506,0,repeated_2026,0,0,1,0
507,1,repeated_2026,1,1,1,1
508,1,repeated_2026,0,0,0,0
509,0,repeated_2026,0,0,0,0
510,1,repeated_2026,0,0,0,0
511,1,repeated_2026,0,0,0,0
512,0,repeated_2026,0,0,0,0
513,1,repeated_2026,1,1,1,1
514,1,repeated_2026,1,1,1,1
515,0,repeated_2026,0,0,0,0
516,0,repeated_2026,0,0,0,0
517,1,repeated_2026,1,1,1,1
518,0,repeated_2026,0,0,0,0
519,1,repeated_2026,1,1,1,1
520,0,repeated_2026,0,0,0,0
521,1,repeated_2026,1,1,1,1
522,0,repeated_2026,0,0,0,0
523,0,repeated_2026,0,0,0,0
524,1,repeated_2026,1,1,1,1
525,0,repeated_2026,0,0,0,0
526,0,repeated_2026,0,0,0,0
527,1,repeated_2026,1,1,1,1
528,0,repeated_2026,0,0,0,0
529,0,repeated_2026,0,0,0,0
530,0,repeated_2026,0,0,0,0
531,1,repeated_2026,1,1,1,1
532,0,repeated_2026,0,0,0,0
533,0,repeated_2026,0,0,0,0
534,1,repeated_2026,1,1,1,1
535,0,repeated_2026,0,1,0,0
536,1,repeated_2026,1,1,1,1
537,0,repeated_2026,1,1,0,1
538,1,repeated_2026,1,1,1,1
539,0,repeated_2026,0,0,0,0
540,1,repeated_2026,1,1,1,1
541,1,repeated_2026,1,1,1,1
542,0,repeated_2026,0,0,0,0
543,0,repeated_2026,0,0,0,0
544,1,repeated_2026,0,0,0,0
545,0,repeated_2026,0,0,0,0
546,0,repeated_2026,0,0,0,0
547,1,repeated_2026,1,1,1,1
548,1,repeated_2026,0,0,0,0
549,0,repeated_2026,0,0,0,0
550,1,repeated_2026,1,0,1,1
551,1,repeated_2026,0,0,0,0
552,0,repeated_2026,0,0,0,0
553,0,repeated_2026,0,0,0,0
554,1,repeated_2026,0,0,0,0
555,1,repeated_2026,0,1,1,1
556,0,repeated_2026,0,0,0,0
557,1,repeated_2026,1,1,1,1
558,0,repeated_2026,0,0,0,0
559,1,repeated_2026,1,1,1,1
560,1,repeated_2026,0,1,1,1
561,0,repeated_2026,0,0,0,0
562,0,repeated_2026,0,0,0,0
563,0,repeated_2026,0,0,0,0
564,0,repeated_2026,0,0,0,0
565,0,repeated_2026,1,1,1,1
566,0,repeated_2026,0,0,0,0
567,0,repeated_2026,0,0,0,0
568,0,repeated_2026,0,0,0,0
569,0,repeated_2026,0,0,0,0
570,1,repeated_2026,0,0,0,0
571,1,repeated_2026,0,0,0,0
572,1,repeated_2026,1,1,1,1
573,1,repeated_2026,0,1,0,0
574,1,repeated_2026,1,1,1,1
575,0,repeated_2026,0,0,0,0
576,0,repeated_2026,0,0,0,0
577,1,repeated_2026,1,1,1,1
578,1,repeated_2026,1,1,1,1
579,0,repeated_2026,1,1,1,1
580,1,repeated_2026,0,0,0,0
581,1,repeated_2026,1,1,1,1
582,1,repeated_2026,1,1,1,1
583,0,repeated_2026,0,0,0,0
584,0,repeated_2026,0,0,0,0
585,0,repeated_2026,0,0,0,0
586,1,repeated_2026,1,1,1,1
587,0,repeated_2026,0,0,0,0
588,1,repeated_2026,0,0,0,0
589,0,repeated_2026,0,0,0,0
590,0,repeated_2026,0,0,0,0
591,0,repeated_2026,0,0,0,0
592,1,repeated_2026,1,1,1,1
593,0,repeated_2026,0,0,0,0
594,0,repeated_2026,0,1,0,0
595,0,repeated_2026,0,0,0,0
596,0,repeated_2026,0,0,0,0
597,1,repeated_2026,1,1,1,1
598,0,repeated_2026,0,0,0,0
599,0,repeated_2026,0,0,0,0
600,1,repeated_2026,0,0,0,0
601,1,repeated_2026,1,1,1,1
602,0,repeated_2026,0,0,0,0
603,0,repeated_2026,0,0,0,0
604,0,repeated_2026,0,0,0,0
605,1,repeated_2026,0,1,0,0
606,0,repeated_2026,0,0,0,0
607,0,repeated_2026,0,0,0,0
608,1,repeated_2026,0,1,0,0
609,1,repeated_2026,1,1,1,1
610,1,repeated_2026,1,1,1,1
611,0,repeated_2026,0,0,0,0
612,0,repeated_2026,0,0,0,0
613,1,repeated_2026,1,0,1,1
614,0,repeated_2026,0,0,0,0
615,0,repeated_2026,0,0,0,0
616,1,repeated_2026,1,1,1,1
617,0,repeated_2026,0,0,0,0
618,0,repeated_2026,1,1,0,1
619,1,repeated_2026,1,1,1,1
620,0,repeated_2026,0,0,0,0
621,0,repeated_2026,0,0,0,0
622,1,repeated_2026,0,0,0,0
623,1,repeated_2026,0,0,0,0
624,0,repeated_2026,0,0,0,0
625,0,repeated_2026,0,0,0,0
626,0,repeated_2026,0,0,0,0
627,0,repeated_2026,0,0,0,0
628,1,repeated_2026,1,1,1,1
629,0,repeated_2026,0,0,0,0
630,0,repeated_2026,0,0,0,0
631,1,repeated_2026,0,0,0,0
632,0,repeated_2026,0,0,0,0
633,1,repeated_2026,0,1,0,0
634,0,repeated_2026,0,0,0,0
635,0,repeated_2026,0,0,0,0
636,1,repeated_2026,1,1,1,1
637,0,repeated_2026,0,0,0,0
638,0,repeated_2026,0,0,0,0
639,0,repeated_2026,0,0,0,0
640,0,repeated_2026,0,0,0,0
641,0,repeated_2026,0,0,0,0
642,1,repeated_2026,1,1,1,1
643,0,repeated_2026,0,0,0,0
644,1,repeated_2026,0,0,0,0
645,1,repeated_2026,1,0,1,1
646,1,repeated_2026,0,0,1,0
647,0,repeated_2026,0,0,0,0
648,1,repeated_2026,0,0,0,0
649,0,repeated_2026,0,0,0,0
650,1,repeated_2026,1,1,1,1
651,0,repeated_2026,0,0,0,0
652,1,repeated_2026,1,1,1,1
653,0,repeated_2026,0,0,0,0
654,1,repeated_2026,1,1,1,1
655,0,repeated_2026,1,1,1,1
656,0,repeated_2026,0,0,0,0
657,0,repeated_2026,0,0,0,0
658,0,repeated_2026,0,1,0,0
659,0,repeated_2026,0,0,0,0
660,0,repeated_2026,0,0,1,0
661,1,repeated_2026,0,0,0,0
662,0,repeated_2026,0,0,0,0
663,0,repeated_2026,0,0,0,0
664,0,repeated_2026,0,0,0,0
665,1,repeated_2026,0,0,0,0
666,0,repeated_2026,0,0,0,0
667,0,repeated_2026,0,0,0,0
668,0,repeated_2026,0,0,0,0
669,0,repeated_2026,0,0,0,0
670,1,repeated_2026,1,1,1,1
671,1,repeated_2026,1,1,1,1
672,0,repeated_2026,0,0,0,0
673,0,repeated_2026,0,0,0,0
674,1,repeated_2026,0,0,0,0
675,0,repeated_2026,0,0,0,0
676,0,repeated_2026,0,0,0,0
677,0,repeated_2026,0,0,0,0
678,1,repeated_2026,0,1,1,1
679,0,repeated_2026,0,0,0,0
680,1,repeated_2026,0,0,0,0
681,0,repeated_2026,1,0,1,1
682,1,repeated_2026,0,0,1,0
683,0,repeated_2026,0,0,0,0
684,0,repeated_2026,0,0,0,0
685,0,repeated_2026,0,0,0,0
686,0,repeated_2026,0,0,0,0
687,0,repeated_2026,0,0,0,0
688,0,repeated_2026,0,0,0,0
689,0,repeated_2026,0,0,0,0
690,1,repeated_2026,1,1,1,1
691,1,repeated_2026,0,0,0,0
692,1,repeated_2026,1,1,1,1
693,1,repeated_2026,0,0,0,0
694,0,repeated_2026,0,1,0,0
695,0,repeated_2026,0,0,0,0
696,0,repeated_2026,0,0,0,0
697,0,repeated_2026,0,0,0,0
698,1,repeated_2026,1,1,1,1
699,0,repeated_2026,0,0,1,0
700,0,repeated_2026,0,0,0,0
701,1,repeated_2026,1,1,1,1
702,1,repeated_2026,0,1,0,0
703,0,repeated_2026,0,0,0,0
704,0,repeated_2026,0,0,0,0
705,0,repeated_2026,0,0,0,0
706,0,repeated_2026,0,0,0,0
707,1,repeated_2026,1,1,1,1
708,1,repeated_2026,0,0,1,0
709,1,repeated_2026,0,0,1,0
710,1,repeated_2026,1,1,1,1
711,1,repeated_2026,1,1,1,1
712,0,repeated_2026,0,0,0,0
713,1,repeated_2026,0,0,1,0
714,0,repeated_2026,0,0,0,0
715,0,repeated_2026,0,0,0,0
716,0,repeated_2026,0,0,0,0
717,1,repeated_2026,1,1,1,1
718,1,repeated_2026,1,1,1,1
719,0,repeated_2026,0,0,0,0
720,0,repeated_2026,0,0,0,0
721,1,repeated_2026,1,1,1,1
722,0,repeated_2026,0,0,0,0
723,0,repeated_2026,0,0,0,0
724,0,repeated_2026,0,0,0,0
725,1,repeated_2026,1,0,1,1
726,0,repeated_2026,0,0,0,0
727,1,repeated_2026,1,1,1,1
728,1,repeated_2026,1,1,1,1
729,0,repeated_2026,0,0,0,0
730,0,repeated_2026,1,1,1,1
731,1,repeated_2026,1,1,1,1
732,0,repeated_2026,1,0,1,1
733,0,repeated_2026,0,0,0,0
734,0,repeated_2026,0,0,0,0
735,0,repeated_2026,0,0,0,0
736,0,repeated_2026,0,0,0,0
737,0,repeated_2026,0,0,0,0
738,1,repeated_2026,0,0,0,0
739,0,repeated_2026,0,0,0,0
740,0,repeated_2026,0,0,0,0
741,1,repeated_2026,0,0,0,0
742,0,repeated_2026,0,0,0,0
743,1,repeated_2026,1,1,1,1
744,0,repeated_2026,0,0,0,0
745,1,repeated_2026,0,0,0,0
746,0,repeated_2026,0,0,0,0
747,0,repeated_2026,0,0,0,0
748,1,repeated_2026,1,1,1,1
749,0,repeated_2026,0,0,0,0
750,0,repeated_2026,0,0,0,0
751,1,repeated_2026,1,1,1,1
752,1,repeated_2026,1,0,1,1
753,0,repeated_2026,0,0,0,0
754,0,repeated_2026,0,0,0,0
755,1,repeated_2026,1,1,1,1
756,1,repeated_2026,1,1,1,1
757,0,repeated_2026,0,0,0,0
758,0,repeated_2026,0,0,0,0
759,0,repeated_2026,0,0,0,0
760,1,repeated_2026,1,1,1,1
761,0,repeated_2026,0,0,0,0
762,0,repeated_2026,0,0,0,0
763,1,repeated_2026,0,0,0,0
764,1,repeated_2026,1,1,1,1
765,0,repeated_2026,0,0,0,0
766,1,repeated_2026,1,1,1,1
767,0,repeated_2026,0,0,0,0
768,0,repeated_2026,1,0,1,1
769,0,repeated_2026,0,0,0,0
770,0,repeated_2026,0,0,0,0
771,0,repeated_2026,0,0,0,0
772,0,repeated_2026,0,0,0,0
773,0,repeated_2026,1,1,1,1
774,0,repeated_2026,0,0,0,0
775,1,repeated_2026,1,1,1,1
776,0,repeated_2026,0,0,0,0
777,0,repeated_2026,0,0,0,0
778,1,repeated_2026,1,1,1,1
779,0,repeated_2026,0,0,0,0
780,1,repeated_2026,1,1,1,1
781,1,repeated_2026,1,1,1,1
782,1,repeated_2026,1,1,1,1
783,0,repeated_2026,0,1,0,0
784,0,repeated_2026,0,0,0,0
785,0,repeated_2026,0,0,0,0
786,0,repeated_2026,0,0,0,0
787,1,repeated_2026,0,1,1,1
788,0,repeated_2026,0,0,0,0
789,1,repeated_2026,1,0,1,1
790,0,repeated_2026,0,0,0,0
791,0,repeated_2026,0,0,0,0
792,0,repeated_2026,0,0,0,0
793,0,repeated_2026,0,0,0,0
794,0,repeated_2026,0,1,0,0
795,0,repeated_2026,0,0,0,0
796,0,repeated_2026,0,0,0,0
797,1,repeated_2026,1,1,1,1
798,1,repeated_2026,1,1,1,1
799,0,repeated_2026,0,0,0,0
800,0,repeated_2026,0,0,0,0
801,0,repeated_2026,0,0,0,0
802,1,repeated_2026,1,1,1,1
803,1,repeated_2026,1,1,1,1
804,1,repeated_2026,1,0,1,1
805,1,repeated_2026,0,0,0,0
806,0,repeated_2026,0,0,0,0
807,0,repeated_2026,0,0,0,0
808,0,repeated_2026,1,1,1,1
809,0,repeated_2026,0,0,0,0
810,1,repeated_2026,1,1,1,1
811,0,repeated_2026,0,0,0,0
812,0,repeated_2026,0,0,0,0
813,0,repeated_2026,0,0,0,0
814,0,repeated_2026,0,0,0,0
815,0,repeated_2026,0,0,0,0
816,0,repeated_2026,0,0,0,0
817,0,repeated_2026,1,1,1,1
818,0,repeated_2026,0,0,0,0
819,0,repeated_2026,0,0,0,0
820,0,repeated_2026,0,0,0,0
821,1,repeated_2026,1,1,1,1
822,1,repeated_2026,0,0,0,0
823,0,repeated_2026,0,0,0,0
824,1,repeated_2026,1,0,1,1
825,0,repeated_2026,0,0,0,0
826,0,repeated_2026,0,0,0,0
827,0,repeated_2026,0,0,1,0
828,1,repeated_2026,1,0,1,1
829,1,repeated_2026,0,0,0,0
830,1,repeated_2026,1,1,1,1
831,1,repeated_2026,1,1,0,1
832,1,repeated_2026,1,1,1,1
833,0,repeated_2026,0,0,0,0
834,0,repeated_2026,0,0,0,0
835,0,repeated_2026,0,0,0,0
836,1,repeated_2026,1,1,1,1
837,0,repeated_2026,0,0,0,0
838,0,repeated_2026,0,0,0,0
839,1,repeated_2026,0,1,0,0
840,1,repeated_2026,0,0,0,0
841,0,repeated_2026,0,0,0,0
842,0,repeated_2026,0,0,0,0
843,1,repeated_2026,1,1,1,1
844,0,repeated_2026,0,0,0,0
845,0,repeated_2026,0,0,0,0
846,0,repeated_2026,0,0,0,0
847,0,repeated_2026,0,0,0,0
848,0,repeated_2026,0,0,0,0
849,0,repeated_2026,0,0,0,0
850,1,repeated_2026,1,1,1,1
851,0,repeated_2026,0,0,0,0
852,0,repeated_2026,0,0,0,0
853,0,repeated_2026,0,0,0,0
854,1,repeated_2026,1,1,1,1
855,0,repeated_2026,1,1,1,1
856,1,repeated_2026,1,1,1,1
857,1,repeated_2026,1,1,1,1
858,1,repeated_2026,0,0,0,0
859,1,repeated_2026,1,0,1,1
860,0,repeated_2026,0,0,0,0
861,0,repeated_2026,0,0,0,0
862,0,repeated_2026,0,0,0,0
863,1,repeated_2026,1,1,1,1
864,0,repeated_2026,0,0,0,0
865,0,repeated_2026,0,0,0,0
866,1,repeated_2026,1,1,1,1
867,1,repeated_2026,1,1,1,1
868,0,repeated_2026,0,0,0,0
869,0,repeated_2026,0,0,0,0
870,1,repeated_2026,1,1,1,1
871,0,repeated_2026,0,0,0,0
872,1,repeated_2026,1,1,1,1
873,0,repeated_2026,0,0,0,0
874,0,repeated_2026,0,0,0,0
875,1,repeated_2026,1,1,1,1
876,1,repeated_2026,1,1,1,1
877,0,repeated_2026,0,0,0,0
878,0,repeated_2026,0,0,0,0
879,0,repeated_2026,0,0,0,0
880,1,repeated_2026,1,1,1,1
881,1,repeated_2026,1,1,1,1
882,0,repeated_2026,0,0,0,0
883,0,repeated_2026,1,1,1,1
884,0,repeated_2026,0,0,0,0
885,0,repeated_2026,0,0,0,0
886,0,repeated_2026,0,0,0,0
887,0,repeated_2026,0,0,0,0
888,1,repeated_2026,1,1,1,1
889,0,repeated_2026,1,1,1,1
890,1,repeated_2026,0,0,0,0
891,0,repeated_2026,0,0,0,0
1,0,repeated_2901,0,0,0,0
2,1,repeated_2901,1,1,1,1
3,1,repeated_2901,0,1,1,1
4,1,repeated_2901,1,1,1,1
5,0,repeated_2901,0,0,0,0
6,0,repeated_2901,0,0,0,0
7,0,repeated_2901,0,0,0,0
8,0,repeated_2901,0,0,0,0
9,1,repeated_2901,1,1,1,1
10,1,repeated_2901,1,1,1,1
11,1,repeated_2901,1,0,1,1
12,1,repeated_2901,1,1,1,1
13,0,repeated_2901,0,0,0,0
14,0,repeated_2901,0,0,0,0
15,0,repeated_2901,1,1,1,1
16,1,repeated_2901,1,1,1,1
17,0,repeated_2901,0,0,0,0
18,1,repeated_2901,0,0,0,0
19,0,repeated_2901,1,0,0,0
20,1,repeated_2901,1,1,1,1
21,0,repeated_2901,0,0,0,0
22,1,repeated_2901,0,0,0,0
23,1,repeated_2901,1,1,1,1
24,1,repeated_2901,0,0,0,0
25,0,repeated_2901,0,0,0,0
26,1,repeated_2901,0,1,1,1
27,0,repeated_2901,0,0,0,0
28,0,repeated_2901,0,0,0,0
29,1,repeated_2901,1,1,1,1
30,0,repeated_2901,0,0,0,0
31,0,repeated_2901,1,0,0,0
32,1,repeated_2901,1,1,1,1
33,1,repeated_2901,1,1,1,1
34,0,repeated_2901,0,0,0,0
35,0,repeated_2901,0,0,0,0
36,0,repeated_2901,0,0,1,0
37,1,repeated_2901,0,0,0,0
38,0,repeated_2901,0,0,0,0
39,0,repeated_2901,0,0,0,0
40,1,repeated_2901,1,1,1,1
41,0,repeated_2901,1,1,1,1
42,0,repeated_2901,1,1,1,1
43,0,repeated_2901,0,0,0,0
44,1,repeated_2901,1,1,1,1
45,1,repeated_2901,1,1,1,1
46,0,repeated_2901,0,0,0,0
47,0,repeated_2901,0,0,0,0
48,1,repeated_2901,1,1,1,1
49,0,repeated_2901,0,0,0,0
50,0,repeated_2901,1,1,1,1
51,0,repeated_2901,0,0,0,0
52,0,repeated_2901,0,0,0,0
53,1,repeated_2901,1,1,1,1
54,1,repeated_2901,1,1,1,1
55,0,repeated_2901,0,0,0,0
56,1,repeated_2901,0,0,0,0
57,1,repeated_2901,1,1,1,1
58,0,repeated_2901,0,0,0,0
59,1,repeated_2901,1,1,1,1
60,0,repeated_2901,0,0,0,0
61,0,repeated_2901,0,0,0,0
62,1,repeated_2901,1,1,1,1
63,0,repeated_2901,0,0,0,0
64,0,repeated_2901,0,0,0,0
65,0,repeated_2901,0,0,0,0
66,1,repeated_2901,1,0,1,1
67,1,repeated_2901,1,1,1,1
68,0,repeated_2901,0,0,0,0
69,1,repeated_2901,0,1,0,0
70,0,repeated_2901,0,0,0,0
71,0,repeated_2901,0,0,0,0
72,0,repeated_2901,0,0,0,0
73,0,repeated_2901,0,0,0,0
74,0,repeated_2901,0,0,0,0
75,1,repeated_2901,0,1,1,1
76,0,repeated_2901,0,0,0,0
77,0,repeated_2901,0,0,0,0
78,0,repeated_2901,0,0,0,0
79,1,repeated_2901,1,1,1,1
80,1,repeated_2901,1,1,1,1
81,0,repeated_2901,0,0,0,0
82,1,repeated_2901,0,0,0,0
83,1,repeated_2901,1,1,1,1
84,0,repeated_2901,0,0,0,0
85,1,repeated_2901,1,1,1,1
86,1,repeated_2901,1,1,1,1
87,0,repeated_2901,0,0,0,0
88,0,repeated_2901,0,0,0,0
89,1,repeated_2901,1,1,1,1
90,0,repeated_2901,0,0,0,0
91,0,repeated_2901,0,0,0,0
92,0,repeated_2901,0,0,0,0
93,0,repeated_2901,0,0,0,0
94,0,repeated_2901,0,0,0,0
95,0,repeated_2901,0,0,0,0
96,0,repeated_2901,0,0,0,0
97,0,repeated_2901,0,0,0,0
98,1,repeated_2901,0,0,0,0
99,1,repeated_2901,1,1,1,1
100,0,repeated_2901,0,0,0,0
101,0,repeated_2901,0,1,1,1
102,0,repeated_2901,0,0,0,0
103,0,repeated_2901,0,0,0,0
104,0,repeated_2901,0,0,0,0
105,0,repeated_2901,0,0,0,0
106,0,repeated_2901,0,0,0,0
107,1,repeated_2901,0,0,1,0
108,1,repeated_2901,0,0,0,0
109,0,repeated_2901,0,0,0,0
110,1,repeated_2901,1,1,0,1
111,0,repeated_2901,0,0,0,0
112,0,repeated_2901,0,0,0,0
113,0,repeated_2901,0,0,0,0
114,0,repeated_2901,1,0,1,1
115,0,repeated_2901,1,1,1,1
116,0,repeated_2901,0,0,0,0
117,0,repeated_2901,0,0,0,0
118,0,repeated_2901,0,0,0,0
119,0,repeated_2901,1,1,1,1
120,0,repeated_2901,0,0,0,0
121,0,repeated_2901,0,0,0,0
122,0,repeated_2901,0,0,0,0
123,0,repeated_2901,0,0,0,0
124,1,repeated_2901,1,1,1,1
125,0,repeated_2901,0,0,0,0
126,1,repeated_2901,1,1,1,1
127,0,repeated_2901,0,0,0,0
128,1,repeated_2901,0,0,0,0
129,1,repeated_2901,1,1,1,1
130,0,repeated_2901,0,0,0,0
131,0,repeated_2901,0,0,0,0
132,0,repeated_2901,0,0,0,0
133,0,repeated_2901,1,1,1,1
134,1,repeated_2901,1,1,1,1
135,0,repeated_2901,0,0,0,0
136,0,repeated_2901,0,0,0,0
137,1,repeated_2901,1,1,1,1
138,0,repeated_2901,0,0,0,0
139,0,repeated_2901,0,0,0,0
140,0,repeated_2901,0,0,0,0
141,0,repeated_2901,0,0,0,0
142,1,repeated_2901,1,1,1,1
143,1,repeated_2901,1,1,0,1
144,0,repeated_2901,0,0,0,0
145,0,repeated_2901,0,0,0,0
146,0,repeated_2901,0,0,0,0
147,1,repeated_2901,0,0,0,0
148,0,repeated_2901,0,0,0,0
149,0,repeated_2901,0,0,0,0
150,0,repeated_2901,0,0,0,0
151,0,repeated_2901,0,0,0,0
152,1,repeated_2901,1,1,1,1
153,0,repeated_2901,0,0,0,0
154,0,repeated_2901,0,0,0,0
155,0,repeated_2901,0,0,0,0
156,0,repeated_2901,0,0,0,0
157,1,repeated_2901,1,1,1,1
158,0,repeated_2901,0,0,0,0
159,0,repeated_2901,0,0,0,0
160,0,repeated_2901,0,0,0,0
161,0,repeated_2901,0,0,0,0
162,1,repeated_2901,1,1,1,1
163,0,repeated_2901,0,0,0,0
164,0,repeated_2901,0,0,0,0
165,0,repeated_2901,0,0,0,0
166,1,repeated_2901,1,1,1,1
167,1,repeated_2901,1,1,1,1
168,0,repeated_2901,0,0,0,0
169,0,repeated_2901,0,0,0,0
170,0,repeated_2901,0,0,1,0
171,0,repeated_2901,0,0,0,0
172,0,repeated_2901,0,0,0,0
173,1,repeated_2901,1,1,1,1
174,0,repeated_2901,0,0,0,0
175,0,repeated_2901,0,0,0,0
176,0,repeated_2901,0,0,0,0
177,0,repeated_2901,0,0,0,0
178,0,repeated_2901,1,1,1,1
179,0,repeated_2901,0,0,0,0
180,0,repeated_2901,0,0,0,0
181,0,repeated_2901,0,0,0,0
182,0,repeated_2901,0,0,0,0
183,0,repeated_2901,1,1,1,1
184,1,repeated_2901,1,1,1,1
185,1,repeated_2901,1,1,1,1
186,0,repeated_2901,0,0,0,0
187,1,repeated_2901,1,1,0,1
188,1,repeated_2901,0,0,0,0
189,0,repeated_2901,0,0,0,0
190,0,repeated_2901,0,0,0,0
191,1,repeated_2901,1,1,1,1
192,0,repeated_2901,0,0,0,0
193,1,repeated_2901,0,1,1,1
194,1,repeated_2901,1,1,1,1
195,1,repeated_2901,1,1,1,1
196,1,repeated_2901,1,1,1,1
197,0,repeated_2901,0,0,0,0
198,0,repeated_2901,0,0,0,0
199,1,repeated_2901,1,1,1,1
200,0,repeated_2901,1,1,1,1
201,0,repeated_2901,0,0,0,0
202,0,repeated_2901,0,0,0,0
203,0,repeated_2901,0,0,0,0
204,0,repeated_2901,0,0,0,0
205,1,repeated_2901,0,0,0,0
206,0,repeated_2901,0,0,0,0
207,0,repeated_2901,0,0,0,0
208,1,repeated_2901,0,0,0,0
209,1,repeated_2901,1,1,1,1
210,1,repeated_2901,0,0,0,0
211,0,repeated_2901,0,0,0,0
212,1,repeated_2901,1,1,1,1
213,0,repeated_2901,0,0,0,0
214,0,repeated_2901,0,0,0,0
215,0,repeated_2901,0,0,0,0
216,1,repeated_2901,1,1,1,1
217,1,repeated_2901,0,1,1,1
218,0,repeated_2901,0,0,0,0
219,1,repeated_2901,1,1,1,1
220,0,repeated_2901,0,0,0,0
221,1,repeated_2901,0,0,0,0
222,0,repeated_2901,0,0,0,0
223,0,repeated_2901,0,0,0,0
224,0,repeated_2901,0,0,0,0
225,1,repeated_2901,0,0,0,0
226,0,repeated_2901,0,0,0,0
227,1,repeated_2901,0,0,0,0
228,0,repeated_2901,0,0,0,0
229,0,repeated_2901,0,0,0,0
230,0,repeated_2901,0,0,0,0
231,1,repeated_2901,1,1,1,1
232,0,repeated_2901,0,0,0,0
233,0,repeated_2901,0,0,0,0
234,1,repeated_2901,0,1,1,1
235,0,repeated_2901,0,0,0,0
236,0,repeated_2901,1,1,1,1
237,0,repeated_2901,0,0,0,0
238,1,repeated_2901,1,1,1,1
239,0,repeated_2901,0,0,0,0
240,0,repeated_2901,0,0,0,0
241,0,repeated_2901,0,0,0,0
242,1,repeated_2901,1,1,1,1
243,0,repeated_2901,0,0,0,0
244,0,repeated_2901,0,0,0,0
245,0,repeated_2901,0,0,0,0
246,0,repeated_2901,1,0,1,1
247,0,repeated_2901,1,1,1,1
248,1,repeated_2901,1,1,1,1
249,1,repeated_2901,0,0,0,0
250,0,repeated_2901,0,0,0,0
251,0,repeated_2901,0,0,0,0
252,0,repeated_2901,0,0,0,0
253,0,repeated_2901,0,0,0,0
254,0,repeated_2901,0,0,0,0
255,0,repeated_2901,1,1,1,1
256,1,repeated_2901,1,1,1,1
257,1,repeated_2901,1,1,1,1
258,1,repeated_2901,1,1,1,1
259,1,repeated_2901,1,1,1,1
260,1,repeated_2901,1,1,1,1
261,0,repeated_2901,0,0,0,0
262,1,repeated_2901,0,0,1,0
263,0,repeated_2901,0,1,0,0
264,0,repeated_2901,0,0,0,0
265,0,repeated_2901,1,1,1,1
266,0,repeated_2901,0,0,0,0
267,0,repeated_2901,0,0,0,0
268,1,repeated_2901,0,0,0,0
269,1,repeated_2901,1,1,1,1
270,1,repeated_2901,1,1,1,1
271,0,repeated_2901,0,0,0,0
272,1,repeated_2901,0,0,0,0
273,1,repeated_2901,1,1,1,1
274,0,repeated_2901,0,0,0,0
275,1,repeated_2901,1,1,1,1
276,1,repeated_2901,1,1,1,1
277,0,repeated_2901,0,0,0,0
278,0,repeated_2901,0,0,0,0
279,0,repeated_2901,0,0,0,0
280,1,repeated_2901,1,1,1,1
281,0,repeated_2901,0,0,0,0
282,0,repeated_2901,0,0,0,0
283,0,repeated_2901,0,0,0,0
284,1,repeated_2901,0,0,0,0
285,0,repeated_2901,0,0,0,0
286,0,repeated_2901,0,0,0,0
287,1,repeated_2901,0,0,0,0
288,0,repeated_2901,0,0,0,0
289,1,repeated_2901,0,0,0,0
290,1,repeated_2901,1,1,1,1
291,1,repeated_2901,1,1,1,1
292,1,repeated_2901,1,1,1,1
293,0,repeated_2901,0,0,0,0
294,0,repeated_2901,0,0,1,0
295,0,repeated_2901,0,0,0,0
296,0,repeated_2901,0,0,0,0
297,0,repeated_2901,0,0,0,0
298,0,repeated_2901,1,1,1,1
299,1,repeated_2901,0,0,0,0
300,1,repeated_2901,1,1,1,1
301,1,repeated_2901,1,1,1,1
302,1,repeated_2901,0,0,0,0
303,0,repeated_2901,0,0,0,0
304,1,repeated_2901,1,1,1,1
305,0,repeated_2901,0,0,0,0
306,1,repeated_2901,0,0,0,0
307,1,repeated_2901,1,1,1,1
308,1,repeated_2901,1,1,1,1
309,0,repeated_2901,0,0,0,0
310,1,repeated_2901,1,1,1,1
311,1,repeated_2901,1,1,1,1
312,1,repeated_2901,1,1,1,1
313,0,repeated_2901,1,1,1,1
314,0,repeated_2901,0,0,0,0
315,0,repeated_2901,0,0,0,0
316,1,repeated_2901,1,1,1,1
317,1,repeated_2901,1,1,1,1
318,0,repeated_2901,0,0,0,0
319,1,repeated_2901,1,1,1,1
320,1,repeated_2901,1,1,1,1
321,0,repeated_2901,0,0,0,0
322,0,repeated_2901,0,0,0,0
323,1,repeated_2901,1,1,1,1
324,1,repeated_2901,1,1,1,1
325,0,repeated_2901,0,0,0,0
326,1,repeated_2901,1,1,1,1
327,0,repeated_2901,0,0,0,0
328,1,repeated_2901,1,1,1,1
329,1,repeated_2901,1,1,1,1
330,1,repeated_2901,1,1,1,1
331,1,repeated_2901,1,1,1,1
332,0,repeated_2901,0,0,0,0
333,0,repeated_2901,0,0,0,0
334,0,repeated_2901,0,0,0,0
335,1,repeated_2901,1,1,1,1
336,0,repeated_2901,0,0,0,0
337,0,repeated_2901,0,0,1,0
338,1,repeated_2901,1,1,1,1
339,1,repeated_2901,0,0,0,0
340,0,repeated_2901,0,1,0,0
341,1,repeated_2901,1,1,1,1
342,1,repeated_2901,1,1,1,1
343,0,repeated_2901,0,0,0,0
344,0,repeated_2901,0,0,0,0
345,0,repeated_2901,0,0,0,0
346,1,repeated_2901,1,1,1,1
347,1,repeated_2901,1,1,1,1
348,1,repeated_2901,1,1,1,1
349,1,repeated_2901,1,1,1,1
350,0,repeated_2901,0,0,0,0
351,0,repeated_2901,0,0,0,0
352,0,repeated_2901,0,0,0,0
353,0,repeated_2901,0,0,1,0
354,0,repeated_2901,0,0,0,0
355,0,repeated_2901,0,0,0,0
356,0,repeated_2901,0,0,0,0
357,1,repeated_2901,1,1,1,1
358,0,repeated_2901,1,1,1,1
359,1,repeated_2901,1,1,1,1
360,1,repeated_2901,1,1,1,1
361,0,repeated_2901,0,0,0,0
362,0,repeated_2901,0,0,0,0
363,0,repeated_2901,0,0,0,0
364,0,repeated_2901,0,0,0,0
365,0,repeated_2901,0,0,0,0
366,0,repeated_2901,0,0,0,0
367,1,repeated_2901,1,1,1,1
368,1,repeated_2901,1,1,1,1
369,1,repeated_2901,1,1,1,1
370,1,repeated_2901,1,1,1,1
371,1,repeated_2901,0,0,0,0
372,0,repeated_2901,0,0,0,0
373,0,repeated_2901,0,0,0,0
374,0,repeated_2901,0,0,0,0
375,0,repeated_2901,0,0,0,0
376,1,repeated_2901,1,1,1,1
377,1,repeated_2901,0,1,1,1
378,0,repeated_2901,0,0,0,0
379,0,repeated_2901,0,0,0,0
380,0,repeated_2901,0,0,0,0
381,1,repeated_2901,1,1,1,1
382,1,repeated_2901,1,1,1,1
383,0,repeated_2901,0,0,0,0
384,1,repeated_2901,1,1,1,1
385,0,repeated_2901,0,0,0,0
386,0,repeated_2901,0,0,0,0
387,0,repeated_2901,0,0,0,0
388,1,repeated_2901,1,1,1,1
389,0,repeated_2901,0,0,0,0
390,1,repeated_2901,1,1,1,1
391,1,repeated_2901,0,0,0,0
392,1,repeated_2901,0,0,0,0
393,0,repeated_2901,0,0,0,0
394,1,repeated_2901,1,1,1,1
395,1,repeated_2901,1,0,1,1
396,0,repeated_2901,0,0,0,0
397,0,repeated_2901,0,1,0,0
398,0,repeated_2901,0,0,0,0
399,0,repeated_2901,0,0,0,0
400,1,repeated_2901,1,1,1,1
401,1,repeated_2901,0,0,0,0
402,0,repeated_2901,0,0,0,0
403,0,repeated_2901,0,0,1,0
404,0,repeated_2901,0,0,0,0
405,0,repeated_2901,1,1,0,1
406,0,repeated_2901,0,0,0,0
407,0,repeated_2901,0,0,0,0
408,1,repeated_2901,1,1,1,1
409,0,repeated_2901,0,0,0,0
410,0,repeated_2901,0,0,0,0
411,0,repeated_2901,0,0,0,0
412,0,repeated_2901,0,0,0,0
413,1,repeated_2901,1,1,1,1
414,0,repeated_2901,0,0,0,0
415,1,repeated_2901,0,0,0,0
416,0,repeated_2901,1,0,1,1
417,1,repeated_2901,1,1,1,1
418,1,repeated_2901,1,1,1,1
419,0,repeated_2901,0,0,0,0
420,0,repeated_2901,0,0,0,0
421,0,repeated_2901,0,0,0,0
422,0,repeated_2901,0,0,0,0
423,0,repeated_2901,0,0,0,0
424,0,repeated_2901,1,1,1,1
425,0,repeated_2901,0,0,0,0
426,0,repeated_2901,0,0,0,0
427,1,repeated_2901,1,1,1,1
428,1,repeated_2901,1,1,1,1
429,0,repeated_2901,0,0,0,0
430,1,repeated_2901,0,0,0,0
431,1,repeated_2901,0,0,0,0
432,1,repeated_2901,1,1,0,1
433,1,repeated_2901,1,1,1,1
434,0,repeated_2901,0,0,0,0
435,0,repeated_2901,0,0,0,0
436,1,repeated_2901,1,1,1,1
437,0,repeated_2901,0,0,0,0
438,1,repeated_2901,1,1,1,1
439,0,repeated_2901,0,0,0,0
440,0,repeated_2901,0,0,0,0
441,1,repeated_2901,1,1,1,1
442,0,repeated_2901,0,0,0,0
443,0,repeated_2901,0,0,0,0
444,1,repeated_2901,1,1,1,1
445,1,repeated_2901,0,0,0,0
446,1,repeated_2901,1,0,1,1
447,1,repeated_2901,1,1,1,1
448,1,repeated_2901,0,1,0,0
449,1,repeated_2901,1,1,1,1
450,1,repeated_2901,0,0,0,0
451,0,repeated_2901,0,0,0,0
452,0,repeated_2901,0,0,0,0
453,0,repeated_2901,0,0,0,0
454,1,repeated_2901,0,0,0,0
455,0,repeated_2901,0,0,0,0
456,1,repeated_2901,0,0,0,0
457,0,repeated_2901,0,0,0,0
458,1,repeated_2901,1,1,1,1
459,1,repeated_2901,1,1,1,1
460,0,repeated_2901,0,0,0,0
461,1,repeated_2901,0,0,0,0
462,0,repeated_2901,0,0,0,0
463,0,repeated_2901,0,0,0,0
464,0,repeated_2901,0,0,0,0
465,0,repeated_2901,0,0,0,0
466,0,repeated_2901,0,0,0,0
467,0,repeated_2901,0,0,0,0
468,0,repeated_2901,0,0,0,0
469,0,repeated_2901,0,0,0,0
470,1,repeated_2901,1,1,1,1
471,0,repeated_2901,0,0,0,0
472,0,repeated_2901,0,0,0,0
473,1,repeated_2901,1,1,1,1
474,1,repeated_2901,1,1,1,1
475,0,repeated_2901,1,1,1,1
476,0,repeated_2901,0,0,0,0
477,0,repeated_2901,0,0,0,0
478,0,repeated_2901,0,0,0,0
479,0,repeated_2901,0,0,0,0
480,1,repeated_2901,1,1,1,1
481,0,repeated_2901,0,0,0,0
482,0,repeated_2901,0,0,0,0
483,0,repeated_2901,0,0,0,0
484,1,repeated_2901,0,1,0,0
485,1,repeated_2901,0,0,0,0
486,0,repeated_2901,0,0,0,0
487,1,repeated_2901,1,1,1,1
488,0,repeated_2901,0,0,0,0
489,0,repeated_2901,0,0,0,0
490,1,repeated_2901,1,1,1,1
491,0,repeated_2901,0,0,0,0
492,0,repeated_2901,0,0,0,0
493,0,repeated_2901,0,0,0,0
494,0,repeated_2901,0,0,0,0
495,0,repeated_2901,0,0,0,0
496,0,repeated_2901,0,0,0,0
497,1,repeated_2901,1,1,1,1
498,0,repeated_2901,0,0,0,0
499,0,repeated_2901,1,1,1,1
500,0,repeated_2901,0,0,0,0
501,0,repeated_2901,0,0,0,0
502,0,repeated_2901,1,1,1,1
503,0,repeated_2901,1,1,1,1
504,0,repeated_2901,0,1,1,1
505,1,repeated_2901,1,1,1,1
506,0,repeated_2901,0,0,1,0
507,1,repeated_2901,1,1,1,1
508,1,repeated_2901,0,0,0,0
509,0,repeated_2901,0,0,0,0
510,1,repeated_2901,0,0,1,0
511,1,repeated_2901,0,0,0,0
512,0,repeated_2901,0,0,0,0
513,1,repeated_2901,0,1,1,1
514,1,repeated_2901,1,1,1,1
515,0,repeated_2901,0,0,0,0
516,0,repeated_2901,0,0,0,0
517,1,repeated_2901,1,1,1,1
518,0,repeated_2901,0,0,0,0
519,1,repeated_2901,1,1,1,1
520,0,repeated_2901,0,0,0,0
521,1,repeated_2901,1,1,1,1
522,0,repeated_2901,0,0,0,0
523,0,repeated_2901,0,0,0,0
524,1,repeated_2901,1,1,1,1
525,0,repeated_2901,0,0,0,0
526,0,repeated_2901,0,0,0,0
527,1,repeated_2901,1,1,1,1
528,0,repeated_2901,0,0,0,0
529,0,repeated_2901,0,0,0,0
530,0,repeated_2901,0,0,0,0
531,1,repeated_2901,1,1,1,1
532,0,repeated_2901,0,0,0,0
533,0,repeated_2901,0,0,0,0
534,1,repeated_2901,1,1,1,1
535,0,repeated_2901,0,0,0,0
536,1,repeated_2901,1,1,1,1
537,0,repeated_2901,0,1,0,0
538,1,repeated_2901,1,1,1,1
539,0,repeated_2901,0,0,0,0
540,1,repeated_2901,1,1,1,1
541,1,repeated_2901,1,1,1,1
542,0,repeated_2901,0,0,0,0
543,0,repeated_2901,0,0,0,0
544,1,repeated_2901,0,0,0,0
545,0,repeated_2901,0,0,0,0
546,0,repeated_2901,0,0,0,0
547,1,repeated_2901,1,1,1,1
548,1,repeated_2901,0,0,0,0
549,0,repeated_2901,0,0,0,0
550,1,repeated_2901,1,0,1,1
551,1,repeated_2901,0,0,0,0
552,0,repeated_2901,0,0,0,0
553,0,repeated_2901,0,0,0,0
554,1,repeated_2901,0,0,0,0
555,1,repeated_2901,1,1,1,1
556,0,repeated_2901,0,0,0,0
557,1,repeated_2901,1,1,1,1
558,0,repeated_2901,0,0,0,0
559,1,repeated_2901,1,1,1,1
560,1,repeated_2901,1,1,1,1
561,0,repeated_2901,0,0,0,0
562,0,repeated_2901,0,0,0,0
563,0,repeated_2901,0,0,0,0
564,0,repeated_2901,0,0,0,0
565,0,repeated_2901,1,0,1,1
566,0,repeated_2901,0,0,0,0
567,0,repeated_2901,0,0,0,0
568,0,repeated_2901,0,0,0,0
569,0,repeated_2901,0,0,0,0
570,1,repeated_2901,0,0,0,0
571,1,repeated_2901,0,0,0,0
572,1,repeated_2901,1,1,1,1
573,1,repeated_2901,1,1,1,1
574,1,repeated_2901,1,1,1,1
575,0,repeated_2901,0,0,0,0
576,0,repeated_2901,0,0,0,0
577,1,repeated_2901,1,1,1,1
578,1,repeated_2901,1,1,1,1
579,0,repeated_2901,1,1,1,1
580,1,repeated_2901,0,0,0,0
581,1,repeated_2901,1,1,1,1
582,1,repeated_2901,1,1,1,1
583,0,repeated_2901,0,0,0,0
584,0,repeated_2901,0,0,0,0
585,0,repeated_2901,0,0,0,0
586,1,repeated_2901,1,1,1,1
587,0,repeated_2901,0,0,0,0
588,1,repeated_2901,0,0,0,0
589,0,repeated_2901,0,0,0,0
590,0,repeated_2901,0,0,0,0
591,0,repeated_2901,0,0,0,0
592,1,repeated_2901,1,1,1,1
593,0,repeated_2901,0,0,0,0
594,0,repeated_2901,1,1,0,1
595,0,repeated_2901,0,0,0,0
596,0,repeated_2901,0,0,0,0
597,1,repeated_2901,1,1,1,1
598,0,repeated_2901,0,0,0,0
599,0,repeated_2901,0,0,0,0
600,1,repeated_2901,0,0,0,0
601,1,repeated_2901,1,1,1,1
602,0,repeated_2901,0,0,0,0
603,0,repeated_2901,0,0,0,0
604,0,repeated_2901,0,0,0,0
605,1,repeated_2901,0,1,0,0
606,0,repeated_2901,0,0,0,0
607,0,repeated_2901,0,0,0,0
608,1,repeated_2901,0,1,0,0
609,1,repeated_2901,1,1,1,1
610,1,repeated_2901,1,1,1,1
611,0,repeated_2901,0,0,0,0
612,0,repeated_2901,0,0,0,0
613,1,repeated_2901,1,1,1,1
614,0,repeated_2901,0,0,0,0
615,0,repeated_2901,0,0,0,0
616,1,repeated_2901,1,1,1,1
617,0,repeated_2901,0,0,0,0
618,0,repeated_2901,1,1,1,1
619,1,repeated_2901,1,1,1,1
620,0,repeated_2901,0,0,0,0
621,0,repeated_2901,0,0,0,0
622,1,repeated_2901,0,0,0,0
623,1,repeated_2901,0,0,0,0
624,0,repeated_2901,0,0,0,0
625,0,repeated_2901,0,0,0,0
626,0,repeated_2901,0,0,0,0
627,0,repeated_2901,0,0,0,0
628,1,repeated_2901,1,1,1,1
629,0,repeated_2901,0,0,0,0
630,0,repeated_2901,0,0,0,0
631,1,repeated_2901,0,0,0,0
632,0,repeated_2901,0,0,0,0
633,1,repeated_2901,1,1,0,1
634,0,repeated_2901,0,0,0,0
635,0,repeated_2901,0,0,0,0
636,1,repeated_2901,1,1,1,1
637,0,repeated_2901,0,0,0,0
638,0,repeated_2901,0,0,0,0
639,0,repeated_2901,0,0,0,0
640,0,repeated_2901,0,0,0,0
641,0,repeated_2901,0,0,0,0
642,1,repeated_2901,1,1,1,1
643,0,repeated_2901,0,0,0,0
644,1,repeated_2901,0,0,1,0
645,1,repeated_2901,1,1,1,1
646,1,repeated_2901,0,0,1,0
647,0,repeated_2901,0,0,0,0
648,1,repeated_2901,0,0,0,0
649,0,repeated_2901,0,0,0,0
650,1,repeated_2901,0,1,1,1
651,0,repeated_2901,0,0,0,0
652,1,repeated_2901,1,1,1,1
653,0,repeated_2901,0,0,0,0
654,1,repeated_2901,1,1,1,1
655,0,repeated_2901,1,1,1,1
656,0,repeated_2901,0,0,0,0
657,0,repeated_2901,0,0,0,0
658,0,repeated_2901,1,1,0,1
659,0,repeated_2901,0,0,0,0
660,0,repeated_2901,0,0,0,0
661,1,repeated_2901,0,0,0,0
662,0,repeated_2901,0,0,0,0
663,0,repeated_2901,0,0,0,0
664,0,repeated_2901,0,0,0,0
665,1,repeated_2901,0,0,0,0
666,0,repeated_2901,0,0,0,0
667,0,repeated_2901,0,0,0,0
668,0,repeated_2901,0,0,0,0
669,0,repeated_2901,0,0,0,0
670,1,repeated_2901,1,1,1,1
671,1,repeated_2901,1,1,1,1
672,0,repeated_2901,0,0,0,0
673,0,repeated_2901,0,0,0,0
674,1,repeated_2901,0,0,0,0
675,0,repeated_2901,0,0,0,0
676,0,repeated_2901,0,0,0,0
677,0,repeated_2901,0,0,0,0
678,1,repeated_2901,1,1,1,1
679,0,repeated_2901,0,0,0,0
680,1,repeated_2901,0,0,1,0
681,0,repeated_2901,1,0,1,1
682,1,repeated_2901,0,0,1,0
683,0,repeated_2901,0,0,0,0
684,0,repeated_2901,0,0,0,0
685,0,repeated_2901,0,0,0,0
686,0,repeated_2901,0,0,0,0
687,0,repeated_2901,0,0,0,0
688,0,repeated_2901,0,0,0,0
689,0,repeated_2901,0,0,0,0
690,1,repeated_2901,1,1,1,1
691,1,repeated_2901,0,0,1,0
692,1,repeated_2901,1,1,1,1
693,1,repeated_2901,0,0,1,0
694,0,repeated_2901,0,1,0,0
695,0,repeated_2901,0,0,0,0
696,0,repeated_2901,0,0,0,0
697,0,repeated_2901,0,0,0,0
698,1,repeated_2901,1,1,1,1
699,0,repeated_2901,0,0,1,0
700,0,repeated_2901,0,0,0,0
701,1,repeated_2901,1,1,1,1
702,1,repeated_2901,0,1,1,1
703,0,repeated_2901,0,0,0,0
704,0,repeated_2901,0,0,0,0
705,0,repeated_2901,0,0,0,0
706,0,repeated_2901,0,0,0,0
707,1,repeated_2901,1,1,1,1
708,1,repeated_2901,0,0,0,0
709,1,repeated_2901,1,1,1,1
710,1,repeated_2901,1,0,1,1
711,1,repeated_2901,1,1,1,1
712,0,repeated_2901,0,0,0,0
713,1,repeated_2901,0,0,0,0
714,0,repeated_2901,0,0,0,0
715,0,repeated_2901,0,0,0,0
716,0,repeated_2901,0,0,0,0
717,1,repeated_2901,1,1,1,1
718,1,repeated_2901,1,1,1,1
719,0,repeated_2901,0,0,0,0
720,0,repeated_2901,0,0,0,0
721,1,repeated_2901,1,1,1,1
722,0,repeated_2901,0,0,0,0
723,0,repeated_2901,0,0,0,0
724,0,repeated_2901,0,0,0,0
725,1,repeated_2901,0,0,0,0
726,0,repeated_2901,0,0,0,0
727,1,repeated_2901,1,1,1,1
728,1,repeated_2901,1,1,1,1
729,0,repeated_2901,0,0,0,0
730,0,repeated_2901,1,1,1,1
731,1,repeated_2901,1,1,1,1
732,0,repeated_2901,1,0,1,1
733,0,repeated_2901,0,0,0,0
734,0,repeated_2901,0,0,0,0
735,0,repeated_2901,0,0,0,0
736,0,repeated_2901,0,0,0,0
737,0,repeated_2901,0,0,0,0
738,1,repeated_2901,1,0,1,1
739,0,repeated_2901,0,0,0,0
740,0,repeated_2901,0,0,0,0
741,1,repeated_2901,0,0,0,0
742,0,repeated_2901,0,0,0,0
743,1,repeated_2901,1,1,1,1
744,0,repeated_2901,0,0,0,0
745,1,repeated_2901,0,0,0,0
746,0,repeated_2901,1,0,0,0
747,0,repeated_2901,0,0,0,0
748,1,repeated_2901,1,1,1,1
749,0,repeated_2901,0,0,0,0
750,0,repeated_2901,0,0,0,0
751,1,repeated_2901,1,1,1,1
752,1,repeated_2901,1,1,1,1
753,0,repeated_2901,0,0,0,0
754,0,repeated_2901,0,0,0,0
755,1,repeated_2901,1,1,1,1
756,1,repeated_2901,1,1,1,1
757,0,repeated_2901,0,0,0,0
758,0,repeated_2901,0,0,0,0
759,0,repeated_2901,0,0,0,0
760,1,repeated_2901,1,1,1,1
761,0,repeated_2901,0,0,0,0
762,0,repeated_2901,0,0,0,0
763,1,repeated_2901,0,0,0,0
764,1,repeated_2901,1,1,1,1
765,0,repeated_2901,0,0,0,0
766,1,repeated_2901,1,1,1,1
767,0,repeated_2901,0,0,0,0
768,0,repeated_2901,1,1,1,1
769,0,repeated_2901,0,0,0,0
770,0,repeated_2901,0,0,0,0
771,0,repeated_2901,0,0,0,0
772,0,repeated_2901,0,0,0,0
773,0,repeated_2901,1,1,1,1
774,0,repeated_2901,0,0,0,0
775,1,repeated_2901,1,1,1,1
776,0,repeated_2901,0,0,0,0
777,0,repeated_2901,0,0,0,0
778,1,repeated_2901,1,1,1,1
779,0,repeated_2901,0,0,0,0
780,1,repeated_2901,1,1,1,1
781,1,repeated_2901,1,1,1,1
782,1,repeated_2901,1,1,1,1
783,0,repeated_2901,1,1,0,1
784,0,repeated_2901,0,0,0,0
785,0,repeated_2901,0,0,0,0
786,0,repeated_2901,0,0,0,0
787,1,repeated_2901,1,1,1,1
788,0,repeated_2901,0,0,0,0
789,1,repeated_2901,1,0,1,1
790,0,repeated_2901,0,0,0,0
791,0,repeated_2901,0,0,0,0
792,0,repeated_2901,0,0,0,0
793,0,repeated_2901,0,0,0,0
794,0,repeated_2901,0,0,0,0
795,0,repeated_2901,0,0,0,0
796,0,repeated_2901,0,0,0,0
797,1,repeated_2901,1,1,1,1
798,1,repeated_2901,0,0,1,0
799,0,repeated_2901,0,0,0,0
800,0,repeated_2901,0,0,0,0
801,0,repeated_2901,0,0,0,0
802,1,repeated_2901,1,1,1,1
803,1,repeated_2901,1,1,1,1
804,1,repeated_2901,1,0,1,1
805,1,repeated_2901,0,0,0,0
806,0,repeated_2901,0,0,0,0
807,0,repeated_2901,0,0,0,0
808,0,repeated_2901,1,1,1,1
809,0,repeated_2901,0,0,0,0
810,1,repeated_2901,1,1,1,1
811,0,repeated_2901,0,0,0,0
812,0,repeated_2901,0,0,0,0
813,0,repeated_2901,0,0,0,0
814,0,repeated_2901,0,0,0,0
815,0,repeated_2901,0,0,0,0
816,0,repeated_2901,0,0,0,0
817,0,repeated_2901,0,1,1,1
818,0,repeated_2901,0,0,0,0
819,0,repeated_2901,0,0,0,0
820,0,repeated_2901,0,0,0,0
821,1,repeated_2901,1,1,1,1
822,1,repeated_2901,0,0,0,0
823,0,repeated_2901,0,0,0,0
824,1,repeated_2901,1,1,1,1
825,0,repeated_2901,0,0,0,0
826,0,repeated_2901,0,0,0,0
827,0,repeated_2901,0,0,1,0
828,1,repeated_2901,1,0,1,1
829,1,repeated_2901,0,0,0,0
830,1,repeated_2901,1,1,1,1
831,1,repeated_2901,1,1,0,1
832,1,repeated_2901,1,1,1,1
833,0,repeated_2901,0,0,0,0
834,0,repeated_2901,0,0,0,0
835,0,repeated_2901,0,0,0,0
836,1,repeated_2901,1,1,1,1
837,0,repeated_2901,0,0,0,0
838,0,repeated_2901,0,0,0,0
839,1,repeated_2901,0,0,0,0
840,1,repeated_2901,0,0,0,0
841,0,repeated_2901,0,0,0,0
842,0,repeated_2901,0,0,0,0
843,1,repeated_2901,1,1,1,1
844,0,repeated_2901,0,0,0,0
845,0,repeated_2901,0,0,0,0
846,0,repeated_2901,0,0,0,0
847,0,repeated_2901,0,0,0,0
848,0,repeated_2901,0,0,0,0
849,0,repeated_2901,0,0,0,0
850,1,repeated_2901,1,1,1,1
851,0,repeated_2901,0,0,0,0
852,0,repeated_2901,0,0,0,0
853,0,repeated_2901,0,0,0,0
854,1,repeated_2901,1,1,1,1
855,0,repeated_2901,1,1,1,1
856,1,repeated_2901,1,1,1,1
857,1,repeated_2901,1,1,1,1
858,1,repeated_2901,0,0,0,0
859,1,repeated_2901,1,1,1,1
860,0,repeated_2901,0,0,0,0
861,0,repeated_2901,0,0,0,0
862,0,repeated_2901,0,0,0,0
863,1,repeated_2901,1,1,1,1
864,0,repeated_2901,0,0,0,0
865,0,repeated_2901,0,0,0,0
866,1,repeated_2901,1,1,1,1
867,1,repeated_2901,1,1,1,1
868,0,repeated_2901,0,0,0,0
869,0,repeated_2901,0,0,0,0
870,1,repeated_2901,1,1,1,1
871,0,repeated_2901,0,0,0,0
872,1,repeated_2901,1,1,1,1
873,0,repeated_2901,0,0,0,0
874,0,repeated_2901,0,0,0,0
875,1,repeated_2901,1,1,1,1
876,1,repeated_2901,1,1,1,1
877,0,repeated_2901,0,0,0,0
878,0,repeated_2901,0,0,0,0
879,0,repeated_2901,0,0,0,0
880,1,repeated_2901,1,1,1,1
881,1,repeated_2901,1,1,1,1
882,0,repeated_2901,0,0,0,0
883,0,repeated_2901,1,1,1,1
884,0,repeated_2901,0,0,0,0
885,0,repeated_2901,0,0,0,0
886,0,repeated_2901,0,0,0,0
887,0,repeated_2901,0,0,0,0
888,1,repeated_2901,1,1,1,1
889,0,repeated_2901,1,1,1,1
890,1,repeated_2901,0,0,0,0
891,0,repeated_2901,0,0,0,0
17,0,pseudo_0,0,0,0,0
18,1,pseudo_0,0,0,0,0
19,0,pseudo_0,1,0,0,0
32,1,pseudo_0,1,1,1,1
46,0,pseudo_0,0,0,0,0
47,0,pseudo_0,0,0,0,0
48,1,pseudo_0,1,1,1,1
63,0,pseudo_0,0,0,0,0
65,0,pseudo_0,0,0,0,0
70,0,pseudo_0,0,0,0,0
75,1,pseudo_0,0,0,0,0
79,1,pseudo_0,1,1,1,1
85,1,pseudo_0,1,1,1,1
86,1,pseudo_0,1,1,0,1
87,0,pseudo_0,0,0,0,0
88,0,pseudo_0,0,0,0,0
96,0,pseudo_0,0,0,0,0
116,0,pseudo_0,0,0,0,0
117,0,pseudo_0,0,0,0,0
119,0,pseudo_0,1,1,1,1
130,0,pseudo_0,0,0,0,0
145,0,pseudo_0,0,0,0,0
150,0,pseudo_0,0,0,0,0
151,0,pseudo_0,0,0,0,0
158,0,pseudo_0,0,0,0,0
160,0,pseudo_0,0,0,0,0
163,0,pseudo_0,0,0,0,0
176,0,pseudo_0,0,0,0,0
181,0,pseudo_0,0,0,0,0
182,0,pseudo_0,0,0,0,0
186,0,pseudo_0,0,0,0,0
191,1,pseudo_0,1,1,1,1
205,1,pseudo_0,0,0,0,0
212,1,pseudo_0,1,1,1,1
214,0,pseudo_0,0,0,0,0
217,1,pseudo_0,0,1,0,0
223,0,pseudo_0,0,0,0,0
224,0,pseudo_0,0,0,0,0
234,1,pseudo_0,1,1,1,1
236,0,pseudo_0,1,1,1,1
237,0,pseudo_0,0,0,0,0
239,0,pseudo_0,0,0,0,0
252,0,pseudo_0,0,0,0,0
264,0,pseudo_0,0,0,0,0
272,1,pseudo_0,0,0,0,0
273,1,pseudo_0,1,1,1,1
279,0,pseudo_0,0,0,0,0
280,1,pseudo_0,1,1,0,1
281,0,pseudo_0,0,0,0,0
292,1,pseudo_0,1,1,1,1
299,1,pseudo_0,0,0,0,0
310,1,pseudo_0,1,1,1,1
311,1,pseudo_0,1,1,1,1
312,1,pseudo_0,1,1,1,1
313,0,pseudo_0,1,1,1,1
315,0,pseudo_0,0,0,0,0
316,1,pseudo_0,0,1,1,1
317,1,pseudo_0,1,1,1,1
320,1,pseudo_0,1,1,1,1
325,0,pseudo_0,0,0,0,0
329,1,pseudo_0,1,1,1,1
334,0,pseudo_0,0,0,0,0
336,0,pseudo_0,0,0,0,0
337,0,pseudo_0,0,0,1,0
352,0,pseudo_0,0,0,0,0
361,0,pseudo_0,0,0,0,0
363,0,pseudo_0,0,0,0,0
367,1,pseudo_0,1,1,1,1
375,0,pseudo_0,0,0,0,0
377,1,pseudo_0,0,1,1,1
378,0,pseudo_0,0,0,1,0
379,0,pseudo_0,0,0,0,0
381,1,pseudo_0,1,1,1,1
382,1,pseudo_0,1,1,1,1
390,1,pseudo_0,1,1,1,1
391,1,pseudo_0,0,0,0,0
401,1,pseudo_0,0,0,0,0
408,1,pseudo_0,1,1,1,1
410,0,pseudo_0,0,0,0,0
411,0,pseudo_0,0,0,0,0
413,1,pseudo_0,1,1,1,1
415,1,pseudo_0,0,0,0,0
418,1,pseudo_0,1,1,1,1
423,0,pseudo_0,0,0,0,0
426,0,pseudo_0,0,0,0,0
430,1,pseudo_0,0,0,0,0
433,1,pseudo_0,1,1,1,1
436,1,pseudo_0,1,1,1,1
437,0,pseudo_0,0,0,0,0
450,1,pseudo_0,0,0,0,0
452,0,pseudo_0,0,0,0,0
454,1,pseudo_0,0,0,0,0
455,0,pseudo_0,0,0,0,0
458,1,pseudo_0,1,1,1,1
459,1,pseudo_0,1,1,1,1
462,0,pseudo_0,0,0,0,0
463,0,pseudo_0,0,0,0,0
472,0,pseudo_0,0,0,0,0
473,1,pseudo_0,1,1,1,1
477,0,pseudo_0,0,0,0,0
478,0,pseudo_0,0,0,0,0
482,0,pseudo_0,0,0,0,0
483,0,pseudo_0,0,0,0,0
484,1,pseudo_0,0,1,0,0
488,0,pseudo_0,0,0,0,0
490,1,pseudo_0,1,1,1,1
494,0,pseudo_0,0,0,0,0
497,1,pseudo_0,1,1,1,1
509,0,pseudo_0,0,0,0,0
510,1,pseudo_0,0,0,0,0
514,1,pseudo_0,1,1,1,1
516,0,pseudo_0,0,0,0,0
541,1,pseudo_0,1,1,1,1
544,1,pseudo_0,0,0,0,0
552,0,pseudo_0,0,0,0,0
557,1,pseudo_0,1,1,1,1
573,1,pseudo_0,1,1,1,1
575,0,pseudo_0,0,0,0,0
576,0,pseudo_0,0,0,0,0
583,0,pseudo_0,0,0,0,0
586,1,pseudo_0,1,1,1,1
588,1,pseudo_0,0,0,0,0
590,0,pseudo_0,0,0,0,0
598,0,pseudo_0,0,0,0,0
599,0,pseudo_0,0,0,0,0
604,0,pseudo_0,0,0,0,0
608,1,pseudo_0,0,1,0,0
610,1,pseudo_0,1,1,1,1
615,0,pseudo_0,0,0,0,0
616,1,pseudo_0,1,1,1,1
624,0,pseudo_0,0,0,0,0
628,1,pseudo_0,1,1,1,1
629,0,pseudo_0,0,0,0,0
632,0,pseudo_0,0,0,0,0
636,1,pseudo_0,1,1,1,1
639,0,pseudo_0,0,0,0,0
642,1,pseudo_0,1,1,1,1
643,0,pseudo_0,0,0,0,0
649,0,pseudo_0,0,0,0,0
651,0,pseudo_0,0,0,0,0
652,1,pseudo_0,1,1,1,1
660,0,pseudo_0,0,0,0,0
667,0,pseudo_0,0,0,0,0
675,0,pseudo_0,0,0,0,0
677,0,pseudo_0,0,0,0,0
681,0,pseudo_0,1,0,1,1
683,0,pseudo_0,0,0,0,0
695,0,pseudo_0,0,0,0,0
699,0,pseudo_0,0,0,1,0
712,0,pseudo_0,0,0,0,0
714,0,pseudo_0,0,0,0,0
720,0,pseudo_0,0,0,0,0
726,0,pseudo_0,0,0,0,0
728,1,pseudo_0,1,1,1,1
729,0,pseudo_0,0,0,0,0
751,1,pseudo_0,1,1,1,1
756,1,pseudo_0,1,1,1,1
770,0,pseudo_0,0,0,0,0
773,0,pseudo_0,1,1,1,1
800,0,pseudo_0,0,0,0,0
807,0,pseudo_0,0,0,0,0
813,0,pseudo_0,0,0,0,0
822,1,pseudo_0,0,0,0,0
828,1,pseudo_0,1,0,1,1
834,0,pseudo_0,0,0,0,0
835,0,pseudo_0,0,0,0,0
838,0,pseudo_0,0,0,0,0
847,0,pseudo_0,0,0,0,0
849,0,pseudo_0,0,0,0,0
850,1,pseudo_0,1,1,1,1
852,0,pseudo_0,0,0,0,0
854,1,pseudo_0,1,1,1,1
857,1,pseudo_0,1,1,1,1
869,0,pseudo_0,0,0,0,0
876,1,pseudo_0,1,1,1,1
878,0,pseudo_0,0,0,0,0
882,0,pseudo_0,0,0,0,0
886,0,pseudo_0,0,0,0,0
1,0,pseudo_1,0,0,0,0
6,0,pseudo_1,0,0,0,0
7,0,pseudo_1,0,0,0,0
9,1,pseudo_1,1,1,1,1
11,1,pseudo_1,1,1,1,1
14,0,pseudo_1,0,0,0,0
21,0,pseudo_1,0,0,0,0
27,0,pseudo_1,0,0,0,0
30,0,pseudo_1,0,0,0,0
32,1,pseudo_1,1,1,1,1
34,0,pseudo_1,0,0,0,0
36,0,pseudo_1,0,0,0,0
39,0,pseudo_1,1,0,0,0
46,0,pseudo_1,0,0,0,0
49,0,pseudo_1,0,0,0,0
50,0,pseudo_1,1,1,0,1
51,0,pseudo_1,0,0,0,0
54,1,pseudo_1,1,1,1,1
61,0,pseudo_1,0,0,0,0
64,0,pseudo_1,0,0,0,0
65,0,pseudo_1,0,0,0,0
70,0,pseudo_1,0,0,0,0
78,0,pseudo_1,0,0,0,0
80,1,pseudo_1,0,1,1,1
88,0,pseudo_1,0,0,0,0
92,0,pseudo_1,0,0,0,0
101,0,pseudo_1,0,1,1,1
108,1,pseudo_1,0,0,0,0
110,1,pseudo_1,1,1,0,1
111,0,pseudo_1,0,0,0,0
117,0,pseudo_1,0,0,0,0
121,0,pseudo_1,0,0,0,0
125,0,pseudo_1,0,0,0,0
138,0,pseudo_1,0,0,1,0
142,1,pseudo_1,1,1,1,1
143,1,pseudo_1,1,1,0,1
150,0,pseudo_1,0,0,0,0
153,0,pseudo_1,0,0,0,0
168,0,pseudo_1,0,0,0,0
171,0,pseudo_1,0,0,0,0
172,0,pseudo_1,0,0,0,0
181,0,pseudo_1,0,0,0,0
191,1,pseudo_1,1,1,1,1
192,0,pseudo_1,0,0,0,0
209,1,pseudo_1,1,1,1,1
217,1,pseudo_1,0,1,1,1
218,0,pseudo_1,0,0,0,0
221,1,pseudo_1,0,0,0,0
232,0,pseudo_1,0,0,0,0
236,0,pseudo_1,1,1,1,1
239,0,pseudo_1,0,0,0,0
253,0,pseudo_1,0,0,0,0
259,1,pseudo_1,1,1,1,1
261,0,pseudo_1,0,0,0,0
268,1,pseudo_1,0,0,0,0
277,0,pseudo_1,0,1,1,1
283,0,pseudo_1,0,0,0,0
285,0,pseudo_1,0,0,0,0
289,1,pseudo_1,0,0,0,0
306,1,pseudo_1,0,0,0,0
311,1,pseudo_1,1,1,1,1
317,1,pseudo_1,1,1,1,1
321,0,pseudo_1,0,0,0,0
326,1,pseudo_1,1,1,1,1
330,1,pseudo_1,1,1,1,1
333,0,pseudo_1,0,0,0,0
337,0,pseudo_1,0,0,1,0
342,1,pseudo_1,1,1,1,1
344,0,pseudo_1,0,0,0,0
345,0,pseudo_1,0,0,0,0
351,0,pseudo_1,0,0,0,0
367,1,pseudo_1,1,1,1,1
371,1,pseudo_1,1,0,1,1
380,0,pseudo_1,0,0,0,0
382,1,pseudo_1,1,1,1,1
384,1,pseudo_1,1,1,1,1
391,1,pseudo_1,0,0,0,0
396,0,pseudo_1,0,0,0,0
398,0,pseudo_1,0,0,0,0
399,0,pseudo_1,0,0,0,0
409,0,pseudo_1,0,0,0,0
411,0,pseudo_1,0,0,0,0
414,0,pseudo_1,0,0,0,0
416,0,pseudo_1,1,0,1,1
423,0,pseudo_1,0,1,0,0
428,1,pseudo_1,1,1,1,1
436,1,pseudo_1,1,1,1,1
445,1,pseudo_1,0,0,0,0
447,1,pseudo_1,1,1,1,1
463,0,pseudo_1,0,0,0,0
471,0,pseudo_1,0,0,0,0
473,1,pseudo_1,1,1,1,1
475,0,pseudo_1,1,1,1,1
477,0,pseudo_1,0,0,0,0
482,0,pseudo_1,0,0,0,0
490,1,pseudo_1,1,1,1,1
491,0,pseudo_1,0,0,0,0
515,0,pseudo_1,0,0,0,0
517,1,pseudo_1,1,1,1,1
524,1,pseudo_1,1,1,1,1
528,0,pseudo_1,0,0,0,0
530,0,pseudo_1,0,0,0,0
531,1,pseudo_1,1,1,1,1
532,0,pseudo_1,0,0,0,0
533,0,pseudo_1,0,0,0,0
540,1,pseudo_1,1,1,1,1
541,1,pseudo_1,1,1,1,1
542,0,pseudo_1,0,0,0,0
547,1,pseudo_1,1,1,1,1
553,0,pseudo_1,0,0,0,0
554,1,pseudo_1,0,0,0,0
560,1,pseudo_1,1,1,1,1
580,1,pseudo_1,0,0,0,0
582,1,pseudo_1,1,1,1,1
583,0,pseudo_1,0,0,0,0
584,0,pseudo_1,0,0,0,0
592,1,pseudo_1,1,1,1,1
593,0,pseudo_1,0,0,0,0
596,0,pseudo_1,0,0,0,0
602,0,pseudo_1,0,0,0,0
605,1,pseudo_1,0,1,0,0
610,1,pseudo_1,1,1,1,1
612,0,pseudo_1,0,0,0,0
618,0,pseudo_1,1,1,0,1
626,0,pseudo_1,0,0,0,0
636,1,pseudo_1,1,1,1,1
639,0,pseudo_1,0,0,0,0
640,0,pseudo_1,0,0,0,0
641,0,pseudo_1,0,0,0,0
646,1,pseudo_1,0,0,0,0
653,0,pseudo_1,0,0,0,0
655,0,pseudo_1,1,1,1,1
659,0,pseudo_1,0,0,0,0
665,1,pseudo_1,0,0,0,0
666,0,pseudo_1,0,0,0,0
677,0,pseudo_1,0,0,0,0
679,0,pseudo_1,0,0,0,0
688,0,pseudo_1,0,0,0,0
690,1,pseudo_1,1,1,1,1
693,1,pseudo_1,0,0,0,0
701,1,pseudo_1,1,1,1,1
704,0,pseudo_1,0,0,0,0
705,0,pseudo_1,0,0,0,0
707,1,pseudo_1,1,1,1,1
709,1,pseudo_1,0,0,1,0
714,0,pseudo_1,0,0,0,0
719,0,pseudo_1,0,0,0,0
722,0,pseudo_1,0,0,0,0
723,0,pseudo_1,0,0,0,0
726,0,pseudo_1,0,0,0,0
733,0,pseudo_1,0,0,0,0
747,0,pseudo_1,0,0,0,0
754,0,pseudo_1,0,0,0,0
757,0,pseudo_1,0,0,0,0
766,1,pseudo_1,1,1,1,1
775,1,pseudo_1,1,1,1,1
780,1,pseudo_1,1,1,1,1
783,0,pseudo_1,1,1,1,1
784,0,pseudo_1,0,0,0,0
791,0,pseudo_1,0,0,0,0
793,0,pseudo_1,0,0,0,0
794,0,pseudo_1,0,0,0,0
796,0,pseudo_1,0,0,0,0
798,1,pseudo_1,1,0,1,1
808,0,pseudo_1,1,1,1,1
810,1,pseudo_1,1,1,1,1
829,1,pseudo_1,0,0,0,0
836,1,pseudo_1,1,1,1,1
850,1,pseudo_1,1,1,1,1
862,0,pseudo_1,0,0,0,0
866,1,pseudo_1,1,1,1,1
869,0,pseudo_1,0,0,0,0
870,1,pseudo_1,1,1,1,1
871,0,pseudo_1,0,0,0,0
873,0,pseudo_1,0,0,0,0
875,1,pseudo_1,1,1,1,1
886,0,pseudo_1,0,0,0,0
888,1,pseudo_1,1,1,1,1
8,0,pseudo_2,0,0,0,0
28,0,pseudo_2,0,0,1,0
50,0,pseudo_2,1,1,0,1
55,0,pseudo_2,0,0,0,0
57,1,pseudo_2,1,1,1,1
62,1,pseudo_2,1,1,1,1
71,0,pseudo_2,0,0,0,0
72,0,pseudo_2,0,0,0,0
77,0,pseudo_2,0,0,0,0
88,0,pseudo_2,0,0,0,0
89,1,pseudo_2,1,1,1,1
107,1,pseudo_2,0,1,1,1
114,0,pseudo_2,0,0,0,0
116,0,pseudo_2,0,0,0,0
132,0,pseudo_2,0,0,0,0
133,0,pseudo_2,1,1,1,1
134,1,pseudo_2,1,1,1,1
142,1,pseudo_2,0,1,1,1
143,1,pseudo_2,1,1,0,1
145,0,pseudo_2,0,0,0,0
146,0,pseudo_2,0,0,0,0
147,1,pseudo_2,0,0,0,0
150,0,pseudo_2,0,0,0,0
151,0,pseudo_2,0,0,0,0
158,0,pseudo_2,0,0,0,0
160,0,pseudo_2,0,0,0,0
161,0,pseudo_2,0,0,0,0
162,1,pseudo_2,1,1,1,1
163,0,pseudo_2,0,0,0,0
168,0,pseudo_2,0,0,0,0
169,0,pseudo_2,0,0,0,0
179,0,pseudo_2,0,0,0,0
184,1,pseudo_2,1,1,1,1
188,1,pseudo_2,0,0,0,0
191,1,pseudo_2,1,1,1,1
192,0,pseudo_2,0,0,0,0
202,0,pseudo_2,0,0,0,0
209,1,pseudo_2,1,1,1,1
212,1,pseudo_2,1,1,1,1
214,0,pseudo_2,0,0,0,0
218,0,pseudo_2,0,0,0,0
222,0,pseudo_2,0,0,0,0
224,0,pseudo_2,0,0,0,0
228,0,pseudo_2,0,0,0,0
236,0,pseudo_2,1,1,1,1
242,1,pseudo_2,1,0,1,1
244,0,pseudo_2,0,0,0,0
251,0,pseudo_2,0,0,0,0
269,1,pseudo_2,1,1,1,1
271,0,pseudo_2,0,0,0,0
276,1,pseudo_2,1,1,1,1
278,0,pseudo_2,0,0,0,0
279,0,pseudo_2,0,0,0,0
287,1,pseudo_2,0,0,0,0
291,1,pseudo_2,1,1,1,1
292,1,pseudo_2,1,1,1,1
293,0,pseudo_2,0,0,0,0
296,0,pseudo_2,0,0,0,0
297,0,pseudo_2,0,0,0,0
300,1,pseudo_2,1,1,1,1
301,1,pseudo_2,1,1,1,1
302,1,pseudo_2,0,0,0,0
303,0,pseudo_2,0,0,0,0
306,1,pseudo_2,0,0,0,0
309,0,pseudo_2,0,0,0,0
311,1,pseudo_2,1,1,1,1
314,0,pseudo_2,0,0,0,0
318,0,pseudo_2,0,0,0,0
320,1,pseudo_2,1,1,1,1
321,0,pseudo_2,0,0,0,0
324,1,pseudo_2,1,1,1,1
329,1,pseudo_2,1,1,1,1
333,0,pseudo_2,0,0,1,0
336,0,pseudo_2,0,0,0,0
338,1,pseudo_2,1,1,1,1
346,1,pseudo_2,1,1,1,1
371,1,pseudo_2,0,0,0,0
376,1,pseudo_2,1,1,1,1
385,0,pseudo_2,0,0,0,0
389,0,pseudo_2,0,0,0,0
412,0,pseudo_2,0,0,0,0
423,0,pseudo_2,0,0,0,0
426,0,pseudo_2,0,0,0,0
430,1,pseudo_2,0,0,0,0
439,0,pseudo_2,0,0,0,0
441,1,pseudo_2,1,1,1,1
443,0,pseudo_2,0,0,0,0
448,1,pseudo_2,0,1,0,0
452,0,pseudo_2,0,0,0,0
463,0,pseudo_2,0,0,0,0
464,0,pseudo_2,0,0,0,0
465,0,pseudo_2,0,0,0,0
469,0,pseudo_2,0,0,0,0
470,1,pseudo_2,1,1,1,1
479,0,pseudo_2,0,0,0,0
483,0,pseudo_2,0,0,0,0
494,0,pseudo_2,0,0,0,0
495,0,pseudo_2,0,0,0,0
503,0,pseudo_2,1,1,1,1
509,0,pseudo_2,0,0,0,0
519,1,pseudo_2,1,1,1,1
521,1,pseudo_2,1,1,1,1
522,0,pseudo_2,0,0,0,0
530,0,pseudo_2,0,0,0,0
531,1,pseudo_2,1,1,1,1
543,0,pseudo_2,0,0,0,0
545,0,pseudo_2,0,0,0,0
550,1,pseudo_2,1,0,1,1
554,1,pseudo_2,0,0,0,0
556,0,pseudo_2,0,0,0,0
566,0,pseudo_2,0,0,0,0
568,0,pseudo_2,0,0,0,0
584,0,pseudo_2,0,0,0,0
585,0,pseudo_2,0,0,0,0
588,1,pseudo_2,0,0,0,0
595,0,pseudo_2,0,0,0,0
596,0,pseudo_2,0,0,0,0
606,0,pseudo_2,0,0,0,0
608,1,pseudo_2,0,1,0,0
609,1,pseudo_2,1,1,1,1
613,1,pseudo_2,1,0,1,1
614,0,pseudo_2,0,0,0,0
625,0,pseudo_2,0,0,0,0
635,0,pseudo_2,0,0,0,0
640,0,pseudo_2,0,0,0,0
650,1,pseudo_2,1,1,1,1
651,0,pseudo_2,0,0,0,0
654,1,pseudo_2,1,1,1,1
661,1,pseudo_2,0,0,0,0
665,1,pseudo_2,0,0,0,0
666,0,pseudo_2,0,0,0,0
676,0,pseudo_2,0,0,0,0
678,1,pseudo_2,1,1,1,1
680,1,pseudo_2,0,0,1,0
697,0,pseudo_2,0,0,0,0
698,1,pseudo_2,1,1,1,1
708,1,pseudo_2,0,0,0,0
709,1,pseudo_2,0,0,1,0
713,1,pseudo_2,0,0,0,0
714,0,pseudo_2,0,0,0,0
717,1,pseudo_2,1,1,1,1
718,1,pseudo_2,1,1,1,1
730,0,pseudo_2,0,1,1,1
733,0,pseudo_2,0,0,0,0
737,0,pseudo_2,0,0,0,0
739,0,pseudo_2,0,0,0,0
740,0,pseudo_2,0,0,0,0
743,1,pseudo_2,1,1,1,1
747,0,pseudo_2,0,0,0,0
752,1,pseudo_2,1,1,1,1
753,0,pseudo_2,0,0,0,0
760,1,pseudo_2,1,1,1,1
767,0,pseudo_2,0,0,0,0
772,0,pseudo_2,0,0,0,0
773,0,pseudo_2,1,1,1,1
783,0,pseudo_2,1,1,0,1
786,0,pseudo_2,0,0,0,0
794,0,pseudo_2,0,0,0,0
799,0,pseudo_2,0,0,0,0
802,1,pseudo_2,1,1,1,1
803,1,pseudo_2,1,1,1,1
804,1,pseudo_2,1,0,1,1
813,0,pseudo_2,0,0,0,0
822,1,pseudo_2,0,0,0,0
828,1,pseudo_2,1,0,1,1
831,1,pseudo_2,1,1,0,1
837,0,pseudo_2,0,0,0,0
846,0,pseudo_2,0,0,0,0
855,0,pseudo_2,1,1,1,1
856,1,pseudo_2,1,1,1,1
862,0,pseudo_2,0,0,0,0
864,0,pseudo_2,0,0,0,0
868,0,pseudo_2,0,0,0,0
872,1,pseudo_2,1,1,1,1
877,0,pseudo_2,0,0,0,0
883,0,pseudo_2,0,1,1,1
889,0,pseudo_2,1,1,0,1
890,1,pseudo_2,1,1,0,1
1,0,pseudo_3,0,0,0,0
8,0,pseudo_3,0,0,0,0
13,0,pseudo_3,0,0,0,0
18,1,pseudo_3,0,0,0,0
22,1,pseudo_3,0,0,0,0
27,0,pseudo_3,0,0,0,0
32,1,pseudo_3,1,1,1,1
39,0,pseudo_3,0,0,0,0
41,0,pseudo_3,1,1,1,1
45,1,pseudo_3,1,1,1,1
46,0,pseudo_3,0,0,0,0
49,0,pseudo_3,0,0,0,0
53,1,pseudo_3,1,1,1,1
58,0,pseudo_3,0,0,0,0
62,1,pseudo_3,1,1,1,1
71,0,pseudo_3,0,0,0,0
75,1,pseudo_3,0,1,1,1
77,0,pseudo_3,0,0,0,0
78,0,pseudo_3,0,0,0,0
86,1,pseudo_3,1,1,1,1
89,1,pseudo_3,1,1,1,1
99,1,pseudo_3,1,1,1,1
109,0,pseudo_3,0,0,0,0
129,1,pseudo_3,1,1,1,1
133,0,pseudo_3,1,1,1,1
143,1,pseudo_3,1,1,0,1
152,1,pseudo_3,1,1,1,1
153,0,pseudo_3,0,0,0,0
156,0,pseudo_3,0,0,0,0
165,0,pseudo_3,0,0,0,0
168,0,pseudo_3,0,0,0,0
169,0,pseudo_3,0,0,0,0
170,0,pseudo_3,0,0,1,0
176,0,pseudo_3,0,0,0,0
177,0,pseudo_3,0,0,0,0
180,0,pseudo_3,0,0,0,0
181,0,pseudo_3,0,0,0,0
186,0,pseudo_3,0,0,0,0
190,0,pseudo_3,0,0,0,0
191,1,pseudo_3,1,1,1,1
195,1,pseudo_3,1,1,1,1
204,0,pseudo_3,0,0,0,0
207,0,pseudo_3,0,0,0,0
209,1,pseudo_3,1,1,1,1
224,0,pseudo_3,0,0,0,0
229,0,pseudo_3,0,0,0,0
232,0,pseudo_3,0,0,0,0
239,0,pseudo_3,0,0,0,0
240,0,pseudo_3,0,0,0,0
246,0,pseudo_3,1,0,1,1
248,1,pseudo_3,1,1,1,1
249,1,pseudo_3,0,0,0,0
250,0,pseudo_3,0,0,0,0
253,0,pseudo_3,0,0,0,0
255,0,pseudo_3,1,1,0,1
269,1,pseudo_3,1,1,1,1
272,1,pseudo_3,0,0,0,0
277,0,pseudo_3,0,0,1,0
279,0,pseudo_3,0,0,0,0
300,1,pseudo_3,1,1,1,1
305,0,pseudo_3,0,0,0,0
306,1,pseudo_3,0,0,0,0
308,1,pseudo_3,1,1,1,1
318,0,pseudo_3,0,0,0,0
319,1,pseudo_3,1,1,1,1
326,1,pseudo_3,1,1,1,1
327,0,pseudo_3,0,0,0,0
329,1,pseudo_3,1,1,1,1
330,1,pseudo_3,1,1,1,1
332,0,pseudo_3,0,0,0,0
334,0,pseudo_3,0,0,0,0
351,0,pseudo_3,0,0,0,0
353,0,pseudo_3,0,0,0,0
361,0,pseudo_3,0,0,0,0
365,0,pseudo_3,0,0,0,0
369,1,pseudo_3,1,1,1,1
373,0,pseudo_3,0,0,0,0
376,1,pseudo_3,1,1,1,1
377,1,pseudo_3,0,1,1,1
379,0,pseudo_3,0,0,0,0
382,1,pseudo_3,1,1,1,1
383,0,pseudo_3,0,0,0,0
385,0,pseudo_3,0,0,0,0
386,0,pseudo_3,0,0,0,0
391,1,pseudo_3,0,0,0,0
393,0,pseudo_3,0,0,0,0
407,0,pseudo_3,0,0,0,0
419,0,pseudo_3,0,0,0,0
428,1,pseudo_3,1,1,1,1
432,1,pseudo_3,1,1,0,1
439,0,pseudo_3,0,0,0,0
443,0,pseudo_3,0,0,0,0
444,1,pseudo_3,1,1,1,1
446,1,pseudo_3,1,0,1,1
450,1,pseudo_3,0,0,0,0
455,0,pseudo_3,0,0,0,0
459,1,pseudo_3,1,1,1,1
466,0,pseudo_3,0,0,0,0
473,1,pseudo_3,1,1,1,1
476,0,pseudo_3,0,0,0,0
478,0,pseudo_3,0,0,0,0
479,0,pseudo_3,0,0,0,0
481,0,pseudo_3,0,0,0,0
489,0,pseudo_3,0,0,0,0
491,0,pseudo_3,0,0,0,0
492,0,pseudo_3,0,0,0,0
494,0,pseudo_3,0,0,0,0
501,0,pseudo_3,0,0,0,0
505,1,pseudo_3,1,1,1,1
507,1,pseudo_3,1,1,1,1
511,1,pseudo_3,0,0,0,0
514,1,pseudo_3,1,1,1,1
518,0,pseudo_3,0,0,0,0
525,0,pseudo_3,0,0,0,0
527,1,pseudo_3,0,1,1,1
531,1,pseudo_3,1,1,1,1
543,0,pseudo_3,0,0,0,0
548,1,pseudo_3,0,0,0,0
551,1,pseudo_3,0,0,0,0
557,1,pseudo_3,1,1,1,1
558,0,pseudo_3,0,0,0,0
560,1,pseudo_3,1,1,1,1
561,0,pseudo_3,0,0,0,0
563,0,pseudo_3,0,0,0,0
565,0,pseudo_3,1,0,1,1
567,0,pseudo_3,0,0,0,0
571,1,pseudo_3,0,0,0,0
575,0,pseudo_3,0,0,0,0
576,0,pseudo_3,0,0,0,0
577,1,pseudo_3,1,1,1,1
578,1,pseudo_3,1,1,1,1
596,0,pseudo_3,0,0,0,0
597,1,pseudo_3,1,1,1,1
599,0,pseudo_3,0,0,0,0
607,0,pseudo_3,0,0,0,0
609,1,pseudo_3,1,1,1,1
627,0,pseudo_3,0,0,0,0
638,0,pseudo_3,0,0,0,0
646,1,pseudo_3,0,0,1,0
670,1,pseudo_3,1,1,1,1
678,1,pseudo_3,1,1,1,1
692,1,pseudo_3,1,1,1,1
700,0,pseudo_3,0,0,0,0
703,0,pseudo_3,0,0,0,0
705,0,pseudo_3,0,0,0,0
714,0,pseudo_3,0,0,0,0
719,0,pseudo_3,0,0,0,0
721,1,pseudo_3,1,1,1,1
723,0,pseudo_3,0,0,0,0
725,1,pseudo_3,0,0,0,0
726,0,pseudo_3,0,0,0,0
728,1,pseudo_3,1,1,1,1
730,0,pseudo_3,0,1,1,1
745,1,pseudo_3,0,0,0,0
747,0,pseudo_3,0,0,0,0
767,0,pseudo_3,0,0,0,0
771,0,pseudo_3,0,0,0,0
790,0,pseudo_3,0,0,0,0
791,0,pseudo_3,0,0,0,0
796,0,pseudo_3,0,0,0,0
799,0,pseudo_3,0,0,0,0
801,0,pseudo_3,0,0,0,0
802,1,pseudo_3,1,1,1,1
804,1,pseudo_3,1,0,1,1
810,1,pseudo_3,1,1,1,1
815,0,pseudo_3,0,0,0,0
816,0,pseudo_3,0,0,0,0
818,0,pseudo_3,0,0,0,0
823,0,pseudo_3,0,0,0,0
831,1,pseudo_3,1,1,0,1
837,0,pseudo_3,0,0,0,0
864,0,pseudo_3,0,0,0,0
866,1,pseudo_3,1,1,1,1
872,1,pseudo_3,1,1,1,1
873,0,pseudo_3,0,0,0,0
875,1,pseudo_3,1,1,1,1
876,1,pseudo_3,1,1,1,1
884,0,pseudo_3,0,0,0,0
4,1,pseudo_4,1,1,1,1
5,0,pseudo_4,0,0,0,0
8,0,pseudo_4,0,0,0,0
13,0,pseudo_4,0,0,0,0
16,1,pseudo_4,1,1,1,1
22,1,pseudo_4,0,0,0,0
42,0,pseudo_4,1,1,1,1
43,0,pseudo_4,0,0,0,0
44,1,pseudo_4,1,1,1,1
49,0,pseudo_4,0,0,0,0
54,1,pseudo_4,1,1,1,1
63,0,pseudo_4,0,0,0,0
64,0,pseudo_4,0,0,0,0
69,1,pseudo_4,0,1,0,0
73,0,pseudo_4,0,0,0,0
81,0,pseudo_4,0,0,0,0
83,1,pseudo_4,1,1,1,1
84,0,pseudo_4,0,0,0,0
93,0,pseudo_4,1,1,1,1
95,0,pseudo_4,0,0,0,0
98,1,pseudo_4,0,0,0,0
104,0,pseudo_4,0,0,0,0
111,0,pseudo_4,0,0,0,0
112,0,pseudo_4,0,0,0,0
114,0,pseudo_4,0,0,0,0
116,0,pseudo_4,0,0,0,0
117,0,pseudo_4,0,0,0,0
118,0,pseudo_4,0,0,0,0
121,0,pseudo_4,0,0,0,0
123,0,pseudo_4,0,0,0,0
127,0,pseudo_4,0,0,0,0
139,0,pseudo_4,0,0,0,0
145,0,pseudo_4,0,0,0,0
160,0,pseudo_4,0,0,0,0
168,0,pseudo_4,0,0,0,0
170,0,pseudo_4,0,0,1,0
173,1,pseudo_4,1,1,1,1
174,0,pseudo_4,0,0,0,0
184,1,pseudo_4,1,1,1,1
185,1,pseudo_4,1,1,1,1
189,0,pseudo_4,0,0,0,0
192,0,pseudo_4,0,0,0,0
197,0,pseudo_4,0,0,0,0
202,0,pseudo_4,0,0,0,0
208,1,pseudo_4,0,0,0,0
210,1,pseudo_4,0,0,0,0
224,0,pseudo_4,0,0,0,0
228,0,pseudo_4,0,0,0,0
232,0,pseudo_4,0,0,0,0
233,0,pseudo_4,0,0,0,0
234,1,pseudo_4,1,1,1,1
237,0,pseudo_4,0,0,0,0
247,0,pseudo_4,1,1,1,1
249,1,pseudo_4,0,0,0,0
251,0,pseudo_4,0,0,0,0
257,1,pseudo_4,1,1,1,1
263,0,pseudo_4,0,0,0,0
266,0,pseudo_4,0,0,0,0
267,0,pseudo_4,0,0,0,0
272,1,pseudo_4,0,0,0,0
273,1,pseudo_4,1,1,1,1
275,1,pseudo_4,1,1,1,1
277,0,pseudo_4,0,1,1,1
279,0,pseudo_4,0,0,0,0
283,0,pseudo_4,0,0,0,0
285,0,pseudo_4,0,0,0,0
289,1,pseudo_4,0,0,0,0
291,1,pseudo_4,1,1,1,1
292,1,pseudo_4,1,1,1,1
296,0,pseudo_4,0,0,0,0
300,1,pseudo_4,1,1,1,1
301,1,pseudo_4,1,1,1,1
309,0,pseudo_4,0,0,0,0
332,0,pseudo_4,0,0,0,0
344,0,pseudo_4,0,0,0,0
345,0,pseudo_4,0,0,0,0
346,1,pseudo_4,1,1,1,1
347,1,pseudo_4,1,1,1,1
349,1,pseudo_4,1,1,1,1
351,0,pseudo_4,0,0,0,0
363,0,pseudo_4,0,0,0,0
369,1,pseudo_4,1,1,1,1
374,0,pseudo_4,0,0,0,0
378,0,pseudo_4,0,0,0,0
382,1,pseudo_4,1,1,1,1
388,1,pseudo_4,1,1,1,1
390,1,pseudo_4,1,1,1,1
391,1,pseudo_4,0,0,0,0
392,1,pseudo_4,0,0,0,0
394,1,pseudo_4,1,1,1,1
400,1,pseudo_4,1,1,1,1
412,0,pseudo_4,0,0,0,0
421,0,pseudo_4,0,0,0,0
423,0,pseudo_4,0,0,0,0
425,0,pseudo_4,0,0,0,0
427,1,pseudo_4,1,1,1,1
429,0,pseudo_4,0,0,0,0
431,1,pseudo_4,0,0,0,0
435,0,pseudo_4,1,0,1,1
458,1,pseudo_4,1,1,1,1
469,0,pseudo_4,0,0,0,0
473,1,pseudo_4,1,1,1,1
477,0,pseudo_4,0,0,0,0
500,0,pseudo_4,0,0,0,0
503,0,pseudo_4,1,1,1,1
511,1,pseudo_4,0,0,0,0
515,0,pseudo_4,0,0,0,0
516,0,pseudo_4,0,0,0,0
524,1,pseudo_4,1,1,1,1
525,0,pseudo_4,0,0,0,0
527,1,pseudo_4,0,1,1,1
528,0,pseudo_4,0,0,0,0
540,1,pseudo_4,1,1,1,1
542,0,pseudo_4,0,0,0,0
544,1,pseudo_4,0,0,0,0
556,0,pseudo_4,0,0,0,0
558,0,pseudo_4,0,0,0,0
562,0,pseudo_4,0,0,0,0
567,0,pseudo_4,0,0,0,0
568,0,pseudo_4,0,0,0,0
577,1,pseudo_4,1,1,1,1
588,1,pseudo_4,0,0,0,0
591,0,pseudo_4,0,0,0,0
595,0,pseudo_4,0,0,0,0
607,0,pseudo_4,0,0,0,0
609,1,pseudo_4,1,1,1,1
618,0,pseudo_4,1,1,1,1
623,1,pseudo_4,0,0,0,0
624,0,pseudo_4,0,0,0,0
628,1,pseudo_4,1,1,1,1
631,1,pseudo_4,0,0,0,0
639,0,pseudo_4,0,0,0,0
647,0,pseudo_4,0,0,0,0
650,1,pseudo_4,1,1,1,1
652,1,pseudo_4,1,1,1,1
661,1,pseudo_4,0,0,0,0
665,1,pseudo_4,0,0,0,0
670,1,pseudo_4,1,1,1,1
671,1,pseudo_4,1,1,1,1
701,1,pseudo_4,1,1,1,1
711,1,pseudo_4,1,1,1,1
730,0,pseudo_4,1,1,1,1
731,1,pseudo_4,1,1,1,1
734,0,pseudo_4,0,0,0,0
736,0,pseudo_4,0,0,0,0
737,0,pseudo_4,0,0,0,0
739,0,pseudo_4,0,0,0,0
749,0,pseudo_4,0,0,0,0
755,1,pseudo_4,1,1,1,1
768,0,pseudo_4,1,1,1,1
769,0,pseudo_4,0,0,0,0
770,0,pseudo_4,0,0,0,0
773,0,pseudo_4,1,1,1,1
774,0,pseudo_4,0,0,0,0
781,1,pseudo_4,1,1,1,1
784,0,pseudo_4,0,0,0,0
785,0,pseudo_4,0,0,0,0
791,0,pseudo_4,0,0,0,0
793,0,pseudo_4,0,0,0,0
794,0,pseudo_4,0,0,1,0
795,0,pseudo_4,0,0,0,0
796,0,pseudo_4,0,0,0,0
808,0,pseudo_4,1,1,1,1
817,0,pseudo_4,1,1,1,1
823,0,pseudo_4,0,0,0,0
824,1,pseudo_4,1,1,1,1
830,1,pseudo_4,1,1,1,1
840,1,pseudo_4,0,0,0,0
841,0,pseudo_4,0,0,0,0
852,0,pseudo_4,0,0,0,0
865,0,pseudo_4,0,0,0,0
869,0,pseudo_4,0,0,0,0
870,1,pseudo_4,1,1,1,1
877,0,pseudo_4,0,0,0,0
881,1,pseudo_4,1,1,1,1
887,0,pseudo_4,0,0,0,0
888,1,pseudo_4,1,1,1,1
890,1,pseudo_4,0,0,0,0
