PassengerId,fold,Survived,champion_pred,TabPFN_v2_5__gunes_structural,TabPFN_v2_5__gunes_rates,TabPFN_v2_5__gunes_all,TabPFN_v2_5__familyfare_gunes_rates,TabPFN_v2_5__familyfare_gunes_all,TabPFN_v3__gunes_structural,TabPFN_v3__gunes_rates,TabPFN_v3__gunes_all,TabPFN_v3__familyfare_gunes_rates,TabPFN_v3__familyfare_gunes_all
1,1,0,0,0.07760521024465561,0.05955054983496666,0.05317723751068115,0.08012983202934265,0.07540048658847809,0.07130672037601471,0.055553536862134933,0.05099063739180565,0.07324664294719696,0.06800328195095062
2,4,1,1,0.9741639494895935,0.978190541267395,0.9761908054351807,0.9758886694908142,0.975025475025177,0.9774843454360962,0.9798054695129395,0.9748485088348389,0.9788947105407715,0.9766252040863037
3,3,1,0,0.5484122633934021,0.540361225605011,0.5553878545761108,0.5367169976234436,0.5639811754226685,0.5485087037086487,0.5461509823799133,0.5472315549850464,0.5301088094711304,0.5402984619140625
4,3,1,1,0.950664758682251,0.9392483830451965,0.9357999563217163,0.9384413957595825,0.9242110252380371,0.962897539138794,0.9603541493415833,0.9424606561660767,0.9617180228233337,0.9490036964416504
5,0,0,0,0.08863894641399384,0.05966806411743164,0.06800723820924759,0.061560578644275665,0.06992004066705704,0.07761578261852264,0.07561200857162476,0.08361025899648666,0.07557398825883865,0.07392808049917221
6,4,0,0,0.08563119173049927,0.08797438442707062,0.09045429527759552,0.09450209885835648,0.08920874446630478,0.09382171183824539,0.0946166068315506,0.09273979812860489,0.09817642718553543,0.09679526835680008
7,0,0,0,0.2162916213274002,0.2367647886276245,0.2494870126247406,0.2220483422279358,0.26493799686431885,0.26099878549575806,0.2773790955543518,0.3413066864013672,0.2729712724685669,0.3365325927734375
8,4,0,0,0.045291028916835785,0.039295222610235214,0.04128122702240944,0.03933745622634888,0.04032517224550247,0.029667511582374573,0.030517052859067917,0.033178433775901794,0.034904465079307556,0.03720126301050186
9,4,1,1,0.9141885042190552,0.9106053709983826,0.9183031320571899,0.9331231117248535,0.9202602505683899,0.8907254934310913,0.9100549221038818,0.9239164590835571,0.9180747866630554,0.9297586679458618
10,3,1,1,0.936786413192749,0.9198141694068909,0.8998829126358032,0.9002231359481812,0.8887228965759277,0.9284239411354065,0.9008215069770813,0.8807539343833923,0.8919570446014404,0.8845655918121338
11,2,1,1,0.9857814908027649,0.9810901284217834,0.9852322340011597,0.9852303862571716,0.9836328029632568,0.9661518931388855,0.9737420678138733,0.9717955589294434,0.9780361652374268,0.9723692536354065
12,4,1,1,0.880138099193573,0.9136350154876709,0.8888099193572998,0.913977861404419,0.8770437836647034,0.945198655128479,0.9478588104248047,0.9348175525665283,0.9451181888580322,0.9382007122039795
13,4,0,0,0.09866604208946228,0.0985773578286171,0.0930245965719223,0.09563057124614716,0.09993502497673035,0.11959358304738998,0.11391906440258026,0.11047879606485367,0.12240473926067352,0.11528699100017548
14,0,0,0,0.018882781267166138,0.007719141431152821,0.007362455129623413,0.008551386184990406,0.007202272303402424,0.006290263030678034,0.0051277074962854385,0.003996090032160282,0.005028075072914362,0.005621579010039568
15,3,0,1,0.7851779460906982,0.8128214478492737,0.7790018320083618,0.8050889372825623,0.8169312477111816,0.7702565789222717,0.7814658284187317,0.7619863748550415,0.8257068395614624,0.7919809222221375
16,3,1,1,0.7722415924072266,0.7912498116493225,0.7852437496185303,0.801699161529541,0.7827951908111572,0.781463086605072,0.8081688284873962,0.7986434698104858,0.8025296926498413,0.8080250024795532
17,1,0,0,0.015414091758430004,0.012730380520224571,0.01466379500925541,0.006825504824519157,0.006400552578270435,0.00789771880954504,0.008162708953022957,0.006052696146070957,0.00449224142357707,0.00426329905167222
18,4,1,0,0.0821928158402443,0.08098292350769043,0.08508483320474625,0.08108896017074585,0.09294752776622772,0.09439872205257416,0.08802472800016403,0.09156623482704163,0.0842912495136261,0.08744553476572037
19,3,0,1,0.6972494125366211,0.7381258010864258,0.7367827892303467,0.6365859508514404,0.6598751544952393,0.6680048704147339,0.6920007467269897,0.6893863677978516,0.5918332934379578,0.612111508846283
20,0,1,1,0.6279017925262451,0.6620152592658997,0.610421359539032,0.6837414503097534,0.6592575907707214,0.6179344058036804,0.6725541353225708,0.6630334854125977,0.6813791394233704,0.6848209500312805
21,1,0,0,0.10897546261548996,0.09891721606254578,0.09910953789949417,0.11240969598293304,0.11377130448818207,0.10968805849552155,0.09460066258907318,0.09765610098838806,0.10111971944570541,0.10685579478740692
22,3,1,0,0.27179405093193054,0.14542847871780396,0.25579002499580383,0.16310706734657288,0.24588672816753387,0.27771326899528503,0.15917325019836426,0.3156261444091797,0.1402791142463684,0.27685290575027466
23,1,1,1,0.7587925791740417,0.7730540037155151,0.7706875801086426,0.7776451110839844,0.7841114401817322,0.7291265726089478,0.7464497089385986,0.7444329261779785,0.7563809156417847,0.743689239025116
24,1,1,0,0.35162264108657837,0.37076011300086975,0.369579017162323,0.3740296959877014,0.3324551582336426,0.34432268142700195,0.32167547941207886,0.32637402415275574,0.31860852241516113,0.30068662762641907
25,0,0,0,0.007875601761043072,0.00852977205067873,0.009852757677435875,0.008673084899783134,0.006910095922648907,0.006165387108922005,0.007891853339970112,0.00822426937520504,0.007063374388962984,0.0065591828897595406
26,4,1,0,0.43381935358047485,0.5655486583709717,0.6214771270751953,0.6399076581001282,0.6505255699157715,0.2378448247909546,0.43782857060432434,0.48258328437805176,0.5922895669937134,0.5971958637237549
27,0,0,0,0.08882350474596024,0.09135304391384125,0.09199994057416916,0.09157433360815048,0.09530149400234222,0.09345700591802597,0.09448942542076111,0.09908037632703781,0.09476886689662933,0.09351184219121933
28,2,0,0,0.3789950907230377,0.3618357479572296,0.34342920780181885,0.3468874394893646,0.3154709041118622,0.332060307264328,0.3489171862602234,0.33669042587280273,0.3816370964050293,0.3422728180885315
29,0,1,1,0.7112677097320557,0.6943760514259338,0.7283387184143066,0.7090253233909607,0.7388604879379272,0.7360478639602661,0.7056812047958374,0.7276146411895752,0.709280252456665,0.7261521816253662
30,2,0,0,0.07157336920499802,0.07508167624473572,0.06886771321296692,0.0745672881603241,0.06975094974040985,0.0536905862390995,0.06951220333576202,0.054041702300310135,0.06615237891674042,0.05666813254356384
31,0,0,1,0.5509175658226013,0.5551899671554565,0.5210011601448059,0.5945773720741272,0.49325355887413025,0.37168729305267334,0.41103965044021606,0.3597126603126526,0.36278319358825684,0.33043140172958374
32,0,1,1,0.9945456385612488,0.9949866533279419,0.9928791522979736,0.994084358215332,0.9946035742759705,0.99439537525177,0.9951621294021606,0.9946147799491882,0.9949837923049927,0.9942370653152466
33,4,1,1,0.6850523352622986,0.6742411255836487,0.683495044708252,0.6827091574668884,0.7079620957374573,0.7152093648910522,0.6998968720436096,0.7079278826713562,0.7105687856674194,0.7272834777832031
34,3,0,0,0.06687997281551361,0.0613434873521328,0.05946559086441994,0.062228020280599594,0.05151132494211197,0.08274189382791519,0.0713457465171814,0.07593157887458801,0.061178211122751236,0.06145007908344269
35,0,0,0,0.4207037687301636,0.44652220606803894,0.4085018038749695,0.45795077085494995,0.40523284673690796,0.4290574789047241,0.4183318018913269,0.386401891708374,0.4195525646209717,0.38337525725364685
36,1,0,0,0.26307016611099243,0.2929350733757019,0.2852800786495209,0.28175315260887146,0.245231032371521,0.2767185866832733,0.31064024567604065,0.2909677028656006,0.2757057547569275,0.2511785328388214
37,2,1,0,0.07183551788330078,0.07624966651201248,0.06750717014074326,0.07559278607368469,0.06761068105697632,0.03449925780296326,0.06363131105899811,0.05406602472066879,0.06166921183466911,0.05577309802174568
38,4,0,0,0.09847665578126907,0.09380349516868591,0.0905243307352066,0.09436565637588501,0.09595216810703278,0.11470239609479904,0.11331498622894287,0.1058824211359024,0.11442886292934418,0.10921741276979446
39,3,0,1,0.6236339807510376,0.5619751214981079,0.5748704671859741,0.47723689675331116,0.5094000697135925,0.6526912450790405,0.5884516835212708,0.6295725107192993,0.5814944505691528,0.5799262523651123
40,1,1,1,0.9556493163108826,0.9634331464767456,0.9655486345291138,0.9683705568313599,0.9613660573959351,0.9490639567375183,0.9493686556816101,0.9437445402145386,0.9446836113929749,0.9427803158760071
41,1,0,0,0.5773991942405701,0.6481608152389526,0.6399765014648438,0.6911748647689819,0.6873092651367188,0.6175429821014404,0.6515963673591614,0.648033618927002,0.7162659168243408,0.7109581232070923
42,4,0,1,0.8856105208396912,0.8793846368789673,0.8570919036865234,0.8718615770339966,0.8368745446205139,0.9027875661849976,0.8821987509727478,0.8466351628303528,0.854086697101593,0.8680740594863892
43,1,0,0,0.09278927743434906,0.09925743192434311,0.09684102237224579,0.09769363701343536,0.10388407856225967,0.09248049557209015,0.09871247410774231,0.091197669506073,0.10429918020963669,0.09477394074201584
44,0,1,1,0.9752583503723145,0.9815006256103516,0.9769682884216309,0.9830713868141174,0.9755570292472839,0.9798533916473389,0.9742038249969482,0.9752949476242065,0.9745815396308899,0.9725167155265808
45,4,1,1,0.6456264853477478,0.6586881279945374,0.6566791534423828,0.6659771800041199,0.6461482644081116,0.6302533745765686,0.668548583984375,0.6576875448226929,0.677428662776947,0.6607054471969604
46,0,0,0,0.08560021966695786,0.08943523466587067,0.08462607115507126,0.09147915244102478,0.09918414056301117,0.08632034808397293,0.08949936181306839,0.08390673995018005,0.09747157245874405,0.08384260535240173
47,4,0,0,0.07407151907682419,0.07743565738201141,0.07420811802148819,0.08402355015277863,0.07960113883018494,0.08764701336622238,0.07210052013397217,0.07197414338588715,0.07763577252626419,0.07702700793743134
48,2,1,1,0.7079896926879883,0.7059338092803955,0.6953887343406677,0.7003576755523682,0.7239898443222046,0.817760705947876,0.7350829839706421,0.7489017844200134,0.7361794710159302,0.7661564946174622
49,1,0,0,0.0755268856883049,0.08570076525211334,0.08434607088565826,0.09316318482160568,0.09390782564878464,0.08031196147203445,0.07736696302890778,0.0813097283244133,0.08846066147089005,0.09222680330276489
50,2,0,1,0.728346586227417,0.7081415057182312,0.7071057558059692,0.6959680318832397,0.7236437201499939,0.6750164031982422,0.6488718390464783,0.6490418314933777,0.6595337390899658,0.6388441324234009
51,4,0,0,0.026727862656116486,0.030267419293522835,0.026723042130470276,0.010304009541869164,0.010568022727966309,0.02248862385749817,0.02433088794350624,0.024996653199195862,0.009869344532489777,0.010428349487483501
52,4,0,0,0.09121032059192657,0.09072919189929962,0.08589830994606018,0.09344953298568726,0.08523283898830414,0.0987900123000145,0.09632411599159241,0.09545977413654327,0.096808061003685,0.10056629776954651
53,1,1,1,0.9972382187843323,0.9938647150993347,0.9956825971603394,0.9901203513145447,0.9924399256706238,0.9967074990272522,0.9949297308921814,0.9965163469314575,0.9935517311096191,0.9959481954574585
54,0,1,1,0.8646591901779175,0.8941917419433594,0.8933455944061279,0.8863221406936646,0.9007937908172607,0.875899076461792,0.9000823497772217,0.896237313747406,0.9049988389015198,0.9033100008964539
55,2,0,0,0.23808938264846802,0.2823464274406433,0.24028430879116058,0.24417850375175476,0.2335350215435028,0.28758004307746887,0.2834819257259369,0.2881568670272827,0.2801142930984497,0.30793002247810364
56,0,1,0,0.2351226806640625,0.29628241062164307,0.2614174783229828,0.2855013310909271,0.25578808784484863,0.2696734666824341,0.2989112138748169,0.2774341106414795,0.2968251407146454,0.2846860885620117
57,1,1,1,0.8486844897270203,0.8551048636436462,0.8571138381958008,0.8623989820480347,0.8559650778770447,0.8379966020584106,0.8615574836730957,0.8411914110183716,0.8704478740692139,0.8492068648338318
58,4,0,0,0.08253923803567886,0.08361586183309555,0.07933580130338669,0.08294807374477386,0.08451732248067856,0.09075040370225906,0.08729055523872375,0.0873890221118927,0.08649192750453949,0.08913473784923553
59,2,1,1,0.9951730966567993,0.9936370253562927,0.9940404891967773,0.9928180575370789,0.9895402193069458,0.9933972358703613,0.9878475666046143,0.9896919131278992,0.9853435754776001,0.9846221804618835
60,4,0,0,0.037446219474077225,0.03521214425563812,0.030299371108412743,0.014634987339377403,0.01421905867755413,0.03333444520831108,0.0368766114115715,0.029869288206100464,0.013380859047174454,0.01671045459806919
61,0,0,0,0.09897689521312714,0.09999450296163559,0.1049385592341423,0.10174436867237091,0.10337446630001068,0.10533338040113449,0.10714937001466751,0.10763686895370483,0.11265858262777328,0.11668069660663605
62,1,1,1,0.9961740374565125,0.9948093295097351,0.995439350605011,0.9939791560173035,0.9916583299636841,0.9953291416168213,0.9949864745140076,0.9946184158325195,0.9921163320541382,0.9922588467597961
63,1,0,0,0.2854919135570526,0.33041471242904663,0.31750282645225525,0.31426846981048584,0.3168053925037384,0.33483344316482544,0.3686971366405487,0.3546735346317291,0.34919610619544983,0.3308478593826294
64,0,0,0,0.011817441321909428,0.008855203166604042,0.013306193985044956,0.007904819212853909,0.006807281635701656,0.008975595235824585,0.006778315640985966,0.00902464333921671,0.006651839707046747,0.008405091241002083
65,0,0,0,0.25223979353904724,0.29654157161712646,0.25186941027641296,0.300957053899765,0.24634139239788055,0.24413534998893738,0.2888150215148926,0.23359444737434387,0.2816348671913147,0.2267816662788391
66,3,1,1,0.9768795371055603,0.9646900296211243,0.9538891911506653,0.9662863612174988,0.960882842540741,0.9604099988937378,0.9617647528648376,0.9453749060630798,0.9583523273468018,0.9466111063957214
67,0,1,1,0.928285539150238,0.9263762831687927,0.9230711460113525,0.9299537539482117,0.9092003107070923,0.9308090209960938,0.9406620264053345,0.9330241680145264,0.9405267238616943,0.9352933168411255
68,1,0,0,0.09516771137714386,0.09599829465150833,0.0957329124212265,0.095571368932724,0.12113425880670547,0.0961230993270874,0.09851153194904327,0.09858763217926025,0.09542661160230637,0.10495288670063019
69,0,1,0,0.024456456303596497,0.09141632914543152,0.06168419495224953,0.1355438381433487,0.11675673723220825,0.021874450147151947,0.05443695932626724,0.056070175021886826,0.09207496792078018,0.1071285828948021
70,3,0,0,0.07062459737062454,0.0763031393289566,0.07850989699363708,0.08002117276191711,0.07974860072135925,0.07420998811721802,0.07453534752130508,0.07742717117071152,0.07038107514381409,0.07741154730319977
71,4,0,0,0.08202166110277176,0.07251657545566559,0.08432209491729736,0.07951273024082184,0.08950673043727875,0.09359241276979446,0.09249783307313919,0.09610389173030853,0.09168306738138199,0.08207229524850845
72,1,0,0,0.018825428560376167,0.012630367651581764,0.012551112100481987,0.004701182246208191,0.004920011851936579,0.012944267131388187,0.011269785463809967,0.015151677653193474,0.0065421755425632,0.005033935885876417
73,1,0,0,0.2415096014738083,0.17675292491912842,0.18924401700496674,0.21254099905490875,0.22997403144836426,0.20338842272758484,0.11784641444683075,0.1153792142868042,0.11571787297725677,0.1259566694498062
74,3,0,0,0.06067817285656929,0.06784392893314362,0.06843122839927673,0.07481865584850311,0.06464710831642151,0.06953610479831696,0.0638832300901413,0.06518656760454178,0.06512607634067535,0.07157471030950546
75,2,1,0,0.21762505173683167,0.13174653053283691,0.14608028531074524,0.12819217145442963,0.14269697666168213,0.4265432059764862,0.20409569144248962,0.22252430021762848,0.170386403799057,0.22088971734046936
76,0,0,0,0.08997270464897156,0.09918098151683807,0.10121527314186096,0.09969496726989746,0.11040519177913666,0.09413108229637146,0.10168682038784027,0.09509813785552979,0.10067474842071533,0.08254659175872803
77,1,0,0,0.08293256908655167,0.08506453037261963,0.08416038006544113,0.0859813392162323,0.08663661032915115,0.0722275823354721,0.07832459360361099,0.05748381465673447,0.08023100346326828,0.05524291470646858
78,3,0,0,0.06273161619901657,0.06367900967597961,0.06603311002254486,0.06477733701467514,0.06278016418218613,0.06371906399726868,0.058591075241565704,0.05944346636533737,0.05909087136387825,0.060969796031713486
79,1,1,1,0.9863975048065186,0.9878863096237183,0.985026478767395,0.9793272614479065,0.9797451496124268,0.9731994867324829,0.9767608046531677,0.9759472012519836,0.9748255014419556,0.961906909942627
80,0,1,1,0.8465568423271179,0.8701284527778625,0.8706728219985962,0.8695082664489746,0.8753823041915894,0.9121102690696716,0.8939046859741211,0.9055995345115662,0.855256199836731,0.8534725308418274
81,4,0,0,0.0804007276892662,0.09107334911823273,0.08300715684890747,0.08531862497329712,0.08178023993968964,0.0884895920753479,0.0911453515291214,0.08810044825077057,0.0889800563454628,0.09225784242153168
82,4,1,0,0.0828680694103241,0.07472393661737442,0.07887525856494904,0.07972549647092819,0.08562257140874863,0.09476318210363388,0.09251406043767929,0.0876438319683075,0.08895730972290039,0.09335820376873016
83,4,1,1,0.6783642172813416,0.6775122880935669,0.6800972819328308,0.6738595962524414,0.6955350041389465,0.691064715385437,0.69446861743927,0.6936200857162476,0.7061815857887268,0.7121950387954712
84,4,0,0,0.2806148827075958,0.3161757290363312,0.3256429433822632,0.33016079664230347,0.29416215419769287,0.21458472311496735,0.2176855206489563,0.18922576308250427,0.22408749163150787,0.1941596269607544
85,4,1,1,0.8732842206954956,0.8877294063568115,0.8669127225875854,0.8900420665740967,0.8633254766464233,0.8934599161148071,0.8914394378662109,0.8658894300460815,0.8850141763687134,0.8800886273384094
86,1,1,0,0.589958131313324,0.44443976879119873,0.44362398982048035,0.4245823919773102,0.4590243697166443,0.6336279511451721,0.45339837670326233,0.46834516525268555,0.4180319905281067,0.4641391932964325
87,2,0,0,0.012726999819278717,0.017064131796360016,0.01293269731104374,0.012042315676808357,0.008429179899394512,0.006925058085471392,0.010255795903503895,0.008266258984804153,0.009413890540599823,0.010128656402230263
88,4,0,0,0.08553384989500046,0.07615461945533752,0.08306552469730377,0.0882040485739708,0.09049034863710403,0.12096361815929413,0.13058102130889893,0.12166404724121094,0.12445425987243652,0.10300326347351074
89,1,1,1,0.9818833470344543,0.9731895923614502,0.9820843935012817,0.9846441745758057,0.9883525967597961,0.9880348443984985,0.9815783500671387,0.9684080481529236,0.9841487407684326,0.9867900013923645
90,3,0,0,0.0642298012971878,0.06477423757314682,0.06728890538215637,0.06695893406867981,0.06718051433563232,0.07060297578573227,0.0659007877111435,0.06694391369819641,0.06425130367279053,0.06794023513793945
91,0,0,0,0.08331817388534546,0.08340676873922348,0.08613666892051697,0.08222385495901108,0.08890503644943237,0.08778893202543259,0.08999289572238922,0.09080909937620163,0.09667546302080154,0.09566520154476166
92,1,0,0,0.0890924409031868,0.09269393235445023,0.09188177436590195,0.09307768940925598,0.07791023701429367,0.09163720160722733,0.09375594556331635,0.09572993218898773,0.09931760281324387,0.09413919597864151
93,3,0,0,0.4148131310939789,0.388477087020874,0.4679148197174072,0.392378032207489,0.49080467224121094,0.4058119058609009,0.35956907272338867,0.4731139540672302,0.33339962363243103,0.4126090109348297
94,2,0,0,0.16124242544174194,0.16847413778305054,0.13869275152683258,0.17967894673347473,0.14869846403598785,0.1473686248064041,0.15515056252479553,0.17588117718696594,0.15639713406562805,0.1789749711751938
95,0,0,0,0.060182299464941025,0.057496290653944016,0.055004119873046875,0.058767594397068024,0.06857653707265854,0.08053815364837646,0.07323549687862396,0.07155545055866241,0.07886496931314468,0.0747055783867836
96,4,0,0,0.07785043120384216,0.08075341582298279,0.07663028687238693,0.07704518735408783,0.07669737935066223,0.07952186465263367,0.0852382630109787,0.08192969858646393,0.08248855173587799,0.0773279070854187
97,4,0,0,0.2926434278488159,0.2970072031021118,0.2880723774433136,0.2932306230068207,0.24479708075523376,0.3249715566635132,0.32579201459884644,0.30639028549194336,0.3165045976638794,0.3093796670436859
98,1,1,0,0.42753833532333374,0.3286665081977844,0.38908612728118896,0.33664071559906006,0.38598912954330444,0.4514511227607727,0.3134976327419281,0.3831460177898407,0.34386658668518066,0.40720465779304504
99,1,1,1,0.9850151538848877,0.9827554821968079,0.9830691814422607,0.9837806224822998,0.9803167581558228,0.9741148948669434,0.9725096821784973,0.9690412878990173,0.9729682803153992,0.9700267314910889
100,0,0,0,0.14335694909095764,0.19171242415905,0.18157857656478882,0.1964402198791504,0.2070128172636032,0.16487395763397217,0.19660210609436035,0.19533893465995789,0.202889546751976,0.19568732380867004
101,4,0,0,0.4676715135574341,0.4949284493923187,0.4892263412475586,0.5059486627578735,0.5380591154098511,0.47220882773399353,0.4802902936935425,0.5187110900878906,0.5120272636413574,0.527195930480957
102,4,0,0,0.0737396776676178,0.060424454510211945,0.06656663119792938,0.043419063091278076,0.044388629496097565,0.07556916773319244,0.06871914863586426,0.06491243839263916,0.046336378902196884,0.04554378241300583
103,2,0,0,0.46721088886260986,0.3649892210960388,0.36173462867736816,0.45560744404792786,0.47098469734191895,0.4226655662059784,0.37267690896987915,0.34320271015167236,0.3915230929851532,0.47932231426239014
104,0,0,0,0.08188913762569427,0.05233313888311386,0.06256397813558578,0.06318187713623047,0.07433326542377472,0.09328457713127136,0.060831524431705475,0.06800314784049988,0.07189150154590607,0.0800154060125351
105,1,0,0,0.05525381863117218,0.04674326628446579,0.04313715547323227,0.06281526386737823,0.058580122888088226,0.06585896015167236,0.053123801946640015,0.04818044602870941,0.0626801922917366,0.06542572379112244
106,0,0,0,0.08403626829385757,0.08380632847547531,0.08676188439130783,0.08455201983451843,0.09377183765172958,0.08695806562900543,0.08922246843576431,0.09268981218338013,0.09312804043292999,0.09748110175132751
107,1,1,1,0.6333923935890198,0.6614602208137512,0.6491410732269287,0.6763143539428711,0.6485674977302551,0.6444196701049805,0.6821237802505493,0.6604057550430298,0.6792651414871216,0.6782273054122925
108,4,1,0,0.07417450845241547,0.07422579824924469,0.07496374845504761,0.07930746674537659,0.07400473207235336,0.08489528298377991,0.08185765147209167,0.08173780143260956,0.08130389451980591,0.08159168064594269
109,0,0,0,0.07475338876247406,0.07284720987081528,0.07452814280986786,0.07220777869224548,0.07660533487796783,0.08635818958282471,0.08155368268489838,0.07900267839431763,0.08290824294090271,0.08771354705095291
110,2,1,1,0.6784416437149048,0.6034986972808838,0.6204221248626709,0.481688529253006,0.539952278137207,0.6559107303619385,0.5771591663360596,0.5997493863105774,0.5246209502220154,0.49994510412216187
111,1,0,0,0.29783308506011963,0.2326868772506714,0.2372184544801712,0.2799927890300751,0.2619403600692749,0.30239415168762207,0.26297909021377563,0.24391350150108337,0.27650806307792664,0.24994444847106934
112,3,0,0,0.03454700484871864,0.04725169017910957,0.03867678344249725,0.05487331375479698,0.0418127179145813,0.04108200967311859,0.05463147163391113,0.04276328906416893,0.06070464849472046,0.052316732704639435
113,3,0,0,0.06334614008665085,0.06627669185400009,0.07268843054771423,0.06899156421422958,0.06758986413478851,0.07338486611843109,0.06833523511886597,0.0697658583521843,0.06515674293041229,0.07007991522550583
114,0,0,0,0.01876167394220829,0.22259634733200073,0.11157410591840744,0.12859390676021576,0.10135151445865631,0.01551385223865509,0.15815013647079468,0.15592902898788452,0.07736579328775406,0.0852164626121521
115,0,0,1,0.6027785539627075,0.46768248081207275,0.47043994069099426,0.576554536819458,0.5683779716491699,0.6303105354309082,0.4756649434566498,0.4953593611717224,0.5788980722427368,0.5764133930206299
116,4,0,0,0.3726760149002075,0.40594732761383057,0.39574989676475525,0.3983186185359955,0.40966880321502686,0.18045289814472198,0.21059131622314453,0.20885570347309113,0.23045620322227478,0.19427816569805145
117,2,0,0,0.04717943072319031,0.04731796681880951,0.04263842850923538,0.04298672080039978,0.04188267141580582,0.05873147025704384,0.048867471516132355,0.051381614059209824,0.050996214151382446,0.04962650686502457
118,1,0,0,0.047677915543317795,0.03632229194045067,0.0344148688018322,0.024719715118408203,0.02726491168141365,0.06188243627548218,0.05200284346938133,0.04629945009946823,0.04658697545528412,0.028814904391765594
119,0,0,0,0.48808279633522034,0.5394985675811768,0.47639212012290955,0.5138877034187317,0.5137901306152344,0.515051007270813,0.5636856555938721,0.5136957168579102,0.5034432411193848,0.4829919636249542
120,3,0,0,0.037059299647808075,0.04536964371800423,0.042180970311164856,0.029600027948617935,0.03313606232404709,0.03467366471886635,0.03386810049414635,0.02579009160399437,0.01734982058405876,0.019732579588890076
121,1,0,0,0.13070401549339294,0.07864873856306076,0.07542620599269867,0.07548914849758148,0.07538478076457977,0.12890684604644775,0.06836044043302536,0.060952916741371155,0.06469114869832993,0.046650081872940063
122,1,0,0,0.08256744593381882,0.08462479710578918,0.08209197223186493,0.08260414749383926,0.07719184458255768,0.07003989070653915,0.07302067428827286,0.06570299714803696,0.08212804794311523,0.06395408511161804
123,4,0,0,0.09978047013282776,0.13015596568584442,0.1224345937371254,0.13995423913002014,0.13769841194152832,0.10098797082901001,0.14123913645744324,0.14076122641563416,0.1435539573431015,0.14208415150642395
124,2,1,1,0.8950749635696411,0.8874547481536865,0.9056386947631836,0.8998919129371643,0.9160984754562378,0.9291163086891174,0.9243050813674927,0.9385443925857544,0.9340968728065491,0.9566514492034912
125,1,0,0,0.33425644040107727,0.19763284921646118,0.25582176446914673,0.23808984458446503,0.2969229221343994,0.3565095365047455,0.23402592539787292,0.2682472765445709,0.22910133004188538,0.30340033769607544
126,2,1,1,0.9866136312484741,0.9837970733642578,0.9857305884361267,0.9867144227027893,0.9834409356117249,0.9826245903968811,0.9797364473342896,0.9817807078361511,0.975486159324646,0.9793146252632141
127,0,0,0,0.09109481424093246,0.09039685130119324,0.08634407818317413,0.09106358140707016,0.0922393947839737,0.08570728451013565,0.08984903991222382,0.09751094877719879,0.09773139655590057,0.09299502521753311
128,1,1,0,0.08254007995128632,0.08183979243040085,0.08034443855285645,0.08227930217981339,0.07843676954507828,0.077232226729393,0.0789097398519516,0.07855786383152008,0.08240588009357452,0.08038461208343506
129,0,1,1,0.9040198922157288,0.9355368614196777,0.9298908710479736,0.9475414752960205,0.9575355052947998,0.9491283893585205,0.9552348852157593,0.9409961700439453,0.9486851096153259,0.9525284767150879
130,2,0,0,0.05031769722700119,0.05167144536972046,0.048776742070913315,0.04867525026202202,0.04980793222784996,0.06202325224876404,0.05424273759126663,0.05495401471853256,0.05491021275520325,0.05401822179555893
131,2,0,0,0.07247144728899002,0.06858117133378983,0.06843069195747375,0.06732451915740967,0.06822823733091354,0.07474655658006668,0.0687837228178978,0.07263913750648499,0.07147139310836792,0.07302359491586685
132,0,0,0,0.09286913275718689,0.09486230462789536,0.09876874089241028,0.09813879430294037,0.10120508074760437,0.08799311518669128,0.10359982401132584,0.10234062373638153,0.10624277591705322,0.10057006776332855
133,4,0,0,0.47970956563949585,0.5268020629882812,0.5320184230804443,0.5430489182472229,0.5825221538543701,0.5022622346878052,0.505994439125061,0.5655107498168945,0.5403070449829102,0.578538715839386
134,4,1,1,0.8821595907211304,0.9131634831428528,0.8945040106773376,0.9194297790527344,0.9142292141914368,0.8996206521987915,0.917998194694519,0.910338282585144,0.9244864583015442,0.9348351359367371
135,0,0,0,0.10741056501865387,0.1188834011554718,0.12353549152612686,0.1191834956407547,0.11716531217098236,0.12954291701316833,0.12502598762512207,0.12269362062215805,0.1255028396844864,0.11923155933618546
136,2,0,0,0.09986367076635361,0.11178233474493027,0.1024153083562851,0.11546710133552551,0.11278832703828812,0.09588876366615295,0.1009538471698761,0.0962163656949997,0.10282926261425018,0.0970216616988182
137,4,1,1,0.9784963130950928,0.9799368381500244,0.9822807312011719,0.9790492057800293,0.9821860790252686,0.9842749834060669,0.9813082218170166,0.9840649962425232,0.9806832671165466,0.9827321171760559
138,4,0,0,0.31683263182640076,0.36050575971603394,0.3185538053512573,0.34379565715789795,0.3277062773704529,0.3347173035144806,0.39303186535835266,0.3617631196975708,0.4031093120574951,0.3804761469364166
139,4,0,0,0.0857941210269928,0.07789688557386398,0.07427859306335449,0.08374147862195969,0.07923203706741333,0.11756178736686707,0.06968586146831512,0.07223634421825409,0.07356897741556168,0.08055999130010605
140,4,0,0,0.4422735273838043,0.27397915720939636,0.25662362575531006,0.35621893405914307,0.33275410532951355,0.43511465191841125,0.3540322482585907,0.3006739318370819,0.397847056388855,0.35344797372817993
141,4,0,0,0.04207978770136833,0.045075252652168274,0.04134772717952728,0.05863138660788536,0.06715890020132065,0.042309846729040146,0.04523460939526558,0.059785738587379456,0.06094196066260338,0.0696641355752945
142,0,1,1,0.5589484572410583,0.6033271551132202,0.5943312644958496,0.6236739754676819,0.6616406440734863,0.5693025588989258,0.6147163510322571,0.6176872253417969,0.6248008608818054,0.6371270418167114
143,4,1,1,0.6053438186645508,0.6526954770088196,0.6361771821975708,0.6704835891723633,0.6667564511299133,0.5408931970596313,0.6050782799720764,0.6325251460075378,0.6442071795463562,0.6445265412330627
144,0,0,0,0.10764172673225403,0.10510621964931488,0.11289791762828827,0.1109100878238678,0.10750041157007217,0.10108627378940582,0.11122020334005356,0.10916942358016968,0.11281690746545792,0.10946150869131088
145,3,0,0,0.12733963131904602,0.13957151770591736,0.1325027495622635,0.14827510714530945,0.13966450095176697,0.11051066964864731,0.10986825078725815,0.1089264303445816,0.1238866001367569,0.13008762896060944
146,2,0,0,0.13418430089950562,0.1286846250295639,0.1400587260723114,0.11333077400922775,0.1495724767446518,0.0857219323515892,0.14550155401229858,0.11829030513763428,0.14903143048286438,0.13377413153648376
147,0,1,0,0.08557594567537308,0.0523371696472168,0.06631064414978027,0.06671371310949326,0.07145805656909943,0.09375719726085663,0.0611778199672699,0.06692641973495483,0.07125690579414368,0.08003878593444824
148,0,0,0,0.009442564100027084,0.012267481535673141,0.01189815066754818,0.010971792042255402,0.0102080674842,0.011123225092887878,0.013095883652567863,0.013082688674330711,0.01167345605790615,0.011054541915655136
149,0,0,0,0.1611877828836441,0.20241042971611023,0.2051461637020111,0.19486591219902039,0.2168242633342743,0.17603762447834015,0.23678061366081238,0.2591245472431183,0.22596722841262817,0.23142045736312866
150,2,0,0,0.11102337390184402,0.11986449360847473,0.11554098129272461,0.11206315457820892,0.11918160319328308,0.09075038135051727,0.11637420207262039,0.08963650465011597,0.11918094009160995,0.09311875700950623
151,0,0,0,0.1075391098856926,0.09216757863759995,0.08766980469226837,0.09029501676559448,0.08866982161998749,0.09937219321727753,0.09958285838365555,0.09491577744483948,0.10576660931110382,0.09193439781665802
152,3,1,1,0.9603301286697388,0.9519990682601929,0.9459288120269775,0.9564974308013916,0.9372296929359436,0.9634482860565186,0.9645839929580688,0.9487050175666809,0.9671830534934998,0.9549835920333862
153,3,0,0,0.04919899255037308,0.04748633876442909,0.04632687568664551,0.046630922704935074,0.041299402713775635,0.0708422139286995,0.05966611206531525,0.06818448752164841,0.0602312907576561,0.06193762645125389
154,0,0,0,0.08056841790676117,0.0694514587521553,0.06803461164236069,0.07420528680086136,0.07709390670061111,0.09168905019760132,0.07252753525972366,0.07585151493549347,0.0848088264465332,0.08799523860216141
155,1,0,0,0.08149414509534836,0.06510293483734131,0.06566984951496124,0.08038227260112762,0.07552855461835861,0.08105555921792984,0.06171293184161186,0.0605885349214077,0.07302595674991608,0.07573086023330688
156,0,0,0,0.16503429412841797,0.23505762219429016,0.1861557513475418,0.2090575098991394,0.1796886920928955,0.2224280834197998,0.21561020612716675,0.22406849265098572,0.24669399857521057,0.21587824821472168
157,2,1,1,0.7120113372802734,0.7317562699317932,0.7036705613136292,0.7285314798355103,0.7264778017997742,0.6873793601989746,0.7446507811546326,0.6984970569610596,0.7430927753448486,0.6943256855010986
158,3,0,0,0.0832255557179451,0.07515369355678558,0.07060567289590836,0.0699111670255661,0.06998397409915924,0.08795581012964249,0.08016589283943176,0.08696036040782928,0.0966581404209137,0.08842328190803528
159,1,0,0,0.0887325257062912,0.08935520797967911,0.08870343863964081,0.09246264398097992,0.08857554942369461,0.09358943998813629,0.09344001859426498,0.0928165465593338,0.10160871595144272,0.10867738723754883
160,1,0,0,0.028843138366937637,0.016268296167254448,0.01908310130238533,0.007039904594421387,0.009143026545643806,0.01708078570663929,0.011658265255391598,0.015851125121116638,0.005905806086957455,0.006966301705688238
161,4,0,0,0.05870860442519188,0.0579310767352581,0.055995482951402664,0.061164774000644684,0.06137281656265259,0.08319921046495438,0.06571447849273682,0.06711718440055847,0.07138152420520782,0.07517749071121216
162,4,1,1,0.8129332065582275,0.8533730506896973,0.8250923156738281,0.8577026724815369,0.8586287498474121,0.8153419494628906,0.8314110040664673,0.8198764324188232,0.8253875970840454,0.8363674879074097
163,1,0,0,0.0857962816953659,0.08496615290641785,0.08516825735569,0.08731503039598465,0.09208762645721436,0.08907649666070938,0.08392570167779922,0.08450616151094437,0.09589588642120361,0.08807991445064545
164,3,0,0,0.07270973175764084,0.08464488387107849,0.08423461019992828,0.07223501801490784,0.07130451500415802,0.07303693890571594,0.0778605043888092,0.07651124894618988,0.06955427676439285,0.06928683817386627
165,0,0,0,0.017172813415527344,0.012881399132311344,0.02062026783823967,0.011722160503268242,0.012684770859777927,0.012676763348281384,0.008871598169207573,0.012232930399477482,0.00768874678760767,0.010149417445063591
166,3,1,1,0.9718681573867798,0.9406085014343262,0.9457213878631592,0.9417117238044739,0.9431062340736389,0.9574472308158875,0.9448795914649963,0.9421255588531494,0.9422175884246826,0.9317895770072937
167,2,1,1,0.9974172711372375,0.9940750598907471,0.9964868426322937,0.9959989190101624,0.9948304891586304,0.9965598583221436,0.9918569922447205,0.9935287833213806,0.9928147792816162,0.9939049482345581
168,2,0,0,0.011616780422627926,0.010065831243991852,0.010925469920039177,0.008585512638092041,0.007623260375112295,0.008300473913550377,0.008094949647784233,0.007341186050325632,0.005802897270768881,0.0048514422960579395
169,4,0,0,0.2233632504940033,0.24489912390708923,0.23756662011146545,0.2689221203327179,0.18582527339458466,0.18623089790344238,0.2055080682039261,0.16114714741706848,0.20413076877593994,0.17271244525909424
170,1,0,0,0.5140084028244019,0.682858407497406,0.6364954710006714,0.549710750579834,0.49921950697898865,0.6693347692489624,0.8093807697296143,0.7896733283996582,0.722329318523407,0.8852588534355164
171,0,0,0,0.180937260389328,0.22352316975593567,0.19165638089179993,0.225067138671875,0.22845500707626343,0.2438569813966751,0.27075663208961487,0.24880249798297882,0.2616851031780243,0.25812456011772156
172,3,0,0,0.019024794921278954,0.02399289980530739,0.02046959474682808,0.015686582773923874,0.014883298426866531,0.010899252258241177,0.01189174223691225,0.011763999238610268,0.00921056978404522,0.009651277214288712
173,2,1,1,0.9916464686393738,0.9845641851425171,0.9854036569595337,0.9895395040512085,0.9841253757476807,0.9896491169929504,0.9791792035102844,0.9797412157058716,0.9840624332427979,0.9787827134132385
174,0,0,0,0.3067012131214142,0.3474375009536743,0.31014376878738403,0.3557746112346649,0.31789612770080566,0.17526128888130188,0.17036864161491394,0.1555335819721222,0.18266664445400238,0.18392764031887054
175,0,0,0,0.29224592447280884,0.19826115667819977,0.17922309041023254,0.19875739514827728,0.1687149703502655,0.3652150630950928,0.16786029934883118,0.17412395775318146,0.20480027794837952,0.20302121341228485
176,4,0,0,0.07979101687669754,0.0928126871585846,0.08831178396940231,0.0942021831870079,0.08245351910591125,0.09138423204421997,0.08782681822776794,0.08611366152763367,0.09270340949296951,0.09184373915195465
177,0,0,0,0.02647746354341507,0.008592937141656876,0.03295276686549187,0.008296327665448189,0.017224380746483803,0.014070376753807068,0.008217662572860718,0.018665414303541183,0.007384586613625288,0.01369701512157917
178,0,0,1,0.9761312007904053,0.9816515445709229,0.9767166376113892,0.9794718623161316,0.9779340624809265,0.9910990595817566,0.9899889230728149,0.987581729888916,0.990584135055542,0.9904018044471741
179,4,0,0,0.08310765773057938,0.08794427663087845,0.08634262531995773,0.0805901437997818,0.0918431282043457,0.09436273574829102,0.098093681037426,0.10024181008338928,0.09119191765785217,0.08969546854496002
180,3,0,0,0.10532505065202713,0.11500085890293121,0.089829221367836,0.1054081991314888,0.10009347647428513,0.0947522297501564,0.1573897749185562,0.13560470938682556,0.11500685662031174,0.09718024730682373
181,3,0,0,0.02762186899781227,0.027269290760159492,0.02581927925348282,0.01764245145022869,0.01778833381831646,0.015849588438868523,0.012297989800572395,0.012449527159333229,0.00832673255354166,0.00809931568801403
182,4,0,0,0.12280144542455673,0.12245876342058182,0.1259298026561737,0.11127643287181854,0.1294354796409607,0.12772631645202637,0.14164111018180847,0.1455155909061432,0.15368333458900452,0.15034902095794678
183,2,0,1,0.985341489315033,0.9827641248703003,0.9831029772758484,0.9845795035362244,0.9808834195137024,0.9855297803878784,0.9824706315994263,0.982005774974823,0.9814965724945068,0.9824809432029724
184,4,1,1,0.9784278273582458,0.9766783118247986,0.9687929749488831,0.969291627407074,0.9779939651489258,0.9650192260742188,0.9559453725814819,0.9590482711791992,0.9581071734428406,0.954866886138916
185,4,1,1,0.8679064512252808,0.8364498615264893,0.857441246509552,0.8425109386444092,0.8573452234268188,0.813619077205658,0.8099628686904907,0.808181881904602,0.8299288749694824,0.8396764397621155
186,4,0,0,0.3807046711444855,0.40746206045150757,0.3944782018661499,0.3996428847312927,0.40389323234558105,0.3805775046348572,0.3813022971153259,0.38780176639556885,0.3789999485015869,0.3753920793533325
187,1,1,1,0.6520028710365295,0.7211166620254517,0.71300208568573,0.7455500364303589,0.7387363314628601,0.6606569290161133,0.7128821611404419,0.7013950943946838,0.7290346622467041,0.7284178137779236
188,4,1,0,0.23767434060573578,0.25676536560058594,0.2535209655761719,0.2713702619075775,0.23754093050956726,0.2271209955215454,0.22317864000797272,0.2000359296798706,0.22200515866279602,0.20063214004039764
189,3,0,0,0.05493888631463051,0.06140672415494919,0.05723556876182556,0.05951131880283356,0.05737556889653206,0.06916914880275726,0.06285281479358673,0.06362069398164749,0.06293043494224548,0.06894264370203018
190,4,0,0,0.0722552165389061,0.06793291121721268,0.06949378550052643,0.0693075954914093,0.07281613349914551,0.08231738209724426,0.0777340680360794,0.07949776947498322,0.08055949211120605,0.08141624927520752
191,3,1,1,0.9089713096618652,0.9244405031204224,0.9024403691291809,0.9331357479095459,0.9178345203399658,0.8890812993049622,0.9167633056640625,0.9042820930480957,0.9269211888313293,0.9327059388160706
192,3,0,0,0.1323096752166748,0.13571874797344208,0.1339765340089798,0.1448054313659668,0.13785159587860107,0.12951934337615967,0.11803491413593292,0.12856876850128174,0.12538877129554749,0.14478792250156403
193,1,1,0,0.5965849161148071,0.6364869475364685,0.6388092637062073,0.6923900842666626,0.6637294888496399,0.5997817516326904,0.63838791847229,0.6324602365493774,0.6846824288368225,0.6825193166732788
194,1,1,1,0.9836145043373108,0.9848402738571167,0.981751561164856,0.983837366104126,0.9746399521827698,0.9731589555740356,0.9761483073234558,0.9744125008583069,0.97621750831604,0.9697510004043579
195,2,1,1,0.992271900177002,0.9762164354324341,0.9805867075920105,0.9825677275657654,0.9712744355201721,0.9911330342292786,0.9807872772216797,0.9677268266677856,0.9695073366165161,0.9539607763290405
196,3,1,1,0.9872667789459229,0.9855852723121643,0.986980140209198,0.9849921464920044,0.9841432571411133,0.9917659759521484,0.9903732538223267,0.9902353286743164,0.9856681823730469,0.9846827387809753
197,1,0,0,0.08855833113193512,0.08237665891647339,0.08467462658882141,0.08206991851329803,0.08052327483892441,0.06636947393417358,0.07304050028324127,0.032767899334430695,0.07110162824392319,0.03656112775206566
198,3,0,0,0.05862604081630707,0.06099725514650345,0.06164493411779404,0.06024933606386185,0.057976849377155304,0.07354119420051575,0.0638125017285347,0.07049392908811569,0.06639157235622406,0.06818770617246628
199,2,1,1,0.7079896926879883,0.7059338092803955,0.6953887343406677,0.7003576755523682,0.7239898443222046,0.817760705947876,0.7350829839706421,0.7489017844200134,0.7361794710159302,0.7661564946174622
200,3,0,1,0.8508895039558411,0.857259213924408,0.8198854923248291,0.8403290510177612,0.8356537222862244,0.8155547976493835,0.8573604822158813,0.842323899269104,0.8824304938316345,0.8589876890182495
201,3,0,0,0.09412114322185516,0.07827135920524597,0.08359117805957794,0.07573848962783813,0.08620220422744751,0.09277740120887756,0.08799009025096893,0.09252933412790298,0.09456982463598251,0.08990437537431717
202,2,0,0,0.01007467694580555,0.010881240479648113,0.011671802960336208,0.008753974922001362,0.006717240903526545,0.0038207611069083214,0.004977935925126076,0.003656555199995637,0.004612940363585949,0.004834518767893314
203,3,0,0,0.060131460428237915,0.05834318324923515,0.06258761882781982,0.05658453702926636,0.060442954301834106,0.06615711003541946,0.061531201004981995,0.06227584183216095,0.06287986785173416,0.06284520030021667
204,0,0,0,0.07231689989566803,0.06984922289848328,0.07185382395982742,0.06923280656337738,0.07800259441137314,0.08642140030860901,0.07791799306869507,0.08335858583450317,0.08194643259048462,0.08245168626308441
205,2,1,0,0.08648976683616638,0.08915447443723679,0.08978910744190216,0.08958649635314941,0.08301147818565369,0.09141050279140472,0.09392949193716049,0.09659929573535919,0.09375427663326263,0.09471596032381058
206,2,0,0,0.2950862646102905,0.22821611166000366,0.24862927198410034,0.2623097002506256,0.3107166886329651,0.14051668345928192,0.14798395335674286,0.11190740764141083,0.13541889190673828,0.13202837109565735
207,4,0,0,0.08305804431438446,0.14085692167282104,0.12523360550403595,0.14670221507549286,0.12590792775154114,0.1050584465265274,0.17150703072547913,0.15887515246868134,0.1546630561351776,0.16324643790721893
208,0,1,0,0.009758025407791138,0.01869957521557808,0.009731045924127102,0.020898766815662384,0.023611098527908325,0.0075141508132219315,0.011124251410365105,0.010086320340633392,0.01898219622671604,0.023631300777196884
209,2,1,1,0.7096041440963745,0.730011522769928,0.7011697292327881,0.716938853263855,0.7276367545127869,0.6995983719825745,0.7502908706665039,0.7013069987297058,0.7494737505912781,0.7015053033828735
210,3,1,0,0.32414013147354126,0.3609440326690674,0.3029330372810364,0.34008699655532837,0.3050454258918762,0.33201146125793457,0.35479113459587097,0.33354783058166504,0.349642276763916,0.3305891156196594
211,3,0,0,0.05858056992292404,0.06567993760108948,0.06434783339500427,0.08116753399372101,0.07422900944948196,0.06518885493278503,0.06692954152822495,0.06590577960014343,0.08308988809585571,0.07097862660884857
212,4,1,1,0.7689180374145508,0.810038149356842,0.7558043003082275,0.8029333353042603,0.7705696225166321,0.8027153611183167,0.820900559425354,0.8040878772735596,0.8125491738319397,0.8329854011535645
213,1,0,0,0.08969166874885559,0.08993567526340485,0.08856938034296036,0.09054961800575256,0.08834080398082733,0.07091659307479858,0.08270263671875,0.06888973712921143,0.0809401124715805,0.06349920481443405
214,1,0,0,0.11864928156137466,0.11892096698284149,0.11835096031427383,0.11168524622917175,0.10736645758152008,0.12328533828258514,0.1232876107096672,0.12094170600175858,0.129878968000412,0.12193774431943893
215,3,0,0,0.08035052567720413,0.08011224865913391,0.07866741716861725,0.07822570204734802,0.0764060690999031,0.08051613718271255,0.07823552191257477,0.07919427752494812,0.08062931150197983,0.07934638857841492
216,3,1,1,0.9980605244636536,0.9945862889289856,0.9964824914932251,0.9951370358467102,0.9958632588386536,0.9979877471923828,0.994468092918396,0.9950845241546631,0.9932108521461487,0.992671549320221
217,4,1,0,0.4782683849334717,0.49297481775283813,0.4910510182380676,0.5111427903175354,0.5323339700698853,0.46236979961395264,0.47478580474853516,0.5068328380584717,0.49944251775741577,0.5074046850204468
218,2,0,0,0.08907876163721085,0.09875309467315674,0.09146809577941895,0.09248606860637665,0.11046590656042099,0.09360470622777939,0.10963673144578934,0.09901825338602066,0.10185040533542633,0.1016760915517807
219,1,1,1,0.9921935796737671,0.980089545249939,0.988817572593689,0.9825536012649536,0.9864577054977417,0.9931586384773254,0.9891477823257446,0.9932209849357605,0.9874985218048096,0.9930236339569092
220,2,0,0,0.08426561206579208,0.08583691716194153,0.08363521844148636,0.0913209617137909,0.09932053089141846,0.07912337779998779,0.09454917907714844,0.10074274241924286,0.09954114258289337,0.10727241635322571
221,3,1,0,0.07286989688873291,0.08186416327953339,0.07873566448688507,0.08328399062156677,0.07681043446063995,0.08717592060565948,0.08154601603746414,0.08138764649629593,0.08206774294376373,0.08008161187171936
222,1,0,0,0.11785940825939178,0.1226494163274765,0.1200658455491066,0.11862890422344208,0.10470854490995407,0.1239154040813446,0.12330108135938644,0.1255265474319458,0.12325281649827957,0.12315408885478973
223,4,0,0,0.0642760694026947,0.05760010704398155,0.05992382392287254,0.058174315840005875,0.062329187989234924,0.0830158144235611,0.07742254436016083,0.0778723657131195,0.07955474406480789,0.07932573556900024
224,2,0,0,0.07157336920499802,0.07508167624473572,0.06886771321296692,0.0745672881603241,0.06975094974040985,0.0536905862390995,0.06951220333576202,0.054041702300310135,0.06615237891674042,0.05666813254356384
225,1,1,0,0.31084293127059937,0.35475802421569824,0.3315458297729492,0.32627934217453003,0.32509681582450867,0.36651724576950073,0.36468371748924255,0.3537824749946594,0.34220683574676514,0.3367708921432495
226,4,0,0,0.09299631416797638,0.09339314699172974,0.0875498503446579,0.09285532683134079,0.0891096442937851,0.09833258390426636,0.10322470963001251,0.09727278351783752,0.1048116609454155,0.1078549325466156
227,2,1,0,0.08225562423467636,0.09472575783729553,0.0875556468963623,0.09335529804229736,0.09813307970762253,0.08428260684013367,0.09529034793376923,0.08733649551868439,0.10184308886528015,0.08801143616437912
228,3,0,0,0.07712572067975998,0.07801176607608795,0.0792793333530426,0.0795554369688034,0.07672896981239319,0.07907603681087494,0.08030281960964203,0.0771707147359848,0.0813121646642685,0.08024488389492035
229,2,0,0,0.10061325132846832,0.1117384284734726,0.10452201217412949,0.11863792687654495,0.11291385442018509,0.0873887687921524,0.10523812472820282,0.09561845660209656,0.1095411479473114,0.09719131141901016
230,2,0,0,0.014739369973540306,0.00875138957053423,0.010542997159063816,0.007706965785473585,0.00735459802672267,0.007613558322191238,0.009804910980165005,0.008636620827019215,0.008337710052728653,0.00859491340816021
231,2,1,1,0.9616565704345703,0.9700499773025513,0.9711233377456665,0.9737138748168945,0.9787070155143738,0.9638144969940186,0.9812225103378296,0.977702260017395,0.9836421608924866,0.980527400970459
232,3,0,0,0.0899839997291565,0.07578275352716446,0.07540082186460495,0.0694645345211029,0.07842090725898743,0.08283528685569763,0.07707595825195312,0.07699057459831238,0.07929608970880508,0.07685012370347977
233,2,0,0,0.06442195922136307,0.07168292999267578,0.06990859657526016,0.06776387244462967,0.07368268817663193,0.08679088205099106,0.0869307592511177,0.0878184586763382,0.08648841828107834,0.08782141655683517
234,3,1,1,0.7406895756721497,0.6750792264938354,0.7340604066848755,0.6967008113861084,0.704410970211029,0.7996600270271301,0.7473474740982056,0.8138250112533569,0.7810329794883728,0.8225076198577881
235,4,0,0,0.0907859206199646,0.08247122913599014,0.09510655701160431,0.08985532820224762,0.10070516169071198,0.09819359332323074,0.10482025891542435,0.10367364436388016,0.10372654348611832,0.09637285768985748
236,0,0,1,0.6305375099182129,0.6519545316696167,0.6833754777908325,0.6495956182479858,0.6911322474479675,0.5955672264099121,0.6432812213897705,0.6685020327568054,0.6688369512557983,0.6700599193572998
237,3,0,0,0.060135629028081894,0.08225887268781662,0.08242440223693848,0.08602651953697205,0.07745856791734695,0.07227246463298798,0.07343322783708572,0.07568982988595963,0.08071298152208328,0.07842150330543518
238,4,1,1,0.9881513118743896,0.9838648438453674,0.9870476722717285,0.9850744605064392,0.9840501546859741,0.9841071367263794,0.9758216142654419,0.9722864031791687,0.9742909669876099,0.9745016098022461
239,0,0,0,0.12652131915092468,0.13279981911182404,0.1348043829202652,0.13895797729492188,0.1262025684118271,0.11970584094524384,0.13365310430526733,0.13534800708293915,0.1334242969751358,0.1278444081544876
240,4,0,0,0.09431847929954529,0.08641674369573593,0.08903969079256058,0.087259441614151,0.09385713934898376,0.10018493980169296,0.10363607853651047,0.10576675087213516,0.09698351472616196,0.09824410825967789
241,2,0,0,0.033623430877923965,0.0479750782251358,0.04306032881140709,0.06724381446838379,0.054179705679416656,0.02041386254131794,0.047102510929107666,0.0606510229408741,0.05020053684711456,0.049012135714292526
242,2,1,1,0.6768560409545898,0.6188724637031555,0.6055212616920471,0.649988055229187,0.6355608701705933,0.6478972434997559,0.6272993087768555,0.6219372153282166,0.6363109946250916,0.6333115100860596
243,3,0,0,0.09536612778902054,0.0932910218834877,0.0970052033662796,0.10008504986763,0.09998895227909088,0.08769520372152328,0.09999721497297287,0.09658756107091904,0.09898914396762848,0.10198812186717987
244,4,0,0,0.3472461402416229,0.4104540944099426,0.36570361256599426,0.3942613899707794,0.3829266428947449,0.12698936462402344,0.16529259085655212,0.1508598029613495,0.17887550592422485,0.15679898858070374
245,2,0,0,0.018036218360066414,0.02752523496747017,0.026468034833669662,0.049386538565158844,0.04555888846516609,0.009077022783458233,0.023484766483306885,0.022743668407201767,0.03950992226600647,0.04280349612236023
246,4,0,1,0.6428835391998291,0.5554517507553101,0.6285097599029541,0.5265424251556396,0.6139463782310486,0.5322586297988892,0.521575927734375,0.6179230809211731,0.535905122756958,0.5898929834365845
247,1,0,0,0.5937008857727051,0.6277685761451721,0.6192766427993774,0.6421343088150024,0.6194162964820862,0.6110998392105103,0.6454039812088013,0.6295664310455322,0.6812490224838257,0.647574245929718
248,1,1,1,0.8261100649833679,0.8721314072608948,0.8506665825843811,0.8851016163825989,0.8628937602043152,0.8448107242584229,0.8839257955551147,0.8704969882965088,0.8859943151473999,0.8773185014724731
249,1,1,0,0.3663570284843445,0.3347007930278778,0.3878321647644043,0.33416256308555603,0.37387412786483765,0.3771827220916748,0.3750481903553009,0.4314328134059906,0.3541373610496521,0.4257660210132599
250,0,0,0,0.060687433928251266,0.050482358783483505,0.05511416494846344,0.05736705660820007,0.0608212947845459,0.028212442994117737,0.04306816682219505,0.048783741891384125,0.071124367415905,0.057243991643190384
251,2,0,0,0.07105037569999695,0.07391566783189774,0.06664575636386871,0.07493065297603607,0.07041705399751663,0.07491393387317657,0.07471393048763275,0.07069756090641022,0.0795970931649208,0.07057586312294006
252,0,0,0,0.0658688098192215,0.09374231100082397,0.10738375782966614,0.11760217696428299,0.10040754824876785,0.039385486394166946,0.05813142657279968,0.07539822906255722,0.06572514027357101,0.06241589039564133
253,3,0,0,0.1812596619129181,0.1963273286819458,0.19927993416786194,0.18630282580852509,0.16592158377170563,0.21725329756736755,0.2348032146692276,0.2260342836380005,0.21932074427604675,0.20306651294231415
254,4,0,0,0.04536914825439453,0.027152366936206818,0.026394309476017952,0.024676620960235596,0.0251119676977396,0.057060956954956055,0.037066277116537094,0.035232074558734894,0.02988509088754654,0.02570204623043537
255,4,0,0,0.5620929002761841,0.3789033591747284,0.40379735827445984,0.36954501271247864,0.37728971242904663,0.5449138283729553,0.4165579080581665,0.4098636507987976,0.401839017868042,0.39694783091545105
256,4,1,1,0.6271359920501709,0.6064320206642151,0.6065372228622437,0.673451840877533,0.6432021856307983,0.6141352653503418,0.6289156079292297,0.6559684872627258,0.663114070892334,0.687536358833313
257,3,1,1,0.9513523578643799,0.9599116444587708,0.94745934009552,0.9729732275009155,0.9561622738838196,0.9475796222686768,0.9679492712020874,0.9555002450942993,0.9739896059036255,0.9668209552764893
258,1,1,1,0.9972034692764282,0.9957305788993835,0.9967138767242432,0.9948974251747131,0.9954965114593506,0.9965402483940125,0.9958600401878357,0.9953300952911377,0.9930112957954407,0.994372546672821
259,4,1,1,0.9671468734741211,0.9773846864700317,0.9797626733779907,0.9768223762512207,0.9803564548492432,0.9757130146026611,0.9798691272735596,0.983583390712738,0.9827699661254883,0.9796143174171448
260,4,1,1,0.9514609575271606,0.9503316283226013,0.9540561437606812,0.9450668692588806,0.9509320259094238,0.9579010009765625,0.9562054872512817,0.9588863849639893,0.9460947513580322,0.9300437569618225
261,3,0,0,0.07080480456352234,0.06907886266708374,0.07341941446065903,0.07178769260644913,0.07005593180656433,0.07413626462221146,0.07617257535457611,0.07229410111904144,0.07607389241456985,0.07244375348091125
262,4,1,0,0.45328161120414734,0.6882463693618774,0.6721557974815369,0.7518269419670105,0.7102928161621094,0.20435689389705658,0.44191914796829224,0.4198949933052063,0.6055158376693726,0.5253919363021851
263,2,0,0,0.3316361606121063,0.28701555728912354,0.31774649024009705,0.2502056062221527,0.26970478892326355,0.3970488905906677,0.3265019655227661,0.3599271774291992,0.2851523756980896,0.35057199001312256
264,1,0,0,0.12098639458417892,0.11243568360805511,0.1241736114025116,0.1404804289340973,0.13289698958396912,0.10254460573196411,0.0991210788488388,0.12938864529132843,0.11436675488948822,0.12156754732131958
265,1,0,1,0.7441335320472717,0.7436273097991943,0.7429162263870239,0.7473688125610352,0.7773406505584717,0.8564646244049072,0.8447253704071045,0.9684284925460815,0.8158242106437683,0.9679235219955444
266,2,0,0,0.07801465690135956,0.07805883139371872,0.07941503077745438,0.08206833153963089,0.09102226793766022,0.07856512069702148,0.08506426215171814,0.08311966806650162,0.08009812235832214,0.08518780022859573
267,3,0,0,0.022491827607154846,0.0237997155636549,0.021210914477705956,0.01680408976972103,0.014238236472010612,0.02256721444427967,0.01737055741250515,0.018511341884732246,0.016582967713475227,0.0114600146189332
268,1,1,0,0.0655159130692482,0.06970372796058655,0.06999551504850388,0.07565675675868988,0.08538111299276352,0.05410604923963547,0.06446021050214767,0.05163067579269409,0.07824482768774033,0.05322400853037834
269,4,1,1,0.9735429883003235,0.9693852663040161,0.972948431968689,0.9511070251464844,0.9404544830322266,0.9727598428726196,0.9744535684585571,0.9690919518470764,0.9635120630264282,0.9538671970367432
270,2,1,1,0.9826641082763672,0.9820188283920288,0.986201286315918,0.9827514886856079,0.9830697774887085,0.9829626083374023,0.9822329878807068,0.9793944358825684,0.9865190982818604,0.9812082648277283
271,1,0,0,0.20508748292922974,0.2454083263874054,0.24930766224861145,0.23753952980041504,0.26113516092300415,0.22407492995262146,0.27681657671928406,0.26910147070884705,0.23765024542808533,0.22311663627624512
272,4,1,0,0.040373727679252625,0.026919255033135414,0.02400248497724533,0.03125793859362602,0.0285516157746315,0.045290905982255936,0.024117890745401382,0.025776738300919533,0.029173871502280235,0.03688623383641243
273,2,1,1,0.9851183891296387,0.9814861416816711,0.9811971783638,0.9862232208251953,0.9769755601882935,0.9869385957717896,0.9828415513038635,0.984308123588562,0.9826533794403076,0.9836663603782654
274,0,0,0,0.27130356431007385,0.33724528551101685,0.2981272339820862,0.33648478984832764,0.3208655118942261,0.3235534727573395,0.3523637056350708,0.317657470703125,0.3616613745689392,0.3291012644767761
275,3,1,1,0.7424085736274719,0.7311291098594666,0.7264624834060669,0.7370535731315613,0.733700692653656,0.7973292469978333,0.7823677062988281,0.7914850115776062,0.7716342210769653,0.7791814804077148
276,4,1,1,0.976116418838501,0.9724572896957397,0.9795086979866028,0.9750798940658569,0.9721410870552063,0.9812690019607544,0.9787485599517822,0.9847565293312073,0.9784702658653259,0.9809855818748474
277,1,0,0,0.5109578371047974,0.4976120889186859,0.5107623338699341,0.5534180998802185,0.5294240713119507,0.5750957727432251,0.5669645071029663,0.5905327200889587,0.5866602659225464,0.6246630549430847
278,2,0,0,0.07244383543729782,0.09827432036399841,0.09373819828033447,0.093719981610775,0.09384641796350479,0.03883152827620506,0.08891493827104568,0.11996262520551682,0.12705561518669128,0.12008271366357803
279,1,0,0,0.012721366249024868,0.00982243288308382,0.011520013213157654,0.005363086238503456,0.0050440216436982155,0.00582028366625309,0.0061799571849405766,0.004609560128301382,0.004192601423710585,0.0034020361490547657
280,2,1,0,0.5306805372238159,0.49502047896385193,0.5211847424507141,0.4646875262260437,0.5313221216201782,0.5321561098098755,0.5209784507751465,0.492283433675766,0.45756280422210693,0.4892325699329376
281,3,0,0,0.047391168773174286,0.046351633965969086,0.04476562887430191,0.04644814878702164,0.040864937007427216,0.06165328621864319,0.0512370727956295,0.055683791637420654,0.05423269420862198,0.05574700981378555
282,1,0,0,0.06563262641429901,0.052075374871492386,0.05048254132270813,0.01739910989999771,0.021499373018741608,0.06551650911569595,0.04963049292564392,0.04537562280893326,0.016254162415862083,0.01357702910900116
283,0,0,0,0.09016966819763184,0.10452470183372498,0.10006702691316605,0.09931592643260956,0.09599832445383072,0.09339366853237152,0.09728635102510452,0.1022852286696434,0.1032763421535492,0.10215432196855545
284,0,1,0,0.0920964702963829,0.09686154127120972,0.09969761967658997,0.09823374450206757,0.09899106621742249,0.09733649343252182,0.0991247221827507,0.09738872945308685,0.09824535250663757,0.10580708831548691
285,2,0,0,0.34136947989463806,0.3259657025337219,0.3327755928039551,0.34096747636795044,0.34254544973373413,0.23570996522903442,0.3142572045326233,0.2457297146320343,0.2743658423423767,0.27387121319770813
286,0,0,0,0.08747554570436478,0.08359609544277191,0.08922519534826279,0.08240613341331482,0.09471948444843292,0.09354259818792343,0.08746635168790817,0.09832030534744263,0.08749563992023468,0.09625115245580673
287,0,1,0,0.08473384380340576,0.083089679479599,0.08526375144720078,0.08037781715393066,0.08537236601114273,0.09144163131713867,0.08924832940101624,0.0847414880990982,0.08822451531887054,0.09045803546905518
288,0,0,0,0.08201639354228973,0.08886589854955673,0.087215855717659,0.08901014924049377,0.09353505074977875,0.09082043170928955,0.08966969698667526,0.09147077798843384,0.09712393581867218,0.09293852746486664
289,1,1,0,0.10110726952552795,0.1033967062830925,0.09837980568408966,0.09788087010383606,0.10043984651565552,0.10832692682743073,0.1117280125617981,0.11101971566677094,0.10382235050201416,0.10606411844491959
290,1,1,1,0.6958721876144409,0.6957968473434448,0.6954402327537537,0.7069375514984131,0.708967924118042,0.6689159274101257,0.677706241607666,0.6820735335350037,0.7242397665977478,0.6428238153457642
291,0,1,1,0.9702381491661072,0.9474660754203796,0.9462485313415527,0.9571325778961182,0.9614353179931641,0.9577687978744507,0.9254508018493652,0.914897084236145,0.944904088973999,0.9369083642959595
292,4,1,1,0.986521303653717,0.9875146746635437,0.9861770868301392,0.9868453145027161,0.9858469367027283,0.986832857131958,0.9885470271110535,0.9863454699516296,0.9885802268981934,0.9855871200561523
293,2,0,0,0.3682432472705841,0.20202496647834778,0.31124255061149597,0.20553803443908691,0.26754847168922424,0.4414135217666626,0.26562511920928955,0.4496596157550812,0.23947735130786896,0.4218069612979889
294,0,0,1,0.5132552981376648,0.5740890502929688,0.5574625730514526,0.5898137092590332,0.5907451510429382,0.5082032680511475,0.5522114038467407,0.5633578300476074,0.5929047465324402,0.567514181137085
295,2,0,0,0.07494305074214935,0.07567642629146576,0.07415640354156494,0.0767602026462555,0.07360003888607025,0.07019029557704926,0.07424376904964447,0.0672757625579834,0.07707396149635315,0.0710178017616272
296,4,0,0,0.22717571258544922,0.25459203124046326,0.24587035179138184,0.276039183139801,0.20049595832824707,0.19185960292816162,0.21306785941123962,0.16127030551433563,0.2072531282901764,0.17138728499412537
297,2,0,0,0.07991881668567657,0.08294492959976196,0.0786779522895813,0.08022245764732361,0.07720264792442322,0.08360648155212402,0.08513496071100235,0.08627604693174362,0.09134352207183838,0.0849931538105011
298,4,0,1,0.9652737975120544,0.9791650176048279,0.9755155444145203,0.9767888188362122,0.9789961576461792,0.9687702655792236,0.9700711965560913,0.9715014100074768,0.9734182953834534,0.9676464796066284
299,2,1,0,0.27254366874694824,0.31150132417678833,0.28730618953704834,0.3027932643890381,0.3019135594367981,0.32663050293922424,0.3423719108104706,0.324684739112854,0.33720141649246216,0.30583322048187256
300,3,1,1,0.9331846833229065,0.9239777326583862,0.9143410921096802,0.9142636656761169,0.9001217484474182,0.9502974152565002,0.9511201977729797,0.9368366003036499,0.9458065032958984,0.9328762292861938
301,1,1,1,0.8985650539398193,0.7796684503555298,0.7644631862640381,0.7689902186393738,0.8012489676475525,0.9045203924179077,0.7701655626296997,0.7997881174087524,0.7874069213867188,0.7746139168739319
302,3,1,0,0.07169456779956818,0.07037219405174255,0.06815096735954285,0.07593178749084473,0.06779404729604721,0.07249562442302704,0.06327466666698456,0.06071964651346207,0.06107683107256889,0.06609112024307251
303,4,0,0,0.043808866292238235,0.02936815284192562,0.028309613466262817,0.037456754595041275,0.029151223599910736,0.04826772212982178,0.02866780385375023,0.02827402949333191,0.031079968437552452,0.03613336756825447
304,4,1,1,0.9559972882270813,0.9433757066726685,0.9500436186790466,0.9443478584289551,0.9607950448989868,0.9699764251708984,0.9599223136901855,0.9601109027862549,0.9576263427734375,0.9599928259849548
305,0,0,0,0.08279743045568466,0.07883238792419434,0.07862184941768646,0.0847221240401268,0.08831466734409332,0.0888632982969284,0.08197689056396484,0.08130961656570435,0.09433894604444504,0.08558095991611481
306,1,1,0,0.15414604544639587,0.15412475168704987,0.16425101459026337,0.15108823776245117,0.11411312967538834,0.14173001050949097,0.31746944785118103,0.2469356656074524,0.17703232169151306,0.15664386749267578
307,0,1,1,0.9910567998886108,0.9832189679145813,0.984290361404419,0.9821968078613281,0.9858160018920898,0.987190306186676,0.9779397249221802,0.9807618260383606,0.9840326309204102,0.9824807047843933
308,4,1,1,0.9812466502189636,0.979996383190155,0.9773432612419128,0.9766058921813965,0.9755868911743164,0.9818437099456787,0.9801462292671204,0.9734891653060913,0.9783951640129089,0.9741144776344299
309,1,0,0,0.09129989147186279,0.11130082607269287,0.10274285078048706,0.11566101014614105,0.11540500819683075,0.0985201969742775,0.10709255188703537,0.10837569832801819,0.11707459390163422,0.11344042420387268
310,1,1,1,0.9904974699020386,0.9827675819396973,0.9876951575279236,0.9825816750526428,0.9849376678466797,0.9919478297233582,0.9863947629928589,0.9913301467895508,0.986781656742096,0.9926543831825256
311,1,1,1,0.9828360080718994,0.9820923805236816,0.9837870001792908,0.9840259552001953,0.9833593964576721,0.9827468395233154,0.9884321093559265,0.9875694513320923,0.987737238407135,0.9850167036056519
312,4,1,1,0.9558470249176025,0.9733630418777466,0.9658529758453369,0.9612201452255249,0.9694125652313232,0.9585120677947998,0.9252264499664307,0.9443060159683228,0.950922966003418,0.9498946666717529
313,2,0,1,0.9439524412155151,0.9537363052368164,0.9563218355178833,0.9657834768295288,0.9654695391654968,0.938210129737854,0.9571101069450378,0.9546188116073608,0.9656667709350586,0.9561246633529663
314,0,0,0,0.08403626829385757,0.08380632847547531,0.08676188439130783,0.08455201983451843,0.09377183765172958,0.08695806562900543,0.08922246843576431,0.09268981218338013,0.09312804043292999,0.09748110175132751
315,0,0,0,0.0809546560049057,0.07736198604106903,0.07521174848079681,0.07587071508169174,0.09481863677501678,0.08809062838554382,0.08905626088380814,0.08249486982822418,0.08865348249673843,0.0843573659658432
316,1,1,0,0.592198371887207,0.6217038035392761,0.6102722883224487,0.6422370076179504,0.6570361852645874,0.6103676557540894,0.6351426839828491,0.6208715438842773,0.6830419898033142,0.6283087134361267
317,1,1,1,0.8620375990867615,0.8422877788543701,0.834796130657196,0.821772038936615,0.8151183128356934,0.8705931901931763,0.8643350601196289,0.8049410581588745,0.8088008165359497,0.7724674940109253
318,2,0,0,0.08854882419109344,0.09775464236736298,0.09426985681056976,0.09617306292057037,0.09231144189834595,0.08216288685798645,0.0999336913228035,0.08294519782066345,0.09937215596437454,0.08371095359325409
319,2,1,1,0.9837017059326172,0.9729464054107666,0.9721218347549438,0.9757797718048096,0.9707778096199036,0.982064962387085,0.9718118906021118,0.9723367094993591,0.9832320213317871,0.9706923961639404
320,2,1,1,0.9968121647834778,0.9897258281707764,0.995461106300354,0.9956926107406616,0.9956844449043274,0.9948655366897583,0.9829826354980469,0.9896343350410461,0.9888070225715637,0.9924198389053345
321,2,0,0,0.07641086727380753,0.08099912852048874,0.07734045386314392,0.07967306673526764,0.07477706670761108,0.0649196207523346,0.07677304744720459,0.07368642091751099,0.08018234372138977,0.07558341324329376
322,2,0,0,0.09166872501373291,0.07227091491222382,0.08120927214622498,0.07448074221611023,0.0836220309138298,0.0838838666677475,0.08701139688491821,0.08099120855331421,0.0890706479549408,0.07800949364900589
323,0,1,1,0.8928912281990051,0.8833286762237549,0.874919056892395,0.874280571937561,0.8523409366607666,0.8954904079437256,0.8947804570198059,0.8892053961753845,0.8936132788658142,0.8897900581359863
324,4,1,1,0.9818521738052368,0.9796675443649292,0.9809826612472534,0.9776800870895386,0.9768821001052856,0.9745222330093384,0.978252112865448,0.9744940996170044,0.9748689532279968,0.9739077091217041
325,0,0,0,0.013251984491944313,0.006936204619705677,0.005928776692599058,0.008006119169294834,0.006327773444354534,0.006271807011216879,0.00439576618373394,0.0038104099221527576,0.004721039440482855,0.005129462108016014
326,4,1,1,0.9851628541946411,0.9814167022705078,0.9877393245697021,0.9844467639923096,0.9844524264335632,0.9807335734367371,0.9830545783042908,0.9807587265968323,0.9841388463973999,0.9811819195747375
327,1,0,0,0.05405903607606888,0.0507940910756588,0.04615461081266403,0.055246420204639435,0.04624094441533089,0.06794369220733643,0.06355420500040054,0.0653550997376442,0.06578279286623001,0.06928431987762451
328,3,1,1,0.9300603270530701,0.9196715354919434,0.9360166192054749,0.9392668008804321,0.9408963322639465,0.9504404664039612,0.9398746490478516,0.9651022553443909,0.9407799243927002,0.9562304019927979
329,4,1,1,0.9203523397445679,0.8831503391265869,0.8897758722305298,0.8816591501235962,0.8899767398834229,0.8983588814735413,0.8472427725791931,0.8833827972412109,0.8473673462867737,0.857424795627594
330,2,1,1,0.9971071481704712,0.9948120713233948,0.9953867793083191,0.9961753487586975,0.9940371513366699,0.9946131110191345,0.9908298850059509,0.98978191614151,0.9925227165222168,0.9885759949684143
331,3,1,1,0.6743600368499756,0.7043060064315796,0.6947997808456421,0.6830469965934753,0.6882103681564331,0.6847519874572754,0.6961883902549744,0.7269461154937744,0.7052304744720459,0.7323279976844788
332,0,0,0,0.22733594477176666,0.2804398834705353,0.24925768375396729,0.2832057774066925,0.2476465404033661,0.26671385765075684,0.2936028838157654,0.2717588543891907,0.2980377674102783,0.28318578004837036
333,2,0,0,0.35296884179115295,0.33836978673934937,0.3246195912361145,0.3328206539154053,0.30655109882354736,0.38765257596969604,0.36454975605010986,0.36731308698654175,0.3399043381214142,0.34667089581489563
334,2,0,0,0.01451168954372406,0.015528569929301739,0.014638029038906097,0.011986887082457542,0.010838105343282223,0.00875504408031702,0.016525402665138245,0.011613555252552032,0.012801694683730602,0.010468647815287113
335,3,1,1,0.9592668414115906,0.92750084400177,0.9333044290542603,0.9477882385253906,0.9304267168045044,0.945915162563324,0.9336038827896118,0.9224517941474915,0.9411322474479675,0.9485044479370117
336,0,0,0,0.07915916293859482,0.08433520793914795,0.07887277752161026,0.08574721217155457,0.08862148225307465,0.07833321392536163,0.0819292888045311,0.07530784606933594,0.08959466218948364,0.08153574168682098
337,0,0,0,0.417454332113266,0.4705016613006592,0.45892414450645447,0.47965216636657715,0.43634992837905884,0.40531137585639954,0.4646908938884735,0.44600364565849304,0.44101256132125854,0.42218661308288574
338,1,1,1,0.9967153668403625,0.995591402053833,0.9971731901168823,0.9955552816390991,0.9961147904396057,0.9963037967681885,0.9957707524299622,0.9960287809371948,0.993244469165802,0.9961606860160828
339,3,1,0,0.0481942817568779,0.048465706408023834,0.04885055497288704,0.04626704752445221,0.04515964910387993,0.06992847472429276,0.0579279325902462,0.0664915218949318,0.059465162456035614,0.06143385171890259
340,3,0,0,0.2634643018245697,0.31263330578804016,0.25988849997520447,0.29629990458488464,0.2560468316078186,0.29051217436790466,0.3163362741470337,0.3020477592945099,0.3118327856063843,0.29184406995773315
341,4,1,1,0.9856042861938477,0.9805516004562378,0.977337658405304,0.9704474210739136,0.977777898311615,0.9759235382080078,0.9744044542312622,0.9707965850830078,0.9716441631317139,0.9653818607330322
342,0,1,1,0.9532360434532166,0.870114803314209,0.871692419052124,0.8971609473228455,0.8807282447814941,0.9530187249183655,0.8636264801025391,0.8707209825515747,0.8720276951789856,0.8917943835258484
343,3,0,0,0.12540271878242493,0.10002443939447403,0.1143566146492958,0.10411281138658524,0.11159466952085495,0.12152865529060364,0.0975775271654129,0.10861900448799133,0.10124453902244568,0.11671148240566254
344,0,0,0,0.1148843914270401,0.1206415593624115,0.12387760728597641,0.12305204570293427,0.12078308314085007,0.11851700395345688,0.12915746867656708,0.1263454109430313,0.12059220671653748,0.11546728760004044
345,2,0,0,0.10137665271759033,0.10626012086868286,0.10443070530891418,0.10502399504184723,0.1265973001718521,0.1131010353565216,0.1107785701751709,0.11555054783821106,0.11406414210796356,0.11215788125991821
346,0,1,1,0.9771406054496765,0.9275128841400146,0.9195874333381653,0.9342691898345947,0.9263124465942383,0.9819292426109314,0.9453874826431274,0.9307662844657898,0.9342160224914551,0.9079403877258301
347,3,1,1,0.703977108001709,0.6671242713928223,0.6835809350013733,0.6948963403701782,0.6945639848709106,0.7060496211051941,0.6901925206184387,0.6950485706329346,0.7039179801940918,0.7232668399810791
348,0,1,1,0.5511661767959595,0.6188682913780212,0.5533231496810913,0.6402801871299744,0.6517194509506226,0.5730062127113342,0.5908800363540649,0.569574773311615,0.6333231925964355,0.6082848906517029
349,0,1,1,0.9371523261070251,0.9408668279647827,0.9588751792907715,0.9430163502693176,0.9517838954925537,0.9443947076797485,0.9325000643730164,0.9340789914131165,0.9336748123168945,0.9364174008369446
350,2,0,0,0.0655638724565506,0.06035340949892998,0.06884501129388809,0.06001761555671692,0.06835721433162689,0.0889841765165329,0.07980883121490479,0.08834172785282135,0.08306902647018433,0.09026249498128891
351,0,0,0,0.08285042643547058,0.08963844925165176,0.0862705186009407,0.08568982034921646,0.09463996440172195,0.08931830525398254,0.0873834639787674,0.08862102031707764,0.09054622054100037,0.0884840339422226
352,1,0,0,0.3456670045852661,0.3457016348838806,0.3350026607513428,0.34599190950393677,0.34706196188926697,0.3886141777038574,0.4154118597507477,0.45733270049095154,0.39592427015304565,0.4023202955722809
353,4,0,0,0.09796719998121262,0.08556565642356873,0.08179190754890442,0.06559520959854126,0.061251092702150345,0.09528221189975739,0.07404503971338272,0.07130905240774155,0.05807546526193619,0.05596534162759781
354,1,0,0,0.029471661895513535,0.01784811168909073,0.01594484969973564,0.009286695159971714,0.010010632686316967,0.03961007297039032,0.025560766458511353,0.0204785093665123,0.015859849750995636,0.010173236951231956
355,4,0,0,0.08103027194738388,0.08240773528814316,0.07954554259777069,0.08487940579652786,0.08152628690004349,0.08664307743310928,0.08785627782344818,0.08601675182580948,0.08751560747623444,0.08548364043235779
356,2,0,0,0.09953497350215912,0.08618146926164627,0.09516182541847229,0.08480405062437057,0.10052835941314697,0.11985920369625092,0.12072907388210297,0.1359492540359497,0.12565362453460693,0.12807688117027283
357,3,1,1,0.997069776058197,0.9945452809333801,0.9969097375869751,0.9966915845870972,0.9966500997543335,0.9975512027740479,0.9951661825180054,0.9956561326980591,0.9943389892578125,0.9940468072891235
358,0,0,1,0.8460825085639954,0.8481719493865967,0.8451198935508728,0.8381538391113281,0.8172569870948792,0.8518723845481873,0.8693631887435913,0.8620592951774597,0.8835607767105103,0.8776431083679199
359,1,1,1,0.7394068837165833,0.7449675798416138,0.7466204762458801,0.7562445402145386,0.7853066921234131,0.8506015539169312,0.8225488662719727,0.9462886452674866,0.8262542486190796,0.944149911403656
360,1,1,1,0.7394068837165833,0.7449675798416138,0.7466204762458801,0.7562445402145386,0.7853066921234131,0.8506015539169312,0.8225488662719727,0.9462886452674866,0.8262542486190796,0.944149911403656
361,2,0,0,0.009100929833948612,0.014727979898452759,0.012945766560733318,0.010729480534791946,0.010472595691680908,0.006575569976121187,0.009187738411128521,0.006978418678045273,0.007751814555376768,0.006968664936721325
362,2,0,0,0.10180183500051498,0.1071958914399147,0.10617072135210037,0.10783524811267853,0.11877666413784027,0.09800855815410614,0.10618199408054352,0.10500764846801758,0.10042385011911392,0.1024346724152565
363,0,0,0,0.01804446242749691,0.05185477435588837,0.03878594934940338,0.06954209506511688,0.07279905676841736,0.011486568488180637,0.03746452182531357,0.036211974918842316,0.04289020225405693,0.02844679169356823
364,0,0,0,0.08376240730285645,0.07542794942855835,0.08111695200204849,0.07718420773744583,0.08854389935731888,0.09108350425958633,0.08863255381584167,0.0918186753988266,0.09297960996627808,0.08905778080224991
365,1,0,0,0.0694541484117508,0.06959223002195358,0.07074916362762451,0.08063064515590668,0.07410338521003723,0.04300332069396973,0.04248536378145218,0.03186967968940735,0.04764053598046303,0.02892075479030609
366,0,0,0,0.09107248485088348,0.08675405383110046,0.09409604966640472,0.08736096322536469,0.10144303739070892,0.09388548135757446,0.09278025478124619,0.0949813649058342,0.10083049535751343,0.094007208943367
367,3,1,1,0.9605536460876465,0.9560970664024353,0.9650278687477112,0.9704393744468689,0.9726287126541138,0.9771381616592407,0.9772303104400635,0.9847910404205322,0.9786626100540161,0.9794883728027344
368,1,1,1,0.6823463439941406,0.7502442598342896,0.7075393795967102,0.7270203828811646,0.7522056698799133,0.7291456460952759,0.785346508026123,0.7763293385505676,0.7605659365653992,0.8386397361755371
369,4,1,1,0.6850523352622986,0.6742411255836487,0.683495044708252,0.6827091574668884,0.7079620957374573,0.7152093648910522,0.6998968720436096,0.7079278826713562,0.7105687856674194,0.7272834777832031
370,0,1,1,0.9890565872192383,0.9902486801147461,0.9903056621551514,0.9897946119308472,0.9902279376983643,0.9932003617286682,0.9934826493263245,0.9916914701461792,0.9933315515518188,0.9919320344924927
371,3,1,1,0.57024085521698,0.5417017936706543,0.5995790362358093,0.5544056296348572,0.6422837972640991,0.49773943424224854,0.45570647716522217,0.5506413578987122,0.45793652534484863,0.5390087366104126
372,0,0,0,0.08936872333288193,0.09754399210214615,0.09188498556613922,0.09760025888681412,0.1004224345088005,0.07947702705860138,0.09585513919591904,0.09609194844961166,0.1000351831316948,0.09862812608480453
373,0,0,0,0.08590339124202728,0.09499921649694443,0.08958396315574646,0.09431709349155426,0.09445846080780029,0.07703840732574463,0.09360790252685547,0.09009449183940887,0.0919221043586731,0.0954165905714035
374,1,0,0,0.30128785967826843,0.3439089059829712,0.3258926570415497,0.3090056777000427,0.3123718500137329,0.2636058032512665,0.31914734840393066,0.29168349504470825,0.29532575607299805,0.27221861481666565
375,4,0,0,0.05642395094037056,0.05055522918701172,0.056650664657354355,0.0372607558965683,0.034705206751823425,0.04433043673634529,0.043565161526203156,0.052033789455890656,0.03898204118013382,0.035190872848033905
376,2,1,1,0.9790125489234924,0.9720731377601624,0.9706616997718811,0.9734910130500793,0.9740529656410217,0.977972686290741,0.9765073657035828,0.9711320996284485,0.9723313450813293,0.9694290161132812
377,4,1,1,0.5550096035003662,0.541452944278717,0.5503166913986206,0.5691443085670471,0.5733134746551514,0.5642753839492798,0.5527430772781372,0.5766385793685913,0.558922529220581,0.589555025100708
378,1,0,0,0.37078186869621277,0.3629422187805176,0.3840097188949585,0.38051000237464905,0.381407767534256,0.33249804377555847,0.32725709676742554,0.3132111430168152,0.3300561010837555,0.31610071659088135
379,3,0,0,0.08083073794841766,0.07954832166433334,0.07802122831344604,0.07615214586257935,0.07504413276910782,0.07778195291757584,0.07804103940725327,0.07332190871238708,0.07792775332927704,0.07415874302387238
380,1,0,0,0.09050537645816803,0.07384063303470612,0.07497211545705795,0.09541472047567368,0.08967983722686768,0.0931883305311203,0.06421996653079987,0.06339117884635925,0.07847458869218826,0.08295507729053497
381,1,1,1,0.9919407367706299,0.9919841885566711,0.9921009540557861,0.9889870285987854,0.9880201816558838,0.9896509647369385,0.9906443357467651,0.9893738627433777,0.9874553680419922,0.9861610531806946
382,0,1,1,0.8455060720443726,0.9559602737426758,0.9606199860572815,0.9682359099388123,0.9667596817016602,0.7771776914596558,0.9656475782394409,0.9600441455841064,0.9633726477622986,0.9586983919143677
383,2,0,0,0.21934053301811218,0.18910722434520721,0.2198311984539032,0.21236643195152283,0.20166032016277313,0.3285304605960846,0.1811254918575287,0.19628749787807465,0.17449086904525757,0.16364437341690063
384,0,1,1,0.9770047068595886,0.9539170861244202,0.9555292129516602,0.9519618153572083,0.9490154385566711,0.9774935841560364,0.9454421997070312,0.9366692900657654,0.9429658651351929,0.9295353293418884
385,1,0,0,0.08293256908655167,0.08506453037261963,0.08416038006544113,0.0859813392162323,0.08663661032915115,0.0722275823354721,0.07832459360361099,0.05748381465673447,0.08023100346326828,0.05524291470646858
386,1,0,0,0.2505599558353424,0.1938749998807907,0.17747913300991058,0.2635037899017334,0.21767085790634155,0.2224244922399521,0.13060496747493744,0.12496483325958252,0.1413400024175644,0.13195385038852692
387,2,0,0,0.03408239036798477,0.02613246440887451,0.023496847599744797,0.015154913999140263,0.014536717906594276,0.022485336288809776,0.019569775089621544,0.015772316604852676,0.013565029948949814,0.012021942995488644
388,4,1,1,0.764238178730011,0.8036646246910095,0.7658507227897644,0.7942140102386475,0.7681396007537842,0.8225585222244263,0.831196665763855,0.8150469660758972,0.8203678131103516,0.8330048322677612
389,3,0,0,0.07011031359434128,0.06805193424224854,0.07032410055398941,0.0689859688282013,0.06833969801664352,0.0740455836057663,0.07569557428359985,0.07002859562635422,0.07952871918678284,0.07458020746707916
390,1,1,1,0.8821989297866821,0.9053970575332642,0.8931367993354797,0.8987778425216675,0.8924497365951538,0.8829460740089417,0.8949171304702759,0.8762885332107544,0.8964259624481201,0.8766417503356934
391,4,1,0,0.2895234227180481,0.31668704748153687,0.2917301058769226,0.28205054998397827,0.2788477838039398,0.34655967354774475,0.3459431529045105,0.33877041935920715,0.31457698345184326,0.31584760546684265
392,3,1,0,0.06666776537895203,0.06731206178665161,0.06911057978868484,0.06993255019187927,0.06906511634588242,0.07148237526416779,0.07310153543949127,0.07338815927505493,0.07144951820373535,0.07318691909313202
393,1,0,0,0.06417710334062576,0.054200172424316406,0.05124838277697563,0.07422363758087158,0.07625185698270798,0.0692824274301529,0.0568050891160965,0.0518859401345253,0.06770485639572144,0.06971868127584457
394,1,1,1,0.9986486434936523,0.9950882196426392,0.9974011182785034,0.995566725730896,0.9965343475341797,0.997220516204834,0.9951164722442627,0.9961220026016235,0.994059681892395,0.9960982799530029
395,0,1,1,0.8742370009422302,0.9237942695617676,0.8908215165138245,0.930823802947998,0.9040859937667847,0.9188770055770874,0.9362963438034058,0.899071216583252,0.9388248920440674,0.911757230758667
396,1,0,0,0.08811747282743454,0.0698980763554573,0.07196781039237976,0.09456885606050491,0.08821172267198563,0.08989633619785309,0.06365339457988739,0.06658278405666351,0.07853004336357117,0.08111903071403503
397,3,0,1,0.5178826451301575,0.4834950268268585,0.5310177206993103,0.36968985199928284,0.4159604609012604,0.5331386923789978,0.5028738975524902,0.5331283211708069,0.4019528329372406,0.4262406826019287
398,3,0,0,0.07229995727539062,0.0877554714679718,0.07862912118434906,0.08026841282844543,0.08483076840639114,0.07520332932472229,0.06419460475444794,0.06423500180244446,0.07647532224655151,0.07330784946680069
399,2,0,0,0.1342775523662567,0.13556095957756042,0.1396315097808838,0.13604971766471863,0.1560848206281662,0.11313249170780182,0.12389228492975235,0.10955756157636642,0.13498134911060333,0.11500533670186996
400,0,1,1,0.9113167524337769,0.9172544479370117,0.9196950197219849,0.9073625802993774,0.9121862053871155,0.9024051427841187,0.913989245891571,0.9067553281784058,0.9066028594970703,0.9089938402175903
401,1,1,0,0.09268917143344879,0.09451287984848022,0.08817633241415024,0.09385384619235992,0.09274294227361679,0.0932072103023529,0.08928922563791275,0.08709006011486053,0.08648556470870972,0.09288372844457626
402,2,0,0,0.08277228474617004,0.0755452811717987,0.07819762080907822,0.07524741441011429,0.07954642921686172,0.0804351270198822,0.07285809516906738,0.08023478835821152,0.07056272774934769,0.08268598467111588
403,4,0,0,0.09611177444458008,0.28191831707954407,0.23660215735435486,0.14359088242053986,0.12983860075473785,0.09519599378108978,0.21899226307868958,0.2283414602279663,0.12459415942430496,0.09685219824314117
404,4,0,0,0.07148987054824829,0.07013784348964691,0.06777796149253845,0.07715879380702972,0.07877776771783829,0.0885823592543602,0.07681349664926529,0.07547198235988617,0.08253001421689987,0.09252297133207321
405,1,0,1,0.6356189250946045,0.5272270441055298,0.5297341346740723,0.32241305708885193,0.33115309476852417,0.6581599712371826,0.559492826461792,0.5530427098274231,0.30899015069007874,0.34768515825271606
406,3,0,0,0.05555867403745651,0.07811888307332993,0.08629003167152405,0.08679075539112091,0.07732295989990234,0.07226304709911346,0.07700467109680176,0.07951526343822479,0.08057059347629547,0.08438646048307419
407,0,0,0,0.06377899646759033,0.06140315160155296,0.06118366867303848,0.06242746859788895,0.07172903418540955,0.0820203348994255,0.07515006512403488,0.0807076171040535,0.08419206738471985,0.0800037533044815
408,0,1,1,0.9819014072418213,0.9773045778274536,0.9733779430389404,0.9763296246528625,0.9723818898200989,0.9711233377456665,0.9657843112945557,0.9658587574958801,0.9618414640426636,0.9567104578018188
409,3,0,0,0.06738624721765518,0.06760771572589874,0.070344477891922,0.07032962888479233,0.06738664209842682,0.07564252614974976,0.07269099354743958,0.07376772910356522,0.07213512808084488,0.0728774219751358
410,2,0,0,0.014739369973540306,0.00875138957053423,0.010542997159063816,0.007706965785473585,0.00735459802672267,0.007613558322191238,0.009804910980165005,0.008636620827019215,0.008337710052728653,0.00859491340816021
411,1,0,0,0.08293256908655167,0.08506453037261963,0.08416038006544113,0.0859813392162323,0.08663661032915115,0.0722275823354721,0.07832459360361099,0.05748381465673447,0.08023100346326828,0.05524291470646858
412,1,0,0,0.0860501080751419,0.18949902057647705,0.19587048888206482,0.18529319763183594,0.19185033440589905,0.0762212723493576,0.13175776600837708,0.1247708797454834,0.1165594607591629,0.10354708135128021
413,0,1,1,0.9759410619735718,0.9567819833755493,0.9525151252746582,0.9581698179244995,0.9576123356819153,0.9880619645118713,0.9647088050842285,0.9572792053222656,0.9650681614875793,0.9595421552658081
414,2,0,0,0.07244383543729782,0.09827432036399841,0.09373819828033447,0.093719981610775,0.09384641796350479,0.03883152827620506,0.08891493827104568,0.11996262520551682,0.12705561518669128,0.12008271366357803
415,1,1,0,0.087710902094841,0.08914253860712051,0.08046437799930573,0.08728374540805817,0.07549315690994263,0.08992171287536621,0.08514510840177536,0.08482152223587036,0.08878376334905624,0.09023775160312653
416,3,0,1,0.7637622356414795,0.8065513372421265,0.7740026116371155,0.8123401403427124,0.7916597127914429,0.7093989849090576,0.7632721066474915,0.7231317758560181,0.7568979859352112,0.7480215430259705
417,0,1,1,0.848223865032196,0.8703763484954834,0.86943119764328,0.8719233870506287,0.8647688031196594,0.8697613477706909,0.8761144280433655,0.8732393980026245,0.8881239891052246,0.8932070732116699
418,3,1,1,0.9017189145088196,0.8976002931594849,0.8749291896820068,0.8867971301078796,0.8928806781768799,0.8558679819107056,0.8831595182418823,0.8737820386886597,0.9204141497612,0.9012115597724915
419,2,0,0,0.11717437207698822,0.11058568209409714,0.12198860943317413,0.1104629635810852,0.1383257955312729,0.11710646748542786,0.12433864921331406,0.11964917182922363,0.11959316581487656,0.12245222926139832
420,1,0,0,0.04799175262451172,0.044524166733026505,0.04584973677992821,0.03142885863780975,0.01696709915995598,0.03634295612573624,0.05218138545751572,0.05888361483812332,0.029991133138537407,0.02308858186006546
421,1,0,0,0.09278927743434906,0.09925743192434311,0.09684102237224579,0.09769363701343536,0.10388407856225967,0.09248049557209015,0.09871247410774231,0.091197669506073,0.10429918020963669,0.09477394074201584
422,4,0,0,0.09529906511306763,0.09878216683864594,0.09420236945152283,0.0970110297203064,0.10061629116535187,0.10603907704353333,0.103411465883255,0.10148066282272339,0.10528507828712463,0.10247373580932617
423,3,0,0,0.08810439705848694,0.07658835500478745,0.07539942860603333,0.06925903260707855,0.07953911274671555,0.08299882709980011,0.07576782256364822,0.0796065703034401,0.07805952429771423,0.07716301083564758
424,4,0,0,0.5791449546813965,0.4250859022140503,0.42337238788604736,0.44893062114715576,0.38736990094184875,0.5674956440925598,0.44415125250816345,0.4425061047077179,0.4190272390842438,0.4474678039550781
425,3,0,0,0.03415247052907944,0.03087029419839382,0.025807730853557587,0.029785621911287308,0.025779765099287033,0.04927909001708031,0.038661517202854156,0.038615092635154724,0.03586064279079437,0.03221426531672478
426,0,0,0,0.08895751088857651,0.09245315194129944,0.08628598600625992,0.09239822626113892,0.09969919174909592,0.0896584615111351,0.09266906976699829,0.08977524936199188,0.09588401019573212,0.09291912615299225
427,0,1,1,0.8676137924194336,0.8957033157348633,0.8932592868804932,0.8886963129043579,0.8935598731040955,0.8052598237991333,0.8997236490249634,0.8981789946556091,0.9075609445571899,0.9046086072921753
428,3,1,1,0.8134937882423401,0.8884013891220093,0.8428002595901489,0.8611295223236084,0.858553409576416,0.828667402267456,0.8750759959220886,0.8684155941009521,0.9107200503349304,0.8951244354248047
429,3,0,0,0.07080480456352234,0.06979122757911682,0.07311001420021057,0.07307176291942596,0.06835789978504181,0.07413626462221146,0.08105430006980896,0.0781385749578476,0.08018583059310913,0.07624634355306625
430,0,1,0,0.16647303104400635,0.11578527092933655,0.16996152698993683,0.11040952801704407,0.1616118997335434,0.1350249946117401,0.1437036246061325,0.16906562447547913,0.13136935234069824,0.1798284351825714
431,1,1,0,0.36768433451652527,0.36502379179000854,0.35850393772125244,0.3720379173755646,0.33036619424819946,0.3318411111831665,0.33026814460754395,0.3177485466003418,0.320980042219162,0.2903416156768799
432,4,1,0,0.5556479096412659,0.45641762018203735,0.4628843665122986,0.42800605297088623,0.4338347911834717,0.5552781820297241,0.46447035670280457,0.46923595666885376,0.4067004919052124,0.4326881170272827
433,4,1,1,0.8220347762107849,0.869920015335083,0.8391517996788025,0.8739609718322754,0.8635261654853821,0.8391016125679016,0.8709040880203247,0.8648558855056763,0.8789379596710205,0.8887040019035339
434,0,0,0,0.30672144889831543,0.36080896854400635,0.3114878237247467,0.3624956011772156,0.31675994396209717,0.14872947335243225,0.1572873443365097,0.1492147147655487,0.1722259521484375,0.16785308718681335
435,3,0,0,0.5762894153594971,0.46997594833374023,0.5440095663070679,0.45418137311935425,0.5131032466888428,0.5850360989570618,0.4931066930294037,0.6089965105056763,0.45541083812713623,0.5421319007873535
436,0,1,1,0.9841063618659973,0.9863609075546265,0.9818184971809387,0.9805828332901001,0.9776840806007385,0.9834259748458862,0.9856603741645813,0.9805343151092529,0.9682522416114807,0.9716800451278687
437,4,0,0,0.02520657330751419,0.024249807000160217,0.0238313227891922,0.010888880118727684,0.011008663102984428,0.030113019049167633,0.025547418743371964,0.028498802334070206,0.013675201684236526,0.012817272916436195
438,4,1,1,0.9505502581596375,0.9454578161239624,0.956997275352478,0.951794445514679,0.9510266184806824,0.8306820392608643,0.8414399027824402,0.8461092710494995,0.8772414922714233,0.8318485021591187
439,1,0,0,0.2303532063961029,0.20980188250541687,0.21387936174869537,0.30624696612358093,0.2790873050689697,0.28939300775527954,0.2747228741645813,0.25013670325279236,0.2902486324310303,0.2946881651878357
440,2,0,0,0.08502057939767838,0.08242975920438766,0.0863582193851471,0.08385565876960754,0.09689069539308548,0.066225066781044,0.08102093636989594,0.08142071962356567,0.0805782675743103,0.08392360806465149
441,0,1,1,0.8369122743606567,0.8379173278808594,0.8472033143043518,0.8404831886291504,0.8424606323242188,0.8584156632423401,0.8467797040939331,0.8295685052871704,0.8656421303749084,0.8671069145202637
442,3,0,0,0.07258745282888412,0.07538110762834549,0.0752406120300293,0.07926447689533234,0.07572279870510101,0.0785045325756073,0.07358158379793167,0.0763753205537796,0.07542149722576141,0.07441197335720062
443,3,0,0,0.07414799928665161,0.08305491507053375,0.08365277945995331,0.0810851901769638,0.08087674528360367,0.16742001473903656,0.24970848858356476,0.2137165665626526,0.18321610987186432,0.14891646802425385
444,3,1,1,0.8322227001190186,0.8151677846908569,0.8025050163269043,0.804076075553894,0.8062087297439575,0.8406772017478943,0.8584406971931458,0.8577801585197449,0.8629856705665588,0.8685221672058105
445,3,1,0,0.0627242922782898,0.06371995806694031,0.06321842968463898,0.06464942544698715,0.06229099631309509,0.07317610085010529,0.06379520148038864,0.0677226185798645,0.059443868696689606,0.067715123295784
446,1,1,1,0.9668801426887512,0.9805749654769897,0.9830418825149536,0.9725624918937683,0.981350302696228,0.9723222851753235,0.980118453502655,0.9825719594955444,0.9809353351593018,0.9810514450073242
447,1,1,1,0.9823132157325745,0.9853214025497437,0.9882654547691345,0.9871550798416138,0.9833303093910217,0.9801367521286011,0.9770417213439941,0.9741119742393494,0.9758402705192566,0.9739174246788025
448,4,1,0,0.29654639959335327,0.30411767959594727,0.3325313627719879,0.3258671164512634,0.3003551959991455,0.2608179450035095,0.25207632780075073,0.22354911267757416,0.26186928153038025,0.22805070877075195
449,0,1,1,0.9570349454879761,0.9610154628753662,0.96033775806427,0.961435079574585,0.964820921421051,0.9612056016921997,0.9578267335891724,0.957908570766449,0.9505674242973328,0.9559826850891113
450,0,1,0,0.22467102110385895,0.23922161757946014,0.23123085498809814,0.22150562703609467,0.2447883039712906,0.29226645827293396,0.2923513650894165,0.3010563254356384,0.29508018493652344,0.2821952700614929
451,4,0,0,0.06933371722698212,0.09564529359340668,0.08315900713205338,0.10022182762622833,0.09339548647403717,0.10388381779193878,0.11539047211408615,0.11530621349811554,0.11807436496019363,0.11090397834777832
452,3,0,0,0.12799981236457825,0.12064656615257263,0.11703761667013168,0.12233762443065643,0.11298849433660507,0.09127315878868103,0.08214209228754044,0.08247199654579163,0.07859399914741516,0.0816761702299118
453,2,0,0,0.3982117772102356,0.4150332510471344,0.40491825342178345,0.39929619431495667,0.43741366267204285,0.3827013671398163,0.43447810411453247,0.41909003257751465,0.4260103106498718,0.3895176649093628
454,3,1,0,0.40108469128608704,0.3753822445869446,0.35402393341064453,0.36266034841537476,0.3452160656452179,0.4415932595729828,0.41564640402793884,0.4129418432712555,0.40547633171081543,0.38821327686309814
455,3,0,0,0.06566914916038513,0.06977414339780807,0.06783406436443329,0.06944011151790619,0.06726587563753128,0.06469835340976715,0.06636562943458557,0.06485329568386078,0.06206950545310974,0.06624653935432434
456,2,1,0,0.07944684475660324,0.07523314654827118,0.07773948460817337,0.07547701895236969,0.07606057822704315,0.08027039468288422,0.08069202303886414,0.07990029454231262,0.08034303784370422,0.07781805843114853
457,4,0,0,0.36914515495300293,0.3503475785255432,0.35936734080314636,0.35236120223999023,0.3562783896923065,0.3986522853374481,0.3586153984069824,0.4332939684391022,0.36240658164024353,0.39426422119140625
458,3,1,1,0.98167884349823,0.9781118631362915,0.9804624319076538,0.983467698097229,0.9858682155609131,0.9833188056945801,0.9840768575668335,0.9880787134170532,0.9861173629760742,0.9863971471786499
459,3,1,1,0.6397559642791748,0.5992953181266785,0.6081055402755737,0.5718474984169006,0.5885928273200989,0.6609336733818054,0.6525784730911255,0.6633308529853821,0.6311981081962585,0.6383445858955383
460,3,0,0,0.07080480456352234,0.06845024228096008,0.06737802922725677,0.06913043558597565,0.06806139647960663,0.07413626462221146,0.07315676659345627,0.07842474430799484,0.07831462472677231,0.07724131643772125
461,2,1,0,0.3306751251220703,0.3153027594089508,0.3484705090522766,0.33229219913482666,0.35045862197875977,0.3735271394252777,0.3345567584037781,0.3615575432777405,0.3074069023132324,0.36506834626197815
462,0,0,0,0.07929930835962296,0.050353746861219406,0.0617244653403759,0.06349541246891022,0.06994295120239258,0.0905412882566452,0.060388073325157166,0.06021028757095337,0.07408812642097473,0.07782936841249466
463,1,0,0,0.4162019193172455,0.42219942808151245,0.4192250967025757,0.40152955055236816,0.4086730480194092,0.3927348852157593,0.35709458589553833,0.39644965529441833,0.34079745411872864,0.3930365741252899
464,2,0,0,0.07696491479873657,0.08339838683605194,0.08513223379850388,0.08682798594236374,0.09338589757680893,0.09254169464111328,0.09780976176261902,0.09557333588600159,0.09296741336584091,0.0969451516866684
465,2,0,0,0.07030308246612549,0.07233498990535736,0.06781108677387238,0.07514270395040512,0.06687626242637634,0.05248238146305084,0.06584605574607849,0.050593141466379166,0.06794139742851257,0.056778088212013245
466,0,0,0,0.0831131860613823,0.07246240228414536,0.07830597460269928,0.07532478868961334,0.08095912635326385,0.09794624149799347,0.08708291500806808,0.08973467350006104,0.09043003618717194,0.08678017556667328
467,1,0,0,0.07451123744249344,0.06837651133537292,0.06831106543540955,0.0784824937582016,0.07057062536478043,0.05087456479668617,0.03896840289235115,0.03057403676211834,0.04502474516630173,0.017090260982513428
468,2,0,0,0.18191954493522644,0.20980210602283478,0.18578580021858215,0.21441736817359924,0.19627058506011963,0.219429612159729,0.21878640353679657,0.20984627306461334,0.2156561017036438,0.2075401097536087
469,4,0,0,0.08034911751747131,0.0830245167016983,0.0799839198589325,0.08279930055141449,0.0780249759554863,0.08730383217334747,0.08588361740112305,0.08605080097913742,0.08576341718435287,0.08273397386074066
470,0,1,1,0.9707576632499695,0.9663529396057129,0.9739687442779541,0.9668304920196533,0.9703707695007324,0.9630770087242126,0.9619688391685486,0.9617571234703064,0.9527060985565186,0.9567320942878723
471,2,0,0,0.07105037569999695,0.07391566783189774,0.06664575636386871,0.07493065297603607,0.07041705399751663,0.07491393387317657,0.07471393048763275,0.07069756090641022,0.0795970931649208,0.07057586312294006
472,3,0,0,0.05654651299118996,0.0556320920586586,0.05772119387984276,0.054178014397621155,0.056866083294153214,0.07419437170028687,0.06522031128406525,0.06976523995399475,0.06480631232261658,0.06892204284667969
473,1,1,1,0.9801415205001831,0.9718970060348511,0.973846435546875,0.9787505865097046,0.9734275341033936,0.9615124464035034,0.947935938835144,0.948865532875061,0.9604209661483765,0.9495423436164856
474,0,1,1,0.9535189270973206,0.9574434161186218,0.9620492458343506,0.9544929265975952,0.9465064406394958,0.9697991013526917,0.9742314219474792,0.9786603450775146,0.9702459573745728,0.9774600267410278
475,1,0,1,0.6407784819602966,0.6859679818153381,0.6817961931228638,0.6915473937988281,0.6765134334564209,0.6511286497116089,0.6694319844245911,0.6825660467147827,0.6831754446029663,0.7061547040939331
476,2,0,0,0.3249792456626892,0.20856411755084991,0.23264597356319427,0.24582648277282715,0.24510729312896729,0.28465181589126587,0.28777629137039185,0.20629343390464783,0.24101191759109497,0.2122223973274231
477,3,0,0,0.05555867403745651,0.07811888307332993,0.08629003167152405,0.08679075539112091,0.07732295989990234,0.07226304709911346,0.07700467109680176,0.07951526343822479,0.08057059347629547,0.08438646048307419
478,0,0,0,0.07931908965110779,0.04827768728137016,0.062355685979127884,0.06368646770715714,0.07063703238964081,0.08891070634126663,0.05877040699124336,0.06118069589138031,0.06914202868938446,0.07493552565574646
479,3,0,0,0.06576377153396606,0.0658634677529335,0.06701350957155228,0.06800759583711624,0.06583869457244873,0.0764666199684143,0.0715775191783905,0.07343709468841553,0.072505421936512,0.07379741966724396
480,2,1,1,0.902174711227417,0.9396746158599854,0.8916782140731812,0.9232323169708252,0.9356063604354858,0.8184723854064941,0.8748920559883118,0.8437784314155579,0.89246666431427,0.8943516612052917
481,1,0,0,0.02086462639272213,0.011081132106482983,0.012553359381854534,0.005138760432600975,0.005026408936828375,0.008549018763005733,0.009413663297891617,0.008156860247254372,0.004859047941863537,0.002973192371428013
482,2,0,0,0.06963697820901871,0.053755711764097214,0.053984396159648895,0.05141793191432953,0.056718021631240845,0.03906399756669998,0.036703743040561676,0.032625503838062286,0.03127829357981682,0.031237661838531494
483,1,0,0,0.06283073872327805,0.059480439871549606,0.05903071537613869,0.060872748494148254,0.05850452184677124,0.07779020816087723,0.07195834815502167,0.07028192281723022,0.07222535461187363,0.07055867463350296
484,0,1,0,0.4165376126766205,0.44903841614723206,0.4176817238330841,0.471522718667984,0.470134437084198,0.47049254179000854,0.5428078770637512,0.5521926283836365,0.5620951652526855,0.5532103180885315
485,4,1,0,0.4698135256767273,0.49675077199935913,0.4754253923892975,0.487356573343277,0.46343085169792175,0.45484766364097595,0.45774638652801514,0.43225908279418945,0.4578748941421509,0.41116058826446533
486,4,0,0,0.028328342363238335,0.027419399470090866,0.028657935559749603,0.010785169899463654,0.01052062027156353,0.02473614178597927,0.0245964378118515,0.028657572343945503,0.013701938092708588,0.009411068633198738
487,4,1,1,0.979539692401886,0.9865106344223022,0.9847679734230042,0.9824125170707703,0.9840942621231079,0.9829296469688416,0.9853148460388184,0.9845553040504456,0.983077883720398,0.9804668426513672
488,1,0,0,0.29601025581359863,0.299219012260437,0.3012101650238037,0.31727439165115356,0.2853564918041229,0.3151395618915558,0.32411396503448486,0.2981555759906769,0.3198651373386383,0.2784648835659027
489,3,0,0,0.0905371755361557,0.08590923249721527,0.07969038188457489,0.0745425745844841,0.08154696971178055,0.08448652923107147,0.08073852956295013,0.08287462592124939,0.08888411521911621,0.08200813829898834
490,1,1,1,0.945214569568634,0.9194122552871704,0.9214798212051392,0.9298477172851562,0.9116842150688171,0.940102756023407,0.9395900368690491,0.9458373785018921,0.9352566599845886,0.9239842295646667
491,3,0,0,0.12799981236457825,0.12064656615257263,0.11703761667013168,0.12233762443065643,0.11298849433660507,0.09127315878868103,0.08214209228754044,0.08247199654579163,0.07859399914741516,0.0816761702299118
492,1,0,0,0.08703530579805374,0.09113723039627075,0.08909893780946732,0.09091069549322128,0.08156247437000275,0.08277381956577301,0.08534665405750275,0.0861341655254364,0.08222584426403046,0.08161883056163788
493,3,0,0,0.21316364407539368,0.24002696573734283,0.23183098435401917,0.22849249839782715,0.20393988490104675,0.24689039587974548,0.2734067142009735,0.261357843875885,0.2612648010253906,0.23614445328712463
494,0,0,0,0.16711464524269104,0.21703462302684784,0.16986846923828125,0.20794735848903656,0.18024909496307373,0.22543731331825256,0.24351289868354797,0.22195500135421753,0.24242708086967468,0.22085343301296234
495,1,0,0,0.08700409531593323,0.08604568243026733,0.08473005890846252,0.09470774233341217,0.10371264070272446,0.0764794647693634,0.0892166793346405,0.08936665207147598,0.08593234419822693,0.0923624038696289
496,2,0,0,0.015074502676725388,0.024643730372190475,0.025423284620046616,0.04351319000124931,0.04761582612991333,0.008650083094835281,0.016985079273581505,0.01762198656797409,0.04209737852215767,0.042941100895404816
497,3,1,1,0.947561502456665,0.9129266142845154,0.9479148387908936,0.9374310970306396,0.9468962550163269,0.9693914651870728,0.9638434648513794,0.9794306755065918,0.9652817845344543,0.9707075357437134
498,4,0,0,0.0818830281496048,0.07043000310659409,0.07492642849683762,0.08353865891695023,0.07929136604070663,0.1195395439863205,0.0792054682970047,0.07917459309101105,0.08515825122594833,0.08693064749240875
499,0,0,1,0.9688342809677124,0.9811241030693054,0.9839823842048645,0.9802634119987488,0.9797030091285706,0.9800124168395996,0.9850597381591797,0.978641152381897,0.9818086624145508,0.9825152158737183
500,4,0,0,0.07862281799316406,0.07914702594280243,0.07756961137056351,0.08194781094789505,0.07681789249181747,0.08670301735401154,0.08407564461231232,0.08257459104061127,0.08365456014871597,0.08652058988809586
501,2,0,0,0.08674882352352142,0.08275604248046875,0.07743740826845169,0.037969183176755905,0.0402449369430542,0.07310649752616882,0.08122995495796204,0.07995536923408508,0.03319581598043442,0.02595045603811741
502,3,0,1,0.6798213124275208,0.668254017829895,0.6767412424087524,0.6699193716049194,0.6964174509048462,0.680648922920227,0.686018705368042,0.6993127465248108,0.6817140579223633,0.6833766102790833
503,1,0,1,0.7395315766334534,0.7410941123962402,0.7410586476325989,0.7507744431495667,0.7784513235092163,0.811074435710907,0.813744068145752,0.9426038265228271,0.7782679796218872,0.8970110416412354
504,1,0,0,0.5643725395202637,0.5813264846801758,0.5911837816238403,0.6160603165626526,0.6001652479171753,0.599457323551178,0.6140795946121216,0.6284120082855225,0.6559377908706665,0.676365077495575
505,3,1,1,0.9968981742858887,0.9959486722946167,0.9965799450874329,0.9969027042388916,0.9959481954574585,0.9961646199226379,0.9947983026504517,0.9936931133270264,0.9945931434631348,0.992600679397583
506,1,0,0,0.3256784975528717,0.3688632845878601,0.35615360736846924,0.3552061915397644,0.32943007349967957,0.3142063617706299,0.3705537021160126,0.3719301223754883,0.3661840558052063,0.34726929664611816
507,4,1,1,0.9754353165626526,0.9706699848175049,0.9761475324630737,0.9734662771224976,0.9731343984603882,0.9713466763496399,0.9735841155052185,0.970497190952301,0.9706209897994995,0.9708665609359741
508,0,1,0,0.2784472107887268,0.2787470519542694,0.274509996175766,0.2983461022377014,0.2668333351612091,0.2532123923301697,0.26783761382102966,0.24666056036949158,0.25541672110557556,0.22810989618301392
509,2,0,0,0.10394641757011414,0.08759358525276184,0.07859920710325241,0.07703957706689835,0.08547152578830719,0.09161021560430527,0.09131497144699097,0.08603556454181671,0.09452749788761139,0.08454904705286026
510,3,1,0,0.3300355076789856,0.40089651942253113,0.36593693494796753,0.4052104949951172,0.37676018476486206,0.31759166717529297,0.5015561580657959,0.3815077543258667,0.42924749851226807,0.379861056804657
511,2,1,0,0.07342353463172913,0.07213641703128815,0.06923843920230865,0.06870973855257034,0.07178550958633423,0.07502315938472748,0.070344477891922,0.07293832302093506,0.07424315810203552,0.07330524921417236
512,4,0,0,0.09266143292188644,0.0766151025891304,0.07344453036785126,0.08397091180086136,0.08122816681861877,0.11706998944282532,0.13924847543239594,0.1006392166018486,0.11648377031087875,0.10805238783359528
513,4,1,1,0.568195104598999,0.4806522727012634,0.5278825759887695,0.4832385778427124,0.5821418762207031,0.5783025026321411,0.49087759852409363,0.6000557541847229,0.5232641696929932,0.5923480987548828
514,1,1,1,0.9652939438819885,0.9549250602722168,0.9519995450973511,0.9569462537765503,0.9349751472473145,0.9459365606307983,0.9682544469833374,0.9648482799530029,0.9735221266746521,0.9655888080596924
515,3,0,0,0.06601276248693466,0.06673768907785416,0.06786136329174042,0.06713132560253143,0.06656893342733383,0.0765434056520462,0.06835047900676727,0.06815145164728165,0.07109197229146957,0.06516669690608978
516,3,0,0,0.4718652069568634,0.36436450481414795,0.457319051027298,0.3847424387931824,0.48471662402153015,0.4644264578819275,0.3939800560474396,0.48549458384513855,0.3754707872867584,0.4496346712112427
517,4,1,1,0.8945476412773132,0.934533953666687,0.912463903427124,0.9244359135627747,0.9036848545074463,0.938959538936615,0.9408290386199951,0.9219883680343628,0.9318835735321045,0.932784914970398
518,4,0,0,0.11506599187850952,0.16277599334716797,0.16801118850708008,0.16053606569766998,0.16126024723052979,0.13295228779315948,0.16519701480865479,0.1429460495710373,0.1732957512140274,0.14954054355621338
519,0,1,1,0.8432812690734863,0.8772860765457153,0.8680474162101746,0.8701329231262207,0.8752291798591614,0.8684394955635071,0.8846156001091003,0.8831787109375,0.90180903673172,0.8981882333755493
520,4,0,0,0.07564151287078857,0.07134091109037399,0.07408884912729263,0.07387155294418335,0.0743885487318039,0.0863817110657692,0.08084230124950409,0.08139120042324066,0.08144529163837433,0.08472563326358795
521,4,1,1,0.9762789011001587,0.9737652540206909,0.9713680148124695,0.9752324819564819,0.973388671875,0.972393810749054,0.9784915447235107,0.9696131944656372,0.9796469211578369,0.9751181602478027
522,2,0,0,0.07573357224464417,0.07754267007112503,0.07837605476379395,0.07806926220655441,0.07366485148668289,0.07052087038755417,0.07559885829687119,0.0729006975889206,0.07840649783611298,0.07555143535137177
523,1,0,0,0.08836056292057037,0.0949496328830719,0.08974292129278183,0.09101682901382446,0.09408405423164368,0.082090824842453,0.09189939498901367,0.08785489201545715,0.09478002041578293,0.08713898062705994
524,0,1,1,0.9960723519325256,0.9938710927963257,0.9948655366897583,0.9924560189247131,0.994083046913147,0.9952335357666016,0.9948850870132446,0.9947134256362915,0.9921181201934814,0.9931303262710571
525,3,0,0,0.06962697207927704,0.06788209080696106,0.06880052387714386,0.06820717453956604,0.06697643548250198,0.07620524615049362,0.09424076974391937,0.08140279352664948,0.07771632820367813,0.07510361075401306
526,2,0,0,0.05897587165236473,0.055524300783872604,0.05638764053583145,0.05473364144563675,0.058197252452373505,0.06892895698547363,0.05687691271305084,0.061381272971630096,0.06111427769064903,0.06374247372150421
527,4,1,1,0.40413498878479004,0.509075403213501,0.461479127407074,0.49079930782318115,0.47229915857315063,0.6435854434967041,0.6063954830169678,0.6516579389572144,0.6261825561523438,0.6289435625076294
528,4,0,0,0.39909547567367554,0.37222346663475037,0.3601680099964142,0.38310858607292175,0.34271615743637085,0.38639119267463684,0.3515843451023102,0.3495982587337494,0.354426771402359,0.3586866855621338
529,1,0,0,0.07282602787017822,0.06837780028581619,0.06745961308479309,0.06985049694776535,0.06935122609138489,0.08470630645751953,0.0756521224975586,0.08149561285972595,0.07496533542871475,0.08570373058319092
530,1,0,0,0.09352050721645355,0.17939770221710205,0.15706706047058105,0.20255529880523682,0.1570337414741516,0.09654895216226578,0.12933135032653809,0.1253528892993927,0.1303614377975464,0.12006928026676178
531,3,1,1,0.9964115023612976,0.9933034777641296,0.993326723575592,0.9930160045623779,0.9929426312446594,0.9924399852752686,0.986914336681366,0.98796546459198,0.9901710748672485,0.9873793125152588
532,4,0,0,0.08233597129583359,0.0846162810921669,0.08015371114015579,0.08524511754512787,0.08254033327102661,0.0876740962266922,0.09009730815887451,0.08758214861154556,0.08886386454105377,0.08887283504009247
533,2,0,0,0.08605770766735077,0.07603278011083603,0.06678150594234467,0.03999268263578415,0.03941440209746361,0.07924826443195343,0.06302491575479507,0.0633799210190773,0.033388178795576096,0.028978239744901657
534,4,1,1,0.9220868349075317,0.9284377098083496,0.9389639496803284,0.9386767148971558,0.9399610757827759,0.8946722745895386,0.9319863319396973,0.9369845390319824,0.9385555982589722,0.933569610118866
535,3,0,0,0.5337352156639099,0.490041047334671,0.5372307896614075,0.4992331266403198,0.5070781111717224,0.5320218205451965,0.5027509331703186,0.5369234681129456,0.5048810243606567,0.5194665789604187
536,0,1,1,0.9147264957427979,0.8966009616851807,0.9079189896583557,0.9114418029785156,0.8970416188240051,0.9109283089637756,0.8890126943588257,0.8607404232025146,0.9049634337425232,0.9053596258163452
537,4,0,1,0.6500937342643738,0.5727719068527222,0.6254312992095947,0.5465493202209473,0.6018784046173096,0.5916036367416382,0.5480225682258606,0.6274846196174622,0.5541263818740845,0.5853957533836365
538,3,1,1,0.9258712530136108,0.8848850727081299,0.8687866926193237,0.9044750332832336,0.8927270770072937,0.8995733857154846,0.9060226678848267,0.8870510458946228,0.9406147003173828,0.9198154211044312
539,3,0,0,0.06798119097948074,0.06364720314741135,0.06380095332860947,0.06542923301458359,0.06072428822517395,0.07132990658283234,0.06391145288944244,0.06128290668129921,0.06316572427749634,0.06438931077718735
540,0,1,1,0.9820520877838135,0.9839156866073608,0.9812970161437988,0.9836733341217041,0.9839046597480774,0.9906316995620728,0.9876662492752075,0.9855600595474243,0.9877651333808899,0.9888339042663574
541,3,1,1,0.928242564201355,0.8919894695281982,0.8753284215927124,0.8609726428985596,0.8513824939727783,0.9319474697113037,0.9297084808349609,0.9054282307624817,0.925447940826416,0.9004784822463989
542,3,0,0,0.023852258920669556,0.028584998100996017,0.024338198825716972,0.017293602228164673,0.01857341080904007,0.02121233567595482,0.022914797067642212,0.018468234688043594,0.011955118738114834,0.012803494930267334
543,3,0,0,0.02423199452459812,0.028756853193044662,0.023605138063430786,0.01623564213514328,0.016864828765392303,0.02249523438513279,0.021530184894800186,0.017587069422006607,0.011503548361361027,0.012167730368673801
544,3,1,0,0.08506395667791367,0.08904040604829788,0.08814235031604767,0.10390608012676239,0.08387809246778488,0.06826434284448624,0.07623235881328583,0.08955250680446625,0.08431275933980942,0.0940740555524826
545,2,0,0,0.26530027389526367,0.2639452815055847,0.27525633573532104,0.262969970703125,0.24910351634025574,0.32390928268432617,0.3451888859272003,0.38043639063835144,0.3504142165184021,0.3613254427909851
546,3,0,0,0.16722673177719116,0.15152987837791443,0.15632927417755127,0.16136202216148376,0.14339938759803772,0.16741394996643066,0.17554427683353424,0.16278372704982758,0.16560013592243195,0.14315733313560486
547,2,1,1,0.9533522129058838,0.9594922065734863,0.9577212333679199,0.964331865310669,0.964974582195282,0.9483293890953064,0.9736320972442627,0.9493269324302673,0.9843566417694092,0.981454610824585
548,2,1,0,0.09962718188762665,0.10295627266168594,0.10199317336082458,0.10979191213846207,0.10629221051931381,0.07873985171318054,0.07551541924476624,0.07426051050424576,0.06202738732099533,0.07324235886335373
549,3,0,0,0.06076934561133385,0.06466208398342133,0.07484385371208191,0.06817469000816345,0.06644316762685776,0.07448037713766098,0.08990606665611267,0.0929659977555275,0.08484384417533875,0.0773887112736702
550,0,1,1,0.9036842584609985,0.7475787401199341,0.7588485479354858,0.811176598072052,0.8332952260971069,0.8906046152114868,0.7738839387893677,0.775949239730835,0.8117530941963196,0.8018801212310791
551,0,1,0,0.352520227432251,0.2907785177230835,0.26324784755706787,0.2757839858531952,0.2610073685646057,0.35376596450805664,0.25722405314445496,0.2596571743488312,0.3075020909309387,0.2847037613391876
552,3,0,0,0.07185142487287521,0.0916782096028328,0.09707123041152954,0.09722435474395752,0.09187811613082886,0.07989279925823212,0.08243542164564133,0.08388465642929077,0.09081368148326874,0.0954093486070633
553,1,0,0,0.08964578807353973,0.08351656794548035,0.08490348607301712,0.08342903107404709,0.07515019923448563,0.08301912248134613,0.08031544089317322,0.07054171711206436,0.0761202797293663,0.05307219922542572
554,3,1,0,0.07337476313114166,0.07543244957923889,0.07613806426525116,0.07503765821456909,0.07173489779233932,0.07895250618457794,0.07940250635147095,0.07579106092453003,0.08278451859951019,0.07998041808605194
555,4,1,1,0.5438027381896973,0.5433340072631836,0.5552923083305359,0.5798672437667847,0.5863744020462036,0.5352621674537659,0.5637860298156738,0.5751959085464478,0.5887791514396667,0.5932449698448181
556,1,0,0,0.2523920238018036,0.2385542094707489,0.2364615797996521,0.2427835762500763,0.24293379485607147,0.24890539050102234,0.23140563070774078,0.21509313583374023,0.21177366375923157,0.178739994764328
557,2,1,1,0.9461634159088135,0.9228789210319519,0.9414640665054321,0.9455033540725708,0.9508858919143677,0.9585033059120178,0.9575080275535583,0.9500194191932678,0.9531202912330627,0.9526519179344177
558,3,0,0,0.25234827399253845,0.34935539960861206,0.32717785239219666,0.4081255793571472,0.34695062041282654,0.31469807028770447,0.3759259581565857,0.314293771982193,0.4186200499534607,0.35979610681533813
559,0,1,1,0.9963161945343018,0.9897031188011169,0.9923387169837952,0.989000678062439,0.991828203201294,0.993599534034729,0.9889994859695435,0.9921484589576721,0.989213764667511,0.9905316829681396
560,2,1,1,0.4873896837234497,0.5235550403594971,0.5340121388435364,0.5830575823783875,0.5976952910423279,0.4936882257461548,0.5195398330688477,0.4908844232559204,0.5951180458068848,0.581867516040802
561,4,0,0,0.08227820694446564,0.08547801524400711,0.08096635341644287,0.0856681540608406,0.0758703351020813,0.08677002787590027,0.08635865896940231,0.08627396821975708,0.08543416112661362,0.08378852158784866
562,4,0,0,0.06691744923591614,0.06599640846252441,0.06595204770565033,0.0659259706735611,0.06126372516155243,0.08058822154998779,0.0782494768500328,0.07573581486940384,0.07815059274435043,0.07974032312631607
563,2,0,0,0.11816887557506561,0.11297314614057541,0.11902563273906708,0.1149027943611145,0.14205670356750488,0.11912009865045547,0.12082330882549286,0.12578746676445007,0.11932426691055298,0.12063577771186829
564,1,0,0,0.086210697889328,0.08674356341362,0.08929340541362762,0.08686956763267517,0.08557239919900894,0.07747925817966461,0.07610045373439789,0.07754436135292053,0.08304017782211304,0.06597870588302612
565,4,0,0,0.6087368726730347,0.5831261277198792,0.6208699345588684,0.6150985956192017,0.6624566316604614,0.577274739742279,0.5820186138153076,0.635570764541626,0.5857670307159424,0.6278964281082153
566,2,0,0,0.11555376648902893,0.11929871886968613,0.11173072457313538,0.09939096122980118,0.10996775329113007,0.1272462159395218,0.08802641183137894,0.07475126534700394,0.07546073198318481,0.06646972894668579
567,2,0,0,0.078267402946949,0.08008450269699097,0.07841018587350845,0.08335915207862854,0.07676749676465988,0.0701436698436737,0.08012068271636963,0.07562084496021271,0.08545180410146713,0.081910640001297
568,3,0,0,0.027357792481780052,0.02919759787619114,0.02610895223915577,0.02542969398200512,0.022191418334841728,0.022170478478074074,0.020053546875715256,0.019900565966963768,0.014090847223997116,0.015048245899379253
569,1,0,0,0.09067091345787048,0.09556078910827637,0.09261542558670044,0.09671838581562042,0.1281610131263733,0.08923962712287903,0.09935644268989563,0.1075219064950943,0.12186073511838913,0.11452959477901459
570,2,1,0,0.07393203675746918,0.06583323329687119,0.06908230483531952,0.06783421337604523,0.07130426913499832,0.06978388875722885,0.0680529996752739,0.07398729026317596,0.06983125954866409,0.0773005485534668
571,2,1,0,0.051107365638017654,0.05259412154555321,0.05065013840794563,0.05294264480471611,0.05527251213788986,0.06958068162202835,0.06832064688205719,0.07089980691671371,0.07175387442111969,0.06778424233198166
572,3,1,1,0.8909410834312439,0.9359816908836365,0.9317594766616821,0.9425874948501587,0.9269282817840576,0.9260650873184204,0.95686936378479,0.9500195980072021,0.9689660668373108,0.9592987298965454
573,1,1,1,0.4897938072681427,0.3410560190677643,0.3710089921951294,0.3735106587409973,0.3956241309642792,0.6241946816444397,0.30450522899627686,0.3500969111919403,0.33599576354026794,0.4002135396003723
574,1,1,1,0.8985650539398193,0.7796684503555298,0.7644631862640381,0.7689902186393738,0.8012489676475525,0.9045203924179077,0.7701655626296997,0.7997881174087524,0.7874069213867188,0.7746139168739319
575,2,0,0,0.08508112281560898,0.08946841955184937,0.08702407777309418,0.08780527859926224,0.08359197527170181,0.08603769540786743,0.08664125949144363,0.0933288037776947,0.09551729261875153,0.08782126754522324
576,1,0,0,0.0925767794251442,0.08434830605983734,0.08855444192886353,0.1009281650185585,0.1017996296286583,0.09274301677942276,0.07081004232168198,0.07509806007146835,0.08010628074407578,0.08857925236225128
577,2,1,1,0.8290534019470215,0.8200453519821167,0.825476348400116,0.8280712962150574,0.7985658645629883,0.8634647727012634,0.858777642250061,0.8610727787017822,0.8548610210418701,0.8699510097503662
578,0,1,1,0.9895133376121521,0.9693187475204468,0.9752233028411865,0.9698320031166077,0.9680565595626831,0.99207603931427,0.9724240899085999,0.9739247560501099,0.9720804691314697,0.974006175994873
579,1,0,1,0.63265460729599,0.7181705236434937,0.6918982267379761,0.7360996603965759,0.7484473586082458,0.644593358039856,0.7097443342208862,0.7025352716445923,0.7489429712295532,0.741797149181366
580,3,1,0,0.19389402866363525,0.14903637766838074,0.17168736457824707,0.18900534510612488,0.19011853635311127,0.14823712408542633,0.13202854990959167,0.11264188587665558,0.15101641416549683,0.11016669869422913
581,3,1,1,0.7901759147644043,0.8185242414474487,0.7985738515853882,0.7986148595809937,0.7902669310569763,0.7860836982727051,0.8270401954650879,0.8296278715133667,0.859865128993988,0.8389110565185547
582,2,1,1,0.988644540309906,0.9753100275993347,0.9786532521247864,0.897534191608429,0.9168867468833923,0.9886245727539062,0.9733909368515015,0.9755645990371704,0.8599822521209717,0.8422890305519104
583,2,0,0,0.07120643556118011,0.050247788429260254,0.05298003554344177,0.05304607003927231,0.06349793076515198,0.08502310514450073,0.07011561840772629,0.05268110707402229,0.06566520035266876,0.058573443442583084
584,2,0,0,0.48713967204093933,0.45628535747528076,0.4505941867828369,0.4764317274093628,0.476066917181015,0.4307035803794861,0.43281540274620056,0.4471302032470703,0.4232110381126404,0.42869582772254944
585,1,0,0,0.09742436558008194,0.10363972187042236,0.10473190993070602,0.10335173457860947,0.10856360197067261,0.09572180360555649,0.10348934680223465,0.09865623712539673,0.09812358766794205,0.09838661551475525
586,3,1,1,0.9970628023147583,0.9913531541824341,0.9948992133140564,0.9914032816886902,0.993682324886322,0.9971722364425659,0.9929850697517395,0.9938276410102844,0.9833061695098877,0.9867048263549805
587,1,0,0,0.1006133109331131,0.1053147166967392,0.09933188557624817,0.10128161311149597,0.10194477438926697,0.1098569855093956,0.11265786737203598,0.10828271508216858,0.10663209855556488,0.10892905294895172
588,0,1,0,0.1468791663646698,0.19694282114505768,0.15589626133441925,0.1896124631166458,0.18530689179897308,0.23698921501636505,0.23497901856899261,0.21708688139915466,0.22621983289718628,0.23688793182373047
589,3,0,0,0.06334614008665085,0.06627669185400009,0.07268843054771423,0.06899156421422958,0.06758986413478851,0.07338486611843109,0.06833523511886597,0.0697658583521843,0.06515674293041229,0.07007991522550583
590,2,0,0,0.07473251223564148,0.07740947604179382,0.07161826640367508,0.07867447286844254,0.07288157939910889,0.06171535700559616,0.07194867730140686,0.058866605162620544,0.07199551910161972,0.06447771936655045
591,4,0,0,0.3692305088043213,0.3976241946220398,0.38228726387023926,0.4052404761314392,0.38072842359542847,0.1269482523202896,0.1686013638973236,0.15318603813648224,0.19314154982566833,0.16308319568634033
592,3,1,1,0.9754775762557983,0.9712556600570679,0.9753073453903198,0.9808884859085083,0.9825907945632935,0.98292076587677,0.9824665188789368,0.9877977967262268,0.9847007989883423,0.9849928617477417
593,4,0,0,0.06274677813053131,0.06132136285305023,0.05913526192307472,0.0607839971780777,0.060985028743743896,0.07607864588499069,0.07367271184921265,0.0707259476184845,0.07530269771814346,0.07638038694858551
594,3,0,1,0.753594160079956,0.7128790616989136,0.7088732123374939,0.7371265292167664,0.7434355020523071,0.7100565433502197,0.7231316566467285,0.7297894954681396,0.7597895860671997,0.7463116645812988
595,1,0,0,0.0774417445063591,0.09170128405094147,0.08482322096824646,0.10049516707658768,0.09938618540763855,0.0922418162226677,0.09965880960226059,0.10010020434856415,0.10731752961874008,0.10969388484954834
596,4,0,0,0.03822406753897667,0.023283911868929863,0.02256891131401062,0.015997493639588356,0.013148858211934566,0.05047471448779106,0.029962770640850067,0.027867482975125313,0.01954379677772522,0.016859926283359528
597,1,1,1,0.9809411764144897,0.9534463286399841,0.9589530229568481,0.9474166631698608,0.9583065509796143,0.979336678981781,0.9636527299880981,0.9607493877410889,0.9488552808761597,0.9473699331283569
598,2,0,0,0.06982260942459106,0.1474093198776245,0.12937526404857635,0.12234894931316376,0.0839395672082901,0.09121601283550262,0.20006099343299866,0.24741871654987335,0.14994433522224426,0.11300766468048096
599,4,0,0,0.08103027194738388,0.07133474946022034,0.068077452480793,0.07424783706665039,0.07204757630825043,0.08664307743310928,0.06766728311777115,0.06439772248268127,0.06521932780742645,0.06763654202222824
600,1,1,0,0.2833462953567505,0.30539897084236145,0.27874594926834106,0.3262578845024109,0.31560218334198,0.3327144980430603,0.30025357007980347,0.3235158920288086,0.3238890469074249,0.3136456310749054
601,2,1,1,0.9473037123680115,0.9540697336196899,0.9602721333503723,0.9671031832695007,0.9610968828201294,0.9409754276275635,0.9558342695236206,0.9476468563079834,0.9663438200950623,0.9511305689811707
602,4,0,0,0.0737396776676178,0.07634128630161285,0.07518335431814194,0.07775096595287323,0.07330634444952011,0.07556916773319244,0.08295287936925888,0.07869400084018707,0.08108073472976685,0.07635167986154556
603,0,0,0,0.1894337236881256,0.22100892663002014,0.20358587801456451,0.2066200226545334,0.19097654521465302,0.1800287514925003,0.19980254769325256,0.18896102905273438,0.19551292061805725,0.19013795256614685
604,3,0,0,0.04930143803358078,0.04936888813972473,0.05085363611578941,0.04705064371228218,0.04557901620864868,0.07026660442352295,0.05937713012099266,0.06716278940439224,0.05873248353600502,0.06083524972200394
605,2,1,0,0.35705962777137756,0.37282514572143555,0.36212414503097534,0.3535556495189667,0.3816598951816559,0.3068418502807617,0.3258683979511261,0.30361172556877136,0.3185301721096039,0.28484365344047546
606,3,0,0,0.05457209795713425,0.06213393434882164,0.060015834867954254,0.06304728239774704,0.057421281933784485,0.0681583508849144,0.060262199491262436,0.0618416853249073,0.06354604661464691,0.06572547554969788
607,1,0,0,0.08764241635799408,0.08206070959568024,0.08500521630048752,0.08267420530319214,0.08037178963422775,0.09062374383211136,0.08960830420255661,0.08842524886131287,0.08453899621963501,0.08731476962566376
608,0,1,0,0.3225542902946472,0.3353022038936615,0.3065219223499298,0.3528189957141876,0.32563063502311707,0.2511424720287323,0.27034056186676025,0.24810513854026794,0.254043310880661,0.23500162363052368
609,2,1,1,0.9892104268074036,0.9885609149932861,0.9905887842178345,0.9842355251312256,0.9816209673881531,0.9909184575080872,0.9843526482582092,0.9862878322601318,0.9849633574485779,0.9755899906158447
610,1,1,1,0.9929368495941162,0.9838465452194214,0.9884279370307922,0.9883072376251221,0.9860149025917053,0.992418646812439,0.9895601272583008,0.98793625831604,0.9889407157897949,0.9877846837043762
611,3,0,0,0.03553524985909462,0.031919658184051514,0.029144247993826866,0.02818790078163147,0.027355607599020004,0.025006139650940895,0.02049051597714424,0.017870455980300903,0.013703054748475552,0.013063134625554085
612,0,0,0,0.0858023539185524,0.08453677594661713,0.0850444883108139,0.08691054582595825,0.08983298391103745,0.09138733893632889,0.0923319160938263,0.09378570318222046,0.09681931883096695,0.09090062230825424
613,2,1,1,0.6768560409545898,0.6188724637031555,0.6055212616920471,0.649988055229187,0.6355608701705933,0.6478972434997559,0.6272993087768555,0.6219372153282166,0.6363109946250916,0.6333115100860596
614,1,0,0,0.08855833113193512,0.08237665891647339,0.08467462658882141,0.08206991851329803,0.08052327483892441,0.06636947393417358,0.07304050028324127,0.032767899334430695,0.07110162824392319,0.03656112775206566
615,0,0,0,0.07813429832458496,0.0754823088645935,0.07941030710935593,0.07461533695459366,0.0842352956533432,0.08765271306037903,0.08217670768499374,0.08632197231054306,0.08560007065534592,0.09057553857564926
616,4,1,1,0.9397282004356384,0.9614474177360535,0.9620301127433777,0.965613603591919,0.9553377032279968,0.9539104700088501,0.9568946361541748,0.9550777673721313,0.9580389857292175,0.9555941820144653
617,2,0,0,0.008591638877987862,0.012120150029659271,0.012448886409401894,0.012497613206505775,0.01158465538173914,0.00530948955565691,0.009362869895994663,0.007963877171278,0.009771759621798992,0.008998142555356026
618,0,0,1,0.6170880198478699,0.5470556616783142,0.6005192399024963,0.5482927560806274,0.5653743743896484,0.609084963798523,0.5585085153579712,0.5476862192153931,0.5341819524765015,0.5196028351783752
619,1,1,1,0.99392169713974,0.99159836769104,0.9924086928367615,0.9939601421356201,0.992327868938446,0.9883072376251221,0.9898825883865356,0.9894270896911621,0.9901372194290161,0.9900206327438354
620,2,0,0,0.09136804193258286,0.09141146391630173,0.09308423101902008,0.0919928252696991,0.1028873547911644,0.09411486983299255,0.09785573929548264,0.10000661015510559,0.10355859994888306,0.1010618656873703
621,1,0,0,0.08120854943990707,0.11178065091371536,0.11847291886806488,0.11925868690013885,0.12642793357372284,0.08715740591287613,0.13010485470294952,0.13045981526374817,0.13080501556396484,0.1304473876953125
622,2,1,0,0.37896928191185,0.3231823146343231,0.3371322751045227,0.3306497037410736,0.36489808559417725,0.39196255803108215,0.3410576283931732,0.3918660283088684,0.3351840376853943,0.39246034622192383
623,1,1,0,0.09005537629127502,0.11248983442783356,0.12261536717414856,0.12401553988456726,0.11978445202112198,0.08854931592941284,0.13644716143608093,0.13269516825675964,0.13893485069274902,0.13780595362186432
624,4,0,0,0.07806196808815002,0.06736457347869873,0.07096034288406372,0.045700594782829285,0.04566499963402748,0.09114450216293335,0.07036112993955612,0.07002228498458862,0.04867694526910782,0.04474317654967308
625,1,0,0,0.09609870612621307,0.08533787727355957,0.09189748018980026,0.10544201731681824,0.11335383355617523,0.09241102635860443,0.0758998692035675,0.08017538487911224,0.0813678428530693,0.0915420800447464
626,0,0,0,0.26725512742996216,0.282550573348999,0.27960461378097534,0.2829432189464569,0.2876589000225067,0.30111610889434814,0.30760622024536133,0.3714844584465027,0.30600833892822266,0.3570628762245178
627,0,0,0,0.09554630517959595,0.08856942504644394,0.08296167850494385,0.0825815200805664,0.086050845682621,0.09624037146568298,0.09352144598960876,0.091223806142807,0.09969828277826309,0.08690304309129715
628,0,1,1,0.9946570992469788,0.9938141107559204,0.9939400553703308,0.9923006892204285,0.9936967492103577,0.9903693795204163,0.9922592639923096,0.9936556220054626,0.993075966835022,0.9929454326629639
629,0,0,0,0.08258648216724396,0.08433520793914795,0.08933695405721664,0.08574721217155457,0.0881742388010025,0.08606019616127014,0.0819292888045311,0.08920498937368393,0.08959466218948364,0.09408971667289734
630,1,0,0,0.08835195004940033,0.08272642642259598,0.08289594948291779,0.0820411741733551,0.07977061718702316,0.07826720923185349,0.06738073378801346,0.03507862985134125,0.07144849002361298,0.03422461822628975
631,3,1,0,0.13478262722492218,0.14851008355617523,0.1445026993751526,0.14217239618301392,0.11812140047550201,0.17105284333229065,0.17091839015483856,0.17464645206928253,0.14909160137176514,0.15313750505447388
632,1,0,0,0.05891411006450653,0.05520997941493988,0.051623355597257614,0.058463532477617264,0.05205076187849045,0.06810668110847473,0.059050314128398895,0.06235538795590401,0.06236131489276886,0.06275461614131927
633,1,1,1,0.39444923400878906,0.40502867102622986,0.3974551558494568,0.41872239112854004,0.3998912572860718,0.3604452311992645,0.36129191517829895,0.36627453565597534,0.34909260272979736,0.34119081497192383
634,4,0,0,0.053702399134635925,0.05655699968338013,0.06266342848539352,0.05584695190191269,0.049105994403362274,0.04241561144590378,0.031617287546396255,0.045878876000642776,0.03761977702379227,0.04448315501213074
635,3,0,0,0.013640508987009525,0.019358176738023758,0.015907756984233856,0.011523110792040825,0.010865606367588043,0.014945863746106625,0.013942389748990536,0.012209582142531872,0.009063683450222015,0.009693621657788754
636,1,1,1,0.8176289796829224,0.8402439951896667,0.8307479619979858,0.8449010848999023,0.839158296585083,0.8489422798156738,0.8663690686225891,0.8739343285560608,0.8629679083824158,0.873647928237915
637,2,0,0,0.21934053301811218,0.18910722434520721,0.2198311984539032,0.21236643195152283,0.20166032016277313,0.3285304605960846,0.1811254918575287,0.19628749787807465,0.17449086904525757,0.16364437341690063
638,0,0,0,0.12196163833141327,0.16535083949565887,0.17909513413906097,0.1673520803451538,0.17252525687217712,0.1451554298400879,0.16972675919532776,0.166208416223526,0.18295922875404358,0.16419781744480133
639,0,0,0,0.012652330100536346,0.016670137643814087,0.02065478451550007,0.018978172913193703,0.02069724164903164,0.007385658100247383,0.010925361886620522,0.012857433408498764,0.011162486858665943,0.010881971567869186
640,2,0,0,0.09971027076244354,0.10449409484863281,0.116667740046978,0.11578743159770966,0.11597685515880585,0.09957848489284515,0.11893974989652634,0.12863551080226898,0.12290084362030029,0.13492938876152039
641,3,0,0,0.0702834501862526,0.07183714956045151,0.07584291696548462,0.0673474371433258,0.06529426574707031,0.07005482912063599,0.06609198451042175,0.06561015546321869,0.06804105639457703,0.05825046822428703
642,0,1,1,0.9839954376220703,0.9879891872406006,0.9844155311584473,0.9868916273117065,0.987132728099823,0.9923660755157471,0.9918400645256042,0.9890904426574707,0.9921443462371826,0.991023063659668
643,3,0,0,0.02098643034696579,0.033425383269786835,0.02852073684334755,0.02022785134613514,0.019701577723026276,0.022894237190485,0.020662138238549232,0.01828976348042488,0.014259138144552708,0.015698283910751343
644,2,1,0,0.20578035712242126,0.14394059777259827,0.16084393858909607,0.14048656821250916,0.13905851542949677,0.390581339597702,0.2072596251964569,0.2334977239370346,0.15976577997207642,0.22280362248420715
645,3,1,1,0.9905465841293335,0.9881977438926697,0.9886575937271118,0.987607479095459,0.9855765104293823,0.9857861995697021,0.9829039573669434,0.9807698130607605,0.9797149300575256,0.9774481058120728
646,2,1,0,0.36103957891464233,0.29842066764831543,0.33562180399894714,0.30968940258026123,0.35151374340057373,0.42237403988838196,0.35386765003204346,0.4267274737358093,0.3467106223106384,0.4083964228630066
647,3,0,0,0.07118548452854156,0.07314325869083405,0.07558029890060425,0.07460585236549377,0.07487106323242188,0.07764437794685364,0.07068441063165665,0.07421549409627914,0.07541251182556152,0.07652895152568817
648,0,1,0,0.23757943511009216,0.2485068142414093,0.2251034677028656,0.22939875721931458,0.23680859804153442,0.2996024489402771,0.29212960600852966,0.3213616609573364,0.28330639004707336,0.30458512902259827
649,1,0,0,0.08127322047948837,0.08164429664611816,0.07899568974971771,0.07978633046150208,0.08068777620792389,0.08173109591007233,0.07902521640062332,0.076749287545681,0.08767959475517273,0.07825706899166107
650,3,1,1,0.6083263158798218,0.5843744874000549,0.593657910823822,0.6436799764633179,0.6284251809120178,0.6015013456344604,0.5949750542640686,0.596297025680542,0.6159175634384155,0.6105118989944458
651,4,0,0,0.0737396776676178,0.07634128630161285,0.07518335431814194,0.07775096595287323,0.07330634444952011,0.07556916773319244,0.08295287936925888,0.07869400084018707,0.08108073472976685,0.07635167986154556
652,3,1,1,0.994299054145813,0.9882681369781494,0.9892892837524414,0.9867463111877441,0.9834197759628296,0.9915608167648315,0.9805499911308289,0.98460853099823,0.9843214154243469,0.9804484248161316
653,0,0,0,0.08286257833242416,0.09062901884317398,0.0856441929936409,0.08947789669036865,0.08779102563858032,0.0820588767528534,0.09048478305339813,0.09299293160438538,0.08952502906322479,0.09545480459928513
654,3,1,1,0.7336900234222412,0.7302201986312866,0.7244420647621155,0.737591564655304,0.7434467673301697,0.7387676239013672,0.7740939855575562,0.7903667688369751,0.7763175964355469,0.7581729888916016
655,4,0,1,0.6661011576652527,0.6678219437599182,0.6703091263771057,0.6770777106285095,0.7018941044807434,0.6702067852020264,0.6904345154762268,0.6734656095504761,0.6769446134567261,0.6779325604438782
656,4,0,0,0.0886697992682457,0.04347207024693489,0.04063376784324646,0.056424256414175034,0.05457039549946785,0.08017418533563614,0.04864492639899254,0.045667361468076706,0.05731814727187157,0.05729766935110092
657,1,0,0,0.08293256908655167,0.08506453037261963,0.08416038006544113,0.0859813392162323,0.08663661032915115,0.0722275823354721,0.07832459360361099,0.05748381465673447,0.08023100346326828,0.05524291470646858
658,3,0,1,0.732964277267456,0.7483749985694885,0.7457140684127808,0.7569798231124878,0.7594631910324097,0.6849305033683777,0.7148467302322388,0.7164442539215088,0.7331312894821167,0.737577497959137
659,2,0,0,0.09449438750743866,0.1103600338101387,0.10013434290885925,0.11051633208990097,0.1111811101436615,0.08577683568000793,0.0943022072315216,0.08849551528692245,0.10349218547344208,0.09306460618972778
660,3,0,0,0.4504063129425049,0.37179192900657654,0.45883551239967346,0.38321611285209656,0.45278653502464294,0.5400190949440002,0.4355809688568115,0.5630465149879456,0.3882713317871094,0.46678757667541504
661,4,1,0,0.37191131711006165,0.35206788778305054,0.3391183614730835,0.36519160866737366,0.3939746618270874,0.2324260175228119,0.2603648602962494,0.269557386636734,0.31064704060554504,0.28681567311286926
662,3,0,0,0.05388538911938667,0.052933745086193085,0.05533614754676819,0.05169665068387985,0.04964464530348778,0.06485147029161453,0.05956241488456726,0.06209348514676094,0.058273524045944214,0.060856036841869354
663,2,0,0,0.33720868825912476,0.3212466835975647,0.3517085015773773,0.339170902967453,0.3549652099609375,0.39592671394348145,0.34628555178642273,0.38775306940078735,0.32971933484077454,0.3930562138557434
664,4,0,0,0.0697237104177475,0.054199524223804474,0.05992870777845383,0.040484651923179626,0.041985634714365005,0.08251673728227615,0.05935505032539368,0.06096147000789642,0.039775434881448746,0.03908136114478111
665,2,1,0,0.14201822876930237,0.14276205003261566,0.1370706558227539,0.161073237657547,0.13383910059928894,0.11815158277750015,0.11698709428310394,0.10603079199790955,0.11620622128248215,0.10497535765171051
666,0,0,0,0.10713241994380951,0.0384712740778923,0.05275648087263107,0.0452815517783165,0.056708965450525284,0.09002833068370819,0.04022562503814697,0.03794202581048012,0.049338046461343765,0.051735784858465195
667,2,0,0,0.09279737621545792,0.10913723707199097,0.09666993468999863,0.1101686954498291,0.10852407664060593,0.08624444156885147,0.09983036667108536,0.08909925818443298,0.10632846504449844,0.09496869146823883
668,4,0,0,0.07417450845241547,0.07422579824924469,0.07496374845504761,0.07930746674537659,0.07400473207235336,0.08489528298377991,0.08185765147209167,0.08173780143260956,0.08130389451980591,0.08159168064594269
669,0,0,0,0.07686174660921097,0.06798693537712097,0.07311129570007324,0.06925785541534424,0.07514524459838867,0.08879192173480988,0.08066921681165695,0.08529216051101685,0.08656808733940125,0.08560319244861603
670,1,1,1,0.9753612875938416,0.9879258871078491,0.9884415864944458,0.9908499121665955,0.9902389049530029,0.9830074310302734,0.9918835163116455,0.991387128829956,0.9920815825462341,0.9922438859939575
671,4,1,1,0.868457555770874,0.7679904699325562,0.7217809557914734,0.7185072898864746,0.7236578464508057,0.8499774932861328,0.6830704212188721,0.7139989733695984,0.5978461503982544,0.5223305225372314
672,2,0,0,0.3514150083065033,0.40701979398727417,0.3661305904388428,0.3884917199611664,0.35342544317245483,0.3124053180217743,0.35983532667160034,0.3452860414981842,0.33718323707580566,0.3382085859775543
673,4,0,0,0.06434560567140579,0.05868428945541382,0.06381245702505112,0.060290563851594925,0.06460122019052505,0.09198214113712311,0.08786577731370926,0.08697459101676941,0.07818107306957245,0.06999234110116959
674,4,1,0,0.08484693616628647,0.08312985301017761,0.08627381920814514,0.08308553695678711,0.09587734192609787,0.09322082251310349,0.0950341448187828,0.1005454808473587,0.09083771705627441,0.09193848818540573
675,1,0,0,0.07279574871063232,0.062444254755973816,0.06561702489852905,0.07108460366725922,0.06858518719673157,0.05835259333252907,0.054002538323402405,0.04305165261030197,0.05753371864557266,0.040400389581918716
676,4,0,0,0.0859854444861412,0.08756814897060394,0.08898025751113892,0.09478222578763962,0.0860699862241745,0.09080535173416138,0.09013664722442627,0.09111744165420532,0.08934566378593445,0.09129051864147186
677,1,0,0,0.08613815158605576,0.08654727786779404,0.08754217624664307,0.08713428676128387,0.08737483620643616,0.08670629560947418,0.08661163598299026,0.08674727380275726,0.0908287763595581,0.08519751578569412
678,2,1,1,0.5534241199493408,0.5382402539253235,0.5429914593696594,0.589819073677063,0.5365463495254517,0.5006572008132935,0.43211930990219116,0.4541606307029724,0.5044561624526978,0.4860794246196747
679,0,0,0,0.01779767870903015,0.018237873911857605,0.022855883464217186,0.0201244056224823,0.01946117728948593,0.008856753818690777,0.011681836098432541,0.01268855296075344,0.011935432441532612,0.013447669334709644
680,1,1,0,0.3558397889137268,0.3783169090747833,0.3533754348754883,0.3582547903060913,0.35288721323013306,0.35267603397369385,0.38384997844696045,0.3664877414703369,0.3811803162097931,0.37326928973197937
681,2,0,1,0.6992241144180298,0.7021138072013855,0.6808655261993408,0.69829922914505,0.693897008895874,0.6758913397789001,0.7037575840950012,0.6692847013473511,0.6996018886566162,0.6649813652038574
682,2,1,0,0.5490968227386475,0.4548543095588684,0.4813878536224365,0.4274946451187134,0.4817572236061096,0.4979298710823059,0.44912266731262207,0.526142954826355,0.490139365196228,0.5720503330230713
683,1,0,0,0.09359218180179596,0.10012433677911758,0.0996791422367096,0.09858717024326324,0.08485990762710571,0.0938616394996643,0.10028830915689468,0.09429650753736496,0.09327337145805359,0.09358452260494232
684,0,0,0,0.012188795953989029,0.006639762781560421,0.006462830118834972,0.007311582565307617,0.006153305992484093,0.007166585419327021,0.00543624721467495,0.004390242043882608,0.005321284290403128,0.006201355252414942
685,3,0,0,0.06316278874874115,0.0734543427824974,0.07431034743785858,0.07605279982089996,0.0731864795088768,0.06532475352287292,0.08135655522346497,0.0822112187743187,0.07605292648077011,0.0761888325214386
686,0,0,0,0.15015552937984467,0.19935661554336548,0.20225422084331512,0.2047852724790573,0.20777806639671326,0.1795732080936432,0.21184228360652924,0.20088733732700348,0.2126920223236084,0.19110815227031708
687,0,0,0,0.00927251111716032,0.005522962659597397,0.005415577441453934,0.00576735008507967,0.005197521299123764,0.00662226602435112,0.004679626319557428,0.004096864722669125,0.004886524751782417,0.005469638854265213
688,3,0,0,0.07700590044260025,0.08217551559209824,0.0815703421831131,0.08547491580247879,0.08282101899385452,0.08480079472064972,0.07778043299913406,0.08100944757461548,0.07764771580696106,0.08293057978153229
689,2,0,0,0.08037778735160828,0.08253660798072815,0.07887021452188492,0.08265232294797897,0.07813148200511932,0.07628728449344635,0.08121773600578308,0.0831737369298935,0.08775683492422104,0.08381306380033493
690,2,1,1,0.9960002899169922,0.9940891265869141,0.994303822517395,0.9960241317749023,0.9937742352485657,0.9932662844657898,0.9898852109909058,0.9902061223983765,0.9935561418533325,0.99274742603302
691,3,1,1,0.5320224761962891,0.5373920202255249,0.4980278015136719,0.5113085508346558,0.49009186029434204,0.5464721918106079,0.5437339544296265,0.5262292623519897,0.5327466726303101,0.5039517283439636
692,1,1,1,0.9355184435844421,0.951516330242157,0.9361377954483032,0.9454319477081299,0.9389755725860596,0.9071927070617676,0.9341915845870972,0.9191381931304932,0.9209208488464355,0.8969486951828003
693,1,1,0,0.5187445282936096,0.6922521591186523,0.6400009989738464,0.5643501877784729,0.5266855359077454,0.8439666032791138,0.8284654021263123,0.8289921879768372,0.809120237827301,0.9684863686561584
694,2,0,0,0.07529225200414658,0.07816043496131897,0.07176191359758377,0.07596252858638763,0.07037976384162903,0.06721626222133636,0.0780993402004242,0.07647092640399933,0.07965806871652603,0.07198745757341385
695,1,0,0,0.254598468542099,0.24907301366329193,0.21715731918811798,0.2573722004890442,0.19649487733840942,0.22241856157779694,0.2453792691230774,0.21111847460269928,0.2441302090883255,0.1936090886592865
696,1,0,0,0.09141278266906738,0.0921899676322937,0.08913491666316986,0.09030251950025558,0.08721952140331268,0.10317936539649963,0.10108590871095657,0.09358081221580505,0.09705474972724915,0.08615884929895401
697,0,0,0,0.0814998522400856,0.055468060076236725,0.06199159845709801,0.057374030351638794,0.06205227971076965,0.07645336538553238,0.07347346842288971,0.07851127535104752,0.07771214842796326,0.07231854647397995
698,4,1,1,0.6878429651260376,0.6854194402694702,0.6831310987472534,0.6865317821502686,0.7093908786773682,0.6994554996490479,0.7018257975578308,0.7052240967750549,0.7045259475708008,0.7016181945800781
699,4,0,0,0.2654207646846771,0.30710697174072266,0.2669276297092438,0.2819008231163025,0.2518922984600067,0.32854604721069336,0.3440527319908142,0.34029003977775574,0.31992968916893005,0.3201371431350708
700,2,0,0,0.09892012178897858,0.08862090855836868,0.08753159642219543,0.08784162998199463,0.08839990198612213,0.08052248507738113,0.08582141995429993,0.08129847049713135,0.08501540124416351,0.07493733614683151
701,2,1,1,0.9866861701011658,0.9825722575187683,0.9836164116859436,0.9860149621963501,0.9864324331283569,0.9812971353530884,0.9730848670005798,0.9704940319061279,0.9875277280807495,0.9844187498092651
702,1,1,1,0.4922320246696472,0.4298420548439026,0.44209402799606323,0.39777106046676636,0.43346041440963745,0.5863929390907288,0.5900352001190186,0.6140809059143066,0.41311749815940857,0.6907137632369995
703,2,0,0,0.03473982959985733,0.04357118159532547,0.03973018378019333,0.05993551388382912,0.051923271268606186,0.022972483187913895,0.0458088144659996,0.05966351181268692,0.04819066822528839,0.045648422092199326
704,3,0,0,0.07498201727867126,0.06887698173522949,0.07229363173246384,0.07049110531806946,0.07089508324861526,0.08222907036542892,0.07735021412372589,0.07594948261976242,0.07352334260940552,0.07588799297809601
705,2,0,0,0.07717034220695496,0.0599425733089447,0.06043807044625282,0.0261954665184021,0.025839630514383316,0.07559461146593094,0.06337879598140717,0.06833867728710175,0.022849883884191513,0.018428103998303413
706,3,0,0,0.0675714910030365,0.08838701993227005,0.09484746307134628,0.09220048040151596,0.0891537070274353,0.07576249539852142,0.07541322708129883,0.07413508743047714,0.0742986798286438,0.080804243683815
707,2,1,1,0.9686959385871887,0.9461007714271545,0.9448903203010559,0.9375020265579224,0.9122629761695862,0.9805854558944702,0.9467996954917908,0.927627444267273,0.9028154611587524,0.878983736038208
708,0,1,0,0.48305875062942505,0.37574654817581177,0.4246142506599426,0.3677859306335449,0.4423707127571106,0.4424979090690613,0.40269333124160767,0.4854619801044464,0.41375407576560974,0.4719136655330658
709,0,1,1,0.9515664577484131,0.9739956855773926,0.9726338386535645,0.9728274345397949,0.9785379767417908,0.9463926553726196,0.9767534732818604,0.9753082394599915,0.9798229932785034,0.9706931114196777
710,2,1,1,0.9935358166694641,0.9917164444923401,0.9913907647132874,0.9937745332717896,0.985020101070404,0.9901634454727173,0.9893555045127869,0.9855659008026123,0.9884351491928101,0.9844106435775757
711,4,1,1,0.9650670289993286,0.9695847034454346,0.9682247638702393,0.9695920944213867,0.9628117084503174,0.9693906307220459,0.9665085077285767,0.9655138254165649,0.9683848023414612,0.9660815000534058
712,1,0,0,0.3294208347797394,0.33267802000045776,0.3235231339931488,0.3297637104988098,0.32794448733329773,0.32644692063331604,0.33282995223999023,0.33108413219451904,0.3432798981666565,0.2990042567253113
713,2,1,0,0.2521090805530548,0.23916961252689362,0.24802112579345703,0.22346292436122894,0.22099246084690094,0.23823615908622742,0.264687716960907,0.25879353284835815,0.2729639410972595,0.24777601659297943
714,3,0,0,0.1093960851430893,0.08822868764400482,0.08454343676567078,0.07956649363040924,0.09460905194282532,0.12122894823551178,0.09519200026988983,0.10442695021629333,0.10526968538761139,0.10002775490283966
715,4,0,0,0.06395076960325241,0.03663691133260727,0.03780144825577736,0.04556303471326828,0.05053124576807022,0.07145225256681442,0.032896049320697784,0.03220226615667343,0.04353854060173035,0.046653203666210175
716,1,0,0,0.10646408051252365,0.12816168367862701,0.12405137717723846,0.1392669975757599,0.13738274574279785,0.10029211640357971,0.12462927401065826,0.12599167227745056,0.14691342413425446,0.10923431813716888
717,2,1,1,0.9828311204910278,0.9809715151786804,0.9856635928153992,0.9822703003883362,0.9825295805931091,0.982585072517395,0.9814971089363098,0.978609561920166,0.9873089790344238,0.9810158014297485
718,2,1,1,0.8949701189994812,0.9030339121818542,0.916383683681488,0.9015893936157227,0.9061708450317383,0.9306269884109497,0.9371064305305481,0.9517831802368164,0.9340246915817261,0.9523355960845947
719,0,0,0,0.08061859011650085,0.08609208464622498,0.07631903886795044,0.07586262375116348,0.0821714997291565,0.10211588442325592,0.08535856008529663,0.08240702748298645,0.0922711193561554,0.09167542308568954
720,1,0,0,0.08202898502349854,0.19082598388195038,0.18590854108333588,0.15694659948349,0.1777036041021347,0.08436235785484314,0.12463819235563278,0.12521998584270477,0.12783747911453247,0.10850885510444641
721,2,1,1,0.9959681034088135,0.9917513132095337,0.9946742057800293,0.9525529146194458,0.9518731832504272,0.9951082468032837,0.9921455383300781,0.9930713176727295,0.9491432905197144,0.9363454580307007
722,1,0,0,0.07528074830770493,0.06204904243350029,0.05426797270774841,0.08643335849046707,0.08317839354276657,0.06938062608242035,0.0564919114112854,0.05108093470335007,0.07116267830133438,0.06881093978881836
723,4,0,0,0.07954715937376022,0.0791865661740303,0.08309346437454224,0.07860033959150314,0.08972209692001343,0.09295059740543365,0.09303745627403259,0.09828653931617737,0.0891357809305191,0.0900178775191307
724,0,0,0,0.09866465628147125,0.09839566797018051,0.09992910176515579,0.09870520979166031,0.10049688816070557,0.11130450665950775,0.1173231303691864,0.115823894739151,0.11871755123138428,0.11693572252988815
725,0,1,1,0.5377469062805176,0.5165042877197266,0.5681983232498169,0.5224775671958923,0.5347996950149536,0.4716550409793854,0.5192506313323975,0.5690752267837524,0.4775354266166687,0.5336486101150513
726,2,0,0,0.01730278693139553,0.034855958074331284,0.03267967328429222,0.017975687980651855,0.0164021123200655,0.008503980934619904,0.027261879295110703,0.02516110986471176,0.014882449992001057,0.01415547076612711
727,3,1,1,0.8390496969223022,0.8865483999252319,0.8671919107437134,0.8916603922843933,0.8890138268470764,0.8379378914833069,0.8737855553627014,0.874021053314209,0.9015076160430908,0.901572048664093
728,3,1,1,0.7404043078422546,0.7293282151222229,0.7268964052200317,0.7379408478736877,0.7373557686805725,0.7019502520561218,0.7551950216293335,0.746429443359375,0.7580463290214539,0.7476644515991211
729,3,0,0,0.06110910326242447,0.09294766932725906,0.09266703575849533,0.10326597094535828,0.08609765022993088,0.08085498213768005,0.08658712357282639,0.08662033081054688,0.09390345960855484,0.09304647892713547
730,0,0,1,0.5680308938026428,0.6051431894302368,0.593715250492096,0.6339987516403198,0.6624641418457031,0.593661904335022,0.6160398721694946,0.6028624176979065,0.6289777755737305,0.6197986602783203
731,1,1,1,0.9972752332687378,0.9858512878417969,0.986598551273346,0.9922071695327759,0.9927574992179871,0.9961897134780884,0.9907857775688171,0.9811858534812927,0.9900082349777222,0.990039050579071
732,2,0,1,0.6173537969589233,0.8102666139602661,0.6105771660804749,0.7460352182388306,0.6133294105529785,0.5124492645263672,0.8091868162155151,0.6202164888381958,0.7692656517028809,0.6061396598815918
733,0,0,0,0.08346419036388397,0.06961363554000854,0.08955030143260956,0.07037298381328583,0.07283996045589447,0.07155320793390274,0.05988548696041107,0.06479456275701523,0.061450280249118805,0.05867879092693329
734,1,0,0,0.11181293427944183,0.12794525921344757,0.12373080104589462,0.12432874739170074,0.1210087239742279,0.10117097944021225,0.11070747673511505,0.09862500429153442,0.10579562187194824,0.09691818803548813
735,0,0,0,0.11598620563745499,0.12478743493556976,0.12246294319629669,0.12712371349334717,0.1146567165851593,0.12077118456363678,0.13095879554748535,0.12758228182792664,0.13144144415855408,0.11776646971702576
736,3,0,0,0.09936074912548065,0.08653111010789871,0.07806883752346039,0.0844167172908783,0.09934236109256744,0.07975359261035919,0.06314720958471298,0.06500763446092606,0.07798624038696289,0.07141172885894775
737,1,0,0,0.016708621755242348,0.015834035351872444,0.015861481428146362,0.00661388598382473,0.008680134080350399,0.013281665742397308,0.012316844426095486,0.014775215648114681,0.007450041826814413,0.0063218469731509686
738,0,1,1,0.41911643743515015,0.48347392678260803,0.44998103380203247,0.43922194838523865,0.44770652055740356,0.47125303745269775,0.5527579188346863,0.5174990296363831,0.5157031416893005,0.48259010910987854
739,4,0,0,0.0737396776676178,0.07634128630161285,0.07518335431814194,0.07775096595287323,0.07330634444952011,0.07556916773319244,0.08295287936925888,0.07869400084018707,0.08108073472976685,0.07635167986154556
740,1,0,0,0.08293256908655167,0.08506453037261963,0.08416038006544113,0.0859813392162323,0.08663661032915115,0.0722275823354721,0.07832459360361099,0.05748381465673447,0.08023100346326828,0.05524291470646858
741,4,1,0,0.44988951086997986,0.41573554277420044,0.4596436619758606,0.4088071882724762,0.45045602321624756,0.44094422459602356,0.4179984927177429,0.45088064670562744,0.4051048159599304,0.446073055267334
742,3,0,0,0.38637447357177734,0.4650125503540039,0.45425617694854736,0.5202839970588684,0.4821493923664093,0.43830448389053345,0.4883252680301666,0.4642595946788788,0.5649711489677429,0.5432212948799133
743,3,1,1,0.9729245901107788,0.9511945247650146,0.9634788632392883,0.9719916582107544,0.9731469750404358,0.9789322018623352,0.96552973985672,0.9733337759971619,0.9702227115631104,0.9704881906509399
744,2,0,0,0.08216696977615356,0.07964595407247543,0.07535349577665329,0.08045116811990738,0.08150934427976608,0.08136491477489471,0.07566680759191513,0.07469236850738525,0.07949716597795486,0.08520378172397614
745,2,1,0,0.21586573123931885,0.1872311532497406,0.2182420790195465,0.21003566682338715,0.2017725557088852,0.24796664714813232,0.17996379733085632,0.18091043829917908,0.16693833470344543,0.15882721543312073
746,4,0,0,0.5135867595672607,0.43170222640037537,0.4973810911178589,0.39095833897590637,0.4808061420917511,0.4675881564617157,0.4120769500732422,0.5304194688796997,0.4249962866306305,0.49592477083206177
747,4,0,0,0.12079162895679474,0.193263977766037,0.17349156737327576,0.20393729209899902,0.18345460295677185,0.16115358471870422,0.23644892871379852,0.2076667845249176,0.2190489023923874,0.21127653121948242
748,3,1,1,0.8144579529762268,0.794129490852356,0.7812681794166565,0.783608078956604,0.7893146276473999,0.8010669946670532,0.8263471126556396,0.8211736679077148,0.8379555344581604,0.8433435559272766
749,3,0,0,0.5149879455566406,0.47408127784729004,0.5863030552864075,0.4963778853416443,0.6094809174537659,0.46237146854400635,0.3948111832141876,0.521831750869751,0.426685094833374,0.5144704580307007
750,2,0,0,0.07311989367008209,0.06802776455879211,0.06726253032684326,0.06591677665710449,0.0707918107509613,0.07157637178897858,0.06519395112991333,0.06802237778902054,0.0703599825501442,0.0693725049495697
751,3,1,1,0.9038706421852112,0.945016622543335,0.9213834404945374,0.930057942867279,0.9336244463920593,0.8512246012687683,0.9219472408294678,0.9113259315490723,0.9547258615493774,0.9362800121307373
752,3,1,1,0.9779839515686035,0.9689239263534546,0.9682361483573914,0.9762780666351318,0.9737523198127747,0.9755983948707581,0.9647184014320374,0.9656951427459717,0.9655671119689941,0.9619039297103882
753,1,0,0,0.08863133192062378,0.08528048545122147,0.08779370784759521,0.08460352569818497,0.09290546178817749,0.09410055726766586,0.09074287116527557,0.09400256723165512,0.09035678207874298,0.11956877261400223
754,1,0,0,0.08695457875728607,0.08762767910957336,0.08829265087842941,0.08920843154191971,0.12115879356861115,0.08542101085186005,0.08502791821956635,0.08722478896379471,0.09007398039102554,0.08631012588739395
755,2,1,1,0.9725364446640015,0.9561952352523804,0.9627370238304138,0.971372127532959,0.9542015790939331,0.9767893552780151,0.9697142839431763,0.9772839546203613,0.976474404335022,0.9779959917068481
756,1,1,1,0.9732714295387268,0.9628164172172546,0.9716218113899231,0.9500145316123962,0.9702637791633606,0.9283043146133423,0.9392715692520142,0.9426155090332031,0.9426369071006775,0.9411993622779846
757,2,0,0,0.08261913061141968,0.06819064170122147,0.06891091912984848,0.07334616035223007,0.08061965554952621,0.08338716626167297,0.07991719245910645,0.08683851361274719,0.089433453977108,0.10838983207941055
758,4,0,0,0.09535398334264755,0.10693731904029846,0.10773102194070816,0.10496722161769867,0.10758958756923676,0.10342837870121002,0.11184278130531311,0.11303573846817017,0.10872539132833481,0.1036374419927597
759,2,0,0,0.06982366740703583,0.06555832177400589,0.06609925627708435,0.06720881164073944,0.07023358345031738,0.07386383414268494,0.07208392024040222,0.07600584626197815,0.07202047109603882,0.07816360145807266
760,1,1,1,0.9939437508583069,0.9908344149589539,0.9925738573074341,0.9895468950271606,0.990522027015686,0.9923226833343506,0.9916658401489258,0.9917476773262024,0.9882876873016357,0.9875513911247253
761,4,0,0,0.07706044614315033,0.046680256724357605,0.04304385185241699,0.061287976801395416,0.06118739768862724,0.10746721923351288,0.05301770567893982,0.046982645988464355,0.06400655955076218,0.06932330131530762
762,4,0,0,0.07456105202436447,0.0633389875292778,0.0629047304391861,0.06557587534189224,0.06179741024971008,0.076603464782238,0.0724300742149353,0.07281633466482162,0.07126341015100479,0.07680554687976837
763,4,1,0,0.09001019597053528,0.09715989232063293,0.09211556613445282,0.09389335662126541,0.08992874622344971,0.09701771289110184,0.09755869954824448,0.09505525976419449,0.09670267254114151,0.09478726983070374
764,2,1,1,0.9965377449989319,0.9928305745124817,0.9919182062149048,0.9924910664558411,0.9879288673400879,0.9958351254463196,0.9856878519058228,0.9891665577888489,0.985211193561554,0.9834275841712952
765,4,0,0,0.09411501884460449,0.09876793622970581,0.09543241560459137,0.10393179208040237,0.09252141416072845,0.096615731716156,0.09389342367649078,0.09679925441741943,0.09332268685102463,0.09630315750837326
766,0,1,1,0.9958745241165161,0.9943909049034119,0.9952561855316162,0.9936404824256897,0.995194673538208,0.9940188527107239,0.994674563407898,0.9958388805389404,0.994918942451477,0.9948828220367432
767,4,0,0,0.3654427230358124,0.3955349326133728,0.3219910264015198,0.41476204991340637,0.3473767638206482,0.24976663291454315,0.3080013394355774,0.2370099127292633,0.3214508295059204,0.2504649758338928
768,2,0,1,0.5173203349113464,0.5046091079711914,0.5073846578598022,0.5162506103515625,0.5464856624603271,0.5164299011230469,0.5327381491661072,0.5228555798530579,0.5258406400680542,0.5595401525497437
769,3,0,0,0.06524563580751419,0.08944129943847656,0.1006782129406929,0.11194749921560287,0.09417880326509476,0.07485166192054749,0.10171179473400116,0.0895211324095726,0.08646248281002045,0.08804640918970108
770,2,0,0,0.08427717536687851,0.0708809494972229,0.07972236722707748,0.0701177641749382,0.08532662689685822,0.09234276413917542,0.08391603082418442,0.0932474285364151,0.0832384005188942,0.09801138937473297
771,4,0,0,0.08004534989595413,0.07768689095973969,0.08117882907390594,0.08272251486778259,0.08021723479032516,0.08464992046356201,0.09234317392110825,0.08640369027853012,0.09136505424976349,0.09115519374608994
772,1,0,0,0.06390050053596497,0.04802754893898964,0.04906982183456421,0.03271512687206268,0.035108231008052826,0.07778450101613998,0.05560069903731346,0.05449647828936577,0.029536839574575424,0.027294963598251343
773,1,0,1,0.9039962291717529,0.8909579515457153,0.9183136224746704,0.9022239446640015,0.9125083684921265,0.9577149152755737,0.9164214134216309,0.9553061127662659,0.9340584874153137,0.9696533679962158
774,0,0,0,0.08882350474596024,0.05906424671411514,0.06742028892040253,0.07419458776712418,0.0737566351890564,0.09345700591802597,0.060702867805957794,0.06346338987350464,0.07057315856218338,0.07282868027687073
775,2,1,1,0.7818547487258911,0.7577716708183289,0.7879000306129456,0.7948748469352722,0.7723707556724548,0.8704234957695007,0.8664938807487488,0.8484816551208496,0.8142088055610657,0.8764792680740356
776,1,0,0,0.09115965664386749,0.09744393080472946,0.09486909955739975,0.09707000851631165,0.08183886110782623,0.0925731211900711,0.09693356603384018,0.09567122161388397,0.09825847297906876,0.09698440879583359
777,3,0,0,0.0799708366394043,0.09216677397489548,0.08929459750652313,0.08737083524465561,0.08257909119129181,0.08515530079603195,0.09092947840690613,0.07878249138593674,0.0951027125120163,0.08404418081045151
778,1,1,1,0.9698302745819092,0.9482109546661377,0.9679268598556519,0.9435972571372986,0.9607877731323242,0.9645547270774841,0.9581708908081055,0.9610093235969543,0.9417713284492493,0.9378188848495483
779,1,0,0,0.08927259594202042,0.08306710422039032,0.08343536406755447,0.08350777626037598,0.08065533638000488,0.07112488150596619,0.0673854723572731,0.0606621690094471,0.07012242823839188,0.033837419003248215
780,0,1,1,0.9946466684341431,0.9942282438278198,0.9939913749694824,0.9927160739898682,0.9940071105957031,0.9937094449996948,0.9941146969795227,0.9937406778335571,0.994214653968811,0.9943764805793762
781,0,1,1,0.7293576598167419,0.7145203948020935,0.739966869354248,0.7350558638572693,0.7511481046676636,0.7086408138275146,0.7158845663070679,0.7152625918388367,0.6963468790054321,0.7078249454498291
782,4,1,1,0.984397828578949,0.9890878200531006,0.9877630472183228,0.9881037473678589,0.986602783203125,0.9833270311355591,0.9870439767837524,0.9861736297607422,0.9860599040985107,0.981314480304718
783,4,0,1,0.5162075757980347,0.4867442846298218,0.5352723598480225,0.46726661920547485,0.5295053720474243,0.47349295020103455,0.4453967809677124,0.48610854148864746,0.4442153573036194,0.4779053330421448
784,2,0,0,0.011827400885522366,0.016082199290394783,0.013275557197630405,0.02234974503517151,0.015300454571843147,0.007597076706588268,0.013157442212104797,0.01045907475054264,0.015942921862006187,0.01320570521056652
785,2,0,0,0.06984058767557144,0.07866524159908295,0.06563086807727814,0.05008658766746521,0.03763332962989807,0.04821993038058281,0.075594961643219,0.06860049813985825,0.03139661252498627,0.02915629930794239
786,0,0,0,0.08385540544986725,0.08495741337537766,0.09307302534580231,0.08773305267095566,0.09468534588813782,0.08784820139408112,0.09117918461561203,0.08844909071922302,0.09269065409898758,0.09254935383796692
787,4,1,1,0.6241995692253113,0.6091703176498413,0.6222126483917236,0.6268287301063538,0.6472306251525879,0.5934755802154541,0.632332444190979,0.6268287301063538,0.6424762010574341,0.6379773020744324
788,0,0,0,0.01069934293627739,0.008848216384649277,0.010642683133482933,0.009231450967490673,0.008069237694144249,0.009231491945683956,0.0071910289116203785,0.009664006531238556,0.007103840820491314,0.008601936511695385
789,0,1,1,0.8777109980583191,0.4935632348060608,0.6692343354225159,0.4746885299682617,0.5505715608596802,0.7678930163383484,0.503429114818573,0.47679728269577026,0.4266310930252075,0.49837526679039
790,3,0,0,0.16036053001880646,0.1758352816104889,0.1589074581861496,0.2018900215625763,0.1558169275522232,0.20178811252117157,0.2136307656764984,0.16863912343978882,0.24061444401741028,0.2132459580898285
791,0,0,0,0.11182131618261337,0.07816646993160248,0.08307425677776337,0.07616110146045685,0.07008311152458191,0.09101289510726929,0.10256733745336533,0.10251227766275406,0.09013403952121735,0.08069786429405212
792,4,0,0,0.11007491499185562,0.06793926656246185,0.07638335227966309,0.09518487006425858,0.10650873929262161,0.1036052331328392,0.079978346824646,0.08111196011304855,0.09132321178913116,0.08949233591556549
793,3,0,0,0.02762186899781227,0.027269290760159492,0.02581927925348282,0.01764245145022869,0.01778833381831646,0.015849588438868523,0.012297989800572395,0.012449527159333229,0.00832673255354166,0.00809931568801403
794,0,0,0,0.25017139315605164,0.3356773853302002,0.2692030370235443,0.33802327513694763,0.29127734899520874,0.26675307750701904,0.3370434045791626,0.29887449741363525,0.3183346092700958,0.268338143825531
795,3,0,0,0.06548725068569183,0.06388617306947708,0.06562158465385437,0.0646795779466629,0.06503866612911224,0.07210323214530945,0.06845594197511673,0.06944402307271957,0.06673809140920639,0.06936362385749817
796,0,0,0,0.10940755903720856,0.11011392623186111,0.1187329888343811,0.10914801061153412,0.10612231492996216,0.12097211927175522,0.12792560458183289,0.1261824667453766,0.11781658977270126,0.12596818804740906
797,0,1,1,0.7971248626708984,0.8519676327705383,0.8316135406494141,0.8498400449752808,0.7708167433738708,0.8165248036384583,0.9757605791091919,0.8981502652168274,0.9741082191467285,0.8020995855331421
798,4,1,1,0.5779585838317871,0.6078301668167114,0.6152020692825317,0.6273710131645203,0.6470247507095337,0.5205100774765015,0.5616573095321655,0.6097868084907532,0.5926060676574707,0.6063534617424011
799,1,0,0,0.08954378217458725,0.08826304972171783,0.0857803225517273,0.0880391001701355,0.09707991778850555,0.08524055033922195,0.09015185385942459,0.08895010501146317,0.08459776639938354,0.08877427130937576
800,0,0,0,0.020268015563488007,0.05704168975353241,0.044973645359277725,0.06174831837415695,0.057084374129772186,0.014030375517904758,0.04433777928352356,0.03687683492898941,0.03271198272705078,0.03582511842250824
801,3,0,0,0.06489497423171997,0.06537508964538574,0.06254257261753082,0.06513451784849167,0.06498508900403976,0.07087362557649612,0.05870160460472107,0.06010352820158005,0.06547030061483383,0.06977131962776184
802,0,1,1,0.984511137008667,0.9828743934631348,0.9839017391204834,0.9837843775749207,0.9799778461456299,0.9856231212615967,0.9808605313301086,0.9795466661453247,0.9821809530258179,0.9802199602127075
803,2,1,1,0.989969789981842,0.9757372140884399,0.9804118871688843,0.9819245338439941,0.9753875732421875,0.9869660139083862,0.9528148174285889,0.9669159650802612,0.9588384628295898,0.9592408537864685
804,0,1,1,0.8879022598266602,0.7858184576034546,0.8613013029098511,0.7945529818534851,0.850847065448761,0.7917853593826294,0.7615092992782593,0.7898468375205994,0.7631530165672302,0.8144127130508423
805,3,1,0,0.07159461081027985,0.06294748187065125,0.06718835234642029,0.06282728165388107,0.06961856782436371,0.07329884171485901,0.06866077333688736,0.06939048320055008,0.07446647435426712,0.0715252161026001
806,2,0,0,0.07855966687202454,0.0633888989686966,0.0655570924282074,0.06818965822458267,0.07542437314987183,0.07674719393253326,0.06768588721752167,0.07344695180654526,0.07395850121974945,0.08372173458337784
807,3,0,0,0.12353048473596573,0.14456585049629211,0.11947018653154373,0.13256683945655823,0.1186465471982956,0.12696930766105652,0.14903700351715088,0.13750770688056946,0.12397612631320953,0.17855042219161987
808,4,0,1,0.6083749532699585,0.6067554950714111,0.6185756325721741,0.6372556090354919,0.6432466506958008,0.5691813826560974,0.620996356010437,0.6114129424095154,0.637680172920227,0.6333463788032532
809,4,0,0,0.07844021916389465,0.08369101583957672,0.0841149389743805,0.0812591090798378,0.08401066064834595,0.09047815203666687,0.08628420531749725,0.08759230375289917,0.08769473433494568,0.09066617488861084
810,3,1,1,0.9896769523620605,0.9607021808624268,0.9772366285324097,0.9792355895042419,0.9799916744232178,0.9879084229469299,0.9599363207817078,0.9747001528739929,0.9572744369506836,0.974217414855957
811,3,0,0,0.06792905926704407,0.06332560628652573,0.06700346618890762,0.06442806869745255,0.06546761095523834,0.0715712159872055,0.06762377917766571,0.07328716665506363,0.06292033195495605,0.07279575616121292
812,0,0,0,0.11029604077339172,0.05189923569560051,0.04703228920698166,0.05725845694541931,0.061500273644924164,0.11906801164150238,0.0453791506588459,0.04556110128760338,0.0544234961271286,0.05881157144904137
813,3,0,0,0.09937972575426102,0.08634917438030243,0.09303586184978485,0.08613374829292297,0.09466437995433807,0.10091379284858704,0.09131793677806854,0.0964275524020195,0.08426526188850403,0.0971895307302475
814,4,0,0,0.09316040575504303,0.06533828377723694,0.07403258979320526,0.022754719480872154,0.020889105275273323,0.08126076310873032,0.07254316657781601,0.07672275602817535,0.016971569508314133,0.017543522641062737
815,0,0,0,0.08420251309871674,0.0807339996099472,0.08386767655611038,0.07955174893140793,0.08861339092254639,0.08749692142009735,0.08747813105583191,0.08654875308275223,0.08854105323553085,0.09390430152416229
816,3,0,0,0.10262273252010345,0.1316497027873993,0.10974408686161041,0.11740507185459137,0.1067456603050232,0.11330126971006393,0.13134565949440002,0.1327695995569229,0.121625617146492,0.15858422219753265
817,2,0,1,0.6121228337287903,0.6131711006164551,0.6017497777938843,0.6258588433265686,0.64836585521698,0.5534176826477051,0.5853068828582764,0.5657633543014526,0.640659749507904,0.5896385908126831
818,2,0,0,0.09875711798667908,0.08656758069992065,0.08605321496725082,0.10019725561141968,0.09507542848587036,0.07819613069295883,0.08268362283706665,0.07762757688760757,0.08650938421487808,0.0911334976553917
819,0,0,0,0.08192792534828186,0.07232504338026047,0.08286280184984207,0.07410384714603424,0.08044025301933289,0.09259015321731567,0.08235593885183334,0.087023064494133,0.09084943681955338,0.08385998010635376
820,2,0,0,0.014960601925849915,0.007575740572065115,0.009908306412398815,0.005259051453322172,0.006611834745854139,0.00998953077942133,0.007766542956233025,0.008026662282645702,0.0059531922452151775,0.006643685512244701
821,4,1,1,0.967954158782959,0.9688127040863037,0.9601448774337769,0.9701778888702393,0.9660686254501343,0.9727299213409424,0.9754809141159058,0.961460292339325,0.9736601114273071,0.9683066606521606
822,3,1,0,0.07993777841329575,0.06750655919313431,0.07110317051410675,0.06762730330228806,0.07713894546031952,0.08443555235862732,0.07896552979946136,0.08008411526679993,0.08243221044540405,0.08103692531585693
823,0,0,0,0.3017309904098511,0.2870540916919708,0.2838829457759857,0.31059256196022034,0.26776373386383057,0.1370859593153,0.1239817813038826,0.11881954222917557,0.12224575132131577,0.11931875348091125
824,1,1,1,0.9746351838111877,0.9767299294471741,0.9775817394256592,0.9772740602493286,0.9750920534133911,0.9801079034805298,0.9655143618583679,0.9784772992134094,0.9699465036392212,0.9848806858062744
825,3,0,0,0.01964099518954754,0.027493415400385857,0.02488665282726288,0.017187001183629036,0.018081674352288246,0.015253393910825253,0.012314110063016415,0.01179160550236702,0.010079574771225452,0.011143370531499386
826,2,0,0,0.07033134996891022,0.06571080535650253,0.060244083404541016,0.06336545199155807,0.06209404021501541,0.06491921842098236,0.059031616896390915,0.05569090321660042,0.05654897540807724,0.05710773915052414
827,1,0,0,0.5187445282936096,0.6922521591186523,0.6400009989738464,0.5643501877784729,0.5266855359077454,0.8439666032791138,0.8284654021263123,0.8289921879768372,0.809120237827301,0.9684863686561584
828,3,1,1,0.9376398324966431,0.8673478364944458,0.8871930837631226,0.7991902828216553,0.8633004426956177,0.8939002156257629,0.8633679151535034,0.8593334555625916,0.8422439098358154,0.8366668224334717
829,1,1,0,0.08855833113193512,0.08237665891647339,0.08467462658882141,0.08206991851329803,0.08052327483892441,0.06636947393417358,0.07304050028324127,0.032767899334430695,0.07110162824392319,0.03656112775206566
830,4,1,1,0.980918288230896,0.9831019639968872,0.9819196462631226,0.9819250106811523,0.981069803237915,0.9815295338630676,0.9883036017417908,0.9858830571174622,0.9877259135246277,0.9845144152641296
831,0,1,1,0.7383484840393066,0.5872697830200195,0.6508049368858337,0.598382294178009,0.5912452936172485,0.7378565073013306,0.592856228351593,0.5909890532493591,0.5427913665771484,0.5313702821731567
832,2,1,1,0.9959650039672852,0.9935462474822998,0.9946639537811279,0.9937970638275146,0.9947536587715149,0.9943783283233643,0.992268443107605,0.9926812052726746,0.9897260665893555,0.9909015893936157
833,2,0,0,0.07183551788330078,0.07624966651201248,0.06750717014074326,0.07559278607368469,0.06761068105697632,0.03449925780296326,0.06363131105899811,0.05406602472066879,0.06166921183466911,0.05577309802174568
834,4,0,0,0.08037972450256348,0.08162779361009598,0.07975411415100098,0.08073511719703674,0.08021802455186844,0.08695656806230545,0.08554267138242722,0.0839732438325882,0.08459997922182083,0.08649971336126328
835,4,0,0,0.0874585285782814,0.09260829538106918,0.09174219518899918,0.09221681952476501,0.09057462960481644,0.09337469190359116,0.09359189122915268,0.09413337707519531,0.09239725768566132,0.0982731282711029
836,4,1,1,0.9811860918998718,0.9708418846130371,0.9763754606246948,0.9729025363922119,0.9811180830001831,0.9842175245285034,0.9767415523529053,0.9856240153312683,0.9793158173561096,0.9845454692840576
837,4,0,0,0.08218681812286377,0.08446791768074036,0.08416181802749634,0.08757557719945908,0.08451762050390244,0.08987969160079956,0.09175407886505127,0.08998710662126541,0.0880984365940094,0.09319885075092316
838,4,0,0,0.07785043120384216,0.08075341582298279,0.07663028687238693,0.07704518735408783,0.07669737935066223,0.07952186465263367,0.0852382630109787,0.08192969858646393,0.08248855173587799,0.0773279070854187
839,1,1,0,0.5118348598480225,0.6729748845100403,0.621248722076416,0.5371071696281433,0.4898681044578552,0.8077143430709839,0.8100323677062988,0.8672301173210144,0.791634202003479,0.9643266201019287
840,0,1,0,0.268646776676178,0.3181142508983612,0.2960280179977417,0.31794264912605286,0.2985319495201111,0.29835444688796997,0.3305949568748474,0.30003780126571655,0.3195233643054962,0.3107031583786011
841,2,0,0,0.07585271447896957,0.08107630908489227,0.07332438230514526,0.0778210386633873,0.07369910180568695,0.07267342507839203,0.07539084553718567,0.0762539654970169,0.08045336604118347,0.07750598341226578
842,1,0,0,0.11149629950523376,0.11727117747068405,0.11338402330875397,0.12161211669445038,0.11856868118047714,0.1013033539056778,0.10383616387844086,0.11012107133865356,0.1052711009979248,0.11037926375865936
843,3,1,1,0.9163571000099182,0.8659248948097229,0.8412590622901917,0.8857557773590088,0.8776954412460327,0.9159577488899231,0.8967388272285461,0.8660251498222351,0.9391152858734131,0.9192910194396973
844,4,0,0,0.0728616714477539,0.07483554631471634,0.06809414178133011,0.07333151996135712,0.07136987894773483,0.07824312895536423,0.07335201650857925,0.07682225108146667,0.07178986072540283,0.07645019888877869
845,4,0,0,0.09012250602245331,0.09553811699151993,0.09527932107448578,0.09741909056901932,0.09860377758741379,0.0917007327079773,0.09616327285766602,0.09518300741910934,0.09678696095943451,0.10004504024982452
846,0,0,0,0.07104428112506866,0.06946274638175964,0.07249712198972702,0.07044240832328796,0.07766368985176086,0.09314599633216858,0.08062531799077988,0.08913657814264297,0.09093664586544037,0.09222439676523209
847,4,0,0,0.0277567096054554,0.021271465346217155,0.01909327507019043,0.011449916288256645,0.009845742955803871,0.015426632948219776,0.012458610348403454,0.010775892995297909,0.009256287477910519,0.008270720019936562
848,2,0,0,0.07003604620695114,0.06535927206277847,0.06708983331918716,0.06363078206777573,0.06638245284557343,0.07536174356937408,0.06972681730985641,0.07260666787624359,0.06916401535272598,0.07277149707078934
849,0,0,0,0.2669985592365265,0.2998311519622803,0.3286669850349426,0.2869725823402405,0.3426288366317749,0.21834266185760498,0.27203431725502014,0.2915564775466919,0.2796921730041504,0.3183857202529907
850,4,1,1,0.976243793964386,0.9849116206169128,0.9843007922172546,0.9799473881721497,0.9833846092224121,0.9827261567115784,0.9858145117759705,0.9851034283638,0.9829627871513367,0.9805952310562134
851,2,0,0,0.029291454702615738,0.0229794904589653,0.01976519636809826,0.009148731827735901,0.011552377603948116,0.01934376172721386,0.01722910813987255,0.011800353415310383,0.009531761519610882,0.009896664880216122
852,4,0,0,0.06067253649234772,0.05351158604025841,0.05667806416749954,0.055698662996292114,0.056736189872026443,0.07925799489021301,0.06827840209007263,0.07063539326190948,0.06804582476615906,0.07196196913719177
853,1,0,0,0.047024570405483246,0.034425750374794006,0.0318702757358551,0.03991824761033058,0.03126731514930725,0.025218797847628593,0.02864656038582325,0.03815837949514389,0.03073999285697937,0.03694893792271614
854,3,1,1,0.9706085920333862,0.969624400138855,0.9720919132232666,0.9703972339630127,0.9788996577262878,0.9685301780700684,0.9733760356903076,0.9805148839950562,0.9787465333938599,0.9784777164459229
855,2,0,1,0.8673385977745056,0.8323154449462891,0.8492408394813538,0.781207263469696,0.73774254322052,0.8903908729553223,0.8737746477127075,0.8604259490966797,0.7924323081970215,0.7892981767654419
856,4,1,1,0.6500351428985596,0.6576409935951233,0.6436488628387451,0.7091726660728455,0.6563394069671631,0.6896675825119019,0.714184045791626,0.7002881169319153,0.6986993551254272,0.7258678674697876
857,0,1,1,0.9910624027252197,0.9887489676475525,0.9899943470954895,0.9871582984924316,0.9894722104072571,0.9877373576164246,0.9892047643661499,0.988854169845581,0.987176775932312,0.9882099628448486
858,2,1,0,0.3073502480983734,0.2953418493270874,0.3212012052536011,0.3055611848831177,0.3361190855503082,0.3588656783103943,0.3174956738948822,0.3583058714866638,0.28771743178367615,0.350261926651001
859,3,1,1,0.9652663469314575,0.9610475897789001,0.97159343957901,0.9621782898902893,0.9541403651237488,0.9618735313415527,0.948637843132019,0.9595416188240051,0.9481704235076904,0.947829008102417
860,1,0,0,0.09067091345787048,0.09556078910827637,0.09261542558670044,0.09671838581562042,0.1281610131263733,0.08923962712287903,0.09935644268989563,0.1075219064950943,0.12186073511838913,0.11452959477901459
861,3,0,0,0.04831172898411751,0.05468987300992012,0.059415869414806366,0.05922367423772812,0.056090325117111206,0.06728687137365341,0.05479828268289566,0.05832882970571518,0.06056034564971924,0.06417462229728699
862,3,0,0,0.1165194883942604,0.12714582681655884,0.12654566764831543,0.13367295265197754,0.1291818916797638,0.11395254731178284,0.11578616499900818,0.11679916083812714,0.11446140706539154,0.11994187533855438
863,0,1,1,0.9866921901702881,0.9861391186714172,0.988340437412262,0.986627459526062,0.984869122505188,0.9925670027732849,0.9913066029548645,0.9922493696212769,0.9901397228240967,0.9916349649429321
864,4,0,0,0.0503329299390316,0.039506517350673676,0.04278969764709473,0.015342376194894314,0.016281839460134506,0.041820622980594635,0.038955360651016235,0.0404813215136528,0.014377962797880173,0.013767832890152931
865,3,0,0,0.10607752203941345,0.10608483105897903,0.10661546885967255,0.11058428138494492,0.10463536530733109,0.10645333677530289,0.09423944354057312,0.10053817182779312,0.09606955945491791,0.1049908921122551
866,3,1,1,0.8421469330787659,0.8789342641830444,0.8610758781433105,0.8844823241233826,0.8645983338356018,0.8306587934494019,0.867750883102417,0.8529547452926636,0.8746247887611389,0.8774840235710144
867,2,1,1,0.8610605001449585,0.853583812713623,0.8746629953384399,0.8657724261283875,0.8390495181083679,0.8735395073890686,0.8568359613418579,0.8903273344039917,0.85551917552948,0.8847245573997498
868,2,0,0,0.4420992434024811,0.41965925693511963,0.43901780247688293,0.46395882964134216,0.4202924966812134,0.36632126569747925,0.39528003334999084,0.41016054153442383,0.38809022307395935,0.3731980323791504
869,1,0,0,0.09002821892499924,0.09317457675933838,0.09151934087276459,0.09432142972946167,0.10243712365627289,0.08959178626537323,0.09434682130813599,0.09225096553564072,0.09494374692440033,0.09623640030622482
870,2,1,1,0.992228090763092,0.9831135272979736,0.9872102737426758,0.9880943298339844,0.9881148338317871,0.989189624786377,0.9757578372955322,0.9803442358970642,0.9797930121421814,0.9776324033737183
871,0,0,0,0.08258648216724396,0.08433520793914795,0.08933695405721664,0.08574721217155457,0.0881742388010025,0.08606019616127014,0.0819292888045311,0.08920498937368393,0.08959466218948364,0.09408971667289734
872,2,1,1,0.981001615524292,0.9720785021781921,0.9732012748718262,0.9779382944107056,0.9807637929916382,0.9848949909210205,0.9478867650032043,0.9461271166801453,0.9779110550880432,0.9769660830497742
873,3,0,0,0.20549988746643066,0.25208526849746704,0.2008349895477295,0.2332623302936554,0.202784925699234,0.1687876284122467,0.21111655235290527,0.17408642172813416,0.17865583300590515,0.20370014011859894
874,0,0,0,0.06984568387269974,0.06472614407539368,0.06730024516582489,0.06488649547100067,0.07498198002576828,0.08739728480577469,0.0769568681716919,0.08371715247631073,0.08376086503267288,0.08490712195634842
875,1,1,1,0.8651756644248962,0.9020705223083496,0.8858755230903625,0.9056175947189331,0.895496666431427,0.8763905763626099,0.9006223082542419,0.8883918523788452,0.9071519374847412,0.899898886680603
876,0,1,1,0.7012029886245728,0.6964030265808105,0.7182104587554932,0.7203224897384644,0.7252970933914185,0.6754779815673828,0.6985386610031128,0.6957322955131531,0.6945250034332275,0.6944432854652405
877,4,0,0,0.07583706080913544,0.06146076321601868,0.05876647308468819,0.0706653892993927,0.06092090159654617,0.10686209797859192,0.04850897938013077,0.051226623356342316,0.05864224582910538,0.06543341279029846
878,3,0,0,0.07118548452854156,0.07535140961408615,0.07458114624023438,0.06781743466854095,0.06652801483869553,0.07764437794685364,0.07137180864810944,0.07303254306316376,0.0701766386628151,0.06579278409481049
879,1,0,0,0.08293256908655167,0.08506453037261963,0.08416038006544113,0.0859813392162323,0.08663661032915115,0.0722275823354721,0.07832459360361099,0.05748381465673447,0.08023100346326828,0.05524291470646858
880,1,1,1,0.9747618436813354,0.9715478420257568,0.975745677947998,0.9778583645820618,0.9722051024436951,0.9837945103645325,0.9878568649291992,0.9860191345214844,0.987104058265686,0.9848336577415466
881,2,1,1,0.9933342337608337,0.9885851144790649,0.9911147952079773,0.9843811392784119,0.9790950417518616,0.9929915070533752,0.9896771907806396,0.9896330237388611,0.9803325533866882,0.970666766166687
882,4,0,0,0.0738639310002327,0.0667245015501976,0.0719953328371048,0.07078814506530762,0.07377437502145767,0.08403463661670685,0.07912430167198181,0.08149543404579163,0.08243581652641296,0.0840509682893753
883,1,0,1,0.6422742009162903,0.6922084093093872,0.6830967664718628,0.7029674649238586,0.7118439078330994,0.6632975339889526,0.6725143194198608,0.6909940838813782,0.7216053605079651,0.723800539970398
884,0,0,0,0.1298912912607193,0.12843957543373108,0.13667631149291992,0.13685734570026398,0.1403500735759735,0.1368926614522934,0.13699683547019958,0.14075511693954468,0.1288224309682846,0.13097736239433289
885,0,0,0,0.08735456317663193,0.08636078238487244,0.09225250035524368,0.09048283845186234,0.09163741022348404,0.09377197176218033,0.09576353430747986,0.09465067088603973,0.10170476138591766,0.09486089646816254
886,0,0,0,0.013641911558806896,0.02083132416009903,0.022752143442630768,0.021611575037240982,0.018981071189045906,0.00933787226676941,0.012102125212550163,0.014478357508778572,0.013412137515842915,0.01243861299008131
887,2,0,0,0.1619630753993988,0.14475731551647186,0.15450933575630188,0.14879940450191498,0.17346827685832977,0.12012803554534912,0.13868288695812225,0.12426143884658813,0.14274436235427856,0.12267997115850449
888,3,1,1,0.963546633720398,0.9619678258895874,0.93678879737854,0.9718360304832458,0.9505786895751953,0.9586594104766846,0.9624589085578918,0.9530311822891235,0.9731044173240662,0.9651931524276733
889,3,0,0,0.6098946928977966,0.5450982451438904,0.5555191040039062,0.44194579124450684,0.4951059818267822,0.6082934141159058,0.5589503645896912,0.608959436416626,0.5623524188995361,0.553676187992096
890,2,1,0,0.3964904248714447,0.4294748604297638,0.4077993929386139,0.4211055040359497,0.4452272355556488,0.3882833421230316,0.43487653136253357,0.4260047376155853,0.4221317768096924,0.39633211493492126
891,0,0,0,0.09154289960861206,0.08376923203468323,0.08486308157444,0.08351209759712219,0.08704818785190582,0.1010974645614624,0.08865052461624146,0.09731067717075348,0.09254485368728638,0.09537779539823532
