PassengerId,fold,Survived,champion_pred,TabPFN_v2_5__v2base_typed22,TabPFN_v2_5__v2base_familyfare_typed22,TabPFN_v2_5__gunes24_typed22,TabPFN_v3__v2base_typed22,TabPFN_v3__v2base_familyfare_typed22,TabPFN_v3__gunes24_typed22
1,1,0,0,0.05446573346853256,0.056726932525634766,0.028352651745080948,0.04489109665155411,0.03645775839686394,0.023345278576016426
2,4,1,1,0.9770111441612244,0.9791551828384399,0.9865368008613586,0.978886604309082,0.9851621985435486,0.9833532571792603
3,3,1,0,0.5578316450119019,0.5368597507476807,0.5463842153549194,0.6079391241073608,0.5357109308242798,0.52525395154953
4,3,1,1,0.9459054470062256,0.9565325975418091,0.9629067778587341,0.9655179381370544,0.9479732513427734,0.9544357061386108
5,0,0,0,0.08258641511201859,0.07030405104160309,0.09689301997423172,0.09034784138202667,0.08083890378475189,0.09298978745937347
6,4,0,0,0.09876641631126404,0.08723211288452148,0.12844282388687134,0.10905246436595917,0.11583408713340759,0.09580029547214508
7,0,0,0,0.2128472924232483,0.20400919020175934,0.3352004885673523,0.21545261144638062,0.21645137667655945,0.33767080307006836
8,4,0,0,0.04536112770438194,0.03510872274637222,0.014899147674441338,0.030315611511468887,0.02440205216407776,0.010752287693321705
9,4,1,1,0.6933110356330872,0.696590781211853,0.6680720448493958,0.7016218900680542,0.7116125226020813,0.7872743606567383
10,3,1,1,0.9357559084892273,0.9460446834564209,0.9425400495529175,0.9506220817565918,0.9241962432861328,0.9245359301567078
11,2,1,1,0.9817200899124146,0.9685533046722412,0.873192548751831,0.9627877473831177,0.9745620489120483,0.906230628490448
12,4,1,1,0.8746741414070129,0.8822540640830994,0.8916683197021484,0.9292922616004944,0.9286367893218994,0.9229452013969421
13,4,0,0,0.08952967822551727,0.09553175419569016,0.08965284377336502,0.10837293416261673,0.11641597747802734,0.09529472887516022
14,0,0,0,0.015790613368153572,0.018173644319176674,0.048392727971076965,0.023351944983005524,0.01462097279727459,0.04302150383591652
15,3,0,1,0.7878634929656982,0.8016979694366455,0.6819961667060852,0.7775783538818359,0.7949978113174438,0.6716846823692322
16,3,1,1,0.7602893114089966,0.7979004383087158,0.8662002682685852,0.8050034046173096,0.798050045967102,0.8902087807655334
17,1,0,0,0.01875367760658264,0.005787320900708437,0.006022385321557522,0.008620849810540676,0.0026483044493943453,0.004007543902844191
18,4,1,0,0.07716333866119385,0.07906131446361542,0.0772625133395195,0.09376873821020126,0.09550538659095764,0.0845193862915039
19,3,0,1,0.7401859164237976,0.694219708442688,0.6270263195037842,0.7248483896255493,0.6749025583267212,0.6954494714736938
20,0,1,1,0.6153361797332764,0.6526510715484619,0.6246315240859985,0.6148684024810791,0.6475625038146973,0.61953204870224
21,1,0,0,0.09727651625871658,0.11679800599813461,0.0637054592370987,0.09045945107936859,0.0843130424618721,0.061035867780447006
22,3,1,0,0.14886869490146637,0.18102335929870605,0.295445054769516,0.16940075159072876,0.1573379635810852,0.30032122135162354
23,1,1,1,0.7725658416748047,0.7842645645141602,0.6836842894554138,0.7337400317192078,0.756962239742279,0.6609232425689697
24,1,1,0,0.4151908755302429,0.3699171245098114,0.30800268054008484,0.33467692136764526,0.317082941532135,0.3254660665988922
25,0,0,0,0.005795566830784082,0.00546243553981185,0.004673721268773079,0.005541999824345112,0.005124875344336033,0.005951558239758015
26,4,1,0,0.41802743077278137,0.5344275236129761,0.429665207862854,0.3462158143520355,0.41788333654403687,0.4125710725784302
27,0,0,0,0.09192173182964325,0.09032987058162689,0.10066504776477814,0.09409885108470917,0.09318564087152481,0.09337015450000763
28,2,0,0,0.5053841471672058,0.4786754250526428,0.5719233155250549,0.5001975297927856,0.4894753694534302,0.48359978199005127
29,0,1,1,0.6843775510787964,0.7098191976547241,0.67583829164505,0.7055619359016418,0.715450644493103,0.6713583469390869
30,2,0,0,0.07021118700504303,0.0721108615398407,0.06663867831230164,0.06299039721488953,0.053339265286922455,0.06664949655532837
31,0,0,1,0.5689769387245178,0.62704998254776,0.3357287347316742,0.4342339038848877,0.44638335704803467,0.3171323537826538
32,0,1,1,0.9877350330352783,0.988438069820404,0.9545947909355164,0.9814306497573853,0.982940137386322,0.9579585790634155
33,4,1,1,0.6596435904502869,0.6927435994148254,0.6461862325668335,0.6961725950241089,0.7094208002090454,0.6967740058898926
34,3,0,0,0.06130915880203247,0.060924168676137924,0.08044581115245819,0.060488633811473846,0.06091192364692688,0.09769003838300705
35,0,0,0,0.4246554374694824,0.4648700952529907,0.3245248794555664,0.3395105302333832,0.39462441205978394,0.3015121817588806
36,1,0,0,0.15558132529258728,0.11747013032436371,0.06037289649248123,0.1475440263748169,0.14790615439414978,0.05654703080654144
37,2,1,0,0.06449056416749954,0.06966429203748703,0.07275765389204025,0.053609587252140045,0.044496964663267136,0.06994901597499847
38,4,0,0,0.09059596061706543,0.09190370887517929,0.08965284377336502,0.10793716460466385,0.11178243160247803,0.09529472887516022
39,3,0,1,0.8065223097801208,0.7380585670471191,0.7619255185127258,0.7825782299041748,0.715246319770813,0.7149549126625061
40,1,1,1,0.8894588947296143,0.8708859086036682,0.7356492280960083,0.8860152959823608,0.9381710886955261,0.76738440990448
41,1,0,0,0.5864887237548828,0.7056936025619507,0.47368571162223816,0.616732656955719,0.695661187171936,0.5013942122459412
42,4,0,1,0.9577810764312744,0.9424113035202026,0.9601373076438904,0.9394212961196899,0.941152811050415,0.9490323662757874
43,1,0,0,0.0932578295469284,0.09459555894136429,0.10681554675102234,0.09273818135261536,0.09448319673538208,0.09453552961349487
44,0,1,1,0.9589236974716187,0.9571346640586853,0.9097829461097717,0.9328007102012634,0.9455080032348633,0.8727942705154419
45,4,1,1,0.6386654376983643,0.6674536466598511,0.6395600438117981,0.6552788019180298,0.6726796627044678,0.5649839639663696
46,0,0,0,0.09586092829704285,0.09083277732133865,0.08926855027675629,0.08964379876852036,0.09298629313707352,0.0851256474852562
47,4,0,0,0.08453972637653351,0.08642103523015976,0.10606806725263596,0.08006364107131958,0.0867304652929306,0.1055428683757782
48,2,1,1,0.702121376991272,0.7001801133155823,0.7026106119155884,0.7715866565704346,0.8087146282196045,0.7406256794929504
49,1,0,0,0.06959448754787445,0.08615165948867798,0.09112194925546646,0.06750896573066711,0.07384592294692993,0.08541940152645111
50,2,0,1,0.8112435340881348,0.8279845118522644,0.7063089609146118,0.8043469190597534,0.7264843583106995,0.6364544630050659
51,4,0,0,0.018276264891028404,0.00692838616669178,0.004932732321321964,0.017897648736834526,0.013255011290311813,0.00820747297257185
52,4,0,0,0.08540922403335571,0.09176470339298248,0.08810533583164215,0.08896136283874512,0.09381812810897827,0.08234519511461258
53,1,1,1,0.9736539125442505,0.9513697624206543,0.9610093832015991,0.9893256425857544,0.98955237865448,0.9727741479873657
54,0,1,1,0.8843564391136169,0.9240657687187195,0.9190821647644043,0.9014105796813965,0.9271822571754456,0.9241700172424316
55,2,0,0,0.25814682245254517,0.24765083193778992,0.35916951298713684,0.27171051502227783,0.2840610444545746,0.34961754083633423
56,0,1,0,0.29351070523262024,0.27108845114707947,0.24877183139324188,0.2962721884250641,0.2867307662963867,0.3007209300994873
57,1,1,1,0.8873473405838013,0.8789907097816467,0.9016538858413696,0.8621975183486938,0.8780666589736938,0.8984026908874512
58,4,0,0,0.08262956887483597,0.0818575844168663,0.09848779439926147,0.08382321894168854,0.0840432420372963,0.08876192569732666
59,2,1,1,0.9924161434173584,0.9906679391860962,0.9726153612136841,0.9914852976799011,0.978430986404419,0.9740520715713501
60,4,0,0,0.025273416191339493,0.007743426598608494,0.009943592362105846,0.026054048910737038,0.014621595852077007,0.009687114506959915
61,0,0,0,0.09673836082220078,0.09771598875522614,0.1070992648601532,0.10067286342382431,0.10466328263282776,0.10146747529506683
62,1,1,1,0.9939638376235962,0.9940313696861267,0.9880071878433228,0.9942352771759033,0.9949710965156555,0.9932979941368103
63,1,0,0,0.27180811762809753,0.24219739437103271,0.23021839559078217,0.2942163646221161,0.2970540225505829,0.2871972322463989
64,0,0,0,0.005501705687493086,0.005748622119426727,0.005682538729161024,0.007029656786471605,0.00654192827641964,0.00813139695674181
65,0,0,0,0.29343390464782715,0.2851879596710205,0.24612519145011902,0.30922937393188477,0.2855674922466278,0.2941702604293823
66,3,1,1,0.8685318231582642,0.8641276359558105,0.7801983952522278,0.8514412641525269,0.8447812795639038,0.7454627752304077
67,0,1,1,0.9271300435066223,0.9367557168006897,0.9228857755661011,0.91645348072052,0.9429121017456055,0.92762291431427
68,1,0,0,0.09588183462619781,0.09827025234699249,0.08658856898546219,0.09511730074882507,0.10608883202075958,0.08539487421512604
69,0,1,0,0.05263414606451988,0.12696221470832825,0.14765512943267822,0.03426960110664368,0.08030354976654053,0.15011069178581238
70,3,0,0,0.06567118316888809,0.07458595931529999,0.07534447312355042,0.06293115019798279,0.06762910634279251,0.07569298893213272
71,4,0,0,0.07717607170343399,0.08094529807567596,0.07922935485839844,0.0958537831902504,0.09394850581884384,0.09338633716106415
72,1,0,0,0.025601502507925034,0.005763409659266472,0.014492843300104141,0.013370986096560955,0.0042570107616484165,0.009102966636419296
73,1,0,0,0.1509104073047638,0.2190568745136261,0.11471429467201233,0.09558139741420746,0.10449659824371338,0.06725876033306122
74,3,0,0,0.04963451623916626,0.0527154915034771,0.07871611416339874,0.04335147142410278,0.053156282752752304,0.07562322914600372
75,2,1,0,0.4409816563129425,0.3963138461112976,0.6043537855148315,0.3830335736274719,0.5551067590713501,0.4627107083797455
76,0,0,0,0.09275957942008972,0.09092772006988525,0.10619466006755829,0.09218606352806091,0.09092772752046585,0.08930258452892303
77,1,0,0,0.084032341837883,0.08614614605903625,0.07879970967769623,0.07898256927728653,0.07912389934062958,0.07734508812427521
78,3,0,0,0.056319598108530045,0.06021387130022049,0.06124486029148102,0.05639731511473656,0.05655069649219513,0.060663722455501556
79,1,1,1,0.9470087885856628,0.9035230875015259,0.9131568074226379,0.9389910697937012,0.9592604041099548,0.8617804646492004
80,0,1,1,0.8345223665237427,0.7128514647483826,0.6609511971473694,0.7857123613357544,0.7127293944358826,0.7153651714324951
81,4,0,0,0.08277200907468796,0.08509548753499985,0.0942598432302475,0.08637240529060364,0.08971071988344193,0.09587181359529495
82,4,1,0,0.07688874006271362,0.08080191910266876,0.09036057442426682,0.087383933365345,0.0914260670542717,0.09832499921321869
83,4,1,1,0.6502633690834045,0.6774387955665588,0.6481878161430359,0.6832606792449951,0.7059678435325623,0.6942704319953918
84,4,0,0,0.3325328230857849,0.3243531882762909,0.22468173503875732,0.23328496515750885,0.22204813361167908,0.21363630890846252
85,4,1,1,0.8940497636795044,0.9010322093963623,0.9038956761360168,0.9053722620010376,0.9068437218666077,0.9090805053710938
86,1,1,0,0.4690820574760437,0.4373825192451477,0.3549223840236664,0.5292282700538635,0.3225713074207306,0.31107261776924133
87,2,0,0,0.028300214558839798,0.017379703000187874,0.034752313047647476,0.014530626125633717,0.014585076831281185,0.02928367629647255
88,4,0,0,0.09072387218475342,0.0896073654294014,0.08546923100948334,0.12037661671638489,0.11963053047657013,0.08014276623725891
89,1,1,1,0.9814860820770264,0.9892382621765137,0.9444859623908997,0.9881672263145447,0.9845012426376343,0.9582797884941101
90,3,0,0,0.059679821133613586,0.06174677982926369,0.06124486029148102,0.058948323130607605,0.0620482861995697,0.060663722455501556
91,0,0,0,0.08220076560974121,0.08828919380903244,0.09829124063253403,0.08908282965421677,0.09298571944236755,0.0907573401927948
92,1,0,0,0.09032981097698212,0.09589017927646637,0.0821411982178688,0.09066890925168991,0.09326246380805969,0.075775645673275
93,3,0,0,0.37847113609313965,0.3660435080528259,0.4871431291103363,0.3371419906616211,0.39062970876693726,0.4884026348590851
94,2,0,0,0.12075306475162506,0.10707157850265503,0.10623191297054291,0.08001259714365005,0.10251498222351074,0.10325324535369873
95,0,0,0,0.06256795674562454,0.05927758663892746,0.08471731841564178,0.07917742431163788,0.07878535240888596,0.08456161618232727
96,4,0,0,0.07678299397230148,0.0801299437880516,0.08546923100948334,0.08059190958738327,0.083940789103508,0.08014276623725891
97,4,0,0,0.31488868594169617,0.28392815589904785,0.31670892238616943,0.33343327045440674,0.3158685564994812,0.3052070140838623
98,1,1,0,0.3141350746154785,0.28953734040260315,0.45633506774902344,0.3444501459598541,0.3317049443721771,0.4305151104927063
99,1,1,1,0.9349839687347412,0.8953065872192383,0.8487976789474487,0.9520648717880249,0.9671230912208557,0.8725783824920654
100,0,0,0,0.16913220286369324,0.174647718667984,0.18467187881469727,0.16035196185112,0.1874527782201767,0.16730427742004395
101,4,0,0,0.4518381953239441,0.5087294578552246,0.4799949824810028,0.4443255662918091,0.5080241560935974,0.48387691378593445
102,4,0,0,0.07892013341188431,0.05646524578332901,0.08378929644823074,0.07792860269546509,0.04544788599014282,0.08206146955490112
103,2,0,0,0.4495387673377991,0.5198380947113037,0.6363247632980347,0.45593908429145813,0.46463724970817566,0.5292694568634033
104,0,0,0,0.0789756178855896,0.08075231313705444,0.0953240692615509,0.08912919461727142,0.09066571295261383,0.09120964258909225
105,1,0,0,0.05132053419947624,0.06346666067838669,0.05807879939675331,0.06417736411094666,0.063233382999897,0.06405317038297653
106,0,0,0,0.08311234414577484,0.0845152959227562,0.09282749146223068,0.08893764019012451,0.0929044708609581,0.08958457410335541
107,1,1,1,0.6275419592857361,0.6610783338546753,0.5773932933807373,0.6477431654930115,0.6831839680671692,0.5633360147476196
108,4,1,0,0.07553492486476898,0.08112606406211853,0.08378929644823074,0.07704997062683105,0.08079484105110168,0.08206146955490112
109,0,0,0,0.07558847218751907,0.07242020219564438,0.09264776110649109,0.08714023232460022,0.08939289301633835,0.09054067730903625
110,2,1,1,0.740959644317627,0.7455977201461792,0.7539625763893127,0.76064133644104,0.6252695918083191,0.6841592788696289
111,1,0,0,0.2551288902759552,0.26961973309516907,0.20744742453098297,0.21802207827568054,0.20529747009277344,0.16231495141983032
112,3,0,0,0.12039589136838913,0.1065158098936081,0.53956139087677,0.16778820753097534,0.07595949620008469,0.1951221376657486
113,3,0,0,0.05910500884056091,0.06386993825435638,0.0689157173037529,0.0625661164522171,0.0642583891749382,0.06695780903100967
114,0,0,0,0.056962840259075165,0.06238669902086258,0.3759971857070923,0.09661246836185455,0.06196686625480652,0.4330004155635834
115,0,0,1,0.5245511531829834,0.58954256772995,0.5405746698379517,0.549721360206604,0.6050809621810913,0.5492976307868958
116,4,0,0,0.37627169489860535,0.38832443952560425,0.08965284377336502,0.21609176695346832,0.17063958942890167,0.09529472887516022
117,2,0,0,0.04590171203017235,0.04378494620323181,0.05159160494804382,0.046651385724544525,0.0429861843585968,0.06042856723070145
118,1,0,0,0.05724107101559639,0.03307994082570076,0.052999816834926605,0.04306001961231232,0.02780548296868801,0.0288113784044981
119,0,0,0,0.5150513052940369,0.5291606783866882,0.4607369303703308,0.5111737847328186,0.544440507888794,0.4151464104652405
120,3,0,0,0.08001603931188583,0.06093180924654007,0.19556120038032532,0.06623633205890656,0.02946963906288147,0.11423689872026443
121,1,0,0,0.09519399702548981,0.05405188724398613,0.04127553850412369,0.05062685161828995,0.03853161260485649,0.024681339040398598
122,1,0,0,0.08269530534744263,0.08264325559139252,0.08067743480205536,0.07769579440355301,0.07980260252952576,0.07802823185920715
123,4,0,0,0.07671570032835007,0.08914961665868759,0.08080354332923889,0.09915012866258621,0.1008695587515831,0.09010575711727142
124,2,1,1,0.8589271306991577,0.8651401996612549,0.9474155902862549,0.9138540625572205,0.9068720936775208,0.9546302556991577
125,1,0,0,0.2195073366165161,0.14029189944267273,0.16666772961616516,0.181724414229393,0.1275758445262909,0.14518216252326965
126,2,1,1,0.9855958223342896,0.9767363667488098,0.9399782419204712,0.9418291449546814,0.9590301513671875,0.9308791756629944
127,0,0,0,0.09181301295757294,0.08857905864715576,0.09162381291389465,0.09543608874082565,0.09671755135059357,0.09090188145637512
128,1,1,0,0.07939205318689346,0.08247855305671692,0.07688948512077332,0.07787197828292847,0.07692226022481918,0.06748805940151215
129,0,1,1,0.8770315051078796,0.8759217262268066,0.7744958400726318,0.8749134540557861,0.9189742207527161,0.8134042024612427
130,2,0,0,0.046999022364616394,0.048653848469257355,0.058728914707899094,0.05303654819726944,0.0501946359872818,0.05682552605867386
131,2,0,0,0.06263711303472519,0.06488186866044998,0.0796663835644722,0.06758207082748413,0.06718295812606812,0.08298441022634506
132,0,0,0,0.09421804547309875,0.09508328884840012,0.08958867937326431,0.09557188302278519,0.1000431627035141,0.08994684368371964
133,4,0,0,0.4704577624797821,0.5353164076805115,0.4800879955291748,0.5055729746818542,0.5632650852203369,0.543397843837738
134,4,1,1,0.9186564683914185,0.929229736328125,0.9390626549720764,0.9257089495658875,0.9310736060142517,0.9353851079940796
135,0,0,0,0.11067943274974823,0.10863040387630463,0.10257697105407715,0.12488853186368942,0.12475265562534332,0.10556183755397797
136,2,0,0,0.10543350130319595,0.12489049881696701,0.10259861499071121,0.11006695032119751,0.10015765577554703,0.08621441572904587
137,4,1,1,0.979633092880249,0.9811093807220459,0.9692987203598022,0.9801591634750366,0.9764733910560608,0.9797735214233398
138,4,0,0,0.2597467005252838,0.2621225118637085,0.20864155888557434,0.2959493100643158,0.2751440405845642,0.2872854471206665
139,4,0,0,0.07927174866199493,0.09002403914928436,0.11524094641208649,0.08796143531799316,0.09264920651912689,0.11702241003513336
140,4,0,0,0.4437832236289978,0.41541585326194763,0.3537900447845459,0.34168127179145813,0.3560729920864105,0.3403279483318329
141,4,0,0,0.05911828577518463,0.06155877560377121,0.2734813094139099,0.0737774670124054,0.04298391938209534,0.15515519678592682
142,0,1,1,0.5621762871742249,0.5936857461929321,0.5761351585388184,0.5917762517929077,0.623297393321991,0.5809223055839539
143,4,1,1,0.595451295375824,0.667656421661377,0.5416171550750732,0.58172208070755,0.6750152111053467,0.4852030575275421
144,0,0,0,0.10441336035728455,0.10264788568019867,0.0938396081328392,0.10300156474113464,0.10406644642353058,0.09546486288309097
145,3,0,0,0.13020355999469757,0.14318984746932983,0.09937874972820282,0.11231780052185059,0.13444170355796814,0.09446128457784653
146,2,0,0,0.09169164299964905,0.12624134123325348,0.06324238330125809,0.09865418076515198,0.11927773058414459,0.07806703448295593
147,0,1,0,0.10258865356445312,0.12263745069503784,0.1311923712491989,0.13993462920188904,0.13974443078041077,0.16243723034858704
148,0,0,0,0.008413057774305344,0.009564259089529514,0.005610285792499781,0.008497325703501701,0.009594440460205078,0.0067070284858345985
149,0,0,0,0.21702426671981812,0.22017787396907806,0.3279292583465576,0.19042304158210754,0.23459714651107788,0.2562353014945984
150,2,0,0,0.11704003810882568,0.11990399658679962,0.11519813537597656,0.12455323338508606,0.12129615247249603,0.10477746278047562
151,0,0,0,0.09004691988229752,0.08950841426849365,0.11305151879787445,0.10185788571834564,0.09994249790906906,0.1052447259426117
152,3,1,1,0.9460639953613281,0.9629380702972412,0.9672479033470154,0.967703104019165,0.9527990221977234,0.9586701393127441
153,3,0,0,0.04266146942973137,0.04312141239643097,0.05551008880138397,0.05659983307123184,0.05349355190992355,0.06817570328712463
154,0,0,0,0.07922757416963577,0.08355934172868729,0.08762853592634201,0.08190671354532242,0.09174741804599762,0.09262611716985703
155,1,0,0,0.06154505908489227,0.06032976135611534,0.034515004605054855,0.046807438135147095,0.034474268555641174,0.022319119423627853
156,0,0,0,0.20175664126873016,0.18872152268886566,0.22468861937522888,0.2489636242389679,0.25560295581817627,0.2950586676597595
157,2,1,1,0.7286882996559143,0.7285140156745911,0.6935709714889526,0.7646148204803467,0.7367560267448425,0.7144688367843628
158,3,0,0,0.07409203052520752,0.06743557006120682,0.07006165385246277,0.07165894657373428,0.08204352110624313,0.07865630090236664
159,1,0,0,0.08868592977523804,0.09004314988851547,0.08553546667098999,0.090421661734581,0.09040430933237076,0.08455526828765869
160,1,0,0,0.028266290202736855,0.010165189392864704,0.04986727982759476,0.020622972398996353,0.008996435441076756,0.020153626799583435
161,4,0,0,0.06218790262937546,0.06023827940225601,0.0807282105088234,0.07454349100589752,0.07710383087396622,0.09054658561944962
162,4,1,1,0.8637564182281494,0.8604567050933838,0.9188540577888489,0.8210152387619019,0.8375137448310852,0.9235509037971497
163,1,0,0,0.08466898649930954,0.08650568127632141,0.08091239631175995,0.08315795660018921,0.08264894038438797,0.084199458360672
164,3,0,0,0.07055498659610748,0.068776436150074,0.06784459948539734,0.06962010264396667,0.06488139182329178,0.06717158108949661
165,0,0,0,0.009540118277072906,0.009843708947300911,0.0068897404707968235,0.00863223522901535,0.008737707510590553,0.007165523711591959
166,3,1,1,0.7982059121131897,0.7879378795623779,0.7784771919250488,0.8024739027023315,0.7925733327865601,0.7465338706970215
167,2,1,1,0.9925029277801514,0.9945195913314819,0.981751024723053,0.9870452284812927,0.9899332523345947,0.9807647466659546
168,2,0,0,0.01126114372164011,0.009143299423158169,0.007793933618813753,0.008865829557180405,0.005270771682262421,0.00859873741865158
169,4,0,0,0.281719446182251,0.2520601749420166,0.22030887007713318,0.2372792661190033,0.23548687994480133,0.26842519640922546
170,1,0,0,0.9292863011360168,0.939189076423645,0.9652996063232422,0.9155555963516235,0.9037569761276245,0.9363148212432861
171,0,0,0,0.21554577350616455,0.22976896166801453,0.2447364330291748,0.2646894156932831,0.24428072571754456,0.29816606640815735
172,3,0,0,0.04826191067695618,0.024629902094602585,0.029121728613972664,0.020974326878786087,0.011713918298482895,0.01154218427836895
173,2,1,1,0.9824846386909485,0.9865925908088684,0.7173989415168762,0.9445267915725708,0.9797283411026001,0.7804680466651917
174,0,0,0,0.3446826934814453,0.31295931339263916,0.08978059142827988,0.14010469615459442,0.14158496260643005,0.08777190744876862
175,0,0,0,0.33076950907707214,0.2948550879955292,0.27507850527763367,0.3553752899169922,0.3073042929172516,0.3200916349887848
176,4,0,0,0.09231854975223541,0.08736676722764969,0.09842447936534882,0.08469586819410324,0.08669696003198624,0.096803218126297
177,0,0,0,0.005758850835263729,0.005836686585098505,0.007573023438453674,0.0065351868979632854,0.006117438897490501,0.010827704332768917
178,0,0,1,0.9828939437866211,0.9782302379608154,0.9801656603813171,0.9932489395141602,0.9930152297019958,0.9916943311691284
179,4,0,0,0.07716333866119385,0.07906131446361542,0.07726766914129257,0.09376873821020126,0.09550538659095764,0.08523169159889221
180,3,0,0,0.2948496639728546,0.40296876430511475,0.4277254343032837,0.3258865475654602,0.36395156383514404,0.5085728764533997
181,3,0,0,0.04531016945838928,0.030108269304037094,0.05204154923558235,0.03796966373920441,0.026871006935834885,0.06625030934810638
182,4,0,0,0.11701391637325287,0.1181551069021225,0.1422797590494156,0.14421260356903076,0.15366540849208832,0.13378022611141205
183,2,0,1,0.9820568561553955,0.9776508808135986,0.9261796474456787,0.9737692475318909,0.9740679264068604,0.9485347867012024
184,4,1,1,0.8992050290107727,0.8940927386283875,0.9211158156394958,0.8747599124908447,0.8882784843444824,0.9029091596603394
185,4,1,1,0.8269929885864258,0.8864625096321106,0.68846595287323,0.8097509145736694,0.8684390783309937,0.715281069278717
186,4,0,0,0.3788180649280548,0.3865998089313507,0.30158618092536926,0.33586937189102173,0.3426032066345215,0.30324888229370117
187,1,1,1,0.6491029262542725,0.7471648454666138,0.6279236078262329,0.6564875245094299,0.7373145818710327,0.6494963765144348
188,4,1,0,0.29056674242019653,0.2564162313938141,0.22030887007713318,0.2327369600534439,0.23547258973121643,0.26842519640922546
189,3,0,0,0.04417605698108673,0.047357846051454544,0.06971201300621033,0.045046061277389526,0.052846916019916534,0.06985199451446533
190,4,0,0,0.07004471868276596,0.07005245238542557,0.08246135711669922,0.07615694403648376,0.07968244701623917,0.09033408761024475
191,3,1,1,0.8880307078361511,0.9317389130592346,0.9166519641876221,0.9283463954925537,0.9277123212814331,0.9164466261863708
192,3,0,0,0.12637348473072052,0.14015977084636688,0.09937874972820282,0.1340366005897522,0.13875454664230347,0.09446128457784653
193,1,1,0,0.6000586748123169,0.7039910554885864,0.44969889521598816,0.6269216537475586,0.6857597827911377,0.4828091561794281
194,1,1,1,0.9732300043106079,0.9808102250099182,0.972096860408783,0.982149600982666,0.9772513508796692,0.9424304962158203
195,2,1,1,0.9864944219589233,0.9905099272727966,0.9563584923744202,0.9877492189407349,0.9838882088661194,0.9753724336624146
196,3,1,1,0.9756218791007996,0.9764932990074158,0.967668890953064,0.9810716509819031,0.9749594926834106,0.9725315570831299
197,1,0,0,0.08816834539175034,0.08685918897390366,0.08137185126543045,0.074442058801651,0.06912750005722046,0.07002004981040955
198,3,0,0,0.05215201899409294,0.05784877762198448,0.0628708228468895,0.05948585644364357,0.05899415910243988,0.07076447457075119
199,2,1,1,0.702121376991272,0.7001801133155823,0.7026106119155884,0.7715866565704346,0.8087146282196045,0.7406256794929504
200,3,0,1,0.8637847900390625,0.8580269813537598,0.8993598222732544,0.8274538516998291,0.8575758337974548,0.879662811756134
201,3,0,0,0.06935638189315796,0.071515753865242,0.07899412512779236,0.09734206646680832,0.07907824218273163,0.08583176136016846
202,2,0,0,0.026811767369508743,0.017960593104362488,0.019590698182582855,0.013465791940689087,0.009710200130939484,0.017158888280391693
203,3,0,0,0.05143735930323601,0.05053674429655075,0.06319182366132736,0.05351021885871887,0.05530057102441788,0.0570596307516098
204,0,0,0,0.07344207167625427,0.06897785514593124,0.09297088533639908,0.08195282518863678,0.0820874497294426,0.0909007266163826
205,2,1,0,0.09056618809700012,0.08530905842781067,0.06974518299102783,0.11295992136001587,0.09539667516946793,0.07222623378038406
206,2,0,0,0.14100205898284912,0.25621381402015686,0.36193346977233887,0.15078578889369965,0.10027415305376053,0.20527467131614685
207,4,0,0,0.06441369652748108,0.06755108386278152,0.05518060177564621,0.07517113536596298,0.06842749565839767,0.06843913346529007
208,0,1,0,0.013767590746283531,0.035523589700460434,0.13130654394626617,0.033901795744895935,0.07188984006643295,0.1629328429698944
209,2,1,1,0.7368357181549072,0.7088263630867004,0.6935709714889526,0.7691885232925415,0.7396506667137146,0.7144688367843628
210,3,1,0,0.3535670042037964,0.36195024847984314,0.38835370540618896,0.3438204526901245,0.3565213680267334,0.37710505723953247
211,3,0,0,0.05757828429341316,0.06324516981840134,0.06015699729323387,0.03984243795275688,0.07820480316877365,0.057706162333488464
212,4,1,1,0.7956693172454834,0.8143262267112732,0.8991162776947021,0.8247019052505493,0.8310239911079407,0.9085984826087952
213,1,0,0,0.08696559071540833,0.09108439087867737,0.07970848679542542,0.0791274756193161,0.08270099014043808,0.07903978228569031
214,1,0,0,0.12924635410308838,0.12673242390155792,0.10184986889362335,0.14288577437400818,0.14380212128162384,0.10383133590221405
215,3,0,0,0.0759458988904953,0.08175662159919739,0.08662115037441254,0.07598301023244858,0.07540864497423172,0.07386459410190582
216,3,1,1,0.9570714235305786,0.9533436894416809,0.9687447547912598,0.9726548790931702,0.9616822004318237,0.964856743812561
217,4,1,0,0.46242284774780273,0.5075138807296753,0.4729020893573761,0.45511454343795776,0.5083362460136414,0.44079720973968506
218,2,0,0,0.08531805872917175,0.1024124026298523,0.06922491639852524,0.08646181225776672,0.09960772097110748,0.09121158719062805
219,1,1,1,0.9860143661499023,0.9875261783599854,0.9905140995979309,0.991047203540802,0.9905276298522949,0.9908180832862854
220,2,0,0,0.0847385972738266,0.09736036509275436,0.07447798550128937,0.10662220418453217,0.08920097351074219,0.08663230389356613
221,3,1,0,0.07729075103998184,0.07625061273574829,0.07620233297348022,0.09455046057701111,0.08142241835594177,0.06705182790756226
222,1,0,0,0.12847724556922913,0.12479206919670105,0.10795514285564423,0.13367769122123718,0.13552142679691315,0.1092824935913086
223,4,0,0,0.06259018182754517,0.061711471527814865,0.08154551684856415,0.07901155948638916,0.0811135321855545,0.09274443984031677
224,2,0,0,0.07021118700504303,0.0721108615398407,0.06663867831230164,0.06299039721488953,0.053339265286922455,0.06664949655532837
225,1,1,0,0.25212031602859497,0.25912174582481384,0.12131857872009277,0.20153236389160156,0.18315337598323822,0.12301014363765717
226,4,0,0,0.08644646406173706,0.09421707689762115,0.0942598432302475,0.09593983739614487,0.10045215487480164,0.09587181359529495
227,2,1,0,0.07972607016563416,0.1012379601597786,0.06358229368925095,0.10337099432945251,0.10773942619562149,0.0639832392334938
228,3,0,0,0.06987051665782928,0.06773325800895691,0.06363099068403244,0.07643327862024307,0.07436960935592651,0.058842919766902924
229,2,0,0,0.10854324698448181,0.12674115598201752,0.06738293170928955,0.10296106338500977,0.10861008614301682,0.07095617055892944
230,2,0,0,0.0076990146189928055,0.006849432364106178,0.004577477462589741,0.00956214964389801,0.005595669150352478,0.005423536524176598
231,2,1,1,0.9550138711929321,0.9695402979850769,0.9670796394348145,0.9713873267173767,0.9635694622993469,0.9689494371414185
232,3,0,0,0.07030146569013596,0.06551782041788101,0.07370708882808685,0.06619787961244583,0.06489524990320206,0.0718756914138794
233,2,0,0,0.07100054621696472,0.07856213301420212,0.07602789998054504,0.095072440803051,0.0947432816028595,0.08440634608268738
234,3,1,1,0.735512375831604,0.6847028732299805,0.7566531896591187,0.797457218170166,0.7551769614219666,0.8143042325973511
235,4,0,0,0.08637608587741852,0.09406471252441406,0.07658109068870544,0.11198706179857254,0.11311551928520203,0.08501226454973221
236,0,0,1,0.6044607758522034,0.632919192314148,0.5761351585388184,0.6276980638504028,0.6347163915634155,0.5809223055839539
237,3,0,0,0.06107847020030022,0.06525792181491852,0.05034170299768448,0.05677254498004913,0.059503763914108276,0.07228806614875793
238,4,1,1,0.9607097506523132,0.9514803886413574,0.9365918040275574,0.9199433326721191,0.9233094453811646,0.9179918766021729
239,0,0,0,0.11745074391365051,0.12356468290090561,0.10923725366592407,0.12563097476959229,0.12995299696922302,0.11183810234069824
240,4,0,0,0.08357053250074387,0.09215320646762848,0.07726766914129257,0.10302188992500305,0.10071773827075958,0.08523169159889221
241,2,0,0,0.05618693679571152,0.04908048361539841,0.2793118357658386,0.07122017443180084,0.04514843225479126,0.19808386266231537
242,2,1,1,0.7040740251541138,0.6601366400718689,0.6314374208450317,0.6714187860488892,0.6785247325897217,0.6478523015975952
243,3,0,0,0.08208498358726501,0.0896027460694313,0.10002677887678146,0.06693000346422195,0.09377764165401459,0.09441232681274414
244,4,0,0,0.36387327313423157,0.3833133578300476,0.0856686532497406,0.17539024353027344,0.13290879130363464,0.08218702673912048
245,2,0,0,0.0165161844342947,0.04224888235330582,0.071321040391922,0.00711938738822937,0.03616096079349518,0.07045280933380127
246,4,0,1,0.37476590275764465,0.4241297245025635,0.4162217378616333,0.4103867709636688,0.42553001642227173,0.513300359249115
247,1,0,0,0.588106095790863,0.6220604777336121,0.5555761456489563,0.6236639618873596,0.6634930372238159,0.5316495895385742
248,1,1,1,0.8366848826408386,0.8862812519073486,0.8864774703979492,0.8761727809906006,0.9023375511169434,0.9097303152084351
249,1,1,0,0.17968687415122986,0.14594803750514984,0.12926192581653595,0.206570565700531,0.18030665814876556,0.11896524578332901
250,0,0,0,0.05819856375455856,0.05587267130613327,0.2682119607925415,0.07284241914749146,0.0815715417265892,0.4461653232574463
251,2,0,0,0.061740756034851074,0.0677485466003418,0.06482573598623276,0.0695003792643547,0.0810401439666748,0.0669061690568924
252,0,0,0,0.07335098087787628,0.06900585442781448,0.24530673027038574,0.04849199205636978,0.04326722025871277,0.14697128534317017
253,3,0,0,0.21722383797168732,0.2001059353351593,0.2821786105632782,0.21502059698104858,0.19949400424957275,0.2943757474422455
254,4,0,0,0.08794891089200974,0.08303244411945343,0.25678789615631104,0.07176819443702698,0.04455620050430298,0.23807716369628906
255,4,0,0,0.7224539518356323,0.6617631316184998,0.7722775340080261,0.7191224098205566,0.6886277794837952,0.817004382610321
256,4,1,1,0.627556324005127,0.6413599252700806,0.6478738784790039,0.6278297305107117,0.672430694103241,0.7143738865852356
257,3,1,1,0.9446482062339783,0.9636051654815674,0.9694241881370544,0.959879994392395,0.9629939794540405,0.9645158052444458
258,1,1,1,0.994712233543396,0.9948789477348328,0.9923598766326904,0.994899332523346,0.9955580234527588,0.9952989816665649
259,4,1,1,0.9396788477897644,0.9415966868400574,0.9335017204284668,0.9335642457008362,0.9457160830497742,0.8533856272697449
260,4,1,1,0.9337792992591858,0.8618807792663574,0.9062972664833069,0.8811510801315308,0.8503987789154053,0.9129273891448975
261,3,0,0,0.06921367347240448,0.067949578166008,0.0766591802239418,0.10061284154653549,0.07623857259750366,0.07384717464447021
262,4,1,0,0.5628204345703125,0.6961850523948669,0.30616295337677,0.4506461024284363,0.5378862619400024,0.2276839315891266
263,2,0,0,0.29819875955581665,0.2953733205795288,0.3799174427986145,0.28712621331214905,0.23348656296730042,0.352757066488266
264,1,0,0,0.11205291002988815,0.11753451824188232,0.18799707293510437,0.10667344927787781,0.09594038128852844,0.1689986288547516
265,1,0,1,0.7323428988456726,0.7377378344535828,0.6813341379165649,0.7494862675666809,0.8069275617599487,0.75211101770401
266,2,0,0,0.07528272271156311,0.08471840620040894,0.07728209346532822,0.08239799737930298,0.07237368822097778,0.0759676918387413
267,3,0,0,0.044025398790836334,0.027916938066482544,0.026287851855158806,0.02394872158765793,0.014525441452860832,0.021842118352651596
268,1,1,0,0.06505522131919861,0.07749795913696289,0.06556618213653564,0.06252270936965942,0.06587421894073486,0.061703719198703766
269,4,1,1,0.87898850440979,0.8537763357162476,0.9157094359397888,0.8843960165977478,0.8444745540618896,0.9171311855316162
270,2,1,1,0.9825369715690613,0.9778873920440674,0.9811531901359558,0.9865421056747437,0.9891365170478821,0.982883095741272
271,1,0,0,0.18493153154850006,0.18378332257270813,0.20340213179588318,0.2005414068698883,0.2030486762523651,0.2136886715888977
272,4,1,0,0.03435193747282028,0.03235265240073204,0.04381874203681946,0.03195973113179207,0.03207859396934509,0.03067484125494957
273,2,1,1,0.9828624129295349,0.9811222553253174,0.9307550191879272,0.9691113233566284,0.973767101764679,0.9503995180130005
274,0,0,0,0.352979838848114,0.33384737372398376,0.34946954250335693,0.39457958936691284,0.3951761722564697,0.35372060537338257
275,3,1,1,0.7277467846870422,0.7198081016540527,0.708513617515564,0.7902677059173584,0.7741313576698303,0.7567540407180786
276,4,1,1,0.9395066499710083,0.9180715680122375,0.9555470943450928,0.9538416862487793,0.951579213142395,0.9689255952835083
277,1,0,0,0.4615861177444458,0.49513179063796997,0.5054273009300232,0.5433384776115417,0.5758534073829651,0.5125148296356201
278,2,0,0,0.1345810890197754,0.13840608298778534,0.15949265658855438,0.1599508821964264,0.17784257233142853,0.18395042419433594
279,1,0,0,0.015488725155591965,0.004371708258986473,0.006022385321557522,0.006150217726826668,0.0023385626263916492,0.004007543902844191
280,2,1,0,0.6590915322303772,0.6486194133758545,0.6305670738220215,0.7422617673873901,0.6388795375823975,0.663398265838623
281,3,0,0,0.04844554886221886,0.04527148976922035,0.06102455034852028,0.04833534359931946,0.04902879148721695,0.06277407705783844
282,1,0,0,0.0667124092578888,0.015802407637238503,0.08760182559490204,0.051307693123817444,0.012571458704769611,0.08509035408496857
283,0,0,0,0.0914473757147789,0.09793978184461594,0.09669868648052216,0.09441685676574707,0.09773202985525131,0.09351005405187607
284,0,1,0,0.09346960484981537,0.09707011282444,0.08978059142827988,0.0943235382437706,0.10000894963741302,0.08777190744876862
285,2,0,0,0.316739559173584,0.3200509548187256,0.2871505320072174,0.2815547585487366,0.2504635155200958,0.2876094579696655
286,0,0,0,0.08524729311466217,0.08393066376447678,0.10200126469135284,0.0896945595741272,0.0909273624420166,0.09817123413085938
287,0,1,0,0.0815134271979332,0.08704013377428055,0.0953240692615509,0.08906053006649017,0.09159552305936813,0.09120964258909225
288,0,0,0,0.08553481101989746,0.08536870032548904,0.09288103878498077,0.08966097235679626,0.09268631041049957,0.0868733748793602
289,1,1,0,0.10806167125701904,0.10003937780857086,0.09094835817813873,0.11359085887670517,0.11467175930738449,0.10104216635227203
290,1,1,1,0.6761799454689026,0.6865584850311279,0.6813341379165649,0.6703280806541443,0.6788330078125,0.75211101770401
291,0,1,1,0.9599127173423767,0.9624550342559814,0.9363922476768494,0.9540510177612305,0.9535092115402222,0.9368622899055481
292,4,1,1,0.991930365562439,0.9925076365470886,0.9863755106925964,0.991793692111969,0.9937688112258911,0.9875590205192566
293,2,0,0,0.21167680621147156,0.19329221546649933,0.4362332224845886,0.2702808976173401,0.24502918124198914,0.4217246472835541
294,0,0,1,0.5286027193069458,0.5575830936431885,0.5431593656539917,0.5312021970748901,0.5630539059638977,0.5369167327880859
295,2,0,0,0.06977209448814392,0.07183365523815155,0.06663867831230164,0.06906088441610336,0.06926652789115906,0.06664949655532837
296,4,0,0,0.30671432614326477,0.2643304765224457,0.2226392924785614,0.24855980277061462,0.2500752806663513,0.22025054693222046
297,2,0,0,0.0741865485906601,0.08093401789665222,0.07275765389204025,0.079339899122715,0.08876875787973404,0.06994901597499847
298,4,0,1,0.9217199087142944,0.934770941734314,0.9126585721969604,0.8871892094612122,0.8906850814819336,0.9134750962257385
299,2,1,0,0.2751467227935791,0.2827160358428955,0.28225475549697876,0.3035142123699188,0.32106760144233704,0.30688178539276123
300,3,1,1,0.9467905759811401,0.9402778744697571,0.9545729160308838,0.9647221565246582,0.9448879361152649,0.9605488777160645
301,1,1,1,0.8960059285163879,0.8409426212310791,0.6813341379165649,0.8536020517349243,0.7401772737503052,0.75211101770401
302,3,1,0,0.04809710010886192,0.05170071870088577,0.06742747128009796,0.03928122669458389,0.05115959048271179,0.06358043104410172
303,4,0,0,0.0421011745929718,0.03627634048461914,0.05050710216164589,0.038331419229507446,0.030530642718076706,0.03644731640815735
304,4,1,1,0.9508652687072754,0.9526101350784302,0.9562065601348877,0.964041531085968,0.9537699818611145,0.9569202661514282
305,0,0,0,0.08719907701015472,0.08840189129114151,0.08926855027675629,0.087239570915699,0.09056739509105682,0.0851256474852562
306,1,1,0,0.14459797739982605,0.057701900601387024,0.31655406951904297,0.18225470185279846,0.12254337966442108,0.14807526767253876
307,0,1,1,0.9693852663040161,0.9738687872886658,0.9615800380706787,0.9591990113258362,0.9664837718009949,0.951901912689209
308,4,1,1,0.987927258014679,0.9862504005432129,0.9866042137145996,0.9823154807090759,0.9819241762161255,0.9816262722015381
309,1,0,0,0.10379283875226974,0.11502860486507416,0.08955568075180054,0.10426740348339081,0.11176301538944244,0.10491988062858582
310,1,1,1,0.9793238639831543,0.9831136465072632,0.9905140995979309,0.9893712997436523,0.9895540475845337,0.9908180832862854
311,1,1,1,0.9700539708137512,0.9600065350532532,0.9565470814704895,0.9807274341583252,0.9791100025177002,0.950364351272583
312,4,1,1,0.7246634364128113,0.858959972858429,0.6476287841796875,0.8857659101486206,0.8866462707519531,0.7556360960006714
313,2,0,1,0.9388781785964966,0.9595170617103577,0.9494895935058594,0.9421021342277527,0.9650300145149231,0.9365952014923096
314,0,0,0,0.08311234414577484,0.0845152959227562,0.09282749146223068,0.08893764019012451,0.0929044708609581,0.08958457410335541
315,0,0,0,0.08256402611732483,0.0804571807384491,0.08924239873886108,0.08988115191459656,0.08898381143808365,0.1018284484744072
316,1,1,0,0.5805466771125793,0.6286742091178894,0.5499550104141235,0.6117429733276367,0.6583394408226013,0.5297710299491882
317,1,1,1,0.8464133739471436,0.8112878799438477,0.8590309619903564,0.8361392617225647,0.7741024494171143,0.886090874671936
318,2,0,0,0.09361916035413742,0.09807068109512329,0.10649551451206207,0.11277855932712555,0.10837388038635254,0.11459176987409592
319,2,1,1,0.9835629463195801,0.9739490151405334,0.9788525700569153,0.9894214272499084,0.9875084161758423,0.9793956279754639
320,2,1,1,0.9913214445114136,0.9944379329681396,0.9695233702659607,0.9854175448417664,0.9883502721786499,0.9796108603477478
321,2,0,0,0.07248327136039734,0.07058912515640259,0.07320787012577057,0.07031054049730301,0.06815332174301147,0.06981299817562103
322,2,0,0,0.0661868005990982,0.07347342371940613,0.07728261500597,0.07625851035118103,0.07278710603713989,0.07152481377124786
323,0,1,1,0.9054962992668152,0.8887722492218018,0.9126842021942139,0.9103537797927856,0.9083905816078186,0.9206942915916443
324,4,1,1,0.826411783695221,0.8597030639648438,0.8843527436256409,0.831270694732666,0.8700949549674988,0.8779570460319519
325,0,0,0,0.011110039427876472,0.010868018493056297,0.010469406843185425,0.012378714047372341,0.012467721477150917,0.015135999768972397
326,4,1,1,0.9728968143463135,0.9660032987594604,0.9764270782470703,0.9553038477897644,0.9533449411392212,0.959068238735199
327,1,0,0,0.0447327196598053,0.0474596731364727,0.06829065829515457,0.060085467994213104,0.05557705834507942,0.06677946448326111
328,3,1,1,0.8843370676040649,0.928333580493927,0.9391762018203735,0.9386624097824097,0.9416045546531677,0.9505845308303833
329,4,1,1,0.7707140445709229,0.7088671326637268,0.7031874656677246,0.6898152828216553,0.6655752658843994,0.7905957102775574
330,2,1,1,0.9945664405822754,0.99570631980896,0.979319155216217,0.9937713146209717,0.9904261231422424,0.9794301986694336
331,3,1,1,0.611148476600647,0.6226019859313965,0.6824365258216858,0.6219824552536011,0.6799401044845581,0.7242299318313599
332,0,0,0,0.2867452800273895,0.2651807367801666,0.2554919421672821,0.3012493848800659,0.2882569134235382,0.3029721975326538
333,2,0,0,0.31086575984954834,0.3293038606643677,0.4163033962249756,0.35484546422958374,0.299345999956131,0.37077370285987854
334,2,0,0,0.06297240406274796,0.027141163125634193,0.15793190896511078,0.028999334201216698,0.025370631366968155,0.1440829038619995
335,3,1,1,0.8535295724868774,0.8618916869163513,0.8620547652244568,0.8901973366737366,0.8700066804885864,0.8718950152397156
336,0,0,0,0.08499559760093689,0.08760315179824829,0.08757083117961884,0.08713982999324799,0.09045691788196564,0.08415591716766357
337,0,0,0,0.46347689628601074,0.4466090798377991,0.4364432692527771,0.42626744508743286,0.46092694997787476,0.3809984028339386
338,1,1,1,0.9933233857154846,0.9945159554481506,0.9940494298934937,0.9948276281356812,0.9955261945724487,0.9952117204666138
339,3,1,0,0.042419567704200745,0.043910153210163116,0.06529521942138672,0.05054926872253418,0.052324794232845306,0.07999631017446518
340,3,0,0,0.30530425906181335,0.3032148480415344,0.3117251396179199,0.3010070323944092,0.3050612211227417,0.3329898416996002
341,4,1,1,0.9597331881523132,0.9457331895828247,0.9645509719848633,0.911813497543335,0.9147111177444458,0.9472132921218872
342,0,1,1,0.913311243057251,0.9036064743995667,0.8485013246536255,0.9071239829063416,0.8965964913368225,0.8555598855018616
343,3,0,0,0.1030518189072609,0.10722962021827698,0.10349743068218231,0.1189250573515892,0.1143503338098526,0.10492008179426193
344,0,0,0,0.11461155861616135,0.11318685859441757,0.10257697105407715,0.12416118383407593,0.127973735332489,0.10556183755397797
345,2,0,0,0.11357074975967407,0.1168019026517868,0.08987817168235779,0.11817934364080429,0.11595377326011658,0.09512895345687866
346,0,1,1,0.9410046339035034,0.9096172451972961,0.8025707602500916,0.8995489478111267,0.8692581653594971,0.8176655769348145
347,3,1,1,0.7073044776916504,0.6737671494483948,0.8681057691574097,0.6514977216720581,0.6711512207984924,0.8597083687782288
348,0,1,1,0.5765949487686157,0.6279169321060181,0.6029516458511353,0.5721521973609924,0.6557368040084839,0.590625524520874
349,0,1,1,0.9185779690742493,0.9246154427528381,0.8526774644851685,0.9208173155784607,0.9270771145820618,0.8719125390052795
350,2,0,0,0.05880158767104149,0.06153512001037598,0.08339665830135345,0.07951623201370239,0.07211430370807648,0.08644218742847443
351,0,0,0,0.08382099866867065,0.08845707774162292,0.08704409748315811,0.08688811212778091,0.09137427806854248,0.08696083724498749
352,1,0,0,0.37115633487701416,0.34386032819747925,0.2886654734611511,0.3752242624759674,0.3409327268600464,0.30974602699279785
353,4,0,0,0.2051362544298172,0.13744953274726868,0.2926609218120575,0.13623812794685364,0.11283835023641586,0.21434473991394043
354,1,0,0,0.030224952846765518,0.014627674594521523,0.030315332114696503,0.02486392669379711,0.009819941595196724,0.013156814500689507
355,4,0,0,0.08261704444885254,0.08513462543487549,0.09192360937595367,0.08420152217149734,0.08556060492992401,0.07798969745635986
356,2,0,0,0.08083251118659973,0.08817808330059052,0.09822677820920944,0.10403849929571152,0.0935208722949028,0.10840819776058197
357,3,1,1,0.9825536012649536,0.991020679473877,0.9742890000343323,0.9851585030555725,0.9831976294517517,0.9737243056297302
358,0,0,1,0.8830761909484863,0.8435302972793579,0.935092568397522,0.8812025785446167,0.8851395845413208,0.9263408780097961
359,1,1,1,0.7340565919876099,0.749367356300354,0.6806419491767883,0.7949225902557373,0.7780568599700928,0.7347882986068726
360,1,1,1,0.7340565919876099,0.749367356300354,0.6806419491767883,0.7949225902557373,0.7780568599700928,0.7347882986068726
361,2,0,0,0.025301365181803703,0.01337402779608965,0.0377180278301239,0.010219481773674488,0.009799047373235226,0.0246318019926548
362,2,0,0,0.09686943888664246,0.12015220522880554,0.09913638234138489,0.10172984004020691,0.1070251390337944,0.09278498589992523
363,0,0,0,0.03478588908910751,0.04220161959528923,0.1641327440738678,0.0361834317445755,0.0328570194542408,0.11325207352638245
364,0,0,0,0.07963979244232178,0.0774717777967453,0.09084797650575638,0.08378728479146957,0.08831572532653809,0.08630993962287903
365,1,0,0,0.06718559563159943,0.0792863592505455,0.07996433973312378,0.0489877313375473,0.05630490928888321,0.07473260909318924
366,0,0,0,0.09426768124103546,0.09338586032390594,0.09000954031944275,0.09101377427577972,0.09437698870897293,0.08678260445594788
367,3,1,1,0.9470881223678589,0.961590051651001,0.9745712876319885,0.9711843132972717,0.9803826212882996,0.9810670018196106
368,1,1,1,0.6780584454536438,0.7465686798095703,0.7220203876495361,0.7122154831886292,0.7616797089576721,0.7275271415710449
369,4,1,1,0.6596435904502869,0.6927435994148254,0.6461862325668335,0.6961725950241089,0.7094208002090454,0.6967740058898926
370,0,1,1,0.9892680048942566,0.9916419982910156,0.988107442855835,0.9951595067977905,0.9953164458274841,0.9932891130447388
371,3,1,1,0.5372799634933472,0.5518885850906372,0.5974014401435852,0.43685397505760193,0.5112178921699524,0.5848539471626282
372,0,0,0,0.09162448346614838,0.09880080819129944,0.09362861514091492,0.09262852370738983,0.09514535963535309,0.09114395827054977
373,0,0,0,0.08847256004810333,0.09158506989479065,0.08978059142827988,0.09179258346557617,0.09291039407253265,0.08777190744876862
374,1,0,0,0.24975734949111938,0.24704302847385406,0.24689413607120514,0.2616209387779236,0.2741146981716156,0.3010585904121399
375,4,0,0,0.05727526918053627,0.034560512751340866,0.01048131100833416,0.0396222248673439,0.03283411264419556,0.03827102482318878
376,2,1,1,0.9710912704467773,0.976356029510498,0.955588698387146,0.9721417427062988,0.9493908882141113,0.9570838212966919
377,4,1,1,0.5293721556663513,0.5534151196479797,0.5854635238647461,0.5706044435501099,0.5901347398757935,0.6316743493080139
378,1,0,0,0.4217418134212494,0.4194248914718628,0.3731933832168579,0.3521529734134674,0.3500114679336548,0.353460431098938
379,3,0,0,0.07394897937774658,0.06585877388715744,0.08849188685417175,0.06748919188976288,0.06599505990743637,0.0950385332107544
380,1,0,0,0.09192691743373871,0.09618908911943436,0.0821411982178688,0.09183379262685776,0.0956973060965538,0.075775645673275
381,1,1,1,0.9794102907180786,0.9883072376251221,0.9770474433898926,0.9908936619758606,0.9882937669754028,0.9817510843276978
382,0,1,1,0.748964786529541,0.8560442328453064,0.6391527056694031,0.7575404047966003,0.8949979543685913,0.6438606977462769
383,2,0,0,0.2773275673389435,0.24126558005809784,0.08499044179916382,0.28932321071624756,0.4535922706127167,0.08387426286935806
384,0,1,1,0.9678345322608948,0.9331749677658081,0.9435365200042725,0.9566640853881836,0.9154031276702881,0.9433357119560242
385,1,0,0,0.084032341837883,0.08614614605903625,0.07879970967769623,0.07898256927728653,0.07912389934062958,0.07734508812427521
386,1,0,0,0.14176204800605774,0.2487027645111084,0.09117880463600159,0.0763932392001152,0.0868702232837677,0.03428064286708832
387,2,0,0,0.023959020152688026,0.018532419577240944,0.011890738271176815,0.019562862813472748,0.012253763154149055,0.007031881716102362
388,4,1,1,0.786802351474762,0.8053321838378906,0.8683604001998901,0.8144081830978394,0.821204662322998,0.8793193697929382
389,3,0,0,0.06627843528985977,0.06811925023794174,0.0766591802239418,0.08629536628723145,0.07636886835098267,0.07384717464447021
390,1,1,1,0.9210298657417297,0.9073045253753662,0.9251757264137268,0.9028597474098206,0.9079803228378296,0.9142674803733826
391,4,1,0,0.34412023425102234,0.32963597774505615,0.3680412769317627,0.3277723491191864,0.32467836141586304,0.46766072511672974
392,3,1,0,0.06163939833641052,0.0644482895731926,0.06473693996667862,0.06539363414049149,0.06665700674057007,0.06916432082653046
393,1,0,0,0.06240210682153702,0.07553210854530334,0.0681362971663475,0.06944970041513443,0.0701666995882988,0.06735367327928543
394,1,1,1,0.9910674095153809,0.9924747943878174,0.9824765920639038,0.9945385456085205,0.9928960800170898,0.9881918430328369
395,0,1,1,0.8553929328918457,0.8446125388145447,0.7680448293685913,0.8502597808837891,0.8872530460357666,0.8011057376861572
396,1,0,0,0.08879715204238892,0.09218838810920715,0.08312103897333145,0.08964855223894119,0.09101938456296921,0.08754181861877441
397,3,0,1,0.506426990032196,0.3788253366947174,0.5312971472740173,0.4532397985458374,0.33028820157051086,0.5341058373451233
398,3,0,0,0.3159927725791931,0.3820391893386841,0.39368247985839844,0.23333141207695007,0.27453702688217163,0.3149576485157013
399,2,0,0,0.1319129467010498,0.14547574520111084,0.13793757557868958,0.13717681169509888,0.13092654943466187,0.09323395788669586
400,0,1,1,0.9200451374053955,0.9315021634101868,0.9238492846488953,0.9127414226531982,0.9227696061134338,0.9201200008392334
401,1,1,0,0.08770664781332016,0.0795724019408226,0.07906673848628998,0.0812075212597847,0.08221127092838287,0.08514842391014099
402,2,0,0,0.06932196021080017,0.07078757882118225,0.08097801357507706,0.06700527667999268,0.06538848578929901,0.08073896914720535
403,4,0,0,0.21641388535499573,0.08461669087409973,0.4776255488395691,0.21012985706329346,0.09510451555252075,0.4344193935394287
404,4,0,0,0.07408472895622253,0.07608824968338013,0.0848013237118721,0.08049729466438293,0.08653151988983154,0.09323804825544357
405,1,0,1,0.6564052104949951,0.36831220984458923,0.5718681216239929,0.659699559211731,0.3295653462409973,0.551687479019165
406,3,0,0,0.058577582240104675,0.06468289345502853,0.05919405817985535,0.06111515313386917,0.06312479823827744,0.06664993613958359
407,0,0,0,0.06676650047302246,0.06461068987846375,0.08644673973321915,0.08159695565700531,0.0816567987203598,0.08615407347679138
408,0,1,1,0.9372885227203369,0.9376677870750427,0.8895961046218872,0.9235846996307373,0.9282603859901428,0.9213773012161255
409,3,0,0,0.06035323441028595,0.06423002481460571,0.06473693996667862,0.06550095975399017,0.06615738570690155,0.06916432082653046
410,2,0,0,0.0076990146189928055,0.006849432364106178,0.004577477462589741,0.00956214964389801,0.005595669150352478,0.005423536524176598
411,1,0,0,0.084032341837883,0.08614614605903625,0.07879970967769623,0.07898256927728653,0.07912389934062958,0.07734508812427521
412,1,0,0,0.0678858608007431,0.07087356597185135,0.030973246321082115,0.051947642117738724,0.04490271210670471,0.021889206022024155
413,0,1,1,0.9738901257514954,0.9305581450462341,0.9624545574188232,0.9724697470664978,0.9534795880317688,0.9557844400405884
414,2,0,0,0.1345810890197754,0.13840608298778534,0.15949265658855438,0.1599508821964264,0.17784257233142853,0.18395042419433594
415,1,1,0,0.08226784318685532,0.07258664816617966,0.07750862091779709,0.07738780975341797,0.0779256522655487,0.08447453379631042
416,3,0,1,0.7615487575531006,0.8135878443717957,0.7277317643165588,0.7810384631156921,0.7703489065170288,0.670613169670105
417,0,1,1,0.8722946047782898,0.903240978717804,0.9434579014778137,0.892270028591156,0.9192383289337158,0.9330326318740845
418,3,1,1,0.8798539638519287,0.8920973539352417,0.8927934765815735,0.8732241988182068,0.8959295153617859,0.893119215965271
419,2,0,0,0.11641323566436768,0.13407401740550995,0.0971979945898056,0.16142091155052185,0.1859152466058731,0.10197460651397705
420,1,0,0,0.04836083948612213,0.020586751401424408,0.07102701812982559,0.03400315344333649,0.03222651034593582,0.03248126059770584
421,1,0,0,0.0932578295469284,0.09459555894136429,0.10681554675102234,0.09273818135261536,0.09448319673538208,0.09453552961349487
422,4,0,0,0.10098596662282944,0.10050278902053833,0.09459759294986725,0.10270016640424728,0.11193987727165222,0.09940773993730545
423,3,0,0,0.07169514149427414,0.06583421677350998,0.07370708882808685,0.0681801587343216,0.07006960362195969,0.0718756914138794
424,4,0,0,0.7798659205436707,0.7074633836746216,0.7962003946304321,0.7469407320022583,0.7223591804504395,0.8208715915679932
425,3,0,0,0.07408876717090607,0.06515580415725708,0.1568426787853241,0.06425647437572479,0.0460081622004509,0.1295895129442215
426,0,0,0,0.0971350371837616,0.09371127188205719,0.09136180579662323,0.09047470986843109,0.09361874312162399,0.08772937953472137
427,0,1,1,0.8855118751525879,0.924807071685791,0.9190821647644043,0.9005496501922607,0.9274285435676575,0.9241700172424316
428,3,1,1,0.8481037616729736,0.851514995098114,0.9126209020614624,0.8057173490524292,0.8515791296958923,0.9028072953224182
429,3,0,0,0.06921367347240448,0.067949578166008,0.0766591802239418,0.10061284154653549,0.07623857259750366,0.07384717464447021
430,0,1,0,0.12395227700471878,0.11709409952163696,0.24513694643974304,0.11095436662435532,0.12636785209178925,0.13939054310321808
431,1,1,0,0.3968031108379364,0.3633466064929962,0.302168071269989,0.3304471969604492,0.31515491008758545,0.309816837310791
432,4,1,0,0.7567896246910095,0.7190713286399841,0.7798470258712769,0.718521773815155,0.7173274159431458,0.7896074652671814
433,4,1,1,0.8702740669250488,0.8801119923591614,0.9188161492347717,0.8729088306427002,0.8840700387954712,0.927440345287323
434,0,0,0,0.34400635957717896,0.33802351355552673,0.08958867937326431,0.13565593957901,0.14050212502479553,0.08994684368371964
435,3,0,0,0.30502012372016907,0.26705166697502136,0.2763209939002991,0.23863805830478668,0.268741250038147,0.21833261847496033
436,0,1,1,0.9391422271728516,0.9393659234046936,0.8752291798591614,0.8926456570625305,0.8784921765327454,0.8542025089263916
437,4,0,0,0.01568746194243431,0.007451312616467476,0.007749677170068026,0.022253859788179398,0.012990409508347511,0.022412365302443504
438,4,1,1,0.5455164909362793,0.6716253757476807,0.5092594027519226,0.57763671875,0.6750555038452148,0.6574460864067078
439,1,0,0,0.1809004843235016,0.24615630507469177,0.08006443083286285,0.14354272186756134,0.1487031877040863,0.07070531696081161
440,2,0,0,0.07230459898710251,0.09100677818059921,0.08412469178438187,0.07227735221385956,0.07569679617881775,0.0908537209033966
441,0,1,1,0.8676772117614746,0.8783202767372131,0.9283574223518372,0.8737626075744629,0.9011667966842651,0.9279520511627197
442,3,0,0,0.06982491910457611,0.07251040637493134,0.06784459948539734,0.0782284140586853,0.07276126742362976,0.06717158108949661
443,3,0,0,0.07028114795684814,0.07595561444759369,0.07464022934436798,0.25542810559272766,0.14772950112819672,0.09671074151992798
444,3,1,1,0.8284673690795898,0.8205397129058838,0.8997941017150879,0.8294190168380737,0.8411725759506226,0.8862559795379639
445,3,1,0,0.05763288587331772,0.060082610696554184,0.06305055320262909,0.0578206367790699,0.05945950001478195,0.0617411769926548
446,1,1,1,0.987945020198822,0.9860963821411133,0.9889669418334961,0.9860731363296509,0.9813603162765503,0.9849029183387756
447,1,1,1,0.9477984309196472,0.9085745215415955,0.8673927187919617,0.950809895992279,0.9678900241851807,0.8808284401893616
448,4,1,0,0.34961336851119995,0.3219921290874481,0.2874000072479248,0.2696417570114136,0.2699865698814392,0.29649296402931213
449,0,1,1,0.8784826397895813,0.8699753284454346,0.7107056379318237,0.9014848470687866,0.9191977381706238,0.7990801930427551
450,0,1,0,0.2455321103334427,0.22044546902179718,0.3107718527317047,0.30236420035362244,0.3018963932991028,0.3236115276813507
451,4,0,0,0.0737675130367279,0.0749206617474556,0.07170841097831726,0.09928566962480545,0.09596279263496399,0.08762995153665543
452,3,0,0,0.10603933781385422,0.11521171778440475,0.06671351194381714,0.0783281922340393,0.07543240487575531,0.07725170254707336
453,2,0,0,0.43592628836631775,0.38162970542907715,0.48800939321517944,0.41479048132896423,0.4079476594924927,0.42446208000183105
454,3,1,0,0.2568296790122986,0.22005213797092438,0.2844817340373993,0.2313023805618286,0.248353973031044,0.2640787363052368
455,3,0,0,0.0619678795337677,0.062091175466775894,0.06124486029148102,0.06254095584154129,0.06298887729644775,0.060663722455501556
456,2,1,0,0.06628192216157913,0.07209911942481995,0.08423513174057007,0.07545050233602524,0.07783612608909607,0.08913909643888474
457,4,0,0,0.3645508289337158,0.3388980031013489,0.4321175217628479,0.3637341856956482,0.34389054775238037,0.47880488634109497
458,3,1,1,0.9685352444648743,0.9803506135940552,0.9839407205581665,0.9787614345550537,0.9857868552207947,0.9871215224266052
459,3,1,1,0.6815428733825684,0.6002533435821533,0.8243381381034851,0.589340329170227,0.5850242972373962,0.8595718741416931
460,3,0,0,0.06921367347240448,0.067949578166008,0.0766591802239418,0.10061284154653549,0.07623857259750366,0.07384717464447021
461,2,1,0,0.29222092032432556,0.3292672634124756,0.4453350305557251,0.3153500556945801,0.29585000872612,0.42611366510391235
462,0,0,0,0.07785958051681519,0.07841894775629044,0.0937744751572609,0.08800914883613586,0.09147674590349197,0.0919545516371727
463,1,0,0,0.4212261438369751,0.4325683116912842,0.39376741647720337,0.38387787342071533,0.3918273150920868,0.39142167568206787
464,2,0,0,0.08867576718330383,0.0900709480047226,0.09093291312456131,0.10397863388061523,0.09993813931941986,0.09612549841403961
465,2,0,0,0.06894147396087646,0.07212230563163757,0.07022269070148468,0.06021050363779068,0.04810582473874092,0.07528170198202133
466,0,0,0,0.0771862268447876,0.07698224484920502,0.09084797650575638,0.08293581008911133,0.08779535442590714,0.08630993962287903
467,1,0,0,0.07304570823907852,0.08696512877941132,0.061148881912231445,0.02352185919880867,0.023649342358112335,0.029105154797434807
468,2,0,0,0.24041831493377686,0.21238824725151062,0.1805064082145691,0.17995579540729523,0.19741718471050262,0.1946084350347519
469,4,0,0,0.08391149342060089,0.08570773154497147,0.0888354480266571,0.08532333374023438,0.08797125518321991,0.08958420157432556
470,0,1,1,0.8904588222503662,0.8950361013412476,0.7107056379318237,0.9101228713989258,0.9229146242141724,0.7990801930427551
471,2,0,0,0.061740756034851074,0.0677485466003418,0.06482573598623276,0.0695003792643547,0.0810401439666748,0.0669061690568924
472,3,0,0,0.048224154859781265,0.051429811865091324,0.07021835446357727,0.06159161031246185,0.058589138090610504,0.08032562583684921
473,1,1,1,0.9462215304374695,0.9718936681747437,0.9637290239334106,0.9656234979629517,0.9623233675956726,0.9706364274024963
474,0,1,1,0.9405486583709717,0.9537811279296875,0.9440768361091614,0.9645184874534607,0.971795916557312,0.9528536796569824
475,1,0,1,0.6651617288589478,0.6899896860122681,0.5721981525421143,0.6505718231201172,0.7083628177642822,0.5619196891784668
476,2,0,0,0.3417051136493683,0.374228835105896,0.42282429337501526,0.3863838315010071,0.3863590359687805,0.4307849705219269
477,3,0,0,0.058577582240104675,0.06468289345502853,0.05919405817985535,0.06111515313386917,0.06312479823827744,0.06664993613958359
478,0,0,0,0.0750943124294281,0.07406938821077347,0.07917200028896332,0.08012085407972336,0.08008541911840439,0.0911906361579895
479,3,0,0,0.05948416888713837,0.06214957311749458,0.06619846075773239,0.06482473760843277,0.06558715552091599,0.06382705271244049
480,2,1,1,0.9260371923446655,0.9256229400634766,0.6325368881225586,0.8621401786804199,0.894180953502655,0.5959391593933105
481,1,0,0,0.020451348274946213,0.004881176166236401,0.010676542297005653,0.007610192522406578,0.0030184597708284855,0.004772431217133999
482,2,0,0,0.043596409261226654,0.04548848792910576,0.061561018228530884,0.030361829325556755,0.020156346261501312,0.043698325753211975
483,1,0,0,0.05643407255411148,0.054410289973020554,0.07535954564809799,0.06647854298353195,0.06694404780864716,0.07980192452669144
484,0,1,0,0.35395145416259766,0.4235946834087372,0.5275654792785645,0.45158815383911133,0.48585957288742065,0.5508468747138977
485,4,1,0,0.48389336466789246,0.4771283268928528,0.36318597197532654,0.44863200187683105,0.43124690651893616,0.3640788495540619
486,4,0,0,0.022335749119520187,0.008039586246013641,0.006789082195609808,0.019903967157006264,0.01150648295879364,0.020094996318221092
487,4,1,1,0.9398655295372009,0.9609138369560242,0.9203124046325684,0.9400995969772339,0.9360472559928894,0.8915387988090515
488,1,0,0,0.30477821826934814,0.28648191690444946,0.30506181716918945,0.3125779628753662,0.315721333026886,0.31629452109336853
489,3,0,0,0.07988998293876648,0.07047881186008453,0.07006165385246277,0.07557167857885361,0.07355184853076935,0.07865630090236664
490,1,1,1,0.8670812249183655,0.8357807993888855,0.8393282294273376,0.8776000738143921,0.9322047829627991,0.8197688460350037
491,3,0,0,0.10603933781385422,0.11521171778440475,0.06671351194381714,0.0783281922340393,0.07543240487575531,0.07725170254707336
492,1,0,0,0.08590883016586304,0.0931176096200943,0.08100564777851105,0.08313464373350143,0.08354851603507996,0.07816523313522339
493,3,0,0,0.24521055817604065,0.23690715432167053,0.27813833951950073,0.24925634264945984,0.24306164681911469,0.2939002811908722
494,0,0,0,0.20801088213920593,0.2090434730052948,0.2265458106994629,0.23005613684654236,0.21912792325019836,0.2898791432380676
495,1,0,0,0.08520429581403732,0.08686929941177368,0.08532033115625381,0.0836554765701294,0.08217361569404602,0.08999074250459671
496,2,0,0,0.05380774289369583,0.07181122899055481,0.13703951239585876,0.018156467005610466,0.07300099730491638,0.1264757215976715
497,3,1,1,0.9123484492301941,0.9192609786987305,0.9681003093719482,0.9462611079216003,0.9612063765525818,0.9731170535087585
498,4,0,0,0.08638104051351547,0.08720067888498306,0.08766123652458191,0.10995641350746155,0.12078874558210373,0.09507279098033905
499,0,0,1,0.9195539355278015,0.9276264905929565,0.8747702836990356,0.938896894454956,0.9341564774513245,0.8974396586418152
500,4,0,0,0.07853862643241882,0.08203127980232239,0.08378929644823074,0.07884084433317184,0.0819312259554863,0.08206146955490112
501,2,0,0,0.08023612201213837,0.04434991255402565,0.07116173952817917,0.08074978739023209,0.02550305239856243,0.07096891105175018
502,3,0,1,0.6745226979255676,0.65459144115448,0.7039707899093628,0.6846442818641663,0.6832389831542969,0.703663170337677
503,1,0,1,0.7227270603179932,0.7352544665336609,0.6813341379165649,0.7786499857902527,0.7343496084213257,0.75211101770401
504,1,0,0,0.5516355633735657,0.5838781595230103,0.5318586826324463,0.5893514752388,0.6456303000450134,0.5234076976776123
505,3,1,1,0.9829853177070618,0.9905344843864441,0.9758419990539551,0.9883178472518921,0.9855318069458008,0.980466365814209
506,1,0,0,0.2186681032180786,0.1752135157585144,0.13919295370578766,0.22003348171710968,0.20820173621177673,0.1266312152147293
507,4,1,1,0.7913042306900024,0.8187655210494995,0.8531599640846252,0.8000253438949585,0.8477195501327515,0.8884245753288269
508,0,1,0,0.3133566975593567,0.27708831429481506,0.21883492171764374,0.2720271348953247,0.2529412806034088,0.26526179909706116
509,2,0,0,0.15018047392368317,0.132096529006958,0.17548616230487823,0.12602075934410095,0.13807392120361328,0.12013629078865051
510,3,1,0,0.49080580472946167,0.5540615320205688,0.5958830714225769,0.4558577835559845,0.5465152263641357,0.5286644697189331
511,2,1,0,0.06370992213487625,0.06706499308347702,0.06884045898914337,0.0706305280327797,0.06906475871801376,0.07029027491807938
512,4,0,0,0.1092785894870758,0.09394947439432144,0.08546923100948334,0.13774588704109192,0.11580204963684082,0.08014276623725891
513,4,1,1,0.5151078104972839,0.5134469270706177,0.5342329740524292,0.5061021447181702,0.5443745851516724,0.5245413184165955
514,1,1,1,0.9483140110969543,0.9586860537528992,0.9728778600692749,0.9678703546524048,0.974462628364563,0.9767789244651794
515,3,0,0,0.05945421755313873,0.0650709941983223,0.06031525135040283,0.06141282618045807,0.06306811422109604,0.06146644055843353
516,3,0,0,0.378227174282074,0.3819051682949066,0.4960489273071289,0.3865492343902588,0.4145834147930145,0.5065603256225586
517,4,1,1,0.9317482113838196,0.9206624031066895,0.9201450347900391,0.9459207057952881,0.9318017959594727,0.9322640299797058
518,4,0,0,0.13379576802253723,0.09841329604387283,0.13614414632320404,0.11615109443664551,0.1322290450334549,0.12012911587953568
519,0,1,1,0.8724067211151123,0.902350902557373,0.9281594753265381,0.8895792961120605,0.9201233386993408,0.9284409284591675
520,4,0,0,0.07185830175876617,0.07518889009952545,0.08844214677810669,0.07896426320075989,0.08138244599103928,0.0916958749294281
521,4,1,1,0.9795639514923096,0.9838094711303711,0.9838705062866211,0.9804158806800842,0.9869391322135925,0.9884776473045349
522,2,0,0,0.06839047372341156,0.08002642542123795,0.07205148041248322,0.07094291597604752,0.07400339841842651,0.0734117329120636
523,1,0,0,0.0887582004070282,0.09063960611820221,0.10014936327934265,0.07260638475418091,0.07971476018428802,0.07395291328430176
524,0,1,1,0.9739953875541687,0.9733492732048035,0.8781505227088928,0.956857442855835,0.9505010843276978,0.8657102584838867
525,3,0,0,0.06577764451503754,0.06313246488571167,0.0749811977148056,0.07517978549003601,0.07003781199455261,0.06547996401786804
526,2,0,0,0.05466371774673462,0.05382915213704109,0.05508030205965042,0.058225229382514954,0.059553153812885284,0.06374480575323105
527,4,1,1,0.46848002076148987,0.4533918499946594,0.8341593146324158,0.5857956409454346,0.5938152074813843,0.8839874267578125
528,4,0,0,0.34461086988449097,0.36127588152885437,0.2607460916042328,0.35292550921440125,0.32346829771995544,0.32382768392562866
529,1,0,0,0.06580650061368942,0.06895964592695236,0.07906673848628998,0.07571964710950851,0.07360050082206726,0.08514842391014099
530,1,0,0,0.10190664231777191,0.10048529505729675,0.05147882178425789,0.08806819468736649,0.08897485584020615,0.046983588486909866
531,3,1,1,0.9570538401603699,0.9631375670433044,0.9324465990066528,0.9567538499832153,0.9501763582229614,0.9067050218582153
532,4,0,0,0.08536580204963684,0.08424751460552216,0.09192360937595367,0.08528757095336914,0.0870761126279831,0.07798969745635986
533,2,0,0,0.12383615225553513,0.09234118461608887,0.12533250451087952,0.12981164455413818,0.051585011184215546,0.1434316337108612
534,4,1,1,0.5582320094108582,0.6359931230545044,0.5908298492431641,0.6324639916419983,0.663972795009613,0.7148189544677734
535,3,0,0,0.5120283961296082,0.49086225032806396,0.5190668702125549,0.48677971959114075,0.4716876745223999,0.5052317976951599
536,0,1,1,0.9390162229537964,0.9503459334373474,0.9520566463470459,0.9312068223953247,0.947148859500885,0.9357857704162598
537,4,0,1,0.5488235950469971,0.6250482201576233,0.6261845231056213,0.5210436582565308,0.5365793108940125,0.677769660949707
538,3,1,1,0.9250860810279846,0.9395614862442017,0.9380131959915161,0.9163740873336792,0.9186882972717285,0.9388493895530701
539,3,0,0,0.03931232914328575,0.04422602429986,0.05533905327320099,0.026841476559638977,0.04135784134268761,0.04668550193309784
540,0,1,1,0.98673415184021,0.9871460795402527,0.9851308465003967,0.9933708310127258,0.992695152759552,0.9930164813995361
541,3,1,1,0.9309069514274597,0.9196091890335083,0.9534842371940613,0.9466828107833862,0.9200648665428162,0.9522759914398193
542,3,0,0,0.0595933273434639,0.04029674828052521,0.19556120038032532,0.048537030816078186,0.022775448858737946,0.11423689872026443
543,3,0,0,0.06405311822891235,0.0395401231944561,0.19556120038032532,0.04555147886276245,0.02268822491168976,0.11423689872026443
544,3,1,0,0.10296203196048737,0.09634248167276382,0.12162115424871445,0.10497699677944183,0.11229182779788971,0.11774956434965134
545,2,0,0,0.21217341721057892,0.21776193380355835,0.23138508200645447,0.265886127948761,0.2575215995311737,0.3078186511993408
546,3,0,0,0.19332312047481537,0.1741739809513092,0.21445053815841675,0.1561586558818817,0.14606177806854248,0.2306707203388214
547,2,1,1,0.8905003666877747,0.9220670461654663,0.8575653433799744,0.9020364284515381,0.9509817361831665,0.8631380796432495
548,2,1,0,0.09467080235481262,0.1146625280380249,0.11436276137828827,0.07308594882488251,0.039215072989463806,0.09834370017051697
549,3,0,0,0.08112765103578568,0.0747072845697403,0.09287324547767639,0.08500170707702637,0.09737473726272583,0.10166265070438385
550,0,1,1,0.8243604302406311,0.8523449897766113,0.8274001479148865,0.7594999074935913,0.7894814610481262,0.8060892224311829
551,0,1,0,0.2866610884666443,0.26809579133987427,0.19101212918758392,0.2188933938741684,0.2533276379108429,0.2019897699356079
552,3,0,0,0.06375160813331604,0.07174612581729889,0.07181639969348907,0.05761187896132469,0.06971669942140579,0.06781134009361267
553,1,0,0,0.08849859237670898,0.08694073557853699,0.0850091278553009,0.07765772938728333,0.07466789335012436,0.085307776927948
554,3,1,0,0.06871387362480164,0.06895580887794495,0.08653256297111511,0.08554103225469589,0.0743652731180191,0.0739498883485794
555,4,1,1,0.5284877419471741,0.5900939106941223,0.5465645790100098,0.5468571186065674,0.5970736145973206,0.5058493614196777
556,1,0,0,0.26164183020591736,0.2309415638446808,0.25456494092941284,0.23130139708518982,0.2141209989786148,0.23901058733463287
557,2,1,1,0.9280993938446045,0.9458363652229309,0.8268148899078369,0.9212445020675659,0.9391266107559204,0.9275755882263184
558,3,0,0,0.36175087094306946,0.38661491870880127,0.28011566400527954,0.30818238854408264,0.3381117284297943,0.3039777874946594
559,0,1,1,0.9607580304145813,0.9657965302467346,0.9108869433403015,0.9464796781539917,0.947162389755249,0.9058794379234314
560,2,1,1,0.513457179069519,0.5825149416923523,0.50786954164505,0.5481669902801514,0.6484525203704834,0.4966117739677429
561,4,0,0,0.0842399150133133,0.08653436601161957,0.0888354480266571,0.08726298809051514,0.0887937918305397,0.08958420157432556
562,4,0,0,0.06491930782794952,0.06477418541908264,0.08246135711669922,0.07579946517944336,0.07849423587322235,0.09033408761024475
563,2,0,0,0.11610451340675354,0.1282292902469635,0.10337681323289871,0.1383131593465805,0.15973815321922302,0.10938084125518799
564,1,0,0,0.08277621865272522,0.08557891845703125,0.08067743480205536,0.07541191577911377,0.07753413915634155,0.07802823185920715
565,4,0,0,0.5769261717796326,0.6110501885414124,0.5251361131668091,0.5668598413467407,0.6324958801269531,0.4679146111011505
566,2,0,0,0.24115994572639465,0.2199464738368988,0.3277861177921295,0.23818624019622803,0.33271661400794983,0.2629282772541046
567,2,0,0,0.07329938560724258,0.08071178942918777,0.0657537579536438,0.0741860568523407,0.0814412459731102,0.07516862452030182
568,3,0,0,0.03920905292034149,0.02477216348052025,0.03515184298157692,0.02554868534207344,0.01494308840483427,0.035256531089544296
569,1,0,0,0.08921268582344055,0.09257199615240097,0.10014936327934265,0.11609062552452087,0.09011110663414001,0.07395291328430176
570,2,1,0,0.057260267436504364,0.06287021189928055,0.0757463276386261,0.06319382041692734,0.057793304324150085,0.07176762819290161
571,2,1,0,0.074686199426651,0.06604919582605362,0.05637219548225403,0.09455153346061707,0.07321175187826157,0.0843920111656189
572,3,1,1,0.8952417373657227,0.9344819188117981,0.9445358514785767,0.94046950340271,0.9614589214324951,0.9561589360237122
573,1,1,1,0.4091142416000366,0.40544015169143677,0.41172266006469727,0.45623350143432617,0.461057186126709,0.40321585536003113
574,1,1,1,0.8960059285163879,0.8409426212310791,0.6813341379165649,0.8536020517349243,0.7401772737503052,0.75211101770401
575,2,0,0,0.08277371525764465,0.08712984621524811,0.10009902715682983,0.08743340522050858,0.10012942552566528,0.09919065237045288
576,1,0,0,0.07528899610042572,0.0948505774140358,0.05425570532679558,0.07931219041347504,0.06625096499919891,0.042560555040836334
577,2,1,1,0.8190255165100098,0.8206202983856201,0.9057246446609497,0.8206695318222046,0.8494552373886108,0.917337954044342
578,0,1,1,0.972874104976654,0.959363579750061,0.9712530970573425,0.9737261533737183,0.9579956531524658,0.9669643640518188
579,1,0,1,0.6233249306678772,0.7497016191482544,0.6497393846511841,0.6511272192001343,0.7446315288543701,0.6394400596618652
580,3,1,0,0.3612545430660248,0.40635359287261963,0.1996997445821762,0.1898556649684906,0.306735634803772,0.19201067090034485
581,3,1,1,0.7947278022766113,0.7769365310668945,0.8904441595077515,0.753309965133667,0.809360921382904,0.8768150806427002
582,2,1,1,0.9790139198303223,0.9679571986198425,0.9641274213790894,0.9842864274978638,0.9468110203742981,0.9759665727615356
583,2,0,0,0.14069490134716034,0.15010379254817963,0.151058629155159,0.17877990007400513,0.16691015660762787,0.19797548651695251
584,2,0,0,0.5060653686523438,0.4739428460597992,0.4664345681667328,0.43106386065483093,0.40896075963974,0.42178788781166077
585,1,0,0,0.09979474544525146,0.09729661047458649,0.11197788268327713,0.09617669880390167,0.09907504916191101,0.09810999035835266
586,3,1,1,0.9419291019439697,0.957476019859314,0.9382168650627136,0.9680690765380859,0.9585958123207092,0.9511537551879883
587,1,0,0,0.1092398539185524,0.10133523494005203,0.09544996917247772,0.11285164952278137,0.11314819753170013,0.10565732419490814
588,0,1,0,0.17831575870513916,0.20497369766235352,0.2846550941467285,0.24272073805332184,0.23845356702804565,0.326322078704834
589,3,0,0,0.05910500884056091,0.06386993825435638,0.0689157173037529,0.0625661164522171,0.0642583891749382,0.06695780903100967
590,2,0,0,0.07324612885713577,0.07404457032680511,0.07022269070148468,0.060457080602645874,0.06001804769039154,0.07528170198202133
591,4,0,0,0.382319837808609,0.4060172438621521,0.07816490530967712,0.18526571989059448,0.12992975115776062,0.06912225484848022
592,3,1,1,0.9598590135574341,0.9741196036338806,0.9745712876319885,0.9782233238220215,0.985373854637146,0.9810670018196106
593,4,0,0,0.06257013976573944,0.061888452619314194,0.07510517537593842,0.07384084165096283,0.07342357188463211,0.06421305984258652
594,3,0,1,0.7198401689529419,0.7204242944717407,0.6873767375946045,0.7419036030769348,0.7573309540748596,0.696293830871582
595,1,0,0,0.0909954309463501,0.09899024665355682,0.07390862703323364,0.09761817008256912,0.1016019955277443,0.09048174321651459
596,4,0,0,0.05778932571411133,0.0392080694437027,0.1750381886959076,0.05817709490656853,0.0265462975949049,0.1523519903421402
597,1,1,1,0.9595877528190613,0.9696911573410034,0.9526142477989197,0.9749076962471008,0.9736886024475098,0.9757081866264343
598,2,0,0,0.2387341409921646,0.18805718421936035,0.326753169298172,0.21757718920707703,0.30492517352104187,0.3827262818813324
599,4,0,0,0.489742636680603,0.42364370822906494,0.5219357013702393,0.18817874789237976,0.1993427723646164,0.427018404006958
600,1,1,0,0.24386651813983917,0.20436078310012817,0.22435635328292847,0.29929018020629883,0.2411300241947174,0.19805362820625305
601,2,1,1,0.940406322479248,0.9605071544647217,0.9596235752105713,0.9450957179069519,0.9629985094070435,0.9324879050254822
602,4,0,0,0.07892013341188431,0.07910177111625671,0.08378929644823074,0.07792860269546509,0.08125318586826324,0.08206146955490112
603,0,0,0,0.19213581085205078,0.17731842398643494,0.17291955649852753,0.18429064750671387,0.16518592834472656,0.22213420271873474
604,3,0,0,0.04202041029930115,0.044468529522418976,0.06529521942138672,0.05243557319045067,0.054091259837150574,0.07999631017446518
605,2,1,0,0.37343573570251465,0.3955107629299164,0.26301515102386475,0.32196956872940063,0.30490919947624207,0.28557515144348145
606,3,0,0,0.03749033063650131,0.044892191886901855,0.05116652697324753,0.036998115479946136,0.0477583110332489,0.061208516359329224
607,1,0,0,0.080760657787323,0.08338583260774612,0.08459679037332535,0.08708541840314865,0.09000658243894577,0.08386936783790588
608,0,1,0,0.3550460934638977,0.3588777780532837,0.2858128249645233,0.2831955552101135,0.2706202566623688,0.27854135632514954
609,2,1,1,0.9875209331512451,0.985228419303894,0.9701904654502869,0.9870947599411011,0.9740333557128906,0.9743470549583435
610,1,1,1,0.9924095869064331,0.9938542246818542,0.9887975454330444,0.9939175248146057,0.9923835396766663,0.9929280281066895
611,3,0,0,0.08296728134155273,0.06279383599758148,0.21298888325691223,0.04562579467892647,0.030304402112960815,0.1396770030260086
612,0,0,0,0.08699166774749756,0.08578594774007797,0.09136180579662323,0.08872106671333313,0.09308458119630814,0.08772937953472137
613,2,1,1,0.7040740251541138,0.6601366400718689,0.6314374208450317,0.6714187860488892,0.6785247325897217,0.6478523015975952
614,1,0,0,0.08816834539175034,0.08685918897390366,0.08137185126543045,0.074442058801651,0.06912750005722046,0.07002004981040955
615,0,0,0,0.07745011895895004,0.07782967388629913,0.09689301997423172,0.08799774199724197,0.08895178884267807,0.09298978745937347
616,4,1,1,0.6798185110092163,0.7738478183746338,0.8270214796066284,0.7498109340667725,0.8067353963851929,0.8062846660614014
617,2,0,0,0.03507126495242119,0.01723725162446499,0.09170886129140854,0.011832787655293941,0.015226764604449272,0.1215338408946991
618,0,0,1,0.5296282172203064,0.4628704786300659,0.4499615728855133,0.49477025866508484,0.3570041060447693,0.4482826590538025
619,1,1,1,0.9687213897705078,0.9203328490257263,0.9066066741943359,0.9757722020149231,0.9827721118927002,0.9210888147354126
620,2,0,0,0.08613495528697968,0.09893277287483215,0.07691432535648346,0.09777680039405823,0.10282325744628906,0.0786893367767334
621,1,0,0,0.05157795920968056,0.05344890430569649,0.029346775263547897,0.06192301958799362,0.0766083300113678,0.03223102539777756
622,2,1,0,0.30582088232040405,0.3546813726425171,0.34107598662376404,0.3252948522567749,0.34427329897880554,0.3689309358596802
623,1,1,0,0.051064662635326385,0.053157735615968704,0.03052336908876896,0.05907300114631653,0.07273445278406143,0.03477684408426285
624,4,0,0,0.12042419612407684,0.08334057778120041,0.10068993270397186,0.13033853471279144,0.09319553524255753,0.08635346591472626
625,1,0,0,0.07758557796478271,0.09772231429815292,0.05700564384460449,0.08116766810417175,0.0666181892156601,0.04612107574939728
626,0,0,0,0.2807202637195587,0.2754689157009125,0.39409512281417847,0.2943558990955353,0.29153120517730713,0.3646174669265747
627,0,0,0,0.0745144858956337,0.07054603099822998,0.14953108131885529,0.0962739810347557,0.09331069141626358,0.12379176169633865
628,0,1,1,0.9822332859039307,0.9829199314117432,0.9707849025726318,0.9731033444404602,0.9773181676864624,0.9590329527854919
629,0,0,0,0.08499559760093689,0.08760315179824829,0.0879485011100769,0.08713982999324799,0.09045691788196564,0.08722154051065445
630,1,0,0,0.08747629821300507,0.08819466829299927,0.08137185126543045,0.07566048949956894,0.07778028398752213,0.07002004981040955
631,3,1,0,0.18536922335624695,0.1571999192237854,0.27813833951950073,0.16691097617149353,0.13645464181900024,0.2939002811908722
632,1,0,0,0.051286131143569946,0.05219206213951111,0.06829065829515457,0.06305380165576935,0.05579902604222298,0.06677946448326111
633,1,1,1,0.4049474000930786,0.41704899072647095,0.3818380832672119,0.36814209818840027,0.37698888778686523,0.3505132794380188
634,4,0,0,0.05220314860343933,0.0460304357111454,0.12721563875675201,0.03878336772322655,0.036925941705703735,0.06432348489761353
635,3,0,0,0.03439578413963318,0.020028721541166306,0.052723970264196396,0.046362824738025665,0.02166729047894478,0.05704592913389206
636,1,1,1,0.8525393009185791,0.833016037940979,0.8956288695335388,0.8629791736602783,0.8739463090896606,0.8913605213165283
637,2,0,0,0.2773275673389435,0.24126558005809784,0.08499044179916382,0.28932321071624756,0.4535922706127167,0.08387426286935806
638,0,0,0,0.1709478497505188,0.17100591957569122,0.1797681748867035,0.165360689163208,0.19485150277614594,0.16199488937854767
639,0,0,0,0.008076139725744724,0.009593325667083263,0.007006875239312649,0.007404849864542484,0.00911659188568592,0.008118152618408203
640,2,0,0,0.08855175971984863,0.10890261828899384,0.12203391641378403,0.07363896816968918,0.1017964631319046,0.11463776230812073
641,3,0,0,0.2195003628730774,0.16776491701602936,0.24849392473697662,0.18002499639987946,0.1716006100177765,0.11025043576955795
642,0,1,1,0.9873051643371582,0.9897987842559814,0.988107442855835,0.9948118329048157,0.9945591688156128,0.9932891130447388
643,3,0,0,0.04614965617656708,0.030431481078267097,0.052723970264196396,0.0625116378068924,0.028278036043047905,0.05704592913389206
644,2,1,0,0.4514743685722351,0.41712790727615356,0.5969163179397583,0.39761799573898315,0.5501577854156494,0.44373205304145813
645,3,1,1,0.8217447996139526,0.8305788636207581,0.8325663208961487,0.9077603220939636,0.8375993967056274,0.9070214033126831
646,2,1,0,0.42137688398361206,0.3473324179649353,0.6305658221244812,0.485367089509964,0.4187784194946289,0.6276519894599915
647,3,0,0,0.06770429015159607,0.06883668154478073,0.06473693996667862,0.06418860703706741,0.06751319766044617,0.06916432082653046
648,0,1,0,0.24234311282634735,0.22757688164710999,0.37191686034202576,0.2953920364379883,0.2995882034301758,0.37086042761802673
649,1,0,0,0.07888548076152802,0.08052191138267517,0.07825511693954468,0.07646283507347107,0.07738916575908661,0.07881192862987518
650,3,1,1,0.6167307496070862,0.61931312084198,0.5213184356689453,0.5754522681236267,0.5994880199432373,0.5293872356414795
651,4,0,0,0.07892013341188431,0.07910177111625671,0.08378929644823074,0.07792860269546509,0.08125318586826324,0.08206146955490112
652,3,1,1,0.9198310971260071,0.9149147868156433,0.9099519848823547,0.9272937178611755,0.9223974943161011,0.8925654888153076
653,0,0,0,0.08539137244224548,0.09850957244634628,0.08629715442657471,0.08820405602455139,0.0915394127368927,0.0863020047545433
654,3,1,1,0.7136926651000977,0.7206919193267822,0.7114220857620239,0.7495594024658203,0.7658911347389221,0.7473886013031006
655,4,0,1,0.6620832681655884,0.6889658570289612,0.6553513407707214,0.7055814266204834,0.6890093684196472,0.6156197190284729
656,4,0,0,0.04987132549285889,0.044192325323820114,0.02192557603120804,0.051359452307224274,0.04590516909956932,0.022088291123509407
657,1,0,0,0.084032341837883,0.08614614605903625,0.07879970967769623,0.07898256927728653,0.07912389934062958,0.07734508812427521
658,3,0,1,0.7310152053833008,0.7360414266586304,0.6721751689910889,0.7081707119941711,0.7374730110168457,0.7069550156593323
659,2,0,0,0.09824392199516296,0.12010030448436737,0.070790134370327,0.10451392829418182,0.10061410069465637,0.07061107456684113
660,3,0,0,0.26646342873573303,0.2185559868812561,0.3291569948196411,0.22843970358371735,0.2413780689239502,0.30632105469703674
661,4,1,0,0.23637381196022034,0.2667698860168457,0.18046972155570984,0.24490603804588318,0.24357599020004272,0.20058508217334747
662,3,0,0,0.05050697922706604,0.047573816031217575,0.07384153455495834,0.05281399190425873,0.05115167796611786,0.06312485039234161
663,2,0,0,0.3105895221233368,0.32316848635673523,0.4453350305557251,0.32878631353378296,0.30362629890441895,0.42611366510391235
664,4,0,0,0.06802020967006683,0.053272053599357605,0.0793195515871048,0.07094409316778183,0.03790545463562012,0.0835782065987587
665,2,1,0,0.12788519263267517,0.15148471295833588,0.07027289271354675,0.10069125890731812,0.1113419160246849,0.07312646508216858
666,0,0,0,0.04919768497347832,0.03935760259628296,0.017329610884189606,0.0389280840754509,0.04572027921676636,0.02139652520418167
667,2,0,0,0.09907124936580658,0.11798673868179321,0.070790134370327,0.10588191449642181,0.09950408339500427,0.07061107456684113
668,4,0,0,0.07553492486476898,0.08112606406211853,0.08378929644823074,0.07704997062683105,0.08079484105110168,0.08206146955490112
669,0,0,0,0.076554074883461,0.07663480937480927,0.09528636932373047,0.08566144853830338,0.08844487369060516,0.09732430428266525
670,1,1,1,0.954042375087738,0.9227303862571716,0.8707321882247925,0.9487000703811646,0.9635014533996582,0.8001970052719116
671,4,1,1,0.8874462842941284,0.8579168319702148,0.9417572021484375,0.8824493288993835,0.8806263208389282,0.9271447658538818
672,2,0,0,0.3265964388847351,0.3575269877910614,0.36373502016067505,0.35032355785369873,0.3497241139411926,0.3181542754173279
673,4,0,0,0.06055876612663269,0.06118257716298103,0.07566002011299133,0.09402427077293396,0.08367429673671722,0.0901608020067215
674,4,1,0,0.07569261640310287,0.07892175763845444,0.07726766914129257,0.09501700103282928,0.0948951467871666,0.08523169159889221
675,1,0,0,0.06671767681837082,0.07116594910621643,0.0805632546544075,0.05535665899515152,0.05522677302360535,0.07645732164382935
676,4,0,0,0.08824190497398376,0.09107574075460434,0.08810533583164215,0.08373668789863586,0.08842442184686661,0.08234519511461258
677,1,0,0,0.08616290986537933,0.08859220147132874,0.08067743480205536,0.08701327443122864,0.08916369080543518,0.07802823185920715
678,2,1,1,0.5550552010536194,0.6116738319396973,0.505894660949707,0.4817922115325928,0.5428050756454468,0.4190479516983032
679,0,0,0,0.00815623253583908,0.009766742587089539,0.006117842625826597,0.007525957655161619,0.008789598941802979,0.007567077875137329
680,1,1,0,0.8377375602722168,0.8853104710578918,0.8965062499046326,0.7819111347198486,0.8040485382080078,0.874606192111969
681,2,0,1,0.7011533975601196,0.6786866784095764,0.6480976343154907,0.7359013557434082,0.7421780824661255,0.6120442152023315
682,2,1,0,0.3194742500782013,0.3533182740211487,0.3707617521286011,0.3554897904396057,0.31042781472206116,0.38404345512390137
683,1,0,0,0.10065118968486786,0.10270236432552338,0.08658856898546219,0.0930248275399208,0.10025668889284134,0.08539487421512604
684,0,0,0,0.01357981562614441,0.011311981827020645,0.016189785674214363,0.01560983806848526,0.014380010776221752,0.01920483075082302
685,3,0,0,0.09002640098333359,0.08163055777549744,0.0791836827993393,0.08670128881931305,0.10565662384033203,0.12475523352622986
686,0,0,0,0.1859937310218811,0.19258075952529907,0.23249995708465576,0.17759346961975098,0.2382940948009491,0.18792013823986053
687,0,0,0,0.010589828714728355,0.010666347108781338,0.011559747159481049,0.01228876132518053,0.011898055672645569,0.016222266480326653
688,3,0,0,0.07461228966712952,0.07782263308763504,0.06784459948539734,0.08224306255578995,0.07802790403366089,0.06717158108949661
689,2,0,0,0.07638464123010635,0.0808168277144432,0.0657537579536438,0.07903286069631577,0.08491155505180359,0.07516862452030182
690,2,1,1,0.990358829498291,0.9936621189117432,0.9651866555213928,0.9929319024085999,0.9920799732208252,0.9784042835235596
691,3,1,1,0.35269179940223694,0.32677918672561646,0.2704103887081146,0.31099528074264526,0.32539159059524536,0.21153146028518677
692,1,1,1,0.9366611242294312,0.9501904249191284,0.6238754987716675,0.8864636421203613,0.9074800610542297,0.6044327020645142
693,1,1,0,0.9305650591850281,0.940643310546875,0.9669066071510315,0.9177426099777222,0.91224604845047,0.933173656463623
694,2,0,0,0.06735613197088242,0.07256092876195908,0.07275765389204025,0.07076498866081238,0.07019264250993729,0.06994901597499847
695,1,0,0,0.2515885829925537,0.2525034248828888,0.24554729461669922,0.24178685247898102,0.2331751585006714,0.2309301495552063
696,1,0,0,0.09713427722454071,0.08985131978988647,0.08903788775205612,0.10623320937156677,0.09814007580280304,0.10471059381961823
697,0,0,0,0.07758446037769318,0.06657484173774719,0.09528636932373047,0.089381143450737,0.0814361646771431,0.09732430428266525
698,4,1,1,0.6539790630340576,0.690431535243988,0.6461862325668335,0.7040431499481201,0.7078261375427246,0.6967740058898926
699,4,0,0,0.3287980258464813,0.29735472798347473,0.404226690530777,0.3499866724014282,0.3335440754890442,0.5410802960395813
700,2,0,0,0.09801918268203735,0.09784536063671112,0.07836452126502991,0.0824962705373764,0.09031863510608673,0.07872942835092545
701,2,1,1,0.9828247427940369,0.983955979347229,0.975131094455719,0.982751190662384,0.9838830232620239,0.9776184558868408
702,1,1,1,0.4118172824382782,0.4077806770801544,0.41172266006469727,0.4182117283344269,0.4265556037425995,0.40321585536003113
703,2,0,0,0.06069130077958107,0.04828847944736481,0.28364235162734985,0.07841085642576218,0.049591321498155594,0.19091182947158813
704,3,0,0,0.07026214152574539,0.06905189901590347,0.0766591802239418,0.08233470469713211,0.07370702177286148,0.07384717464447021
705,2,0,0,0.12145860493183136,0.09087428450584412,0.13045993447303772,0.09544765204191208,0.06168700382113457,0.10971561074256897
706,3,0,0,0.05576513335108757,0.062006495893001556,0.06766938418149948,0.040575992316007614,0.05644362419843674,0.06042438745498657
707,2,1,1,0.9706902503967285,0.9698020219802856,0.9113157987594604,0.9659672379493713,0.8990079164505005,0.9309958815574646
708,0,1,0,0.4674198031425476,0.43057364225387573,0.4238203167915344,0.41153115034103394,0.43854382634162903,0.37749719619750977
709,0,1,1,0.9207331538200378,0.9454518556594849,0.9247357249259949,0.9284576177597046,0.9443532228469849,0.9416876435279846
710,2,1,1,0.9919679164886475,0.9882439970970154,0.9125624299049377,0.9681721329689026,0.9740482568740845,0.9175318479537964
711,4,1,1,0.9642432928085327,0.96250319480896,0.9681687951087952,0.9576332569122314,0.9631460905075073,0.9722135066986084
712,1,0,0,0.3510376214981079,0.32624197006225586,0.28001922369003296,0.3185686469078064,0.3077108561992645,0.29561352729797363
713,2,1,0,0.22817650437355042,0.23031924664974213,0.24256685376167297,0.23719532787799835,0.21646089851856232,0.2509893774986267
714,3,0,0,0.08119016885757446,0.0764162614941597,0.07899412512779236,0.10156194120645523,0.08083543926477432,0.08583176136016846
715,4,0,0,0.05968736112117767,0.06818726658821106,0.06880665570497513,0.0668284147977829,0.08827461302280426,0.0653587132692337
716,1,0,0,0.12104164808988571,0.12675444781780243,0.10377273708581924,0.1101570874452591,0.12073446065187454,0.09856026619672775
717,2,1,1,0.9804644584655762,0.9779523611068726,0.9736035466194153,0.986825168132782,0.9881246089935303,0.9795952439308167
718,2,1,1,0.8690192699432373,0.88230961561203,0.9427200555801392,0.9227793216705322,0.9117052555084229,0.9495398998260498
719,0,0,0,0.06982830911874771,0.07692793756723404,0.0898967832326889,0.10099833458662033,0.10543530434370041,0.101130910217762
720,1,0,0,0.0692811906337738,0.08024262636899948,0.03141404688358307,0.05289657413959503,0.0446162223815918,0.020687775686383247
721,2,1,1,0.9923722743988037,0.9813645482063293,0.9722134470939636,0.9926105737686157,0.9755875468254089,0.9751047492027283
722,1,0,0,0.07547929883003235,0.09077255427837372,0.07004821300506592,0.07280252873897552,0.07287827134132385,0.06408323347568512
723,4,0,0,0.07711884379386902,0.07742796093225479,0.07726766914129257,0.09354041516780853,0.09314733743667603,0.08523169159889221
724,0,0,0,0.09791090339422226,0.08580512553453445,0.10647883266210556,0.11216457933187485,0.10436322540044785,0.11759720742702484
725,0,1,1,0.466871976852417,0.5141305327415466,0.5055592060089111,0.4407566487789154,0.49747487902641296,0.4026886820793152
726,2,0,0,0.01998017355799675,0.009973648004233837,0.07116173952817917,0.009060211479663849,0.0070996531285345554,0.07096891105175018
727,3,1,1,0.8506532311439514,0.8803958892822266,0.9095042943954468,0.8399131894111633,0.8909668326377869,0.8916597366333008
728,3,1,1,0.7116870880126953,0.7218865156173706,0.708513617515564,0.7312502861022949,0.7578181028366089,0.7567540407180786
729,3,0,0,0.06691360473632812,0.07364748418331146,0.05658651515841484,0.07205168902873993,0.07960167527198792,0.06878180801868439
730,0,0,1,0.5873738527297974,0.6199726462364197,0.5595756769180298,0.5884321928024292,0.6095795631408691,0.5597870945930481
731,1,1,1,0.9875772595405579,0.9913646578788757,0.9809338450431824,0.9935461282730103,0.9944576025009155,0.9893797636032104
732,2,0,1,0.6603114008903503,0.6847937107086182,0.13979318737983704,0.5554194450378418,0.6377271413803101,0.14054572582244873
733,0,0,0,0.07808839529752731,0.07308302074670792,0.09259171783924103,0.07027111947536469,0.06400872021913528,0.08955296874046326
734,1,0,0,0.13132165372371674,0.12951061129570007,0.09837623685598373,0.12793797254562378,0.13154301047325134,0.08829408884048462
735,0,0,0,0.11595460772514343,0.11896715313196182,0.10257697105407715,0.1264585554599762,0.12807081639766693,0.10556183755397797
736,3,0,0,0.3305065631866455,0.39244168996810913,0.41565030813217163,0.24423456192016602,0.3090759217739105,0.3626216948032379
737,1,0,0,0.016603542491793633,0.006537085864692926,0.015148432925343513,0.012334728613495827,0.0041124713607132435,0.010599976405501366
738,0,1,1,0.47744297981262207,0.45293375849723816,0.5475337505340576,0.5000583529472351,0.49880245327949524,0.45050448179244995
739,4,0,0,0.07892013341188431,0.07910177111625671,0.08378929644823074,0.07792860269546509,0.08125318586826324,0.08206146955490112
740,1,0,0,0.084032341837883,0.08614614605903625,0.07879970967769623,0.07898256927728653,0.07912389934062958,0.07734508812427521
741,4,1,0,0.4022415578365326,0.4037550389766693,0.44678932428359985,0.39538419246673584,0.40378785133361816,0.35822054743766785
742,3,0,0,0.36654433608055115,0.4239348769187927,0.28367140889167786,0.28722643852233887,0.36933350563049316,0.2572087049484253
743,3,1,1,0.9252761602401733,0.8953437209129333,0.8773682713508606,0.945309579372406,0.9319032430648804,0.8770068883895874
744,2,0,0,0.062431979924440384,0.07396852970123291,0.07306940108537674,0.06323572993278503,0.06783013045787811,0.06747570633888245
745,2,1,0,0.2754204273223877,0.23614773154258728,0.08499044179916382,0.22654509544372559,0.28699588775634766,0.08387426286935806
746,4,0,0,0.2997075915336609,0.33643582463264465,0.3902357816696167,0.3298571705818176,0.30934497714042664,0.5139434933662415
747,4,0,0,0.08830133825540543,0.10307473689317703,0.07911216467618942,0.10419134795665741,0.1022908017039299,0.08354698121547699
748,3,1,1,0.8063524961471558,0.7992474436759949,0.8962221145629883,0.7924386262893677,0.8100378513336182,0.8793773055076599
749,3,0,0,0.4509803354740143,0.48973745107650757,0.5170428156852722,0.3660300076007843,0.44731980562210083,0.5316115021705627
750,2,0,0,0.06293720006942749,0.06422434002161026,0.06429393589496613,0.06605542451143265,0.06826847791671753,0.06686773151159286
751,3,1,1,0.9053377509117126,0.927740216255188,0.9319931864738464,0.8363099694252014,0.9131600856781006,0.9187420606613159
752,3,1,1,0.86995929479599,0.8904534578323364,0.812830924987793,0.8864037394523621,0.8680391907691956,0.7522632479667664
753,1,0,0,0.08484622836112976,0.08433603495359421,0.09238852560520172,0.08727908134460449,0.08961507678031921,0.09264060854911804
754,1,0,0,0.08679234236478806,0.08972788602113724,0.07879970967769623,0.08787152171134949,0.08802402019500732,0.07734508812427521
755,2,1,1,0.9653267860412598,0.9717260003089905,0.9297817349433899,0.9695496559143066,0.9766510128974915,0.9532256126403809
756,1,1,1,0.9605920314788818,0.962768018245697,0.9837182760238647,0.9303485751152039,0.9304022789001465,0.9716528058052063
757,2,0,0,0.06610901653766632,0.0664769783616066,0.07728261500597,0.07031278312206268,0.06599891185760498,0.07152481377124786
758,4,0,0,0.0970320850610733,0.1037832722067833,0.08216962963342667,0.1078534722328186,0.11080193519592285,0.08603823184967041
759,2,0,0,0.06213098391890526,0.06148006021976471,0.08499044179916382,0.06761020421981812,0.05622587725520134,0.08387426286935806
760,1,1,1,0.9920471906661987,0.9915643930435181,0.9923598766326904,0.9908547401428223,0.9910784959793091,0.9952989816665649
761,4,0,0,0.08423341810703278,0.08123382925987244,0.08751516789197922,0.08693376183509827,0.11179780215024948,0.08631157130002975
762,4,0,0,0.06793657690286636,0.06907196342945099,0.07510517537593842,0.07059508562088013,0.07027100026607513,0.06421305984258652
763,4,1,0,0.09648466110229492,0.0928252711892128,0.09777133911848068,0.09183061122894287,0.094999760389328,0.09413591027259827
764,2,1,1,0.99027419090271,0.9899433851242065,0.9715750813484192,0.9917077422142029,0.9859406352043152,0.9794982671737671
765,4,0,0,0.09607267379760742,0.0986805260181427,0.11718977242708206,0.08732870221138,0.09080085158348083,0.13377586007118225
766,0,1,1,0.9825044274330139,0.9850161075592041,0.9542349576950073,0.9782005548477173,0.9801012277603149,0.9532168507575989
767,4,0,0,0.38850849866867065,0.3983309864997864,0.3029414415359497,0.3137441873550415,0.3230772912502289,0.2182377576828003
768,2,0,1,0.4985679090023041,0.5032113194465637,0.5349729657173157,0.5395116806030273,0.5203778743743896,0.5763481855392456
769,3,0,0,0.2322814166545868,0.22638177871704102,0.332882285118103,0.28858137130737305,0.31688180565834045,0.36270391941070557
770,2,0,0,0.06377284973859787,0.07029341161251068,0.09462687373161316,0.07892996817827225,0.06990233063697815,0.08545328676700592
771,4,0,0,0.08082292973995209,0.08293530344963074,0.08685551583766937,0.0857803076505661,0.08978861570358276,0.08829975128173828
772,1,0,0,0.056676529347896576,0.03290894627571106,0.0738702043890953,0.06807199120521545,0.021076766774058342,0.081386998295784
773,1,0,1,0.8343558311462402,0.8982930183410645,0.9719613194465637,0.8953825235366821,0.9249239563941956,0.9795604348182678
774,0,0,0,0.0935603529214859,0.10142627358436584,0.08763387799263,0.1015881597995758,0.11307449638843536,0.10288625210523605
775,2,1,1,0.7594268321990967,0.8009738326072693,0.6272638440132141,0.8333792686462402,0.8233548402786255,0.7980026006698608
776,1,0,0,0.09429903328418732,0.0976494699716568,0.08374261856079102,0.09189442545175552,0.09528268873691559,0.08516566455364227
777,3,0,0,0.08593052625656128,0.08456823229789734,0.09423266351222992,0.09972076863050461,0.10185308754444122,0.08137740194797516
778,1,1,1,0.9542476534843445,0.9657573699951172,0.79263836145401,0.9284988641738892,0.9518745541572571,0.8559455871582031
779,1,0,0,0.0871502086520195,0.08850923180580139,0.08137185126543045,0.07480695843696594,0.06839443743228912,0.07002004981040955
780,0,1,1,0.9740400314331055,0.9761176109313965,0.9153637290000916,0.9703202843666077,0.974113941192627,0.9278390407562256
781,0,1,1,0.715370237827301,0.7332797646522522,0.6095393300056458,0.6994261145591736,0.7090713381767273,0.6082953810691833
782,4,1,1,0.9055330157279968,0.9458483457565308,0.8431281447410583,0.9220644235610962,0.9296569228172302,0.8135319948196411
783,4,0,1,0.4742354154586792,0.47619059681892395,0.5577229261398315,0.43733274936676025,0.43984660506248474,0.4195115864276886
784,2,0,0,0.03322641924023628,0.020205456763505936,0.09698553383350372,0.013969575054943562,0.019567638635635376,0.12053216993808746
785,2,0,0,0.06113661080598831,0.04289690777659416,0.06482573598623276,0.05368955805897713,0.021705634891986847,0.0669061690568924
786,0,0,0,0.08610530197620392,0.08217166364192963,0.09136180579662323,0.0922941118478775,0.09094700217247009,0.08772937953472137
787,4,1,1,0.5992109775543213,0.6416714787483215,0.5620079040527344,0.6272100806236267,0.6648325324058533,0.5949771404266357
788,0,0,0,0.005590085405856371,0.005557290278375149,0.006646513473242521,0.006665350403636694,0.006395774427801371,0.008128889836370945
789,0,1,1,0.6861196160316467,0.5535598397254944,0.6409885883331299,0.6186416745185852,0.41274556517601013,0.6540731191635132
790,3,0,0,0.4413767457008362,0.48953884840011597,0.5757872462272644,0.3741172254085541,0.3774532377719879,0.47422483563423157
791,0,0,0,0.10155130922794342,0.08806069940328598,0.09162381291389465,0.10404686629772186,0.08476998656988144,0.09090188145637512
792,4,0,0,0.10503741353750229,0.11883430182933807,0.10859374701976776,0.10140243172645569,0.12376432120800018,0.08838106691837311
793,3,0,0,0.04531016945838928,0.030108269304037094,0.05204154923558235,0.03796966373920441,0.026871006935834885,0.06625030934810638
794,0,0,0,0.2753152549266815,0.2787540853023529,0.30002129077911377,0.31616756319999695,0.3050604462623596,0.3070625960826874
795,3,0,0,0.05836514011025429,0.059900522232055664,0.06191485747694969,0.05830525606870651,0.05921875685453415,0.06016746163368225
796,0,0,0,0.10983080416917801,0.10253116488456726,0.11088147759437561,0.11842935532331467,0.11827179044485092,0.11579790711402893
797,0,1,1,0.9049835205078125,0.8645904660224915,0.7905085682868958,0.9713035821914673,0.9657012224197388,0.8418453335762024
798,4,1,1,0.5606942772865295,0.6268564462661743,0.49471336603164673,0.5136054754257202,0.6082229614257812,0.4812658727169037
799,1,0,0,0.08331260085105896,0.08670791983604431,0.09766484051942825,0.08309465646743774,0.0844210758805275,0.08748838305473328
800,0,0,0,0.024342626333236694,0.03633479028940201,0.057659413665533066,0.02741232141852379,0.028027476742863655,0.04194250330328941
801,3,0,0,0.3328045606613159,0.3860427141189575,0.43615657091140747,0.2247101068496704,0.2610996961593628,0.34024351835250854
802,0,1,1,0.9628626704216003,0.9657859206199646,0.885686457157135,0.9428735971450806,0.9595315456390381,0.8575699925422668
803,2,1,1,0.9845202565193176,0.9889618754386902,0.9663426280021667,0.986640453338623,0.9673970937728882,0.9537309408187866
804,0,1,1,0.7828221917152405,0.7850461602210999,0.9244120121002197,0.7754455804824829,0.7674299478530884,0.9294930696487427
805,3,1,0,0.05601877346634865,0.05720570683479309,0.06752878427505493,0.062313906848430634,0.0611690878868103,0.05949760228395462
806,2,0,0,0.0637611374258995,0.06737728416919708,0.0757463276386261,0.06284253299236298,0.06819996237754822,0.07176762819290161
807,3,0,0,0.14140065014362335,0.12176014482975006,0.18759694695472717,0.11210624873638153,0.10081325471401215,0.14187631011009216
808,4,0,1,0.5858861804008484,0.6406104564666748,0.546873927116394,0.6010460257530212,0.6550417542457581,0.47694194316864014
809,4,0,0,0.08929067850112915,0.08523929119110107,0.11766862869262695,0.11751051992177963,0.11695024371147156,0.10259091854095459
810,3,1,1,0.8845657110214233,0.9073317050933838,0.8981760740280151,0.9334908127784729,0.9023546576499939,0.8991653323173523
811,3,0,0,0.055415116250514984,0.05942649394273758,0.06717499345541,0.05916355550289154,0.060253534466028214,0.06930258870124817
812,0,0,0,0.08277008682489395,0.09888553619384766,0.07981793582439423,0.09021131694316864,0.12175434827804565,0.09199844300746918
813,3,0,0,0.09026768058538437,0.08857546746730804,0.09337681531906128,0.09752371907234192,0.08926732838153839,0.09219126403331757
814,4,0,0,0.029208406805992126,0.010269280523061752,0.012463420629501343,0.04266557842493057,0.021594282239675522,0.027536746114492416
815,0,0,0,0.08310220390558243,0.0833437368273735,0.0937744751572609,0.08946549892425537,0.08858996629714966,0.0919545516371727
816,3,0,0,0.10557068884372711,0.09354250878095627,0.19762131571769714,0.08975343406200409,0.09508080780506134,0.11390804499387741
817,2,0,1,0.6455880999565125,0.667869508266449,0.5283999443054199,0.6706337928771973,0.6523169875144958,0.4675675928592682
818,2,0,0,0.0748295933008194,0.11282145977020264,0.07141280174255371,0.07598596066236496,0.07513536512851715,0.07413638383150101
819,0,0,0,0.08540436625480652,0.07911288738250732,0.0877680778503418,0.08317051082849503,0.08712002635002136,0.08656911551952362
820,2,0,0,0.008990675210952759,0.008490338921546936,0.00723546277731657,0.009224871173501015,0.006063410546630621,0.006395209580659866
821,4,1,1,0.97465580701828,0.980541467666626,0.9768716096878052,0.9829906821250916,0.9887038469314575,0.985049307346344
822,3,1,0,0.06063920259475708,0.06382642686367035,0.07899412512779236,0.0743340253829956,0.07223537564277649,0.08583176136016846
823,0,0,0,0.2692728042602539,0.28901562094688416,0.18283140659332275,0.1241694986820221,0.14127779006958008,0.18043890595436096
824,1,1,1,0.9009237289428711,0.9021856784820557,0.8037075400352478,0.9305559396743774,0.9505723714828491,0.8479436635971069
825,3,0,0,0.049288082867860794,0.026701292023062706,0.024118663743138313,0.018163900822401047,0.012497553601861,0.010664232075214386
826,2,0,0,0.06976600736379623,0.06690490245819092,0.06270488351583481,0.06534872949123383,0.061429768800735474,0.06564981490373611
827,1,0,0,0.9305650591850281,0.940643310546875,0.9669066071510315,0.9177426099777222,0.91224604845047,0.933173656463623
828,3,1,1,0.8854145407676697,0.8896331787109375,0.8828525543212891,0.8906534910202026,0.8690675497055054,0.9100428819656372
829,1,1,0,0.08816834539175034,0.08685918897390366,0.08137185126543045,0.074442058801651,0.06912750005722046,0.07002004981040955
830,4,1,1,0.9702357053756714,0.9557435512542725,0.9578502774238586,0.9624592065811157,0.9688208103179932,0.9591062068939209
831,0,1,1,0.6035388708114624,0.5122190713882446,0.48250043392181396,0.5847842693328857,0.4097175598144531,0.4778982400894165
832,2,1,1,0.9926214814186096,0.9927911162376404,0.9729477763175964,0.9858951568603516,0.979015588760376,0.9609173536300659
833,2,0,0,0.06449056416749954,0.06966429203748703,0.07275765389204025,0.053609587252140045,0.044496964663267136,0.06994901597499847
834,4,0,0,0.08205307275056839,0.08125625550746918,0.08378929644823074,0.07982030510902405,0.08321856707334518,0.08206146955490112
835,4,0,0,0.09278326481580734,0.09268975257873535,0.09113714098930359,0.08805349469184875,0.09234564006328583,0.08575630187988281
836,4,1,1,0.9795884490013123,0.9789231419563293,0.9911949038505554,0.9789767861366272,0.9851700067520142,0.9894972443580627
837,4,0,0,0.08342772722244263,0.08476722240447998,0.09113714098930359,0.08604374527931213,0.08916495740413666,0.08575630187988281
838,4,0,0,0.07678299397230148,0.0801299437880516,0.08546923100948334,0.08059190958738327,0.083940789103508,0.08014276623725891
839,1,1,0,0.9235977530479431,0.9336845874786377,0.9636994004249573,0.9058287143707275,0.9008195996284485,0.9399142861366272
840,0,1,0,0.33400461077690125,0.3065006732940674,0.2876768708229065,0.335687518119812,0.32379937171936035,0.3264315128326416
841,2,0,0,0.07108331471681595,0.07838842272758484,0.06974518299102783,0.06948235630989075,0.08041682839393616,0.07222623378038406
842,1,0,0,0.10837609320878983,0.11737503111362457,0.10733474045991898,0.09984014928340912,0.09742673486471176,0.09609618782997131
843,3,1,1,0.9232726097106934,0.9370733499526978,0.9276218414306641,0.9173704981803894,0.9166853427886963,0.9259183406829834
844,4,0,0,0.07143273949623108,0.07158870995044708,0.08913674205541611,0.07203592360019684,0.07056915760040283,0.07600827515125275
845,4,0,0,0.09510910511016846,0.09754326939582825,0.09113714098930359,0.09040722250938416,0.09517885744571686,0.08575630187988281
846,0,0,0,0.07424691319465637,0.06844083219766617,0.08971153199672699,0.08666437119245529,0.09030424803495407,0.08790223300457001
847,4,0,0,0.023524174466729164,0.012186790816485882,0.01564468815922737,0.014669211581349373,0.01006566546857357,0.009763531386852264
848,2,0,0,0.057395435869693756,0.06349701434373856,0.07224069535732269,0.06581989675760269,0.06350879371166229,0.0852430909872055
849,0,0,0,0.2868070900440216,0.2931014895439148,0.4281461238861084,0.29794082045555115,0.3855994939804077,0.5572253465652466
850,4,1,1,0.8517460823059082,0.9075694680213928,0.8461489677429199,0.907983660697937,0.9209383130073547,0.856831967830658
851,2,0,0,0.035067278891801834,0.01889108121395111,0.03211146965622902,0.03160591050982475,0.017582448199391365,0.01760416477918625
852,4,0,0,0.06408822536468506,0.0610029473900795,0.07669328898191452,0.07315643876791,0.07313436269760132,0.08320890367031097
853,1,0,0,0.041119322180747986,0.023422230035066605,0.1215173676609993,0.028953924775123596,0.038118213415145874,0.047595202922821045
854,3,1,1,0.9545910358428955,0.9683196544647217,0.9819090366363525,0.9547430276870728,0.9706927537918091,0.9790474772453308
855,2,0,1,0.9117959141731262,0.8590231537818909,0.9275174736976624,0.9238756895065308,0.9031960964202881,0.9406628608703613
856,4,1,1,0.6296567916870117,0.6884353756904602,0.5368661284446716,0.7189357280731201,0.7391322255134583,0.6518040299415588
857,0,1,1,0.9499506950378418,0.9594564437866211,0.8776296377182007,0.9501054883003235,0.9438355565071106,0.8475452065467834
858,2,1,0,0.29055553674697876,0.29896971583366394,0.34975293278694153,0.2942344546318054,0.27605658769607544,0.35001176595687866
859,3,1,1,0.6783915162086487,0.695681631565094,0.805548369884491,0.8458779454231262,0.8045689463615417,0.8892403244972229
860,1,0,0,0.08921268582344055,0.09257199615240097,0.10014936327934265,0.11609062552452087,0.09011110663414001,0.07395291328430176
861,3,0,0,0.14508697390556335,0.17157351970672607,0.19627228379249573,0.0843430757522583,0.18391184508800507,0.09801051020622253
862,3,0,0,0.11924686282873154,0.13236145675182343,0.10193935036659241,0.13327562808990479,0.1246715784072876,0.09806710481643677
863,0,1,1,0.9845187664031982,0.9853073358535767,0.9762839078903198,0.9928941130638123,0.9927507042884827,0.9906966090202332
864,4,0,0,0.02173318713903427,0.009837048128247261,0.017588716000318527,0.030255455523729324,0.016204342246055603,0.026018407195806503
865,3,0,0,0.10404898971319199,0.10884907096624374,0.08742363005876541,0.1082775890827179,0.11155876517295837,0.08028243482112885
866,3,1,1,0.8400679230690002,0.8817570209503174,0.890211284160614,0.8733782172203064,0.8765281438827515,0.9034061431884766
867,2,1,1,0.8819068074226379,0.8815852999687195,0.8890388011932373,0.842305600643158,0.8678473234176636,0.9194439649581909
868,2,0,0,0.4115447402000427,0.44239115715026855,0.46285921335220337,0.40222007036209106,0.36282381415367126,0.4350528419017792
869,1,0,0,0.0928615927696228,0.09435845911502838,0.08553546667098999,0.09279565513134003,0.09498437494039536,0.08455526828765869
870,2,1,1,0.9835649728775024,0.9831410050392151,0.8981210589408875,0.9286073446273804,0.9726358652114868,0.9194991588592529
871,0,0,0,0.08499559760093689,0.08760315179824829,0.0879485011100769,0.08713982999324799,0.09045691788196564,0.08722154051065445
872,2,1,1,0.9324225187301636,0.9519084692001343,0.8938008546829224,0.9397279024124146,0.9565848112106323,0.9293492436408997
873,3,0,0,0.254606693983078,0.2230525016784668,0.2508675754070282,0.15251246094703674,0.16936416923999786,0.16408085823059082
874,0,0,0,0.07063192129135132,0.0680261179804802,0.09067081660032272,0.0909898579120636,0.08570873737335205,0.09580699354410172
875,1,1,1,0.8890867233276367,0.9149559736251831,0.9222726821899414,0.9010376930236816,0.9217244386672974,0.9267181158065796
876,0,1,1,0.6945109367370605,0.7061367034912109,0.6095393300056458,0.6773003339767456,0.6941443085670471,0.6082953810691833
877,4,0,0,0.13621953129768372,0.17316065728664398,0.1533624827861786,0.14890973269939423,0.16237962245941162,0.1317341923713684
878,3,0,0,0.06770429015159607,0.06530367583036423,0.06473693996667862,0.06418860703706741,0.06336873769760132,0.06916432082653046
879,1,0,0,0.084032341837883,0.08614614605903625,0.07879970967769623,0.07898256927728653,0.07912389934062958,0.07734508812427521
880,1,1,1,0.9790151119232178,0.987018346786499,0.9818208813667297,0.9882944822311401,0.9897848963737488,0.9874399900436401
881,2,1,1,0.9870845675468445,0.986600935459137,0.9408069252967834,0.9749960899353027,0.9728724956512451,0.9461079239845276
882,4,0,0,0.07287707179784775,0.0742759108543396,0.08844214677810669,0.07702383399009705,0.08055353164672852,0.0916958749294281
883,1,0,1,0.6882309317588806,0.7067129015922546,0.5869511961936951,0.667678713798523,0.7225552201271057,0.5615338087081909
884,0,0,0,0.15085572004318237,0.11795496940612793,0.10918225347995758,0.1259230226278305,0.12810033559799194,0.10970607399940491
885,0,0,0,0.08806927502155304,0.09215020388364792,0.09136180579662323,0.0895785465836525,0.09687428921461105,0.08772937953472137
886,0,0,0,0.007761899381875992,0.008699622005224228,0.010449116118252277,0.007805220782756805,0.008374407887458801,0.011466526426374912
887,2,0,0,0.14010775089263916,0.15817192196846008,0.1533358097076416,0.14299404621124268,0.14918062090873718,0.1337781548500061
888,3,1,1,0.888493537902832,0.9305738806724548,0.894268274307251,0.9200412034988403,0.9259771108627319,0.9097962379455566
889,3,0,0,0.7541694045066833,0.654866635799408,0.7612881064414978,0.7035927772521973,0.6635702848434448,0.733765184879303
890,2,1,0,0.45427176356315613,0.41004931926727295,0.4392860531806946,0.4060378670692444,0.40274208784103394,0.42709842324256897
891,0,0,0,0.08579278737306595,0.08780504763126373,0.0990733802318573,0.09327995032072067,0.09574566781520844,0.09309606999158859
