PassengerId,fold,Survived,baseline__Panel,baseline__GradientBoosting,baseline__XGBoost,baseline__CatBoost,gunes_agefare_bins__Panel,gunes_agefare_bins__GradientBoosting,gunes_agefare_bins__XGBoost,gunes_agefare_bins__CatBoost,gunes_deck_group__Panel,gunes_deck_group__GradientBoosting,gunes_deck_group__XGBoost,gunes_deck_group__CatBoost,gunes_title_group__Panel,gunes_title_group__GradientBoosting,gunes_title_group__XGBoost,gunes_title_group__CatBoost,gunes_structural__Panel,gunes_structural__GradientBoosting,gunes_structural__XGBoost,gunes_structural__CatBoost,gunes_survival_rate_exact__Panel,gunes_survival_rate_exact__GradientBoosting,gunes_survival_rate_exact__XGBoost,gunes_survival_rate_exact__CatBoost,gunes_survival_rate_components__Panel,gunes_survival_rate_components__GradientBoosting,gunes_survival_rate_components__XGBoost,gunes_survival_rate_components__CatBoost,gunes_all__Panel,gunes_all__GradientBoosting,gunes_all__XGBoost,gunes_all__CatBoost
1,1,0,0.09501849124875339,0.10765852380526181,0.08859175443649292,0.08880519550450545,0.09618217247632042,0.10539020957732226,0.08868088573217392,0.09447542211946508,0.09787979168681775,0.10347804373413991,0.08899451792240143,0.10116681340391187,0.09373902138616007,0.1054322321327365,0.0920557975769043,0.0837290344488394,0.09331485481125285,0.10518124769254203,0.08820444345474243,0.08655887328647408,0.08161498405141661,0.08580847089244753,0.07404204457998276,0.08499443668181952,0.06708407453826444,0.08345359551897676,0.0587068572640419,0.0590917708317747,0.07146089681630964,0.08453377725979035,0.07141072303056717,0.058438190158571414
2,4,1,0.9519106850286069,0.9303114029584195,0.9504429697990417,0.9749776823283591,0.9507038106390281,0.9315726611467205,0.9557215571403503,0.9648172136300134,0.9513613334614522,0.9289409014346015,0.9571585059165955,0.96798459303316,0.9532637554149163,0.9289184980657182,0.9546371102333069,0.9762356579457238,0.9484023087444832,0.9278710908663135,0.952547013759613,0.964788821607523,0.9527753974351962,0.93579722858493,0.9519782066345215,0.9705507570861373,0.9525074609547618,0.9377591688613668,0.950191080570221,0.9695721334326979,0.9487952591303516,0.9314572504033448,0.9523753523826599,0.9625531746050502
3,3,1,0.5622556415136156,0.5836310305097197,0.5422132611274719,0.5609226329036555,0.5727615907337588,0.5811868260163977,0.5535278916358948,0.583570054548984,0.564033856191725,0.5861414006253476,0.5410611629486084,0.5648990050012189,0.5671948340754326,0.5810504706184039,0.549822211265564,0.5707118203423298,0.5686262372158565,0.591976028305884,0.563128650188446,0.5507740331532393,0.5725084613581259,0.588794023494018,0.5508080124855042,0.5779233480948558,0.5811343038725562,0.601965416475569,0.5584072470664978,0.5830302480756017,0.5778191175874937,0.5953904193030876,0.5560076236724854,0.5820593097869083
4,3,1,0.934367554564758,0.9250855298405524,0.9290571808815002,0.9489599529722209,0.9354112168775529,0.9261174260797466,0.9273492097854614,0.9527670147674506,0.9320579044778438,0.9172428428795277,0.9276207685470581,0.9513101020069454,0.9359027529859872,0.9260355753800126,0.9282063245773315,0.9534663590006174,0.9309485699119248,0.9218382199220841,0.9253277778625488,0.9456797119511414,0.9310616259319024,0.9256894472431844,0.9166477918624878,0.9508476386900351,0.918097081691854,0.9185636852433087,0.8961759209632874,0.939551638868966,0.9187578413362262,0.9015003881445124,0.9136872291564941,0.941085906707672
5,0,0,0.12493738815890282,0.13795053877826943,0.12170933932065964,0.11515228637777937,0.12958842621643984,0.1391595347012868,0.12372545897960663,0.1258802849684261,0.12740834921438943,0.1305420889762325,0.12282456457614899,0.12885839409078675,0.1279195220056973,0.13387284177394337,0.11848530918359756,0.131400415059551,0.13060535035512957,0.13377589568398396,0.1253052055835724,0.13273494979783235,0.1351092924870025,0.11627314069674691,0.16810494661331177,0.1209497901509489,0.11441929618026787,0.10580199681592137,0.12577274441719055,0.11168314730769174,0.11949961725160531,0.10854795700621916,0.1309254765510559,0.11902541819754085
6,4,0,0.12461834186641103,0.1277491659923913,0.12542323768138885,0.12068262192545297,0.12261488684633041,0.12104490584119175,0.12439551949501038,0.12240423520278908,0.1190461191281067,0.11987079002198414,0.11763888597488403,0.11962868138745195,0.1193020935994837,0.12088023407586813,0.12003514170646667,0.1169909050161163,0.12191164649625728,0.12286888467043117,0.12185699492692947,0.12100905989141118,0.12267288078095151,0.12482383144683304,0.11183848977088928,0.13135632112513218,0.11656218858618127,0.115240525801481,0.11536119133234024,0.11908484862472253,0.10952750383782746,0.11636493699645077,0.10355062782764435,0.10866694668938726
7,0,0,0.19857565649649075,0.16134409140810813,0.1741611212491989,0.26022175683216525,0.1925068297992064,0.1624216203078065,0.18550194799900055,0.22959692109081223,0.2525667558640672,0.23086755759471242,0.22665196657180786,0.3001807434256812,0.19018691798660967,0.16073411918551786,0.17347852885723114,0.23634810591707997,0.2549720437644492,0.23860016954505134,0.2487737238407135,0.2775422379075828,0.18574677780210838,0.15218723098845813,0.15336254239082336,0.25169056002704365,0.1812847123561275,0.1584333012583268,0.1483379453420639,0.23708289046799177,0.2249889995162615,0.21755618827399173,0.19453991949558258,0.2628708907792102
8,4,0,0.08313834740401342,0.06902698376703945,0.10992777347564697,0.07046028496935382,0.09296775676998204,0.06550790922399607,0.13141131401062012,0.08198404707532991,0.09718802055137425,0.05713254555032452,0.13683196902275085,0.0975995470810474,0.09710338578287457,0.059275887599777116,0.13091808557510376,0.10111618417374282,0.10061215836174496,0.05731636080587644,0.14547507464885712,0.0990450396305013,0.0920226499757031,0.07239119736536097,0.11977100372314453,0.08390574883860381,0.10060679144387774,0.073209292173206,0.12641772627830505,0.1021933558801222,0.09800539076640229,0.07750814153143334,0.11193947494029999,0.1045685558274735
9,4,1,0.7651229574076863,0.786126051742751,0.7177531719207764,0.7914896485595316,0.7669933233223274,0.7872330820911603,0.7188313007354736,0.7949155871403485,0.7418183855194278,0.7656054125497872,0.6924929022789001,0.7673568417295962,0.7558584228443697,0.7770027134929345,0.6904056668281555,0.8001668882120191,0.742466367205726,0.7873630531983272,0.6911244988441467,0.7489115495747042,0.7746777900489455,0.7886726692199844,0.7228134274482727,0.8125472734785799,0.8211653422392912,0.8152331545753289,0.7740453481674194,0.8742175239751251,0.8350072482384413,0.8505901139513701,0.7716622948646545,0.8827693358992991
10,3,1,0.9028940149107276,0.8985586144048998,0.9083026051521301,0.9018208251751527,0.9044245519574808,0.8962322182376287,0.9127161502838135,0.9043252873510003,0.9054637242108194,0.895116523312555,0.9190438985824585,0.9022307507374447,0.9100156554927695,0.8981488417242292,0.917055070400238,0.9148430543538413,0.9043817315355563,0.8985926696045258,0.9087474942207336,0.9058050307814094,0.9039369605829662,0.9067896144326746,0.9002448916435242,0.9047763756726999,0.8787369763174984,0.9058451280060766,0.8951725959777832,0.8351932049686354,0.8791323982341597,0.8903317423556012,0.8901140093803406,0.8569514429665371
11,2,1,0.9259642511579026,0.9004878644465858,0.9503706097602844,0.9270342792668376,0.9343147987101609,0.911922324232962,0.9365755915641785,0.9544464803333423,0.9240020279967313,0.8902500012706848,0.9364084601402283,0.9453476225792803,0.9324081459743697,0.9046532665456374,0.9387111067771912,0.953860064600281,0.9343833652663212,0.90088584415913,0.944359540939331,0.9579047107005025,0.9350762180008906,0.8966353622837779,0.9424172043800354,0.9661760873388584,0.9473188962271758,0.921203804865132,0.945450484752655,0.9753023990637403,0.9458807917629358,0.919212185476278,0.9530290961265564,0.965401093685973
12,4,1,0.8610046717742456,0.8464832578500268,0.8530699610710144,0.8834607964016955,0.8451202905273236,0.8399038296060585,0.8507850766181946,0.8446719653577179,0.8572391911080083,0.8407108219267256,0.8498085141181946,0.8811982372791045,0.85569064406882,0.8450451283910807,0.8448825478553772,0.8771442559600018,0.8493885138431946,0.8390789387908745,0.8619017004966736,0.8471849022420357,0.8600256231416292,0.8540256459247308,0.8552836179733276,0.8707676055268291,0.8605354667551276,0.8359187035377676,0.8698784708976746,0.8758092258299408,0.8518124808020225,0.8291104762418279,0.8655468225479126,0.8607801436163276
13,4,0,0.10965494191525293,0.09962528495367212,0.11853664368391037,0.11080289710817633,0.11271035910942938,0.09881471461843498,0.11949718743562698,0.11981917527422614,0.11085813150332462,0.09779093391099611,0.11406727880239487,0.12071618179658287,0.10806718773732044,0.10094544463102013,0.12034635990858078,0.1029097586723604,0.10530618973216666,0.09868323725992427,0.11383424699306488,0.10340108494351077,0.11211961067113092,0.0991664390170357,0.1276576668024063,0.10953472619395074,0.11547512701977203,0.09857577465608365,0.1283043473958969,0.11954525900733551,0.11213772349726814,0.10095397144400403,0.1187865361571312,0.1166726628906692
14,0,0,0.08219108083354276,0.11119877727527101,0.08870416134595871,0.046670303879398585,0.08998148832715697,0.0981863400808116,0.09566313773393631,0.07609498716672297,0.08256416497730905,0.09811117115821939,0.08906692266464233,0.060514401109065426,0.08132084938361897,0.10363038649350673,0.08117705583572388,0.05915510582162631,0.07702370262663677,0.10596267286357612,0.0889568030834198,0.036151631932914374,0.051233801327684396,0.07882584320755423,0.05074914172291756,0.024126419052581404,0.04625396937658202,0.0702076668760682,0.046006835997104645,0.022547405256573214,0.04424874792386063,0.06524471888015224,0.04766688495874405,0.01983463993268561
15,3,0,0.7666786702087302,0.8098937643964892,0.7578702569007874,0.7322719893289139,0.7708203400476576,0.8087559581900613,0.7712516188621521,0.7324534430907595,0.7590161726975287,0.8053354099743568,0.7740122079849243,0.6977009001333053,0.7739924372138072,0.8075553297191228,0.7714770436286926,0.7429449382936057,0.7904188680067173,0.8113255716747102,0.7915498614311218,0.7683811709143197,0.7826865031494852,0.8084048498813381,0.7950644493103027,0.7445902102568146,0.7883740899604764,0.8213747589872517,0.7916622161865234,0.7520852947076538,0.7926401207157249,0.8082528974881924,0.7941948771476746,0.7754725875113074
16,3,1,0.6970831741876878,0.6168920007927999,0.7408314347267151,0.7335260870435483,0.6768862928445113,0.6005215116512284,0.7076565623283386,0.7224808045539667,0.6664580466865081,0.5902945801316188,0.7120710015296936,0.6970085583982117,0.6956588742831734,0.622896628468415,0.7139267325401306,0.7501532618409747,0.668383641262024,0.5934516621372332,0.7125546932220459,0.6991445684267931,0.6980824027515716,0.6053260430730589,0.7510056495666504,0.7379155156150058,0.709316100667122,0.6063522797603595,0.7857151627540588,0.7358808594869477,0.7146244879912054,0.6535018308260941,0.7971827983856201,0.6931888347619017
17,1,0,0.05700742749185495,0.05689959461144684,0.06888750940561295,0.04523517845850508,0.05828514420527472,0.052667555011390026,0.07240734994411469,0.049780527660319415,0.05677670637686194,0.05560670629640972,0.06649278849363327,0.048230624340542844,0.052785051804848715,0.05459146699563533,0.06695844978094101,0.03680523863796979,0.058105230100597205,0.05735806690918857,0.06816721707582474,0.048790406316778306,0.04571635790212774,0.05084560059121522,0.05271657928824425,0.033586893826923744,0.045028033192314576,0.046782212584565205,0.06732363253831863,0.020978254454059875,0.050638054864119826,0.048335213472322294,0.06249164044857025,0.04108731067146693
18,4,1,0.10124165475602502,0.10235925118898595,0.09550929069519043,0.10585642238389867,0.10883745640955905,0.10143896999850587,0.10457548499107361,0.12049791423909767,0.10084987730623009,0.09874467720028757,0.10502734780311584,0.09877760691528686,0.1043213783546888,0.10084768343963604,0.10686659812927246,0.10524985349515789,0.10709939273609397,0.10141535786567936,0.10243769735097885,0.11744512299162371,0.09474934140912562,0.09066968040084235,0.09457326680421829,0.09900507702231627,0.10109559301825814,0.09820424406031301,0.09944792091846466,0.10563461407599672,0.10092437289856226,0.0977433141286186,0.09547527134418488,0.10955453322288333
19,3,0,0.6973613508661943,0.6638908304124612,0.7250546216964722,0.7031386004896497,0.6920793135648605,0.6582393173830972,0.7197950482368469,0.6982035750746377,0.6969763616469703,0.6622027418181009,0.7331918478012085,0.6955344953216013,0.6929527785046753,0.6543797960555385,0.743509829044342,0.6809687104141451,0.6926258196483447,0.6606280222301594,0.7389861345291138,0.6782633021857609,0.6864889102187877,0.65485713849026,0.7013756036758423,0.7032339884902609,0.7246884251836062,0.7202648157874924,0.7536303400993347,0.7001701196639917,0.7270316593325354,0.7119937581805402,0.7632912397384644,0.7058099800786017
20,0,1,0.6264405401568857,0.6857756501550799,0.5695944428443909,0.6239515274711861,0.6168275817386072,0.6868253933239035,0.5472373366355896,0.6164200152563284,0.6174908578502557,0.6787659469437851,0.5523478984832764,0.6213587281237057,0.6075735908498087,0.6621804529225368,0.5581029057502747,0.6024374138766144,0.6519277263036386,0.6990937665163435,0.5677997469902039,0.6888896654043682,0.6244506626301186,0.6892075329865138,0.5433319807052612,0.640812474198581,0.6345752724705105,0.7024370385751146,0.5367177724838257,0.664571006352591,0.6338110069653188,0.6928264711195995,0.5408459901809692,0.6677605595953877
21,1,0,0.12141562563091803,0.10596658336287833,0.11177445203065872,0.14650584149921703,0.12279966469102212,0.10834013168493176,0.10786175727844238,0.15219710510969223,0.11782025706648214,0.10713679782186059,0.11421468108892441,0.1321092922886614,0.11766070687887054,0.10658988790284196,0.10629530996084213,0.14009692277292754,0.12004810568088752,0.10938355079588309,0.10578013211488724,0.14498063413189222,0.11033039471524432,0.10523394332945622,0.10929634422063828,0.11646089659563846,0.11131090830444823,0.10148693844243707,0.1045992523431778,0.12784653412772984,0.10552765516768858,0.1040540783924828,0.09130379557609558,0.12122509153448732
22,3,1,0.18291657595271818,0.18893209123177465,0.16351749002933502,0.1963001465970448,0.19395278752364173,0.18579738204799492,0.1732354313135147,0.22282554920941558,0.26004093175919407,0.2417899571947659,0.2455625683069229,0.2927702697758934,0.17959151535352255,0.19369025366941725,0.16346807777881622,0.18161621461233415,0.3009982392255481,0.2526918924525085,0.287986695766449,0.36231612945768676,0.19564503182428886,0.20633564968513418,0.17127619683742523,0.20932324895030716,0.1733506424304914,0.16831210317635908,0.15568789839744568,0.1960519257176694,0.26760652302596255,0.23534572448623414,0.23862320184707642,0.32885064274457715
23,1,1,0.7459169498623158,0.7126544248222871,0.7804390788078308,0.7446573459568293,0.7397673963209185,0.7057905618993836,0.7685608267784119,0.7449508002849603,0.7383957457112551,0.7097757671453455,0.7685140371322632,0.7368974328561564,0.7410377927423962,0.7124170601076941,0.7631574273109436,0.7475388908085511,0.7375606828076319,0.7049690912417642,0.7614916563034058,0.7462213008777255,0.7467499427049176,0.7239070522322268,0.780704915523529,0.7356378603589969,0.7352406370470336,0.7029847771412834,0.7682803273200989,0.7344568066797185,0.7574269431901608,0.7376268844140766,0.7763519883155823,0.7583019568408234
24,1,1,0.3633123549696691,0.34266249104505303,0.33693304657936096,0.4103415272845935,0.3671174261533816,0.3431829917908753,0.32830026745796204,0.4298690192113075,0.3580012492373366,0.34852355622158077,0.307930588722229,0.4175496027682002,0.372630317364916,0.3457389816192755,0.332001656293869,0.44015031418160333,0.36808556128360886,0.364076067624639,0.3462122976779938,0.39396831854819364,0.3715975614086302,0.361287270913242,0.34583625197410583,0.4076691613385429,0.35819455747979734,0.3524211000392524,0.319038063287735,0.40312450911240466,0.3581126053149319,0.36628655504017327,0.32015204429626465,0.38789921660835763
25,0,0,0.05104982781934799,0.06347223595446536,0.04146246984601021,0.04821477765756842,0.05367481611684541,0.05735732275331039,0.04688980430364609,0.05677732129357974,0.055875536407352745,0.0591619714398594,0.04904051125049591,0.059424126531702925,0.053690159942123665,0.06030606614719765,0.04697844013571739,0.053785973543455955,0.06060134726845808,0.06490974898255443,0.04636219143867493,0.0705321013841449,0.04558939068859507,0.05066652190171189,0.03493954986333847,0.05116210030073484,0.04288020919595201,0.05050426278398554,0.03889210522174835,0.03924425958212214,0.04803093784840839,0.04953740297056015,0.0390041321516037,0.05555127842306132
26,4,1,0.3160423633981252,0.36168102447522754,0.3205910623073578,0.26585500341179025,0.3429920759156479,0.44748915719241805,0.32615312933921814,0.25533394121530745,0.3094233255506003,0.4143420934981172,0.32245272397994995,0.19147515917373373,0.3153845363541305,0.41757310847647683,0.3114612102508545,0.21711929033506008,0.31679649475404137,0.3779593485466829,0.30658233165740967,0.2658478040580316,0.40707039679104245,0.48782329478892233,0.44251957535743713,0.29086832022676795,0.5137819379567111,0.4447170469642484,0.5820855498313904,0.5145432170744948,0.537241246064521,0.504634134251777,0.6551831960678101,0.45190640787397574
27,0,0,0.11721439952785406,0.10759865849034171,0.1261334866285324,0.11791105346468804,0.11706598811798989,0.10505034009302082,0.12246951460838318,0.12367810965256563,0.11740699582004298,0.10737245820969381,0.12059661746025085,0.12425191179018424,0.11602298680329674,0.10557358945452658,0.12227926403284073,0.12021610692252292,0.1199869334867839,0.10661497583527049,0.12110430002212524,0.13224152460295593,0.1160383853273849,0.11191468865176021,0.1173718050122261,0.11882866231816835,0.11872360794088206,0.11398981740490673,0.11919689178466797,0.12298411463307153,0.1196536251103195,0.11060178775871791,0.12174971401691437,0.1266093735553262
28,2,0,0.37119829982973895,0.39513020753597594,0.3716190755367279,0.346845616416513,0.35422400893545164,0.3961552630865553,0.35580939054489136,0.3107073731749083,0.3655053426671058,0.3890519912684281,0.37508755922317505,0.3323764775097145,0.36729657573461044,0.4053494848052746,0.36484065651893616,0.33169958587962056,0.37690971084962865,0.3861726828176929,0.3218509256839752,0.4227055240472178,0.348093950048397,0.4075616815254476,0.34733787178993225,0.2893822968298111,0.3431604628635099,0.3387280244128097,0.3548356890678406,0.33591767510987924,0.3234304263181047,0.32232197899442794,0.3263598084449768,0.3216094915149093
29,0,1,0.6960713417409116,0.7055240986530582,0.7153869867324829,0.6673029398371935,0.6972853909357978,0.7086958718080092,0.7058924436569214,0.6772678573424625,0.6919553651492624,0.7092492572401681,0.7122918367385864,0.6543250014690326,0.6914967499839045,0.7089618553890857,0.7021587491035461,0.6633696454590815,0.6930005248577081,0.7074888710437456,0.7049095630645752,0.6666031404648036,0.6931034990381967,0.6968795170045988,0.7135878801345825,0.6688430999754086,0.6981351069686098,0.7045581018045747,0.7171737551689148,0.6726734639323403,0.6932963492542292,0.7068713319948217,0.7212364673614502,0.6517812484064159
30,2,0,0.09803946699818498,0.10173464065084495,0.09278376400470734,0.09959999633900266,0.09789630398032168,0.09975457431360538,0.09136238694190979,0.10257195068544987,0.09763548270818838,0.1023789429598331,0.09364547580480576,0.09688202935992629,0.09726015679256252,0.10142035187091243,0.09429460018873215,0.096065518318043,0.09498946178288124,0.10154045917779823,0.09080307930707932,0.09262484686376615,0.1008574045090559,0.1046507369289418,0.09678208082914352,0.1011393957690824,0.10059952248568854,0.10017668895995009,0.09821873158216476,0.1034031469149508,0.09627655761415276,0.09954531906015467,0.09258679300546646,0.09669756077683712
31,0,0,0.6665021802855059,0.6704676215233932,0.6871521472930908,0.6418867720400337,0.6682821491498236,0.6640468149580777,0.6173442602157593,0.7234553722756336,0.646734630886619,0.6478214872369341,0.6526024341583252,0.6397799712645978,0.6536297209014367,0.6441320225222359,0.6632198691368103,0.6535372710452637,0.6204668846173712,0.6537174868431272,0.6335896849632263,0.5740934820457599,0.6215911547107246,0.6102487175993137,0.6519330739974976,0.6025916725353623,0.6325887768731997,0.613533927318989,0.634522557258606,0.649709846042004,0.57340938058047,0.5835084997235087,0.6364327073097229,0.5002869347081783
32,0,1,0.9679810045119658,0.9579534830129229,0.9653894901275635,0.980600040395411,0.9691306787374231,0.9544625281079002,0.9690623879432678,0.9838671201611011,0.965475561596257,0.9569823815830211,0.9633103609085083,0.9761339422972414,0.9700288138846234,0.9586654045817786,0.9681156873703003,0.9833053497017911,0.967926650603955,0.9564839120697824,0.96588534116745,0.9814106985746326,0.9598142663042877,0.9441135027008534,0.9561770558357239,0.9791522403762859,0.9657455941889751,0.9490040399827299,0.9655337333679199,0.9826990092162754,0.9652124146766221,0.9471765990899151,0.963856041431427,0.984604603508524
33,4,1,0.6667139709906139,0.6693553561029026,0.6739269495010376,0.6568596073679017,0.665769138550316,0.6711741885717456,0.682883620262146,0.6432496068170565,0.6716222154699868,0.6692184104293181,0.6887425780296326,0.6569056579510096,0.6660164849683953,0.6703035812084104,0.6890419125556946,0.638703961141081,0.6737811859977995,0.6741105795993853,0.6843737959861755,0.6628591824078379,0.6720091174339494,0.6734021660452372,0.6929959058761597,0.6496292803804515,0.6757374234276341,0.6772194760121257,0.7021156549453735,0.647877139325403,0.6734509302771552,0.6763369568484771,0.7108250260353088,0.6331908079476799
34,3,0,0.11419587641125395,0.14882312089911726,0.10608041286468506,0.08768409546995952,0.1102623247923935,0.15903003597641333,0.10400109738111496,0.06775584101965225,0.10449333859070438,0.14917347693909744,0.09759655594825745,0.06670998288475824,0.11813440116313882,0.1603118890576595,0.10756706446409225,0.08652424996766474,0.10812581095072615,0.15037697796390395,0.10938329994678497,0.06461715494148959,0.10397688967142028,0.14076582524235434,0.10207244753837585,0.06909239623353065,0.0960803776441066,0.10720008375391488,0.10634922981262207,0.07469181936578283,0.09121767598612895,0.11559483464945051,0.0994623526930809,0.05859584061585545
35,0,0,0.48691230261649654,0.4867039966561379,0.5195883512496948,0.4544445599436569,0.509317195735646,0.511296555269812,0.5292829275131226,0.48737210442400347,0.49569696566968374,0.49586335787427205,0.5397297143936157,0.45149782474116357,0.494245122440615,0.49611448982239637,0.5145031213760376,0.47211775612341106,0.4993628853750914,0.5130248052457531,0.5460045337677002,0.43905931711182095,0.5493104262892382,0.5487486286880005,0.6197211742401123,0.47946147593960187,0.5546495329083446,0.5427574959111532,0.5781086087226868,0.543082494091194,0.5469975995717458,0.5765650363320304,0.6328724026679993,0.4315553597152077
36,1,0,0.2906917793174714,0.2739379483520414,0.2888154089450836,0.30932198065528915,0.28315951030433945,0.289260219696131,0.28117385506629944,0.2790444561505879,0.26924432387347,0.2846450374138784,0.26553311944007874,0.25755481476645287,0.27515834517387616,0.280541018106976,0.2740512490272522,0.2708827683874002,0.2776063464288668,0.2842836568506012,0.26961737871170044,0.27891800372429865,0.3200549976376313,0.3142368561561739,0.3143553137779236,0.33157282297879637,0.29982448347932217,0.3115152212589898,0.301840603351593,0.28611762582738365,0.31713528197417884,0.30213530595738025,0.3511785566806793,0.2980919832844769
37,2,1,0.0991455120868983,0.10167874727552195,0.09557884931564331,0.10017893966952965,0.10236134614045088,0.10128172320970621,0.10296680778265,0.1028355074289964,0.1014522367516363,0.10321146849977293,0.09945816546678543,0.10168707628835057,0.10075452277420392,0.10072128918116859,0.1022501289844513,0.09929215015699189,0.10146734770311394,0.10403154760386106,0.10073123872280121,0.09963925678267951,0.10169821812002493,0.10783854177833083,0.09252235293388367,0.10473375964786026,0.10535386788906725,0.1004020977503017,0.10303652286529541,0.11262298305160463,0.09767405206734507,0.10074611758853003,0.09953390061855316,0.09274213799495201
38,4,0,0.10884792413105217,0.09962528495367212,0.11668294668197632,0.11023554075750808,0.11235107611392094,0.09881471461843498,0.12141253799200058,0.11682597573132725,0.10858807197408228,0.09779093391099611,0.11592941731214523,0.11204386469910552,0.10843737104380645,0.10094544463102013,0.12228818982839584,0.10207847867200336,0.10568043942561932,0.09868323725992427,0.11383424699306488,0.10452383402386879,0.11106708827918776,0.0991664390170357,0.12545403838157654,0.10858078743895104,0.11176164120190189,0.09857577465608365,0.12607552111148834,0.1106336278381337,0.10997861112996325,0.10095397144400403,0.11673662811517715,0.11224523383070856
39,3,0,0.6042091159565203,0.574056500120731,0.5890817046165466,0.649489143132283,0.5885806601514169,0.5749633133152052,0.5992950797080994,0.591483587430946,0.596914238388624,0.5763595191874749,0.5948134064674377,0.6195697895109596,0.6089716759106681,0.5705761502719948,0.6136564612388611,0.6426824162211483,0.5903357482491453,0.5618998780348445,0.5957979559898376,0.6133094107227536,0.5384818435909735,0.5405908458342933,0.5168535709381104,0.5580011140005171,0.5135163023633789,0.5015386544129519,0.5246416926383972,0.5143685600387874,0.495719696893325,0.47695263479484523,0.474312961101532,0.5358934947835978
40,1,1,0.8436266409331156,0.850921457721094,0.8073621392250061,0.8725963258532468,0.8401940449543127,0.8447406161797453,0.8183801770210266,0.8574613416621663,0.8450713406463977,0.8475292031448816,0.8187193274497986,0.8689654913445128,0.8632997445615599,0.8466407913762554,0.8352153301239014,0.9080431121845229,0.8415800762073345,0.8452583520333238,0.8198524117469788,0.8596294648417013,0.909990591946761,0.9002618212049937,0.8945196270942688,0.9351903275410204,0.9046082640986773,0.8742216468745431,0.9046313166618347,0.9349718287596542,0.9037734744874828,0.8883738413223417,0.8894374370574951,0.9335091450826115
41,1,0,0.5650496792194609,0.47644459208229073,0.6023524403572083,0.616352005218884,0.5596311898189837,0.4723049984203095,0.60466068983078,0.6019278812058617,0.5555935024709223,0.46644022798276785,0.592283308506012,0.6080569709239874,0.5633208254898967,0.47093004776549546,0.6079590320587158,0.6110733966454789,0.574232676839374,0.4919026747249306,0.6054173111915588,0.6253780446016324,0.6241437077256983,0.5913864523930359,0.6338273882865906,0.6472172824974683,0.6390636066325825,0.6121056474232337,0.6573904156684875,0.6476947568060263,0.6436597317798372,0.5947492873137661,0.6605297923088074,0.675700115716938
42,4,0,0.8483007073302392,0.8609711992209889,0.8658501505851746,0.818080772184554,0.8528703718474384,0.8611219098845958,0.8790385127067566,0.8184506929509626,0.8510665396309333,0.8538975034981143,0.8764986991882324,0.8228034162064533,0.8482413402057029,0.8611895887952151,0.8774068355560303,0.8061275962658628,0.8495723971279553,0.8612810027557507,0.8921903967857361,0.795245791842379,0.8301221934325017,0.8601865166758357,0.8818641304969788,0.7483159331246907,0.8149779488199999,0.8128993058736366,0.8624575734138489,0.7695769671725141,0.8070832642474124,0.8329277830996776,0.8501276969909668,0.7381943126515925
43,1,0,0.1257060937974965,0.1316153407864203,0.1281585693359375,0.11734437127013171,0.12515160214489587,0.13209405902831398,0.12512245774269104,0.1182382896636826,0.1261535987362986,0.12926222136992777,0.1287408024072647,0.12045777243170333,0.13042215526753542,0.1345320480104545,0.13017962872982025,0.12655478906233156,0.12041356339966612,0.12451875019079636,0.11292333155870438,0.1237986084494976,0.12501922655610173,0.12446866711166828,0.13234342634677887,0.11824558620985803,0.12703273529535294,0.1251915668091346,0.13351216912269592,0.12239446995422837,0.12371142932862537,0.12845443095004927,0.12043829262256622,0.1222415644132606
44,0,1,0.9585974648155853,0.9576143181422293,0.9628384709358215,0.9553396053687051,0.958935636384593,0.9599780260109498,0.9595531225204468,0.9572757606223824,0.9572822798301465,0.9569266838980733,0.9585837721824646,0.9563363834099013,0.9622947374446986,0.9602075309257412,0.9573400616645813,0.9693366197437733,0.9579621386845903,0.9575389957431162,0.9566402435302734,0.9597071767803816,0.9585462382985549,0.9476440998047815,0.9650335311889648,0.9629610839019185,0.9598193972636677,0.9541802497464819,0.9636910557746887,0.9615868862698326,0.9587915740200037,0.9545544060506328,0.9576387405395508,0.9641815754698275
45,4,1,0.668852340221158,0.6768002385549001,0.680031418800354,0.64972536330822,0.6567990360324699,0.6711741885717456,0.6863712072372437,0.6128517122884208,0.667940701741225,0.6692184104293181,0.6985123157501221,0.6360913790442351,0.6669804134619198,0.6703035812084104,0.6987369656562805,0.6319006935210686,0.6694988467937112,0.6741105795993853,0.6920931935310364,0.6422927672507123,0.6770520657430872,0.6905692597209268,0.698436975479126,0.6421499620292086,0.6689875385539978,0.6772194760121257,0.6875342726707458,0.642208866979122,0.6762771213853175,0.6858575032135791,0.7075413465499878,0.6354325143923852
46,0,0,0.09866782872522994,0.09899129071459059,0.09753850847482681,0.09947368698627243,0.09821228701354823,0.10068562274900136,0.10512801259756088,0.08882322569408241,0.10166949751000416,0.09761098411298101,0.10560890287160873,0.10178860554542275,0.10312026018522132,0.09879954620743814,0.10159780085086823,0.10896343349735763,0.10116658777424602,0.10008690477272558,0.10459011048078537,0.0988227480692271,0.11218044111237811,0.10664189246423249,0.11127085983753204,0.11862857103536978,0.10955309189823581,0.10619943108815388,0.10823222994804382,0.1142276146585097,0.10529034223464027,0.09942110259318085,0.11171713471412659,0.10473278939661336
47,4,0,0.13493982940599736,0.1258638843318328,0.14336775243282318,0.13558785145333607,0.13336233873360961,0.12693113361215633,0.14014938473701477,0.13300649785165777,0.13333586719242818,0.12852286268149832,0.13678506016731262,0.13469967872847363,0.13149401740926053,0.12943300517334905,0.14238741993904114,0.12266162711539141,0.13308804308158284,0.1290778508640048,0.13415947556495667,0.13602680281578708,0.12457248397577003,0.12426021288421037,0.13196952641010284,0.11748771263299693,0.11886395119955913,0.11343636367531612,0.12493351846933365,0.1182219714540276,0.11934980948761754,0.11743006523490053,0.11710035055875778,0.12351901266919434
48,2,1,0.670462231323746,0.666585586560725,0.6779426336288452,0.666858473781668,0.6744949097894867,0.6772240417413619,0.6963770985603333,0.649883589066765,0.670748096708922,0.6672714269060877,0.6826429963111877,0.6623298669094904,0.6768710121507007,0.6724845322117358,0.693729043006897,0.6643994612334692,0.6691124203627153,0.6661613090029277,0.6828728318214417,0.6583031202637767,0.6681609030766392,0.6725737751661127,0.6775631308555603,0.6543458032082449,0.667304721034363,0.6729146559065836,0.6780024766921997,0.6509970305043055,0.6783977575446158,0.6799150672604525,0.6855928301811218,0.669685375192273
49,1,0,0.12825800431831663,0.15842980859318606,0.10623288154602051,0.12011132281574333,0.13006016654422628,0.161171633048246,0.10640376061201096,0.12260510597242186,0.13149488338403237,0.15103604218106464,0.10843660682439804,0.1350120011466344,0.13117260832182662,0.16121547465702427,0.11230167001485825,0.12000068029359731,0.1341004058831302,0.15330398154311475,0.1105939969420433,0.13840323916423258,0.12133157570205688,0.12815831081957546,0.10492188483476639,0.1309145314518288,0.12616590625302512,0.1348034721317402,0.12954294681549072,0.11415129981184438,0.12941312777118216,0.12859943315382905,0.1188046783208847,0.14083527183883268
50,2,0,0.6289115930781737,0.6312710232810601,0.6329027414321899,0.6225610145212711,0.649728706396505,0.6222779883294158,0.6511868834495544,0.6757212474105451,0.6616906381416613,0.63541915081852,0.6674897074699402,0.6821630561365237,0.6410252014377734,0.6501141810456714,0.6440373063087463,0.6289241169589025,0.6375218681544477,0.6267690709317922,0.6350459456443787,0.650750587887172,0.5884303073399807,0.6028234602963886,0.5694978833198547,0.5929695784036987,0.5714908726510283,0.5986748926183193,0.5448685884475708,0.5709291368871948,0.5847164699518709,0.6056573620442877,0.5573684573173523,0.5911235904939726
51,4,0,0.0496647068623162,0.05819859451316353,0.04623467102646828,0.044560855047316786,0.050316228341247105,0.053214879926623326,0.05283507704734802,0.04489872804976997,0.048225020495691905,0.053620921820854546,0.04593869671225548,0.04511544295396569,0.04598382020892308,0.05189484392463957,0.04708903655409813,0.03896758014803155,0.05416571038669266,0.05530856724900638,0.05993467569351196,0.047253888217559666,0.05525015377092151,0.06304397793486378,0.05732734873890877,0.04537913463899198,0.05304883310410905,0.059135163177170665,0.05454639345407486,0.045464942681081644,0.05411188340798934,0.058153770921794544,0.06409221142530441,0.04008966787686907
52,4,0,0.10480370579721628,0.09962528495367212,0.10822805017232895,0.10655778226564777,0.10589588628516537,0.09881471461843498,0.11350522190332413,0.105367722333737,0.1065693861846625,0.09779093391099611,0.11083895713090897,0.1110782675120824,0.10561447394010336,0.10094544463102013,0.11127527058124542,0.1046227066080445,0.10357816570172955,0.09868323725992427,0.10656792670488358,0.1054833331403808,0.10888096681119529,0.10040734960303203,0.11426249891519547,0.11197305191535835,0.10759680541215955,0.09857577465608365,0.11481793969869614,0.10939670188169884,0.10585840289100718,0.10095397144400403,0.1023414134979248,0.11427982373109269
53,1,1,0.958955162882333,0.949012561837723,0.954271137714386,0.9735817890948901,0.9566111370473404,0.9481680771237208,0.9503012895584106,0.9713640444598899,0.9612890652617295,0.9517450754753599,0.9456957578659058,0.9864263624439229,0.9611080042714811,0.949100343338896,0.9531367421150208,0.9810869273605265,0.9635440616772,0.9526923083580413,0.9574323892593384,0.9805074874142203,0.9601280014362384,0.9422851381665541,0.9575857520103455,0.9805131141318155,0.9618271071565326,0.9447545099896718,0.9642409682273865,0.9764858432525396,0.9651548793265018,0.9478666839889974,0.9624752402305603,0.9851227137599476
54,0,1,0.8518778961251181,0.8747931604469344,0.8739808201789856,0.8068597077494343,0.8517896797581255,0.8747543846453874,0.8781795501708984,0.8024351044580904,0.8590017206214341,0.8765933265426017,0.879524290561676,0.8208875447600243,0.8631591317014241,0.8753924619902906,0.8868123292922974,0.8272726038216845,0.8533252629737188,0.8727934991533259,0.8679876923561096,0.819194597411721,0.8755564331781915,0.8985562555601337,0.9111372232437134,0.8169758207307278,0.8627232670353245,0.873443770892998,0.8910738825798035,0.8236521476331723,0.8629006943846799,0.8739971586236229,0.8902217745780945,0.8244831499523224
55,2,0,0.24020855367159197,0.22519136984709504,0.2265906035900116,0.2688436875776692,0.2330561328315964,0.22508881352152812,0.2202620953321457,0.25381748964111545,0.22515480111925434,0.21110595424636994,0.22393275797367096,0.24042569113772214,0.22716085679702958,0.2003034044211366,0.22661767899990082,0.25456148697005127,0.2203288918416104,0.21764596661792726,0.22134283185005188,0.22199787705685203,0.23003745353825777,0.20970700799000083,0.2514360547065735,0.228969297918199,0.2124820681826045,0.17907704484204173,0.2462502121925354,0.21211894751323634,0.21072596568657412,0.1935749564958137,0.2052479386329651,0.2333550019309436
56,0,1,0.2187368764646496,0.19742680489861755,0.2190714180469513,0.23971240644838,0.2195100296135363,0.19648488686606463,0.19767792522907257,0.2643672767454717,0.22461861989576207,0.1871053341015817,0.22333568334579468,0.26341484223990985,0.21834131346006633,0.1919620792595067,0.21133968234062195,0.25172217878007025,0.22046385297421747,0.1832249693854733,0.21346110105514526,0.26470548848203385,0.2060739193304344,0.16940382213572303,0.1981184482574463,0.2506994875981338,0.21682846959673638,0.17960856371033782,0.22034117579460144,0.2505356692852698,0.21422432651463397,0.1693997481949747,0.20239509642124176,0.2708781349276855
57,1,1,0.8730445810242434,0.897992734485009,0.8828656673431396,0.8382753412445815,0.8687335396146544,0.8949288297733816,0.8674052953720093,0.8438664936985718,0.8774815348701428,0.9002581795885226,0.8771568536758423,0.8550295713460634,0.8765478960788528,0.897690653967818,0.8743883967399597,0.8575646375287803,0.8666362440089147,0.8995224739709463,0.881832480430603,0.8185537776251951,0.8710336472596811,0.8990854003095535,0.8746367692947388,0.8393787721747513,0.868406307444292,0.8878969828915851,0.868201494216919,0.8491204452243722,0.8701464812323675,0.8889629259502109,0.8748603463172913,0.8466161714296002
58,4,0,0.14755902900565723,0.178427182798648,0.14997036755084991,0.11427953666747377,0.15809845120610203,0.20498895397605615,0.1507669985294342,0.11853940111281576,0.16222686964160515,0.22584157641496744,0.14665617048740387,0.11418286202244413,0.16424153497382243,0.23236041571776292,0.14428529143333435,0.11607889777037007,0.1537522426643698,0.17919505004533068,0.14321696758270264,0.13884471036507612,0.13942928953973702,0.16110648112605913,0.1448938101530075,0.11228757734014438,0.14570221249338858,0.18863529171982438,0.13887135684490204,0.1095999889154393,0.1367420296973194,0.14207440613060868,0.13512809574604034,0.13302358721530919
59,2,1,0.9598582399706754,0.9427406757257087,0.9702126383781433,0.966621405808174,0.9573535202645513,0.9437304645553878,0.9667488932609558,0.9615812029773103,0.9578414458234716,0.9457311415316804,0.9643222093582153,0.9634709865805192,0.9590425860323012,0.9424137850779813,0.9645981192588806,0.9701158537600415,0.95829095080185,0.9424552142233042,0.9653016924858093,0.9671159456964364,0.9543740762437914,0.94716658903252,0.9655073881149292,0.9504482515839251,0.956277176393332,0.9459051651502367,0.9682967066764832,0.9546296573532762,0.9581617554623287,0.9476415583229285,0.9715951681137085,0.9552485399503492
60,4,0,0.04263169623750321,0.0537337371719013,0.04508424922823906,0.02907710231236927,0.0428842713512337,0.048685668847539214,0.04783843830227852,0.03212870690388336,0.043698833569592775,0.051754993967148596,0.04326247796416283,0.036079028777466896,0.043117570183567926,0.05330678190441794,0.046934824436903,0.029111104209382826,0.05082919128606248,0.054187941291305414,0.05119597539305687,0.04710365717382518,0.0547761711677321,0.06669266095343498,0.055140912532806396,0.04249494001695492,0.04901617042589249,0.06963343751644512,0.04335091635584831,0.03406415740538407,0.05091458390566742,0.06810073307604375,0.04955412074923515,0.035088897891723383
61,0,0,0.13342933911199847,0.1340520479981516,0.14243611693382263,0.12379985240402121,0.13792134259460764,0.13971381174177588,0.13989301025867462,0.13415720578337245,0.12282094809472266,0.11821122296262594,0.1255662590265274,0.12468536229501465,0.12808409649615318,0.13163964901014646,0.12327351421117783,0.12933912626713523,0.13866730863692361,0.1416048007693003,0.13849632441997528,0.1359008007214953,0.12915742453181508,0.1273284344353096,0.12624754011631012,0.13389629904382552,0.13057977992066144,0.13029947930964958,0.12569916248321533,0.13574069796911942,0.13169961481335127,0.1305745118767708,0.1277831494808197,0.13674118308246333
62,1,1,0.9605468721370877,0.94641580394969,0.9629366397857666,0.9722881726758065,0.9618110297982413,0.9462637295419565,0.9654167890548706,0.9737525707978969,0.9621559361862665,0.9466638607609037,0.9646853804588318,0.9751185673390642,0.9650042755830975,0.9469212671199597,0.9646831750869751,0.9834083845423576,0.9590559539201428,0.94477299999122,0.9641286730766296,0.9682661886925789,0.9638606479864422,0.942992655473326,0.968288004398346,0.9803012840876545,0.9626805016032342,0.9424648239957883,0.9652835130691528,0.9802931677447614,0.9614491781428498,0.9406787487552337,0.9572785496711731,0.9863902360021426
63,1,0,0.37421087669712766,0.3329420167675454,0.3453114926815033,0.44437912064233415,0.3576172993697511,0.3159035124898891,0.33953404426574707,0.4174143413536172,0.3728639707541597,0.3537062102179197,0.3687695860862732,0.3961161159582863,0.3524018305529255,0.32589292203378045,0.35609495639801025,0.37521761322698577,0.3574514309962964,0.3396572343199134,0.34621554613113403,0.3864815125378418,0.3787393994436567,0.35914444255461425,0.35409975051879883,0.42297400525755696,0.3290132147614558,0.3426762602345902,0.31095200777053833,0.3334113762792388,0.3450330315808136,0.3313238096349358,0.3304031789302826,0.3733721061772223
64,0,0,0.051313030002939845,0.06192704225068894,0.053572315722703934,0.038439732035426645,0.055937961160137516,0.06041614622078608,0.05548804625868797,0.05190969100093849,0.05399602445211776,0.05769498891895173,0.05604638531804085,0.048246699119360685,0.05282199746203417,0.060063064797766956,0.053108181804418564,0.04529474578391699,0.05597062989911419,0.06562538542025606,0.054130181670188904,0.04815632260689759,0.0392898496963363,0.046745202962320466,0.040306899696588516,0.030817446430099933,0.038150765512903806,0.046406841918092426,0.042272359132766724,0.025773095487852265,0.04272712130542337,0.0475407490434259,0.03907736763358116,0.04156324723926304
65,0,0,0.31895315388312184,0.3474624808857043,0.341750830411911,0.26764615035175016,0.3104080674605782,0.3312983336545112,0.32601606845855713,0.27390980026866624,0.29370914326450803,0.3067182066559513,0.3133491575717926,0.26106006556578026,0.33409571516596115,0.34098260436682293,0.35184478759765625,0.3094597535334043,0.27593646415081646,0.29375457423511897,0.31783437728881836,0.21622044092851203,0.3202029117013616,0.3093514215254141,0.3369406461715698,0.3143166674071009,0.32395458763121227,0.34422680989592536,0.32964444160461426,0.2979925113930971,0.27449782135003487,0.2973573740105506,0.29822757840156555,0.22790851163798848
66,3,1,0.91202563038431,0.9053698549374245,0.9071287512779236,0.9235782849375819,0.9001506775670105,0.905826138854711,0.8923872709274292,0.9022386229188915,0.9076982057511631,0.9013360567931726,0.9004310369491577,0.921327523511159,0.9105255832907915,0.9049114600292771,0.9019830226898193,0.9246822671532777,0.8866519344187346,0.9054046549398486,0.89122074842453,0.8633303998918251,0.9129294635394577,0.9137777520218394,0.9011275172233582,0.9238831213731756,0.9193095658015965,0.9162807875568542,0.9127805233001709,0.9288673865477648,0.9131292534785577,0.9075151612671553,0.9144875407218933,0.9173850584466242
67,0,1,0.8543909433387471,0.8608527285203526,0.8720990419387817,0.8302210595571071,0.8463576001743335,0.8688882886067447,0.8583453893661499,0.8118391225501055,0.8607035871716263,0.8646198390676134,0.856994092464447,0.8604968299828184,0.8596027735984831,0.8615215375042806,0.8677752614021301,0.8495115218890384,0.8520254297136615,0.8606257460981769,0.8387402892112732,0.8567102538315345,0.8656444296837255,0.8667397829277144,0.9024937152862549,0.8276997908372069,0.858969384325558,0.8489792317321624,0.883304238319397,0.8446246829251146,0.8676204876197446,0.8618798487975813,0.8732276558876038,0.8677539581740491
68,1,0,0.10743375219128037,0.1118001778451932,0.10121098905801773,0.1092900896706302,0.10195318333352461,0.10976570655458999,0.10139213502407074,0.09470170842191314,0.10861074858451585,0.11136869003903203,0.1043490320444107,0.11011452367010476,0.10751110485604858,0.11182463355058188,0.10345754772424698,0.1072511332933169,0.10917804761006689,0.10905113580443877,0.10334360599517822,0.11513940103058369,0.11053454323594629,0.10969712448104553,0.1040453165769577,0.11786118864983561,0.10843423834730202,0.11103908479577304,0.09852445125579834,0.11573917899033467,0.10747444521134679,0.10926803030525671,0.0962657630443573,0.11688954228442633
69,0,1,0.05371074429878122,0.05400276667597338,0.04248138517141342,0.06464808104895686,0.05527440975691721,0.05051569513484393,0.047600287944078445,0.06770724619182926,0.05737866706445624,0.05118658291976485,0.04980635270476341,0.07114306556884045,0.051803423897484546,0.05210606373867101,0.0457020029425621,0.05760220501122053,0.051540691450859606,0.054667772671533006,0.047628581523895264,0.052325720157150556,0.062326697256501064,0.05755640755696749,0.0529337041079998,0.07648998010453592,0.06919773659906987,0.06137713213324507,0.06539703905582428,0.08081903860814026,0.06517184748341488,0.061968542873224175,0.06263082474470139,0.07091617483231909
70,3,0,0.07922146099213595,0.07879074229658654,0.06818797439336777,0.09068566628645353,0.08092362250666808,0.08184720580559442,0.07060415297746658,0.09031950873694326,0.07820969520565163,0.0849590377657361,0.06932055205106735,0.08034949580015142,0.07321946144046515,0.08051331066166578,0.06667385250329971,0.07247122115642995,0.08062986649901342,0.08319102068728099,0.0728161409497261,0.08588243786003316,0.07712419630209144,0.08412693614838586,0.06927494704723358,0.07797070571065491,0.08486197737774837,0.08393366943943992,0.07025846838951111,0.10039379430429404,0.08105240250885086,0.08287312520000566,0.07226208597421646,0.08802199635233042
71,4,0,0.10645174272044665,0.10235925118898595,0.10973642766475677,0.10725954930759721,0.11813445819222897,0.10143896999850587,0.11723687499761581,0.1357275295805652,0.1013958325997014,0.09874467720028757,0.11087985336780548,0.09456296723101115,0.10895533125033835,0.10084768343963604,0.12174703180789948,0.10427127850347954,0.1109207007642129,0.10141535786567936,0.11532926559448242,0.1160174788324769,0.10852062576608652,0.09778775048696184,0.11424895375967026,0.11352517305162749,0.11069968678770226,0.09820424406031301,0.11363901197910309,0.12025580432369062,0.10790619042018029,0.10009151127247806,0.10899028182029724,0.11463677816776557
72,1,0,0.042062395157429405,0.05938203538627033,0.034079715609550476,0.03272543447646741,0.04389057249496694,0.05571468472935473,0.036716777831315994,0.03924025492423007,0.04276231749877744,0.05899092787050398,0.03289923071861267,0.03639679390721569,0.043788410299055607,0.05802285519228155,0.03550338372588158,0.03783899197900369,0.04197018185821857,0.05738209849445875,0.031839754432439804,0.03668869264775716,0.033776319362188036,0.04716533196105937,0.030784284695982933,0.02337934142952181,0.03498385915001358,0.04453163285656542,0.03419666737318039,0.026223277220294924,0.03556309803016573,0.04304258593780919,0.03587384894490242,0.02777285920778559
73,1,0,0.1993025071442863,0.17151751128820297,0.2382771521806717,0.18811285796398414,0.1834330971727213,0.15996962294172454,0.207811176776886,0.18251849179955343,0.19817121416878802,0.16538025664903025,0.22535009682178497,0.20378328903554888,0.21297255392816453,0.16418982771843915,0.23576326668262482,0.2389645673834296,0.22187913167535225,0.16249563146502777,0.18372662365436554,0.31941513990666354,0.16491693263617954,0.17751712781900897,0.15079262852668762,0.16644104156284206,0.17974898852116547,0.18210649420229486,0.17296847701072693,0.18417199435047454,0.18751931098323973,0.17368249946535141,0.17514318227767944,0.2137322512066884
74,3,0,0.09510001119501343,0.09203011663062007,0.08957581222057343,0.10369410473384683,0.0997331461236165,0.09119545775326027,0.09279648959636688,0.11520749102122234,0.08948019895491666,0.08896789192069102,0.081945039331913,0.09752766561214596,0.08935576659629545,0.09166666812721003,0.08210116624832153,0.09429946541335478,0.09608991867337331,0.09270315948415055,0.0965612530708313,0.0990053434651381,0.09190720165160687,0.08699400531352863,0.08709785342216492,0.10162974621912707,0.08917700440046687,0.08443913330106582,0.0821404829621315,0.10095139693820325,0.09064155173049308,0.08310537196423341,0.08764500170946121,0.1011742815177846
75,2,1,0.32745837554822915,0.3355091108982116,0.3015725910663605,0.3452934246801154,0.3122617356115976,0.33457298771739197,0.25392380356788635,0.34828841554951456,0.30375830870632725,0.32938677791015786,0.291769802570343,0.29011834563848093,0.320248164516028,0.3671040090757383,0.27599143981933594,0.31764904465300986,0.29230556921978706,0.31250786175599027,0.2728915214538574,0.29151732444951345,0.2910022399399314,0.3196835777615996,0.3204509913921356,0.23287215066605887,0.2817905764296998,0.27106338013782405,0.32011139392852783,0.2541969552227475,0.2849542944984608,0.23776899478219538,0.3240485191345215,0.2930453695786656
76,0,0,0.11719270079275439,0.10225418094693389,0.12208231538534164,0.12724160604598764,0.11259494636219185,0.1039355238283157,0.11740810424089432,0.11644121101736553,0.10634268919617677,0.10380570784380884,0.10673448443412781,0.1084878753105937,0.11074914821324351,0.10326610575069896,0.10915341228246689,0.11982792660656474,0.11432487844419204,0.10482808934728317,0.1125156506896019,0.12563089529569108,0.11294580407120558,0.1059366180099896,0.1163589209318161,0.11654187327181106,0.10893629201666594,0.10391415721891305,0.11675523966550827,0.10613947916557649,0.11182650796416042,0.10155487991742689,0.11166840046644211,0.12225624350861222
77,1,0,0.10274214418262233,0.10694554713370108,0.09562119841575623,0.10565968699840966,0.09689609148670349,0.10419401980973239,0.09019093960523605,0.09630331504514204,0.10323896993228422,0.10570462579756995,0.09858791530132294,0.10542436869795978,0.10289925781819191,0.1061728439863896,0.0969819575548172,0.1055429719133689,0.0993746259832249,0.10426406785907397,0.09266670793294907,0.10119310215765166,0.10349983789610107,0.10676137973093909,0.09908777475357056,0.10465035920379358,0.10617130908975399,0.10583585693110474,0.10125638544559479,0.11142168489256243,0.1031069558846212,0.10789729350860285,0.09846925735473633,0.10295431679052443
78,3,0,0.08333756299928964,0.08425684924125944,0.07251159101724625,0.09324424873936327,0.08183347412618948,0.08405190052487561,0.07277196645736694,0.08867655539632589,0.08423049850568141,0.0849590377657361,0.07737313956022263,0.09035931819108549,0.08299475799545208,0.08391478788710197,0.07426082342863083,0.09080866267062346,0.0837598845522689,0.08622438698669702,0.07844318449497223,0.08661208217513748,0.08255079359431626,0.08412693614838586,0.07626461237668991,0.08726083225787301,0.08483776050586271,0.08393366943943992,0.0776573196053505,0.09292229247279774,0.080392729968621,0.08287312520000566,0.07436472177505493,0.08394034293080237
79,1,1,0.9400678844129859,0.9407712203344855,0.9472712874412537,0.9321611454632187,0.9426071086791795,0.9405335575809594,0.940245509147644,0.9470422593089348,0.9474208784130594,0.9461604615923372,0.9492030143737793,0.946899159273062,0.9417537669185823,0.9390971251469135,0.9471800327301025,0.9389841428787308,0.942548485583547,0.9397250261968002,0.9493237137794495,0.938596716774391,0.9429510523813317,0.9397396411755248,0.93992018699646,0.9491933289720106,0.9432059434236736,0.9430977210460927,0.9418777227401733,0.9446423864847544,0.9386192314157892,0.9414139034924355,0.9403160214424133,0.9341277693125187
80,0,1,0.7654028902817568,0.7607941698101625,0.7400464415550232,0.7953680594800847,0.7542566121295521,0.7639238981967348,0.7146462202072144,0.7841997179847068,0.7581540815034006,0.7764808777813154,0.7178056240081787,0.7801757427207074,0.7598239955854992,0.7728171606216008,0.7329462766647339,0.7737085494701628,0.764231811142522,0.7780455751517695,0.7434282898902893,0.7712215683855072,0.7993032662959508,0.8164078975226828,0.7617300748825073,0.8197718264826626,0.8544616229825297,0.8590274287312093,0.8166578412055969,0.8876995990107827,0.8647600426176106,0.8508853268401829,0.8487030267715454,0.8946917742411036
81,4,0,0.09465463313969984,0.09812772195989194,0.08732817322015762,0.09850800423904993,0.09208457948561095,0.0952515400835002,0.08655864000320435,0.09444355837012836,0.09258941749339065,0.09609144096580256,0.08514971286058426,0.0965270986537851,0.0942965843722476,0.09580170489807148,0.08659432828426361,0.10049371993440767,0.09108546747552974,0.09698098088012692,0.08369208872318268,0.09258333282327964,0.09556809191758202,0.09778775048696184,0.08691129088401794,0.10200523438176629,0.09760206106625745,0.09711653865359617,0.08816706389188766,0.1075225806532885,0.09630811467847293,0.09721046586394953,0.08498714119195938,0.10672673697950985
82,4,1,0.10957026085177451,0.10235925118898595,0.12655682861804962,0.09979470274828797,0.116970696164773,0.10313586402787682,0.13838623464107513,0.109389989825367,0.11114356380278867,0.10040799806742985,0.1330391764640808,0.09998351687685533,0.11561229177796162,0.102524217183806,0.13762588798999786,0.10668677016008098,0.11430761219634249,0.10141535786567936,0.13811320066452026,0.10339427805882787,0.11050640972404191,0.09778775048696184,0.13362988829612732,0.10010159038903658,0.11243665086234171,0.09820424406031301,0.13017235696315765,0.10893335156355441,0.11247361727174197,0.10009151127247806,0.13027890026569366,0.10705044027705417
83,4,1,0.6692545219512255,0.6693553561029026,0.6739269495010376,0.6644812602497365,0.6650989991475384,0.6711741885717456,0.682883620262146,0.6412391886087238,0.6716443617434287,0.6692184104293181,0.6887425780296326,0.6569720967713355,0.666036938484094,0.6703035812084104,0.6890419125556946,0.6387653216881769,0.6697352080938007,0.6741105795993853,0.6843737959861755,0.6507212486958418,0.6774676902210314,0.6831462830055933,0.6972485184669495,0.6520082691905511,0.6757374234276341,0.6772194760121257,0.7021156549453735,0.647877139325403,0.6751793348214212,0.6858575032135791,0.7108250260353088,0.6288554752153759
84,4,0,0.3035555612132101,0.30859011163414124,0.27464550733566284,0.32743106466982613,0.3081534118235864,0.3190610060417854,0.26380467414855957,0.3415945552804143,0.28233555183547804,0.2989276325152067,0.26090919971466064,0.2871698232765668,0.3124331631027528,0.327453694872888,0.26789408922195435,0.34195170521341617,0.2920235687529436,0.30112853397249706,0.2639200687408447,0.31102210354548915,0.3120709216016581,0.328053686100268,0.26336392760276794,0.34479515110193837,0.30542944656434545,0.32362963594525024,0.2451544851064682,0.3475042186413179,0.2832972123660775,0.31647375755287077,0.2348577082157135,0.2985601713296483
85,4,1,0.8732271138566308,0.8898804224070076,0.8608904480934143,0.8689104710694702,0.855480907313849,0.8908574042421253,0.8646256923675537,0.8109596253318679,0.8683637868610968,0.8926500875663698,0.8728666305541992,0.8395746424627214,0.8760861321964951,0.8961533149802791,0.8741835951805115,0.8579214864286946,0.8592136235174967,0.8859142663857592,0.8530763983726501,0.8386502057940806,0.8717960377638692,0.889123041537717,0.8726216554641724,0.8536434162897184,0.8620861348671177,0.8844395860507378,0.8676661849021912,0.8341526336484245,0.8516364712076481,0.8756020209901922,0.8628117442131042,0.8164956484196478
86,1,1,0.6411458289272711,0.6279281340325,0.6579493880271912,0.6375599647221223,0.6115929437585087,0.63204692880135,0.6361947059631348,0.5665371965110416,0.6201493448583278,0.6447291943537258,0.6527453064918518,0.5629735337294061,0.6267321720446478,0.6232444050518471,0.6470853686332703,0.6098667424488262,0.6296514029434817,0.6491955830063452,0.6247875690460205,0.6149710567780793,0.5040211603991445,0.4741079040068503,0.5034239292144775,0.5345316479761054,0.4464701329761007,0.45100665102162824,0.4462743401527405,0.44212940775393345,0.4499649537565573,0.459674670435224,0.4293442964553833,0.46087589437906473
87,2,0,0.04634997825665105,0.0665894978250323,0.04961598664522171,0.02284445029969914,0.04852388899447763,0.06520064512193188,0.05197523161768913,0.028395790243811895,0.04652032589145818,0.0595637295832974,0.05256974324584007,0.027427504845237052,0.0474812095758644,0.061204695901778385,0.051542602479457855,0.02969633034635697,0.05186876522355693,0.06375860031987919,0.05469321459531784,0.03715448075547375,0.04300933963145115,0.059752636743502,0.0354917012155056,0.033783680935345846,0.03872745582650349,0.05561959767492126,0.039690859615802765,0.02087191018878645,0.0390249332301729,0.05237538293860761,0.03860791400074959,0.026091502751161517
88,4,0,0.11384873619996196,0.10906157552471996,0.11668294668197632,0.11580168639318959,0.11203009553134928,0.10855176937072479,0.11784499138593674,0.1096935258373863,0.10900509511291197,0.1060006246394466,0.11082087457180023,0.11019378612748912,0.11013364804904291,0.1109817773952285,0.11647544056177139,0.10294372619012883,0.10917698977821265,0.10705868553499895,0.11025511473417282,0.11021716906546618,0.11712417601082169,0.10819456160079505,0.12299848347902298,0.12017948295264703,0.11104424205772229,0.10746366975809192,0.11718001961708069,0.10848903679799426,0.10435616512053973,0.10996687628738772,0.10555543005466461,0.09754618901956685
89,1,1,0.9334611892054111,0.9182197993635673,0.9310442209243774,0.9511195473282885,0.9339110792601356,0.9170000457579159,0.9367772340774536,0.9479559579450374,0.9348069503341844,0.9118775305840178,0.9278244376182556,0.96471888280028,0.9379227605189087,0.9223947961518894,0.9294108748435974,0.9619626105612393,0.9231021982959445,0.9066948661687425,0.9226374626159668,0.9399742661031243,0.9358317631349501,0.9303434669496726,0.931899905204773,0.9452519172504046,0.9308465631992316,0.9172537357208462,0.9385074973106384,0.9367784565662105,0.9376284857348173,0.9120032777947072,0.9403274059295654,0.960554773480179
90,3,0,0.082731612793728,0.08425684924125944,0.0704570785164833,0.09348091062344129,0.08137131156298655,0.08405190052487561,0.0710742175579071,0.08898781660617693,0.08189698595244181,0.0849590377657361,0.07555340975522995,0.08517851033635938,0.08087962533137201,0.08391478788710197,0.0699717327952385,0.08875235531177557,0.08092857563847107,0.08622438698669702,0.07373087853193283,0.08283046139678338,0.08286763223806015,0.08412693614838586,0.07448074966669083,0.0899952108991038,0.0841920595260619,0.08393366943943992,0.07272310554981232,0.0959194035889335,0.07977032354036076,0.08287312520000566,0.07139909267425537,0.08503875274682124
91,0,0,0.11239753583241478,0.10188266889928332,0.13552241027355194,0.09978752832440907,0.11812236367189026,0.10658024947110398,0.13831613957881927,0.10947070196574754,0.11532990513920229,0.10344212789400478,0.13885410130023956,0.10369348622336251,0.11261048063554802,0.10184191241677745,0.1285969465970993,0.10739258289276729,0.11292911522872427,0.10655761650886487,0.12696900963783264,0.10526071953947531,0.12166057679185527,0.11804161108351921,0.13265711069107056,0.11428300860097608,0.11805803721472082,0.11206168646081709,0.12996122241020203,0.11215120277314336,0.1228894804580725,0.10152095505987462,0.1463477462530136,0.12079974006132926
92,1,0,0.11161922381896879,0.11260255782505182,0.1075524240732193,0.11470268955863527,0.10842243597066732,0.10755209222280604,0.10708049684762955,0.11063471884156638,0.10974647096116685,0.10913616616352632,0.10918531566858292,0.1109179310513913,0.11040351667904884,0.1095445063524869,0.11081181466579437,0.11085422901886523,0.10710817569170704,0.1069034058660745,0.1043500006198883,0.11007112058915829,0.11098518468281997,0.11256558397630956,0.10529600828886032,0.11509396178329002,0.11315864713707786,0.11162587868178243,0.1081148162484169,0.11973524648103431,0.1123810559030713,0.11216101526402265,0.10757468640804291,0.11740746603714838
93,3,0,0.4841775589396414,0.4627753523308899,0.5569605827331543,0.43279674175488,0.4577399265382465,0.44678604521539333,0.5330541133880615,0.3933796210112848,0.5474195599004555,0.6500209271561579,0.5216367244720459,0.47060102807316273,0.4802288479534494,0.4558945614540947,0.5388696789741516,0.4459223034321018,0.5165180132321141,0.6067475233540232,0.496646523475647,0.4461599928666722,0.4626962124104724,0.4714325903096979,0.5005295872688293,0.41612645965288997,0.47372669689652297,0.47939829474002227,0.5281491875648499,0.4136326083846967,0.5389014094561367,0.6156355150761867,0.5393434762954712,0.46172523699675244
94,2,0,0.16945960138034297,0.20557814991718465,0.14501135051250458,0.15778930371133965,0.18034292261763976,0.2199523817726667,0.14860045909881592,0.17247592698143663,0.152315348153212,0.18113333831247092,0.13530726730823517,0.14050543883892985,0.15824597474687677,0.20358114417910478,0.13570399582386017,0.13545278423766535,0.18664633998942526,0.21847992395585641,0.15767093002796173,0.18378816598445763,0.16423248938101628,0.1940841840929577,0.13521072268486023,0.16340256136523088,0.17825446047717305,0.13590456875295914,0.18969278037548065,0.20916603230307929,0.18294579690417426,0.15930965069134262,0.24926337599754333,0.14026436402363684
95,0,0,0.07152330287926391,0.08802025985244129,0.07428961992263794,0.05226002886271249,0.06894006210228179,0.09219876496024944,0.07282722741365433,0.04179419393294161,0.0723343490244159,0.09102466322759868,0.06886331737041473,0.05711506647523432,0.06900866550356048,0.08900576570092995,0.07108352333307266,0.046936707476678816,0.07024954184261423,0.089546719670198,0.06904784590005875,0.05215405995758593,0.08072829979914331,0.0967936056532538,0.0751514583826065,0.07023983536156965,0.07867160499223881,0.09147181963771271,0.07310718297958374,0.07143581235941995,0.07081164863526673,0.08950365783892832,0.07101918011903763,0.05191210794783425
96,4,0,0.10335273515169047,0.09962528495367212,0.10810216516256332,0.10233075533883594,0.10160215313486376,0.09881471461843498,0.10596229135990143,0.10002945342625486,0.10280780762428277,0.09779093391099611,0.10525435954332352,0.1053781294185287,0.10263588382365314,0.10094544463102013,0.10614334791898727,0.10081885892095202,0.10064201623069569,0.09868323725992427,0.10378589481115341,0.09945691662100936,0.10377379729230239,0.0991664390170357,0.11214324086904526,0.10001171199082622,0.10410293561919089,0.09857577465608365,0.10842634737491608,0.10530668482657296,0.10203465219628445,0.10095397144400403,0.10391519218683243,0.1012347929580169
97,4,0,0.21369454787573272,0.19742781580480745,0.21369044482707977,0.22996538299531097,0.2109911934405566,0.21026676249190487,0.20172445476055145,0.22098236306921346,0.21086209839249162,0.19336145370419014,0.2203580141067505,0.2188668273665343,0.22098302206933218,0.2063522001333734,0.22861966490745544,0.22797720116716771,0.20997144156570272,0.18248709668483365,0.2289040982723236,0.21852312973995097,0.2143747521441022,0.21292934878606293,0.2105618268251419,0.2196330808211018,0.20533260066488543,0.18629533805957962,0.22818346321582794,0.2015190007192487,0.20631978370845114,0.17687508875619823,0.2283385843038559,0.2137456780652993
98,1,1,0.28915754052048354,0.24444238756496964,0.28876426815986633,0.3342659658366146,0.2985117176428888,0.2482305950971814,0.2836261987686157,0.36367835906286927,0.36304463848743546,0.25720532655636524,0.34793680906295776,0.48399177984298336,0.28341363156760224,0.2490177918712074,0.3115859031677246,0.2896371996638747,0.3432870731791468,0.24736265838292035,0.35248610377311707,0.430012457381403,0.3070725497870654,0.2500733633837841,0.3067454695701599,0.364398816407252,0.2962558813190707,0.23897262316783258,0.32306596636772156,0.32672905442165795,0.3224930626570366,0.2597479047925511,0.33604639768600464,0.37168488549255413
99,1,1,0.9024878263452886,0.896064958460518,0.9206737279891968,0.8907247925861509,0.903167857740354,0.8981876481778654,0.9209125638008118,0.8904033612423846,0.9085080198623462,0.895958143792534,0.9243146181106567,0.9052512976838474,0.9112782616474925,0.8957898712320891,0.9255935549736023,0.9124513587367862,0.8982424970722486,0.8930736622117454,0.9216418266296387,0.8800120023753617,0.9275880370149238,0.9115143522205618,0.9312711954116821,0.9399785634125275,0.9244648883053146,0.9037375482416432,0.9339828491210938,0.9356742675532068,0.9239294527083924,0.9070777429887981,0.925430178642273,0.9392804364941065
100,0,0,0.15773416272133692,0.14616049250459795,0.13439127802848816,0.1926507176309247,0.1703832337865173,0.1430798687528216,0.138423889875412,0.22964594273131828,0.15931826111332262,0.14968565342969856,0.13353165984153748,0.19473747006873182,0.16183796249317298,0.15121193969829969,0.13115958869457245,0.20314235908664677,0.16656563004418093,0.15689327891461674,0.13705721497535706,0.20574639624256902,0.18761485010459097,0.16500331298690274,0.18628144264221191,0.21155979468465827,0.21743591502627999,0.20069290500456463,0.2230222523212433,0.22859258775303207,0.22678055918319528,0.20480621217374084,0.22125588357448578,0.2542795818013593
101,4,0,0.5009525646330671,0.5050312936046709,0.539044976234436,0.4587814240600942,0.4944518335400163,0.5054811380308177,0.5214778184890747,0.4563965441001564,0.4972558212549794,0.49688523682749164,0.522642195224762,0.4722400317126847,0.5125799608989212,0.5079141498514163,0.5245900750160217,0.5052356578293258,0.5023565703508436,0.5002531984454371,0.5024067163467407,0.5044097962603528,0.5207245436056884,0.5050183849864827,0.549394428730011,0.5077608171005717,0.5143063056526006,0.5054787256678815,0.529460608959198,0.5079795823307225,0.5097443685257406,0.506030217117483,0.5058894753456116,0.5173134131141272
102,4,0,0.09955098738660452,0.09962528495367212,0.098422110080719,0.10060556712542246,0.09666663895188317,0.09881471461843498,0.09497765451669693,0.09620754772051762,0.10072456844249039,0.09779093391099611,0.09873013198375702,0.10565263943271805,0.09964927398366823,0.10094544463102013,0.09708527475595474,0.10091710256402982,0.09649824948708834,0.09868323725992427,0.09420174360275269,0.096609767598588,0.08454304540641326,0.09195824161546604,0.07720804959535599,0.08446284500841772,0.08792945732364911,0.09857577465608365,0.08662503212690353,0.07858756518796016,0.08801400390890694,0.0985877572209463,0.08189176768064499,0.08356248682512954
103,2,0,0.4718284898903198,0.44255898905887936,0.5048130750656128,0.46811340554646724,0.45942344230908577,0.42201326491610686,0.4744395911693573,0.4818174708417932,0.5549663862660031,0.5144470048844145,0.5930693745613098,0.557382779352285,0.4993132311824102,0.4577234607853517,0.5269281268119812,0.5132881059498977,0.551116647436373,0.5095942163919579,0.5484238266944885,0.5953318992226726,0.4402106308953806,0.42171086829609616,0.4909750819206238,0.40794594246942184,0.4410281151714644,0.38639328723864996,0.4761798083782196,0.46051124989752373,0.4424334229834881,0.4706265923346158,0.5054870247840881,0.35118665183176034
104,0,0,0.10792097744185587,0.10162688632883654,0.12323085218667984,0.09890519381005126,0.11822532944761083,0.1047366155610363,0.1357145607471466,0.11422481203464957,0.1102969993746322,0.10162749587103692,0.12857508659362793,0.10068841565923177,0.1092707949085674,0.1016117348618215,0.12209197878837585,0.10410867107550488,0.1100940249885813,0.10465429070481962,0.11538855731487274,0.11023922694605152,0.08101463850560664,0.0744236472976136,0.09821537882089615,0.0704048893983102,0.08241554345141465,0.08366330040123707,0.09362155944108963,0.06996177051191725,0.08788677054023297,0.08258364601219967,0.1004759669303894,0.08060069867810984
105,1,0,0.08119194226846517,0.09158999600220341,0.07370404899120331,0.07828178181198882,0.08482605716806357,0.09382799845616845,0.07705724239349365,0.08359293065452861,0.08500214734717697,0.09027695210141501,0.0771113857626915,0.0876181041774244,0.0857062083371231,0.09354784540359498,0.08052649348974228,0.08304428611803201,0.0851055609936428,0.09382323905830774,0.06827614456415176,0.09321729935846891,0.0746195573819897,0.07709603593221782,0.07011543214321136,0.07664720407053993,0.0655230477277251,0.07489871860037936,0.06554228067398071,0.056128143908815244,0.07068428447681128,0.07414821064360573,0.06671746075153351,0.0711871820352946
106,0,0,0.10317433207730804,0.09716181178276447,0.11454549431800842,0.09781569013115125,0.10816984574738298,0.10062973620908258,0.11533186584711075,0.10854793518595557,0.10704877693937481,0.09861253861710344,0.1189839169383049,0.10354987526271607,0.10408376653163198,0.09707038898687996,0.11240781098604202,0.10277309962197395,0.10583385630059405,0.10156180774362533,0.11203635483980179,0.10390340631835504,0.11148158388569333,0.10033491011448377,0.11954697221517563,0.1145628693274206,0.10488059812915825,0.0982774536961309,0.10647460073232651,0.10988973995901738,0.10894549534048055,0.09849800406795452,0.12043070048093796,0.10790778147254919
107,1,1,0.644742007708838,0.6706698772318669,0.6186202168464661,0.6449359290481812,0.6384261507691157,0.6644245961278448,0.64052814245224,0.6103257137272624,0.6420758491873136,0.6642001238094998,0.6407377123832703,0.6212897113691711,0.6492080118886562,0.6707837623649935,0.6386111378669739,0.6382291354340013,0.6579886719524372,0.670472106589152,0.6555846333503723,0.6479092759177871,0.6601195519634321,0.6777164799898269,0.6448081135749817,0.6578340623254876,0.6637575945491736,0.6981927216304694,0.6469508409500122,0.6461292210670393,0.6645914783688341,0.6758087923336977,0.6519615650177002,0.6660040777551047
108,4,1,0.1001638209769818,0.09962528495367212,0.09588964283466339,0.10497653514260989,0.09552237676767923,0.09881471461843498,0.09262105077505112,0.09513136490955157,0.1003312217887083,0.09779093391099611,0.09626761078834534,0.10693512066678348,0.0995373986158631,0.10094544463102013,0.09467507153749466,0.10299167967907454,0.09887867114325473,0.09868323725992427,0.09478183835744858,0.10317093781239134,0.09982635014461265,0.09822937855600379,0.09761572629213333,0.10363394558570084,0.09947693815873282,0.09857577465608365,0.09573269635438919,0.10412234346572562,0.09672441344288084,0.09879917667203592,0.08906903862953186,0.10230502502707474
109,0,0,0.09613881422332086,0.09852333086180723,0.09972867369651794,0.09016443811163741,0.10133927727095589,0.10151357612575271,0.10551503300666809,0.09698922268044685,0.09835535471372964,0.098508707719805,0.09946843981742859,0.09708891660395533,0.09508996112738698,0.09849867329329741,0.0974351093173027,0.0893361007715608,0.09178021775946321,0.09863929568195344,0.08888708055019379,0.08781427704624237,0.1012612690838297,0.09674203294686762,0.09988408535718918,0.10715768894743229,0.0957970429817262,0.09762472385745241,0.10048382729291916,0.089282577794807,0.09917890616195753,0.09809615141266723,0.097004733979702,0.1024358330935034
110,2,1,0.6616625139853797,0.6499147869107113,0.6482979655265808,0.6867747895188469,0.6722229108848513,0.6608425661936839,0.6772511005401611,0.6785750659207093,0.6717713902526509,0.6469183621380148,0.678464949131012,0.6899308594889257,0.6754416247962168,0.6643865917426275,0.6921977400779724,0.6697405425680508,0.6807562739034223,0.6489963262728374,0.6855065226554871,0.7077659727819425,0.5944553095163276,0.6094552215485374,0.5836259722709656,0.5902847347294798,0.5722899175815918,0.6318333739699652,0.5227355360984802,0.5623008426763302,0.5872330755093246,0.6408070941908574,0.5501306056976318,0.5707615266394843
111,1,0,0.31332468958298615,0.301936986543134,0.3249269425868988,0.31311013961892553,0.3280544810243834,0.3021788693066144,0.3502418100833893,0.3317427636831465,0.3139864550204514,0.30113818662507064,0.3141353726387024,0.3266858057975813,0.3140016142794311,0.30959070403596056,0.31569352746009827,0.3167206113422344,0.31127378674205103,0.2997911097734634,0.32997485995292664,0.30405539049976316,0.26428916781665385,0.277415466437632,0.30445021390914917,0.21100182310318025,0.2691072030038837,0.2924501866816527,0.28002798557281494,0.23484343675718344,0.2705034633170729,0.27041550362703126,0.3159749209880829,0.22511996533610454
112,3,0,0.14762964418854616,0.09607367350578086,0.17154501378536224,0.17527024527449528,0.14877748211089328,0.09583325194542382,0.18226258456707,0.1682366098201861,0.14178664861836332,0.102892740329859,0.1680069863796234,0.15446021914560756,0.14870836747116029,0.09368753558333427,0.16024848818778992,0.19218907864235668,0.1333745394714527,0.10089712393616106,0.15711411833763123,0.14211237614056574,0.12091734285195928,0.10217815203858552,0.15277403593063354,0.10779984058665881,0.1303068381114667,0.11223546763811634,0.13843072950839996,0.14025431718788386,0.11685939521556636,0.09002366573401506,0.1221247985959053,0.13842972131677875
113,3,0,0.08262037387250587,0.08425684924125944,0.068262979388237,0.09534129298802117,0.08019603672903343,0.08405190052487561,0.07111980020999908,0.08541640945222559,0.08153438854653132,0.0849590377657361,0.07446561753749847,0.08517851033635938,0.08086810763959146,0.08391478788710197,0.06897691637277603,0.08971261865889638,0.08257437514485134,0.08622438698669702,0.07506386190652847,0.08643487654132856,0.08279822103295947,0.08412693614838586,0.07339784502983093,0.09086988192066163,0.0821668273972017,0.08393366943943992,0.07272310554981232,0.08984370720235285,0.08063100654187853,0.08287312520000566,0.07139909267425537,0.08762080175137454
114,0,0,0.05190298160101716,0.02739634809165613,0.03889613226056099,0.08941646445083437,0.04819107844426451,0.026103680670547805,0.0329909510910511,0.08547860357119465,0.04014428662556505,0.02663915524572696,0.03226948902010918,0.06152421561085902,0.04306328620895372,0.026287087188246853,0.028670279309153557,0.07423249212946074,0.03807760583417561,0.029366235098843625,0.029716679826378822,0.05514990257730438,0.116968208964552,0.08053887252754692,0.0977509468793869,0.17261480748672214,0.148915882354812,0.08269763962149992,0.10307561606168747,0.2609743913812486,0.13273259840108914,0.07479774669625194,0.1089722141623497,0.21442783434466578
115,0,0,0.6855887393841048,0.7162190722167137,0.7105306386947632,0.6300165072408379,0.6879865509100219,0.7234433678187586,0.7079339027404785,0.6325823821708284,0.6879845293864268,0.7352799656572789,0.7012773752212524,0.6273962472807494,0.6889945348167257,0.7195713203100265,0.6975527405738831,0.6498595435662676,0.6840253457382378,0.7228789845163426,0.7144315838813782,0.6147654688169926,0.4608580754182328,0.47887770979830857,0.42694613337516785,0.476750383081222,0.47072276524622736,0.4998567328119822,0.4444645941257477,0.46784696880095217,0.4423719511143982,0.5137072809753886,0.43421489000320435,0.37919368236460166
116,4,0,0.3009638704143167,0.3868848557903858,0.1304313689470291,0.3855753865055353,0.30330634598050266,0.40159952159607015,0.12977325916290283,0.378546257182535,0.30131171595921724,0.40820743008388627,0.1281856745481491,0.36754204324561635,0.3106383053261721,0.43067218836833615,0.13781966269016266,0.3634230649200174,0.2933442094815127,0.4131453962760787,0.11660350114107132,0.3502837310273881,0.30578482131335455,0.40170190892388763,0.1391885131597519,0.3764640418564242,0.30134093998884676,0.38278481381190005,0.13918247818946838,0.38205552796517184,0.2840943424856086,0.42027304309565167,0.12187472730875015,0.310135257052424
117,2,0,0.05430939825960981,0.07018938692839816,0.05034712329506874,0.042391684555362505,0.04758906537057125,0.06709726902564676,0.04132227972149849,0.03434764736456849,0.05715322622922589,0.07568553753625845,0.0492498055100441,0.04652433564137513,0.057450050540795994,0.07452088062544242,0.043094173073768616,0.05473509792317694,0.05296850369020767,0.07541842121187675,0.048298195004463196,0.03518889485428307,0.060173092596253246,0.07566118422695449,0.04871046543121338,0.056147628130591855,0.06107540427867186,0.07623630874935203,0.05440359562635422,0.052586308460309344,0.05477377176727216,0.07525069563259915,0.05100701004266739,0.03806360962654995
118,1,0,0.09794179488697537,0.11781960503961277,0.10905773937702179,0.06694804024429156,0.09665602287844603,0.11803145874788586,0.10620228201150894,0.06573432787594331,0.09783916942738131,0.1087619863538294,0.10604198276996613,0.07871353915834843,0.09480177123509158,0.11612444842315987,0.10415322333574295,0.06412764194637187,0.09718718962625394,0.11011142931954579,0.10953552275896072,0.07191461680025535,0.08759675803988602,0.10604285021671783,0.11116382479667664,0.045583599106263556,0.08141280651229098,0.10350768207672688,0.1052110344171524,0.035519703042993615,0.10396041523123761,0.10321550545309535,0.12968820333480835,0.07897753690580912
119,0,0,0.5496513452751693,0.6558377711755986,0.4763985276222229,0.5167177370276869,0.5481636175306247,0.6837179354983327,0.47816988825798035,0.4826030288355612,0.5510529572131034,0.6726148724691663,0.4734733998775482,0.5070705992925959,0.5606026210922029,0.6538332459118548,0.491875022649765,0.5360995947149889,0.5588828642440871,0.6890814078551766,0.4849555492401123,0.5026116356369723,0.5893615294958202,0.6293206197320445,0.5456772446632385,0.5930867240921774,0.5732738104487588,0.6628789401622475,0.502241313457489,0.55470117772654,0.5722024074562478,0.6749289360432704,0.5166959762573242,0.5249823100681491
120,3,0,0.0680701231916933,0.07442489811388474,0.06787679344415665,0.06190867801703846,0.07071722040865608,0.071023597195394,0.06770191341638565,0.07342615061418857,0.06889687683356138,0.07732089674638279,0.06325368583202362,0.06611604792227774,0.06955697895083135,0.07295180581943383,0.07181486487388611,0.06390426615917412,0.07950765023901754,0.08096279281291864,0.07622230798006058,0.08133784992407342,0.06650645777402832,0.07050601601550231,0.06759013235569,0.06142322495089263,0.05985054188895567,0.07483580134765147,0.06423990428447723,0.040475920034738315,0.06323945030487291,0.07610101370992219,0.06375904381275177,0.04985829339194477
121,1,0,0.1628174642098145,0.17151751128820297,0.19933712482452393,0.11759775651671661,0.1502753303985766,0.15996962294172454,0.18288162350654602,0.1079747447474592,0.16599331943528792,0.1601519789778776,0.1870180368423462,0.15080994248563998,0.1668529208065259,0.16418982771843915,0.19251294434070587,0.1438559903604326,0.16344014703854182,0.16249563146502777,0.15565726161003113,0.17216754804056655,0.1354998426456665,0.1627486135388619,0.1352057307958603,0.10854518360227729,0.12853060028376398,0.16256908430794575,0.13688819110393524,0.08613452543941097,0.13144425469272528,0.14777667850192955,0.14289052784442902,0.10366555773181729
122,1,0,0.10452180827169295,0.10886764599250001,0.09975273162126541,0.10494504720131347,0.09999740076290087,0.10910418931701482,0.1000213697552681,0.09086664321641971,0.10730494643807915,0.11063450793482701,0.10452824085950851,0.10675209051990193,0.10706209012657875,0.11115303107565118,0.10528180003166199,0.10475143927242311,0.10088621235037876,0.10909322879916349,0.0956420972943306,0.09792331095764215,0.1044387125569277,0.10676137973093909,0.10344065725803375,0.10311410068181025,0.10716958835192632,0.10800438399045244,0.10541018843650818,0.10809419262881834,0.10591287219971722,0.10789729350860285,0.10054641216993332,0.10929491092061548
123,4,0,0.15693967327879696,0.16224155239236857,0.1420845240354538,0.16649294340856843,0.16606537318575013,0.16367744500024153,0.16083726286888123,0.17368141168812762,0.16817466295525843,0.17013697782774334,0.16759264469146729,0.1667943663465647,0.16464516995655964,0.1620512736640846,0.15255208313465118,0.1793321530709432,0.16411285131256084,0.1658117894009123,0.156570702791214,0.16995606174555625,0.17851339693914245,0.17738366845811648,0.16995516419410706,0.18820135816520378,0.19397675224962374,0.1853519915761232,0.1861584633588791,0.2104198018138689,0.19129318487797156,0.1846758713132048,0.19557884335517883,0.19362483996553112
124,2,1,0.887110070486437,0.8630891041047821,0.8932981491088867,0.9049429582456421,0.8857223270645006,0.8674885198224013,0.8710134029388428,0.9186650584322577,0.8960793094720252,0.8936366957444463,0.8856028318405151,0.9089984008311142,0.8774089336690779,0.8607408558100693,0.8763641119003296,0.8951218332968346,0.9090965837844536,0.8896106074600033,0.8892718553543091,0.9484072885390481,0.8701333050314161,0.8547592724592503,0.8790885806083679,0.8765520620266297,0.8761380012945049,0.8664482582469272,0.8688575029373169,0.8931082426992707,0.8974868132849845,0.8763880073250642,0.9006611108779907,0.9154113216518985
125,1,0,0.25496900512358206,0.24354315616008096,0.236454576253891,0.28490928295677426,0.25027226812188547,0.2457793628889204,0.23321491479873657,0.2718225266779994,0.25261311712818335,0.22588832291970137,0.2496914565563202,0.2822595719085284,0.22472909470580538,0.2391003185319589,0.22781352698802948,0.20727343859742772,0.2313416709609276,0.222967889459564,0.2421398013830185,0.22891732204020018,0.1908600142007595,0.2001646449086517,0.2167355716228485,0.15567982607077827,0.1958024446914917,0.19870579508482739,0.20359963178634644,0.18510190720330125,0.1887033873486018,0.22132128961494021,0.2001526653766632,0.1446362070542019
126,2,1,0.9156490190882604,0.9118743872360663,0.9353000521659851,0.8997726178627297,0.9105197120460247,0.9160039758767011,0.9138644933700562,0.9016906668913168,0.9125510560901103,0.9144958691031416,0.9112197756767273,0.9119375234904622,0.9251072874348699,0.9173566608864497,0.9237401485443115,0.9342250528738487,0.9057899628377712,0.9125835533706605,0.922881007194519,0.8819053279481343,0.9248827844004789,0.91325428117812,0.9252151846885681,0.9361788873347483,0.9319998304257195,0.9257962691749911,0.9273834228515625,0.9428197992506048,0.9311596470243891,0.9209038737573828,0.9301363825798035,0.9424386847359807
127,0,0,0.11953348005279169,0.10689274874842732,0.12936535477638245,0.1223423366335653,0.11821786283019874,0.10656742625864173,0.12816670536994934,0.1199194568620051,0.11541308927863066,0.10831813208784927,0.11864936351776123,0.1192717722302815,0.11504482314718874,0.1048143088225611,0.12218499928712845,0.11813516133187671,0.11896623378732833,0.10823393267334004,0.12263556569814682,0.12602920299049816,0.11663158993028717,0.10933332201217125,0.12287705391645432,0.11768439386223599,0.11621793603113045,0.11129146550329799,0.12173129618167877,0.11563104640841461,0.11925725038122424,0.11142941078867434,0.12321691960096359,0.12312542075403475
128,1,1,0.10107004371613992,0.10061772649795285,0.10091080516576767,0.10168159948469921,0.09369028150016313,0.09942776024248388,0.09215658158063889,0.08948650267736664,0.09546998723194176,0.0969177626092875,0.0934433564543724,0.09604884263216537,0.09666480793895266,0.09948492831934126,0.09384602308273315,0.09666347241478358,0.09497181437704445,0.0973681272565331,0.0955379530787468,0.0920093627958535,0.09980889775126905,0.09912046738126971,0.09596265852451324,0.10434356734802419,0.0971560461547303,0.0980632045086379,0.08822000026702881,0.10518493368852418,0.09659439146781042,0.09715871525892938,0.09167736023664474,0.10094709890785714
129,0,1,0.8857188379008494,0.8608960485046364,0.8773588538169861,0.9189016113809256,0.8790254598968597,0.8655751746277002,0.9043952822685242,0.8671059227943545,0.8745695918745545,0.8628264765363336,0.8813961744308472,0.879486124656483,0.8778004548960977,0.8652758300322174,0.8918115496635437,0.8763139849925317,0.8840138085847471,0.8583891236860206,0.8977299928665161,0.8959223092017045,0.8936017499787315,0.8639021031267423,0.8836803436279297,0.9332228031815227,0.8971983070406219,0.8821476174159746,0.8868419528007507,0.9226053509051403,0.9051271242383674,0.881330902808062,0.900966227054596,0.9330842428524444
130,2,0,0.09599369908987272,0.17450380288078343,0.058255769312381744,0.055221525076453,0.08689792384780147,0.1658745253650712,0.05232292041182518,0.04249632576650801,0.11479096475994499,0.22064594485284336,0.0641147717833519,0.05961217764363967,0.09468483129329801,0.17282806837460035,0.05165066197514534,0.059575763530148325,0.10660191227649773,0.2186471439736313,0.055152777582407,0.04600581527345494,0.0978621965397977,0.17504099951455476,0.058234803378582,0.06031078672625634,0.0886337421911474,0.15350659066155098,0.059583112597465515,0.05281152331442574,0.09385321385653962,0.17168618098708274,0.05537949874997139,0.05449396183256473
131,2,0,0.09428246042388565,0.09305076225638557,0.09873736649751663,0.09105925251775471,0.09289871832320744,0.0966407161425603,0.0896809846162796,0.0923744542107824,0.09698706906360399,0.09430713906910904,0.10335082560777664,0.09330324251392631,0.09500275825476312,0.0996968134852446,0.09310726076364517,0.09220420051539957,0.09258094784911708,0.09767325216052339,0.08791419118642807,0.0921554002003998,0.09851606708130699,0.09865108244481742,0.10251899063587189,0.09437812816323164,0.10228220807036059,0.09817144627132157,0.10362375527620316,0.10505142266355703,0.09803317603225066,0.09628046444042979,0.09353304654359818,0.10428601711272403
132,0,0,0.10625258303143277,0.10480511969156017,0.1037704199552536,0.11018220944748455,0.11052216359996138,0.09874732093013042,0.11219857633113861,0.12062059353861511,0.11189448418602693,0.10639480470814336,0.11992137879133224,0.1093672690586052,0.10625905807081716,0.10567119987631965,0.10087896138429642,0.11222701295183544,0.10898158261025426,0.11040558535730305,0.10071875154972076,0.11582041092373895,0.10771944803079736,0.10953278264102025,0.10826217383146286,0.10536338761990897,0.11232070136749002,0.11066213560827055,0.12425936013460159,0.10204060835959791,0.1223615733802718,0.1052819845279875,0.12985332310199738,0.13194941251083056
133,4,0,0.5316458960526108,0.5397711303627257,0.5594437122344971,0.4957228455606094,0.5428818549066445,0.5494321978548496,0.544021487236023,0.535191879629061,0.5331345368027988,0.5542026671127829,0.5474854111671448,0.4977155321284688,0.5414649889087221,0.532810928057517,0.5661961436271667,0.5253878950414826,0.5364666300374583,0.5482739011772635,0.5538502335548401,0.5072757553802714,0.5600623475547066,0.5886924280400291,0.5890260934829712,0.5024685211411196,0.5755306714370169,0.5848391010814461,0.6282014846801758,0.5135514285494289,0.5798969044312263,0.5909399588266441,0.6082890629768372,0.5404616914901978
134,4,1,0.8524089787541066,0.8609711992209889,0.870635986328125,0.8256197507132058,0.852314941727895,0.861305920950383,0.8836415410041809,0.811997363229121,0.8561835632825149,0.8587190498023317,0.8792908787727356,0.8305407612724772,0.8563134639016844,0.8611895887952151,0.8820313215255737,0.8257194813842644,0.8548282295319144,0.8612810027557507,0.8924094438552856,0.8107942419847068,0.8611459691822985,0.8631536004771694,0.8936827182769775,0.8266015887927486,0.8507783601230718,0.8603733638941006,0.89497309923172,0.796988617243395,0.850899767571328,0.8622661213059195,0.8919647932052612,0.7984683882028034
135,0,0,0.11205173907360078,0.10769313664749589,0.09998033940792084,0.12848174116538563,0.10895128393281972,0.10526587247616709,0.09964008629322052,0.12194789302907154,0.11038510886318713,0.10911683305361233,0.10420934855937958,0.11782914497656949,0.11315057769473917,0.10707260656389732,0.10643107444047928,0.12594805207984092,0.10998523382319327,0.10779695291009299,0.10258571803569794,0.11957303052378886,0.11408961190655519,0.10932820678297799,0.11022438108921051,0.12271624784747702,0.11804535936226919,0.10405333002570016,0.10880068689584732,0.1412820611652601,0.1142315261657899,0.10436982026053354,0.1152438074350357,0.12308095080180044
136,2,0,0.10884228064561485,0.11006682466206838,0.09141421318054199,0.12504580409423416,0.10397189746859475,0.11120698121211922,0.08402036875486374,0.11668834243880129,0.1083049469158381,0.10370032084190497,0.08464723080396652,0.1365672891016428,0.1194940967293509,0.11943715019814982,0.09252946823835373,0.14651567175154914,0.09624914380591561,0.10600066339376459,0.07945200800895691,0.10329476001502536,0.11004047164008351,0.0980112646871143,0.09244053810834885,0.1396696121247874,0.12082735871382107,0.1285753073705739,0.08802305161952972,0.14588371715135962,0.10782134084790611,0.1112158174452633,0.08927307277917862,0.12297513231927638
137,4,1,0.9412880685576792,0.9333591890793458,0.9371439814567566,0.9533610351369352,0.9343496017920451,0.9329490127240807,0.9240416288375854,0.946058163814469,0.9525219844341059,0.94385784554218,0.9408795237541199,0.9728285840060179,0.9445221396171165,0.9327597101082548,0.9321920275688171,0.9686146811742776,0.949886331397197,0.9384656641643992,0.9398778080940247,0.9713155219331673,0.9438685894948541,0.9388180990306584,0.9337546229362488,0.9590330465176553,0.9375314888280188,0.9342306959781305,0.9311113953590393,0.9472523751468868,0.9474265385099402,0.9390009882581248,0.9467222094535828,0.9565564178181128
138,4,0,0.5164842810938635,0.5672963636600654,0.5741559863090515,0.4080004933124735,0.5143032776733675,0.5630230078891764,0.5580581426620483,0.4218286824688779,0.4680777810020835,0.5173002386596385,0.4911418855190277,0.3957912188275845,0.5192450892083408,0.5585816990960016,0.5643212199211121,0.43483234860790837,0.4753081174045371,0.499888914049533,0.5382818579673767,0.3877535801967017,0.5112133766681778,0.5324622705228238,0.5581543445587158,0.44302351492299374,0.48437747842594564,0.5110303521332913,0.5399484038352966,0.402153679309249,0.42574134937546076,0.4664893615447464,0.4312727153301239,0.37946197125151204
139,4,0,0.08072626899050363,0.08545215523309212,0.06389179825782776,0.09283485348059102,0.08911841810236953,0.09399520989462098,0.06135059893131256,0.11200944548117509,0.08537252351732838,0.08960644547787422,0.057804886251688004,0.10870623882242293,0.07706788567964393,0.08463566324324873,0.05380985140800476,0.0927581423876783,0.08940368594781638,0.09000299621207601,0.06224099174141884,0.11596706988995426,0.08647616661641176,0.08777854872104274,0.06291887164115906,0.10873107948703346,0.08310667759756991,0.08485949992262914,0.057946883141994476,0.10651364972808613,0.08061667614802011,0.09146818669926347,0.058267947286367416,0.09211389445842945
140,4,0,0.4691425917566159,0.45076692513995653,0.48213377594947815,0.47452707418041296,0.47993400797186236,0.42194837120241663,0.4952995479106903,0.5225541048024802,0.4434972050755958,0.4306095973878611,0.4447431266307831,0.4551388912081432,0.46868650748951973,0.4270332981433757,0.4922991991043091,0.4867270252208744,0.42796457379282754,0.402583505918994,0.4471876919269562,0.43412252353253267,0.421018737101101,0.3835596963481613,0.4360012412071228,0.4434952737480188,0.3957877995404894,0.3848058545630665,0.46251311898231506,0.3400444250760866,0.39229540852493433,0.3672081738124331,0.4102708101272583,0.3994072416351115
141,4,0,0.09997962760719863,0.07260640753487248,0.09382760524749756,0.13350487003922587,0.10270006426461704,0.08790626644647455,0.10007183253765106,0.12012209380972558,0.09138133648607179,0.07357957622381477,0.08252184092998505,0.11804259230441554,0.09304126895267872,0.0636017364660664,0.08152266591787338,0.1339994044740964,0.10340589549983714,0.07654781038826178,0.09228929132223129,0.14138058478901833,0.07866094800545298,0.06862056171464269,0.06379815936088562,0.1035641229408306,0.07039411419707366,0.05652570480209053,0.0555739589035511,0.09908267888557937,0.07527459546848866,0.06986284891345464,0.0637224018573761,0.09223853563463527
142,0,1,0.5954986924691362,0.6158114985667271,0.5868093967437744,0.5838751820969069,0.592184816329585,0.6172516800223224,0.567733883857727,0.5915688851087053,0.5902981025021776,0.6208550568368699,0.5719096064567566,0.5781296442129064,0.5896852529385729,0.6214961289488093,0.5689870715141296,0.5785725583527794,0.5966466466620367,0.6188148804525784,0.5747624039649963,0.5963626555685355,0.6090001642392545,0.6465535673923793,0.5876339673995972,0.5928129579257869,0.6137756601392489,0.6388189812925377,0.6106937527656555,0.5918142463595534,0.617557495060789,0.634782410668212,0.60252845287323,0.6153616216409256
143,4,1,0.6066973104253927,0.6156903807195526,0.6305485367774963,0.5738530137791291,0.5851863354846202,0.6101494491058461,0.5741361379623413,0.5712734193856732,0.5871448883037059,0.6084104673099314,0.5768902897834778,0.5761339078177086,0.5953497222573995,0.6077732227815933,0.5991278886795044,0.5791480553111008,0.5882633420208471,0.6174904589409967,0.5901166796684265,0.5571828874531176,0.6197317531737604,0.6407952653924979,0.6417354941368103,0.5766644999919727,0.6322222136063855,0.637973083570243,0.6583427786827087,0.6003507785662051,0.624311822851817,0.6370228549412416,0.632387638092041,0.6035249755221684
144,0,0,0.10756218538631535,0.0973679884898034,0.11876408010721207,0.10655448756193059,0.11622809782391141,0.10306610726002796,0.11407842487096786,0.13153976134073841,0.11489846541582323,0.09545443826195564,0.11723105609416962,0.13200990189134443,0.11011432723440016,0.1022327955675,0.11359226703643799,0.11451791909926248,0.12123322686455336,0.11315516202820487,0.12969855964183807,0.12084595892361714,0.11816307382065044,0.10549746767900528,0.12993942201137543,0.11905233177157062,0.11717764428147213,0.10503485486774555,0.1254829466342926,0.12101513134237825,0.1279088742853741,0.1095151208963879,0.14211268723011017,0.13209881472962415
145,3,0,0.1470808927872688,0.1451722285707498,0.13113495707511902,0.16493549271593763,0.1329390411588884,0.1460316364012442,0.12361378967761993,0.1291716973978011,0.14305488387409207,0.14557320957922928,0.1241011768579483,0.15949026518509868,0.14610013255464108,0.14072262501798372,0.13102588057518005,0.16655189207075946,0.14411360710489898,0.14309213451504163,0.12582342326641083,0.16342526353324446,0.14900564897626298,0.1472845373926359,0.13667838275432587,0.1630540267818271,0.15247223314161382,0.1488109234588958,0.13308963179588318,0.17551614417006242,0.14572065455229738,0.1500543790496786,0.12502174079418182,0.1620858438130317
146,2,0,0.14587109928699704,0.13147551315195488,0.11728725582361221,0.18885052888542403,0.16413496649878925,0.1336869224394464,0.09519747644662857,0.2635205006102928,0.163383433040328,0.1392551249483953,0.0995202586054802,0.25137491556710856,0.13812764845139403,0.13613187473830787,0.0928555577993393,0.18539551281653488,0.14709503771618904,0.1265737960012723,0.09996835142374039,0.21474296572355445,0.14651963282931466,0.14483236523107795,0.10305474698543549,0.19167178627143053,0.17717864450160983,0.15348726680157215,0.15569542348384857,0.22235324321940883,0.2012447808125657,0.14566203228025965,0.16357502341270447,0.29449728674473297
147,0,1,0.10978313170188893,0.09879464255508295,0.12959906458854675,0.10095568796203706,0.11272826956830084,0.10230902064765077,0.12773901224136353,0.10813677581588824,0.11137614971263143,0.10028927281733686,0.1265457570552826,0.10729341926527489,0.10839428630404041,0.09984322549521131,0.12211722135543823,0.10322241206147169,0.10941374241659463,0.10325063019646265,0.12305000424385071,0.10194059280947057,0.07548102777819067,0.07460278614940344,0.07859942317008972,0.07324087401507888,0.07888275371648999,0.08233306378893075,0.09047656506299973,0.06383863229753949,0.08327444842622793,0.08241019400632917,0.09528571367263794,0.0721274375997167
148,0,0,0.054176441546412164,0.062000153165270556,0.04955057427287102,0.05097859720109494,0.051904446280856775,0.058109379108626506,0.04911310598254204,0.048490853751401775,0.06096247047699573,0.0619143237789718,0.04979579150676727,0.0711772961452481,0.05455463260923193,0.060129666242249205,0.047744270414114,0.055789961171332565,0.06023587762354127,0.06712767381411912,0.0483158640563488,0.06526409500015588,0.056619081507887935,0.05909262349487937,0.04235453903675079,0.06841008199203362,0.05480830709080665,0.05758274090391523,0.04999084025621414,0.05685134011229059,0.056459755256716794,0.053596371356124314,0.054329220205545425,0.06145367420848065
149,0,0,0.1615421956368369,0.13828142422376588,0.1510799676179886,0.1952651950687562,0.1745708655288867,0.13746957843441387,0.15857058763504028,0.22767243051720598,0.15593330491984395,0.1318953891774052,0.1539895385503769,0.18191498703174983,0.17095643873879066,0.14002042116194394,0.15457209944725037,0.21827679560717772,0.17011572975297554,0.13212226324954632,0.13860268890857697,0.23962223710080327,0.17478036062749355,0.1561163120520505,0.17611706256866455,0.19210770726176557,0.21105527852301628,0.19684767957176427,0.20995551347732544,0.22636264251995902,0.23446317131224745,0.2021051436300485,0.19756749272346497,0.3037168775832289
150,2,0,0.23581582747866628,0.1868154505160715,0.26723232865333557,0.2533997032665917,0.23641932765749796,0.19080642113993912,0.23734571039676666,0.28110585143578803,0.23748521122745,0.19175714473769023,0.2550921142101288,0.265606374734531,0.24064110723563534,0.18613053473373584,0.2948165833950043,0.24097620357816582,0.23384610910060588,0.183848972969201,0.29424068331718445,0.22344867101543225,0.22681765253585254,0.18766150948794058,0.253249853849411,0.23954159427020608,0.24470471054581175,0.1970110416307072,0.24586814641952515,0.29123494358720287,0.21964785090131,0.18218879654049233,0.2481713891029358,0.22858336706050192
151,0,0,0.1543329771777916,0.13127364402429728,0.1757911592721939,0.1559341282368836,0.16456549986164143,0.1344090800086494,0.19389608502388,0.1653913345523949,0.16023769179046293,0.13098110789214948,0.19136662781238556,0.1583653396668538,0.14780486826661413,0.1301589579554388,0.19057802855968475,0.12267761828471888,0.15750934853616128,0.1304693436744442,0.18292590975761414,0.15913279217642554,0.15196212606228607,0.12712920377178166,0.17073608934879303,0.15802108506628346,0.16363548991973043,0.12487464113510581,0.20769569277763367,0.15833613584645176,0.16334750197992534,0.12694210199609327,0.20992989838123322,0.15317050556244954
152,3,1,0.9227587927846571,0.9284625336772229,0.902982771396637,0.9368310732801116,0.9276518690111257,0.9268871860532637,0.9061034917831421,0.9499649291969714,0.9247824066988414,0.9228021008645987,0.9066674709320068,0.9448776482999186,0.9294788492863276,0.9266753903084675,0.9084677696228027,0.9532933879277129,0.9262483122253723,0.9255474011663787,0.9039276838302612,0.9492698516794771,0.9212887080865929,0.9265649364195526,0.8903477191925049,0.9469534686477215,0.9168138250059558,0.9246841143445405,0.8825185298919678,0.9432388307813591,0.913736653421422,0.9146956317533013,0.8912079334259033,0.9353063950850613
153,3,0,0.07380441456811881,0.07636629544341765,0.09292490035295486,0.05212204790798393,0.07448752457309749,0.07489092910439575,0.0933649018406868,0.0552067427742099,0.07371516525744194,0.07360828545830658,0.09156611561775208,0.05597109469626716,0.07467512278102427,0.0769731058662404,0.09259174019098282,0.054460522285849584,0.07522489234086609,0.07687924233712279,0.09624787420034409,0.05254756048513137,0.07679779608728861,0.07145836243965237,0.09348856657743454,0.06544645924477893,0.07359883022078341,0.07499010940935838,0.09254579991102219,0.053260581341969655,0.07737079509561863,0.07469992270664551,0.09347440302371979,0.06393805955649064
154,0,0,0.08520488381552371,0.0929972226092309,0.08032093197107315,0.08229649686626711,0.08551924200135007,0.09442656981125892,0.07836273312568665,0.08376842306710462,0.09132085308776751,0.08977357386369679,0.09549856930971146,0.08869041608989432,0.08817031020191961,0.09406429834779333,0.09247888624668121,0.07796774601128426,0.07939711633909186,0.08777928806493154,0.07188735157251358,0.07852470937983044,0.09686825851962734,0.09892359052216117,0.08972599357366562,0.10195519146305525,0.0996810630288238,0.09259310280934777,0.10359522700309753,0.10285485927402614,0.09437977889251188,0.0887730480683316,0.09124554693698883,0.10312074167221527
155,1,0,0.10387729690606344,0.10661605277477325,0.10292135924100876,0.1020944787024083,0.09498705262849753,0.10539020957732226,0.09428767114877701,0.08528327715939332,0.1016319533483645,0.10537681680620849,0.1002744734287262,0.09924456981015883,0.1020474293719354,0.1054322321327365,0.09901241213083267,0.101697643852237,0.09979018071517391,0.10587219231701851,0.09630978852510452,0.09718856130339867,0.08474521923067012,0.08495865440791615,0.0834958553314209,0.08578114795267328,0.07309969570325602,0.08262403128657703,0.06587663292884827,0.07079842289434277,0.07324431656931844,0.0867762696921172,0.07199998944997787,0.060956690565860214
156,0,0,0.2457442992597351,0.24489838595999464,0.26808544993400574,0.22424906188520488,0.24102629158667307,0.2328000000202169,0.26575252413749695,0.2245263506023054,0.2299677271131624,0.22280902028850072,0.2577304244041443,0.20936373664684224,0.2521837933679574,0.23746763873964005,0.27342891693115234,0.24565482443307968,0.23452516742541452,0.22003441263612153,0.32250627875328064,0.1610348108868414,0.22092013927215817,0.20800717445443365,0.2158976048231125,0.23885563853892844,0.24002510260129398,0.21509078325479677,0.2243887186050415,0.2805958059440436,0.1953655986257892,0.1936543804186877,0.2145848125219345,0.17785760293674543
157,2,1,0.6806765251109376,0.6745158212123966,0.6996509432792664,0.6678628108411496,0.67388944155603,0.659268792654531,0.703928530216217,0.6584710017973422,0.6812489644392494,0.6737087755800999,0.7028802037239075,0.6671579140137408,0.6887626323699475,0.6869897862888076,0.7105121612548828,0.6687859495661521,0.6704215807102778,0.6613701963949505,0.6888648867607117,0.6610296589751713,0.6755419459467689,0.6789257065964873,0.6948143839836121,0.6528857472602071,0.6788788708520318,0.6827491752139547,0.7020845413208008,0.6518028960213399,0.6807181009412425,0.6764685042347793,0.6965108513832092,0.6691749472057388
158,3,0,0.12488438809377371,0.11012239862984861,0.15712188184261322,0.10740888380885927,0.12544853842721146,0.11080455517251642,0.14765861630439758,0.11788244380472032,0.12434358221542659,0.11022936402463229,0.15822920203208923,0.10457218058955828,0.12354250393383603,0.11076572060248915,0.15454566478729248,0.10531612641172648,0.12197088496087476,0.11328373713830936,0.15397590398788452,0.09865301375643035,0.1174658459452629,0.10438211846854226,0.1571267992258072,0.09088862014143921,0.11368055898991963,0.10389702755715836,0.1400965303182602,0.09704811909434037,0.12155926277883772,0.1027534951908777,0.14766359329223633,0.1142606998533991
159,1,0,0.10371845135723001,0.10886764599250001,0.09583482146263123,0.10645288661655881,0.10323057087274441,0.10910418931701482,0.09323807805776596,0.10734944524345248,0.10486880702545587,0.11063450793482701,0.10166454315185547,0.10230736998968515,0.1057949004592279,0.11115303107565118,0.09903498739004135,0.10719668291199119,0.09959485580560552,0.10909322879916349,0.09125874936580658,0.09843258925184652,0.10369541903656908,0.10676137973093909,0.09756060689687729,0.10676427048189086,0.10902439795617315,0.10800438399045244,0.10457795113325119,0.11449085874481583,0.10250165894433139,0.10789729350860285,0.09231200069189072,0.10729568263250062
160,1,0,0.047647732097584126,0.04285873383454824,0.07116199284791946,0.028922469610284666,0.048754245096689026,0.04196393828733528,0.07085125893354416,0.033447538069187654,0.04238050805954182,0.04201686593961007,0.05646821856498718,0.02865643967402819,0.04034820802318439,0.04107191152420048,0.055805087089538574,0.024167625455814107,0.0469040062776462,0.04409885813379188,0.060466669499874115,0.03614649119927261,0.03933602363172139,0.042988963551133526,0.05234428867697716,0.022674818667053474,0.04318000212104851,0.039963667521812934,0.06832638382911682,0.021249955012215764,0.0443696571783343,0.042800591466292115,0.06257782131433487,0.027730558754375908
161,4,0,0.09008512659434535,0.0939844579337271,0.09620059281587601,0.08007032903343295,0.0916354596899115,0.09370354247050154,0.0926639586687088,0.08853887793052417,0.0898749742103846,0.09385582816084356,0.09262368083000183,0.08314541364030842,0.09168938737390657,0.09370427965486729,0.09332313388586044,0.08804074858099196,0.09198516765583488,0.09615607755325802,0.09802030771970749,0.08177911769453916,0.08996776742581679,0.09392046727168414,0.09485042840242386,0.08113240660334235,0.09331067782017971,0.08982271513872075,0.10047677904367447,0.08963253927814392,0.09695519747883302,0.09033547356586902,0.10940767079591751,0.09112244807471252
162,4,1,0.7673552416366257,0.8043710089525378,0.7965525388717651,0.7011421770855744,0.7753041087508885,0.8071171255717502,0.7905964851379395,0.7281987155429759,0.79652598833927,0.8082989870856959,0.81655353307724,0.7647254448548743,0.7760365377833148,0.8028250483048764,0.8130325675010681,0.7122519975440001,0.7657059984675524,0.8154476603438722,0.7823832035064697,0.6992871315523154,0.789463007073418,0.8039902198152736,0.8160159587860107,0.7483828426189697,0.7834528230571328,0.8121538855373419,0.8110076189041138,0.7271969647299428,0.7756429234681774,0.8000447608293346,0.7978501915931702,0.7290338179820275
163,1,0,0.10749228894155438,0.10694554713370108,0.1082630455493927,0.10726827414156939,0.11873833271831087,0.10947641057747651,0.1374770700931549,0.10926151748430118,0.1057329075242253,0.10570462579756995,0.10987509042024612,0.10161900635485983,0.10687208128809084,0.1061728439863896,0.10958786308765411,0.10485553679022881,0.12370422340169923,0.10970646826394385,0.15305235981941223,0.10835384212174158,0.10733278216519672,0.10676137973093909,0.10869018733501434,0.10654677942963674,0.10601530716444718,0.10583585693110474,0.10247242450714111,0.10973764005509569,0.1142763027312207,0.10592913087844741,0.13075757026672363,0.10614220704849109
164,3,0,0.08655472388188779,0.08346281454901701,0.07731402665376663,0.09888733044287974,0.08403631221675796,0.08978990107056925,0.08372993767261505,0.0785890979070896,0.0898022886956256,0.09151455121031651,0.08831129968166351,0.08958101519489677,0.08472311432910085,0.08610944908827148,0.08553719520568848,0.08252269869334257,0.08813420160263559,0.08956163760602397,0.08423370122909546,0.09060726597278737,0.08529522391370244,0.08594391044313748,0.08223391324281693,0.08770784805515293,0.0896016126896324,0.08755115925455006,0.08805608749389648,0.09319759132045069,0.0877336241560643,0.09067043650031002,0.09083382785320282,0.08169660811468006
165,0,0,0.051413609360082234,0.06192704225068894,0.05497083440423012,0.03734295142532764,0.0580474385606057,0.0659123623638221,0.05704157426953316,0.05118837904846183,0.05285862923825036,0.05769498891895173,0.052278630435466766,0.048602268360332594,0.05441204833944965,0.060063064797766956,0.05196497589349747,0.05120810432708454,0.056403864007326526,0.06562538542025606,0.05286135524511337,0.05072485135661015,0.04112892631216882,0.05118746921787766,0.04238825663924217,0.029811053079386644,0.0454806465251027,0.0635575066567372,0.043568745255470276,0.029315687663100595,0.045977541205740824,0.055749481036226525,0.03859768435359001,0.04358545822740595
166,3,1,0.9012855093734284,0.9003856589674345,0.8877004981040955,0.9157703710487552,0.8932273955473796,0.9021139559480404,0.8750876784324646,0.9024805522616335,0.8883580765756983,0.8958485839835701,0.887131929397583,0.8820937163459415,0.8910212364131059,0.8962313379676106,0.8814827799797058,0.8953495912920014,0.883212020118567,0.8973034030186735,0.8810416460037231,0.8712910113333044,0.891888269061715,0.9030106883543314,0.8768865466117859,0.8957675722190278,0.9046171679088149,0.9111630267273442,0.898401141166687,0.9042873358324135,0.89724701924346,0.8987309581956779,0.9005386829376221,0.8924714165970802
167,2,1,0.9609882097166137,0.9515831310932875,0.97112637758255,0.9602551204740032,0.9679211863593159,0.9569372385379262,0.9707121253013611,0.9761141952386603,0.9697066654641354,0.9559969522810201,0.9678459167480469,0.9852771273633394,0.9650298560108291,0.9496427241771886,0.96758633852005,0.9778605053352484,0.9714720707628147,0.9606097083104365,0.9734862446784973,0.9803202592995107,0.9638086672651011,0.9537299925310851,0.9692732095718384,0.9684227996923795,0.9615964135003582,0.9511799354544834,0.9641612768173218,0.9694480282292695,0.9658453507821992,0.9560720408333542,0.9665764570236206,0.9748875544896229
168,2,0,0.03376005783133145,0.0428989129586994,0.030583351850509644,0.027797908684785287,0.035075148734827734,0.042338283516182754,0.03015192784368992,0.03273523484461052,0.03364659133703362,0.04184626870995719,0.030727718025445938,0.028365787275697725,0.03591479713730338,0.04028715943563867,0.032996222376823425,0.03446100959944806,0.03210024752830394,0.04438046958931731,0.03027265891432762,0.02164761408126689,0.031432869216106434,0.03944142721934563,0.03143572807312012,0.023421452355853543,0.030852998891892667,0.037504589236754,0.027476424351334572,0.02757798308758942,0.029681085929245565,0.03708470533220048,0.025524193421006203,0.02643435903453001
169,4,0,0.1877458772828187,0.15427854860002702,0.1694013625383377,0.2395577207100914,0.1767212732797566,0.1578412884910753,0.16477519273757935,0.20754733861061514,0.16167167543808866,0.14032226341678808,0.16277365386486053,0.1819191090326173,0.19792033986138224,0.15674893782131177,0.16980652511119843,0.2672055566516365,0.17102681500747105,0.15164264306248126,0.1576681137084961,0.2037696882514357,0.19164435393365795,0.15462924158918154,0.1660078763961792,0.25429594381561305,0.19551064287253714,0.15152021480943004,0.17954730987548828,0.2554644039326931,0.17946930989920962,0.14093558766191777,0.173599511384964,0.2238728306507471
170,1,0,0.511367654047438,0.5337975836888413,0.38513752818107605,0.6151678502723967,0.5165630159931639,0.5293498427668135,0.3755938410758972,0.6447453641367811,0.5353512835665063,0.5600244680275537,0.4073712229728699,0.6386581596990953,0.5179792736262514,0.522457412640386,0.40342313051223755,0.6280572777261305,0.5310775287181818,0.551792794313773,0.39792871475219727,0.6435110770885752,0.6116881252283157,0.6477519226650356,0.48328423500061035,0.7040282180193015,0.6275271677203634,0.6717420181868622,0.4964640438556671,0.7143754411185607,0.617108419834112,0.6503139393549473,0.50824373960495,0.6927675805424389
171,0,0,0.15339459154208643,0.14767818978730113,0.13660185039043427,0.17590373444852384,0.1565767348323237,0.1546817161847762,0.1357683688402176,0.17928011947197733,0.15404973003996766,0.138362131384417,0.14461679756641388,0.17917026116907206,0.1430465006510341,0.14726330701813517,0.13313546776771545,0.14874072716725173,0.16527772480770664,0.1426966039372441,0.14604203402996063,0.2070945364559152,0.1478632863281264,0.1336323941040745,0.13204844295978546,0.1779090219205193,0.14534101882122571,0.1354817571237379,0.14613968133926392,0.1544016180006753,0.14235077180960376,0.12468337634189618,0.13493195176124573,0.1674369873256694
172,3,0,0.0635978116216876,0.07575808156074944,0.07143151760101318,0.043603835703300176,0.06529958860701555,0.07245743649047051,0.07286818325519562,0.050573146075380514,0.0665564261574549,0.08001270127930604,0.06737677752971649,0.05227979966334215,0.060784749150389665,0.07540783657811764,0.0706954151391983,0.03625099573385304,0.07274729026661336,0.07920622338746408,0.09058810770511627,0.04844753970725975,0.06829837417969097,0.07419438250518698,0.08078240603208542,0.04991833400180051,0.05611552550129902,0.06904641095082671,0.06532945483922958,0.03397071071384079,0.06287707391200743,0.07638372535628761,0.06978854537010193,0.042458951009632734
173,2,1,0.9240648604548523,0.8975941221350242,0.933047354221344,0.9415531050081886,0.9178011213917442,0.895768654075216,0.9137479066848755,0.943886803415141,0.9266389696816573,0.908741572104926,0.9200971722602844,0.951078164679761,0.924169779297315,0.895873862408606,0.9226741194725037,0.9539613560108355,0.9250479527674839,0.8980069747476525,0.9207629561424255,0.9563739274123737,0.9203144637289412,0.9057078938016504,0.9138249754905701,0.9414105218946031,0.9243816650510444,0.906172578737929,0.9139123558998108,0.9530600605153935,0.9139058669792611,0.9046336609405333,0.9192683696746826,0.9178155703225674
174,0,0,0.32462734667906024,0.4101070871091173,0.2139519453048706,0.34982300762319285,0.29720674486556714,0.407616879720577,0.17306667566299438,0.31093667921312995,0.30023143771826827,0.3874823460654016,0.15324871242046356,0.3599632546689398,0.31389076830435836,0.4089556255845949,0.21346668899059296,0.3192499903378871,0.32707148762177596,0.4068507962457756,0.25458845496177673,0.3197752116577756,0.315562028317041,0.39670919510933483,0.19725745916366577,0.3527194306781224,0.3057440599859531,0.40053815759129474,0.16914521157741547,0.34754881078914907,0.2946971176649396,0.4130307976030275,0.14756707847118378,0.32349347692060765
175,0,0,0.25990005176612757,0.23799940814286666,0.24391455948352814,0.2977861876719878,0.2511797314678182,0.2562705502483679,0.24394485354423523,0.2533237906108515,0.24420591154300664,0.2207979274257503,0.23919129371643066,0.2726285134868389,0.24319476364605178,0.23303294123432428,0.24043844640254974,0.2561129033012814,0.2582910277673925,0.22744586855862994,0.26417216658592224,0.28325504815762526,0.18001882902735464,0.1653506293399323,0.19923579692840576,0.17547006081372585,0.21617014542117186,0.22946775776231526,0.20686925947666168,0.21217341902453862,0.20138801456772604,0.19005314998443124,0.18791306018829346,0.2261978335304534
176,4,0,0.09947556962883485,0.09962528495367212,0.09739695489406586,0.10140446903876653,0.10191463490973489,0.09671268928648405,0.09768515825271606,0.11134605719000455,0.10085156516853887,0.09682053690406586,0.09611716866493225,0.10961698993661846,0.09924518878906767,0.10094544463102013,0.09420281648635864,0.10258730524982426,0.10522313037095608,0.09719040089427594,0.10091173648834229,0.11756725373025001,0.10701825773315417,0.10168950473618818,0.10455196350812912,0.11481330495514523,0.10914886174581473,0.0984474889724287,0.10620307922363281,0.12279601704138264,0.11239382421569348,0.09594246198584802,0.11896933615207672,0.12226967450915568
177,0,0,0.05157963040263339,0.06123928809551507,0.04900004714727402,0.04449955596511111,0.05724756062362546,0.056873547381793135,0.04959293082356453,0.0652762036655187,0.05322796401865887,0.05705787448432272,0.05091913044452667,0.05170688712712722,0.05417052348032014,0.058196876476880086,0.052153367549180984,0.052161326414899345,0.061973879792508436,0.0633473038778405,0.05035020411014557,0.07222413138953923,0.04444566294603189,0.046745202962320466,0.039453424513339996,0.04713836136243521,0.04121492331126478,0.046406841918092426,0.04133777320384979,0.03590015481185212,0.04534814963555044,0.046832259308451266,0.04030773788690567,0.04890445171129438
178,0,0,0.9353350876354766,0.9267371613064019,0.9369769096374512,0.9422911919625765,0.9321257739426175,0.9227589036869032,0.9323084950447083,0.9413099230962413,0.9387683610505638,0.9283643946985809,0.9387842416763306,0.9491564467767799,0.9410192246166877,0.9258080725909194,0.9374349117279053,0.9598146895312383,0.9259431649751472,0.9189027373227888,0.9355745315551758,0.923352226047477,0.9352986883130882,0.9174201207391738,0.9418981671333313,0.9465777770667596,0.9331250005367684,0.9175740485490147,0.9371127486228943,0.9446882044383962,0.9273853902618251,0.9163608430169111,0.9303019642829895,0.9354933634855744
179,4,0,0.10124165475602502,0.10235925118898595,0.09550929069519043,0.10585642238389867,0.1094982832328553,0.10143896999850587,0.10457548499107361,0.12248039470898642,0.10084987730623009,0.09874467720028757,0.10502734780311584,0.09877760691528686,0.1043213783546888,0.10084768343963604,0.10686659812927246,0.10524985349515789,0.10768768602348977,0.10141535786567936,0.10243769735097885,0.11921000285381113,0.10717232392989738,0.09778775048696184,0.10283459722995758,0.12089462407277272,0.10838939105353153,0.09820424406031301,0.10563487559556961,0.12132905350471197,0.11010344099409831,0.10009151127247806,0.10319477319717407,0.12702403851264282
180,3,0,0.08024980845785802,0.08913588707733187,0.06908860802650452,0.08252493026973766,0.07576710932881923,0.09344410222399815,0.06677110493183136,0.06708612083062816,0.07749087638186743,0.09066637246664923,0.0680854544043541,0.073720802274599,0.07429691596734106,0.09011276204247888,0.06252474337816238,0.07025324248138191,0.07134271909958091,0.08594596940276907,0.06737296283245087,0.06070922506352284,0.07863402559302417,0.09335205873622518,0.064384825527668,0.07816519251517934,0.07442288575423894,0.0838106739581564,0.0654979795217514,0.07396000378280904,0.07556089834303845,0.10643526639115775,0.06379333883523941,0.05645408980271818
181,3,0,0.06114767286172259,0.07793262447464884,0.057617612183094025,0.047892781927424924,0.056477314509581815,0.07507903806926078,0.04934749752283096,0.045005407936653696,0.05825476801442525,0.07656108957217445,0.054874058812856674,0.04332915565824462,0.05937516683736599,0.07638707766745678,0.05573008209466934,0.04600834074997184,0.06538542804948191,0.08006236327868145,0.06722985953092575,0.04886406133883855,0.048238157299908456,0.061310541454369455,0.04953228682279587,0.03387164362256003,0.05231266122582449,0.06520243500697648,0.052878547459840775,0.03885700121065622,0.052158576817915824,0.06551330105709928,0.05101032555103302,0.039952103845615164
182,4,0,0.14308600526301038,0.13802374916213825,0.13565900921821594,0.15557525740867695,0.1491126657500176,0.13257394766433656,0.15363742411136627,0.16112662547434997,0.13519302991366725,0.1297898898081846,0.1431703418493271,0.13261885808349,0.14349291622475116,0.1318426338733776,0.149666890501976,0.14896922429889986,0.1543402717784772,0.13281538522986353,0.15711423754692078,0.17309119255864733,0.13759950292476023,0.13113994006705507,0.13950864970684052,0.1421499190003851,0.14823847077159175,0.13618253620772308,0.13992346823215485,0.1686094078748973,0.14305655850075286,0.13557885822306526,0.14223702251911163,0.1513537947600817
183,2,0,0.8852388661984444,0.8893123304856645,0.8910946249961853,0.8753096431134835,0.8842811999530066,0.8926530580401691,0.8839408755302429,0.8762496662886076,0.8676097308393501,0.8875075604282905,0.8761003017425537,0.8392213303472058,0.8714416148164745,0.8869494795455243,0.8827915787696838,0.8445837861342155,0.8635440533983753,0.8912248860447194,0.8810815215110779,0.8183257526393288,0.902293431005638,0.8937633053995484,0.9190894961357117,0.8940274914816537,0.9044757501762787,0.8971025735327393,0.9099280834197998,0.9063965935762969,0.9061905333289278,0.8861542597503685,0.9195543527603149,0.9128629874760998
184,4,1,0.9548854576560372,0.9476057470209637,0.9525430798530579,0.9645075460940903,0.954931404226909,0.9460207620032144,0.9536568522453308,0.9651165984321817,0.9522236349792146,0.9457522378018608,0.9504522681236267,0.9604663990121561,0.9472792192191665,0.945870255638648,0.9555405974388123,0.9404268045800391,0.949386856453922,0.9481600136152821,0.9577895402908325,0.9422110154556513,0.9471906470595849,0.9393581814011117,0.9465140700340271,0.9556996897436157,0.9504168065198503,0.9487019584736647,0.9473614692687988,0.9551869918170872,0.9535145835965974,0.9432017449647349,0.9540716409683228,0.9632703648567343
185,4,1,0.8627836049132728,0.8583856439993348,0.8759206533432007,0.8540445173972829,0.8533025281490211,0.8558822488707651,0.8694431185722351,0.8345822170040628,0.8559096512229344,0.8471431139438952,0.8675693869590759,0.8530164527658322,0.8658118081842007,0.8562949378960382,0.8842259049415588,0.8569145817150046,0.8573510903455707,0.8488783120120627,0.8729712963104248,0.8502036627142247,0.8859971894112895,0.8704729172741199,0.8939400315284729,0.8935786194312756,0.8618465806406256,0.8582356167412585,0.8760279417037964,0.8512761834768217,0.8692974936957211,0.8542037778664502,0.8849064707756042,0.8687822324451088
186,4,0,0.3485520154837838,0.3217029425682902,0.3451611399650574,0.37879196391800385,0.35186618887296045,0.32298756255507793,0.3630037307739258,0.3696072732898777,0.35627199610459853,0.33179360440083766,0.3404875695705414,0.39653481434241666,0.33775484860409266,0.3063214794750267,0.3416740596294403,0.365269006707811,0.3451607514397279,0.3278244280687405,0.3570230007171631,0.35063482553328007,0.34744964088921576,0.3240966698109183,0.3385244607925415,0.37972779206418755,0.36373472670480905,0.33199000677718216,0.3636488616466522,0.3955653116905929,0.3777983687542494,0.3425815365469558,0.38764870166778564,0.40316486804800666
187,1,1,0.6543151715888942,0.6555392922312768,0.6905185580253601,0.6168876645100457,0.6680084696021279,0.6722270615692755,0.6788589954376221,0.6529393517994864,0.651999354181339,0.6498052965893971,0.6717758774757385,0.6344168884788813,0.6397165386171269,0.6543597266022851,0.6603218913078308,0.6044679979412647,0.6609335201195953,0.686016419727069,0.6643109917640686,0.6324731488676483,0.7095864047906514,0.7067786364489622,0.7321441769599915,0.6898364009630001,0.7255209413412705,0.7438340384155424,0.7376899719238281,0.6950388136844411,0.7323101838568017,0.7598514575091839,0.7453991770744324,0.6916799169867885
188,4,1,0.23026979881659657,0.2326064123056378,0.21881003677845,0.23939294736570185,0.2208349184361266,0.2281303066388961,0.2169075459241867,0.217466902745297,0.22282127592960274,0.2521220752867384,0.22229090332984924,0.1940508491722205,0.2365183920201003,0.23206650073309312,0.2353636771440506,0.24212499818315722,0.22206217886976268,0.24031144102977064,0.2134343385696411,0.21244075700987633,0.23050561208762263,0.22464174060259284,0.22274120151996613,0.24413389414030884,0.2517512159413952,0.23888245204413971,0.25179150700569153,0.26457968877435434,0.21399718768221423,0.211770784567781,0.22281605005264282,0.2074047284262189
189,3,0,0.0717941563244697,0.08120564624643553,0.07255695760250092,0.06161986512447265,0.07112894896183969,0.07902706590782081,0.07093114405870438,0.06342863691899385,0.06989751039116764,0.07779039987936617,0.0710420235991478,0.06086010769498891,0.06856583160897026,0.08187693650725428,0.07362955063581467,0.05019100768384183,0.07124778505080522,0.07486304435436479,0.07808460295200348,0.06079570784604737,0.06804039862816975,0.0740316800926483,0.07036859542131424,0.05972092037054671,0.0679796252358185,0.07826077120726127,0.07401912659406662,0.05165897790612765,0.06920705200695777,0.07584886054715848,0.07560080289840698,0.05617149257530787
190,4,0,0.09940987790213178,0.09540378939326116,0.1102418303489685,0.09258401396416566,0.10116535514996776,0.0981792557152516,0.1108054369688034,0.09451137276584827,0.10198327853956228,0.09596049729657263,0.11248346418142319,0.09750587414069098,0.09837578914586309,0.09799084616203904,0.10582844913005829,0.09130807214549194,0.10249516083250114,0.09831914166443599,0.11286826431751251,0.09629807651555489,0.0981223872504432,0.09392046727168414,0.10875126719474792,0.09169542728489753,0.09870496983772777,0.09385256720885261,0.11106790602207184,0.0911944362822589,0.10096005417707765,0.09938033465792742,0.10337907075881958,0.10012075711448593
191,3,1,0.841233249164559,0.8349398638887955,0.8595859408378601,0.8291739427670214,0.8273466542002191,0.8398258402801148,0.8596847653388977,0.7825293569816449,0.8393580874681321,0.8287951614028573,0.8591098189353943,0.830169282066145,0.8493135851430959,0.8381233572700371,0.8599685430526733,0.849848855106577,0.8341274538731261,0.8324819308422373,0.838773250579834,0.8311271801973069,0.8460582433525458,0.8511074766218656,0.8648917078971863,0.8221755455385854,0.8430528672821774,0.8551944029610912,0.8608874678611755,0.8130767310242657,0.8628027214490247,0.8646233330928509,0.8871634602546692,0.8366213709995537
192,3,0,0.15014094514897974,0.1413575273115881,0.13623569905757904,0.17282960907777206,0.13189656551736906,0.14185310070167428,0.12574289739131927,0.12809369845911364,0.13614970913375798,0.13579538923095752,0.12028498947620392,0.15236874869411252,0.1450603796219033,0.13701748977275677,0.13102588057518005,0.16713776851777304,0.1332326823551002,0.13502501344633686,0.11761404573917389,0.14705898787978977,0.14804971111159623,0.143300516979606,0.13612845540046692,0.16472016095471573,0.14745552311923849,0.14476537941754894,0.12906143069267273,0.1685397592474938,0.14115484248414362,0.13995437812104009,0.12471431493759155,0.15879583439379924
193,1,1,0.6164391812153611,0.6320170281112407,0.588202178478241,0.6290983370566017,0.594230018148175,0.61901852293819,0.5789089202880859,0.584762611218249,0.6121798256868561,0.6328287252982868,0.5857575535774231,0.6179531981848588,0.6038024997805022,0.6137531865770574,0.5912420749664307,0.6064122377980186,0.605738450995281,0.6289070339038079,0.5939198136329651,0.5943885054490701,0.6324536770500155,0.6550228697654673,0.5973958373069763,0.6449423240776028,0.6285377089531261,0.6339165466023492,0.614651083946228,0.6370454963108009,0.6354335327728327,0.6441381022417239,0.6260015368461609,0.6361609592306132
194,1,1,0.9373757774351602,0.9342180492243929,0.93997722864151,0.9379320544395777,0.9374926333283172,0.9342561964775941,0.9268612861633301,0.9513604173440277,0.9449736788403502,0.9362827823980612,0.9408255815505981,0.9578126725723912,0.9411917635391265,0.9338858526786235,0.9403879046440125,0.9493015332947438,0.9414367084368177,0.9328057884329605,0.9373721480369568,0.9541321888405363,0.9375113278987225,0.9322959190455642,0.9318008422851562,0.9484372223654471,0.9403739758625557,0.9347260891192798,0.9305598139762878,0.9558360244920991,0.9393412068252838,0.9341432166431725,0.9400275945663452,0.9438528092663335
195,2,1,0.950756990088228,0.9358497244612956,0.9624717235565186,0.9539495222468698,0.9455521940181488,0.9321683002954892,0.9562602043151855,0.9482280774437718,0.9533116083768586,0.9343727402590954,0.9601575136184692,0.9654045712530109,0.9571826970600316,0.9379616119516551,0.9605062007904053,0.9730802784380345,0.9521028980225678,0.9280955323004147,0.95842444896698,0.9697887128003085,0.9522664159729036,0.9442632269640407,0.961310625076294,0.9512253958783761,0.9420563009963497,0.9318522383925854,0.9581038355827332,0.9362128290137308,0.944909594710272,0.9275343216283569,0.9472586512565613,0.9599358112458978
196,3,1,0.9396319184006933,0.9184218934727777,0.9434839487075806,0.9569899130217218,0.9446508884152472,0.9198817862902641,0.9504643082618713,0.9636065706936061,0.947651924074593,0.9263646666485872,0.9532508254051208,0.963340280170071,0.9411381109410497,0.9211501009580804,0.9515473246574402,0.9507169072076286,0.9398465425028742,0.9215590029720439,0.9454177021980286,0.9525629223385501,0.9419390756967599,0.9142474873643738,0.9493823647499084,0.9621873749759973,0.9417795426885093,0.9224550390986404,0.9381651878356934,0.9647184011311944,0.9417141156884803,0.9272781262934734,0.9399158358573914,0.9579483849145765
197,1,0,0.12611027300053898,0.12413316114667447,0.13257849216461182,0.12161916569033061,0.12369071986155278,0.12683142607964576,0.1267334669828415,0.11750726652217111,0.12156224109155318,0.12559907403535037,0.12984010577201843,0.10924754346729074,0.12739460581601808,0.12691203644749782,0.13163115084171295,0.12364063015884348,0.12141128265765684,0.12320720385683831,0.1214280053973198,0.1195986387188124,0.12041730755063662,0.11706084140791619,0.1284599006175995,0.11573118062639418,0.1212687557879537,0.11776582505012688,0.1260252445936203,0.12001519772011386,0.11890987314956421,0.12243401806700106,0.11550656706094742,0.11878903432074417
198,3,0,0.07033018390302027,0.07340051929063163,0.08449648320674896,0.05309354921168024,0.07090826675211515,0.07505203054104795,0.0813295915722847,0.0563431781430128,0.07357565231022663,0.07403200710299811,0.0863656997680664,0.060329250059615376,0.07129599135573915,0.07397863888625328,0.083814837038517,0.05609449814244719,0.07179655106982342,0.07730959300752038,0.08821923285722733,0.04986082734472255,0.06953125155120217,0.07276961334455993,0.07923637330532074,0.056587768003725836,0.07302809133807579,0.07639013422626521,0.08059034496545792,0.062103794822504235,0.07135293735462454,0.07527158451805657,0.08303926885128021,0.055747958694536845
199,2,1,0.670462231323746,0.666585586560725,0.6779426336288452,0.666858473781668,0.6744949097894867,0.6772240417413619,0.6963770985603333,0.649883589066765,0.670748096708922,0.6672714269060877,0.6826429963111877,0.6623298669094904,0.6768710121507007,0.6724845322117358,0.693729043006897,0.6643994612334692,0.6691124203627153,0.6661613090029277,0.6828728318214417,0.6583031202637767,0.6681609030766392,0.6725737751661127,0.6775631308555603,0.6543458032082449,0.667304721034363,0.6729146559065836,0.6780024766921997,0.6509970305043055,0.6783977575446158,0.6799150672604525,0.6855928301811218,0.669685375192273
200,3,0,0.8293463731500718,0.8460413629732734,0.850824773311615,0.7911729831653269,0.8255184325535315,0.8519784130356928,0.8559911251068115,0.7685857595180905,0.818885069398764,0.8353249626194429,0.8537853956222534,0.7675448499545962,0.8340726160552275,0.8526713420405704,0.8543208241462708,0.7952256819788414,0.8204937320636755,0.8397748441653312,0.8434389233589172,0.778267428666778,0.8351557142895093,0.854922273058898,0.8609475493431091,0.7895973204665212,0.8476203155272778,0.8659947872932804,0.8649834990501404,0.8118826602384124,0.8229120329902738,0.8558760648272852,0.8679644465446472,0.7448955875988892
201,3,0,0.10583893041250529,0.08992020743744737,0.11963176727294922,0.10796481652711928,0.11204010970668676,0.08968404420651788,0.11824248731136322,0.12819379760217922,0.10187854470966344,0.09627890189271492,0.1150071918964386,0.09434954033983675,0.10206419664150816,0.09320856911035073,0.11660949140787125,0.0963745294063025,0.10770343483500489,0.0928576739028717,0.11837725341320038,0.11187537718894261,0.10067338434110551,0.09616921369246947,0.11017755419015884,0.09567338514068822,0.1016442157054351,0.09034619769461756,0.1132202297449112,0.10136621967677653,0.10064834108632346,0.09136770427005746,0.10367731004953384,0.10690000893937905
202,2,0,0.08858106728176074,0.14755638872056864,0.08231442421674728,0.03587238890796632,0.08305459069070534,0.14521663830922868,0.07996618002653122,0.023980953736356118,0.08369188839830072,0.14193100146390883,0.08425100892782211,0.024893654803171197,0.0857369875935629,0.1435600256366233,0.08711085468530655,0.026540082458758822,0.0873571578634303,0.14574399241515104,0.08820578455924988,0.028121696615890007,0.07872266181047603,0.14252922715864752,0.06978237628936768,0.023856381983412923,0.07163890015577637,0.13546316555038085,0.05325203388929367,0.02620150102765458,0.06991397357961344,0.12821657319078913,0.058071207255125046,0.023454140292926137
203,3,0,0.06819328263685255,0.07111684109101278,0.06181840971112251,0.07164459710842236,0.07103700505406343,0.07435465951094626,0.06459145992994308,0.07416489572130094,0.06472524978521975,0.06658185064219622,0.06132125109434128,0.0662726476191217,0.06715016083353559,0.07360501368193943,0.05997861921787262,0.06786684960079471,0.06388344804630834,0.06842016695156071,0.05697406455874443,0.06625611262861987,0.06485143732150413,0.06616406592575146,0.06710653752088547,0.06128370851787544,0.06504603844972424,0.06411159524366146,0.06145353242754936,0.06957298767796191,0.06685405668131693,0.0650232369845357,0.06107589602470398,0.07446303703471106
204,0,0,0.08893001077532747,0.10058091997376255,0.08507952094078064,0.0811295914114392,0.08175179599626357,0.10075020074293474,0.08457155525684357,0.05993363198901245,0.0909288171754613,0.09888697000193211,0.08687016367912292,0.08702931784532884,0.08666148927372751,0.09876099017405758,0.09221372753381729,0.06900975011330764,0.07970472266512145,0.09711663122792719,0.07851894944906235,0.06347858731837482,0.09262254554398075,0.10562929093621583,0.08488865196704865,0.08734969372867782,0.09918324557671816,0.108507543956587,0.0993179976940155,0.089724195079552,0.08706427916421884,0.10339802451516966,0.08983192592859268,0.06796288704889418
205,2,1,0.09178510039227712,0.09460188775030652,0.08009582757949829,0.10065758584702657,0.08997091817655771,0.09011644681896452,0.08262786269187927,0.0971684450188293,0.09116649980545398,0.08870793212224501,0.08115661144256592,0.10363495585155101,0.08930633124223027,0.09267296803777013,0.07629970461130142,0.09894632107761926,0.08564044400185232,0.08757642778079457,0.08372218906879425,0.08562271515596816,0.09368424880080913,0.09354856038283586,0.08686447143554688,0.10063971458404461,0.09538077133389283,0.09196400692649657,0.08671674877405167,0.10746155830113024,0.09252882912697108,0.0843704517934513,0.08727243542671204,0.10594360016074988
206,2,0,0.16070792557882485,0.09483552729925694,0.14376206696033478,0.24352618247688282,0.14992738136134534,0.07383241326691474,0.11701184511184692,0.2589378857052744,0.1685480206534219,0.10796084846364877,0.12409059703350067,0.2735926164631162,0.15743498923848512,0.11550512026260015,0.11233165115118027,0.24446819630167493,0.1706304346664497,0.09411218551935989,0.1282176673412323,0.289561451138757,0.12256328969938751,0.0786188624197356,0.0925859734416008,0.19648503323682615,0.12398086246711093,0.09886964631596416,0.10658661276102066,0.16648632832434798,0.13656453785195835,0.09134297100111975,0.10380816459655762,0.21454247795819772
207,4,0,0.13496980419757057,0.11925939021202427,0.16741019487380981,0.11823982750687762,0.14283278531061092,0.12406372771230759,0.15901386737823486,0.14542076084129035,0.1355234764666452,0.1157586431829482,0.15373307466506958,0.13707871155191778,0.13892454759742126,0.11821111278839724,0.15684489905834198,0.1417176309455246,0.13682023598581458,0.11451869802072145,0.16201883554458618,0.1339231743921361,0.15227501884508882,0.11502978763295155,0.18887196481227875,0.15292330409003613,0.16921136082095667,0.13484174285803946,0.17803260684013367,0.19475973276469685,0.1675013915257251,0.1415351961774275,0.19796137511730194,0.16300760328244593
208,0,1,0.05095834920936931,0.07554173650051972,0.04649573192000389,0.030837579207584294,0.054676751617072944,0.07420859941101667,0.05551271513104439,0.03430894030915779,0.048991136017557786,0.07089077356671476,0.050797320902347565,0.025285313583611045,0.05094390182148801,0.07168392139591957,0.05389125272631645,0.027256531342228014,0.05301585720386524,0.07545651043949027,0.056873708963394165,0.026717352208711312,0.050288695702046506,0.07035738688852089,0.04475829750299454,0.03575040271462411,0.05290421398006754,0.07819961089604882,0.04486389830708504,0.03564913273706878,0.050071056361229216,0.06776676059561673,0.04834258556365967,0.03410382292441125
209,2,1,0.6809278384423951,0.6745158212123966,0.6996509432792664,0.6686167508355223,0.6737832521166909,0.659268792654531,0.703928530216217,0.6581524334793246,0.6808661401398673,0.6737087755800999,0.7028802037239075,0.666009441115595,0.6885085377752747,0.6869897862888076,0.7105121612548828,0.6680236657821339,0.6707459335483494,0.6613701963949505,0.6888648867607117,0.6620027174893861,0.6755419459467689,0.6789257065964873,0.6948143839836121,0.6528857472602071,0.6788788708520318,0.6827491752139547,0.7020845413208008,0.6518028960213399,0.6814810330588837,0.6764685042347793,0.6965108513832092,0.6714637435586623
210,3,1,0.350643704941299,0.3302750707097387,0.35535258054733276,0.3663034635668255,0.34495295245253904,0.33472987935891524,0.3506106436252594,0.3495183343734426,0.3184049856857422,0.2990308265335148,0.3069862127304077,0.34919791779330406,0.34080523648681765,0.327303630667391,0.34421372413635254,0.35089835465670943,0.3215406572856932,0.30232224106043043,0.3157861828804016,0.34651354791624744,0.34344379534549957,0.3346522836984437,0.3359384834766388,0.3597406188614162,0.34152020703499747,0.3347760991050112,0.32263344526290894,0.36715107673707215,0.3204942135087803,0.3107727910683866,0.3185087740421295,0.33220107541582483
211,3,0,0.06913979227208124,0.07443178188752256,0.0650530457496643,0.06793454917905684,0.07150802550498643,0.07356928576730008,0.06353499740362167,0.07741979334403755,0.06986191677811639,0.07125019760305351,0.06686233729124069,0.07147321544005494,0.07241206372028273,0.07359844566496261,0.06536488234996796,0.07827286314591764,0.07096136491558717,0.07410810838529906,0.061694007366895676,0.07708197899456679,0.06715294432597489,0.06837962097079733,0.06265031546354294,0.0704288965435844,0.06865838842298633,0.06785393073465908,0.06475824117660522,0.07336299335769471,0.06326764551813875,0.065919654732639,0.060909923166036606,0.06297335865574064
212,4,1,0.7706633555893251,0.7937605338398017,0.785724401473999,0.7325051314541745,0.7842050098224811,0.7897088846700521,0.8144739270210266,0.7484322177763648,0.7713003511279122,0.7879086581496993,0.7967458963394165,0.7292464988946205,0.7741031528115445,0.793810791787238,0.8027979135513306,0.7257007530960647,0.7942212115029985,0.7877331271077975,0.8181682825088501,0.7767622248923483,0.7794092505454925,0.7855885663734825,0.8143802881240845,0.7382588971389104,0.783854774411707,0.78255433432232,0.839530348777771,0.7294796401350299,0.7736203429349994,0.7846877422153912,0.7959389090538025,0.7402343775358047
213,1,0,0.10658066279480656,0.10765852380526181,0.10549593716859818,0.10658752741055973,0.10594029800374354,0.10539020957732226,0.10208839923143387,0.11034228520247448,0.10425637251368376,0.10347804373413991,0.1048928052186966,0.1043982685882148,0.103948559245558,0.1054322321327365,0.10535889863967896,0.10105454696425854,0.10254532549955714,0.10518124769254203,0.10028062015771866,0.10217410864841073,0.10797438747416588,0.10808479129147965,0.10619205236434937,0.10964631876666865,0.10641136591872524,0.10687132341079028,0.09682928025722504,0.11553349408816038,0.107145119801949,0.10592720229371652,0.10312207788228989,0.1123860792298406
214,1,0,0.14294464486153105,0.13002526231741046,0.1552528589963913,0.14355581327079142,0.14468222394364325,0.13244999614415887,0.1551702320575714,0.1464264436291994,0.13986925415533638,0.12693259141719096,0.1594979614019394,0.13317720964687885,0.13804142233755146,0.1303726937058542,0.1523137390613556,0.1314378342454446,0.14569531258653753,0.12955016612010462,0.16180963814258575,0.14572613349692226,0.13823764865407537,0.12216086282723204,0.142568439245224,0.14998364388977,0.13885887374083403,0.12078033540893478,0.14456941187381744,0.15122687393974982,0.1400457495559726,0.12262311507790598,0.1547928750514984,0.14272125853851342
215,3,0,0.11032111449451343,0.10506034494287435,0.11936307698488235,0.10653992155578354,0.10880613969147056,0.10110464954631199,0.10866200923919678,0.11665176028890291,0.10823543406048218,0.10186030034298826,0.11492988467216492,0.10791611716629336,0.10607057553635553,0.10394692479536502,0.11389996111392975,0.1003648406997718,0.10306328597642826,0.10714555374701076,0.10647013038396835,0.09557417379830567,0.10603379711126332,0.09851047614748289,0.10984817892313004,0.10974273626317703,0.10367012229584376,0.09989866724429865,0.10358918458223343,0.10752251506099922,0.10407633598043727,0.10128120150926337,0.10605818778276443,0.10488961864928398
216,3,1,0.9719237930781656,0.957613806059419,0.9732835292816162,0.9848740438934612,0.9744296463929727,0.9576401434363511,0.9766227006912231,0.9890260950513439,0.9751996930537867,0.959023999995235,0.978796124458313,0.9877789547078124,0.9730342159616204,0.9595294144751555,0.9766300916671753,0.9829431417425307,0.9739906914428073,0.9592063627812696,0.9772332310676575,0.9855324804794949,0.9731873803459933,0.9535080674001901,0.977000892162323,0.9890531814754667,0.9694926491222637,0.9489280320492972,0.9743982553482056,0.9851516599692884,0.9702814295897803,0.9526504191000417,0.9715644717216492,0.98662939794765
217,4,1,0.5140908161856873,0.5050312936046709,0.5565860271453857,0.480655127807005,0.5095631199732971,0.5147754444799608,0.553352415561676,0.46056149987825445,0.5043492522223852,0.49688523682749164,0.5446110963821411,0.4715514234575232,0.5279651943145757,0.5079141498514163,0.5640800595283508,0.5119013735639601,0.514988777693477,0.5002531984454371,0.540224015712738,0.5044891189222555,0.5270847051224327,0.50151120768575,0.5793420672416687,0.5004008404398793,0.5307150557388834,0.5054787256678815,0.5703580975532532,0.5163083439955158,0.5445019093125575,0.5373203881630308,0.5532850623130798,0.5429002774615616
218,2,0,0.14240250788196399,0.12645592423167842,0.16202472150325775,0.13872687791095578,0.14287239833613988,0.12938888049101008,0.1538313329219818,0.14539698159542783,0.1423474970599091,0.1273103634967768,0.16528074443340302,0.1344513832495474,0.14891840200444031,0.12835565594099405,0.17711679637432098,0.14128275369800594,0.13278407265100986,0.12810468327691196,0.13948561251163483,0.1307619221644828,0.14186767893598629,0.1302435463424505,0.16093429923057556,0.13442519123493282,0.15303629900831514,0.14366573410995734,0.17136883735656738,0.14407432555842076,0.14296588532284904,0.1376084938207949,0.1387208253145218,0.15256833683323048
219,1,1,0.9609649203986895,0.9472021238536104,0.9673746824264526,0.9683179549160056,0.9637806256598069,0.9502325175231899,0.9670630097389221,0.9740463497173089,0.9618190060151609,0.9463384029015827,0.9653881192207336,0.9737304959231662,0.9626144163148157,0.948674757528498,0.9635905623435974,0.9755779290723517,0.9624454179686869,0.9409242357221291,0.9666265845298767,0.9797854336540546,0.9540480374947365,0.9373406046802071,0.965192437171936,0.9596110706320666,0.9523482050004345,0.9394504160176471,0.9561375975608826,0.9614566014227734,0.9543559919545087,0.9315945625063659,0.9549522399902344,0.9765211733669256
220,2,0,0.09587855457981641,0.09388592953289758,0.10795140266418457,0.08579833154236705,0.10634594820018546,0.09269562233724235,0.11796672642230988,0.10837549584100416,0.10083975818442038,0.08952631651317886,0.10339021682739258,0.10960274121268974,0.1009214078422594,0.08707631934393927,0.10642004013061523,0.1092678640522237,0.10490852657225619,0.08848344206513829,0.11581125110387802,0.11043088654775224,0.08895295102289376,0.08346604605568532,0.08999982476234436,0.09339298225065165,0.0870536390310477,0.07723910882093282,0.08669774234294891,0.09722406592926135,0.09562455635144122,0.07701009369763993,0.10234367102384567,0.107519904332838
221,3,1,0.09611241293139294,0.09781957186657991,0.07817839831113815,0.11233926861646079,0.0881040229680722,0.09911521728924874,0.08821990340948105,0.0769769482054868,0.08975839332618314,0.08752287937763037,0.09206509590148926,0.08968720469942981,0.0935836257760163,0.09838776170214773,0.09182549268007278,0.09053762294582833,0.0912340418301527,0.09112323371086704,0.09304843097925186,0.08953046080033916,0.09107730515805372,0.09677789206929698,0.09255382418632507,0.08390019921853908,0.10073381847212086,0.10175133769031913,0.09914909303188324,0.10130102469416019,0.09668455662127111,0.09331107896154374,0.0953594371676445,0.10138315373462506
222,1,0,0.12745699686589926,0.11643053454817064,0.13273529708385468,0.13320515896567242,0.14961066296677789,0.1179785623128925,0.15679648518562317,0.174056941401818,0.12480348846092348,0.11790650809650795,0.12900128960609436,0.12750266768016816,0.12423210227873509,0.11670305889148806,0.12623509764671326,0.1297581502980039,0.14455013073072273,0.12010022337444291,0.16574318706989288,0.14780698174783238,0.12722652763177486,0.11298184495536541,0.12204878032207489,0.14664895761788432,0.13204458802498323,0.11361965078375226,0.13287733495235443,0.14963677833884298,0.1312920943932614,0.11118004456974007,0.15114562213420868,0.1315506164758354
223,4,0,0.09578805126651274,0.08983880500029831,0.11492102593183517,0.08260432286740473,0.09614891665742142,0.09303463422260871,0.11682837456464767,0.07858374118500785,0.09803690072938198,0.09389330389911031,0.11440064758062363,0.08581675070841202,0.09349204108515646,0.09514114963448761,0.10611272603273392,0.07922224758824786,0.09535549465115545,0.09621594353971531,0.11219899356365204,0.07765154685009899,0.09276170413842776,0.09169590661732945,0.10882558673620224,0.07776361906175154,0.09555351828576525,0.09267065761652482,0.11265656352043152,0.0813333337203394,0.10180574814658457,0.09818627417084892,0.11805993318557739,0.08917103708332742
224,2,0,0.09803946699818498,0.10173464065084495,0.09278376400470734,0.09959999633900266,0.09789630398032168,0.09975457431360538,0.09136238694190979,0.10257195068544987,0.09763548270818838,0.1023789429598331,0.09364547580480576,0.09688202935992629,0.09726015679256252,0.10142035187091243,0.09429460018873215,0.096065518318043,0.09498946178288124,0.10154045917779823,0.09080307930707932,0.09262484686376615,0.1008574045090559,0.1046507369289418,0.09678208082914352,0.1011393957690824,0.10059952248568854,0.10017668895995009,0.09821873158216476,0.1034031469149508,0.09627655761415276,0.09954531906015467,0.09258679300546646,0.09669756077683712
225,1,1,0.39004320722225777,0.35679522754190734,0.3706912398338318,0.4426431542910344,0.39034344694033485,0.3635711959906264,0.36952507495880127,0.43793406987157696,0.3782015632074165,0.35958031659689565,0.3912894129753113,0.3837349600500426,0.37613550354729397,0.35459848613931316,0.38527247309684753,0.38853555140572116,0.3900132363949589,0.3512573520705068,0.37069106101989746,0.44809129609447246,0.40136886950830325,0.37814702995197347,0.39636436104774475,0.4295952175251914,0.3635104919231602,0.36575787583290903,0.3683679699897766,0.35640562994679514,0.38035603065431034,0.3644772899691634,0.3548537492752075,0.42173705271856005
226,4,0,0.10001348574417508,0.09812772195989194,0.09443454444408417,0.10747819082854915,0.09600923641436958,0.0952515400835002,0.09650026261806488,0.09627590654154367,0.09473607663448713,0.09609144096580256,0.08975958824157715,0.09835720069608168,0.09733773856514176,0.09580170489807148,0.09281891584396362,0.10339259495339016,0.09325508412470011,0.09698098088012692,0.08903319388628006,0.09375107760769333,0.09908044685543654,0.09778775048696184,0.09558714181184769,0.1038664482675001,0.10111344301355092,0.09711653865359617,0.0954601839184761,0.1107636064685805,0.09671530811807254,0.09721046586394953,0.08635740727186203,0.10657805121840602
227,2,1,0.10575099909847231,0.11527150485921372,0.08653786033391953,0.1154436321022837,0.10941012328793842,0.11326545210802416,0.08399039506912231,0.13097452268666876,0.11053766102985908,0.10411101932907751,0.08279287070035934,0.1447090930601404,0.10883034257350614,0.116993442150123,0.08012273907661438,0.12937484649378106,0.1015417175674973,0.10516810795582793,0.0820847824215889,0.11737226232507506,0.10996555046332597,0.11718517966340752,0.09090855717658997,0.12180291454998046,0.12273537930422979,0.11779558186874681,0.0942998006939888,0.15611075534995375,0.11559294092028194,0.10334091865901557,0.10639175027608871,0.1370461538257415
228,3,0,0.09270936856890839,0.09327575844580557,0.0897565558552742,0.0950957914056454,0.09280527498602416,0.09514797125873006,0.09102173894643784,0.09224611475290458,0.09140769943602019,0.08781911966793804,0.0892355740070343,0.09716840463308823,0.0942086828488835,0.09313240407471707,0.09230534732341766,0.09718829714851575,0.0906264491611883,0.09103677206785174,0.09110899269580841,0.08973358271990477,0.09409843344407672,0.09110072689431722,0.08839333802461624,0.10280123541329672,0.09213373496922515,0.09085895421569473,0.09268034249544144,0.09286190819653926,0.09658459318339441,0.08765911667172371,0.0956503301858902,0.10644433269256932
229,2,0,0.15691035409422963,0.16101142066393995,0.1370709240436554,0.17264871757509356,0.15247700943643006,0.14756477009966698,0.12270263582468033,0.18716362238494288,0.16525694116065354,0.15008322483091552,0.13287697732448578,0.2128106213265593,0.16678237468833934,0.17176760842544206,0.13722693920135498,0.191352576438221,0.1362244768719778,0.14409810944074747,0.1190982237458229,0.14547709742936304,0.16298521302742297,0.15269533528450607,0.15034008026123047,0.1859202235365324,0.17055428470452602,0.15858597600647745,0.15040720999240875,0.20266966811469184,0.1476332414652615,0.13862753254427645,0.13029684126377106,0.17397535058773703
230,2,0,0.05402281074122515,0.06469121758145004,0.0476832389831543,0.049693975659071125,0.05442183790450661,0.0645530906725742,0.04276219382882118,0.05595022921212445,0.05238341691702211,0.06059171564827777,0.042472027242183685,0.05408650786060488,0.04992453187975076,0.05759441756793423,0.043933939188718796,0.04824523888259923,0.0549166930880098,0.06410176787076742,0.0499228797852993,0.05072543160796267,0.052086967557439266,0.06318728144799478,0.04103853926062584,0.052035081963697175,0.04915699587838985,0.061682939373519124,0.04374680295586586,0.042041245305784576,0.048623137140125415,0.0580759066517761,0.040772102773189545,0.0470214019954106
231,2,1,0.9461138760710653,0.9308495856170544,0.9364168047904968,0.9710752378056449,0.9456226899935113,0.9313078971798803,0.9376596808433533,0.9679004919573001,0.9428737073737213,0.9352398941635716,0.932231605052948,0.9611496229046441,0.9462111583284681,0.9337961197693524,0.9397196769714355,0.9651176782446166,0.9441882559649611,0.9331313636589743,0.9385233521461487,0.9609100520897602,0.9488954796970325,0.9373747231484597,0.9438600540161133,0.9654516619265244,0.9459345613436447,0.9354412363718286,0.9412133097648621,0.9611491378942434,0.9451123075829804,0.9369286468074658,0.9417406916618347,0.9566675842796406
232,3,0,0.13479072817835364,0.12167616004624626,0.17280836403369904,0.1098876604551156,0.13681583424998045,0.12225879255303367,0.16896934807300568,0.11921936212390201,0.1326487007678898,0.11696570663559779,0.1755705326795578,0.10540986298851372,0.1336263397088623,0.1213972948180373,0.1679568737745285,0.1115248505340212,0.130456920009921,0.11952679431983837,0.166230246424675,0.1056137192852497,0.13193312316695668,0.12063670938567665,0.17137345671653748,0.10378920339865595,0.12222897113343321,0.11535689899764012,0.14987599849700928,0.10145401590565023,0.12391153496727615,0.11349688351386379,0.15194325149059296,0.10629446989737172
233,2,0,0.07660357508453167,0.07559946686593051,0.08887182176113129,0.06533943662653321,0.080369231098691,0.07703775017053874,0.09322100132703781,0.07084894179849646,0.07806911144141106,0.08113248035003914,0.08895587921142578,0.06411897476276825,0.08350223408971891,0.07786022478714894,0.09700453281402588,0.07564194466798192,0.07812621600091098,0.07995157215629306,0.08486633002758026,0.06956074581885961,0.08261255223904866,0.07626442222239564,0.08982794731855392,0.08174528717619639,0.08545779012174477,0.08308468980957348,0.08853811025619507,0.08475057029946577,0.08071096703755364,0.08431030566304876,0.08840971440076828,0.06941288104884388
234,3,1,0.6474261849566408,0.7424792345882538,0.6545910835266113,0.5452082367550574,0.6453862096549314,0.7348403235285058,0.630825400352478,0.5704929050838103,0.6511964595391774,0.7373330452468598,0.6547384262084961,0.561517907162176,0.6396900665955952,0.738323449525194,0.6746945381164551,0.5060522121451368,0.6865314322615029,0.744063657945971,0.6784204840660095,0.6371101547725281,0.6558185343402155,0.6219000878738501,0.7500396370887756,0.5955158780580206,0.7135294483545991,0.6118635169487637,0.7879785299301147,0.7407462981849189,0.7002779041123439,0.6370208046312018,0.7749560475349426,0.6888568601708873
235,4,0,0.11491728249445572,0.10930654513528093,0.10953396558761597,0.12591133676047025,0.1151079051899776,0.10922768765791678,0.10270684957504272,0.13338917833697325,0.10123710158682941,0.10697574400681914,0.09928171336650848,0.09745384738716065,0.10839230303668583,0.10643936199098467,0.10523765534162521,0.11349989177744761,0.10704470143509748,0.110384629696402,0.09782756119966507,0.11292191340922535,0.11426601587928814,0.11087606266426026,0.10592764616012573,0.12599433881347843,0.1221946718296903,0.11125380120794429,0.10515456646680832,0.15017564781431827,0.10595879589873353,0.10905284288532631,0.09810879081487656,0.11071475399599774
236,0,0,0.6171544517352054,0.6501228866875998,0.5891373753547668,0.6122030931632495,0.6049963934801347,0.6210741731586306,0.5811815857887268,0.6127334214930465,0.6054470417830223,0.6341048521110593,0.5925208330154419,0.589715440222566,0.621462972572055,0.6555098625390217,0.5762016177177429,0.6326774374594002,0.622046656890643,0.6683003875075413,0.5799717903137207,0.6178677928506668,0.6383955418333517,0.6848892210178021,0.6378471255302429,0.59245027895201,0.6664905829768798,0.6849378276556497,0.6661795973777771,0.6483543238972126,0.6665099657536281,0.6755563751377776,0.669417679309845,0.6545558428132617
237,3,0,0.10434032273396894,0.09580472033330582,0.11998187750577927,0.0972343703628217,0.11086162356527929,0.09763311927986892,0.11563970893621445,0.11931204247975452,0.10852260989859545,0.10053754292395227,0.11745066195726395,0.10757962481457009,0.10802561383556676,0.09654264033647704,0.13200071454048157,0.0955334866297417,0.10336875408154128,0.09343192136842604,0.1197633445262909,0.09691099634990691,0.10923256836735214,0.09668466056460363,0.12017348408699036,0.11083956045046245,0.10785517879593613,0.09403565766522096,0.11367163062095642,0.11585824810163099,0.10505430043078605,0.09356593854471328,0.1117178201675415,0.10987914258010335
238,4,1,0.959141096204356,0.9605593597420553,0.9600004553794861,0.9568634734915266,0.9597372286095821,0.9593928271712908,0.958236813545227,0.9615820451122287,0.9571085249867162,0.9595185756473266,0.9614502191543579,0.950356780158464,0.9594752300448288,0.9614714613326995,0.9639444351196289,0.9530097936821581,0.9609751325040579,0.9640743280776415,0.9662030935287476,0.9526479759057843,0.9599162402559345,0.9605876419784051,0.9593772888183594,0.9597837899710391,0.9655774256941149,0.9655293263255593,0.969661295413971,0.9615416553428143,0.9583893713772822,0.9612313574346104,0.9614896774291992,0.9524470792680367
239,0,0,0.13723392511473873,0.12399275896042804,0.10800618678331375,0.17970282960047432,0.1253572324210823,0.1232019527548663,0.10381859540939331,0.14905114909898726,0.13660136781906687,0.13679371113094457,0.11091715842485428,0.16209323390140173,0.13054849792120146,0.13374789593880979,0.11025850474834442,0.14763909307645012,0.13049831139025536,0.13402679751379573,0.10963276773691177,0.1478353689200586,0.14818307399016303,0.14271590576958854,0.12304563820362091,0.17878767799727965,0.14711538712622696,0.136633174035734,0.12981757521629333,0.17489541212665358,0.1382152611329982,0.1355684908767754,0.12154299765825272,0.15753429486396656
240,4,0,0.10365390598256369,0.09868007017507294,0.10510502755641937,0.10717662021619874,0.1079212469272884,0.09779034520320776,0.10814185440540314,0.11783154117325428,0.09922866459875755,0.09666654351296171,0.10048992931842804,0.10052952096488289,0.10346148481637418,0.0972169496730459,0.1066797524690628,0.10648775230701384,0.1050235114962796,0.09928721024533431,0.10343968123197556,0.11234364301152892,0.10703291568285127,0.09629585739597323,0.10804089903831482,0.11676199061426572,0.10806161439875868,0.09611693489344338,0.10844328999519348,0.1196246183076392,0.10656839029120439,0.09795458182501741,0.1055808961391449,0.11616969290945084
241,2,0,0.11717288264993136,0.08975872805835097,0.11605411767959595,0.14570580221184717,0.11979811337924196,0.09384003725036967,0.13755299150943756,0.12800131137791862,0.10945612824944632,0.08828600826501465,0.14031267166137695,0.09976970482194733,0.11563394732156707,0.08755280768951432,0.1445627361536026,0.11478629812158425,0.12322599813247709,0.08653349995561574,0.13265088200569153,0.150493612436124,0.09973921599252207,0.08686766111163076,0.12383896857500076,0.08851101829093475,0.11280800311689836,0.08105979118303054,0.13768701255321503,0.11967720561444947,0.11074584542990529,0.0831365953529226,0.1054425984621048,0.14365834247468845
242,2,1,0.6824538523179543,0.6936642612470452,0.7049382925033569,0.6487590032034611,0.6985306580914128,0.7038507646148403,0.7297148108482361,0.662026398811162,0.6946899391930578,0.6913051248050749,0.7116056084632874,0.6811590843108107,0.6988818719695619,0.6965220888661378,0.7272489070892334,0.6728746199533142,0.6952333633744786,0.6931923676760102,0.7193247079849243,0.6731830144625014,0.6866258253290782,0.7043183165337955,0.7142004370689392,0.6413587223845,0.6751154917365273,0.6971475443606555,0.7087975144386292,0.6194014164102974,0.6845967119934148,0.7003114963002456,0.6983287334442139,0.6551499062357846
243,3,0,0.12117551410057248,0.10944023145989554,0.13064661622047424,0.12343969462134763,0.1252578046379144,0.1136873515937201,0.1346101611852646,0.12747590113475848,0.11599516277869491,0.10873798387318259,0.1298464983701706,0.10940100609273154,0.1211590423064038,0.10913163036655418,0.12960585951805115,0.12473963703460605,0.1212162830450653,0.10957538224025572,0.12985219061374664,0.12422127628119357,0.11897884199074553,0.10552192606750264,0.1366451382637024,0.11476946164103152,0.12105297574068108,0.10450370455592908,0.13926465809345245,0.11939056457266169,0.12237349253269113,0.10633843842727099,0.13602212071418762,0.12475991845661479
244,4,0,0.2042614235108878,0.25593103234651055,0.09472673386335373,0.2621265043227991,0.2457018310159619,0.35707126168912184,0.0986320748925209,0.28140215646624306,0.24981743950036825,0.369135530006346,0.09418654441833496,0.28613024407642373,0.25173237401626847,0.3449652352581757,0.0962754487991333,0.31395643799149636,0.24329059250850027,0.38842153739984947,0.10498112440109253,0.2364691157245588,0.24606052325195973,0.3179917282607153,0.09862198680639267,0.32156785468877125,0.23528610407721792,0.2937716455545871,0.09021993726491928,0.3218667294121474,0.23664658695909535,0.3626954507196018,0.094783715903759,0.25246059425392525
245,2,0,0.07333364087047839,0.08160098223970845,0.1069846898317337,0.031415250539993,0.06518496455824453,0.08102792874456045,0.0799294114112854,0.03459755351888776,0.07007604267750887,0.07925723731191196,0.09736332297325134,0.03360756774736328,0.07516343447799621,0.08921895440501781,0.10093414783477783,0.03533720119419297,0.065692180405676,0.08204531032057491,0.08584299683570862,0.02918823406074445,0.07118583671058577,0.07738046363533027,0.09985032677650452,0.03632671971992252,0.06936104446601414,0.07951918459911446,0.09400493651628494,0.034559012282643034,0.0671864725104215,0.07530207972742281,0.08105160295963287,0.045205734844208804
246,4,0,0.7512073033454275,0.7701993882200712,0.6638801097869873,0.8195424120292242,0.7277149071118311,0.7998769417429821,0.660901665687561,0.72236611390495,0.7702080395655376,0.7975288273888087,0.6677444577217102,0.8453508335860938,0.7663944660772937,0.7790714699937343,0.666490912437439,0.8536210158007078,0.7501372051444705,0.7950022944709603,0.682698667049408,0.772710653913043,0.7142659747044796,0.7714254562955003,0.6619496941566467,0.709422773661292,0.7090895955981708,0.7730400377850937,0.6404798626899719,0.7137488863194467,0.741819243710626,0.7587336621442382,0.6836873292922974,0.7830367396953424
247,1,0,0.5700942614302353,0.5366133626661738,0.5652908682823181,0.608378553342214,0.5580923393083456,0.5394470143967829,0.5845389366149902,0.5502910669132633,0.5731617849573417,0.5430403004776322,0.5790003538131714,0.5974447005812218,0.567492340951309,0.537423985873506,0.57639479637146,0.5886582406089608,0.5811065995746697,0.5335978886441209,0.6081453561782837,0.6015765539016048,0.599198608004074,0.5794931461025901,0.5848023891448975,0.6333002887647343,0.6031013303483491,0.5862520369934234,0.5883294343948364,0.6347225196567876,0.5932704141190982,0.570572197123547,0.603621244430542,0.6056178008032056
248,1,1,0.8351756764573085,0.8799327181468576,0.8570672869682312,0.7685270242568366,0.8519996934507669,0.8737994633157249,0.8592466711997986,0.8229529458367774,0.8574104111226576,0.8765085534966476,0.8728570342063904,0.8228656456649349,0.8442215098275815,0.8763680947074902,0.8692580461502075,0.7870383886250466,0.8545433599011879,0.8829459558512007,0.8686798214912415,0.8120043023611215,0.8512489337886747,0.885924187031349,0.8720447421073914,0.7957778722272836,0.8576828765120178,0.8788801423017252,0.8686521649360657,0.8255163222982629,0.8548475026629269,0.8769837044390162,0.8722601532936096,0.8152986502561551
249,1,1,0.3870008167450249,0.4043260441194325,0.3977155387401581,0.358960867375484,0.3944499385753671,0.4318445345503804,0.3777759075164795,0.3737293736592414,0.45169279586691324,0.4421514665186358,0.48735275864601135,0.4255741624360927,0.39613419908092157,0.4253282102741041,0.3685750663280487,0.394499320640612,0.47774381181887193,0.4548477829748474,0.5029101967811584,0.47547345570061006,0.39368776047383824,0.41819379617901753,0.34143245220184326,0.421437033040654,0.37559585163861303,0.39565007183195433,0.3499387800693512,0.38119870301453357,0.4581095635655214,0.4291189605986234,0.47506240010261536,0.47014732999532544
250,0,0,0.05412514794176914,0.06708012972622046,0.04933129623532295,0.04596401786376401,0.04924924271376829,0.05489604851274078,0.050148919224739075,0.04270276040382502,0.049319408571989666,0.05482132038141226,0.04772516340017319,0.045411741934383555,0.04470480978311415,0.053883682904595186,0.0528029203414917,0.027427826103255566,0.05278345126489322,0.05899804370020448,0.05985395237803459,0.03949835771644059,0.0963613121142136,0.11747368564817307,0.11242902278900146,0.05918122790546627,0.09069508977906156,0.07403134273809467,0.08388245105743408,0.11417147554165594,0.07347201108236663,0.05988504411507545,0.07212146371603012,0.08840952541599434
251,2,0,0.10067679325579966,0.10173464065084495,0.0953795537352562,0.10491618538129785,0.1000342724854853,0.09975457431360538,0.09616320580244064,0.10418503734040986,0.100925357715334,0.1023789429598331,0.09979540854692459,0.10060172163924429,0.09995041925813415,0.10142035187091243,0.101169154047966,0.09726175185552406,0.09803664389822274,0.10154045917779823,0.0983167439699173,0.09425272854695266,0.10055657526531148,0.10469079320019488,0.09371254593133926,0.10326638666440033,0.10104880671212967,0.09784243860105787,0.09753131121397018,0.10777267032136094,0.09705489372404486,0.09721750943938236,0.0981980413198471,0.09574913041290513
252,0,0,0.07208023603825875,0.07284958440663361,0.0713166669011116,0.07207445680703102,0.07832838699657002,0.09255896970158962,0.06478315591812134,0.07764303536999911,0.08229709758141311,0.10516791508747027,0.06286662817001343,0.07885674948675563,0.0815409629082589,0.07436003164807288,0.06503947079181671,0.1052233862848871,0.10409795525922017,0.14951140047505346,0.05709640681743622,0.10568605848517083,0.08205227959082183,0.06829388771924559,0.057035431265830994,0.1208275197873889,0.07539613521148304,0.08010433727319406,0.053173620253801346,0.09291044810745375,0.11608901531315934,0.09435186971670105,0.0669940710067749,0.18692110521600203
253,3,0,0.19821477215669472,0.18281873064678208,0.25706517696380615,0.15476040885949593,0.2162921051783734,0.1984887802960715,0.26428544521331787,0.1861020900257308,0.21514807546404655,0.1996578400689437,0.23334528505802155,0.2124411012651744,0.20730915681384743,0.1829631744643726,0.2573769986629486,0.18158729731422105,0.22250008068908803,0.2031117942786755,0.2788667678833008,0.18552167990528776,0.21048925967965038,0.18977167061905187,0.2660859525203705,0.1756101558995288,0.22788341531861867,0.19750328057016267,0.2892182767391205,0.19692868864657292,0.2120500199940617,0.20573054320424206,0.23859567940235138,0.1918238373755917
254,4,0,0.08967032166670687,0.10027209156821464,0.11709349602460861,0.051645377407297334,0.09598488312765711,0.10098224062338393,0.12413396686315536,0.06283844189643205,0.08983803054091904,0.09857587705401885,0.1113552674651146,0.05958294710362368,0.0941939288810411,0.100403948884577,0.12597733736038208,0.05620050039816424,0.09696844248981047,0.0995545756321574,0.1240159273147583,0.06733482452251571,0.07902381326910189,0.08578158547702926,0.10257728397846222,0.048712570351814234,0.07483937946030915,0.081204351692227,0.09291425347328186,0.050399533215418596,0.07187669208743028,0.07717069719879865,0.09201987087726593,0.046439508186226254
255,4,0,0.5396007496475971,0.5196455575176162,0.5677892565727234,0.5313674348524515,0.5426010448789665,0.5327330433756982,0.5594457983970642,0.5356242928641374,0.538254280990512,0.5421751177276691,0.5491579174995422,0.5234298077443243,0.5436628542780428,0.5252949166758119,0.5580180883407593,0.5476755578175575,0.5366003237965891,0.5441346154717078,0.5681344270706177,0.4975319288474416,0.40918290704061455,0.48622718609196364,0.3586643934249878,0.3826571416048922,0.3936840355419318,0.44426885604520644,0.35958409309387207,0.3771991574867172,0.3725062610684944,0.4589285592172366,0.3398587703704834,0.3187314536177633
256,4,1,0.6455699408902551,0.7167303194583925,0.5820966958999634,0.6378828073124094,0.6547863644526303,0.7801326254396999,0.6022135019302368,0.5820129659879542,0.6355117595730256,0.7837133029469142,0.5544184446334839,0.5684035311386788,0.6350163326766106,0.7754833866234674,0.5316447615623474,0.5979208498440173,0.6322224607091856,0.7129965203085991,0.5717595815658569,0.6119112802531012,0.6208316595713744,0.6979453677652785,0.5642015337944031,0.6003480771544417,0.63125474346438,0.753329971227188,0.5243725776672363,0.6160616814987158,0.6181866904706753,0.6985405153574116,0.5711056590080261,0.584913897046588
257,3,1,0.9120572763332114,0.9134216420421254,0.9114235043525696,0.9113266826049395,0.9335746803044128,0.9213970115280357,0.9339376091957092,0.9453894201894936,0.9260264491235279,0.9184628841074826,0.934195339679718,0.9254211235833831,0.9296193132045026,0.9176687099726036,0.9287028908729553,0.9424863387679489,0.9308465388860737,0.9214180722451323,0.9364432692527771,0.9346782751603117,0.9239797043757312,0.9217892360861603,0.9367222189903259,0.9134276580507072,0.9302191392056613,0.9193004335001793,0.9399236440658569,0.9314333400509476,0.9399700443385526,0.936235872403756,0.9538500905036926,0.929824170108209
258,1,1,0.9658583494740408,0.9515732731932872,0.9689562320709229,0.9770455431579123,0.9666535046749644,0.9536947777069966,0.9687927961349487,0.9774729401829476,0.9672095116925966,0.9494016715819461,0.9720725417137146,0.9801543217821292,0.9690915272871224,0.9520316977044356,0.9713039398193359,0.9839389443375958,0.964891605448975,0.9481306874726192,0.9682989120483398,0.9782452168259658,0.9677157359649572,0.9521803317916225,0.9709922671318054,0.9799746089714436,0.9683402500869569,0.9500113921014403,0.9711678624153137,0.9838414957441171,0.966284775562829,0.9474567520599936,0.9664390683174133,0.9849585063110801
259,4,1,0.94916630935237,0.9375418759552505,0.9402836561203003,0.9696733959815594,0.9535482272408298,0.9340701527637785,0.9500084519386292,0.9765660770200816,0.9497870673635499,0.9348801699126897,0.9496609568595886,0.9648200753183712,0.9536377322737805,0.9366289124067149,0.9491652846336365,0.97511899978099,0.948931611663248,0.9335774081830464,0.9469435214996338,0.9662739053070639,0.9498184168626249,0.9330349718282726,0.9488022327423096,0.9676180460172925,0.9584999515303286,0.9392926234511718,0.956291675567627,0.9799155555721873,0.9529698988235525,0.9314135786369395,0.9535951614379883,0.9739009563957302
260,4,1,0.8554790663164451,0.8541705731316597,0.8433341979980469,0.8689324278196288,0.8634266281871605,0.8629239307177017,0.8468960523605347,0.8804599014832453,0.8595517406531892,0.8612913453382405,0.8531011343002319,0.8642627423210952,0.8636017258899681,0.8552420815450189,0.8524142503738403,0.8831488457510448,0.8554618445588523,0.8641201316684641,0.8449040651321411,0.8573613368759518,0.8526707619275493,0.836504793243731,0.8389900326728821,0.8825174598660352,0.8791594069462314,0.8578378890036595,0.8864617347717285,0.893178597063306,0.8786025488867487,0.8682464143113998,0.8787214756011963,0.8888397567476497
261,3,0,0.10840025676704201,0.10506034494287435,0.1169305145740509,0.10320991078420075,0.10638438697699643,0.10110464954631199,0.1120498925447464,0.10599861883993088,0.10991559124519801,0.10186030034298826,0.11737330257892609,0.11051317081367966,0.11014486194195416,0.10394692479536502,0.11607146263122559,0.1104161983992719,0.10441334590998326,0.10714555374701076,0.10702041536569595,0.09907406861724305,0.10130205654281632,0.09851047614748289,0.10966532677412033,0.09573036670684575,0.10220098988760644,0.09989866724429865,0.10489902645349503,0.10180527596502567,0.09616875782352192,0.10128120150926337,0.10329342633485794,0.08393164562644449
262,4,1,0.5298486214497997,0.6266991693771855,0.6420570015907288,0.32078969338148494,0.5445547788161419,0.6349651536832659,0.6659346222877502,0.3327645604774097,0.5150900664992648,0.6038368080964674,0.6645493507385254,0.2768840406628017,0.5288140267504081,0.6120571729983854,0.649286150932312,0.3250987563205267,0.5172731271512839,0.5683545859539398,0.6525560617446899,0.3309087337552221,0.6253313603394732,0.7245151032996713,0.7412686347961426,0.4102103429226059,0.6435742504086216,0.6014961234055668,0.7920624017715454,0.5371642260487527,0.6402514736712662,0.5852854193899492,0.8066738843917847,0.5287951172320645
263,2,0,0.23389747941183167,0.22415553618677142,0.24107007682323456,0.23646682522548895,0.2302337654452767,0.21897111657152082,0.2324504256248474,0.23927975413946193,0.22634720845881198,0.19267896067225082,0.24834775924682617,0.23801490545735898,0.22989947610162986,0.2148905053212932,0.2372782975435257,0.2375296254400707,0.2091001999589626,0.1882970349515337,0.26765409111976624,0.17134947380558785,0.23436174814166122,0.22296359435617524,0.24956876039505005,0.23055288967375834,0.2303543329514918,0.23335086014085937,0.25443828105926514,0.20327385765435085,0.2263263939541507,0.2122647857764401,0.26156824827194214,0.20514614781406984
264,1,0,0.09818310385991867,0.08889004863575527,0.09538745880126953,0.11027180414273119,0.09850395812512373,0.08814575233115479,0.1075742244720459,0.0997918975721705,0.10193208763417062,0.09416860251188353,0.08796656876802444,0.1236610916226039,0.11247356712906191,0.09749264956978401,0.10187704116106033,0.1380510106563414,0.09636972762101965,0.09394514109286188,0.09161662310361862,0.10354741866657843,0.11131817694441898,0.09949562469111453,0.1108342856168747,0.12362462052526772,0.10764212916400807,0.09948122982617597,0.10358761250972748,0.11985754515612078,0.1053819319747717,0.09672386417832855,0.09555276483297348,0.12386916691301307
265,1,0,0.7153387130301333,0.7134231501915781,0.7134891152381897,0.7191038736606326,0.7183935053502726,0.712832192315384,0.7266790270805359,0.715669296654898,0.7108093021172421,0.7136428245331189,0.7160709500312805,0.7027141317873271,0.7169619925371279,0.7101595317180445,0.7178488969802856,0.7228775489130537,0.7156620267543317,0.7104638550022669,0.719447910785675,0.7170743144750528,0.7221998653643938,0.7102159493212967,0.7411122918128967,0.7152713549589881,0.7244386876107217,0.7227868909451253,0.7480356693267822,0.7024935025602572,0.7201258736018078,0.717325283998333,0.7310070395469666,0.7120452972601239
266,2,0,0.10276857614459904,0.10305347029653839,0.10212394595146179,0.10312831218579695,0.11196289671612743,0.10176115211273419,0.11074057221412659,0.12338696582152153,0.10171330643046228,0.09833165632608822,0.09722539782524109,0.10958286514005756,0.10582898594115148,0.09785121128331449,0.10180936753749847,0.1178263790026415,0.11036616262896103,0.09720613800397726,0.10835641622543335,0.12553593365747245,0.111597406987537,0.10315879975507314,0.10802946239709854,0.12360395881043933,0.10877534556597195,0.1014218933466152,0.09832760691642761,0.126576536434873,0.11294817582242249,0.10161883074561462,0.10560775548219681,0.13161794123945605
267,3,0,0.05481906344379933,0.07955176437637296,0.05221995338797569,0.03268547256704936,0.0562456383216824,0.0787322321465418,0.04662580043077469,0.04337888238773071,0.053970570188195004,0.08018657718380495,0.05249987542629242,0.029225257954487632,0.04931773900054965,0.08002616650943327,0.04813539236783981,0.01979165812437585,0.058904685293172616,0.08237995159418178,0.05399294197559357,0.040341162309742516,0.051396705868105415,0.07273890480451127,0.04505299776792526,0.03639821503187971,0.04232721105940601,0.0691299244826082,0.040148746222257614,0.017702962473352225,0.04344736275539925,0.07384558545211985,0.03914562612771988,0.017350876686358038
268,1,1,0.09590301746124809,0.10694554713370108,0.09096056967973709,0.08980293557030612,0.09446766526717415,0.10608733957122407,0.09069786965847015,0.08661778657182824,0.09642908081873448,0.10570462579756995,0.09084123373031616,0.09274138292831734,0.09507944855828565,0.1061728439863896,0.09330784529447556,0.0857576563939918,0.09567550692026089,0.10619775645626407,0.09475383162498474,0.08607493267953385,0.0986150276599909,0.10676137973093909,0.09054671227931976,0.09853699096971386,0.09715775978254175,0.10583585693110474,0.09005043655633926,0.09558698586018122,0.09638369836349568,0.10226668408447413,0.09177681803703308,0.0951075929689798
269,4,1,0.9260183363815124,0.8929101681988959,0.9272330403327942,0.9579118006128473,0.9198814872685404,0.895205705293746,0.9200654029846191,0.9443733535272558,0.9169887926480934,0.8911015648743668,0.9192522764205933,0.9406125366493203,0.9174331607247034,0.8916534221860493,0.9166793823242188,0.9439666776638422,0.9203550483928398,0.8966018962021283,0.9250636100769043,0.939399638899487,0.930997649559084,0.9177486049562281,0.9263322949409485,0.9489120487800756,0.9316449541557167,0.9056170052462591,0.9396969676017761,0.9496208896191148,0.9344290721662469,0.9156740389315986,0.9377962350845337,0.9498169424826084
270,2,1,0.950755770438081,0.9315265666461711,0.9519758224487305,0.9687649222193414,0.9534899366039663,0.9353329398174962,0.9527195692062378,0.9724173007881651,0.9526490235234294,0.9342448164255012,0.9489235877990723,0.9747786663457148,0.9568239115498579,0.9344599713467642,0.9547936320304871,0.9812181312723225,0.9543969851461392,0.9369610538196889,0.9530389904975891,0.9731909111211396,0.9518375574640553,0.9342031253877947,0.9477827548980713,0.9735267921063001,0.9476976463539845,0.9387915013325667,0.9330729842185974,0.9712284535107895,0.945790264829029,0.93853988573871,0.933819591999054,0.9650113167493231
271,1,0,0.19126902529664802,0.14744743305266858,0.14911888539791107,0.2772407574393643,0.17289649191151024,0.1451697523695671,0.14421473443508148,0.22930498892988213,0.17434358689190801,0.149178504713889,0.14935965836048126,0.22449259760135384,0.18152058604135493,0.14012463578792844,0.1499321162700653,0.25450500606607107,0.17763048932432912,0.1537921338215209,0.13660499453544617,0.2424943396160203,0.21110857296967078,0.1662396299206774,0.18090452253818512,0.2861815664501498,0.2223267097705406,0.17654940515165612,0.18936339020729065,0.301067333952675,0.22293659688225764,0.17204085734677568,0.1940760314464569,0.30269290185354036
272,4,1,0.05609234594100069,0.06884522524925439,0.037557244300842285,0.06187456827290539,0.05673867943826418,0.07261733102476031,0.03546638414263725,0.06213232314739497,0.05900433902700667,0.07211994199524614,0.037478525191545486,0.06741454989422838,0.05824956485452398,0.06850549738497183,0.03743509575724602,0.06880810142135409,0.06102090845878052,0.07082483285051448,0.039969898760318756,0.0722679937655083,0.04686203012361089,0.06496742937471965,0.028467003256082535,0.047151657740030474,0.045963597947371836,0.057501190099564246,0.027033032849431038,0.05335657089312021,0.050956494192158086,0.06647287360472669,0.032268863171339035,0.05412774580040855
273,2,1,0.9255265963223188,0.9345016929431318,0.9256421327590942,0.9164359632647308,0.9192799515882933,0.9308514233396818,0.9136397242546082,0.9133487071705897,0.9248408465915477,0.9341476133535108,0.9165528416633606,0.9238220847577718,0.9311255710671298,0.9304867524429561,0.9192152619361877,0.9436746988222454,0.91954060859156,0.9284570130010639,0.922317624092102,0.907847188681514,0.9309312860304696,0.9330148152563295,0.9279107451438904,0.9318682976911886,0.9307330196202847,0.9396503947386201,0.9285455942153931,0.9240030699068408,0.922554624587305,0.9367491281637256,0.9052978754043579,0.9256168701938315
274,0,0,0.5503394155651616,0.6079793124059899,0.5675382614135742,0.4755006728759211,0.5651413065590074,0.6155297152878522,0.5657590627670288,0.5141351416221414,0.5202356887223712,0.5468347579158335,0.5558571219444275,0.4580151863068529,0.5537195344616926,0.6079534081091077,0.5932924151420593,0.4599127801339112,0.5164901855402494,0.5674806055836008,0.5592341423034668,0.4227558087336804,0.5418237112788197,0.5879481863246019,0.550044059753418,0.4874788877584391,0.561718146973147,0.6080209237690185,0.5678510069847107,0.5092825101657121,0.49394312037238697,0.5570499665796481,0.5248200297355652,0.3999593648019478
275,3,1,0.6896312880802055,0.7126551410754356,0.6938652992248535,0.6623734239403275,0.6997550832251077,0.7108586064091872,0.7120372653007507,0.6763693779653849,0.7047146670689419,0.7110322194088532,0.709426999092102,0.6936847827058705,0.6960249208273641,0.7111252582277212,0.7189477682113647,0.6580017360430066,0.7015502399938081,0.7136542774378197,0.6982601284980774,0.6927363140455272,0.6974369257455432,0.712317564345952,0.7160319685935974,0.6639612442970803,0.6966320989915906,0.7182595103700243,0.7085489630699158,0.663087823534832,0.7088626649478806,0.7199516384244519,0.7108315229415894,0.6958048334776007
276,4,1,0.9174913769575964,0.8862765283852281,0.9049702286720276,0.9612273738155338,0.9057399351869418,0.8910969097590218,0.8856406807899475,0.9404822150118564,0.8937460562756868,0.8598344703475915,0.87352454662323,0.9478791518562388,0.9058248238788932,0.8791564804468935,0.8807842135429382,0.957533777646848,0.8936512389025566,0.8608034447565946,0.8846093416213989,0.935540930329676,0.9084575813745374,0.8760436929841863,0.9009793400764465,0.9483497110629795,0.9241513267371889,0.8890239866259348,0.9303463101387024,0.9530836834469294,0.9126061025088238,0.8825361586944245,0.9172596335411072,0.9380225152909395
277,1,0,0.5039867427059893,0.5196617605369938,0.5241554379463196,0.4681430296346547,0.48839114270837314,0.511106444383988,0.5344759225845337,0.4195910611565975,0.5285420647925543,0.5081436367204181,0.500961422920227,0.5765211347370176,0.525987606121428,0.5144162222827403,0.5162639617919922,0.5472826342895516,0.5246830487891866,0.514490150611748,0.5465290546417236,0.5130299411140884,0.5442012756459707,0.5527844541334561,0.5479753017425537,0.5318440710619021,0.5532153023993638,0.5752870811013813,0.5270710587501526,0.5572877673465575,0.5756008214270133,0.5511491596592306,0.5856485962867737,0.5900047083350358
278,2,0,0.08298264795734879,0.07910262602084772,0.08028563112020493,0.08955968673099374,0.08738521095980052,0.07839560380687645,0.08157911151647568,0.10218091755604945,0.08284232441003658,0.07600326377632588,0.08878462016582489,0.08373908928795898,0.08053768724092097,0.07757108926527605,0.09269020706415176,0.07135176539333508,0.07986485388292373,0.08172276950159428,0.08646038174629211,0.07141141040088478,0.10702079609397669,0.1369596119549926,0.08381016552448273,0.10029261080245476,0.1018215031454426,0.10773956335458813,0.09436570107936859,0.1033592450023711,0.10441716513081933,0.13692981331194107,0.08008323609828949,0.09623844598222746
279,1,0,0.0476213878373082,0.057180725820553786,0.05038026347756386,0.03530317421380698,0.05048013216241895,0.05317003979138892,0.05290655791759491,0.04536379877827301,0.05064374291091106,0.056262887036994745,0.04940140247344971,0.046266939222288736,0.046090908379790484,0.05512986934176144,0.050017986446619034,0.03312486935099098,0.05070136749678756,0.057217093762280534,0.04938260093331337,0.04550440779476877,0.04062561515528405,0.0491309634866087,0.04604674130678177,0.026699140672461694,0.04060407202495794,0.04899145721910945,0.051845382899045944,0.020975375956718445,0.0440795332104418,0.04783702719139579,0.04767337441444397,0.03672819802548562
280,2,1,0.5105121070066865,0.57864764982146,0.4298456013202667,0.5230430698783327,0.5107521583518018,0.5746024103698422,0.42728936672210693,0.5303646979634562,0.49902571351121844,0.5856746242732654,0.4173591732978821,0.4940433429625078,0.4766290665035792,0.5644839725655955,0.36846011877059937,0.4969431081745427,0.4754317521223062,0.5854618739713554,0.344838410615921,0.4959949717796422,0.4330593874287915,0.5343774885796023,0.3268986642360687,0.43790200947070357,0.39106062468640784,0.5697285610355814,0.2555990219116211,0.3478542911120209,0.3865095146969652,0.5532041303332477,0.2459811270236969,0.360343286733951
281,3,0,0.07258819742091437,0.08751469394403413,0.07265167683362961,0.05759822148507934,0.06610035369837615,0.09134054810232713,0.07167450338602066,0.03528600960678067,0.07268277653099052,0.08882744898302818,0.07270754873752594,0.05651333187241744,0.07423038549861534,0.09404886457428419,0.07715646177530289,0.05148583014625893,0.07341791640969071,0.10146321270399122,0.07792595028877258,0.040864586236308335,0.07014710177891004,0.08586426856375554,0.07749903947114944,0.04707799730182512,0.07300894863230376,0.09930232077167152,0.07960984110832214,0.040114684016917625,0.06404291283089368,0.0800582783849037,0.07574239373207092,0.03632806637570643
282,1,0,0.10000919613943476,0.10131851655656021,0.12511339783668518,0.0735956740250589,0.10961804471763027,0.10148574176032268,0.12122835218906403,0.10614004020350414,0.09872596358140279,0.10428252471139159,0.11429667472839355,0.07759869130442322,0.09821134746347142,0.10052602295767285,0.12138861417770386,0.07271940525503752,0.10717602879828399,0.10397851701211662,0.1358177661895752,0.08173180319316013,0.10170217091100457,0.09582619631058475,0.12293245643377304,0.08634785998865592,0.09305758714744072,0.09202222705935463,0.11967534571886063,0.06747518866410693,0.09942522496878692,0.08954271833415446,0.12685918807983398,0.08187376849237234
283,0,0,0.09235276709998741,0.09828828881368203,0.08216980844736099,0.09660020403891922,0.09192816915609331,0.09619984458570313,0.07850246131420135,0.10108220156837544,0.08923640185630007,0.09785345478025831,0.083608478307724,0.08624727248091792,0.09031582826267648,0.09749993420845583,0.08251619338989258,0.09093135718968101,0.08949654850269302,0.0988653427635499,0.07974102348089218,0.08988327926363697,0.0926181039143039,0.09452290228492627,0.08695203065872192,0.09637937879926349,0.09794869096647384,0.1002460702450603,0.08770722895860672,0.10589277369575449,0.100748212395199,0.09409935457480219,0.09341544657945633,0.11472983603133849
284,0,1,0.09207951652717145,0.09391867121769444,0.0875767394900322,0.09474313887378771,0.09536186795821744,0.09181641074376344,0.09385614842176437,0.1004130447091245,0.095960258903164,0.0934756420934691,0.09426489472389221,0.10014023989213068,0.09406907653033929,0.09351406537305573,0.09061957895755768,0.09807358526040447,0.09427154349017941,0.09442178797312661,0.09326545149087906,0.09512739100653253,0.10627482097462333,0.10613615325585204,0.10372626036405563,0.10896204930396236,0.10747326054955453,0.10257438280609184,0.10810539126396179,0.11174000757860997,0.10803307844128744,0.09807536541146367,0.11920960247516632,0.10681426743723232
285,2,0,0.239992696607225,0.19026477415800022,0.17531396448612213,0.35439935117755256,0.21780261682379795,0.18862880874668503,0.1953023076057434,0.2694767341189654,0.20725378508474787,0.15068446162433632,0.17930857837200165,0.2917683152579056,0.233335535618684,0.1955575292886966,0.2039530724287033,0.300496005138652,0.2232745738425417,0.1537967170697691,0.17831185460090637,0.33771514985694967,0.20288303112271663,0.15320090905047454,0.18106740713119507,0.2743807771864803,0.21691639034009688,0.17080005160555153,0.17564666271209717,0.3043024567026419,0.21092109347873858,0.1435584616437859,0.16772501170635223,0.32147980708607765
286,0,0,0.11236956092498283,0.10320659168757479,0.12176108360290527,0.11214100748446841,0.11518900077136263,0.10167885676110879,0.1307123303413391,0.11317581521163998,0.11163137247523747,0.0982224867843976,0.12730036675930023,0.10937126388201454,0.11187523091344476,0.10015193744633731,0.12480028718709946,0.11067346810689746,0.10844936172309423,0.10097890622993495,0.10664869844913483,0.11772048049021296,0.10960024132531156,0.10031938158266843,0.11728078871965408,0.11120055367361216,0.11602104550366103,0.1043171063573398,0.1275193989276886,0.11622663122595464,0.11620655874757257,0.10580172582520399,0.11451071500778198,0.12830723540973177
287,0,1,0.11004520305566932,0.10093931759235378,0.12988713383674622,0.09930915773790798,0.11569342509269352,0.10562956982156468,0.12861189246177673,0.11283881299473915,0.10875906942349733,0.10255250776592374,0.1321420520544052,0.09158264845016305,0.10495675916668534,0.10051729578843119,0.11785240471363068,0.09650057699799414,0.10810258734330468,0.10562891315621789,0.11072270572185516,0.10795614315184097,0.10466926460909676,0.09341856195740386,0.11686919629573822,0.10372003557414816,0.10959269137356738,0.09951171893461673,0.12239490449428558,0.10687145069179982,0.11241283972401694,0.09500834472141653,0.1214805617928505,0.12074961265778382
288,0,0,0.09198505361544575,0.09391867121769444,0.08898107707500458,0.09305541255363824,0.0887394397681626,0.09362645481010476,0.08684321492910385,0.08574864956527918,0.09534512253092105,0.09533366316093898,0.09267295897006989,0.09802874546175425,0.09309687698715337,0.09351406537305573,0.08986253291368484,0.09591403267471953,0.09353920795907911,0.09628783540185622,0.08585450053215027,0.09847528794323082,0.09946172932909307,0.09981615110396269,0.0924568623304367,0.10611217455287981,0.0976349566835048,0.0977702542890462,0.09003715217113495,0.10509746359033326,0.09814729197648973,0.09566219398579066,0.0947892814874649,0.1039904004562136
289,1,1,0.11538308050260414,0.10762228611205707,0.10895966738462448,0.12956728801113085,0.11210991197717375,0.10773389225059268,0.10594311356544495,0.12265273011548362,0.11284653277488528,0.1124715053073341,0.10948165506124496,0.1165864379560768,0.11275557457335357,0.10780444621731308,0.10867900401353836,0.12178327348920925,0.10820811282018665,0.11022418691629936,0.1000092402100563,0.11439091133420429,0.11529665285760334,0.10917464068839301,0.10575305670499802,0.130962261179419,0.11372749324858482,0.10276350611644491,0.11420555412769318,0.12421341950161637,0.10101015966902101,0.10132924148599998,0.09476973861455917,0.1069314989065039
290,1,1,0.6936562844513207,0.6964113074984956,0.7008434534072876,0.6837140924481792,0.7073427281719599,0.6982539047149655,0.7175067067146301,0.7062675730862841,0.6923846323108486,0.6941794822359868,0.7091303467750549,0.6738440679215039,0.6930489856984826,0.6956157221612852,0.7133528590202332,0.6701783759139296,0.7015571043317776,0.7031551760673442,0.712197482585907,0.6893186543420816,0.6990457127374791,0.6912227652689448,0.7282143235206604,0.6777000494228317,0.7068309012802111,0.7055797375269479,0.7232603430747986,0.691652623238887,0.7071049781591409,0.7063578332864738,0.7088974714279175,0.7060596297630314
291,0,1,0.9403922304077935,0.9287998956554504,0.9367393851280212,0.9556374104399089,0.9426923982417174,0.9219309866467811,0.9426975250244141,0.9634486830539568,0.9360414731814695,0.9299578081353385,0.9405201077461243,0.9376465036629454,0.942863232636899,0.9332092157531556,0.9423424601554871,0.9530380220020543,0.9327956748155998,0.9271374335210402,0.9373204112052917,0.9339291797204675,0.9381809224587051,0.9353565720729037,0.9304524064064026,0.948733788896809,0.9217236903640394,0.9124865636744453,0.9196499586105347,0.9330345488071384,0.9143252569380053,0.910973786864414,0.9142894744873047,0.9177125094622973
292,4,1,0.9593485320517384,0.9435726430790441,0.9566504955291748,0.9778224575469961,0.9569203754591856,0.9416358612390966,0.9550884962081909,0.9740367689302692,0.9587874393590642,0.9471434556906733,0.9528932571411133,0.976325605245406,0.9572472545500994,0.9416920376206763,0.953683078289032,0.97636664774059,0.9542343154441362,0.9432207364556777,0.9494368433952332,0.9700453664814976,0.9584649278359452,0.9437749689775532,0.9525004625320435,0.9791193519982386,0.9573386588786589,0.9437638750566307,0.9518235921859741,0.9764285093933716,0.9544454473916262,0.9419653197654314,0.9527274370193481,0.968643585390099
293,2,0,0.28413630559863456,0.4052146268952605,0.22233964502811432,0.22485464487252882,0.30996621078230174,0.41575084892217407,0.22371415793895721,0.2904336254857739,0.39724476822012894,0.5066696207879573,0.287130206823349,0.39793447704908047,0.2768824167445095,0.38956300165694363,0.20809687674045563,0.23298737183612922,0.4326160655967244,0.5235936165135893,0.31665775179862976,0.457596828477954,0.27068634166879296,0.3639995425519301,0.19949665665626526,0.2485628257981835,0.2758174702727283,0.3729340843257724,0.19682542979717255,0.2576928966952399,0.37042140586103844,0.4750466684643136,0.29246070981025696,0.34375683930854484
294,0,0,0.44833141531130544,0.3923713627068291,0.42444294691085815,0.5281799363162292,0.4393202272524226,0.397537839841085,0.41178402304649353,0.5086388188696892,0.42064987918747904,0.397247595921896,0.40237921476364136,0.46232282687689985,0.4338796209426155,0.3938308163078481,0.40879330039024353,0.49901474612975505,0.42671853203972493,0.3958627796225526,0.4056139588356018,0.4786788576610204,0.502919620010882,0.47701082705707293,0.48661455512046814,0.5451334778551046,0.5123010609556209,0.4998242991727048,0.48610979318618774,0.5509690905079699,0.47989492384136745,0.4614651020493977,0.447378009557724,0.5308416599169806
295,2,0,0.09792252950797176,0.09817761608914266,0.09070882201194763,0.10488115042282498,0.09686361521835529,0.09803381867827458,0.088430255651474,0.1041267713253173,0.09504787487227621,0.10056125071815317,0.08890735357999802,0.09567502031867746,0.09378419509575214,0.097857664086885,0.09003578126430511,0.09345913993606632,0.09716933145430813,0.10154045917779823,0.09048428386449814,0.09948325132062805,0.09726182024970205,0.10102961967803772,0.09247208386659622,0.09828375720447223,0.10070177329108311,0.09844225035075047,0.09805269539356232,0.10561037412893655,0.09731848106544733,0.09954531906015467,0.09482716768980026,0.09758295644638702
296,4,0,0.2816434504004958,0.3052496140517985,0.29190579056739807,0.2477749465822908,0.2641677903955188,0.28564863090342313,0.2755596339702606,0.23129510631287267,0.23631723157979925,0.23530299451684963,0.27004149556159973,0.2036072046609484,0.2864181548873229,0.3089015365811387,0.2866847813129425,0.2636681467678875,0.24198431073759818,0.2429496694343029,0.2708306610584259,0.2121726017200657,0.2674443737863479,0.291479661355419,0.2754266858100891,0.23542677419353567,0.2735165314188611,0.2855384765104446,0.31260064244270325,0.2224104753034355,0.2641909828014412,0.2504658315665725,0.3008912205696106,0.24121589626814063
297,2,0,0.12247992963982489,0.1409596867277683,0.11012298613786697,0.11635711605383942,0.1251845527545604,0.14140214859981032,0.12417083233594894,0.10998067732792194,0.12043911010229695,0.14168130903577228,0.11103757470846176,0.10859844656265681,0.12290948025981292,0.1500424280596298,0.11228262633085251,0.10640338638895645,0.12517423844517248,0.14216559744063967,0.11994078755378723,0.1134163303410905,0.1187126513707451,0.1277347892118929,0.10730081051588058,0.12110235438446182,0.12167128795316073,0.13446383396488915,0.11635810881853104,0.11419192107606203,0.11439190770305446,0.12627781987331432,0.11314009130001068,0.10375781193583838
298,4,0,0.9380778880248616,0.9242167848995134,0.9418792128562927,0.9481376663187789,0.9436227641604192,0.9294244404790826,0.940273106098175,0.9611707459040002,0.9428906475107081,0.9268334922784208,0.9421288371086121,0.9597096131450913,0.9400263349620274,0.9309950067576102,0.9416666030883789,0.9474173950400929,0.9447075638971537,0.9323274361580184,0.9450968503952026,0.9566984051382401,0.9355316336958861,0.9192631105262892,0.9379752278327942,0.9493565627285747,0.9292078233014015,0.9170650175706201,0.9433287978172302,0.927229654516354,0.9398926594842362,0.9034472867510607,0.952497124671936,0.9637335670297122
299,2,1,0.37474844964813087,0.3380365231756309,0.43628406524658203,0.34992476052217975,0.35366689199461526,0.3329508360416628,0.436459481716156,0.2915903582260268,0.35145014393356516,0.33842998959495096,0.40159177780151367,0.3143286644042309,0.3624233560364905,0.33762068015138935,0.4400058090686798,0.30964357888940247,0.3520492802824858,0.32813341914022354,0.40096336603164673,0.3270510556755871,0.3696849112732538,0.3397297660033325,0.4326266348361969,0.3366983329802321,0.37074915985664464,0.3583947940497973,0.3996022939682007,0.354250391551936,0.3688761624761841,0.3467967069944659,0.42249274253845215,0.33733903789563424
300,3,1,0.9007309340409363,0.8883837658832058,0.8740333914756775,0.9397756447639254,0.8994138519277634,0.885867420104,0.8807504177093506,0.9316237179699396,0.9087225321325594,0.8930273998603273,0.8942285776138306,0.9389116189235205,0.9083325582464506,0.8896730033677652,0.9014522433280945,0.9338724280434921,0.8844637732498737,0.8674466194114845,0.8592155575752258,0.9267291427629109,0.8878112308677769,0.9031249910278348,0.8657680153846741,0.8945406861908218,0.8897378924021817,0.8922314155006238,0.8611240386962891,0.9158582230096324,0.8727235650164813,0.8924960682271635,0.8346989750862122,0.8909756517360681
301,1,1,0.7999532398072646,0.8050103960362506,0.7880356311798096,0.8068136922057335,0.8046947042188782,0.8045929913294938,0.8109086155891418,0.7985825057379989,0.7970013794126568,0.7946071233935069,0.7897980213165283,0.8065989935279351,0.8231482124534985,0.8070124053608874,0.8114455342292786,0.8509866977703294,0.795609484988051,0.7910872869249737,0.7975484132766724,0.798192754762507,0.7803012609092989,0.7623225160167668,0.7898358702659607,0.7887453964451692,0.7610066165260408,0.7450926237056745,0.7808944582939148,0.757032767578533,0.7647424703729286,0.7398499881791684,0.7409228682518005,0.813454554687817
302,3,1,0.09921683257007004,0.0988024672940031,0.09457381069660187,0.10427421971960514,0.09870775644654507,0.0971460882362126,0.09041711688041687,0.10856006422300575,0.09736882182094293,0.09741141788391385,0.0926094725728035,0.10208557500611148,0.09148641141969993,0.09844802776468418,0.08886856585741043,0.08714264063700516,0.09207633821441778,0.09749830326871356,0.08214974403381348,0.09658096734072627,0.09258624602645542,0.09206541301771169,0.09771958738565445,0.08797373767600011,0.09699687293076249,0.08958455274882342,0.08680841326713562,0.11459765277632843,0.09802768558210913,0.09376799816989202,0.08776341378688812,0.11255164478954727
303,4,0,0.05552559476333697,0.06884522524925439,0.037918008863925934,0.05981355017683059,0.05732888020747445,0.07261733102476031,0.03731650486588478,0.06205280473177828,0.05919718412309887,0.0730254905655689,0.03601190075278282,0.06855416105094489,0.061164875490675306,0.06850549738497183,0.03616627678275108,0.078822852304303,0.06437460110890142,0.07133615521123268,0.04194683954119682,0.07984080857427477,0.05450636344487994,0.067679609882965,0.03343292698264122,0.0624065534690336,0.046113778034109175,0.058394922256307144,0.029037289321422577,0.05090912252459778,0.05567007750700306,0.06532243916745915,0.038902781903743744,0.06278501144980629
304,4,1,0.9451151359169491,0.9403198810655026,0.9302977323532104,0.9647277943321341,0.9306034625069373,0.9419753323642442,0.9219406247138977,0.9278944304426696,0.9448628934743893,0.9404398607480116,0.9361345171928406,0.9580143024823159,0.9388251289445755,0.9419558619920436,0.9212870597839355,0.9532324650577471,0.9505389191220878,0.9406397722142891,0.9424031972885132,0.9685737878634613,0.9338769871042616,0.9415825247460095,0.9264693260192871,0.9335791105474882,0.9230839531236922,0.9462889425728667,0.9060783982276917,0.9168845185705182,0.9369424108444125,0.9306814623426161,0.9421151280403137,0.9380306421503077
305,0,0,0.09686380940222894,0.09619220301727224,0.09593210369348526,0.09846712149592929,0.09634020930062026,0.09783370687872496,0.10330333560705185,0.08788358541608399,0.10141319137771314,0.09761098411298101,0.10560890287160873,0.10101968714854967,0.09887198180535695,0.09600476458813269,0.09980453550815582,0.10080664531978233,0.09969756136828684,0.09869378277560796,0.10459011048078537,0.09580879084846718,0.10086401138093126,0.10102091185549888,0.0997018963098526,0.1018692259774423,0.10116963097090466,0.09996366655963043,0.1005210354924202,0.10302419086066333,0.09627886864407215,0.09609545865958906,0.10199575126171112,0.09074539601091625
306,1,1,0.2315366851104369,0.1607142386168774,0.24983000755310059,0.2840658091613327,0.21267290231816668,0.14933216930578597,0.2251967489719391,0.26348978867677497,0.20449808844991782,0.1750435423597486,0.25443628430366516,0.1840144386863397,0.2181953112073475,0.15832449308367252,0.2685202658176422,0.22774117472072775,0.20850393429501868,0.1618461829079897,0.27621936798095703,0.18744625199610934,0.2396963709446117,0.20312985860364935,0.282360315322876,0.2335989389073097,0.28018808482101454,0.234850466662809,0.3432174623012543,0.26249632549898033,0.3139963872691283,0.21866671739396634,0.3138386607170105,0.40948378369640814
307,0,1,0.9655127590834872,0.9562269467286096,0.9661798477172852,0.9741314828045669,0.9700972686938837,0.9569292510723976,0.9695408344268799,0.9838217205823734,0.9670472028531423,0.9583628376587521,0.9701208472251892,0.9726579236754858,0.9709288767476884,0.9595957806341064,0.9718329906463623,0.9813578589625962,0.9669563003819291,0.9542580276552105,0.9682745933532715,0.9783362801373053,0.9539087183418404,0.9383651975239516,0.95346999168396,0.96989096581761,0.9625411733866182,0.9451843460025641,0.9666703939437866,0.9757687802135036,0.9591547069851748,0.9487062569394896,0.9668214321136475,0.9619364319023875
308,4,1,0.9574511577791543,0.9499005873418176,0.9514394998550415,0.9710133861406041,0.954177092317457,0.9448532391467208,0.9496755003929138,0.9680025374127362,0.9573195547372274,0.9461439512595893,0.9570863246917725,0.9687283882603206,0.9576740615633267,0.9471678655726778,0.9553139805793762,0.970540338537926,0.9589751254550998,0.9543464608509149,0.9531608819961548,0.9694180335182295,0.9567171602216592,0.9482386352698601,0.9541528224945068,0.9677600229006104,0.9549001793405121,0.945459462448185,0.9499695301055908,0.9692715454677603,0.954939840416155,0.956722781007764,0.9451421499252319,0.9629545903154693
309,1,0,0.15513126730498025,0.14600517282862438,0.1594664305448532,0.1599221985414632,0.14590000476501647,0.14818946635964317,0.13922667503356934,0.15028387290183692,0.15158315497807148,0.13966160531088387,0.1580522507429123,0.1570356088804182,0.15165380286913208,0.14664385957841683,0.15503764152526855,0.15327990750371084,0.1406820008622459,0.13980634297371383,0.1342909336090088,0.14794872600401499,0.13536796869447712,0.137140660394179,0.1311814934015274,0.13778175228772496,0.135484929286805,0.13756314913984397,0.14240147173404694,0.12649016698652407,0.14444912613129915,0.1272055536827912,0.14257614314556122,0.16356568156554507
310,1,1,0.9647338184557923,0.9562924503157578,0.9648146629333496,0.9730943421182694,0.9629194364227808,0.9567697985056326,0.9576457142829895,0.9743427964797201,0.9671446739801018,0.9541723739604826,0.9604941010475159,0.9867675469323072,0.9660126470024423,0.9564114971058586,0.9593061208724976,0.9823203230289705,0.962539810668427,0.9502591090942438,0.953055739402771,0.984304583508266,0.955310156385635,0.9438013123058175,0.9564632177352905,0.9656659391157967,0.9552842511720439,0.9391517548952728,0.9548458456993103,0.9718551529215487,0.9552965486316415,0.9341058042388881,0.952959418296814,0.9788244233592225
311,1,1,0.9577768460943726,0.9418696164795493,0.9552302956581116,0.976230626145457,0.9578253912896287,0.942078445159533,0.9542585015296936,0.9771392271796596,0.9593185509640444,0.9435308502882629,0.9558249115943909,0.9785998910094793,0.9588588425091488,0.9418223617899584,0.9528477787971497,0.9819063869403383,0.9546681935584584,0.9391847321986996,0.9541146159172058,0.9707052325594702,0.9618539402397279,0.9451675044933976,0.9642622470855713,0.9761320691402149,0.9566680016157875,0.9397839393453118,0.957739531993866,0.9724805335081846,0.9604131974156943,0.9455107227221834,0.9616795778274536,0.9740492916974458
312,4,1,0.9202914578720103,0.9040881845702767,0.9226586818695068,0.9341275071762472,0.9311113342126017,0.9089979758277119,0.9278914332389832,0.9564445935711104,0.9197709191742006,0.9123928805472615,0.9226171970367432,0.9243026799385974,0.9195863552904121,0.8928314404424791,0.9305565357208252,0.9353710897079321,0.9262925768705577,0.9119074512109495,0.9163087606430054,0.9506615187577181,0.890098628752365,0.8198317838648573,0.9164127111434937,0.9340513912487444,0.8787433442853475,0.8274787608617468,0.9156851172447205,0.8930661547495755,0.8873673300424209,0.7934184831045257,0.9150696992874146,0.9536138077353226
313,2,0,0.9030468443881988,0.9093387135615218,0.9106338620185852,0.8891679575844896,0.90699682158413,0.9141118682877555,0.9227243661880493,0.884154230276585,0.8954605310900776,0.9117306417994083,0.9159048795700073,0.8587460719008172,0.8925718999076775,0.9138952955257188,0.9054666757583618,0.8583537284389522,0.9057730872827658,0.9115989188014709,0.9291599988937378,0.8765603441530886,0.9031474447019066,0.9105946447322598,0.9204354882240295,0.8784122011494303,0.914862290917621,0.9106031244506095,0.9267032742500305,0.907280474052223,0.9163133053892482,0.9150089531584744,0.9383645057678223,0.8955664572414476
314,0,0,0.10317433207730804,0.09716181178276447,0.11454549431800842,0.09781569013115125,0.10816984574738298,0.10062973620908258,0.11533186584711075,0.10854793518595557,0.10704877693937481,0.09861253861710344,0.1189839169383049,0.10354987526271607,0.10408376653163198,0.09707038898687996,0.11240781098604202,0.10277309962197395,0.10583385630059405,0.10156180774362533,0.11203635483980179,0.10390340631835504,0.11148158388569333,0.10033491011448377,0.11954697221517563,0.1145628693274206,0.10488059812915825,0.0982774536961309,0.10647460073232651,0.10988973995901738,0.10894549534048055,0.09849800406795452,0.12043070048093796,0.10790778147254919
315,0,0,0.1476389424784066,0.14008652139582597,0.17133460938930511,0.13149569665008867,0.15405786379564942,0.1474943916517495,0.17307637631893158,0.1416028234162672,0.14235749149628485,0.13132771392734185,0.18340140581130981,0.11234335475020284,0.15432850361338052,0.14645784992590988,0.19642607867717743,0.12010158223705425,0.15074741260786742,0.13721290920100251,0.18450911343097687,0.13052021519162296,0.09698458103317081,0.08857888539223104,0.10873051732778549,0.09364434037949593,0.1009814811136663,0.10175673370292736,0.10201680660247803,0.09917090303559352,0.1027962357783855,0.08254449510764016,0.1084458976984024,0.11739831452911392
316,1,1,0.5506918682417992,0.5274098890147307,0.5297690629959106,0.5948966527147561,0.5429840379426147,0.5295341976601017,0.5307911038398743,0.5686268123278684,0.5481370210745955,0.5349779246458086,0.5343385338783264,0.5750946046996516,0.5420070752277693,0.5202695934606656,0.5319181680679321,0.5738334641547099,0.5583451461906089,0.5234407657455544,0.5533322691917419,0.5982624036345303,0.5756351873314558,0.559439653831766,0.5532562136650085,0.6142096944975931,0.5784465315586212,0.5517302934693417,0.5681604146957397,0.6154488865107824,0.5725648841023433,0.5665055749293169,0.5792814493179321,0.5719076280597808
317,1,1,0.8542733702859513,0.8851289328550311,0.8569878935813904,0.8207032844214324,0.8558004035792869,0.8803952757640887,0.8560712337493896,0.8309347012243824,0.866107698437871,0.8847691298036156,0.8652891516685486,0.8482648138414489,0.8556279164509264,0.8826242845025856,0.8577784299850464,0.8264810348651473,0.8582907881026132,0.8843186199089349,0.8602599501609802,0.8302937942379244,0.8565195166099487,0.8903196497292785,0.8568692803382874,0.8223696197622804,0.8447688788898143,0.8837204429176382,0.8326485753059387,0.8179376184458659,0.8338339408993475,0.8791784836887444,0.849372923374176,0.772950415635122
318,2,0,0.15018510979055036,0.12909609449968978,0.1469448208808899,0.1745144139910714,0.1483332264668974,0.13142466845347164,0.13940271735191345,0.1741722935953071,0.15210300377709343,0.13944555267065656,0.15719912946224213,0.1596643291983816,0.13998036475767853,0.1290267778320706,0.15950538218021393,0.13140893426075106,0.15324784218087015,0.13221335769536713,0.1474681943655014,0.18006197448174185,0.15048351493920778,0.12976172165058958,0.1451510787010193,0.17653774446601453,0.15353096096475527,0.12767601322002264,0.1446923464536667,0.1882245232205765,0.14728230904977918,0.12942507304483958,0.15731433033943176,0.1551075237650662
319,2,1,0.9521478233925994,0.9397180314485385,0.9480447173118591,0.9686807214174004,0.9535122883945077,0.9415591017173808,0.9508897066116333,0.9680880568545092,0.9557268504049542,0.945745549142714,0.9477689266204834,0.9736660754516651,0.9574657347392748,0.9409812552592753,0.9514603018760681,0.9799556470824808,0.9569403659224426,0.9462387944963965,0.9494047164916992,0.9751775867792322,0.945192607221751,0.9434431802005532,0.9430798888206482,0.9490547526440517,0.9384908560343903,0.9418311729007035,0.9264063835144043,0.947235011688063,0.9460975042873061,0.9467760508885229,0.9286322593688965,0.9628842026044986
320,2,1,0.9547372031778004,0.9261963484785106,0.9636021852493286,0.974413075805562,0.9538150366914769,0.9245392749128754,0.9618540406227112,0.9750517945388442,0.9566478588046481,0.9290625634001292,0.9563508033752441,0.984530209638571,0.9481700309724118,0.9054361986295909,0.9582635164260864,0.980810377861558,0.9535866098239981,0.917766771753618,0.9621211290359497,0.9808719286824269,0.9529256992958656,0.9174160899833385,0.9620502591133118,0.9793107487909465,0.9555363157402464,0.9362781786185773,0.9523231387138367,0.9780076298883256,0.9530592401072008,0.9255395234773729,0.955578625202179,0.9780595716420505
321,2,0,0.09872634905849902,0.09636179101305384,0.09450829774141312,0.10530895842103007,0.09826899199710597,0.09620014300806792,0.09423168003559113,0.10437515294765881,0.09807411329144854,0.09480776781302888,0.09692294150590897,0.10249163055540776,0.0959746127813248,0.09440072855175527,0.09545087814331055,0.09807223164890858,0.09933589195978776,0.09566436785036787,0.09540920704603195,0.10693410098296348,0.10124173292456166,0.09781088912275121,0.09130878001451492,0.11460552963641886,0.10130451728536753,0.09438354390061486,0.0980985164642334,0.11143149149125432,0.09826690750712504,0.09362219718134232,0.09847607463598251,0.10270245070405029
322,2,0,0.13182104901945688,0.1422691509825172,0.12381033599376678,0.12938366008208668,0.1331862501817947,0.15033829018095632,0.14379706978797913,0.10542339057644863,0.12464462307780504,0.14139031421140047,0.13442814350128174,0.09811541152073287,0.12489580323234996,0.14337118290601042,0.13044053316116333,0.10087569362987613,0.1362542292700123,0.14985391167455,0.14698068797588348,0.11192808815960344,0.13880718690078506,0.14512079122543156,0.13539202511310577,0.13590874436381783,0.13610730976954,0.15289783694856401,0.1288120448589325,0.1266120475011235,0.14271023431784294,0.1616795504687963,0.15165337920188904,0.11479777328284342
323,0,1,0.8741920016463096,0.9074332760877578,0.9105227589607239,0.8046199698904474,0.86806921701707,0.9022459986703021,0.9117860794067383,0.7901755729741695,0.8656349759399465,0.9087795778826739,0.9048407673835754,0.78328458255359,0.8855475747583063,0.9086409229969685,0.9141528010368347,0.8338490002411155,0.872876751649618,0.9009110109042964,0.8999501466751099,0.8177690973694477,0.8761501558891504,0.8918625041427352,0.9151674509048462,0.8214205126198696,0.8768410245424288,0.8888556414991479,0.9089094400405884,0.8327579920875503,0.8651768040077222,0.8949312073569392,0.8914661407470703,0.8091330639191574
324,4,1,0.9232443863921426,0.9128194156503184,0.9194527864456177,0.9374609570804914,0.9175739274013596,0.9124391510490175,0.9177423119544983,0.9225403192005629,0.9172132413978007,0.9159950897785301,0.9201954007148743,0.915449233699998,0.9221725480934845,0.9153823570227255,0.9195190072059631,0.9316162800517647,0.9200167970113258,0.921467812087042,0.9181650876998901,0.9204174912470452,0.914834858062448,0.910590743742532,0.9162538051605225,0.9176600252842896,0.934430686139764,0.9176586852517498,0.9428697228431702,0.9427636503243719,0.9268571367838679,0.913699487998079,0.9230673313140869,0.9438045910394379
325,0,0,0.1030469614764144,0.15836829369990557,0.12489963322877884,0.02587295750055879,0.11118911687745052,0.15375121133885564,0.13539178669452667,0.04442435259896925,0.09489607285488066,0.13060762348292088,0.1224360391497612,0.03164455593195992,0.09721311556099553,0.139608266481474,0.11377059668302536,0.038260483518487216,0.10945503746491779,0.15721782303569193,0.12927387654781342,0.04187341281124802,0.06576722946519689,0.11031960067010921,0.06542327255010605,0.02155881517537541,0.057751149733665914,0.09612279057962485,0.049739543348550797,0.0273911152728221,0.06432246717121025,0.1109944107359256,0.06122327223420143,0.02074971854350372
326,4,1,0.9538380995005107,0.9341404268278566,0.951650857925415,0.9757230137482604,0.9540829524398399,0.9369311798938376,0.949155330657959,0.9761623467677232,0.9498362994914099,0.933855259804251,0.9465689063072205,0.9690847323627586,0.9499009150007502,0.9330984430679763,0.9490865468978882,0.9675177550363864,0.9520749158582751,0.9338701799186581,0.9488604664802551,0.9734941011759121,0.9516791674335653,0.9360021043787469,0.9498605728149414,0.9691748251070077,0.9577920256151659,0.9426774612441071,0.9570680856704712,0.9736305299309193,0.9526719134425031,0.9354995919732666,0.9491838812828064,0.9733322670714366
327,1,0,0.06029523867766414,0.06828698966130635,0.04862603172659874,0.06397269464508733,0.06503411571506483,0.06895821413140013,0.0529378280043602,0.07320630500943413,0.06060814546631147,0.0670429453136411,0.045543473213911057,0.06923801787138227,0.05620244221680332,0.06792958705751294,0.050207529217004776,0.05047021037589222,0.05672565518396273,0.06777695477341596,0.04927711561322212,0.053122895165250116,0.06487149208962195,0.07547656370121239,0.05503315478563309,0.06410475778202036,0.06124964218959875,0.07140108049555023,0.05632581561803818,0.056022030455207865,0.06181800326063543,0.0694085007302581,0.06086517497897148,0.0551803340726767
328,3,1,0.8520330924563594,0.8335711660107654,0.8477050065994263,0.8748231047588864,0.8412242056284042,0.832998257591288,0.8430994153022766,0.8475749439916478,0.8796152127937032,0.8487130775921221,0.8515094518661499,0.9386231089228377,0.8522919155741473,0.8382836459764833,0.8396677374839783,0.8789243632619805,0.8803397880138569,0.8535022557508206,0.861605703830719,0.9259114044600308,0.8505599634298444,0.8358847751010714,0.8412546515464783,0.8745404636419835,0.8507354539116726,0.8380729213585214,0.851292073726654,0.8628413666498426,0.8853422672532351,0.8594725937031121,0.8805702328681946,0.9159839751883984
329,4,1,0.7981139033254339,0.7772094239198646,0.7945138216018677,0.8226184644545691,0.7989555180114939,0.7854631308656078,0.8007338643074036,0.8106695588614705,0.7831834272083255,0.781867094789905,0.7842434048652649,0.7834397819698067,0.7894691511358426,0.7764695571478848,0.787774920463562,0.8041629757960809,0.7832061329887701,0.7854537898577776,0.7896808385848999,0.7744837705236326,0.7687685176096588,0.7540159519752001,0.7845484018325806,0.7677411990211958,0.8389677118632607,0.8273976275735339,0.8509359359741211,0.838569572042127,0.8258359328416356,0.8287571444145913,0.849833071231842,0.7989175828784735
330,2,1,0.9741862297545265,0.9614983698031321,0.9772999286651611,0.9837603907952864,0.9738723265964385,0.9616300249489649,0.9775545597076416,0.9824323951327094,0.9746641260368069,0.9604771380323974,0.9766674041748047,0.9868478359032182,0.9758795898180068,0.9600142992416051,0.9781892895698547,0.9894351806425605,0.969846702655758,0.9587740127365781,0.9760434031486511,0.9747226920820449,0.9715558235319386,0.9625150485641626,0.9729021787643433,0.9792502432673097,0.9691041719030501,0.959507740620326,0.9691663980484009,0.9786383770404234,0.9712236569037828,0.9579208333109316,0.9704287052154541,0.9853214321849626
331,3,1,0.7007876241306366,0.7080877967662876,0.7019286751747131,0.6923464004509091,0.6873387319504172,0.7111958936224233,0.6872139573097229,0.6636063449191055,0.6999105443080933,0.7037013280861456,0.7074642181396484,0.688566086698486,0.6956797704126142,0.7081744761782902,0.7013254165649414,0.6775394184946111,0.6898174873856707,0.709458791688138,0.6676266193389893,0.6923670511298854,0.7122336979198348,0.7101798604267475,0.7378724813461304,0.6886487519866269,0.7255325861617078,0.7050523169770734,0.7584042549133301,0.7131411865947199,0.7115462238138969,0.714283237333798,0.7361187934875488,0.6842366406203435
332,0,0,0.3069966408032933,0.308612677717179,0.3234485685825348,0.2889286761101661,0.300870784272745,0.2936904189423656,0.3198471665382385,0.2890747673376309,0.2894868577188743,0.2717814531807183,0.3314381241798401,0.26524099579606436,0.3093137577621161,0.30124733890262595,0.3424398601055145,0.28425407427820776,0.2898730306714557,0.26837917699925434,0.3165285885334015,0.28471132648171127,0.2971316884420098,0.27990005152697534,0.3036803603172302,0.30781465348182385,0.30058720282613116,0.305868854279412,0.30721110105514526,0.28868165314383615,0.2736019979834383,0.26882051802437107,0.28612470626831055,0.26586076965763333
333,2,0,0.43031670479683876,0.43568805746737166,0.4521290957927704,0.4031329611303741,0.4387939343848153,0.4528556386381348,0.4388013184070587,0.4247248461092522,0.40872930011291597,0.4019492566498164,0.422441303730011,0.4017973399589205,0.42411040356560753,0.451769764865473,0.4130212068557739,0.40754023897557545,0.42557432081340085,0.4293738425474824,0.4234562814235687,0.4238928384691513,0.3794589277943842,0.37274131742562283,0.3960205912590027,0.36961487469852716,0.37778706318602806,0.3835161365393388,0.38791030645370483,0.36193474656504054,0.42877403233989986,0.41140990882663975,0.4238940179347992,0.4510181702582606
334,2,0,0.05039756277975666,0.07662282209866558,0.05010136589407921,0.024468500346525198,0.05080046822030307,0.07506070128768871,0.04708964377641678,0.030251059596803725,0.056772965619948414,0.07393226455157206,0.05624726787209511,0.04013936443617809,0.05556954813961736,0.07826985508411523,0.050591256469488144,0.03784753286524871,0.05287027200189546,0.0764954988818335,0.04865683615207672,0.033458480971776186,0.04679641330729308,0.06979305405359139,0.04070068895816803,0.029895496910119817,0.044218585298143154,0.061260604820333533,0.04354949668049812,0.027845654393597805,0.04551828982003375,0.06211211830222412,0.04252038896083832,0.031922362197038825
335,3,1,0.9278319249577365,0.9215040411529167,0.9178533554077148,0.944138378312578,0.9372087422639829,0.9255017238607991,0.935286819934845,0.9508376829963048,0.9381060343624447,0.9383728020147587,0.9366658329963684,0.9392794680762065,0.935520189946846,0.9297263802173352,0.930661141872406,0.9461730477507968,0.9364764866683015,0.9324959815643149,0.9335099458694458,0.9434235325711439,0.9342459442000229,0.9231840868488415,0.937301754951477,0.9422519907997503,0.9428408662154889,0.9302825903293781,0.9417260885238647,0.9565139197932238,0.9531283335672539,0.9479310718434735,0.9464235305786133,0.9650303982796749
336,0,0,0.09621576197466818,0.09619220301727224,0.0950937569141388,0.09736132599259348,0.0935132804500276,0.09783370687872496,0.09403187036514282,0.08867426410621507,0.09884320364059562,0.09761098411298101,0.09864822775125504,0.10027039905755084,0.09701571439004479,0.09600476458813269,0.09790946543216705,0.09713291314983466,0.09699114646716116,0.09869378277560796,0.095232754945755,0.09704690168012049,0.10359805033258028,0.10117865553351676,0.0994250550866127,0.11019044037761137,0.0987997526431433,0.09911437901778954,0.0911472737789154,0.10613760513272495,0.09762706816131674,0.09747681646664384,0.09765348583459854,0.09775090218270781
337,0,0,0.5062339230380012,0.4728610124288201,0.5531131625175476,0.4927275941676358,0.5054080315570518,0.4874730973065936,0.5044053792953491,0.5243456180692126,0.5139867638343779,0.4683431222544809,0.5446545481681824,0.5289626210804702,0.5010931378576621,0.4806285261225803,0.5445017218589783,0.47814916559142767,0.4865594187646222,0.46089617362359503,0.5000828504562378,0.4986992322140337,0.5527945262203743,0.5271784432615094,0.5656437873840332,0.5655613480155803,0.5740828778703134,0.5649667096623953,0.596119225025177,0.561162698923368,0.5554515557592444,0.5313487077317345,0.5929552316665649,0.5420507278794336
338,1,1,0.9649042600247849,0.9527999641759577,0.9681944251060486,0.9737183907923486,0.9641524406302953,0.9515051475121796,0.9682415127754211,0.9727106616032852,0.9688825907019302,0.9542978900168007,0.9690040349960327,0.983345847092957,0.9692511025302949,0.9521237487976489,0.9692310094833374,0.9863985493098981,0.9669072487288437,0.9523382860874096,0.965626060962677,0.9827573991364447,0.9668221364059401,0.9512981933879333,0.9687787890434265,0.9803894267864605,0.9663086854507813,0.9486429790429437,0.9698783755302429,0.9804047017791574,0.9640306853963603,0.9432314061656919,0.962309718132019,0.9865509318913699
339,3,1,0.072189136961562,0.07636629544341765,0.0893678143620491,0.050833301079219205,0.07373285465432383,0.07489092910439575,0.09052488207817078,0.05578275278040494,0.07488579749420853,0.07360828545830658,0.09156611561775208,0.05948299140656694,0.07367085286521667,0.0769731058662404,0.09164576977491379,0.05239368295449583,0.07486884598217944,0.07687924233712279,0.09490447491407394,0.05282282069534159,0.07416789904189741,0.07145836243965237,0.08881604671478271,0.06222928797125715,0.07137983902619101,0.07499010940935838,0.08690930157899857,0.05224010609021611,0.07551736250533779,0.07469992270664551,0.0901612862944603,0.06169087851490755
340,3,0,0.29435151001593324,0.2925585003823861,0.28648728132247925,0.30400874834293445,0.29293384168582576,0.2891430368882383,0.27579542994499207,0.313863058224247,0.28671862183022356,0.29325691471951165,0.2526659071445465,0.31423304362661253,0.2956392300007755,0.28977272147348526,0.26816946268081665,0.32897550584802454,0.2855159394526711,0.2940454856301185,0.253532737493515,0.3089695952343798,0.2843384525964199,0.2950636067561707,0.27441680431365967,0.28353494671942925,0.2910289418197194,0.2847693085636238,0.2598765790462494,0.32844093784928496,0.27390522297677444,0.28034008794769816,0.25080424547195435,0.2905713355106709
341,4,1,0.9578780530392593,0.9518201186629919,0.9599419236183167,0.9618721168364694,0.9577218479423447,0.9503958733261523,0.9580557942390442,0.9647138762618379,0.9567609104363383,0.9476339260229696,0.9593215584754944,0.9633272468105508,0.9562061358972925,0.9502159297493488,0.9617960453033447,0.9566064326391844,0.9524598263465792,0.9512752016001804,0.9621583223342896,0.9439459551052675,0.9525633857248493,0.9411402188812661,0.9537124633789062,0.9628374749143753,0.9557219622567318,0.9487019584736647,0.9612280130386353,0.9572359152578956,0.9564434441069637,0.9426342716125495,0.9634128212928772,0.9632832394154641
342,0,1,0.9037070561503144,0.8889732606509788,0.9169121980667114,0.9052357097332528,0.9121137780367182,0.8715403246726666,0.9173182845115662,0.9474827249259218,0.8983475535839173,0.8639451079717074,0.907328724861145,0.9237688279188997,0.9117053800656633,0.8892581747324503,0.9197090268135071,0.9261489386510325,0.9048700175622876,0.8696115265079726,0.9080548286437988,0.9369436975350913,0.8890445224569324,0.9086852688573419,0.9010423421859741,0.857405956327481,0.8695395383408239,0.8972927139209286,0.8850871324539185,0.8262387686476245,0.8858445647063588,0.883247161836127,0.876771867275238,0.8975146650077112
343,3,0,0.11042996550091826,0.0935510287966993,0.11659754812717438,0.12114131957888111,0.1147317658473489,0.09967829993778869,0.1103883907198906,0.1341286068843674,0.10793387194172206,0.10360896618600914,0.10491688549518585,0.11527576414397121,0.10686704199545338,0.1008424488774804,0.10302268713712692,0.11673598997175284,0.11576190193634889,0.09958468566783615,0.11344686895608902,0.1342541511851215,0.11221265162614519,0.10252574953782895,0.11372840404510498,0.12038380129550164,0.113430302187938,0.10191975966619152,0.10957848280668259,0.1287926640909399,0.11604128841154338,0.10197499432943369,0.10412850975990295,0.14202036114529346
344,0,0,0.11070238057878727,0.10769313664749589,0.09397342801094055,0.1304405770779254,0.1069653219458002,0.10526587247616709,0.09220815449953079,0.12342193886170273,0.11125437732666854,0.10911683305361233,0.09436635673046112,0.13027994219593214,0.11258974729047684,0.10707260656389732,0.09970726817846298,0.13098936712907025,0.10786031020526358,0.10779695291009299,0.0946129783987999,0.12117099930689787,0.1109953006193954,0.10543553935325892,0.09436626732349396,0.13318409518143332,0.11267032541544779,0.10169525132515173,0.09304601699113846,0.1432697079300532,0.11137868419583137,0.10436982026053354,0.09867636114358902,0.1310898711833716
345,2,0,0.13223667134945208,0.12065877455358215,0.14412719011306763,0.1319240493817065,0.13755845785116036,0.12355233604991786,0.14668992161750793,0.1424331158860552,0.12841670383527173,0.12319676069624037,0.13426043093204498,0.1277929198775299,0.13313481927791856,0.12180787377197962,0.14407643675804138,0.13352014730373468,0.13252391988085555,0.12241651051907956,0.13608095049858093,0.13907429862490617,0.13616497749019152,0.1255339988984021,0.14676877856254578,0.13619215500962664,0.13495159346296748,0.12520107630008404,0.12529827654361725,0.15435542754520115,0.13226466863687622,0.1270090211322269,0.12849664688110352,0.14128833789729822
346,0,1,0.9314941076177602,0.9328680559511038,0.9243451356887817,0.9372691312133951,0.9214924645627787,0.9310548620028192,0.9263376593589783,0.9070848723265386,0.9273871976223899,0.9328776424146143,0.9226809144020081,0.9266030360505471,0.9244927361412995,0.9359767364981946,0.9330295324325562,0.9044719394931477,0.926704148728818,0.9311004526788608,0.9253108501434326,0.9237011433641603,0.9196095409556234,0.9100072247782498,0.913459062576294,0.9353623355123267,0.8670703758597204,0.8480014053436201,0.8810899257659912,0.8721197964695498,0.8709474471967585,0.8542699869677682,0.8603789806365967,0.8981933739859106
347,3,1,0.7165082622437406,0.7574355974749261,0.7177451848983765,0.6743440043579192,0.7061686804683136,0.7603002672235571,0.6869108080863953,0.6712949660949884,0.7112785702021135,0.762056647541238,0.697931170463562,0.6738478926015404,0.7137759639002409,0.7621241406918204,0.6772730946540833,0.7019306563548187,0.7047567961636902,0.7563790704326844,0.6889990568161011,0.668892261242285,0.7068124234819212,0.7842160519883679,0.6662774085998535,0.6699438098575419,0.7074690842480015,0.7751038691904268,0.6979268193244934,0.6493765642290841,0.7197832410797519,0.776178247986417,0.7411683797836304,0.6420030954692086
348,0,1,0.5579375077294834,0.5770580725926225,0.5563555955886841,0.5403988550071432,0.549107972923952,0.5610952573877197,0.5176308155059814,0.568597845878155,0.5740617632425739,0.5826035010011797,0.5465397238731384,0.593042064853403,0.5702045623998534,0.5721909375787252,0.5449379086494446,0.5934848409713903,0.5568420452655736,0.5464064303684247,0.5258379578590393,0.5982817475692569,0.6666621101225649,0.7112344401807124,0.6594297885894775,0.6293221015975049,0.6463553481274076,0.6930620218325354,0.6289174556732178,0.6170865668764696,0.6567796572710164,0.6804841657624867,0.6665902137756348,0.6232645922749276
349,0,1,0.8913128725131728,0.8612283320540274,0.9026274681091309,0.9100828173763599,0.8857351403432623,0.8723636827991246,0.8835660815238953,0.901275656706767,0.8861639251162509,0.8638725602733589,0.8885655403137207,0.9060536747616728,0.8843591876565,0.8642170275629734,0.8955426216125488,0.8933179137939777,0.8768431204460416,0.8652810823075869,0.8786652088165283,0.8865830702140095,0.8947711951923942,0.8771495693751515,0.8946481943130493,0.912515821888982,0.9051745296065743,0.8799276159712127,0.8881068825721741,0.9474890902763361,0.8917062238450691,0.883135543664529,0.894670307636261,0.8973128202344175
350,2,0,0.08232554321556174,0.07848264395245277,0.09524403512477875,0.07324995056945369,0.08663140310718154,0.07816899485189037,0.10962668806314468,0.07209852640650957,0.08423395871230194,0.07969480041461846,0.10050693899393082,0.07250013672835653,0.0847816848947201,0.07641523759160526,0.10233341157436371,0.07559640551819133,0.08889751885920337,0.07953379671928232,0.1070873960852623,0.08007136377306548,0.08574946627780512,0.07978770102343283,0.10112413763999939,0.07633656016998315,0.08482797520913105,0.07855857801559236,0.10100731998682022,0.07491802762498057,0.09107856178577782,0.08319501644905337,0.10288774967193604,0.08715291923634404
351,0,0,0.08859469288099021,0.09125877274857142,0.08332906663417816,0.09119623926022108,0.08490054475042902,0.09098884895162737,0.07810236513614655,0.08561042016351314,0.08788951957885766,0.09265378661094952,0.0851636454463005,0.08585112667932294,0.0880803047955428,0.09051422539365,0.0833771601319313,0.09034952886104708,0.0868111317889888,0.09358057708099009,0.07946497946977615,0.08738783881620019,0.09088895572659361,0.09216832282873602,0.08467259258031845,0.09582595177072635,0.09288238520947029,0.0977702542890462,0.08379070460796356,0.09708619673140109,0.09101820105067526,0.08643006094564173,0.08583949506282806,0.10078504714355598
352,1,0,0.3449815355324692,0.31886918291541705,0.3253946006298065,0.39068082305218393,0.3489665697545459,0.3215595184003853,0.31588855385780334,0.4094516370054489,0.34625378109697563,0.3439194110077441,0.30893799662590027,0.38590393565728237,0.34931360867647204,0.32121568588096555,0.3321206867694855,0.3946044533789649,0.36304403758093257,0.3474825222796376,0.34288060665130615,0.39876898381185405,0.36290037112598333,0.3360268652005594,0.3301657736301422,0.42250847454724855,0.34499409722669155,0.3272476004498109,0.3216891288757324,0.3860455623545313,0.34108786840530175,0.33170039475296587,0.3081842064857483,0.38337900397719105
353,4,0,0.1461537008324281,0.15308007679514463,0.12675683200359344,0.1586241936985462,0.14798452892521488,0.15602641759693117,0.12272518128156662,0.16520198789714688,0.14060577773122418,0.15192976741147476,0.11504810303449631,0.15483946274770144,0.1429918950781428,0.15781606620759225,0.11693160980939865,0.15422800921743748,0.16172502202285957,0.15436320397128836,0.1383712738752365,0.19244058822205387,0.12398803650684785,0.14574430819709105,0.11066731065511703,0.11555249066833544,0.12170846838190137,0.15518074219433958,0.1058548241853714,0.10408983876599318,0.13832210867866382,0.13905730621452253,0.13604837656021118,0.13986064326125783
354,1,0,0.0649530017225229,0.08613167263152204,0.06607016175985336,0.04265717077619331,0.067039008080248,0.08476794412607043,0.06604553014039993,0.05030354997427364,0.06965020388782567,0.08858333267286844,0.07136236131191254,0.049004917678696025,0.06667098142154267,0.08855994327083602,0.07132306694984436,0.04012993404394761,0.06733427362476845,0.08942868331606486,0.06434277445077896,0.04823136310746151,0.05679443222757515,0.07674341281219452,0.05834446847438812,0.03529541539614281,0.05899301364203117,0.07698048950615988,0.06564300507307053,0.03435554634686311,0.059613024934332154,0.07380583847689792,0.05474735423922539,0.05028588208687316
355,4,0,0.12082197229380227,0.11665211808799979,0.13154390454292297,0.11426989425048406,0.11674291455375363,0.11710412201995893,0.12966954708099365,0.10345507456030828,0.11968524271301556,0.11384647261903359,0.13062359392642975,0.11458566159358334,0.12023817588776005,0.11795694923633245,0.1246403232216835,0.11811725520526423,0.11973611610146752,0.11668463996566272,0.13428178429603577,0.1082419240427041,0.11741821122272687,0.1137036169264887,0.12467190623283386,0.11387911050885804,0.10964820275491742,0.10791370431098676,0.11229157447814941,0.10873932947561608,0.11394816216774006,0.11047280380080951,0.11566250026226044,0.11570918244015022
356,2,0,0.12057473720775637,0.10767784239991741,0.14272399246692657,0.11132237675642516,0.12686243379092196,0.10824893909353613,0.1596040576696396,0.11273430460959016,0.11829481935832382,0.10671041328261407,0.14366614818572998,0.10450789660662739,0.12278633167657906,0.10360187956335198,0.1562565565109253,0.1085005589554599,0.1225278819358428,0.10759480063203661,0.1480342596769333,0.11195458549855845,0.12150705947646429,0.10926283909086668,0.15082937479019165,0.10442896454833457,0.12155594736024151,0.10444679356931999,0.1504465490579605,0.10977449945344411,0.12579055475643605,0.11220856040059286,0.14009404182434082,0.1250690620443745
357,3,1,0.9725828336127882,0.9565481176659821,0.9722868204116821,0.9889135627607005,0.9723758431030197,0.9579561079007712,0.9707284569740295,0.9884429644342583,0.9732919664424488,0.9590865559231733,0.9720045328140259,0.988784810590147,0.9713561397555265,0.9561681523878215,0.9691669344902039,0.9887333323885544,0.9732319188726758,0.9612111019062808,0.9718641042709351,0.9866205504408114,0.9728119094085662,0.958179175804094,0.9708235859870911,0.9894329664345137,0.9694522059436569,0.9576166893961817,0.9637776613235474,0.9869622671112417,0.9709843638744737,0.9586369570283596,0.9668633341789246,0.9874528004161373
358,0,0,0.8305706967381248,0.8620985297877858,0.867450475692749,0.7621630847338395,0.8443898624488523,0.8656679880275933,0.8826193809509277,0.7848822183680357,0.8355909765375967,0.8628766775478701,0.8732545375823975,0.7706417144825225,0.8482977345114713,0.8633880316015725,0.8859084844589233,0.7955966874739179,0.8369207971176067,0.865024330075779,0.8693779706954956,0.7763600905815455,0.8481730764944126,0.864195273320585,0.8807584047317505,0.7995655514309024,0.8398902051113829,0.8535389140454275,0.878761887550354,0.7873698137383672,0.8414446309158867,0.8580532659832775,0.8654041290283203,0.8008764977360625
359,1,1,0.6977600540452856,0.6885921025939272,0.6985687613487244,0.7061192981932051,0.6945606100163134,0.6836515365480351,0.6964294910430908,0.7036008024578142,0.6875984053685572,0.6957073936562421,0.6936152577400208,0.6734725647094086,0.6948063297458673,0.678240256997592,0.6956630349159241,0.7105156973240858,0.6882654634790049,0.6870011232397198,0.6722440123558044,0.7055512548414906,0.7012442057257845,0.6886392649815531,0.7202863097190857,0.6948070424767149,0.6948531627570005,0.672371614176924,0.7321286201477051,0.6800592539463722,0.6979006431212929,0.6935958616900834,0.7107409834861755,0.6893650841876197
360,1,1,0.6977600540452856,0.6885921025939272,0.6985687613487244,0.7061192981932051,0.6945606100163134,0.6836515365480351,0.6964294910430908,0.7036008024578142,0.6875984053685572,0.6957073936562421,0.6936152577400208,0.6734725647094086,0.6948063297458673,0.678240256997592,0.6956630349159241,0.7105156973240858,0.6882654634790049,0.6870011232397198,0.6722440123558044,0.7055512548414906,0.7012442057257845,0.6886392649815531,0.7202863097190857,0.6948070424767149,0.6948531627570005,0.672371614176924,0.7321286201477051,0.6800592539463722,0.6979006431212929,0.6935958616900834,0.7107409834861755,0.6893650841876197
361,2,0,0.041472843404820346,0.05694416741442449,0.04322131723165512,0.02425304556838143,0.04219557575120061,0.056842116124386256,0.045278046280145645,0.024466564849069925,0.0406192757122875,0.0557448075955034,0.04448834806680679,0.02162467147455231,0.04245857227020514,0.05545190725740593,0.04813893139362335,0.023784878159586163,0.04243970227476721,0.058307777359970926,0.044990867376327515,0.024020462088003215,0.03959285201293734,0.05453363358265711,0.04057963192462921,0.023665290531525707,0.03529404969662351,0.05849323545209556,0.03044506534934044,0.016943848288434527,0.035420794303474466,0.058959336319302676,0.029835905879735947,0.01746714071138479
362,2,0,0.12352914277607575,0.11033684870131194,0.11460843682289124,0.1456421428040241,0.12537413374757425,0.11350862515768476,0.11337680369615555,0.14923697238888248,0.11898151708028643,0.10651399771970704,0.10029590129852295,0.15013465222262928,0.12466617058997836,0.10620701557732869,0.10604943335056305,0.16174206284204334,0.12304753751230894,0.10812317911986608,0.11378289014101028,0.14723654327605049,0.13425860369664935,0.11948786114732218,0.10899896174669266,0.1742889881959332,0.13272885725153655,0.11923427046663249,0.10997261106967926,0.1689796902182979,0.14236075331529943,0.11976818049060431,0.13083532452583313,0.1764787549294608
363,0,0,0.047479252603922724,0.04644826258316973,0.05325419828295708,0.04273529694564138,0.04551869612764522,0.044582162060802975,0.04396998509764671,0.048003941224485966,0.04952238377190705,0.0450576070946008,0.05430394411087036,0.04920560011025,0.04656632236038058,0.04403367947268602,0.04735814779996872,0.048307139808487005,0.040408381578942866,0.04287490734863654,0.04183445870876312,0.03651577867942895,0.04601753123680256,0.04055141863283563,0.040535666048526764,0.05696550902904529,0.05448879947072386,0.046436388650493855,0.05241010710597038,0.06461990265570736,0.05757959663527926,0.04705572248782088,0.0444326251745224,0.08125044224349448
364,0,0,0.10245314754717565,0.09507544108446697,0.10995806008577347,0.10232594147128646,0.1015746875128986,0.09810039690925473,0.1124473437666893,0.09417632186275174,0.1057880464363901,0.09512165786223452,0.11652103066444397,0.10572145078249179,0.09793786388005025,0.09618951286073826,0.10506191104650497,0.0925621677329075,0.09111474710425148,0.10090384557117808,0.10150524973869324,0.07093514600288309,0.10546735650795554,0.10494220035112639,0.10969235748052597,0.10176751169221426,0.10665951667202789,0.10308572550339694,0.12053462117910385,0.09635820333358286,0.10122360015733702,0.09824879884843746,0.12626829743385315,0.07915370418972047
365,1,0,0.11372834244587478,0.12230078620193696,0.11132930964231491,0.10755493149337247,0.11967902839688212,0.12496549122016361,0.11521891504526138,0.11885267892522138,0.11497574751155808,0.12376845040257693,0.11494199186563492,0.10621680026646238,0.11997640903959061,0.12504115919704928,0.11701709032058716,0.11787097760113542,0.1124847946039425,0.1214010945697479,0.11060838401317596,0.10544490522890365,0.11155786570853454,0.11706084140791619,0.10593487322330475,0.1116778824943827,0.11631226551312375,0.11776582505012688,0.12468539923429489,0.10648557225494946,0.11599784363809362,0.12043805096464028,0.10304796695709229,0.12450751299254828
366,0,0,0.11366350681381422,0.09918652962147163,0.13348424434661865,0.1083197464733524,0.11411102319070321,0.10372337894692399,0.13599137961864471,0.10261831100654094,0.11317342599677903,0.09790547384227785,0.1323145031929016,0.10930030095515761,0.11200430988168113,0.10027860747802515,0.12781685590744019,0.10791746625957804,0.1062460435680146,0.1022138354286324,0.11981374770402908,0.09671054757138235,0.12346427349882749,0.10640055108692972,0.14283818006515503,0.12115408934439773,0.12551716793733778,0.10659129986133155,0.14823541045188904,0.12172479349879274,0.10896158996281359,0.10037216313311521,0.13704758882522583,0.08946501793009974
367,3,1,0.9092211007589571,0.9034096417806483,0.8905490636825562,0.9337045968136667,0.9101842805649336,0.9079637461786564,0.8955090641975403,0.9270800313186042,0.9092107684431218,0.8866926900135114,0.898497998714447,0.9424416166014069,0.9185437664694485,0.9037072922423517,0.9120153784751892,0.9399086286908044,0.8961124580841272,0.8858088592460582,0.8693847060203552,0.933143808985968,0.9130679029329437,0.8981262504799146,0.9071976542472839,0.9338798040716324,0.9280396303609275,0.9051529342176159,0.924737274646759,0.9542286822184076,0.905491147935915,0.8832476290008755,0.8957749605178833,0.937450854288986
368,1,1,0.6414551345862688,0.6523525974000873,0.6493468284606934,0.6226659778980258,0.6460703299497682,0.6560270235977739,0.6428132057189941,0.6393707605325364,0.638355150838673,0.6419980415375408,0.6329108476638794,0.6401565633145987,0.6398968378934363,0.6590263101469238,0.6337111592292786,0.6269530443041068,0.676340164745143,0.6777576708871678,0.6483330726623535,0.7029297506859077,0.6805516973546307,0.6790518640532918,0.6548906564712524,0.7077125715393476,0.6976772228600177,0.7234096799500142,0.6768098473548889,0.6928121412751497,0.7101932066262239,0.7210726735569203,0.7064018845558167,0.7031050617659345
369,4,1,0.6667139709906139,0.6693553561029026,0.6739269495010376,0.6568596073679017,0.665769138550316,0.6711741885717456,0.682883620262146,0.6432496068170565,0.6716222154699868,0.6692184104293181,0.6887425780296326,0.6569056579510096,0.6660164849683953,0.6703035812084104,0.6890419125556946,0.638703961141081,0.6737811859977995,0.6741105795993853,0.6843737959861755,0.6628591824078379,0.6720091174339494,0.6734021660452372,0.6929959058761597,0.6496292803804515,0.6757374234276341,0.6772194760121257,0.7021156549453735,0.647877139325403,0.6734509302771552,0.6763369568484771,0.7108250260353088,0.6331908079476799
370,0,1,0.9588811881556293,0.9489365866572496,0.9521529078483582,0.97555406996128,0.9560496234237313,0.9419150895872361,0.9527162909507751,0.9735174897331828,0.9558111044661372,0.9447865278734547,0.9489229321479797,0.9737238533769765,0.9598490305558429,0.9502643054390961,0.949684739112854,0.9795980471155786,0.9565843399008179,0.942299315021683,0.9551479816436768,0.972305723037094,0.9635858746264531,0.9491683147579092,0.9643726348876953,0.9772166742337544,0.9567906435228277,0.9379710840182384,0.9587855935096741,0.9736152530405711,0.9552807149510029,0.9403951295664921,0.956954300403595,0.9684927148829215
371,3,1,0.7253302738357551,0.7734668551059006,0.725658118724823,0.6768658476765416,0.6928487893970884,0.774410560903358,0.7153300642967224,0.588805742991185,0.7337973213462758,0.7810203352027824,0.7045705318450928,0.7158010969909524,0.732523217364838,0.7646437865302351,0.7374979257583618,0.695427939805917,0.6998058045483854,0.7597433476842816,0.689663290977478,0.6500107749833964,0.6958825210143736,0.766683690542287,0.6890311241149902,0.6319327483858437,0.7155872323363842,0.7413242557571564,0.7046785354614258,0.7007589057905707,0.7247453972441349,0.7710826423030162,0.7682960629463196,0.634857486483069
372,0,0,0.09491314027030084,0.08858988897944764,0.08488868921995163,0.11126084261150326,0.09156009167033534,0.08162487367138321,0.0873245969414711,0.10573080439815172,0.09784568515027263,0.09144405611719579,0.08856524527072906,0.11352775406289299,0.0933707385824719,0.09258694929895692,0.08724178373813629,0.10028348271032247,0.09515327409584635,0.09501729522724658,0.09304623305797577,0.09739629400231674,0.09501980663140375,0.08790755110962564,0.09771578013896942,0.09943608864561615,0.09924480304194634,0.0936356372752722,0.10222013294696808,0.10187863890359874,0.10688515480736321,0.08655099464994154,0.11223001033067703,0.12187445944147109
373,0,0,0.08941721695305975,0.09391867121769444,0.08224692195653915,0.09208605768494563,0.08850525613992273,0.09181641074376344,0.0868140235543251,0.08688533412167965,0.0921144195321541,0.0934756420934691,0.08527178317308426,0.09759583332990897,0.09117061285644527,0.09351406537305573,0.08479984849691391,0.09519792469936615,0.09128680077962022,0.09442178797312661,0.0859476774930954,0.09349093687263865,0.09819413436089287,0.1023440803494713,0.08745215088129044,0.10478617185191692,0.10002770633957199,0.1002460702450603,0.08990056812763214,0.10993648064602356,0.10065463366382062,0.09807536541146367,0.0977339819073677,0.1061545536726305
374,1,0,0.3956911449386078,0.32452998338008765,0.45209234952926636,0.4104511019064694,0.35979543646311246,0.3213320446649913,0.4297771453857422,0.3282771193386039,0.36135340089469725,0.31123296775564474,0.45564284920692444,0.3171843857215226,0.3566095350486034,0.32389272240813816,0.4463413953781128,0.2995944873595591,0.33663903948899404,0.314927790171282,0.4119768440723419,0.28301248422335823,0.398206683986108,0.35138670083400997,0.4536072015762329,0.38962614954808095,0.432383569272028,0.36216938923002295,0.5085164904594421,0.42646482812661884,0.408244577382413,0.36765874402940296,0.4946465492248535,0.3624284388929825
375,4,0,0.10894182926196287,0.09967188234727949,0.13803160190582275,0.08912200353278639,0.12730870528454882,0.09510135391458659,0.16860617697238922,0.11821858496667063,0.126180400795735,0.0852836722519846,0.1744462102651596,0.1188113198700608,0.1287595547419935,0.09493639097774322,0.1590653508901596,0.1322769223580777,0.12274660238980095,0.08274502698788992,0.17075413465499878,0.11474064552651413,0.1080035710644797,0.07888521360502254,0.13800649344921112,0.10711900613920543,0.11723282876929808,0.08159054456918569,0.1427556723356247,0.12735226940308383,0.11763384741662497,0.08510181693752066,0.1284857541322708,0.13931397118008346
376,2,1,0.9360402682556748,0.933876220358364,0.9408507347106934,0.9333938496979666,0.9404125948519901,0.9328067525934622,0.9450260400772095,0.9434049918852986,0.9346943997030684,0.9299820744911689,0.9375660419464111,0.9365350826716253,0.9399517538343245,0.9337525753990569,0.9428097009658813,0.943292985138035,0.9359254636697987,0.9298778919724793,0.9446086883544922,0.9332898106824243,0.9329795252909913,0.9305596421708121,0.9452851414680481,0.9230937922341135,0.9330890282899317,0.9306043328523358,0.9353892207145691,0.9332735313028901,0.9294342551206114,0.9303246442688554,0.9477930068969727,0.9101851141960063
377,4,1,0.5353908608201157,0.5870411818725301,0.4968620836734772,0.5222693169143399,0.5512824008704832,0.590001714423504,0.4821861982345581,0.5816592899533874,0.5464648903812779,0.5960708906153218,0.4828786253929138,0.560445155135598,0.54258072267537,0.5887957008682314,0.48936930298805237,0.5495771641698264,0.5396850799659497,0.5816542724217686,0.4743187129497528,0.5630822545263278,0.5645974249715807,0.5919530057927215,0.5239868760108948,0.5778523931111258,0.5613811454112622,0.5881386545417719,0.5381758213043213,0.5578289603876935,0.5525343646704483,0.6016120164446546,0.4935818314552307,0.5624092461114597
378,1,0,0.4622938738887554,0.43733617380997114,0.48255252838134766,0.4669929194749476,0.47473532813648905,0.44017409833831594,0.4797112047672272,0.504320681303924,0.4487908933433145,0.48987874092365474,0.4613752067089081,0.3951187323973808,0.4279640619251608,0.43634925316139417,0.43919163942337036,0.40835129319071783,0.4483537328971201,0.458078045835445,0.47963833808898926,0.40734481476692613,0.413067578930505,0.4583390676970384,0.3832252621650696,0.39763840692940705,0.42952972774812426,0.467061717900415,0.40827667713165283,0.4132507882123048,0.4501021237960498,0.47907882730420015,0.43718254566192627,0.43404499842202293
379,3,0,0.08140574511698177,0.08317691926931219,0.07990077137947083,0.0811395447021623,0.08988263180489851,0.09542130198257223,0.07935324311256409,0.09487335031955922,0.08264505229631358,0.0873756348193281,0.08113391697406769,0.07942560509554497,0.07948136719208647,0.08302213906871232,0.0755179300904274,0.07990403241711969,0.08344972560348198,0.08803586311778779,0.07806392014026642,0.08424939355239176,0.07813081902478264,0.07447086720738752,0.076835036277771,0.08308655358918941,0.0802091749452621,0.08090655747533158,0.07682164758443832,0.08289931977601638,0.08573016555545088,0.07881494936077114,0.08139755576848984,0.09697799153709162
380,1,0,0.11528089654770968,0.11260255782505182,0.11964821070432663,0.11359192111375059,0.11389514421478523,0.10949897307593823,0.11963315308094025,0.11255330648747722,0.11261004528578948,0.10913616616352632,0.11837051808834076,0.11032345160550133,0.11344621299074915,0.1095445063524869,0.12001848965883255,0.110775642960928,0.113929022843947,0.10888009382988399,0.11908994615077972,0.11381702855117726,0.09098646626025648,0.09318938386319181,0.08859382569789886,0.09117618921967882,0.07709919655700169,0.08726812594847802,0.0679720863699913,0.07605737735253573,0.078736360682027,0.09390117636092571,0.07328307628631592,0.06902482939883936
381,1,1,0.9487199127526654,0.9465073616756454,0.9500113725662231,0.9496410040161276,0.9405326286521342,0.9427813365703082,0.9488566517829895,0.9299598976031048,0.9448248435402914,0.9454579811328326,0.9442760944366455,0.944740455051396,0.9537563094431992,0.9452655665669287,0.9456255435943604,0.9703778181683086,0.939748909865768,0.941553336748082,0.9453011155128479,0.9323922773363744,0.9492939450975276,0.9424762471315663,0.9529597163200378,0.9524458718409785,0.9529863897045624,0.9413347776490288,0.9565288424491882,0.96109554901547,0.952964816034496,0.9426072954242206,0.9518300890922546,0.9644570635870126
382,0,1,0.8231850933042556,0.8145842194529443,0.834701657295227,0.8202694031645955,0.8161271718083761,0.8118304167804502,0.8224879503250122,0.814063148319666,0.8116100706587903,0.8087475593505881,0.8226011991500854,0.8034814534756977,0.8271785524170082,0.8188067489511242,0.829639196395874,0.8330897119040266,0.8102857536844468,0.8009708176489472,0.8267076015472412,0.803178841857152,0.9120868985913227,0.8997291087123833,0.9078853130340576,0.9286462740275273,0.9263714664896262,0.9100466700057623,0.9235457181930542,0.9455220112700623,0.924425898384519,0.9152480438805295,0.9028249382972717,0.9552047129757558
383,2,0,0.33014119032129247,0.4446284612681691,0.16283279657363892,0.38296231312206935,0.3350081634236178,0.4735792094387829,0.16826127469539642,0.363184006136674,0.3208563350554882,0.4366594407889594,0.152800515294075,0.3731090490834301,0.32254247380564555,0.40805239302554136,0.16923746466636658,0.39033756372502876,0.34634479749999364,0.4427147063192765,0.1598423570394516,0.4364773291412529,0.32767377822898003,0.4168174480031236,0.1662013679742813,0.4000025187095351,0.3238956867276506,0.4298132981490117,0.1623772829771042,0.3794964790568361,0.3077165080510281,0.3893521836448078,0.15586642920970917,0.3779309112985675
384,0,1,0.9385332555647009,0.9150232192174536,0.9442611932754517,0.9563153542011975,0.9376849303470918,0.9193098505354101,0.935429573059082,0.958315367446783,0.9385461507754606,0.9278029168995329,0.9374703764915466,0.9503651589353022,0.939009209344056,0.9176732116216809,0.9380651116371155,0.9612893047733718,0.9383269059127288,0.9280034133084306,0.9416117072105408,0.9453655972192151,0.9382870278597868,0.9297812078512291,0.9438608884811401,0.9412189872469913,0.9270852886624699,0.9130993358557893,0.9367357492446899,0.9314207808869303,0.9152329818085766,0.9132035594385914,0.932015597820282,0.9004797881668563
385,1,0,0.10274214418262233,0.10694554713370108,0.09562119841575623,0.10565968699840966,0.09689609148670349,0.10419401980973239,0.09019093960523605,0.09630331504514204,0.10323896993228422,0.10570462579756995,0.09858791530132294,0.10542436869795978,0.10289925781819191,0.1061728439863896,0.0969819575548172,0.1055429719133689,0.0993746259832249,0.10426406785907397,0.09266670793294907,0.10119310215765166,0.10349983789610107,0.10676137973093909,0.09908777475357056,0.10465035920379358,0.10617130908975399,0.10583585693110474,0.10125638544559479,0.11142168489256243,0.1031069558846212,0.10789729350860285,0.09846925735473633,0.10295431679052443
386,1,0,0.22564116615829968,0.18064664110888848,0.27187252044677734,0.22440433691923323,0.2007515729591497,0.16540117107582117,0.2540784776210785,0.18277507018054942,0.21431743821949603,0.1710252499499247,0.2540397644042969,0.2178873003042665,0.22883772798327148,0.1735083839640615,0.2632858157157898,0.24971898426996306,0.24268941284441894,0.1684166170833304,0.21566666662693024,0.34398495482299624,0.1820337337330543,0.17234717327552324,0.1705685406923294,0.2031854872313102,0.1803433102326241,0.17755303305650322,0.1895054131746292,0.1739714844667399,0.18596620016334064,0.1751099499490885,0.2116580456495285,0.17113060489140497
387,2,0,0.058486505368715774,0.07614604451703359,0.05751471593976021,0.0417987556493535,0.057048278899350935,0.07050901229782694,0.0593690425157547,0.04126678188447115,0.05478207868986798,0.07616070638843463,0.06075703352689743,0.027428496154271866,0.05074708330432789,0.0661055975521759,0.05682205408811569,0.02931359827269207,0.060208415874307836,0.0848773354596815,0.055741868913173676,0.04000604325006832,0.05281808457395613,0.0843523520243214,0.04797184094786644,0.026130060749680536,0.04766868417192686,0.06638507691056184,0.04785192757844925,0.028769048026769502,0.051263410975325906,0.0690700483562781,0.05190740525722504,0.03281277931247458
388,4,1,0.7494715441038132,0.7846213229345458,0.7706059217453003,0.6931873876315936,0.7552271129213114,0.7845207622307573,0.7831487655639648,0.6980118109692118,0.7480615417372868,0.7799706393448584,0.7698241472244263,0.6943898386425754,0.7598454528375056,0.7865842064087624,0.7695357203483582,0.7234164317553962,0.7675614603600649,0.7825115819993039,0.7991435527801514,0.7210292463007395,0.755926174501674,0.7780940260629547,0.7763260006904602,0.7133584967516069,0.7601887048251518,0.7804033825882354,0.803628146648407,0.696534585238813,0.7577951690390572,0.7793837016951789,0.7726475596427917,0.7213542457792006
389,3,0,0.10461563183937715,0.10506034494287435,0.10642341524362564,0.10236313533163145,0.10308829000776144,0.10110464954631199,0.10253841429948807,0.1056218061774843,0.10591159339682621,0.10186030034298826,0.10811508446931839,0.10775939537817197,0.1054153977804052,0.10394692479536502,0.10650971531867981,0.10578955322717076,0.10260719141937709,0.10714555374701076,0.1010400801897049,0.09963594032141564,0.10162630199061996,0.09851047614748289,0.10201903432607651,0.10434939549830054,0.10037945288050837,0.09989866724429865,0.10276027023792267,0.0984794211593038,0.10186408200000585,0.10128120150926337,0.10348398238420486,0.10082706210654932
390,1,1,0.9133635251401877,0.9252393442232263,0.92051762342453,0.8943336077728068,0.9106984455347917,0.9229434267164003,0.9211891293525696,0.8879627805354053,0.915189270540254,0.9207275648130033,0.9218916893005371,0.9029485575072216,0.9197362678185969,0.9251491692466542,0.9192944765090942,0.914765157700042,0.9141976738503749,0.9186038764570894,0.9214195013046265,0.9025696437894087,0.9103751220006538,0.9259447386367343,0.9261462688446045,0.879034358520623,0.9063161755471496,0.9178833187700312,0.9238817691802979,0.87718343869112,0.9066294865415067,0.9208189401146971,0.9196451902389526,0.8794243292708699
391,4,1,0.47174985766030947,0.46752908370047125,0.5270830988883972,0.4206373903920599,0.4595951331888298,0.47662842380856396,0.5277218222618103,0.3744351534961149,0.4454236872274662,0.47931725829227784,0.4538031220436096,0.4031506813465113,0.44824191901518234,0.4747624205192284,0.49825361371040344,0.37170972281591524,0.4311187969447472,0.4664716428609398,0.4837285578250885,0.3431561901482132,0.4531793715853342,0.4775877603987159,0.5040810704231262,0.3778692839341604,0.4061062847334864,0.4473463962490262,0.4629089832305908,0.30806347472084217,0.4036446605759076,0.4323781416987716,0.4491638243198395,0.32939201570911164
392,3,1,0.09822276989598433,0.1005567109628169,0.09508863836526871,0.0990229603598674,0.09465027037527757,0.09831327917522424,0.09442584961652756,0.09121168233408088,0.09730496609767535,0.09771019786251184,0.10192253440618515,0.09228216602432902,0.09800364384126013,0.09948849477421634,0.09615056216716766,0.09837187458239637,0.095314603903448,0.09954575410371376,0.09553446620702744,0.09086359139960282,0.09698107760357773,0.09647945179718524,0.09629623591899872,0.09816754509454925,0.09445069736078326,0.09608959981772483,0.09311674535274506,0.0941457469118799,0.09643926469928467,0.09598067668081306,0.09361261874437332,0.09972449867266762
393,1,0,0.10586150221415759,0.11027348943038306,0.12255287170410156,0.08475814550798814,0.11232326684839926,0.11360195200075504,0.12761303782463074,0.09575481071981197,0.10828516195410948,0.11064986304192755,0.12125686556100845,0.09294875725939243,0.11039638056726375,0.11252411138398509,0.1267903447151184,0.09187468560268777,0.11658525589290869,0.1193297808192153,0.12899218499660492,0.10143380186290583,0.10104134997423501,0.09923407364952343,0.11951956897974014,0.08437040729344149,0.09831373327119491,0.09728133158861933,0.12180540710687637,0.07585446111808904,0.10143860417451873,0.09118320141239507,0.12504920363426208,0.08808340747689905
394,1,1,0.9686593177126945,0.9520573642442209,0.9710601568222046,0.9828604320716582,0.970342679017485,0.9522516004927492,0.9750447273254395,0.9837317092342664,0.9699918747588469,0.9503536273929072,0.9740435481071472,0.9855784487764859,0.9723429547270582,0.9532789780971065,0.9744768142700195,0.9892730718140488,0.9664703709443868,0.942556210409525,0.9692535996437073,0.9876013027799281,0.9684722107458811,0.9528313158358134,0.9730759859085083,0.979509330493322,0.9685926154502495,0.9510314810194634,0.9743607640266418,0.9803856013046434,0.9662770851588259,0.9441259433008039,0.9722710847854614,0.9824342273902124
395,0,1,0.8211665861604981,0.7536878108609529,0.8166953325271606,0.8931166150933806,0.8287440565177193,0.7787977784534434,0.8233689665794373,0.8840654245202774,0.8131042297008708,0.7789445981247619,0.807449460029602,0.8529186309482484,0.7998467161162174,0.7570930941056789,0.825698971748352,0.8167480824946209,0.8309719894864048,0.7944515582493741,0.8320138454437256,0.8664505647661148,0.8790388194787638,0.8415165528186473,0.8574550747871399,0.9381448308305043,0.8741671694768159,0.8271032972386593,0.8880611658096313,0.9073370453821571,0.8676695126612497,0.7980807243739795,0.891457200050354,0.9134706135594157
396,1,0,0.11138285665790075,0.10799085045807157,0.11336316168308258,0.11279455783254813,0.10959698277854844,0.10608733957122407,0.11290670931339264,0.1097968994510286,0.1093193561926979,0.10380063131609167,0.11487912386655807,0.10927831339544396,0.1092766906816139,0.1061728439863896,0.11652454733848572,0.10513268071996638,0.10852038697836865,0.10550493784008684,0.11200021207332611,0.10805601102169299,0.09729901006788673,0.09316283967909769,0.10794632136821747,0.09078786915634503,0.0841939439120263,0.0875271363746454,0.088511161506176,0.0765435338552575,0.08741719786068669,0.09114244774837377,0.09672347456216812,0.07438567127151818
397,3,0,0.6726354482930595,0.6875506655744048,0.7035579085350037,0.6267977707697701,0.6684362488208052,0.686997802911265,0.7110297679901123,0.6072811755610387,0.6792023936861491,0.6892457048894836,0.7165343165397644,0.6318271596291994,0.6707730688819223,0.6855608711152122,0.7098865509033203,0.6168717846272345,0.6443746713705415,0.667314460746528,0.7142709493637085,0.5515386040013881,0.6395629483826558,0.6660155960100708,0.6370419263839722,0.6156313227539245,0.6280210102239571,0.6859444006665417,0.6385338306427002,0.559584799362629,0.6109015991689078,0.6577000659427138,0.6341605186462402,0.5408442129177697
398,3,0,0.1063112617715997,0.09580472033330582,0.12864728271961212,0.09448178226188116,0.1123039009887425,0.09763311927986892,0.12295409291982651,0.11632449076653212,0.1122159160766486,0.10053754292395227,0.12095844000577927,0.11515176530021426,0.1124612266244544,0.09654264033647704,0.13553011417388916,0.10531092536299702,0.11147059631860645,0.09343192136842604,0.13561400771141052,0.1053658598759828,0.10848402190196156,0.09668466056460363,0.12540745735168457,0.10335994778959653,0.09438064957749952,0.09223927116983349,0.1086871400475502,0.08221553751511483,0.08729344441481235,0.09046515112020069,0.09486450999975204,0.07655067212448431
399,2,0,0.17658118193106578,0.15987874082925654,0.14426343142986298,0.2256013735340778,0.19375104431887966,0.1638499301072793,0.14774499833583832,0.2696582045135213,0.19639893268614897,0.15378933524670166,0.14586299657821655,0.28954446623352864,0.1836430886288066,0.15906980693467165,0.14913028478622437,0.24272917416552378,0.18264662144119473,0.1541440348839052,0.1656256467103958,0.22817018272928322,0.18577597644109198,0.15550690378178883,0.14682303369045258,0.2549979918510345,0.19367238619312319,0.1492832601540303,0.1603270024061203,0.2714068960192189,0.1746270675092362,0.146178423870057,0.15915562212467194,0.21854715653297974
400,0,1,0.837031888431642,0.8724591063607516,0.8556746244430542,0.78296193449112,0.843026245335673,0.8711086912680326,0.8689404726028442,0.789029572136142,0.839453779477795,0.8683968365612778,0.867044985294342,0.7829195165777649,0.8511425019725888,0.8730235613548664,0.8673095703125,0.8130943742504,0.8419909563213621,0.8645953976407523,0.8577877879142761,0.8035896834090579,0.8657169429711913,0.8895095380969907,0.8860077261924744,0.8216335646241085,0.8510861639392352,0.8701041919534935,0.8634381294250488,0.8197161704391633,0.844920143398772,0.8739970405700983,0.8597337603569031,0.8010296292693145
401,1,1,0.1534298118376769,0.20327274820284105,0.08678775280714035,0.17022893450304932,0.14520004792758856,0.20096736619209823,0.08959565311670303,0.14503712447396447,0.1497299064041311,0.189532650156591,0.0951872393488884,0.16446982970691398,0.1422447770136963,0.19478308391034557,0.09459514915943146,0.13735609797131185,0.14581388483737195,0.19225320466695997,0.08066058158874512,0.1645278682564108,0.13682743550760637,0.16973975653745896,0.08668439835309982,0.15405815163226028,0.12103033687484882,0.15751830138370784,0.08566891402006149,0.11990379522077711,0.12967302588288418,0.16405634283122056,0.08504964411258698,0.13991309070484498
402,2,0,0.10352903606456375,0.10173464065084495,0.10900706052780151,0.09984540701504478,0.12276108749237814,0.10939875905327312,0.15288953483104706,0.10599496859281428,0.10248972147397041,0.1023789429598331,0.10733157396316528,0.09775864749891287,0.10197816279496343,0.10142035187091243,0.10754900425672531,0.09696513225725256,0.11842824241962287,0.10887302001406635,0.14614640176296234,0.10026530548183996,0.10795928745440701,0.1046507369289418,0.11753587424755096,0.10169125118672825,0.10601258859689083,0.10017668895995009,0.11195235699415207,0.10590871983657035,0.12231005989986143,0.10655599343638177,0.14222189784049988,0.11815228842270263
403,4,0,0.14100524290037778,0.19406455127623137,0.0892397090792656,0.13971146834563639,0.13296920880294327,0.12467883067422396,0.08256996423006058,0.19165883150454527,0.12987696184250444,0.16886965577549515,0.08799778670072556,0.1327634430512926,0.12224853822341218,0.15048880942579168,0.08900538086891174,0.1272514243755331,0.1296559602618533,0.1659208752431835,0.08850815892219543,0.13453884662018098,0.21988541382383917,0.276363015543726,0.14443634450435638,0.2388568814234351,0.23027527508333842,0.32141112755233636,0.15803363919258118,0.21138105850509764,0.23015640357473152,0.30163707923935246,0.1335708051919937,0.2552613262928484
404,4,0,0.12035344763820187,0.10391395229670475,0.14951984584331512,0.10762654477458572,0.12090508863564149,0.10463766953250427,0.1492568850517273,0.10882071132269297,0.11628198126826905,0.10217520487764367,0.14018598198890686,0.10648475693825664,0.11581592936959546,0.10405076355775453,0.14870217442512512,0.09469485012590675,0.1208874795996802,0.10318655454091957,0.14760634303092957,0.11186954122719146,0.11859993455252316,0.0991664390170357,0.1526428461074829,0.10399051853305087,0.1202873766253215,0.09663766378901169,0.15591135621070862,0.10831310987624419,0.11697989302454453,0.0975527711477402,0.1452128142118454,0.108174093714048
405,1,0,0.5815607263367274,0.5815627481133321,0.551729142665863,0.611390288230987,0.5584339748726189,0.5755984035883316,0.5380629301071167,0.5616405909224086,0.5746191646899751,0.5755085657848656,0.560767412185669,0.5875815160993906,0.5746881504935656,0.5700643115271625,0.5517753958702087,0.6022247440833252,0.5859004507808885,0.5713262834018537,0.5780936479568481,0.6082814209839638,0.46822932411473256,0.48694864376759706,0.46103817224502563,0.4567011563315749,0.4319237347788771,0.39465292706473853,0.377739280462265,0.5233789968096276,0.4281953060432482,0.40359923520357943,0.3820045590400696,0.4989821238860956
406,3,0,0.10539481209848718,0.09710043172311697,0.10265957564115524,0.11642442893118936,0.11820150468158168,0.1039492625994736,0.10798271745443344,0.142672533990838,0.104501245687101,0.10370717331819898,0.09577079862356186,0.11402576511954216,0.10216511912409552,0.10121234369282052,0.09975536167621613,0.10552765200324994,0.11319754347324713,0.09860064651464302,0.1058569923043251,0.1351349916007733,0.11055425978968454,0.09700461122007034,0.11129362136125565,0.12336454678772764,0.10834230339574902,0.09495149098258265,0.10224567353725433,0.1278297456674101,0.1123065278905382,0.09931298444809779,0.10506781190633774,0.1325387873171791
407,0,0,0.07897869837107736,0.09105881204483884,0.08367780596017838,0.06219947710821485,0.07916614715058695,0.0953627153056805,0.08520275354385376,0.056932972602226614,0.08044216794717413,0.09408856064640664,0.07773375511169434,0.0695041880834214,0.08007738386946865,0.09207481044901615,0.07887310534715652,0.06928423581223328,0.07886904457890459,0.09259375200195032,0.08046116679906845,0.063552214935695,0.08673557543156855,0.09963471324611894,0.08349661529064178,0.07707539775794489,0.08800603994626895,0.09476272481821107,0.08522810786962509,0.08402728715097071,0.08163088376074296,0.0922655453386831,0.08836329728364944,0.06426380865989634
408,0,1,0.9468616901310639,0.940887140318054,0.959136962890625,0.9405609671845125,0.944308073179644,0.9446456469201181,0.9501976370811462,0.9380809355376677,0.9399196424276847,0.9439743607746468,0.9514917135238647,0.9242928529845423,0.9430454594458696,0.9422387997700524,0.9565277695655823,0.930369809001974,0.9299063899312738,0.9427574294191366,0.9475919604301453,0.8993697799445398,0.9426555507796545,0.9384848421968052,0.9485667943954468,0.9409150157467112,0.951654097645893,0.9462476810577365,0.9494983553886414,0.9592162564913013,0.9397850454112614,0.9457196183536266,0.9523597955703735,0.9212757223097842
409,3,0,0.09822276989598433,0.1005567109628169,0.09508863836526871,0.0990229603598674,0.09574484984152555,0.09831327917522424,0.09685895591974258,0.09206231442960983,0.09828312550544994,0.09771019786251184,0.10485701262950897,0.09228216602432902,0.10035070829150476,0.09948849477421634,0.1026136726140976,0.09894995748620034,0.095314603903448,0.09954575410371376,0.09553446620702744,0.09086359139960282,0.09851540842338959,0.09647945179718524,0.09629623591899872,0.10277053755398478,0.09396376705733102,0.09608959981772483,0.0913543701171875,0.09444733123708074,0.09784803677994187,0.09598067668081306,0.09361261874437332,0.10395081491463926
410,2,0,0.05402281074122515,0.06469121758145004,0.0476832389831543,0.049693975659071125,0.05442183790450661,0.0645530906725742,0.04276219382882118,0.05595022921212445,0.05238341691702211,0.06059171564827777,0.042472027242183685,0.05408650786060488,0.04992453187975076,0.05759441756793423,0.043933939188718796,0.04824523888259923,0.0549166930880098,0.06410176787076742,0.0499228797852993,0.05072543160796267,0.052086967557439266,0.06318728144799478,0.04103853926062584,0.052035081963697175,0.04915699587838985,0.061682939373519124,0.04374680295586586,0.042041245305784576,0.048623137140125415,0.0580759066517761,0.040772102773189545,0.0470214019954106
411,1,0,0.10274214418262233,0.10694554713370108,0.09562119841575623,0.10565968699840966,0.09689609148670349,0.10419401980973239,0.09019093960523605,0.09630331504514204,0.10323896993228422,0.10570462579756995,0.09858791530132294,0.10542436869795978,0.10289925781819191,0.1061728439863896,0.0969819575548172,0.1055429719133689,0.0993746259832249,0.10426406785907397,0.09266670793294907,0.10119310215765166,0.10349983789610107,0.10676137973093909,0.09908777475357056,0.10465035920379358,0.10617130908975399,0.10583585693110474,0.10125638544559479,0.11142168489256243,0.1031069558846212,0.10789729350860285,0.09846925735473633,0.10295431679052443
412,1,0,0.10601281474192359,0.10266061577348995,0.10450759530067444,0.11087023315160638,0.10833845596455076,0.102236179553984,0.10783931612968445,0.11493987220998379,0.10624111518949018,0.10524655107867875,0.10597870498895645,0.10749808950083535,0.10533160242138014,0.10223896454894958,0.10670898109674454,0.10704686161844627,0.10607604292489348,0.10848391259435552,0.09960003197193146,0.11014418420839342,0.1881319035954662,0.19347409952778613,0.2084607183933258,0.1624608928652867,0.1574414790587244,0.1610686176552623,0.1692936271429062,0.14196219237800478,0.15989567040273056,0.16894901636334647,0.17207565903663635,0.13866233580820883
413,0,1,0.9527402639949217,0.9333935481426467,0.9513084888458252,0.9735187549962931,0.9514716866521865,0.9356804889347456,0.9502972364425659,0.9684373345792482,0.9507008728293314,0.9385861793208538,0.9468665719032288,0.9666498672639118,0.9521535297937899,0.9358885818742626,0.9513766169548035,0.9691953905523034,0.9525841006892231,0.9371398828547497,0.9462664127349854,0.9743460064779341,0.9511281905190909,0.9447187898315487,0.9483357071876526,0.9603300745380718,0.9431769349344767,0.9325896492233484,0.950389564037323,0.9465515915427588,0.9380539130233286,0.9282006585356286,0.9394161105155945,0.9465449700187628
414,2,0,0.08298264795734879,0.07910262602084772,0.08028563112020493,0.08955968673099374,0.08738521095980052,0.07839560380687645,0.08157911151647568,0.10218091755604945,0.08284232441003658,0.07600326377632588,0.08878462016582489,0.08373908928795898,0.08053768724092097,0.07757108926527605,0.09269020706415176,0.07135176539333508,0.07986485388292373,0.08172276950159428,0.08646038174629211,0.07141141040088478,0.10702079609397669,0.1369596119549926,0.08381016552448273,0.10029261080245476,0.1018215031454426,0.10773956335458813,0.09436570107936859,0.1033592450023711,0.10441716513081933,0.13692981331194107,0.08008323609828949,0.09623844598222746
415,1,1,0.14914510465589878,0.20327274820284105,0.08365852385759354,0.16050404190726172,0.14053697717016223,0.20096736619209823,0.086353600025177,0.13428996529321144,0.1468371333583457,0.189532650156591,0.09343311190605164,0.15754563801239446,0.1415431563134417,0.19478308391034557,0.09452474862337112,0.13532163640660835,0.1432719607293771,0.19225320466695997,0.08108136802911758,0.15648130949205374,0.13351749540163046,0.16973975653745896,0.08524487912654877,0.1455678505408836,0.12252093914000899,0.15751830138370784,0.08752886950969696,0.12251564652662213,0.12817055539152852,0.16405634283122056,0.08697319030761719,0.13348213303574777
416,3,0,0.7182095171340981,0.7266629870021603,0.7130004167556763,0.7149651476444578,0.6869085387364408,0.7110918316563617,0.7003180980682373,0.6493156864847232,0.7031215692620547,0.6899982478113729,0.6955358386039734,0.7238306213708177,0.7294962454870179,0.7266573720274813,0.7167775630950928,0.7450538013384798,0.6986371670569357,0.6975070527431947,0.7143598198890686,0.6840446285385441,0.7233199040537409,0.7201115079437602,0.7365440726280212,0.7133041315894416,0.7358941082707302,0.7348164562986067,0.7469667196273804,0.7258991488862037,0.7468614548809706,0.7575843056769564,0.7534918785095215,0.7295081804564337
417,0,1,0.8754044282964872,0.8755926409309787,0.9078275561332703,0.8427930878252129,0.8822878669728892,0.8803779500805796,0.9067797660827637,0.859705884755324,0.8778352436522588,0.8860695717917713,0.896825909614563,0.850610249550442,0.8823161050501747,0.8762296019038884,0.9102303385734558,0.8604883746731798,0.8733653064926362,0.8824160495452826,0.9011552333831787,0.8365246365494471,0.8799531075210277,0.8876991921683339,0.9173367619514465,0.8348233684433028,0.869024489854273,0.8726545589090864,0.8947202563285828,0.8396986543251499,0.8712227688409325,0.8699182005196581,0.8981150388717651,0.8456350671313743
418,3,1,0.871905327298176,0.8783058149213121,0.8727545738220215,0.8646555931511943,0.870934631649734,0.8800894501663963,0.8685277700424194,0.8641866747403861,0.8686695342621,0.8740794736395971,0.8842043876647949,0.8477247414819082,0.8744275091195198,0.876296307469407,0.8737078309059143,0.8732783889832383,0.8621491189233462,0.8755658915704289,0.8570451736450195,0.8538362915545901,0.8829280052334404,0.889031245773393,0.8802264332771301,0.8795263366497978,0.8731256380703537,0.888220912122739,0.8725045919418335,0.8586514101464884,0.8745621169542487,0.8843913051674525,0.8926383256912231,0.8466567200040707
419,2,0,0.1358490941876568,0.12065877455358215,0.15375997126102448,0.1331285367483638,0.14204203363407705,0.12355233604991786,0.15585069358348846,0.14672307126882483,0.13302513831186377,0.12319676069624037,0.14240311086177826,0.1334755433775727,0.1368900463320641,0.12180787377197962,0.15028102695941925,0.13858123826479352,0.13717653209746813,0.12241651051907956,0.1469448357820511,0.14216824999127375,0.1408720984680787,0.1255339988984021,0.15532976388931274,0.1417525326165212,0.1384249850477618,0.12297669500599162,0.13337837159633636,0.15891988854095737,0.13994058253319094,0.12473767715163991,0.1447175294160843,0.15036654103184866
420,1,0,0.12586835183486755,0.10755008288045165,0.11287431418895721,0.1571806584351938,0.11070901112658922,0.10240021865483574,0.10148117691278458,0.12824563781214735,0.11626896088719707,0.1012257236876844,0.1334650218486786,0.11411613712522825,0.12177565162769344,0.10894778377849873,0.12529155611991882,0.1310876149846628,0.12383280044826249,0.09426137877737256,0.1487649530172348,0.1284720695501801,0.08911596468406031,0.06848790183519789,0.10406907647848129,0.0947909157385018,0.08932427587718988,0.06688855850336199,0.10338155180215836,0.09770271732604928,0.10054897171708906,0.05948363896184714,0.10491745173931122,0.1372458244501088
421,1,0,0.1257060937974965,0.1316153407864203,0.1281585693359375,0.11734437127013171,0.12515160214489587,0.13209405902831398,0.12512245774269104,0.1182382896636826,0.1261535987362986,0.12926222136992777,0.1287408024072647,0.12045777243170333,0.13042215526753542,0.1345320480104545,0.13017962872982025,0.12655478906233156,0.12041356339966612,0.12451875019079636,0.11292333155870438,0.1237986084494976,0.12501922655610173,0.12446866711166828,0.13234342634677887,0.11824558620985803,0.12703273529535294,0.1251915668091346,0.13351216912269592,0.12239446995422837,0.12371142932862537,0.12845443095004927,0.12043829262256622,0.1222415644132606
422,4,0,0.12935721476340467,0.12876672539644918,0.1328408271074295,0.12646409178633533,0.13481666943219875,0.1302011361738151,0.14175695180892944,0.13249192031385168,0.12882143969663318,0.1285178516290494,0.13173633813858032,0.1262101293222698,0.13001556943188156,0.1301119871003196,0.13804608583450317,0.12188863536082195,0.13212825776984596,0.12959617545946162,0.1352320909500122,0.13155650690006412,0.12396115550287141,0.12227994710533308,0.12298374623060226,0.12661977317267895,0.12415528420751025,0.1259731689981885,0.12695258855819702,0.11954009506614519,0.12606945714293274,0.11957458906122269,0.12946817278862,0.12916560957895554
423,3,0,0.1368861536661892,0.12167616004624626,0.17965838313102722,0.1093239178212941,0.1384650327531189,0.12225879255303367,0.17579971253871918,0.11733659316760381,0.13745470800743068,0.12222200517920322,0.18676963448524475,0.10337248435784402,0.13883787025669228,0.1213972948180373,0.18221865594387054,0.11289766000816896,0.13448800425089374,0.12488455512580003,0.17091916501522064,0.10766029261166056,0.13647901704791823,0.12063670938567665,0.17840240895748138,0.11039793280059665,0.12181412873054394,0.11535689899764012,0.15257775783538818,0.0975077293586035,0.12659112430164002,0.11349688351386379,0.15194325149059296,0.11433323790046329
424,4,0,0.5430959987734787,0.5641749576647617,0.4966757595539093,0.5684372791017651,0.5385734080278562,0.5961063264767814,0.4915730059146881,0.5280408916920993,0.5205584643291865,0.5768231882726157,0.4584120213985443,0.5264401833163995,0.5162511866429885,0.5756944554238462,0.450906366109848,0.5221527383952712,0.5150948248175902,0.5685502433436567,0.4582214057445526,0.5185128253645611,0.39592101720405104,0.4897884579454248,0.290417343378067,0.4075572502886614,0.3582858728402432,0.44119563665659517,0.2288614809513092,0.40480050091282527,0.35749456100958527,0.4746468761543299,0.24806618690490723,0.34977061996951875
425,3,0,0.0607718243717583,0.08388944859144438,0.06215961277484894,0.03626641174898161,0.06689396524448503,0.0842606122616091,0.05650067329406738,0.05992061017777864,0.06474263219781537,0.08649905825598164,0.06104283407330513,0.04668600426415934,0.06578067116973779,0.08437557778789496,0.06234327703714371,0.05062315868417473,0.06763533792969632,0.0845757875075444,0.058240052312612534,0.060090173968932015,0.05628874424644057,0.07450142121195952,0.05116870999336243,0.04319610153399977,0.051517856006741025,0.07313292982470121,0.05059877783060074,0.030821860364921114,0.051773740235091736,0.07116965172816068,0.04287981986999512,0.0412717491071194
426,0,0,0.11326947548481965,0.10323458320419188,0.12420127540826797,0.11237256784199912,0.1148019276244373,0.10494093290465892,0.12063268572092056,0.11883216424773242,0.11002378669938968,0.10185341316701557,0.11566910892724991,0.11254883800390357,0.1116302596216786,0.10425566242001261,0.11459018290042877,0.1160449335445944,0.11101193087757127,0.10430388310281527,0.11405246704816818,0.11467944248173037,0.11768625293407349,0.10979460628456043,0.12176945060491562,0.1214947019127444,0.12060873946622135,0.10943021600871132,0.12829695641994476,0.12409904597000791,0.11202305078873907,0.10184313929429313,0.11858945339918137,0.11563655967274274
427,0,1,0.8373846794273588,0.8727834919120486,0.8434292078018188,0.7959413385682091,0.8415722563866487,0.8690870404126866,0.8552822470664978,0.800347481680762,0.848623345717341,0.8678694823217183,0.8558074831962585,0.8221930716340462,0.8519326180478023,0.8733373300083002,0.8613992929458618,0.8210612311892447,0.8444004795006655,0.8639418481856125,0.8500649929046631,0.819194597411721,0.8687140335889584,0.8968031265107426,0.8932177424430847,0.8161212318130479,0.8537290997000228,0.873443770892998,0.8632851243019104,0.82445840390516,0.8523049903220481,0.869150120142478,0.8662289381027222,0.821535912720944
428,3,1,0.8761744775966424,0.8827181709744668,0.8830339312553406,0.8627713305601198,0.8746982064690728,0.8844746087268286,0.8788513541221619,0.8607686565582281,0.8664762303146903,0.878218588460725,0.8940359354019165,0.8271741670814295,0.8764403027812312,0.8822568111449467,0.8826887607574463,0.8643753364413007,0.8637102254156321,0.8780659076975461,0.8732140064239502,0.8398507621254003,0.8875526458764554,0.8916031089720572,0.8940365314483643,0.8770182972089453,0.8811150717821449,0.8933392269594228,0.8970851302146912,0.8529208581723204,0.8763633011496027,0.8884545303154638,0.8994935154914856,0.8411418576418589
429,3,0,0.10840025676704201,0.10506034494287435,0.1169305145740509,0.10320991078420075,0.10638438697699643,0.10110464954631199,0.1120498925447464,0.10599861883993088,0.10991559124519801,0.10186030034298826,0.11737330257892609,0.11051317081367966,0.11014486194195416,0.10394692479536502,0.11607146263122559,0.1104161983992719,0.10441334590998326,0.10714555374701076,0.10702041536569595,0.09907406861724305,0.10846772025409994,0.09851047614748289,0.10966532677412033,0.11722735784069663,0.10090176033466174,0.09989866724429865,0.10489902645349503,0.09790758730619156,0.0998442468818926,0.10128120150926337,0.10352085530757904,0.09473068382883541
430,0,1,0.14832273774242835,0.12254135122067235,0.16414830088615417,0.15827856112045857,0.16039462473058178,0.13239319585333495,0.18270395696163177,0.1660867213767786,0.22795241179724438,0.20862139764043927,0.31275811791419983,0.16247771983709408,0.1472200986806419,0.12252100605178635,0.15746252238750458,0.16167676760263477,0.252102806788237,0.21035059292730424,0.303476482629776,0.2424813448076308,0.1612153042227021,0.14024489150511732,0.17906145751476288,0.16433956364822613,0.17531842220000549,0.15842528851984902,0.20468354225158691,0.16284643582858044,0.28600042036352974,0.25172671726761664,0.37432438135147095,0.23195016247150166
431,1,1,0.4700650888534292,0.505328619203416,0.4865013659000397,0.41836528145683183,0.48242764762457435,0.5057817857804986,0.47702181339263916,0.4644793437005854,0.44795628971975354,0.4937877308377462,0.42701372504234314,0.4230674132791714,0.47304855632385023,0.5010970809337153,0.45988643169403076,0.4581621563438046,0.4558497021374879,0.5081218037778323,0.45208895206451416,0.40733835057011714,0.4683901188217278,0.5009347580219046,0.48410844802856445,0.42012715041471443,0.4619601640044459,0.5095849530416836,0.46199309825897217,0.41430244071268185,0.4591524114818772,0.5065861715375906,0.44271859526634216,0.4281524676416988
432,4,1,0.5602576038228214,0.5806619221646836,0.5467296838760376,0.5533812054277428,0.5502550958352854,0.5740913555904649,0.5250571370124817,0.5516167949029099,0.5502448555936629,0.5756654942047873,0.5414904952049255,0.533578577371276,0.5632122869300659,0.5794546141763905,0.5584255456924438,0.5517567009213631,0.5484885121204375,0.570552503743745,0.5368450880050659,0.5380679446125014,0.4549062438565871,0.5068618040505177,0.3901527225971222,0.46770420492212145,0.42278894130821737,0.4745063151868544,0.37466102838516235,0.4191994803526354,0.4362877380460249,0.4671297663681618,0.36288952827453613,0.47884391949537686
433,4,1,0.7879593425685719,0.8090476469130912,0.7934442758560181,0.7613861049366064,0.7993153178719216,0.8117538080316051,0.8049347996711731,0.7812573459129865,0.8040911955532343,0.8082989870856959,0.8190639615058899,0.7849106380681171,0.8084180851281806,0.8114014274458932,0.8224191069602966,0.791433720978352,0.8014902331646635,0.8154476603438722,0.8095800876617432,0.7794429514883753,0.8089622160780472,0.804639349668364,0.8283724188804626,0.7938748796853148,0.7967381160922429,0.8097471433881526,0.8269411325454712,0.7535260723431049,0.799694044255754,0.8051616325581585,0.8219777941703796,0.7719427060387238
434,0,0,0.22431135787728407,0.2320693793116483,0.23037469387054443,0.21049000044965951,0.2067893221297714,0.2158670695723691,0.18607699871063232,0.21842389810631274,0.20840325550793018,0.24363279049652203,0.1667296141386032,0.2148473618886653,0.23246823923619844,0.23370367962207833,0.21889618039131165,0.24480485769520544,0.24676726466721852,0.26616217091448346,0.27193212509155273,0.20220749799561932,0.211794067105465,0.22853357181343917,0.18104495108127594,0.2258036784216799,0.19702399833463943,0.2227363417588094,0.1735839694738388,0.19475168377127003,0.2037667284200501,0.24610944457899062,0.16021068394184113,0.20498005673931852
435,3,0,0.49043443373986734,0.4732113005665947,0.5370160341262817,0.46107596652672544,0.4608281644207721,0.46506890897039527,0.523964524269104,0.3934510600228172,0.5566526135786484,0.6228644335120587,0.5474358797073364,0.49965752751655007,0.4658006837609195,0.47282417976849495,0.5378279685974121,0.3867499029168516,0.5393845016621562,0.6333895801866897,0.4861724376678467,0.4985914871319325,0.46711317148604237,0.5087232096487333,0.5016013383865356,0.39101496642285816,0.4742906546856167,0.46788376527284337,0.5389476418495178,0.41604055693448905,0.5646724183454214,0.6581727311247647,0.5313838124275208,0.5044607114839785
436,0,1,0.9562597488917367,0.9503422432647503,0.9547673463821411,0.9636696570283189,0.9586957964810292,0.9483157325929377,0.9492173790931702,0.9785542777569796,0.9582180306252356,0.9491232986549458,0.9514500498771667,0.9740807433435938,0.9590278404603457,0.9526195295829244,0.9481560587882996,0.9763079330098133,0.9551553139252502,0.9459732562802033,0.9474735856056213,0.9720190998899261,0.958283649466301,0.9461242893024607,0.9549497365951538,0.973776922501288,0.9596146160873245,0.9497483949594658,0.9557585716247559,0.9733368816777517,0.9585968955569136,0.9501985407691955,0.9572098255157471,0.9683823203857985
437,4,0,0.05893682077897256,0.06410161659936504,0.07608848065137863,0.03662036508617402,0.061510178367936104,0.06477033040263816,0.07725457102060318,0.04250563368056697,0.057783562355316266,0.06696888264013336,0.06985370814800262,0.036528096277812824,0.05762830156513451,0.06442986628762205,0.06958992034196854,0.038865118065812936,0.06011588132242853,0.06089872986174071,0.07033859193325043,0.04911032217229443,0.05882843074135402,0.057021951914191064,0.07360618561506271,0.04585715469480827,0.05373709929771852,0.05906441913141125,0.06350056827068329,0.03864631049106101,0.05625595011863302,0.057274493455025374,0.060597389936447144,0.05089596696442653
438,4,1,0.8876675769092713,0.8897260080580719,0.8863190412521362,0.8869576814176056,0.9030482249011152,0.9012494460442122,0.9076820611953735,0.90021316746376,0.8806788787703411,0.9087514594634064,0.9054543375968933,0.8278308392507235,0.8831158019309516,0.8958051512919784,0.9099306464195251,0.8436116080813518,0.8789644502184338,0.9123891895666748,0.8895090222358704,0.8349951388527562,0.9035412478195467,0.9120051089199394,0.9236788153648376,0.874939819173863,0.9056055403984149,0.882013056016505,0.9244678020477295,0.9103357631310103,0.9097194280023754,0.8950153980742033,0.9079228639602661,0.926220021972657
439,1,0,0.24461932318274757,0.20879048225332292,0.22302810847759247,0.3020393788173273,0.19518538806375277,0.18751452199469368,0.2088310569524765,0.1892105852440882,0.2341186037690555,0.20982534710695583,0.23325490951538086,0.2592755546848298,0.21192397587761028,0.2071267215672161,0.2048092931509018,0.22383591291471294,0.22181066708167552,0.21196028102990616,0.21740354597568512,0.2360681742394352,0.20580420525975776,0.17897245920310406,0.19208867847919464,0.24635147809697464,0.20138397814197437,0.17928779683405674,0.18855978548526764,0.2363043521065987,0.21564875511882398,0.19939770435630153,0.21584506332874298,0.2317034976714274
440,2,0,0.10510864166275818,0.10305347029653839,0.10987422615289688,0.1023982285388393,0.1174872660398295,0.10176115211273419,0.12361157685518265,0.12708906915157164,0.10672798340041915,0.09833165632608822,0.10615990310907364,0.11569239076609564,0.11006418701469282,0.09785121128331449,0.10751024633646011,0.12483110342430384,0.11508970151621878,0.09720613800397726,0.11875908821821213,0.12930387832646692,0.11369911103432852,0.10315879975507314,0.11463440209627151,0.1233041312516409,0.11186400166476124,0.1014218933466152,0.10487695038318634,0.12929316126448218,0.11943590497383509,0.10161883074561462,0.12098290026187897,0.1357059839140117
441,0,1,0.8169580242661035,0.852211044192916,0.809244692325592,0.7894183362798027,0.8337319508460409,0.8618461249089108,0.8157383799552917,0.8236113476739203,0.8348899280903382,0.8547564108828695,0.8244232535362244,0.8254901198519208,0.8374721116155323,0.856180586905162,0.8204631209373474,0.8357726270040875,0.8197047108035821,0.8608216460375054,0.8256150484085083,0.7726774379647328,0.738411229033752,0.7308961528795556,0.778144896030426,0.7061926381912743,0.7551331763396475,0.7359031271131075,0.7786819934844971,0.7508144084213376,0.779195170907737,0.7387991325454722,0.7977637052536011,0.8010226749241378
442,3,0,0.0957645387382729,0.0935510287966993,0.09026599675416946,0.10347659066394993,0.09838720256857554,0.09831872549191539,0.09843225032091141,0.09841063189289981,0.0946033779463699,0.09593494072287374,0.09185533970594406,0.09601985341029191,0.09789930336100144,0.09647578863776499,0.10028508305549622,0.09693703838974314,0.09121941429297765,0.09504869640357161,0.09015685319900513,0.08845269327635626,0.09906852395128145,0.09822422538502729,0.09509235620498657,0.10388899026383049,0.09980207751696418,0.10076444429245983,0.0998421385884285,0.09879964967000421,0.09671700976388169,0.10086150897537366,0.09418471902608871,0.09510480129018264
443,3,0,0.1003678562568917,0.1005567109628169,0.10020766407251358,0.10033919373534457,0.0977375565354226,0.09831327917522424,0.09334362298250198,0.10155576744854157,0.09856802247704281,0.09771019786251184,0.10351483523845673,0.09447903433015985,0.09700328540786139,0.09948849477421634,0.101983442902565,0.0895379185468028,0.09555087338494495,0.10147903741507698,0.09648708254098892,0.08868650019876893,0.09870227123787784,0.09647945179718524,0.09737712889909744,0.10225023301735083,0.09782556403341247,0.09608959981772483,0.09199754148721695,0.1053895507952956,0.09550682836887704,0.09598067668081306,0.09481174498796463,0.09572806343785344
444,3,1,0.7780930324759939,0.7789588604379885,0.8018150925636292,0.7535051444263643,0.7845843839626802,0.7929131474811634,0.7985702753067017,0.7622697291001758,0.7777517802652896,0.787937898691799,0.8046309351921082,0.7406865069119614,0.7775708131211224,0.7958073975177823,0.7934975028038025,0.7434075390417826,0.773972386588572,0.7852880083047891,0.773354709148407,0.7632744423125201,0.7817870139700528,0.8064765189710036,0.7893961071968079,0.7494884157423469,0.7753554730776425,0.7985804370101307,0.7945342659950256,0.7329517162277713,0.7876210886727145,0.803502832923289,0.796531617641449,0.7628288154534055
445,3,1,0.08151552735106536,0.07879074229658654,0.07251159101724625,0.09324424873936327,0.08070192454103886,0.08184720580559442,0.07277196645736694,0.08748660136015522,0.08416354904940292,0.0849590377657361,0.07737313956022263,0.09015846982225,0.08186093225364002,0.08051331066166578,0.07426082342863083,0.09080866267062346,0.08452943261646911,0.08622438698669702,0.07844318449497223,0.08892072636773808,0.08255079359431626,0.08412693614838586,0.07626461237668991,0.08726083225787301,0.0850191514757338,0.08393366943943992,0.0776573196053505,0.09346646538241099,0.08012105747247025,0.08287312520000566,0.07436472177505493,0.08312532544235016
446,1,1,0.9500387844079042,0.9361291194483919,0.9525706768035889,0.9614165569717322,0.9491235583222957,0.9362753983088679,0.944278359413147,0.9668169172448723,0.9485968247567006,0.939152936631557,0.9484207630157471,0.958216774622798,0.9438409035589576,0.9345404871537117,0.9495967030525208,0.9473855204706403,0.9505102308755354,0.9384389093717823,0.9509788155555725,0.962112967699251,0.9464583513798862,0.9357114819092016,0.9446234703063965,0.9590401019240602,0.9436035062318213,0.9356651894072476,0.938330888748169,0.9568144405400476,0.942699990824901,0.9312385043335263,0.9444939494132996,0.952367518727877
447,1,1,0.9320607911318537,0.9229169318578103,0.9356223940849304,0.9376430474528205,0.9313412052236941,0.9225386861167897,0.9344030618667603,0.9370818676875322,0.9377316692668058,0.9293474396012226,0.9382845163345337,0.9455630518646612,0.94173206701038,0.9233187013313604,0.9422857165336609,0.9595917831661188,0.932520501708999,0.9212441620001565,0.9394639730453491,0.9368533700814915,0.9429204612424039,0.9312005587536165,0.9485277533531189,0.9490330716204762,0.9412778923971868,0.921637954430501,0.9392962455749512,0.9628994771861086,0.9366887698363127,0.9236471017518055,0.9360640048980713,0.9503552028590613
448,4,1,0.3577370742347928,0.3508191056832154,0.37555229663848877,0.34683982038267425,0.37016483134302924,0.3697391035624851,0.37318456172943115,0.36757082873717145,0.33585227804099627,0.3693972148372556,0.35475608706474304,0.2834035322209901,0.3585597758404461,0.3593493999098536,0.3795832395553589,0.3367466880561259,0.3586090188971061,0.360879987978232,0.3596845269203186,0.35526254179276767,0.3571234217548225,0.3489878297848034,0.37160906195640564,0.3507733735232584,0.3718079421815157,0.3699739168508363,0.391878217458725,0.3535716922349859,0.3512267435351463,0.3669823533321409,0.36218884587287903,0.324509031400419
449,0,1,0.9125303701253875,0.9161064450347303,0.9045959711074829,0.9168886942339496,0.9056491070430099,0.9244135832938501,0.8863890767097473,0.9061446611254325,0.9121132068343663,0.9202009040972929,0.9114687442779541,0.9046699721278517,0.9135569644061126,0.9179523062818257,0.9069017171859741,0.9158168697505379,0.9025123667656981,0.9132554728370142,0.8927268385887146,0.9015547888713658,0.9165370637528053,0.90215813974964,0.9006061553955078,0.9468468961132686,0.921921505765706,0.9100466700057623,0.905904233455658,0.9498136138356978,0.9164677276244343,0.9152480438805295,0.899022102355957,0.9351330366368161
450,0,1,0.2672556046983087,0.21851391212207016,0.28818467259407043,0.29506822937878563,0.25883971041400605,0.23101206322652457,0.2601501941680908,0.2853568738474027,0.27730294668520866,0.20805396724967384,0.27913081645965576,0.3447240563462965,0.2419500872374615,0.220936107515483,0.2778607904911041,0.22705336370579748,0.2704321746792557,0.22203526094890028,0.30254656076431274,0.2867147023245539,0.24994661723160594,0.23155216764903142,0.2670084238052368,0.2512792602405496,0.26437136516504944,0.2360412511009689,0.2826403081417084,0.27443253625247105,0.2610675675153164,0.2323068351483047,0.29694315791130066,0.25395270948634385
451,4,0,0.11127554141259365,0.10393556901841085,0.12547938525676727,0.1044116699626028,0.1286435373321694,0.10628661214743629,0.14776816964149475,0.1318758302075772,0.10415160528716542,0.10079193318419208,0.13097736239433289,0.08068552028297128,0.10595804323085539,0.108156644460873,0.1135418638586998,0.09617562137299338,0.11081719162877605,0.11013666478458707,0.12355764210224152,0.09875726799949956,0.15252492769930243,0.1709046428351494,0.17367501556873322,0.11299512469402467,0.18717400501733716,0.2199260933916331,0.1944824755191803,0.14711344614119803,0.19183340715724229,0.21481263860617553,0.19700539112091064,0.16368219174464066
452,3,0,0.1025349351648499,0.08836868724613384,0.08589545637369156,0.13334066187472435,0.0963496427888984,0.08740986080894031,0.08381359279155731,0.11782547476619758,0.08997838009436748,0.08909383225277606,0.07832164317369461,0.10251966485663179,0.08739841668812805,0.0902725019769012,0.08101075142621994,0.09091199666126301,0.09350655870527581,0.0915275412354682,0.07874318957328796,0.11024894530707131,0.09849867215610232,0.09108741444741594,0.08659377694129944,0.11781482507959161,0.09611030500852435,0.09245923537785672,0.08264308422803879,0.11322859541967753,0.0940724858967587,0.09066479042125787,0.0750470757484436,0.11650559152057464
453,2,0,0.5614742706477928,0.5679368986470521,0.625844419002533,0.49064149429379333,0.5656519895359192,0.5513210098395084,0.6341013312339783,0.5115336275342709,0.5429907836239362,0.5287132695770461,0.630915641784668,0.46934343951009444,0.572542090059687,0.5730727940648623,0.6370985507965088,0.5074549253176901,0.5405427276647787,0.5025198921227645,0.6230329871177673,0.49607530375380443,0.5887001472136889,0.5973794738512058,0.6282846331596375,0.5404363346302234,0.5801264934316153,0.6080749379158521,0.6449012160301208,0.4874033263488729,0.5579874496095343,0.5102676846744111,0.6538124680519104,0.5098821961022811
454,3,1,0.326481872498925,0.28311434675730857,0.32799866795539856,0.368332602784068,0.32361416000457394,0.30024672100482447,0.3116939663887024,0.35890179262019484,0.3131574968455974,0.26797049412864404,0.3305152654647827,0.34098673094336535,0.30721456668686625,0.2895385508579006,0.31691625714302063,0.31518889205967754,0.3087433709781465,0.2789210163298476,0.3381689488887787,0.3091401477158132,0.3136776993462515,0.26838015344525584,0.2967677712440491,0.37588517334944954,0.32134336111547174,0.287278160157733,0.29843592643737793,0.3783159967513044,0.31471339441953944,0.2947127690991805,0.3108363747596741,0.33859103939976376
455,3,0,0.08381109373115751,0.08425684924125944,0.07251159101724625,0.09466484093496688,0.08200522885941991,0.08405190052487561,0.07277196645736694,0.08919181959601719,0.08438301860160824,0.0849590377657361,0.0763428807258606,0.09184713731322802,0.08298530828069978,0.08391478788710197,0.07481054216623306,0.09023059478876429,0.08477467360562763,0.08622438698669702,0.07957403361797333,0.08852560021221252,0.0818230786822522,0.08412693614838586,0.07531743496656418,0.08602486493180658,0.08533965289507928,0.08393366943943992,0.07951933890581131,0.0925659503399866,0.08001345776828982,0.08287312520000566,0.07442151755094528,0.0827457305539185
456,2,1,0.10345505017105762,0.09568208261390934,0.11788134276866913,0.09680172513059442,0.10163050567642574,0.0966407161425603,0.10619212687015533,0.1020586740165616,0.10570387968942302,0.0970122070518825,0.12098304182291031,0.09911639019347623,0.10591350965544467,0.0996968134852446,0.12001272290945053,0.09803099257163889,0.1026992531593751,0.09767325216052339,0.10929328203201294,0.10113122528558896,0.10722307651911996,0.10147203124560987,0.12474799156188965,0.09544920674986038,0.1093351088466732,0.09817144627132157,0.12088142335414886,0.1089524569145492,0.10530787612278615,0.09628046444042979,0.10996384918689728,0.10967931474103142
457,4,0,0.34407745187829475,0.3159419998201895,0.3650578260421753,0.35123252977251934,0.31922818938747105,0.32730803129257074,0.3658331334590912,0.26454340341075133,0.3385682954492739,0.3138649409069299,0.3655421733856201,0.3362977720552718,0.354542863338394,0.337773093770245,0.3982867896556854,0.32756870658925163,0.2998598403461279,0.26374159099305244,0.35005852580070496,0.28577940424462617,0.3541195742598869,0.3306720566036548,0.3740057647228241,0.357680901453182,0.34387737521624423,0.32868003211552216,0.40022337436676025,0.30272871916645033,0.31743201602760646,0.31123265306476844,0.34548419713974,0.295579197878311
458,3,1,0.9270516939030732,0.906677493426396,0.9192321300506592,0.9552454582321643,0.930105425887715,0.9034696648485416,0.9291347861289978,0.9577118266856057,0.9363627862945537,0.9122428359469891,0.9278345704078674,0.9690109525288045,0.930390223685971,0.9089191433370583,0.9222396612167358,0.960011866504119,0.9407274602837369,0.9160462638227651,0.9353502988815308,0.9707858181469149,0.9317422346286609,0.9090722133470442,0.9287318587303162,0.9574226318086225,0.9358180214614388,0.9158144746183481,0.9288732409477234,0.9627663488182449,0.9431476914493606,0.9180456366861497,0.9501261711120605,0.9612712665498714
459,3,1,0.6993758140160958,0.7617695833372102,0.7148750424385071,0.6214828162725705,0.6819814140829212,0.764621135315394,0.6683437824249268,0.6129793245084431,0.691466871346084,0.7659470024210718,0.6791072487831116,0.6293463628340688,0.7049064853945533,0.7664559886903273,0.6719440221786499,0.6763194453146824,0.6884989063710991,0.7563790704326844,0.6818552613258362,0.6272623873547765,0.6889844615444615,0.7787393976029684,0.6794199347496033,0.6087940522808128,0.7119483892377257,0.7607315265348846,0.723950207233429,0.6511634339448635,0.6950754969540966,0.7684995675307296,0.7263445854187012,0.5903823379128594
460,3,0,0.10840025676704201,0.10506034494287435,0.1169305145740509,0.10320991078420075,0.10638438697699643,0.10110464954631199,0.1120498925447464,0.10599861883993088,0.10991559124519801,0.10186030034298826,0.11737330257892609,0.11051317081367966,0.11014486194195416,0.10394692479536502,0.11607146263122559,0.1104161983992719,0.10441334590998326,0.10714555374701076,0.10702041536569595,0.09907406861724305,0.10417506613996791,0.09851047614748289,0.10966532677412033,0.10434939549830054,0.10245636568176959,0.09989866724429865,0.10489902645349503,0.1025714033475151,0.10312840469449192,0.10128120150926337,0.1061040610074997,0.10199995156671268
461,2,1,0.2411089182865576,0.2478648524510961,0.2731612026691437,0.20230069973943296,0.24168043530221808,0.2613638490296844,0.25270789861679077,0.21096955826017913,0.2548619052943913,0.21525315697088793,0.27608317136764526,0.2732493875446406,0.2583420645885887,0.24763230185934326,0.26419469714164734,0.26319919476477543,0.2389677348221794,0.22401662553857005,0.2744027078151703,0.21848387111279788,0.26679106533952046,0.2638296830682287,0.2879037857055664,0.2486397272447663,0.24626360956697882,0.23009768860784094,0.282380610704422,0.22631252938867355,0.24541782105333,0.22668354489169423,0.2666911482810974,0.24287876998719832
462,0,0,0.10761294668513817,0.10162688632883654,0.12213052064180374,0.09908143308477427,0.1172659082349708,0.1047366155610363,0.1375509798526764,0.10951012929119967,0.11037576937349329,0.10162749587103692,0.1265122890472412,0.10298752320220175,0.1092041731421432,0.1016117348618215,0.1227012574672699,0.1032995270973382,0.11032521544673264,0.10465429070481962,0.11778285354375839,0.10853850209161989,0.07982529185446348,0.07533425769946041,0.09061684459447861,0.07352477326945146,0.08220226331977683,0.08366330040123707,0.09287385642528534,0.0700696331328081,0.0889779315741827,0.08258364601219967,0.1020979955792427,0.0822521531311057
463,1,0,0.3624346496540325,0.34006941382519856,0.3643576204776764,0.38287691465922263,0.35169928491795305,0.33459690880000037,0.3590001165866852,0.36150082936717365,0.33583104454660057,0.33397051194787314,0.3341955840587616,0.339327037633167,0.3764393916132822,0.34250692853454673,0.36377835273742676,0.423032893567873,0.3490892157530521,0.3296621891851707,0.3527829349040985,0.364822523169887,0.3820286588234012,0.3674745688931853,0.36718544363975525,0.4114259639372631,0.36295181012299144,0.3675276660504876,0.3530859053134918,0.36824185900499484,0.3277841367159902,0.31336170353965753,0.32630401849746704,0.343686688110846
464,2,0,0.10723329667366051,0.10197036109152943,0.12773533165454865,0.09199419727490345,0.11063229226144343,0.10295010801597436,0.12348990142345428,0.1054568673449016,0.10909530918618256,0.10554515000214151,0.12277001887559891,0.09897075868080725,0.11450775110071126,0.1023044396126135,0.138951376080513,0.10226743760900729,0.1075276265061564,0.10318179326917146,0.12063410133123398,0.09876698491806378,0.11072344915795468,0.10283175236455007,0.12393992394208908,0.1053986711672249,0.11616153282660811,0.10637168593039731,0.12675224244594574,0.11536067010348128,0.10184348124758737,0.10355834184023287,0.10756546258926392,0.09440663931326533
465,2,0,0.09822531450264595,0.09986031216089102,0.09650443494319916,0.09831119640384768,0.09199432252783646,0.09789220593431452,0.0869322121143341,0.09115854953486074,0.09446086530465646,0.096532624637944,0.09452614188194275,0.09232382939408264,0.09405945721421423,0.09785121128331449,0.09334629029035568,0.09098087006897251,0.09511138858270245,0.09566436785036787,0.09317699819803238,0.09649279969970709,0.09961053015637394,0.10129072823997753,0.10615278035402298,0.09138808187512132,0.09953015811372874,0.09835032815226051,0.09936823695898056,0.10087190922994516,0.09819493501705771,0.09587306165288578,0.09733109921216965,0.10138064418611772
466,0,0,0.09102490322819522,0.09507544108446697,0.09578938037157059,0.08220988822854808,0.09612992861547966,0.09810039690925473,0.09931936115026474,0.0909700277869195,0.09723186770275483,0.09512165786223452,0.1077929213643074,0.08878102388172257,0.08975623950727778,0.09618951286073826,0.09560509026050568,0.07747411540058939,0.08585652780546925,0.09816253029323627,0.08889231085777283,0.07051474226539865,0.1001121498388065,0.10358265030353495,0.09808740019798279,0.09866639901490172,0.09837673621932531,0.10308572550339694,0.10763151198625565,0.08441297116832334,0.09339704094344253,0.09824879884843746,0.10759121179580688,0.07435111218608326
467,1,0,0.08810080589288087,0.08579393615303954,0.08976693451404572,0.08874154701155736,0.08763681767364084,0.07890275085691682,0.10301803797483444,0.08098966418917124,0.08630555638565864,0.08877557629341239,0.08686554431915283,0.0832755485444107,0.08896390861052332,0.08540274242251296,0.09524896740913391,0.08624001599992312,0.09320240549850763,0.08730899885778007,0.09998047351837158,0.09231774411937126,0.08253592454926015,0.08894062463516048,0.0834321454167366,0.07523500359588337,0.08691407166798348,0.08282651489699465,0.0938003733754158,0.08411532673153996,0.09062415763619336,0.08811837285634201,0.09967595338821411,0.08407814666402395
468,2,0,0.18453103025165962,0.20612245590008244,0.18432219326496124,0.16314844158993516,0.1810975206997342,0.2125987662433035,0.17765724658966064,0.15303654926623841,0.18455360681794844,0.22503922392436204,0.18571706116199493,0.1429045353674884,0.17852431946823352,0.20959304329771616,0.17421527206897736,0.15176464303800702,0.1803993580163773,0.23143105973126255,0.17001117765903473,0.13975583665883462,0.1906027278481499,0.20860994543526795,0.1931903064250946,0.17000793168408723,0.18367395574763737,0.2050032015836032,0.18523108959197998,0.16078757606732896,0.17969187776501258,0.21744694429575048,0.17825941741466522,0.14336927158462193
469,4,0,0.11998225043624551,0.1258638843318328,0.1162489801645279,0.11783388681237589,0.1160434742712307,0.12543918385330338,0.11122065782546997,0.11147058113491874,0.11721788452597502,0.12193411646566704,0.11180522292852402,0.11791431418373398,0.11819275121216521,0.12718108412260085,0.11038606613874435,0.11701110337515044,0.11697151281318692,0.12496265698715069,0.11018498986959457,0.11576689158281551,0.11573724676391824,0.11948177526226124,0.10895349830389023,0.11877646672560328,0.11262770243557273,0.11693681589417351,0.10632388293743134,0.1146224084751133,0.11360040031597313,0.1161704074401443,0.1052161455154419,0.11941464799233321
470,0,1,0.913408686711375,0.9161064450347303,0.9045959711074829,0.9195236439919118,0.9063885488004201,0.9244135832938501,0.8863890767097473,0.9083629863976629,0.912217876336364,0.9202009040972929,0.9114687442779541,0.9049839806338449,0.9144962737594323,0.9179523062818257,0.9069017171859741,0.918634797810497,0.9038693133279093,0.9132554728370142,0.8927268385887146,0.9056256285579992,0.9164348763685899,0.90215813974964,0.9006061553955078,0.9465403339606218,0.9194001953094272,0.9100466700057623,0.905904233455658,0.9422496824668612,0.9170813416472484,0.9152480438805295,0.899022102355957,0.9369738787052588
471,2,0,0.10067679325579966,0.10173464065084495,0.0953795537352562,0.10491618538129785,0.1000342724854853,0.09975457431360538,0.09616320580244064,0.10418503734040986,0.100925357715334,0.1023789429598331,0.09979540854692459,0.10060172163924429,0.09995041925813415,0.10142035187091243,0.101169154047966,0.09726175185552406,0.09803664389822274,0.10154045917779823,0.0983167439699173,0.09425272854695266,0.10055657526531148,0.10469079320019488,0.09371254593133926,0.10326638666440033,0.10104880671212967,0.09784243860105787,0.09753131121397018,0.10777267032136094,0.09705489372404486,0.09721750943938236,0.0981980413198471,0.09574913041290513
472,3,0,0.07945034636405407,0.0761597639820737,0.09511123597621918,0.06708003913386935,0.08032556290575023,0.07785575391005237,0.09560618549585342,0.06751474931134492,0.0824898786057854,0.07876235508105785,0.10157684981822968,0.0671304309180687,0.07954475815734578,0.0767545678010603,0.09593474119901657,0.06594496547196048,0.0820679943199436,0.07979214250029915,0.10042042285203934,0.06599141760749234,0.07536572663090457,0.07655649963718199,0.08546926826238632,0.06407141199314542,0.0775215643552546,0.07796279411902413,0.09004674106836319,0.06455515787837651,0.08170673061780566,0.07766552322557177,0.09726055711507797,0.07019411151276722
473,1,1,0.8798899809495481,0.8879470627901566,0.8983054161071777,0.8534174639513096,0.8865405487618395,0.8880060665952464,0.891670823097229,0.879944756593043,0.8920675998045855,0.8891138636105771,0.9032939076423645,0.8837950281608149,0.8993128889657983,0.8893471053724984,0.9139534831047058,0.8946380784201906,0.8810444585260712,0.888695814896807,0.898289680480957,0.8561478802004496,0.9071954603625142,0.9075729265906906,0.9084978699684143,0.9055155845284381,0.9193587518247002,0.9129615703941799,0.9200072884559631,0.9251073966239571,0.9128540615977655,0.9123774208948233,0.9229753017425537,0.9032094621559197
474,0,1,0.9137896273286147,0.9307175603086325,0.926437497138977,0.8842138245382347,0.9146993340006877,0.9297390412707807,0.9164260029792786,0.897932957752004,0.9267048543709091,0.9269498153868636,0.916377067565918,0.9367876801599455,0.9138039825946231,0.9288511739281243,0.9120808243751526,0.9004799494805928,0.9293495882748545,0.9227227372268182,0.9260061979293823,0.9393198296683631,0.9344887785505959,0.9286978492391422,0.9422149062156677,0.9325535801969773,0.933210941314031,0.9386113044540431,0.9329610466957092,0.9280604727923409,0.9307732409730048,0.9333485957768805,0.9214925169944763,0.9374786101476579
475,1,0,0.6465893668857051,0.6356957334784167,0.6433189511299133,0.6607534160487852,0.6340028297853061,0.6329115722693981,0.6592323780059814,0.6098645390805388,0.6441638663627017,0.6404245849546124,0.6482206583023071,0.6438463558311858,0.6494214449659238,0.6394663780016066,0.6410621404647827,0.667735816431382,0.6364240203638041,0.6306697481556893,0.6609088182449341,0.6176934946907888,0.6839414440614764,0.7014824675297187,0.6922394037246704,0.65810246093004,0.6761946413046248,0.7053145813705961,0.6798586249351501,0.6434107176081283,0.6800908197512028,0.701233065657002,0.6906011700630188,0.6484382235335876
476,2,0,0.2387639343472129,0.17431370852182096,0.20123475790023804,0.34074333661957984,0.2198793642942888,0.17378639680971408,0.2011241763830185,0.2847275196901339,0.21954755034082363,0.14341364414917046,0.1937686800956726,0.3214603267776278,0.23537137336096445,0.17602384643023988,0.21879908442497253,0.3112911892276809,0.22584163075892452,0.14524541969584442,0.19699403643608093,0.3352854361448483,0.2151140717591984,0.15115405025192535,0.19349020719528198,0.30069795783038783,0.20802557106201783,0.16896132800570351,0.1726994812488556,0.2824159039314944,0.20651852382961744,0.1419536198815857,0.16781085729599,0.3097910943112766
477,3,0,0.10539481209848718,0.09710043172311697,0.10265957564115524,0.11642442893118936,0.11820150468158168,0.1039492625994736,0.10798271745443344,0.142672533990838,0.104501245687101,0.10370717331819898,0.09577079862356186,0.11402576511954216,0.10216511912409552,0.10121234369282052,0.09975536167621613,0.10552765200324994,0.11319754347324713,0.09860064651464302,0.1058569923043251,0.1351349916007733,0.11055425978968454,0.09700461122007034,0.11129362136125565,0.12336454678772764,0.10834230339574902,0.09495149098258265,0.10224567353725433,0.1278297456674101,0.1123065278905382,0.09931298444809779,0.10506781190633774,0.1325387873171791
478,0,0,0.11015476098892786,0.10508040363838171,0.12098418921232224,0.10439969011607965,0.10584743118032376,0.10391819237308167,0.1100085899233818,0.10361551124450782,0.11430478887188411,0.10667012214893414,0.12554223835468292,0.11070200611203528,0.10290222705503811,0.10631259742552802,0.1109241172671318,0.0914699664724545,0.10755828880939018,0.1129158051527429,0.11362455040216446,0.09613451087326322,0.07150180487987849,0.07420052049332601,0.0711124837398529,0.06919241040645657,0.07696163068683841,0.08921954521481472,0.07888616621494293,0.06277918063075755,0.07829405117440585,0.08053906095536896,0.08907679468393326,0.06526629788391536
479,3,0,0.08804954405408257,0.08810718354517659,0.0814240500330925,0.09461739858397862,0.08670992294477754,0.0867764947867748,0.0847049430012703,0.08864833104628757,0.08725577483525292,0.08150457413277154,0.0890333354473114,0.09122941492567578,0.08967549905638865,0.08712336404635705,0.08758614957332611,0.09431698354948273,0.08687880267880586,0.08764984665417867,0.0828910693526268,0.09009549202961208,0.08905005640652562,0.0833606868451204,0.08379004895687103,0.09999943341758545,0.08574118454632522,0.08233100778661635,0.08475452661514282,0.09013801923721648,0.08918583229878867,0.08001488543353878,0.0855930894613266,0.10194952200150062
480,2,1,0.7540225997671937,0.7135513936238272,0.7599015831947327,0.7886148224830213,0.756651928046956,0.7208712568714407,0.7355541586875916,0.813530368581836,0.7623723391195704,0.7153281148609453,0.7350261807441711,0.836762721753595,0.7560501237466815,0.7087612993106491,0.7318413257598877,0.8275477461695077,0.7649032725814503,0.7179505558219877,0.7522411346435547,0.8245181272788087,0.7582225888771857,0.7284719963123524,0.7278116941452026,0.8183840761740024,0.756359274392612,0.7102357701384886,0.7296173572540283,0.8292246957853191,0.7403868753603788,0.7095787906119999,0.735447347164154,0.7761344883049824
481,1,0,0.035555711295059945,0.04714075581452754,0.035079240798950195,0.024447137271702116,0.035473086442673864,0.04291387320763036,0.03587644174695015,0.02762894437344109,0.033668058171664406,0.04313592482029004,0.03510833531618118,0.022759914378521984,0.0339961934314324,0.04471574928008905,0.036361005157232285,0.020911825856975867,0.03517336248974707,0.04484412323779818,0.03160186484456062,0.029074099386882407,0.03182819939692428,0.040590373962535745,0.034671880304813385,0.020222343923423702,0.03449486774658737,0.04027546271505494,0.04121777415275574,0.021991366371951423,0.03226496352222081,0.038580648205704705,0.0349324606359005,0.023281781725057227
482,2,0,0.07983146847824309,0.07910262602084772,0.07617641985416412,0.0842153595597174,0.08149713094904287,0.07839560380687645,0.07641121745109558,0.08968457158915659,0.07654239268741898,0.07600326377632588,0.0840737447142601,0.069550169571671,0.076294545161834,0.07757108926527605,0.0868799239397049,0.06443262228052106,0.07661061010306192,0.08172276950159428,0.08240294456481934,0.0657061162427721,0.08297162366310133,0.08252431547456425,0.08504701405763626,0.08134354145710347,0.08239801433027799,0.08323577004176118,0.09170813113451004,0.07225014181456274,0.08595868433591884,0.08262956090919565,0.08602026849985123,0.08922622359870963
483,1,0,0.08398606866074691,0.0896312732097305,0.07962208986282349,0.08270484290968672,0.08594208553468304,0.09091098413307148,0.07843639701604843,0.08847887545492923,0.08744799779661917,0.0938489308873963,0.08240718394517899,0.08608787855728224,0.08682933722162504,0.08957449759488349,0.08338183909654617,0.08753167497344547,0.08467125813785802,0.09063489678905752,0.07807591557502747,0.08530296204948905,0.0841953382335315,0.08621687948626965,0.08188249915838242,0.08448663605594245,0.08207061491354996,0.08647923302332323,0.07920639216899872,0.08052621954832795,0.08565742665944481,0.08694366242410585,0.08250126987695694,0.08752734767727165
484,0,1,0.2801186032716378,0.14937055145431813,0.3621674180030823,0.32881784035751305,0.30219705771711985,0.15090125343759875,0.3283580243587494,0.4273318953550114,0.267203236179877,0.13527836298750687,0.3460448682308197,0.3202864773213045,0.27933310489375335,0.14778339641622926,0.32185181975364685,0.368364098511384,0.2941953524692565,0.12696800715353157,0.34203803539276123,0.4135800148614767,0.2793500971157755,0.1323521512790291,0.38983845710754395,0.3158596829607535,0.2982812092849132,0.1374751599258501,0.36863571405410767,0.3887327538747818,0.28685892279864483,0.13466088308310842,0.36361920833587646,0.3622966769769495
485,4,1,0.4988635796971704,0.47441240474680685,0.5154286026954651,0.5067497316492393,0.4942976019443572,0.44706477523535965,0.5223353505134583,0.5134926800842537,0.5045995570004683,0.5174058512652941,0.486943781375885,0.5094490383602258,0.4889385559833676,0.451495062933029,0.5219373106956482,0.4933832943214257,0.47443841832034545,0.477527056702399,0.4637126922607422,0.48207550599789517,0.5012433013910732,0.4446721253883271,0.5261561870574951,0.5329015917273974,0.4997206817851418,0.4687231945966583,0.5236074924468994,0.5068313583118677,0.4937576535143065,0.49151018806696156,0.47700726985931396,0.512755502616644
486,4,0,0.04728099538558944,0.05847042822800277,0.03496715798974037,0.048405399939025186,0.05388389504944676,0.06532952480755523,0.034642450511455536,0.061679709829329514,0.0526377028799607,0.06289981011662248,0.03314680606126785,0.06186649246199179,0.05066961299017539,0.056537400206673354,0.031551945954561234,0.06391949280929157,0.05301492974427812,0.06062446514304061,0.032332949340343475,0.06608737474945027,0.03995231384182671,0.048135517161705235,0.03159467130899429,0.04012675305478059,0.046101170734142514,0.04914248399775981,0.02947121113538742,0.059689817069280296,0.045358181546812655,0.056488450128497965,0.02908809669315815,0.05049799781878186
487,4,1,0.9498212318662521,0.9293380809621968,0.9455127716064453,0.974612843030114,0.9516336017074026,0.932285627747161,0.9508786797523499,0.9717364976226972,0.9533100874340734,0.9366695368182295,0.949002206325531,0.9742585191584597,0.9537230997626575,0.9303351169845503,0.95211261510849,0.9787215671949322,0.9518135018479542,0.9336611627579096,0.95304936170578,0.9687299810801726,0.9511753086837986,0.9347267116984558,0.9520131945610046,0.9667860197919353,0.9542055525125689,0.9312014137718869,0.9578770399093628,0.9735382038564567,0.9549716411939237,0.9361833650737967,0.9578649997711182,0.9708665587368565
488,1,0,0.3595357817390688,0.3998517527121385,0.3805537819862366,0.2982018105188314,0.35725142523859055,0.40834923743958773,0.39445382356643677,0.2689512147097472,0.35613964518728974,0.3730957380220293,0.3948550224304199,0.30046817510942003,0.37097373283963436,0.3998656789883317,0.4041679799556732,0.3088875395748982,0.3364675009085672,0.3829187063524015,0.35439831018447876,0.2720854861888213,0.3566828653272133,0.3888294929366621,0.38994190096855164,0.29127720207642627,0.36441249353140504,0.4081685247681653,0.40307900309562683,0.2819899527304231,0.3607023669091661,0.3938956022907581,0.394712895154953,0.2934986032817872
489,3,0,0.12488438809377371,0.11012239862984861,0.15712188184261322,0.10740888380885927,0.12532221426740883,0.11080455517251642,0.14765861630439758,0.11750347132531248,0.12601057423865258,0.11022936402463229,0.15822920203208923,0.10957315665923623,0.12577414564890196,0.11076572060248915,0.15454566478729248,0.11201105155692431,0.12488498220540205,0.11328373713830936,0.15397590398788452,0.10739530549001226,0.12118160977846705,0.10438211846854226,0.1571267992258072,0.10203591164105169,0.11355240935162757,0.10389702755715836,0.1400965303182602,0.09666367017946416,0.12286300344416068,0.1027534951908777,0.14766359329223633,0.11817192184936799
490,1,1,0.8164174421420208,0.8153764084053847,0.7854217886924744,0.8484541293282036,0.8184335027307358,0.8123199287435932,0.7796340584754944,0.8633465209731197,0.8286586206868689,0.8236000114530021,0.8015772700309753,0.8607985805766293,0.8283642776676944,0.8077459536412198,0.8139909505844116,0.8633559287774516,0.8191271491457673,0.8177719609590969,0.7823980450630188,0.8572114414151868,0.8505926261492059,0.8367316861204318,0.8379472494125366,0.8770989429146491,0.8690428974363074,0.8388362623622557,0.8476307988166809,0.9206616311299856,0.8441690473241955,0.8250380882365347,0.8149983286857605,0.8924707250502913
491,3,0,0.1025349351648499,0.08836868724613384,0.08589545637369156,0.13334066187472435,0.0963496427888984,0.08740986080894031,0.08381359279155731,0.11782547476619758,0.08997838009436748,0.08909383225277606,0.07832164317369461,0.10251966485663179,0.08739841668812805,0.0902725019769012,0.08101075142621994,0.09091199666126301,0.09350655870527581,0.0915275412354682,0.07874318957328796,0.11024894530707131,0.09849867215610232,0.09108741444741594,0.08659377694129944,0.11781482507959161,0.09611030500852435,0.09245923537785672,0.08264308422803879,0.11322859541967753,0.0940724858967587,0.09066479042125787,0.0750470757484436,0.11650559152057464
492,1,0,0.10630838223743444,0.10765852380526181,0.10549593716859818,0.10577068573844337,0.10665080477199164,0.10539020957732226,0.10208839923143387,0.11247380550721879,0.10425637251368376,0.10347804373413991,0.1048928052186966,0.1043982685882148,0.10385009368557246,0.1054322321327365,0.10535889863967896,0.10075915028430195,0.10391499072652376,0.10518124769254203,0.1019311398267746,0.10463258466025463,0.11070567328248132,0.10808479129147965,0.10619205236434937,0.11784017619161496,0.10546880680559205,0.10687132341079028,0.09682928025722504,0.11270581674876079,0.10621399505916988,0.10592720229371652,0.10312207788228989,0.1095927050015032
493,3,0,0.25009016917882493,0.2646961774953407,0.2579541802406311,0.22762014980050294,0.25467606723578373,0.25612542993403914,0.27182167768478394,0.236081094088528,0.27595309057100564,0.2730599122362462,0.26216429471969604,0.29263506475707457,0.2575406449910235,0.26463603337147956,0.27654290199279785,0.23144299960879314,0.26078996820803746,0.2713761556891909,0.2749594449996948,0.23603430393522667,0.24315208061875318,0.2691876627172548,0.260495126247406,0.19977345289159873,0.26393583107380264,0.2801074142565528,0.2730906903743744,0.2386093885904808,0.2448057410857275,0.2784775301804799,0.24819277226924896,0.20774692080745374
494,0,0,0.12662989610067607,0.11154786625755003,0.13024944067001343,0.13809238137446472,0.13261452392638837,0.12591826897043526,0.14057332277297974,0.13135198003575013,0.14248908207408906,0.11582503623844499,0.16212035715579987,0.14952185282802233,0.13840057336859785,0.10959817418552602,0.14245866239070892,0.16314488352955858,0.12080453067570157,0.1177325370782701,0.13621848821640015,0.10846256673243448,0.13603533081505403,0.12468126212843933,0.14974045753479004,0.13368427278193276,0.13385986033493766,0.12502033262972143,0.14420431852340698,0.13235492985168457,0.11891682999499605,0.11959876641728251,0.12340720742940903,0.11374451613829664
495,1,0,0.10971945757691355,0.11220241242735556,0.10619750618934631,0.11075845411403881,0.11047283877064366,0.11137150511310856,0.1132654994726181,0.10678151172620431,0.10633900407873116,0.10865250306887932,0.10931869596242905,0.10104581320488516,0.10956186546544822,0.11115303107565118,0.11381033062934875,0.1037222346913447,0.10923150140965006,0.11067155490895016,0.10540034621953964,0.11162260310046042,0.14241344641274029,0.1416471399555624,0.16645459830760956,0.11913860097504886,0.14237588541194343,0.1360770433366134,0.15330731868743896,0.13774329421177794,0.129764805748925,0.13108337050026422,0.1466038078069687,0.11160723893954204
496,2,0,0.06589613734874626,0.08598532379683521,0.07478287070989609,0.03692021753950747,0.06227422602884641,0.08565323774922128,0.07291187345981598,0.028257566877501958,0.06669839454853248,0.08798240093494834,0.07439431548118591,0.03771846722946314,0.06691272757107122,0.08587404138121352,0.07470942288637161,0.04015471844562853,0.06751810357705255,0.08859129671898579,0.07177600264549255,0.04218701136667929,0.06539102908989262,0.08529625628976768,0.06904484331607819,0.041831987663832,0.0645551591554427,0.08162250566795143,0.06622396409511566,0.045819007703261035,0.061372740243575724,0.07767706915199206,0.0638025626540184,0.042638588924716704
497,3,1,0.8878555095283492,0.8720333577696826,0.8672337532043457,0.9242994176110193,0.8812030465424465,0.8660664747549854,0.8631771802902222,0.914365484582132,0.8797316561000779,0.864729447898106,0.865391194820404,0.9090743255817233,0.8863611210091724,0.8724490951765218,0.8751728534698486,0.9114614143811469,0.871649692310441,0.8622507660315029,0.8373395800590515,0.9153587308407687,0.8887325864189402,0.8799563072860865,0.8708873391151428,0.915354112855591,0.8975675048969142,0.8783294952425498,0.8883103728294373,0.9260626466187557,0.8849643413505905,0.8735604129342299,0.8586288690567017,0.9227037420608402
498,4,0,0.10065626230728786,0.09962528495367212,0.0943315178155899,0.10801198415260152,0.10083700746487134,0.09665091079198186,0.09356866776943207,0.11229144383320008,0.09626279804834914,0.09779093391099611,0.09275010973215103,0.09824735050190025,0.10007615789817836,0.09723900071906229,0.0969577357172966,0.1060317372581762,0.10049288756414942,0.09868323725992427,0.0914638563990593,0.11133156903346471,0.10145776668478663,0.0984093374537847,0.10691744834184647,0.09904651425872874,0.1001726354052495,0.0952153678977883,0.09658169746398926,0.10872084085397092,0.09117530295934383,0.09528789133176079,0.08213935047388077,0.09609866707238991
499,0,0,0.8993641568527906,0.8439810335200735,0.9214487671852112,0.9326626698530871,0.9010296625278479,0.8561203239738453,0.922059953212738,0.9249087103969602,0.8999010541936984,0.8540244859323198,0.9172743558883667,0.9284043207604086,0.9051582521658528,0.8465646517888855,0.9253634214401245,0.9435466832685482,0.8952436257795275,0.8435166213843395,0.9094894528388977,0.9327248031153457,0.9075151096024077,0.8377427376401491,0.9180784821510315,0.9667241090160427,0.8906252153990879,0.7910217237229732,0.926483154296875,0.9543707681774153,0.9039263354960152,0.8414208586434058,0.9326784610748291,0.9376796867698106
500,4,0,0.10205369648480733,0.09962528495367212,0.10019849985837936,0.10633730464237053,0.09856454071322152,0.09881471461843498,0.10041991621255875,0.09645899130867079,0.102263817459805,0.09779093391099611,0.10222578048706055,0.10677473798135838,0.10183674141952026,0.10094544463102013,0.10257899016141891,0.10198578946612175,0.09949750963239617,0.09868323725992427,0.09709075093269348,0.10271854070457077,0.10224117466160045,0.10040734960303203,0.10271510481834412,0.1036010695634252,0.10118880084518996,0.09857577465608365,0.10263829678297043,0.10235233109651579,0.10062026842910272,0.10095397144400403,0.09508630633354187,0.1058205275097623
501,2,0,0.08834380290732856,0.09374377911593659,0.07947009056806564,0.09181753903798344,0.09121220095256442,0.09184594510864946,0.08121156692504883,0.10057909082399495,0.09479714299865345,0.090980267676727,0.08762237429618835,0.105788787023045,0.09310859513094079,0.09607334555553489,0.08108469098806381,0.10216774884922367,0.0866461952267174,0.09300681820668402,0.07760272175073624,0.08932904572273197,0.07995149584169829,0.08039279647409914,0.06944769620895386,0.09001399484204188,0.08175271534664579,0.07730807033151207,0.07897219061851501,0.08897788508991024,0.08025252380100634,0.0759531424975719,0.07279151678085327,0.09201291212459384
502,3,0,0.6742708180712479,0.6979609005393433,0.6839187741279602,0.64093277954644,0.6796585940285156,0.6870966648879836,0.6839607357978821,0.6679183813996808,0.6761731005840232,0.6921402951887742,0.6900290846824646,0.6463499218808308,0.6767966017317258,0.694134633414535,0.6881063580513,0.6481488137293426,0.6913979007649499,0.694169572264474,0.6820600032806396,0.6979641267497358,0.677316831694417,0.6881756689323785,0.6850879192352295,0.6586869069156427,0.6691605746206409,0.6916471204909121,0.6695883274078369,0.6462462759631736,0.6847777324526044,0.687277496044676,0.6748717427253723,0.6921839585877652
503,1,0,0.7225698583051622,0.7331930196502735,0.7072234749794006,0.7272930802858127,0.7229907360128669,0.7265667671904835,0.7240308523178101,0.718374588530307,0.7186529961125506,0.7351151062612475,0.716286301612854,0.70455758046355,0.7180915182709192,0.7316671373506536,0.7182374000549316,0.7043700174071722,0.7220427255672875,0.731882849052243,0.7141054272651672,0.7201399003844523,0.7262524432132093,0.725177783381201,0.7383081912994385,0.7152713549589881,0.7256688867067792,0.7422023215009483,0.7480356693267822,0.6867686692926068,0.7249222262674571,0.7333455394295091,0.7247875928878784,0.7166335464849839
504,1,0,0.6006853501536888,0.5899203027631151,0.6182093024253845,0.5939264452725668,0.6208640828767008,0.6133892868633493,0.6484556794166565,0.6007472823500969,0.603795725980114,0.6153176307126058,0.596037745475769,0.6000318017519672,0.6202403550090293,0.6202485930485668,0.6124256253242493,0.6280468466542717,0.6013504299491255,0.5824380805362263,0.6245628595352173,0.5970503497759327,0.6407146258241743,0.6404531268158574,0.651009738445282,0.6306810122113835,0.6288324676532672,0.6629206590292638,0.6361048817634583,0.5874718621670795,0.6596129589041434,0.6616973429638205,0.657049298286438,0.6600922354621718
505,3,1,0.9723423095615705,0.9604340240868127,0.9750315546989441,0.9815613498989548,0.9716810104889633,0.9606589515475724,0.9740115404129028,0.9803725395064146,0.9724012096949521,0.9608217104710624,0.9744359254837036,0.9819459931300903,0.9702731166486065,0.9589968699098717,0.9734445810317993,0.9783778990041484,0.9700712241655784,0.9607204151742522,0.9733896851539612,0.9761035721685222,0.9732890588131314,0.958054819207213,0.976024329662323,0.9857880275698582,0.969040632309913,0.9559356660808855,0.9712482690811157,0.9799379617677377,0.9670185590218977,0.9575117497194575,0.9657004475593567,0.9778434797868792
506,1,0,0.43935019091464333,0.4301106339115741,0.44187310338020325,0.44606683545215275,0.4399476031807312,0.4236192942892942,0.45816099643707275,0.43806251881582653,0.43305862380721266,0.4433802627906601,0.475924551486969,0.3798710571440088,0.44113673418333793,0.42808461228211897,0.5089982748031616,0.3863273154647333,0.4407696341913611,0.4396796487436458,0.4666135311126709,0.4160157227177665,0.45353353726344475,0.48546067841932844,0.4553512930870056,0.41978864028400004,0.48545221571477254,0.47700454263864633,0.4883338212966919,0.4910182832089794,0.45602851224997126,0.4881644212548723,0.4877772033214569,0.39214391217358463
507,4,1,0.8933718296958842,0.8854883057237315,0.8965778946876526,0.8980492886762685,0.898792528033716,0.8908292158086273,0.8961856961250305,0.9093626721674901,0.8878286269743313,0.891123617375299,0.884004533290863,0.8883577302568315,0.892666107861302,0.883192337392439,0.8929237723350525,0.9018822138564146,0.8916929619789639,0.8924306987121016,0.8951207399368286,0.8875274472879612,0.8901144235308355,0.8738739804732311,0.8908752799034119,0.9055940102158637,0.9098616312313778,0.8922866805861914,0.9182384014129639,0.9190598116949782,0.8989915140977657,0.8967190159918529,0.8886436820030212,0.911611844298423
508,0,1,0.31625020290846545,0.3510634029451811,0.3373158872127533,0.2603713185674619,0.3161806755817205,0.32968648785532934,0.3233363926410675,0.29551914624876463,0.27107233241015505,0.2909590899504814,0.30443477630615234,0.21782313097383132,0.31378453255036337,0.3432339034845519,0.34108906984329224,0.2570306243232458,0.2737092044232469,0.28464664724996397,0.29330724477767944,0.24317372124209718,0.29513967156326293,0.29778834562908574,0.29895031452178955,0.2886803545389135,0.2962600892571034,0.31697148088433036,0.31868767738342285,0.25312110950355704,0.25932907155855806,0.2792267667679207,0.2702997624874115,0.22846068542034198
509,2,0,0.11782242933687405,0.09758710233560454,0.13586455583572388,0.12001562983929376,0.1133492949435742,0.09809647712776699,0.12204025685787201,0.11991115084508361,0.11517749705886869,0.09290869488953005,0.13461408019065857,0.11800971609641746,0.11636296651441262,0.09535476778856589,0.13217630982398987,0.12155782193068211,0.118409424009771,0.09493695997020007,0.12776121497154236,0.13253009708757058,0.09479453332568155,0.08413408805912172,0.10255411267280579,0.09769539924511714,0.08882136186842042,0.08197767929344087,0.08524461090564728,0.09924179540617312,0.09391942101498796,0.0822688087183041,0.08737730979919434,0.11211214452746543
510,3,1,0.31865018716026433,0.29347621304708543,0.261903315782547,0.4005710326511607,0.3372541025193369,0.2901148099376502,0.3130842447280884,0.40856325289227213,0.3309402968653921,0.2992897492382003,0.28696781396865845,0.40656332738931766,0.3283333364145673,0.2929698529656485,0.29468896985054016,0.3973411864275133,0.31463621980682405,0.2951863018215766,0.2811030447483063,0.3676193128505894,0.3772803048244102,0.36965662314230363,0.31938043236732483,0.44280385896360214,0.42501143481042297,0.4144835094362765,0.3692498505115509,0.49130094448344147,0.40818454210382615,0.39974921982567263,0.34449246525764465,0.480311941228161
511,2,1,0.10390038638468997,0.09568208261390934,0.125144362449646,0.09087471409051456,0.1002211697055051,0.0924064710484747,0.10723549127578735,0.10102154679225324,0.10297786590581258,0.0970122070518825,0.12341225147247314,0.08850913919308206,0.10429124152327544,0.0996968134852446,0.12326957285404205,0.08990733823053965,0.09849051029003597,0.09767325216052339,0.11031067371368408,0.08748760499590041,0.10994229962874667,0.10277914480357835,0.12633301317691803,0.10071474090574363,0.10807032938979878,0.09817144627132157,0.12435957044363022,0.10167997145444456,0.10225768407324783,0.09628046444042979,0.1083873063325882,0.10210528144672552
512,4,0,0.1256500869565452,0.12506109347663685,0.12213262170553207,0.12975654568746664,0.1256739761818326,0.12860011409558422,0.12217625230550766,0.12624556214440588,0.12150832457710513,0.12002463781903829,0.11458805203437805,0.12991228387789905,0.12728826662913054,0.12411439609715275,0.12486323714256287,0.13288716664767605,0.11924896867058761,0.11875976111752506,0.11667343229055405,0.12231371260368376,0.13924822364802145,0.12245316817678081,0.14613787829875946,0.14915362446852404,0.11247702322953897,0.10866872468057472,0.11736402660608292,0.11139831840195932,0.1033376614372676,0.11164076546698748,0.10628072917461395,0.09209148967020139
513,4,1,0.6743573208999821,0.6936249070750183,0.6245568990707397,0.7048901565541882,0.6756270400758354,0.7221422336340756,0.6391729116439819,0.6655659749494487,0.7363992243156853,0.7535163591427683,0.7095521688461304,0.7461291449581573,0.6868362336458174,0.6992062617476245,0.650761067867279,0.7105413713225485,0.7321985161031667,0.7362685616890127,0.6982640027999878,0.7620629838204996,0.6871413297776323,0.7141304569320203,0.6328955888748169,0.7143979435260599,0.669485508622996,0.7375580244760732,0.6431575417518616,0.6277409596410534,0.7418533646430535,0.7619580664866553,0.7292795181274414,0.734322509315064
514,1,1,0.9073917915427283,0.8958390456138708,0.9086273908615112,0.9177089381528029,0.8986358260423005,0.9013431334734496,0.9094266891479492,0.8851376555055029,0.8879459773527844,0.8912710683843179,0.9075535535812378,0.8650133100927975,0.9056800973168189,0.9020251116688426,0.9117108583450317,0.9033043219365819,0.8984979998827797,0.8902444986859608,0.9074479937553406,0.897801507207038,0.8965503248981506,0.8895292394023793,0.9046953916549683,0.8954263436371042,0.9047868927198573,0.8896545099414305,0.911178708076477,0.9135274601416643,0.8853277823832736,0.8846238640625554,0.9070653915405273,0.8642940915467383
515,3,0,0.08829330259304125,0.08810718354517659,0.0840030312538147,0.09276969298013243,0.08792305396966593,0.0867764947867748,0.08465144038200378,0.09234122674021925,0.08768238514612531,0.08150457413277154,0.09031316637992859,0.09122941492567578,0.0896980512192531,0.08712336404635705,0.08882375061511993,0.09314703899628228,0.08736441185316239,0.08764984665417867,0.08347222954034805,0.09097115936496042,0.08639797512569086,0.0833606868451204,0.08501221239566803,0.09082102613628419,0.08631494050362298,0.08233100778661635,0.08475452661514282,0.0918592871091098,0.08202865837564136,0.08001488543353878,0.08466367423534393,0.08140741545804134
516,3,0,0.313350649409251,0.31456738426058123,0.27650022506713867,0.3489843389000332,0.2861959675988763,0.2890978313844657,0.27954939007759094,0.2899406813345721,0.367540532830173,0.4119346326868733,0.29587626457214355,0.39481070123150197,0.325292999059113,0.3164900132986385,0.2806272804737091,0.3787617034049914,0.3646525895729236,0.4130346805767947,0.28558164834976196,0.39534143979221437,0.3128900879848876,0.3140722646945857,0.26686280965805054,0.35773518960202655,0.3322342769049251,0.31272712149332244,0.28081661462783813,0.4031590945936145,0.37819476248316536,0.42538577827064267,0.29239141941070557,0.4168070897681476
517,4,1,0.8481723505181439,0.8584481423966631,0.8394445776939392,0.8466243314638294,0.8413800393566948,0.8558136884211953,0.8180469870567322,0.8502794425921568,0.8438476585797917,0.846486716227953,0.8369328379631042,0.8481234215483179,0.841857532811168,0.8553154983690168,0.8358131051063538,0.8344439949581337,0.8267361631434902,0.848353657057129,0.8289944529533386,0.8028603794200027,0.8482492240209519,0.8439281865966458,0.8292942047119141,0.871525280754296,0.8360396668033808,0.8503852991261953,0.8264323472976685,0.8313013539862785,0.8287143268944336,0.84298426305626,0.8294755220413208,0.8136831955857204
518,4,0,0.15448856498271143,0.14814946943171378,0.14366558194160461,0.17165064357481585,0.1585380744271452,0.14980352502703367,0.14602142572402954,0.17978927253037244,0.15180823730532964,0.14504316359554983,0.14445917308330536,0.16592237523713368,0.15538880593445678,0.1464828856946007,0.14456890523433685,0.1751146268744328,0.15540012997231065,0.14467014024632643,0.14712493121623993,0.17440531845436563,0.13545777022563954,0.12653023809007694,0.12546683847904205,0.15437623410779966,0.1719844381618595,0.14890334966398136,0.1713872104883194,0.1956627543332777,0.17169408186784804,0.1574785947260023,0.16374194622039795,0.1938617046571438
519,0,1,0.8530828596837705,0.8801585175756641,0.8786641955375671,0.8004258659380804,0.8613568282403324,0.879298393096948,0.8901810050010681,0.8145910866229809,0.8617009322358253,0.8811355980329286,0.8827016949653625,0.8212655037091848,0.870248021514449,0.8807703162684934,0.8907867074012756,0.8391870408735779,0.8606268455927077,0.8773937308719656,0.8811461925506592,0.8233406133554986,0.8765222646373599,0.8999219322908517,0.9116458892822266,0.8179989723390015,0.8605517895573233,0.8785168415546202,0.8891541957855225,0.8139843313318271,0.8632646452763156,0.8765305711073833,0.8891267776489258,0.8241365870726377
520,4,0,0.12043751301612786,0.10391395229670475,0.15549945831298828,0.1018991284386905,0.12128802838825674,0.10463766953250427,0.15142126381397247,0.10780515181829349,0.12117171617380063,0.10217520487764367,0.15374408662319183,0.10759585702056643,0.11930273149818511,0.10562779652054348,0.1479078084230423,0.10437258955096959,0.12262765810704629,0.10318655454091957,0.15360486507415771,0.11109155470606158,0.11618606865817338,0.0991664390170357,0.14652614295482635,0.1028656240026581,0.11513834595137361,0.09967801919791985,0.1398898959159851,0.10584712274021586,0.12035701607206924,0.10154486625482712,0.14255313575267792,0.11697304620870272
521,4,1,0.9429457281149883,0.9278115778141174,0.9434143304824829,0.9576112760483648,0.9424856641056824,0.9288889122028757,0.9431882500648499,0.9553798300493216,0.942836038592424,0.9277064528751007,0.939527690410614,0.9612739724915574,0.9455013237155124,0.9314883143298736,0.9416937828063965,0.9633218740102674,0.9393988536293243,0.9230220582253699,0.9410587549209595,0.9541157477416433,0.9465929533776819,0.9322616038939261,0.9478762149810791,0.9596410412580407,0.9424389834295739,0.9292127223709448,0.9393521547317505,0.9587520731860263,0.9334745645509258,0.9209928411411971,0.9307325482368469,0.9486983042747332
522,2,0,0.09654711427246927,0.09817761608914266,0.08955985307693481,0.10190387365133036,0.09620338854771125,0.09803381867827458,0.08623445779085159,0.10434188917400754,0.09629418915591148,0.10056125071815317,0.08890735357999802,0.09941396316958327,0.09504806390644531,0.097857664086885,0.09003578126430511,0.09725074636814576,0.09609431852728101,0.10154045917779823,0.08929555863142014,0.09744693777262466,0.09776309529329302,0.10102961967803772,0.09247208386659622,0.09978758233524514,0.10041135319030182,0.09844225035075047,0.09805269539356232,0.1047391138265927,0.09585048492262334,0.09954531906015467,0.09311291575431824,0.09489321995339713
523,1,0,0.12279722850250814,0.13122100793808353,0.12408215552568436,0.11308852204375651,0.1219237068195661,0.13356279597771462,0.11715032160282135,0.11505800287816234,0.1209147659183058,0.12887188378906747,0.12139159440994263,0.11248081955590734,0.1246519616930714,0.13362318896213912,0.12322459369897842,0.11710810241809669,0.1225807921168074,0.12639519225026932,0.12693308293819427,0.11441410116195867,0.12569548309269138,0.12815831081957546,0.12918420135974884,0.11974393709874985,0.12613121836399108,0.12855498691147282,0.12976911664009094,0.12006955154040949,0.12492215629853336,0.13071055519942978,0.12910977005958557,0.1149461436365847
524,0,1,0.9701939200214209,0.9607952127233959,0.9718257188796997,0.9779608284611672,0.9674708789646104,0.9557249554630604,0.9718306660652161,0.9748570153655549,0.969936912680405,0.9598332159664111,0.9748972654342651,0.9750802566405387,0.97163467588748,0.9600520112533155,0.9741200804710388,0.9807319359380856,0.9660854010472085,0.9542464645267145,0.9664064645767212,0.9776032740381901,0.9666793916300026,0.9524993751301356,0.9679211974143982,0.979617602345474,0.9709365467376289,0.9565623740467347,0.9720966815948486,0.9841505845713032,0.9649606646366958,0.9539605285643602,0.9687721729278564,0.9721492924178707
525,3,0,0.09811433894069281,0.09211034091626943,0.10396020859479904,0.09827246731100996,0.09678485051113152,0.08927273623327903,0.10141971707344055,0.09966209822667499,0.09909049799311716,0.08755083366557304,0.10425689071416855,0.10546376959960993,0.10021615426196179,0.09108371688051631,0.10429283231496811,0.10527191359040096,0.09659049216694192,0.0926237541771497,0.10071700066328049,0.09643072166039555,0.09716796602340998,0.08764187915869864,0.09901386499404907,0.10484815391748217,0.095885449916889,0.08564635107976054,0.10374272614717484,0.09826727252373162,0.09538580797879531,0.0845161311779516,0.10412777960300446,0.09751351315542989
526,2,0,0.06150015002075871,0.07291626052384279,0.056658871471881866,0.05492531806655148,0.05580643810349139,0.06967050546560032,0.05466573312878609,0.043083075716087764,0.06696489675983329,0.07578689692998278,0.06351688504219055,0.06159090830732651,0.06287492885335506,0.07397815516837236,0.05175410211086273,0.06289252928083013,0.06370553908066313,0.07556489138561041,0.05974394455552101,0.055807781300858006,0.07196484987108591,0.07856790609689851,0.06270702928304672,0.07461961423331247,0.06650500459575563,0.07646963687123763,0.06442104279994965,0.05862433411607962,0.06723335865821063,0.07609699475836067,0.06272263824939728,0.06288044296687396
527,4,1,0.5451545610258943,0.5044373033190848,0.6550700068473816,0.4759563729112167,0.5851773801908937,0.518215284018358,0.6826527714729309,0.5546640850813923,0.5770835013271416,0.5124133724756615,0.685833752155304,0.5330033793504594,0.5522921364467169,0.5215065468787223,0.6756706833839417,0.4596991790774869,0.5956268477056277,0.4956235503293068,0.6470769047737122,0.6441800880138641,0.5773370187228785,0.531586435672354,0.6738463640213013,0.5265782564749802,0.5893629208381473,0.5435935429136705,0.6833383440971375,0.5411568755036341,0.5951117861913559,0.514377656837928,0.6646185517311096,0.60633915000503
528,4,0,0.3461061170896153,0.33553880629845545,0.35998356342315674,0.3427959815472336,0.3506349535796256,0.3385580252894676,0.37956106662750244,0.33378576882190686,0.34452751098674467,0.32231881552433467,0.3610287010669708,0.35023501636892845,0.33732236457137293,0.32153324003440736,0.36104607582092285,0.32938777785878853,0.35379185248198913,0.3363709504820575,0.373212993144989,0.35179161381892077,0.364216539396604,0.33936471338709245,0.3826426863670349,0.3706422184356846,0.36578182631065687,0.3488521912321528,0.38577961921691895,0.3627136684828988,0.37203551376193156,0.32232898069401583,0.40460142493247986,0.3891761356592991
529,1,0,0.08554067540600559,0.08735879433705113,0.08144952356815338,0.08781370831281227,0.08787719028492576,0.08725936480917362,0.08092661947011948,0.0954455865754842,0.08826801767602281,0.08917627534286915,0.08357889205217361,0.09204888563302568,0.08715982285458133,0.08730331229017899,0.08302485197782516,0.09115130429573982,0.08649226497543168,0.08933273031035928,0.07512414455413818,0.09501992006179762,0.08729411199432265,0.0853467727647053,0.08120331168174744,0.0953322515365152,0.08179399567259875,0.08752072504945889,0.07555440813302994,0.08230685383530739,0.08599202651782538,0.08469550068393167,0.07769503444433212,0.09558554442521232
530,1,0,0.09221518997401464,0.09215378064635404,0.07289345562458038,0.11159833365110952,0.0903527564538532,0.09323331438050048,0.06696309894323349,0.11086185603782561,0.09865573135376299,0.09197530212366802,0.08065016567707062,0.12334172626055036,0.09456384924536497,0.09244874618176589,0.07357125729322433,0.11767154426110467,0.09992915332409669,0.09263802915269913,0.07958292216062546,0.12756650865896546,0.13916417550587623,0.12135821545054644,0.10762915015220642,0.18850516091487587,0.1257663817097058,0.11702734153746261,0.09841003268957138,0.16186177090208345,0.11594971378711912,0.11725115951260902,0.09189388900995255,0.13870409283879578
531,3,1,0.9602245065392673,0.9475281001888466,0.9655451774597168,0.9676002419692387,0.9613359079795858,0.9487092007998713,0.9655134677886963,0.9697850553501897,0.963223967148032,0.9532580572861081,0.9706061482429504,0.9658076959150373,0.9618573953486017,0.9456057655774383,0.9693097472190857,0.9706566732492813,0.9594372497916184,0.9503819845366932,0.9650081992149353,0.9629215656232265,0.9610081713549271,0.9441877793544666,0.965390682220459,0.9734460524898556,0.9587804598023649,0.9444583115632529,0.9603550434112549,0.9715280244325868,0.9533369459166853,0.9453699782575046,0.9595637321472168,0.9550771273453347
532,4,0,0.11513979488448085,0.12016403995635282,0.11098545044660568,0.11426989425048406,0.1099649531325878,0.11973198838302553,0.10670779645442963,0.10345507456030828,0.11159271271196795,0.11640497843760564,0.10471054166555405,0.11366261803274418,0.11514789745015652,0.12143534519550091,0.10831519216299057,0.11569315499197806,0.11086166348601768,0.11929330726579758,0.10504975914955139,0.1082419240427041,0.11298422270209085,0.11715363029946181,0.1079280897974968,0.11387094800931398,0.10826727827106218,0.11110996491890934,0.10491975396871567,0.10877211592556153,0.11123282970842852,0.11392017117074783,0.10505007207393646,0.11472824588060127
533,2,0,0.1083579905341124,0.10834004037437024,0.08739299327135086,0.1293409379566161,0.10659117301352755,0.10093866390298083,0.1023428812623024,0.11649197387529941,0.10513145132627681,0.10425179414465795,0.09951180219650269,0.11163075763766975,0.10982423473329699,0.12123533507868073,0.09664258360862732,0.11159478551258288,0.10532524086110413,0.09924708721962525,0.10809872299432755,0.10862991236935962,0.09500745801702733,0.08916004689453115,0.08724374324083328,0.10861858391571752,0.09425988219670878,0.09303102418222646,0.0959802195429802,0.09376840286491964,0.08517645683905171,0.081502587019469,0.08835350722074509,0.08567327627694106
534,4,1,0.8214237784478587,0.809125627016987,0.8166661262512207,0.8384795820753681,0.8242441029855723,0.8087478793569909,0.8129111528396606,0.8510732767600652,0.794492685814825,0.7993266443842328,0.789921224117279,0.7942301889429632,0.810323651716185,0.8072707149002717,0.7954633235931396,0.8282369166551437,0.7999525666197131,0.8129466867620176,0.7867276072502136,0.8001834058469082,0.8619912351858722,0.8592289447032714,0.8492341041564941,0.8775106566978507,0.8833553771622903,0.8789864544882658,0.8535680174827576,0.9175116595158477,0.8761553638881404,0.8717249502903373,0.8351852893829346,0.9215558519911498
535,3,0,0.6126914003513896,0.6115211557649411,0.6235021948814392,0.6030508504077882,0.6123250768339706,0.6218936380822314,0.6187950372695923,0.5962865551500882,0.6175436073422179,0.6117660107897417,0.6280143857002258,0.6128504255366863,0.612640655520377,0.6115042724359958,0.6252347826957703,0.601182911429365,0.6192075186070479,0.6209271004734667,0.6471165418624878,0.5895789134851895,0.6194804689306769,0.625861536470432,0.6283615827560425,0.6042182875655562,0.6197559785346909,0.6376315946766685,0.6363304257392883,0.5853059151881157,0.6396931455006821,0.6204576302171076,0.6581880450248718,0.640433761260067
536,0,1,0.9040196044041454,0.8924967476933225,0.9173279404640198,0.9022341250550941,0.8992317089482403,0.8953871463997025,0.9159510135650635,0.8863569668799548,0.9044152973931397,0.8932468623778789,0.9170583486557007,0.9029406811458397,0.9080802739835541,0.9004801746458708,0.9169088006019592,0.9068518467028319,0.8985173781153261,0.8933079796400851,0.9265190362930298,0.8757251184128634,0.8079093519989361,0.7545657584579991,0.8529568314552307,0.8162054660835785,0.8203736011414319,0.7585542919105904,0.8641414046287537,0.8384251068849515,0.8283631566626716,0.7512461892788397,0.8694839477539062,0.8643593329552685
537,4,0,0.6489712460907334,0.6915630543853295,0.605111300945282,0.6502393829415886,0.6053251948924162,0.6626266692060271,0.5646665692329407,0.5886823462382811,0.6279962378121239,0.6509579083381538,0.5479915142059326,0.6850392908922852,0.624256959154427,0.6911548711368085,0.5751065015792847,0.6065095047471878,0.6056342715676375,0.6340703171741404,0.5484482645988464,0.6343842329299257,0.6420356721128266,0.7163125861248628,0.5828616619110107,0.6269327683026064,0.6004554902011462,0.6727007992223429,0.5359894633293152,0.5926762080517808,0.6118390703795099,0.5936578194041515,0.5717473030090332,0.6701120887253448
538,3,1,0.9217237512556166,0.9142001381442224,0.9162829518318176,0.9346881637908098,0.9269545095482133,0.914013453547352,0.915319561958313,0.9515305131389753,0.9191221991077372,0.9154949507763753,0.929549515247345,0.9123221312994916,0.9209506358343872,0.9176598881059244,0.9174516201019287,0.9277403992953083,0.9233141270333084,0.9143277043762389,0.9211746454238892,0.9344400312997976,0.9248393733094414,0.918549485737177,0.9196462035179138,0.9363224306732335,0.9082265269669986,0.9115376221603164,0.9133898615837097,0.8997520971569696,0.9067550410810727,0.9026594946273759,0.9062415957450867,0.9113640328707558
539,3,0,0.08894318729164352,0.08803010778001245,0.08067935705184937,0.0981200970430687,0.08921137853380907,0.08865068655529602,0.07757662981748581,0.1014068192286454,0.08331400713347646,0.08283265433203561,0.07630536705255508,0.09080400001583869,0.08559910017930394,0.08768341358837267,0.07507907599210739,0.0940348109574318,0.08747769342898477,0.08772540013800653,0.07959053665399551,0.09511714349495229,0.0849017689394629,0.08274159066534936,0.08196292072534561,0.09000079542769374,0.08486107817480436,0.08116637275641699,0.0790296420454979,0.09438721972249821,0.08366238043272578,0.07867280502450157,0.07664230465888977,0.09567203161478596
540,0,1,0.9525613997291441,0.9420532580756238,0.9435761570930481,0.9720547840187604,0.9511925085495013,0.9414004923188062,0.9514625668525696,0.9607144664771281,0.9515055151870965,0.9386212105334495,0.9451491832733154,0.9707461517545245,0.9534873297587415,0.9452234367912411,0.9472546577453613,0.9679838947396221,0.954960602169148,0.9408489587513946,0.9529065489768982,0.9711262987791512,0.9569175312227189,0.9387364993579782,0.9577240347862244,0.9742920595239541,0.9465883869967757,0.9267153288588724,0.9494069814682007,0.9636428506632541,0.947106308956802,0.9304108734763685,0.9464229941368103,0.964485059257227
541,3,1,0.9303138220625984,0.9252520447963005,0.9239155650138855,0.9417738563776095,0.9368085639545134,0.9263782130518801,0.9241560697555542,0.9598914090561061,0.9323531949105438,0.9242636139565787,0.9286355376243591,0.9441604331506935,0.9335031119292614,0.9224636594251334,0.9249784350395203,0.9530672413231307,0.9312375162863411,0.9251175337646261,0.9167715311050415,0.9518234839893556,0.9199451506837422,0.9293489977972758,0.8996034860610962,0.9308829681928543,0.9123953292370622,0.9119276704047982,0.9113439917564392,0.9139143255499494,0.9115533003157087,0.9116036877627115,0.905324399471283,0.9177318137131314
542,3,0,0.05905783160033209,0.06752360265846613,0.05307943746447563,0.056570454678054494,0.059292024723758975,0.0644328262727501,0.05001942813396454,0.06342381976456231,0.05632076715481813,0.06793339410155039,0.049388013780117035,0.05164089358278698,0.05675760986523046,0.06616377963657101,0.050192128866910934,0.053916921092209434,0.06564397626604195,0.06744669283720431,0.05808055028319359,0.07140468567772794,0.055288929581833644,0.06584323957109726,0.05091631039977074,0.04910723877463291,0.05136145047466417,0.07064491568309438,0.04948480427265167,0.033954631468246475,0.052586284713131426,0.06731677975662519,0.045972660183906555,0.04446941419886255
543,3,0,0.05784245586757136,0.06752360265846613,0.05093669146299362,0.05506707348125434,0.06073210289104192,0.0644328262727501,0.049002304673194885,0.06876117772718075,0.0558751177098325,0.06793339410155039,0.04862497001886368,0.05106698900908344,0.05653322324037352,0.06616377963657101,0.04981061816215515,0.053625271922394406,0.0642460046644286,0.06560762343698923,0.05572570487856865,0.07140468567772794,0.05432444955818211,0.06449453028975814,0.04985971376299858,0.048619104621789616,0.05103953200790168,0.06993095473882137,0.04809318110346794,0.03509446018141573,0.05167829135875607,0.06567995406128145,0.04480217024683952,0.04455274976814723
544,3,1,0.11189789523994421,0.12532135793269883,0.08725094050168991,0.1231213872854439,0.12008729811057277,0.12223540597607696,0.08710867911577225,0.15091780923986906,0.1092173006339215,0.1206612852144966,0.07840543240308762,0.1285851842841803,0.10879195691377662,0.12060489306348328,0.0837658941745758,0.12200508350327076,0.1198545005944333,0.12877289229565983,0.08083011209964752,0.1499604973879925,0.11895853061120533,0.11817326189217545,0.09680608659982681,0.14189624334161374,0.13530692862166996,0.13943847131269646,0.11693503707647324,0.14954727747584012,0.1453241519689782,0.15797273125797034,0.1188640221953392,0.159135702453625
545,2,0,0.18565782430418024,0.1814023099417615,0.16328896582126617,0.21228219714951302,0.17670528327570537,0.18143166408988767,0.14063267409801483,0.2080515116392137,0.1779723700422374,0.18192631173623663,0.1512206494808197,0.2007701489096559,0.17358064282716312,0.17832874136510107,0.1409190148115158,0.20149417230487254,0.19550532429049236,0.18395677388617437,0.15355634689331055,0.24900285209199213,0.18714761565854843,0.17792462898720876,0.1459428369998932,0.23757538098854333,0.2024366622126755,0.1862901613891179,0.15335337817668915,0.2676664470722194,0.20520133172671637,0.19282792377290783,0.16925768554210663,0.25351838586513464
546,3,0,0.11666809380449557,0.11718707391191782,0.13518817722797394,0.09762903027359492,0.11990790322743612,0.11628166940399255,0.12609687447547913,0.11734516580283673,0.1310293938287123,0.13365230236271428,0.11804869025945663,0.14138718886396592,0.122080894230798,0.11811480318413659,0.11964640021324158,0.12848147929501588,0.12133648137595772,0.13404709000035303,0.11404117941856384,0.11592117470895628,0.13089289508574456,0.12427716045888054,0.1299765706062317,0.1384249541921215,0.11917637917974426,0.11609064755546432,0.12401998788118362,0.1174185021025848,0.11999505647258692,0.1307129576748224,0.11883828043937683,0.11043393130356154
547,2,1,0.927540226710129,0.9272622309399555,0.9329561591148376,0.9224022900755942,0.9206351253864972,0.9243900089721409,0.9236701726913452,0.9138451944960055,0.9229416033207624,0.9288575614516467,0.92354416847229,0.91642308003835,0.9218256055785595,0.9300693483260994,0.9220744967460632,0.9133329716635157,0.9223031664280911,0.9248275772853228,0.9277170896530151,0.9143648323459352,0.9260763852897211,0.9269730979613595,0.9281709790229797,0.9230850788848243,0.9346525384760831,0.9388465835820888,0.9352416396141052,0.9298693922320554,0.9390916822189572,0.9383870228954623,0.9375903606414795,0.9412976631199297
548,2,1,0.12495206553004828,0.10975406701621361,0.1370907723903656,0.12801135718356565,0.1269269824347432,0.11396622928693119,0.13275717198848724,0.13405754602881118,0.11995342115060574,0.10717205934239579,0.1191132664680481,0.1335749376413733,0.12586010294373132,0.10489713849179193,0.1260215789079666,0.14666159143143545,0.12223870261762104,0.10854770560003678,0.12303411960601807,0.13513428264680824,0.12604508747111884,0.1162597118586084,0.12439668923616409,0.13747886131858397,0.1311830035006761,0.11626808255390933,0.11423307657241821,0.1630478513757008,0.1296858285114809,0.11494611794095355,0.13072949647903442,0.1433818711144547
549,3,0,0.10715371423084467,0.11329952124007062,0.08207506686449051,0.12608655458797288,0.10720774876888244,0.11084751299934055,0.07934622466564178,0.131429508641665,0.10438161227675953,0.11216465664021173,0.08386475592851639,0.11711542426155044,0.09882014576579679,0.11299821074208645,0.08510277420282364,0.09835945235248025,0.104267364492082,0.11208236050062284,0.08028285205364227,0.12043688092198088,0.12861647204032756,0.13457577699834464,0.0996057540178299,0.1516678851048081,0.14251393364019374,0.14275729156519779,0.130521759390831,0.1542627499645525,0.14086471978558893,0.15334133660499913,0.12793610990047455,0.14131671285129313
550,0,1,0.8750593491690551,0.8651906457031472,0.9072450995445251,0.8527423022594929,0.8820959714382637,0.8681531137631369,0.8997120261192322,0.8784227744324221,0.8696504762850837,0.8711003724086128,0.9053597450256348,0.8324913114210033,0.8827499778599401,0.8728138755703118,0.9088199138641357,0.866616144145373,0.8629097049286244,0.8701264576462228,0.9044401049613953,0.8141625521782551,0.717780625137202,0.6853883792265517,0.8068271279335022,0.6611263682515522,0.7220102226155468,0.6650445236136628,0.7744189500808716,0.7265671941521061,0.6869780787510352,0.630088522762128,0.8219436407089233,0.6089020727820542
551,0,1,0.38428171789944193,0.3402701519401804,0.4311598539352417,0.38141514782290364,0.38080935427231166,0.35340622406221184,0.4332275688648224,0.35579426988990076,0.3704373950898938,0.33044940984612003,0.4042574167251587,0.3766053586984028,0.4146485483601336,0.3479418873585454,0.44387343525886536,0.45213032246298995,0.3869746695362933,0.31513959690024257,0.3997448980808258,0.4460395136278115,0.37781659914474175,0.31508691738037453,0.41637879610061646,0.40198408395323426,0.3332539859110959,0.2706769463807268,0.3662079870700836,0.3628770242824773,0.27222028127365266,0.24616877951450095,0.2792859673500061,0.291206096956451
552,3,0,0.11172573242245204,0.0935510287966993,0.11215098202228546,0.12947518644837136,0.11835981522130208,0.09967829993778869,0.10909685492515564,0.14630429080096194,0.11127520642594986,0.10360896618600914,0.10441671311855316,0.1257999399732873,0.1075738376413055,0.1008424488774804,0.10218718647956848,0.11969187756686761,0.1181820870716364,0.09958468566783615,0.1124013215303421,0.14256025401673095,0.11563662217680777,0.10124468750184827,0.11173848062753677,0.1339266984010383,0.11477837889977671,0.10058146627223934,0.10860076546669006,0.13515290496040072,0.1205743730776465,0.10197499432943369,0.10412850975990295,0.15561961514360284
553,1,0,0.12750341040157556,0.12413316114667447,0.13551077246665955,0.12286629759139268,0.12625221111409582,0.12683142607964576,0.13542911410331726,0.1164960931593244,0.12494684801864324,0.12559907403535037,0.1371784657239914,0.11206300429658797,0.13037427677771599,0.12691203644749782,0.14057016372680664,0.12364063015884348,0.12458241411931426,0.12320720385683831,0.12820905447006226,0.12233098403104217,0.12231858986265566,0.11706084140791619,0.135678231716156,0.11421669646389482,0.12474734366238961,0.11776582505012688,0.13409772515296936,0.12237848078407258,0.12169917939534665,0.12466608171922593,0.11739329248666763,0.12303816398014637
554,3,1,0.09441860189293022,0.09211034091626943,0.0990043506026268,0.09214111415989441,0.09607770117730217,0.08927273623327903,0.10521715879440308,0.0937432085042244,0.10011471635709777,0.08755083366557304,0.10758413374423981,0.10520918166148048,0.09848860464353941,0.09108371688051631,0.10017827898263931,0.10420381806746257,0.09622294092820738,0.0926237541771497,0.10136812180280685,0.09467694680466558,0.09620367449885002,0.08764187915869864,0.09332884103059769,0.1076403033072537,0.09106893948643624,0.08564635107976054,0.09201594442129135,0.09554452295825686,0.09411249385225999,0.0845161311779516,0.09681965410709381,0.10100169627173458
555,4,1,0.5353463831441002,0.5573456332294836,0.5322876572608948,0.5164058589419224,0.5333573437432544,0.5605840789798002,0.5140843391418457,0.5254036131081172,0.5348207962330985,0.5556326217772095,0.5159826874732971,0.5328470794487892,0.5377732131674288,0.5590864014444429,0.5236470103263855,0.5305862277314582,0.5354801608134246,0.5517827219657016,0.5125986933708191,0.5420590671037534,0.5551182048225426,0.5731674911877772,0.5415245890617371,0.5506625342181135,0.5543065924537963,0.5656764425462931,0.5620352029800415,0.5352081318350541,0.5481907407998686,0.5738460274295643,0.5301914215087891,0.5405347734612527
556,1,0,0.26648517164742497,0.26332917762254815,0.31559646129608154,0.22052987602364524,0.24635821881006667,0.26250791556149666,0.2989257276058197,0.17764101326288356,0.24509906584235563,0.2479483066300648,0.2867431938648224,0.20060569703217965,0.25311941650830005,0.2550472183749665,0.28086382150650024,0.22344720964343331,0.23912343762149504,0.2550632354888998,0.2730979323387146,0.18920914503687083,0.2590364789558864,0.2513946746385334,0.2927575409412384,0.23295722128788743,0.252206439975125,0.2610857089571151,0.28414368629455566,0.21138992467370438,0.24360221532032997,0.2529764925297473,0.27045705914497375,0.20737309428626877
557,2,1,0.9223938592614297,0.9349751031195274,0.913276195526123,0.9189302791386389,0.9271125765011249,0.9292129541359713,0.9292774796485901,0.9228472957188132,0.923532093541342,0.9278610336274444,0.9218525290489197,0.9208827179476619,0.9219498031897299,0.9305179933788268,0.9256631731987,0.9096682429916626,0.916129916697217,0.9331347740771292,0.9066747426986694,0.9085802333158524,0.9220301256078746,0.9277776274590822,0.9225286245346069,0.9157841248299344,0.9065064358982723,0.9271258706339255,0.9108001589775085,0.8815932780833826,0.9095415804873036,0.909539789961131,0.9127324223518372,0.9063525291489426
558,3,0,0.26158812399150483,0.22576730041222354,0.24407537281513214,0.3149216987471588,0.25284274957858327,0.22740671808805268,0.2338806390762329,0.2972408915714643,0.2187824646188031,0.19261218683952358,0.21399730443954468,0.24973790257734105,0.24798719309937167,0.22291819334990864,0.24056226015090942,0.28048112579729695,0.23544414042190123,0.20568125200873402,0.25586211681365967,0.24478905244331003,0.27698032786638577,0.22597933240336626,0.2844374179840088,0.32052423321178214,0.3053052389181858,0.2492554840017154,0.26915985345840454,0.3975003792944374,0.30729719570371183,0.24750748997628816,0.34079086780548096,0.33359322932936636
559,0,1,0.9738395345528335,0.9589527727323398,0.9752635955810547,0.9873022353451057,0.9730162731548558,0.9589495670263849,0.9726481437683105,0.9874511086698718,0.9740155875481592,0.9588881945158391,0.9780093431472778,0.9851492249813609,0.9720140003197434,0.960755554362891,0.9753252863883972,0.9799611602079419,0.9725744625617342,0.9606757111326152,0.9703628420829773,0.9866848344696102,0.9687724119148089,0.9531106295909975,0.9685360789299011,0.984670527223528,0.9709024547055399,0.9567369448836559,0.9722430109977722,0.9837274082351913,0.9681792432744635,0.9552818768061418,0.9734658002853394,0.9757900527319093
560,2,1,0.48836762043136367,0.4930311556282309,0.504390299320221,0.4676814063456392,0.4829158284531749,0.4889132406166251,0.495299369096756,0.4645348756461436,0.4906509438265068,0.49974640802888853,0.4786526560783386,0.4935537673722934,0.4731130757834565,0.48859001308826694,0.4643600583076477,0.46638915595445496,0.4696916046419706,0.4994199649792861,0.4152674973011017,0.49438735164552394,0.5337622310131942,0.499756100739125,0.5598374009132385,0.5416931913872188,0.5260954189819601,0.5177553472050307,0.5298255681991577,0.530705341541692,0.5253488876447613,0.5300822681348595,0.483628511428833,0.5623358833705914
561,4,0,0.1291416603745993,0.1258638843318328,0.13823401927947998,0.12332707751248509,0.12180536587470055,0.12543918385330338,0.12850633263587952,0.11147058113491874,0.12374906731175868,0.12193411646566704,0.12868927419185638,0.12062381127775264,0.12440029313358092,0.12718108412260085,0.12807832658290863,0.11794146869523325,0.12274743942229778,0.12496265698715069,0.12776139378547668,0.11551826749426597,0.11992907384656415,0.11948177526226124,0.12070245295763016,0.11960299331980108,0.11857053877242925,0.11693681589417351,0.12085464596748352,0.11792015445563071,0.11574437938854393,0.1161704074401443,0.1116480827331543,0.11941464799233321
562,4,0,0.09501589798629055,0.0939844579337271,0.10273018479347229,0.0883330512316722,0.09754220044816171,0.09698079950453051,0.10415364801883698,0.09149215382111764,0.09840808089592416,0.09596049729657263,0.10619091987609863,0.09307282551510122,0.09320794635450001,0.09514114963448761,0.09833300113677979,0.08614968829223262,0.09678293714450614,0.09831914166443599,0.10511405766010284,0.08691561210897955,0.09345236206474405,0.09392046727168414,0.10172892361879349,0.08470769530375458,0.09536829559470146,0.09267065761652482,0.10514465719461441,0.08828957197296516,0.09680921709539336,0.09818627417084892,0.09848282486200333,0.09375855225332788
563,2,0,0.12065697822805953,0.11638513904682952,0.11580003052949905,0.12978576510785,0.1317246197499832,0.11804003202463724,0.13243791460990906,0.14469591261540335,0.12099640271734198,0.1134297945003003,0.11489071696996689,0.13466869668175876,0.1260109386784303,0.11964476847798004,0.12166189402341843,0.13672615353389247,0.12078980802685098,0.11157799849072826,0.12142640352249146,0.12936502206733327,0.1297149417757867,0.11813266513599341,0.12701424956321716,0.1439979106281496,0.13060127086605233,0.12078557405699819,0.11625184118747711,0.15476639735368167,0.1299016244957971,0.11594792420080428,0.1251336932182312,0.14862325606835572
564,1,0,0.10795642433958728,0.10886764599250001,0.09975273162126541,0.11524889540499643,0.10140917721272678,0.10910418931701482,0.1000213697552681,0.09510197256589742,0.10690034793656021,0.11063450793482701,0.10452824085950851,0.10553829501534508,0.10668459411103753,0.11115303107565118,0.10528180003166199,0.10361895122579944,0.10150386718273148,0.10909322879916349,0.0956420972943306,0.09977627545470036,0.10665091878029494,0.10676137973093909,0.10344065725803375,0.10975071935191202,0.10814683180872647,0.10800438399045244,0.10541018843650818,0.1110259229992188,0.10405195479707723,0.10789729350860285,0.10054641216993332,0.10371215871269551
565,4,0,0.5359931785469912,0.5454637929759245,0.5019928812980652,0.5605228613669841,0.5376668330586964,0.5470783389289824,0.5137403607368469,0.55218179951026,0.561545883337386,0.5847007681328384,0.5264442563056946,0.5734926255736249,0.5502765442285383,0.5441675345371815,0.5441051721572876,0.562556925991146,0.5473918454735189,0.5788541456054668,0.4863308370113373,0.5769905538037526,0.5841077439929331,0.5702375772823943,0.5692960619926453,0.6127895927037598,0.5782796170395712,0.564234239894128,0.5846856832504272,0.5859189279741582,0.5852298136903259,0.6213222547062824,0.5624904632568359,0.5718767231078592
566,2,0,0.1267785491511927,0.13492675238636348,0.0918390154838562,0.1535698795833584,0.12055520241275382,0.1362064446235168,0.08071444928646088,0.1447447133282838,0.11777839935509649,0.13504676599876353,0.08952665328979492,0.128761778776731,0.11101236952314086,0.1352403526932748,0.08638077229261398,0.11141598358353383,0.12436944745193834,0.1374453814001534,0.09052419662475586,0.14513876433090578,0.12401737375870048,0.14542812158352617,0.09712810814380646,0.12949589154876884,0.09238935393127874,0.09728818441079683,0.0727749615907669,0.10710491579227246,0.10045661582439745,0.10182634288281728,0.06929606944322586,0.1302474351471492
567,2,0,0.09552452339932849,0.09817761608914266,0.08604932576417923,0.10234662834466354,0.09349701404193377,0.09803381867827458,0.08362431824207306,0.09883290520545364,0.0962727699065392,0.10056125071815317,0.08449976146221161,0.1037572975392528,0.0936823327148064,0.097857664086885,0.08425073325634003,0.09893860080119414,0.0944965182508923,0.10154045917779823,0.08766598999500275,0.09428310557987588,0.0973592523051549,0.10102961967803772,0.08888483792543411,0.10216329931199282,0.09786212149099671,0.09664075949415521,0.09110617637634277,0.10583942860249214,0.09404436718236274,0.09771014600410763,0.0910925567150116,0.093330398827969
568,3,0,0.10549928454072673,0.11077744260125022,0.1087116003036499,0.09700881071728004,0.10151852463752098,0.11320777146014682,0.10417810082435608,0.08716970162806005,0.09611344071342869,0.11169636986188877,0.10740186274051666,0.0692420895378806,0.10747880564921958,0.11075611438139199,0.10238172113895416,0.1092985814273126,0.1149618051359635,0.10996937282397855,0.1182326152920723,0.11668342729183964,0.08717983698449235,0.09281651178925825,0.09177742898464203,0.07694557017957675,0.0816204890675923,0.09824119234868592,0.0823940560221672,0.06422621883192375,0.08663332915401821,0.09345443102539384,0.08138525485992432,0.08506030157673643
569,1,0,0.12699655708554403,0.13122100793808353,0.13516555726528168,0.11460310605326686,0.1258429625002404,0.13356279597771462,0.12800173461437225,0.11596435690863441,0.12297361340071254,0.12887188378906747,0.12794160842895508,0.1121073479841151,0.12730930227599802,0.13362318896213912,0.12985432147979736,0.11845039638605762,0.12227890736767254,0.12639519225026932,0.1255737692117691,0.1148677606409792,0.12767542024873285,0.12815831081957546,0.13512401282787323,0.11974393709874985,0.12779651750142446,0.12855498691147282,0.13476501405239105,0.12006955154040949,0.12570395569898513,0.13071055519942978,0.12910977005958557,0.11729154183794005
570,2,1,0.10584464457431697,0.09670026765539882,0.1305386871099472,0.09029497895760487,0.10153978404022562,0.09996230107401846,0.11429952085018158,0.09035753019647684,0.10563799005063501,0.09581584559879974,0.1327793002128601,0.08831882434024521,0.10592835693035647,0.10285375807163974,0.12783370912075043,0.0870976035986793,0.1004515445276127,0.09935938034536881,0.11675400286912918,0.08524125036834011,0.10958641163650622,0.09941247148233825,0.13488371670246124,0.09446304672471917,0.10723090862748245,0.10071633853002818,0.12691263854503632,0.09406374880738289,0.107080134858967,0.09948734756562208,0.11450332403182983,0.1072497329794491
571,2,1,0.062700245059865,0.06600081524412639,0.06810814142227173,0.05399177851319692,0.0630737968141575,0.06569622570183083,0.06974560767412186,0.05377955706651985,0.06417034079078217,0.06651412185308289,0.06752197444438934,0.05847492607487429,0.07037915621474279,0.06692222114589348,0.07233215868473053,0.0718830888136044,0.06731346261291059,0.06640103162001253,0.07402953505516052,0.061509821163558694,0.0544694106015969,0.056588550444545575,0.056082017719745636,0.05073766364049947,0.05740385904506536,0.06088184892579544,0.055089645087718964,0.05624008312168169,0.0618460566473882,0.06406102320783394,0.06698085367679596,0.05449629305753469
572,3,1,0.8467863247938348,0.8023787738609992,0.842415988445282,0.8955642120752231,0.8353880550930967,0.7863158922286666,0.8316348195075989,0.8882134535430242,0.8572550645436857,0.82164675804844,0.855698823928833,0.8944196116537843,0.8569500473881142,0.8049654114843147,0.8556745648384094,0.9102101658416184,0.8515120227487047,0.8360791488870901,0.8259115815162659,0.8925453378427582,0.8673038156917047,0.8399107226119847,0.8681617975234985,0.8938389269396312,0.8777036948786456,0.8426819538420975,0.8715947866439819,0.9188343441498572,0.856538458921432,0.8334022542710814,0.864208459854126,0.8720046626390887
573,1,1,0.5923843414456738,0.5689012485048597,0.5439156293869019,0.6643361464452597,0.583613634309725,0.5615445550056483,0.5366300940513611,0.6526662538721659,0.6320295972224738,0.6111826427169715,0.5938014984130859,0.6911046505373638,0.5773585456363507,0.5667676623265341,0.5482478737831116,0.6170601007994065,0.653963904790092,0.6333038986565384,0.6289346218109131,0.6996531939028248,0.5118131212806053,0.535144046509637,0.5330378413200378,0.467257476012141,0.5164214717908066,0.5403733162378955,0.5127078890800476,0.4961832100544762,0.5661888500925384,0.5897002393980081,0.5945813059806824,0.5142850048989244
574,1,1,0.7999532398072646,0.8050103960362506,0.7880356311798096,0.8068136922057335,0.8046947042188782,0.8045929913294938,0.8109086155891418,0.7985825057379989,0.7970013794126568,0.7946071233935069,0.7897980213165283,0.8065989935279351,0.8231482124534985,0.8070124053608874,0.8114455342292786,0.8509866977703294,0.795609484988051,0.7910872869249737,0.7975484132766724,0.798192754762507,0.7803012609092989,0.7623225160167668,0.7898358702659607,0.7887453964451692,0.7610066165260408,0.7450926237056745,0.7808944582939148,0.757032767578533,0.7647424703729286,0.7398499881791684,0.7409228682518005,0.813454554687817
575,2,0,0.09206232880196935,0.09200159325633897,0.08127758651971817,0.10290780662985091,0.08678438813771128,0.09011644681896452,0.08209634572267532,0.08814037187149401,0.08999740351955628,0.0857227046512416,0.08570137619972229,0.09856812970770493,0.08863266816841099,0.09267296803777013,0.0792657807469368,0.09395925572052605,0.08718176287427594,0.08757642778079457,0.08586844801902771,0.08810041282300558,0.09042940924506121,0.09041392559955609,0.08714813739061356,0.093726164745014,0.09515671825134835,0.09018521994619716,0.0908709317445755,0.10441400306327239,0.09790477713846729,0.08738104138214069,0.0922069400548935,0.11412634997836768
576,1,0,0.10521864368198681,0.10785247818956949,0.09979040175676346,0.1080130510996275,0.10526177152719662,0.10307882099692653,0.10491317510604858,0.10779331847861474,0.10886253217779422,0.10562805364801135,0.10901089012622833,0.11194865275914294,0.10681366374364354,0.10314960406010067,0.10515937954187393,0.11213200762895605,0.10729645603423084,0.10536620797996066,0.10579889267683029,0.11072426744590157,0.08298962612425355,0.08735349471782673,0.07384803891181946,0.08776734474311446,0.10046081126254114,0.10343068310262497,0.09276760369539261,0.10518414698960579,0.10322624401787073,0.10295887785291549,0.09884816408157349,0.10787169011912318
577,2,1,0.8451150394180704,0.8489692418335496,0.878140389919281,0.8082354865013808,0.8421011823199165,0.8537169288510189,0.8643526434898376,0.8082339746188928,0.8256747123275238,0.8516407928726738,0.8588289022445679,0.7665544418653293,0.8379202966404514,0.8484130443285837,0.8663540482521057,0.798993797340665,0.8351725296688056,0.8487736440606852,0.8613321185112,0.7954118264345315,0.8402534350409058,0.8548040077659078,0.8621797561645508,0.803776541192259,0.8374857149891222,0.855495748711748,0.8571823239326477,0.7997790723229705,0.8342074600921148,0.8536733016379353,0.8691469430923462,0.7798021355460627
578,0,1,0.956277560917406,0.9430421297427051,0.9535248279571533,0.9722657250523598,0.9520381369713308,0.9384574295224657,0.9459733366966248,0.971683644694902,0.9540074636921122,0.9340987350200447,0.9532371759414673,0.9746864801148247,0.9517044306923204,0.9422322796679868,0.9514542818069458,0.9614267306020285,0.9521900080835471,0.9393374761854537,0.9416261315345764,0.9756064165306113,0.9484451751097533,0.9441623542404117,0.9470146298408508,0.9541585412479977,0.9429955975854926,0.9358137746032398,0.94940185546875,0.9437711626844878,0.94631627109007,0.9416844537487797,0.9449188709259033,0.9523454885955268
579,1,0,0.6407755018345509,0.6625824018236439,0.6644172668457031,0.5953268368343058,0.6569344825063247,0.6782211003796618,0.6585236191749573,0.634058727964355,0.6390959309899278,0.6490146927779179,0.6500001549720764,0.618272945219789,0.636889880276217,0.6603919100920098,0.6316381096839905,0.6186396210526505,0.6513240857838936,0.6852761571857555,0.6398795247077942,0.628816575458131,0.713283111597011,0.7207540325385234,0.7203541994094849,0.6987411028430249,0.7290231737173594,0.7561722958905217,0.7511995434761047,0.6796976817854515,0.7448337205045835,0.7671846271031201,0.7687808871269226,0.6985356472837083
580,3,1,0.2421347768301009,0.28217709547046543,0.2022286206483841,0.24199861437145315,0.23390745938034252,0.26557316174571,0.1750849187374115,0.261064297657906,0.23212533352463435,0.2668640652252331,0.18260601162910461,0.2469059237195653,0.22781701654520523,0.27214982997535025,0.18393349647521973,0.22736772318504567,0.22540862499588687,0.2692268681402105,0.1826041340827942,0.2243948727646559,0.22034508044451903,0.2683034664873142,0.18293967843055725,0.2097920964156856,0.20789776753285863,0.2813904874235179,0.15608370304107666,0.18621911213398137,0.21851197723028637,0.2845234595306059,0.1683298796415329,0.2026825925187203
581,3,1,0.8015337660817231,0.798559214700764,0.8068208694458008,0.7992212140986048,0.811851130265001,0.8048140733678439,0.8170361518859863,0.8137031655411726,0.799642035604553,0.7933446025165753,0.8186516761779785,0.7869298281191052,0.8064138468210628,0.8067186890395336,0.8107076287269592,0.8018152226966957,0.791084470665877,0.7996517005950297,0.777825117111206,0.795776594291395,0.8144710841760624,0.8114207457203431,0.8149504661560059,0.8170420406518382,0.8086116244379756,0.7944701316937557,0.8262653946876526,0.8050993469325188,0.7971752356439676,0.8229593846183301,0.8158841729164124,0.7526821493971603
582,2,1,0.9588910184343212,0.9489061471817305,0.9568244218826294,0.970942486238604,0.9593100648209522,0.950804178981258,0.9543623924255371,0.9727636230560613,0.9620826798389253,0.9538682474024484,0.9590775370597839,0.9733022550545437,0.9623859600217365,0.950654532129255,0.95899498462677,0.9775083633091844,0.9597490449917131,0.952097401467952,0.9571256637573242,0.9700240697498633,0.9535006767776716,0.953482022733461,0.9499490857124329,0.9570709218871206,0.9488149400112422,0.9484542164390724,0.9400556087493896,0.9579349948452647,0.9496493533062645,0.951434435770237,0.9377303123474121,0.9597833118011443
583,2,0,0.08172152249647378,0.07668837168366048,0.08975532650947571,0.07872086929628513,0.08513989256008107,0.07814173749018821,0.09290836751461029,0.08436957267544472,0.08331406109289821,0.08232567510672588,0.09017777442932129,0.07743873374264745,0.08639313928134461,0.07902392282010343,0.09666110575199127,0.08349438927193913,0.08532034395075593,0.08111422628487953,0.08798311650753021,0.08686368905985803,0.0714254995757135,0.07055831656039821,0.07572424411773682,0.06799393804900546,0.07630671212802968,0.07833387375613855,0.07042624801397324,0.08016001461397725,0.07850511314011495,0.07752202834321589,0.07845290750265121,0.07954040357447775
584,2,0,0.6066309925050765,0.6310801020294875,0.6460803747177124,0.5427325007680297,0.6192295170877128,0.6187002043483486,0.6609966158866882,0.5779917310281015,0.5801320521862671,0.6021425447279289,0.6386030316352844,0.4996505801955879,0.6037680601111478,0.6235536711843594,0.6425049901008606,0.5452455190482235,0.5694987307767051,0.5988949047630256,0.6290021538734436,0.4805991336936461,0.5896973808148028,0.634183368011142,0.6517881155014038,0.4831206589318628,0.5725610970657642,0.6103514357694763,0.6414920687675476,0.4658397866602687,0.5592298384204094,0.5730979918797581,0.6175807118415833,0.48701081153988673
585,1,0,0.12685419495163128,0.13391433651707307,0.12843455374240875,0.11821369459541199,0.13043669775853403,0.1344001541724402,0.1262279450893402,0.1306819940138216,0.1282805783250777,0.13151730881996143,0.1326199769973755,0.12070444915789619,0.13273215773892913,0.13687396110403297,0.13283208012580872,0.12849043198694576,0.1188135353344036,0.1267031312260806,0.10923337191343307,0.12050410286369717,0.12455186903268307,0.12446866711166828,0.12737447023391724,0.12181246975246376,0.13052139737221846,0.12770004436990437,0.13634078204631805,0.127523365700433,0.1223760104313119,0.12845443095004927,0.11139276623725891,0.12728083410662752
586,3,1,0.9713780691034329,0.9573437724892029,0.9689812064170837,0.9878092284040122,0.9711503887912397,0.9579561079007712,0.9699632525444031,0.9855318059285447,0.9733088031871114,0.9590865559231733,0.9729635715484619,0.9878762820896992,0.9723146194515172,0.9569833896918538,0.9697391390800476,0.9902213295826504,0.9724845788191293,0.9612111019062808,0.9690096378326416,0.9872329967184656,0.9730016096883874,0.958179175804094,0.9704775214195251,0.9903481318415432,0.966381144308324,0.956304114065295,0.9612730741500854,0.9815662447095915,0.9679148204855451,0.9586369570283596,0.9641302227973938,0.9809772816308817
587,1,0,0.11766675523566561,0.10589740097563935,0.11255097389221191,0.13455189083914554,0.11281611880760828,0.10330143230533906,0.10855643451213837,0.1265904896053474,0.1123434456211793,0.1090444908646492,0.10995300114154816,0.11803284485734057,0.10852780717821386,0.10391185560955442,0.10723576694726944,0.11443579897781778,0.1097050688968534,0.10891479524506488,0.10222502797842026,0.11797538346707509,0.11556233884789986,0.10948335431876483,0.10990148782730103,0.12730217439763378,0.11175750812010439,0.10419936269021202,0.11288054287433624,0.11819261879576494,0.10654492828545341,0.10267203967111035,0.10488869249820709,0.11207405268704279
588,0,1,0.1486639682630484,0.15927514022196088,0.11472272127866745,0.17199404328851683,0.14918338811786128,0.17380716426814175,0.12694337964057922,0.14679962044486286,0.1578333435758277,0.1542117754814833,0.15192179381847382,0.167366461427526,0.15206051619208408,0.1577282372439389,0.12340199202299118,0.1750513193093222,0.15997552372222154,0.14950665890429374,0.15680377185344696,0.17361614040892398,0.12971438057337972,0.13785562385863812,0.11231698840856552,0.13897052945293553,0.12889966199204864,0.12542074249007448,0.10665848851203918,0.1546197549740323,0.12588873145369545,0.12150518295169258,0.10474683344364166,0.1514141779657521
589,3,0,0.08262037387250587,0.08425684924125944,0.068262979388237,0.09534129298802117,0.08019603672903343,0.08405190052487561,0.07111980020999908,0.08541640945222559,0.08153438854653132,0.0849590377657361,0.07446561753749847,0.08517851033635938,0.08086810763959146,0.08391478788710197,0.06897691637277603,0.08971261865889638,0.08257437514485134,0.08622438698669702,0.07506386190652847,0.08643487654132856,0.08279822103295947,0.08412693614838586,0.07339784502983093,0.09086988192066163,0.0821668273972017,0.08393366943943992,0.07272310554981232,0.08984370720235285,0.08063100654187853,0.08287312520000566,0.07139909267425537,0.08762080175137454
590,2,0,0.10088850050447999,0.09986031216089102,0.10485385358333588,0.09795133576921303,0.09858651895816765,0.09789220593431452,0.09701578319072723,0.1008515677494612,0.09867900755597055,0.096532624637944,0.10273747891187668,0.09676691911809097,0.09847636814993162,0.09785121128331449,0.1015048548579216,0.09607303830855878,0.09602850538364645,0.09566436785036787,0.09592834860086441,0.09649279969970709,0.10443134556999158,0.10129072823997753,0.11093422025442123,0.10106908821557599,0.10223582422958159,0.09835032815226051,0.10226757824420929,0.10608956629227494,0.09915757238192206,0.09587306165288578,0.1002190113067627,0.10138064418611772
591,4,0,0.24208449108008226,0.3158379902923921,0.10332939773797989,0.3070860852098748,0.30172990943845646,0.45179609501095547,0.10542204231023788,0.347971590994176,0.2827357212239072,0.38684848056334403,0.10646647959947586,0.3548922035089017,0.26807803415238113,0.35041670652883183,0.09805665165185928,0.3557607442764523,0.2698960071597824,0.43937250706185904,0.11004049330949783,0.26027502110799033,0.2694574170765945,0.3705727425986241,0.10200373083353043,0.33579577779762887,0.2775528363177518,0.3458393200212867,0.0998755693435669,0.3869436195884018,0.2647987624950065,0.40440247522126793,0.09230968356132507,0.29768412870242644
592,3,1,0.9088996133569381,0.8931821316092569,0.8884013295173645,0.9451153789441932,0.9050127964377922,0.884698560565989,0.8955090641975403,0.9348307645498471,0.9098360672014268,0.883231066555824,0.8959416151046753,0.9503355199437813,0.9174456869120321,0.8935113051618623,0.9120153784751892,0.9468103770990451,0.8929227526272968,0.882729748235769,0.8623731732368469,0.9336653364092744,0.9170919344359643,0.904366095320841,0.9071976542472839,0.939712053739768,0.9271515268079144,0.90102744008893,0.9243469834327698,0.9560801569020432,0.9050583378556111,0.8757750593604496,0.8979701995849609,0.9414297546214225
593,4,0,0.08594141434189444,0.0909484507666811,0.08536829054355621,0.081507501715446,0.0854034243012786,0.09266464593427634,0.0848674476146698,0.07867817935488966,0.08423650558138808,0.0928618318788972,0.08603054285049438,0.0738171420147727,0.08474835163133497,0.09207593322948841,0.07897059619426727,0.0831985254702492,0.08162399881898565,0.09515789606091123,0.08265260607004166,0.06706149432600404,0.08478868532049604,0.0911618108084295,0.0862436294555664,0.07696061569749221,0.08383458660345673,0.08793256216932331,0.08870163559913635,0.07486956204191053,0.08122061804331294,0.09418161617615385,0.07963389903306961,0.06984633892071537
594,3,0,0.7073173125275302,0.7126551410754356,0.6981464624404907,0.7111503340666641,0.719614957467511,0.7108586064091872,0.7164233326911926,0.7315629333021532,0.7120162982592811,0.7110322194088532,0.7135702967643738,0.7114463786046166,0.703607518957943,0.7111252582277212,0.7189477682113647,0.6807495304347431,0.706243069065906,0.7136542774378197,0.6982601284980774,0.7068148012618205,0.7062610947303162,0.712317564345952,0.7160319685935974,0.6904337512513996,0.7043509358818388,0.7182595103700243,0.7085489630699158,0.6862443342055765,0.716850214615247,0.7199516384244519,0.7108315229415894,0.7197674824796996
595,1,0,0.09870754942173295,0.10150098831206822,0.07916341722011566,0.11545824273301498,0.10288048844433524,0.10218424178148505,0.07706166803836823,0.12939555551315243,0.09686761976503412,0.10205852462558007,0.07958926260471344,0.10895507206480888,0.10172650605560986,0.10216129184918885,0.07924554497003555,0.1237726813476052,0.09695331968058157,0.10237713951282318,0.07458308339118958,0.11389973613773195,0.09853415180469423,0.10156715688623368,0.07357513904571533,0.12046015948213368,0.09689792914701528,0.09866135098021216,0.07904943078756332,0.11298300567327034,0.10093552337327356,0.09390082980619363,0.07752086222171783,0.13138487809190927
596,4,0,0.07506075239802783,0.0920295521322003,0.08208981156349182,0.05106289349839132,0.07609186842609517,0.0927015890022562,0.08257941156625748,0.05299460470977184,0.07051014141638003,0.09052001974337924,0.07549776136875153,0.04551264313700928,0.0750031971199213,0.09310536795883231,0.08002530783414841,0.05187891556678316,0.08042353505882117,0.09403203596418065,0.0863356664776802,0.06090290273460271,0.0644990033566208,0.08117987302492276,0.06838317960500717,0.0439339574399325,0.06002566443102115,0.07636697262033776,0.06472694873809814,0.03898307193462755,0.05934773574436767,0.07223588212327726,0.06975789368152618,0.0360494314282996
597,1,1,0.9180627586225872,0.9267762157996251,0.9314542412757874,0.895957818792349,0.9274677653455458,0.9263940176975356,0.9343537092208862,0.9216555691182154,0.9276621970137482,0.9266219304696075,0.9359766244888306,0.9203880360828066,0.9358160280702674,0.923959638009006,0.932878851890564,0.9506095943112324,0.9231229036227746,0.9277934794347925,0.934670627117157,0.9069046043163743,0.9182947292697848,0.9266250715840865,0.9329734444618225,0.8952856717634454,0.9287114222909384,0.9306332110415667,0.9352778196334839,0.9202232361977642,0.9327585177205053,0.9275562382906354,0.9390618205070496,0.931657494363831
598,2,0,0.05283053543538535,0.06317074620309293,0.04810434952378273,0.0472165105792804,0.04742308655262709,0.060188736515284676,0.0438261516392231,0.03825437150337353,0.05607609018642893,0.06196900577171609,0.05207768827676773,0.05418157651080299,0.05484194472929904,0.06168695260626092,0.049002788960933685,0.05383609262070252,0.04989082439560013,0.06414792134331905,0.046631667762994766,0.03889288408048656,0.06775731733183034,0.09363297733362268,0.04221654683351517,0.06742242782835318,0.05449951774231273,0.07217454296244513,0.046380989253520966,0.04494302101097207,0.05066371293840347,0.07867984849247406,0.04154475778341293,0.03176653253932344
599,4,0,0.12082197229380227,0.11665211808799979,0.13154390454292297,0.11426989425048406,0.11674291455375363,0.11710412201995893,0.12966954708099365,0.10345507456030828,0.11968524271301556,0.11384647261903359,0.13062359392642975,0.11458566159358334,0.12023817588776005,0.11795694923633245,0.1246403232216835,0.11811725520526423,0.11973611610146752,0.11668463996566272,0.13428178429603577,0.1082419240427041,0.09854912119551656,0.10556256774762417,0.09509174525737762,0.09499305058154789,0.09121784907673115,0.10791370431098676,0.08408483862876892,0.0816550042904378,0.09582890306195553,0.1041376812674562,0.09296683222055435,0.09038219569785608
600,1,1,0.4321735895936214,0.4088977533522246,0.4488932490348816,0.438729766393758,0.4386987924307058,0.4050664242116375,0.4613831341266632,0.4496468189538167,0.4114043635540278,0.3708485088134558,0.41868138313293457,0.4446831987156929,0.45100134835587546,0.4160167324007346,0.4485427439212799,0.4884445687456117,0.4301977421432685,0.3703640284808527,0.40570420026779175,0.5145249976811609,0.4204854323165466,0.35352209852316024,0.4618360996246338,0.44609809880184603,0.4428340201624055,0.351075144930856,0.49844542145729065,0.47898149409906976,0.37034805672452054,0.30025289119053106,0.3966308534145355,0.41416042556849486
601,2,1,0.904458187698261,0.9106216433069965,0.9132142663002014,0.8895386534875852,0.8953544982851082,0.909001104266481,0.9078542590141296,0.8692081315747138,0.8926277681233185,0.9124683005287778,0.915501058101654,0.8499139457395235,0.8905396212369084,0.9174644675236535,0.9055716395378113,0.8485827566492605,0.8965720656033241,0.9106855133279251,0.9084057211875916,0.8706249622944561,0.9062937262270254,0.9113156226691458,0.9203879237174988,0.8871776322944318,0.9168841539961047,0.9147615834080032,0.9300060272216797,0.9058848513586308,0.9153934680008434,0.9192436072723237,0.926673173904419,0.9002636228257878
602,4,0,0.09955098738660452,0.09962528495367212,0.098422110080719,0.10060556712542246,0.09666663895188317,0.09881471461843498,0.09497765451669693,0.09620754772051762,0.10072456844249039,0.09779093391099611,0.09873013198375702,0.10565263943271805,0.09964927398366823,0.10094544463102013,0.09708527475595474,0.10091710256402982,0.09649824948708834,0.09868323725992427,0.09420174360275269,0.096609767598588,0.10043250412156535,0.0991664390170357,0.10200055688619614,0.10013051646146419,0.10010052187100917,0.09857577465608365,0.09695526957511902,0.10477052138182484,0.09784847312956135,0.10095397144400403,0.09131205081939697,0.10127939712528304
603,0,0,0.18423412855004137,0.1411886734572146,0.16754138469696045,0.24397232749594908,0.17891165408061957,0.14223433453725126,0.17310358583927155,0.2213970418653359,0.17157232354164986,0.1470823033224309,0.1671202927827835,0.2005143745197352,0.18329312108813756,0.14066033136709313,0.17531433701515198,0.23390469488216759,0.173864091979704,0.1515078301846354,0.1700821816921234,0.20000226406235325,0.17234972955417893,0.12839481139029973,0.13610170781612396,0.2525526694561131,0.1464028281310917,0.12620466696969834,0.12421701848506927,0.1887867989385075,0.14914182702070225,0.12251671263873208,0.1264123022556305,0.19849646616774422
604,3,0,0.07319840601121538,0.07939410259237784,0.0893678143620491,0.050833301079219205,0.07472112958954269,0.07785575391005237,0.09052488207817078,0.05578275278040494,0.07685371313032707,0.07641102621641653,0.09466712176799774,0.05948299140656694,0.07609824117275399,0.08001106601253617,0.09164576977491379,0.056637887730812006,0.07587046197716167,0.07979214250029915,0.09490447491407394,0.05291476851711191,0.07533435393070366,0.07430618556595095,0.08881604671478271,0.0628808295113773,0.07279052283409199,0.07796279411902413,0.08690930157899857,0.05349947280425326,0.07684712942697418,0.07766552322557177,0.0901612862944603,0.06271457876089048
605,2,1,0.5119703208489327,0.5824877663912997,0.553528368473053,0.3998948276824453,0.5299412263842113,0.5723931769362658,0.5790621042251587,0.43836839799120925,0.5032706682806624,0.581138018470619,0.5662948489189148,0.3623791374524535,0.5292344997010078,0.5804990029990518,0.5573161840438843,0.4498883120600872,0.49664755831501034,0.5783494349020826,0.5320949554443359,0.3794982845986126,0.5125303123053963,0.5985118169321272,0.5358613133430481,0.4032178066410138,0.5192727233015724,0.5882086955325562,0.5459328889846802,0.4236765853874807,0.4940642916373665,0.5703667234051827,0.5244370698928833,0.38738908161403324
606,3,0,0.0936713289100078,0.08904275292324729,0.09829091280698776,0.09368032099978837,0.1009819623210186,0.09225624026041525,0.09931427240371704,0.11137537429892354,0.09097137861632465,0.08553582474858472,0.10461369156837463,0.08276461953201456,0.08698050008019363,0.09082589880728818,0.09808746725320816,0.07202813418008452,0.09047558832488996,0.09007445627185008,0.10254031419754028,0.07881199450527954,0.08734222495311929,0.08173390772587348,0.09715637564659119,0.08313639148689321,0.08992436886430376,0.08041940685736917,0.10216406732797623,0.08718963240756586,0.09824397976979704,0.08639126568409615,0.10563210397958755,0.10270856964570742
607,1,0,0.1260984014639732,0.12458010934134321,0.15099795162677765,0.1027171434237987,0.12841238789812545,0.12592261745100297,0.14055943489074707,0.11875511135262633,0.12530063293485902,0.12345024857609452,0.14230921864509583,0.11014243158338663,0.12398406292888776,0.12363349461538206,0.14293932914733887,0.10537936502394235,0.12740710453960544,0.12314979493654118,0.15292614698410034,0.10614537169817476,0.12663759862274118,0.12197893373431978,0.15234747529029846,0.10558638684360534,0.13132854895507148,0.12344738316379174,0.15052717924118042,0.12001108446024226,0.13355308357343243,0.12098777416649137,0.15392111241817474,0.12575036413563118
608,0,1,0.5151277351727485,0.582567683172282,0.530988872051239,0.4318266502947243,0.5215652758072359,0.5629092906019739,0.5588497519493103,0.4429367848704236,0.48741722948362604,0.5485004024138905,0.5646770000457764,0.3490742859912113,0.5071368245483986,0.5883169477759227,0.5658561587333679,0.3672373671359052,0.4839261401524608,0.5633567949956848,0.5191115736961365,0.36931005176556125,0.5162778355257461,0.5917124141711679,0.527580738067627,0.42954035433844356,0.5075290113082324,0.5757454332136464,0.5377438068389893,0.4090977938720615,0.49313839563349743,0.5770384956965868,0.5214132070541382,0.3809634841497672
609,2,1,0.9538474329709484,0.9514556429345897,0.9635302424430847,0.9465564135351708,0.9500369797359358,0.9519454715102317,0.954414963722229,0.9437505039753467,0.9518374853431313,0.9524399159417173,0.9545988440513611,0.9484736960363154,0.9544883264938614,0.9532517838104508,0.9553458094596863,0.954867386211447,0.9533966088119107,0.9490388102958222,0.9515327215194702,0.9596182946204396,0.9558342502119967,0.9532528118290621,0.9628528356552124,0.9513971031517156,0.9523026160559418,0.9526088719765313,0.9590892791748047,0.9452096970164894,0.9524589183006826,0.9529245443578096,0.9548236727714539,0.9496285377727842
610,1,1,0.9524216138039648,0.946543193763715,0.9506022930145264,0.9601193546336535,0.9523358165535801,0.9464130109883758,0.9467473030090332,0.9638471356633317,0.9499216458178298,0.944653179887175,0.9418498277664185,0.9632619297998958,0.9555706755202561,0.9456581971510484,0.9436596632003784,0.9773941662093418,0.9480564977345551,0.9412263057960142,0.9452246427536011,0.95771854465405,0.9467615481893324,0.9309991473726993,0.9489774107933044,0.9603080864019934,0.948262303851239,0.9352495579418495,0.9470415711402893,0.9624957824715781,0.9506167181492741,0.9388511344976733,0.9412052035331726,0.9717938164169763
611,3,0,0.0713741150220875,0.06517492004553743,0.058576300740242004,0.09037112428048304,0.0680159044899991,0.06596937305980365,0.056834448128938675,0.08124389228125499,0.07300112038282883,0.07517637490287321,0.05525470897555351,0.08857227727005976,0.0688458328137616,0.06529544664380178,0.05680696293711662,0.0844350888603664,0.07673649001273501,0.07571224836906362,0.06419600546360016,0.09030121620554127,0.05907033894009251,0.06902210289793283,0.04872209206223488,0.059466821860109834,0.0507701786071477,0.07032925712262753,0.044870246201753616,0.03711103249706196,0.05332616895302952,0.05802364629013354,0.05016838014125824,0.05178648042769677
612,0,0,0.1103343205200376,0.1073109733491703,0.11249063163995743,0.1112013565709851,0.10908594610309498,0.1031584968341688,0.11333915591239929,0.11076018556271686,0.11367822663630793,0.10890454516057521,0.12106657773256302,0.11106355701578553,0.10974548296524293,0.10844696061344931,0.10759535431861877,0.11319413396366068,0.11250066963084332,0.11312013739676013,0.10933323204517365,0.1150486394505962,0.10840152327791082,0.1082953735644005,0.1089860200881958,0.1079231761811362,0.11372687166097743,0.10942715700817593,0.11959044635295868,0.11216301162179765,0.10905019366439495,0.10464455686238225,0.11566437780857086,0.10684164632223171
613,2,1,0.6824538523179543,0.6936642612470452,0.7049382925033569,0.6487590032034611,0.6985306580914128,0.7038507646148403,0.7297148108482361,0.662026398811162,0.6946899391930578,0.6913051248050749,0.7116056084632874,0.6811590843108107,0.6988818719695619,0.6965220888661378,0.7272489070892334,0.6728746199533142,0.6952333633744786,0.6931923676760102,0.7193247079849243,0.6731830144625014,0.6866258253290782,0.7043183165337955,0.7142004370689392,0.6413587223845,0.6751154917365273,0.6971475443606555,0.7087975144386292,0.6194014164102974,0.6845967119934148,0.7003114963002456,0.6983287334442139,0.6551499062357846
614,1,0,0.12611027300053898,0.12413316114667447,0.13257849216461182,0.12161916569033061,0.12369071986155278,0.12683142607964576,0.1267334669828415,0.11750726652217111,0.12156224109155318,0.12559907403535037,0.12984010577201843,0.10924754346729074,0.12739460581601808,0.12691203644749782,0.13163115084171295,0.12364063015884348,0.12141128265765684,0.12320720385683831,0.1214280053973198,0.1195986387188124,0.12041730755063662,0.11706084140791619,0.1284599006175995,0.11573118062639418,0.1212687557879537,0.11776582505012688,0.1260252445936203,0.12001519772011386,0.11890987314956421,0.12243401806700106,0.11550656706094742,0.11878903432074417
615,0,0,0.10771326105124769,0.10162688632883654,0.12213052064180374,0.0993823761831028,0.1164182282357909,0.1047366155610363,0.1375509798526764,0.10696708929366001,0.10992531570417147,0.10162749587103692,0.1265122890472412,0.10163616219423625,0.1091233650775388,0.1016117348618215,0.1227012574672699,0.10305710290352499,0.10874844434186015,0.10465429070481962,0.11778285354375839,0.1038081887770024,0.10850316243262147,0.10115857130905191,0.11412910372018814,0.1102218122686243,0.10836510461301709,0.1006530147159189,0.11832180619239807,0.10612049293073429,0.11756570215352426,0.10110815256982886,0.1287914663553238,0.12279748753542015
616,4,1,0.8922793907291284,0.8911490541614175,0.893240749835968,0.8924483681899996,0.8847759870838282,0.8977743862016995,0.8864119052886963,0.8701416697610885,0.8797016162391147,0.8939234376917456,0.889441728591919,0.8557396824336798,0.8943370826358699,0.8911650658948147,0.8906407952308655,0.9012053867819295,0.8871295974614704,0.899002948678696,0.8848316073417664,0.8775542363639489,0.8703512380955573,0.857116819992476,0.8823270797729492,0.8716098145212464,0.8909635241513701,0.877294013297251,0.9051554799079895,0.8904410792488702,0.8848138382152796,0.876941768775136,0.8797169923782349,0.8977827534924677
617,2,0,0.042633727241484405,0.05235680700867228,0.04730905964970589,0.028235315066075038,0.03980465228655924,0.054550552634022864,0.04593266546726227,0.018930738758392567,0.04041890526250574,0.054913811520642015,0.044243983924388885,0.022098920342486325,0.04185070799433624,0.054614743779345776,0.043731510639190674,0.027205869564472258,0.04012803020154944,0.0559231441589299,0.04249678552150726,0.021964160924211145,0.04151535259664851,0.05521073210668759,0.04609179496765137,0.02324353071560656,0.03768388110415508,0.05619217594364621,0.03461723029613495,0.022242237072684093,0.03929912033448361,0.06136393869817715,0.03308647498488426,0.023446947320389426
618,0,0,0.5729853401804196,0.6123330029773618,0.5501801371574402,0.5564428804064567,0.5910761912218998,0.6295541376056205,0.5664446949958801,0.577229741064199,0.5898128606261949,0.6085491071869973,0.5595073699951172,0.60138210469647,0.5886572050519637,0.6071144718507758,0.5601024031639099,0.5987547401412052,0.5983004761289011,0.6094639840977684,0.5790935158729553,0.6063439284159794,0.5109225696002723,0.5011039844674835,0.5009504556655884,0.530713268667745,0.48426080899152146,0.49633097164908163,0.4798755347728729,0.4765759205526099,0.4972995248481559,0.5213856462126999,0.5168771743774414,0.45363575395432654
619,1,1,0.9533757495988402,0.9518797935046995,0.9589623212814331,0.949285134010388,0.9585138173847089,0.9511456450457052,0.9585729241371155,0.9658228829713061,0.9651762515287654,0.9561363513792456,0.9632465839385986,0.9761458192684522,0.9643131399358579,0.9534794290959473,0.9612821936607361,0.9781777970508904,0.9580174150652944,0.9492025083966374,0.9588122367858887,0.9660375000133568,0.9659653285807259,0.9558374363354125,0.9676055312156677,0.9744530181910978,0.9636556141669869,0.956695129456874,0.9604626893997192,0.9738090236443674,0.9636548290540174,0.9516237814122143,0.963913083076477,0.9754276226733611
620,2,0,0.09512540502484634,0.09988745724977481,0.07637003809213638,0.10911871973262785,0.11900972320904157,0.10742906176780385,0.12422464787960052,0.1253754599797203,0.09971453762694256,0.09584356295675951,0.08301817625761032,0.1202818736664579,0.10205327295574244,0.09957824237175002,0.08363167941570282,0.12294989707977447,0.1084781039821505,0.10198553547980986,0.11385191231966019,0.10959686414698144,0.10416537256951937,0.10016194211995977,0.090412937104702,0.12192123848389638,0.10725007357559908,0.09833146980990984,0.09085270762443542,0.13256604329245197,0.11562532478338805,0.09839824258310466,0.11183801293373108,0.13663971883332846
621,1,0,0.1401511609124992,0.1372344934645247,0.14023682475090027,0.14298216452207266,0.15596954566962914,0.14396810830873683,0.1638282984495163,0.16011223025063423,0.12576343420704625,0.13512042790640014,0.13116797804832458,0.1110018966664141,0.1308567551397701,0.13688121952015186,0.13376572728157043,0.12192331861758805,0.15213924769877155,0.13642427966189177,0.1794273555278778,0.14056610790654506,0.20584196481092384,0.21968164839146778,0.22857442498207092,0.16926982105923286,0.24092894169786597,0.22186080920677165,0.2634508013725281,0.23747521451429823,0.23699353132253395,0.1981025395202446,0.3221381604671478,0.19073989398020938
622,2,1,0.35395106503107304,0.32436262304131047,0.38140320777893066,0.35608736427297805,0.3506190989401239,0.32551712515169823,0.3857212960720062,0.3406188755966673,0.4406923378020244,0.3855871837527981,0.4362778663635254,0.5002119632897496,0.3516506836716243,0.3233872482987004,0.3877612352371216,0.34380356747905083,0.44350050866838114,0.3714116889213023,0.4349345862865448,0.5241552507972963,0.34029440995808935,0.3022903783574711,0.38675400614738464,0.33183884536941227,0.3490936405657283,0.33997847750039323,0.37584343552589417,0.33145900867089734,0.4028956603570859,0.3697632889945477,0.4207855761051178,0.4181381159715921
623,1,1,0.10223292354514585,0.10037922062884622,0.07634682953357697,0.12997272047301436,0.1109756176470336,0.10015832281381047,0.08311798423528671,0.14965054589200358,0.10425144487447431,0.10390466573993448,0.082474485039711,0.12637518384377747,0.09786039663778773,0.09557235524110827,0.08408007770776749,0.11392875696448741,0.09999538685005177,0.09971619839693602,0.08879613876342773,0.11147382338979157,0.15147457928373328,0.1504870115108271,0.13578294217586517,0.16815378416450757,0.1641859279877419,0.1492033423309499,0.141533762216568,0.20182067941570783,0.14761439982927813,0.1572034703237,0.13442862033843994,0.1512111088256945
624,4,0,0.10092510256055616,0.09962528495367212,0.10019849985837936,0.10295152286961698,0.10220555241024176,0.09881471461843498,0.10200951248407364,0.10579243012821667,0.10429425027965995,0.09779093391099611,0.10527166724205017,0.10982014968593362,0.10212690087964076,0.10094544463102013,0.10395478457212448,0.10148047343577765,0.10123220111745597,0.09868323725992427,0.10029071569442749,0.10472265039801618,0.08795282502606099,0.09311827684906739,0.07883163541555405,0.09190856281356151,0.08741808790476628,0.09857577465608365,0.08754388242959976,0.07613460662861543,0.0929868981109514,0.0985877572209463,0.08640235662460327,0.09397058048730458
625,1,0,0.10641731808926237,0.10828079483997408,0.09871858358383179,0.11225257584398125,0.10456725655582748,0.10559503191846445,0.09963670372962952,0.10847003401938847,0.10883952590898306,0.10521476830288355,0.10495155304670334,0.11635225637736228,0.10760678099799842,0.10760555089959017,0.10473267734050751,0.11048211475389759,0.10198069430235751,0.10498025691707213,0.09348095208406448,0.10748087390593593,0.09182500107115721,0.09316283967909769,0.08963733166456223,0.09267483186981168,0.10601713357190738,0.1036615422852854,0.09945206344127655,0.11493779498916017,0.10916652006084183,0.10172966101956878,0.09751001000404358,0.12825988915891318
626,0,0,0.25005528914891434,0.2543244843149216,0.2567664682865143,0.23907491484530705,0.2413597936377322,0.24820958172323632,0.26226598024368286,0.2136038189462773,0.25139051245642935,0.24118654451835497,0.2398988902568817,0.2730861025940514,0.2421379880558129,0.2518259938613703,0.26301446557044983,0.21157350473561864,0.2504177864721531,0.25733355794097174,0.23004814982414246,0.2638716516513453,0.24857942001370992,0.24310922589398296,0.24343279004096985,0.25919624410617687,0.26092876042523716,0.302129245043083,0.2681184709072113,0.21253856532541712,0.24824565489790315,0.2715113219053785,0.238982692360878,0.2342429504274529
627,0,0,0.1308912271512657,0.11206292367996057,0.14949797093868256,0.13111278683515398,0.1283613260089939,0.11862357563272999,0.15051037073135376,0.11595003166289797,0.12482829406865685,0.11179414278573965,0.1488792598247528,0.11381147959547808,0.12389149753478483,0.11375784698205989,0.1487765908241272,0.10914005479816741,0.12095235705388818,0.11781589827924151,0.11590611934661865,0.12913505353580437,0.11521917833082213,0.10774572140436328,0.12528546154499054,0.11262635204311254,0.12609004661329196,0.10054465176533095,0.14614544808864594,0.13158003998589896,0.11849728366348611,0.115250147962337,0.12834329903125763,0.11189840399686367
628,0,1,0.9623465380873083,0.9531151879398007,0.9518322348594666,0.982092191462658,0.9610717052465247,0.9501991539130612,0.9506586194038391,0.9823573424226739,0.9656129841114343,0.955818429980226,0.9574977159500122,0.9835228064040646,0.9628551297073554,0.9540036738171026,0.9541915655136108,0.9803701497913528,0.9637783307845741,0.9533229943243469,0.9564136862754822,0.9815983117538936,0.9639532679729852,0.9496321859041986,0.9604274034500122,0.9818002145647446,0.970768737200758,0.9567320332028407,0.968695342540741,0.9868788358586924,0.9706407594822526,0.956747590982835,0.9676562547683716,0.9875184326955511
629,0,0,0.09621576197466818,0.09619220301727224,0.0950937569141388,0.09736132599259348,0.09979391481626186,0.1007481531117715,0.1016971692442894,0.0969364220927247,0.09884320364059562,0.09761098411298101,0.09864822775125504,0.10027039905755084,0.09701571439004479,0.09600476458813269,0.09790946543216705,0.09713291314983466,0.10111605096639571,0.1017017250727227,0.10082025080919266,0.1008261770172718,0.10359805033258028,0.10117865553351676,0.0994250550866127,0.11019044037761137,0.0987997526431433,0.09911437901778954,0.0911472737789154,0.10613760513272495,0.10142771075370176,0.09933725738225756,0.10056482255458832,0.10438105232425937
630,1,0,0.12399100614316416,0.12413316114667447,0.1305282711982727,0.11731158608454528,0.12257033062463761,0.12683142607964576,0.1267334669828415,0.11414609881142557,0.12117776364903472,0.12559907403535037,0.12782344222068787,0.11011077469106595,0.1267301133678471,0.12691203644749782,0.1296376734972,0.12364063015884348,0.11994824830938788,0.12320720385683831,0.1214280053973198,0.11520953567400558,0.12041730755063662,0.11706084140791619,0.1284599006175995,0.11573118062639418,0.12062010575765864,0.11776582505012688,0.12407929450273514,0.12001519772011386,0.1197894192722949,0.12243401806700106,0.11550656706094742,0.12142767268893621
631,3,1,0.17683294497120497,0.14999689800161464,0.26692867279052734,0.11357326412147294,0.18467192120332632,0.1599165549679066,0.26180702447891235,0.13229218416316,0.20272541310436723,0.1789368610711656,0.2544437050819397,0.17479567315999645,0.1935611004760854,0.1518129112431887,0.27623119950294495,0.1526391906821226,0.18566624230054843,0.177574435774534,0.25465068221092224,0.12477360891618909,0.18472143678068287,0.16469594972102414,0.2545095682144165,0.13495879240660796,0.1939334593529459,0.17675821237694314,0.25132885575294495,0.15371330992894963,0.18291096699884277,0.18332794271483074,0.246935173869133,0.11846978441256452
632,1,0,0.06774318746013495,0.07564159106783981,0.06110334023833275,0.0664846310742323,0.06844965237662705,0.07684588303153002,0.06484487652778625,0.06365819757056489,0.07057462415340515,0.07796831189271573,0.061011530458927155,0.07274403010857257,0.06625150708819076,0.07568453675258195,0.062289606779813766,0.060780377732176566,0.0653347717985147,0.07530159521638949,0.062206659466028214,0.05849606071312637,0.06983043533081258,0.07789397144830042,0.06352603435516357,0.06807130018897377,0.06863914655376702,0.07625055949610475,0.06389138847589493,0.06577549168930136,0.06634424308646794,0.07388419373251291,0.06621609628200531,0.058932439244885594
633,1,1,0.5910405579090529,0.5636672838146106,0.6198076605796814,0.5896467293328667,0.580148300518685,0.5661530524415794,0.6439328193664551,0.5303590297480207,0.5704166205889013,0.5025823374525615,0.6283271908760071,0.5803403334381351,0.5772703238624394,0.5579038728885741,0.6096033453941345,0.5643037533046092,0.5389144327400848,0.5205492113128025,0.6266618371009827,0.46953224980646924,0.5714270737165481,0.5361691612646056,0.6341431140899658,0.5439689457950729,0.594317618805257,0.567537299534533,0.5979939103126526,0.6174216465685857,0.5176640901310683,0.5277129944856408,0.5537511706352234,0.4715281052723407
634,4,0,0.06069977743818214,0.07054561070052354,0.04574333503842354,0.06581038657559934,0.059237865489461326,0.07017255738463518,0.04557831212878227,0.06196272695496653,0.06154991731915357,0.07751921748812095,0.04314059019088745,0.0639899442784523,0.0558894729917585,0.06635956822267296,0.03930005803704262,0.06200879271555992,0.05923812023393899,0.08155632643615413,0.04217024892568588,0.05398778533997698,0.06472785104370653,0.07660989524953923,0.04942094907164574,0.06815270880993463,0.06792135687691013,0.08041857903418964,0.04863903671503067,0.07470645488151009,0.06504403014977655,0.0848469799114761,0.05442236736416817,0.05586274317368538
635,3,0,0.055177867305238354,0.06752360265846613,0.05307943746447563,0.0449305617927733,0.05678624065225538,0.0644328262727501,0.05001942813396454,0.05590646755005152,0.058470990731175086,0.06793339410155039,0.049388013780117035,0.05809156431185782,0.05591072249413607,0.06616377963657101,0.047644685953855515,0.053923701891981694,0.0599444425990617,0.06744669283720431,0.05808055028319359,0.05430608467678717,0.054318040305372815,0.06584323957109726,0.05091631039977074,0.046194570945250424,0.05467098273949938,0.07064491568309438,0.04948480427265167,0.04388322826275208,0.05327896530408751,0.06731677975662519,0.045972660183906555,0.04654745597173078
636,1,1,0.829390074908816,0.8598769045136443,0.8395732641220093,0.7887200560907944,0.8407689932628891,0.8608146262336938,0.8411206603050232,0.8203716932499505,0.8290433072453784,0.8600286620577102,0.8410467505455017,0.7860545091329234,0.8309584079194187,0.8632383572144222,0.8375552892684937,0.7920815772753403,0.8323206339629543,0.8581597543539495,0.8522245287895203,0.7865776187453929,0.8274642743503019,0.8615637697121006,0.8345112204551697,0.7863178328836355,0.8292222934347949,0.8529095331120873,0.849473774433136,0.7852835727591617,0.8232256352311748,0.8537021590710112,0.8494564890861511,0.7665182575363619
637,2,0,0.33014119032129247,0.4446284612681691,0.16283279657363892,0.38296231312206935,0.3350081634236178,0.4735792094387829,0.16826127469539642,0.363184006136674,0.3208563350554882,0.4366594407889594,0.152800515294075,0.3731090490834301,0.32254247380564555,0.40805239302554136,0.16923746466636658,0.39033756372502876,0.34634479749999364,0.4427147063192765,0.1598423570394516,0.4364773291412529,0.32767377822898003,0.4168174480031236,0.1662013679742813,0.4000025187095351,0.3238956867276506,0.4298132981490117,0.1623772829771042,0.3794964790568361,0.3077165080510281,0.3893521836448078,0.15586642920970917,0.3779309112985675
638,0,0,0.19077143674871866,0.18262553923098945,0.20856061577796936,0.18112815523719716,0.2002906753514623,0.1849955615814091,0.200048565864563,0.21582789860841495,0.16769437063947934,0.17011033939152526,0.1861942708492279,0.1467785016776848,0.19042194894047007,0.19891723878589784,0.1923799365758896,0.17996867145962275,0.18677134007556784,0.17081348504884092,0.20098979771137238,0.18851073746649025,0.181607454868008,0.18421993702825779,0.20597413182258606,0.1546282957531802,0.20831900877753348,0.21394622610428743,0.21469078958034515,0.1963200106479678,0.22298857910044592,0.2129961838123996,0.22653663158416748,0.22943292190477077
639,0,0,0.0512110184336361,0.059283736475333824,0.04647330567240715,0.04787601315316732,0.04571661004891547,0.049347592622750784,0.040984537452459335,0.04681770007153627,0.05310098186041387,0.04774621661410761,0.04589448496699333,0.06566224400014067,0.05033163252917413,0.05381407826552003,0.042743146419525146,0.05443767290247718,0.046963741479987754,0.05370760631238979,0.04323233291506767,0.0439512852125058,0.04684147322470313,0.04285659264913864,0.03848365321755409,0.059184173807416675,0.04202932191514797,0.0489009275024684,0.03914916142821312,0.0380378768147624,0.04372829520242583,0.05036190842943694,0.03894545137882233,0.04187752579901824
640,2,0,0.11470721998914142,0.10801635065259861,0.10727299004793167,0.128832319266894,0.1126411412165907,0.10691067212571684,0.09821993857622147,0.1327928129478338,0.10794295873098692,0.11199028456266331,0.10275512933731079,0.10908346229298664,0.10980845803304247,0.10985852883640097,0.10118422657251358,0.11838261869021288,0.10837919551284747,0.11087417943724096,0.10235028713941574,0.11191311996188572,0.11783200672417098,0.1090886162309889,0.1092437133193016,0.13516369062222242,0.1344487391339663,0.13582667218779848,0.14012736082077026,0.1273921843933302,0.13604780138986705,0.13622729955340862,0.12768544256687164,0.14423066204932092
641,3,0,0.1049552457423137,0.10637041430659135,0.10466018319129944,0.10383513972905035,0.1046763106285928,0.10766651246182703,0.11348342150449753,0.09287899791945387,0.104784386686052,0.10513655468255058,0.1143307015299797,0.09488590384562572,0.10625233525444015,0.10625111424086088,0.11586764454841614,0.09663824697404345,0.10204490876878763,0.10533864521359527,0.10993248969316483,0.09086359139960282,0.1006210969229519,0.09853451316744186,0.1085711121559143,0.09475766544549956,0.0993636483339984,0.10138714235878812,0.1069280356168747,0.08977576702633237,0.09715707486379775,0.10487022422786776,0.10997126251459122,0.07662973784893426
642,0,1,0.9544584012247398,0.9439678823660228,0.9482625126838684,0.9711448086243284,0.953360395743397,0.9373485963962926,0.950812816619873,0.9719197742140254,0.9511943128737096,0.9410472466819645,0.944290041923523,0.9682456500156411,0.9565041826289383,0.9457172732244834,0.948019802570343,0.9757754720919884,0.9529237728364648,0.9368241595184315,0.9542310833930969,0.967716075597866,0.9588038088347527,0.9426740746778937,0.9606399536132812,0.9730973982130834,0.9536072705587882,0.9340687238718314,0.9575181603431702,0.9692349274613636,0.9526537673780902,0.9358161693075301,0.9532493948936462,0.9688957379330941
643,3,0,0.06395068407552082,0.07442489811388474,0.06787679344415665,0.049550360668521067,0.06757499839715307,0.071023597195394,0.06770191341638565,0.06399948457967958,0.07193304249703553,0.07732089674638279,0.06325368583202362,0.07522454491270017,0.06806041027936373,0.07295180581943383,0.06824884563684464,0.0629805793818127,0.0730682041842648,0.08096279281291864,0.07622230798006058,0.062019511759815196,0.0649314307440056,0.07050601601550231,0.06759013235569,0.05669814386082447,0.06376134790664491,0.07483580134765147,0.06423990428447723,0.052208338087806026,0.06334157831588964,0.07610101370992219,0.06375904381275177,0.05016467742499498
644,2,1,0.29939912581076517,0.3132391825344785,0.23573586344718933,0.34922233145062775,0.275089193204957,0.2890885423095698,0.2082306146621704,0.3279484226431308,0.2937388216106014,0.311108428716717,0.23931333422660828,0.3307947018884789,0.29822261955833934,0.32053473015659656,0.2223266065120697,0.3518065220063518,0.2773312200694511,0.2728656383122931,0.23698802292346954,0.32213999897259066,0.2724016392279625,0.32399531661095055,0.2503398656845093,0.24286973538842765,0.2812781828894755,0.26988491473280124,0.2964763641357422,0.2774732697998829,0.2819936057854491,0.23316609536180052,0.3337194323539734,0.2790952896405733
645,3,1,0.9433622700434571,0.9290980502267391,0.9460157155990601,0.9549730443045724,0.9419477600304492,0.9284156357756498,0.9477248191833496,0.9497028251323484,0.9394898634810699,0.9156858546954635,0.9542585015296936,0.9485252342180526,0.9441839551446853,0.9276523833141385,0.9537349343299866,0.9511645477899312,0.9388093752608784,0.9157249210910166,0.9507131576538086,0.94999004703781,0.952057022488396,0.9378433995714661,0.9543247222900391,0.9640029456036829,0.948515431401257,0.9316104676688016,0.9456048607826233,0.9683309657523466,0.9416620744496663,0.9218474825964871,0.9404178261756897,0.9627209145768223
646,2,1,0.23209527323049964,0.31860938966950375,0.1293177455663681,0.2483586844556271,0.23899266809086991,0.31490505679528213,0.1341593861579895,0.26791356131933813,0.22735827206662126,0.2615400578087711,0.14995251595973969,0.2705822424313529,0.22294547195782966,0.3162445321673701,0.1311345398426056,0.22145734386351326,0.23891859709657423,0.28806554074758406,0.1803421527147293,0.24834809782740927,0.2362724059668423,0.2753291919878308,0.12596942484378815,0.30751860106890794,0.24320675925509158,0.3410038258695994,0.15393483638763428,0.23468161550804104,0.24050789563975883,0.30712025339315924,0.17509642243385315,0.2393070110922641
647,3,0,0.09140558589808688,0.08922165406298528,0.08450838178396225,0.10048672184731311,0.09080022180362864,0.09218706425052828,0.09288551658391953,0.08732808457643812,0.09054009321707185,0.09151455121031651,0.08614442497491837,0.09396130346598065,0.09240259392934318,0.08972427827598482,0.09275739639997482,0.09472610711206983,0.08908302877190961,0.08956163760602397,0.08816719800233841,0.08952025070736647,0.09654944891709488,0.09193098709498009,0.0964498445391655,0.10126751511713904,0.09425237040387231,0.09261086828293234,0.09536051005125046,0.09478573287743411,0.09544380263254137,0.09331107896154374,0.09741269797086716,0.09560763096521323
648,0,1,0.21580893723193495,0.18452048330634635,0.21507102251052856,0.24783530587892988,0.20583704939659864,0.20256768540768383,0.20334117114543915,0.2116022916366729,0.23960646231940097,0.1968190911592853,0.21565470099449158,0.3063455948044261,0.21411508870976217,0.19429340144783624,0.21224986016750336,0.23580200451394692,0.22053959846385549,0.19801503502409254,0.21005462110042572,0.2535491392670481,0.20288124180198083,0.17895949468405922,0.21545587480068207,0.2142283559212012,0.22377301696123078,0.1677185218835333,0.22650675475597382,0.27709377424418524,0.21040958972205182,0.1712116851077835,0.21461498737335205,0.2454020966850199
649,1,0,0.10327882156903494,0.10661605277477325,0.10112593322992325,0.1020944787024083,0.09492433943156471,0.10539020957732226,0.0940113365650177,0.0853714721523542,0.10224645748759875,0.10537681680620849,0.1002744734287262,0.10108808222786159,0.10194939718075306,0.1054322321327365,0.09901241213083267,0.10140354727868997,0.10109577823902212,0.10587219231701851,0.10022658109664917,0.09718856130339867,0.10411742701199662,0.10704018948699763,0.10140214115381241,0.10390995039517989,0.1016346470925427,0.10583585693110474,0.09604935348033905,0.10301873086618427,0.10317885799883429,0.10687094290790007,0.09643008559942245,0.10623554548918035
650,3,1,0.6020739511580634,0.616115948578206,0.588656485080719,0.6014494198152653,0.6119759484240983,0.6102917707601274,0.5860704183578491,0.6395656561543184,0.584644673773233,0.5870645397746839,0.5824972987174988,0.5843721828275164,0.5912663363766927,0.6117024544241457,0.5833184123039246,0.578778142402008,0.610919555402786,0.6171878244634522,0.5928985476493835,0.6226722940955224,0.573094052269271,0.5866818668675616,0.529053807258606,0.6035464826816453,0.5695227922950931,0.6190369225999462,0.5375577807426453,0.5519736735426876,0.5804586509754323,0.6284764428083139,0.5088112950325012,0.6040882150854813
651,4,0,0.09955098738660452,0.09962528495367212,0.098422110080719,0.10060556712542246,0.09666663895188317,0.09881471461843498,0.09497765451669693,0.09620754772051762,0.10072456844249039,0.09779093391099611,0.09873013198375702,0.10565263943271805,0.09964927398366823,0.10094544463102013,0.09708527475595474,0.10091710256402982,0.09649824948708834,0.09868323725992427,0.09420174360275269,0.096609767598588,0.10043250412156535,0.0991664390170357,0.10200055688619614,0.10013051646146419,0.10010052187100917,0.09857577465608365,0.09695526957511902,0.10477052138182484,0.09784847312956135,0.10095397144400403,0.09131205081939697,0.10127939712528304
652,3,1,0.9574754173528354,0.9467106574454567,0.9620159864425659,0.9636996081704835,0.9577738699830326,0.9479142046959204,0.9620057940483093,0.9634016112048681,0.9555804038170148,0.949200535666823,0.9665469527244568,0.9509937230597643,0.9559040841576824,0.9447424698540222,0.9624031186103821,0.9605666640086429,0.9545183266285443,0.9472981841896538,0.9608282446861267,0.9554285510098521,0.9554785813623097,0.9446138162808261,0.9594519138336182,0.9623700139724848,0.9520557483505016,0.9428147344129052,0.954707145690918,0.9586453649476813,0.9466925691808655,0.9396319030213706,0.9498802423477173,0.9505655621735087
653,0,0,0.08927628190639031,0.09391867121769444,0.08303248137235641,0.09087769312912009,0.08643397705285884,0.09362645481010476,0.07927218824625015,0.08640328810222161,0.09181647241723519,0.09533366316093898,0.08418017625808716,0.09593557783267945,0.09085302459627649,0.09351406537305573,0.082412488758564,0.09663251965720977,0.08738100912856418,0.09628783540185622,0.08097449690103531,0.08488069508280105,0.09336292632130672,0.09864118219617783,0.08631491661071777,0.09513268015702452,0.09583568645255862,0.0977702542890462,0.08379070460796356,0.10594610046066606,0.09449342838058611,0.09566219398579066,0.08583949506282806,0.10197859609313957
654,3,1,0.6894256190473488,0.7126551410754356,0.6938652992248535,0.661756416841757,0.6937138214163502,0.7108586064091872,0.7120372653007507,0.6582455925391123,0.7021140937146941,0.7110322194088532,0.709426999092102,0.6858830626431273,0.6951844445648295,0.7111252582277212,0.7184597849845886,0.6559682904821785,0.7016620705334785,0.7136542774378197,0.6982601284980774,0.6930718056645383,0.6939185907331478,0.712317564345952,0.7160319685935974,0.6534062392598939,0.699260087902076,0.7182595103700243,0.7165164947509766,0.6630042585852273,0.7057249803468708,0.7199516384244519,0.7108315229415894,0.686391779674571
655,4,0,0.6054735035605451,0.6636338775280205,0.5713447332382202,0.5814418999153946,0.6275846189800455,0.6579779874137375,0.5856199860572815,0.6391558834691174,0.6213744694632347,0.6733083760905257,0.5582854747772217,0.6325295575219564,0.6238095042900148,0.6626142404474515,0.5726357698440552,0.6361785025785377,0.6391455858102207,0.6674121010598021,0.5881760716438293,0.661848584727031,0.6371821783049659,0.6625797972644311,0.613724410533905,0.6352423271165616,0.6412956546034311,0.6705737097531204,0.6328985095024109,0.620414744554762,0.6518611113450743,0.6740573979156901,0.6616218090057373,0.6199041271137955
656,4,0,0.12724224066214032,0.1261128493415364,0.13931426405906677,0.11629960858581775,0.1262158610709138,0.12952853186579022,0.1331365704536438,0.11598248089330734,0.1367806641856291,0.127897795845657,0.14445707201957703,0.13798712469165328,0.12057989589080333,0.12371943034006588,0.13956166803836823,0.0984585892939759,0.14422878749936316,0.134694050368331,0.15078800916671753,0.147204302963041,0.10833514125804578,0.10806937223224718,0.12509392201900482,0.09184212952288531,0.08445330159819127,0.09723712745944428,0.08894754946231842,0.06717522787281113,0.09474763271335794,0.09432153975478613,0.09467604011297226,0.0952453182723154
657,1,0,0.10274214418262233,0.10694554713370108,0.09562119841575623,0.10565968699840966,0.09689609148670349,0.10419401980973239,0.09019093960523605,0.09630331504514204,0.10323896993228422,0.10570462579756995,0.09858791530132294,0.10542436869795978,0.10289925781819191,0.1061728439863896,0.0969819575548172,0.1055429719133689,0.0993746259832249,0.10426406785907397,0.09266670793294907,0.10119310215765166,0.10349983789610107,0.10676137973093909,0.09908777475357056,0.10465035920379358,0.10617130908975399,0.10583585693110474,0.10125638544559479,0.11142168489256243,0.1031069558846212,0.10789729350860285,0.09846925735473633,0.10295431679052443
658,3,0,0.7459713782671488,0.7444731741999031,0.7679117321968079,0.7255292284047355,0.7449920250396419,0.7424317032568654,0.7619102001190186,0.7306341717430416,0.7481482504051605,0.7548479260875445,0.7979776263237,0.6916191988042368,0.7493244421564009,0.7445201360925093,0.7899802923202515,0.713472898056442,0.7285588957638964,0.7446442456657273,0.7657475471496582,0.6752848944763037,0.7663310274769047,0.7582102542665068,0.8050326704978943,0.7357501576663132,0.785851733540047,0.7649084717569136,0.8255012035369873,0.7671455253262399,0.7766674407456046,0.7686373432168437,0.8263088464736938,0.7350561325462761
659,2,0,0.10506760951677636,0.1049714666040701,0.09071983397006989,0.11951152797618915,0.104671712673668,0.10428743272885882,0.08885491639375687,0.1208727888983883,0.10981103191935672,0.10483238772671151,0.09488602727651596,0.12971468075484271,0.11384958995755229,0.11238473732105216,0.09747080504894257,0.13169322750266216,0.09811985182189953,0.10503408459459163,0.08320276439189911,0.10612270647920782,0.11315114880785465,0.10046062713677158,0.10301433503627777,0.13597848425051462,0.11892874853366779,0.10666800607338504,0.106186643242836,0.1439315962847823,0.10398651878969527,0.10635782730563907,0.08966974914073944,0.11593197992270725
660,3,0,0.32962918154606585,0.32740412824912435,0.26486343145370483,0.39661998493536826,0.29505514957317863,0.2671719672685867,0.26499074697494507,0.3530027344760041,0.2868222838632149,0.18622404031746986,0.323952853679657,0.35028995759251785,0.30565920433660315,0.3173243489915026,0.2752041816711426,0.32444908234716435,0.2682713674576764,0.19113693206241622,0.2870849370956421,0.3265922332149708,0.31823352340508154,0.271578351078267,0.2797841429710388,0.4033380761659388,0.35154455555812075,0.2563234354381105,0.3256688714027405,0.4726413598335114,0.30973081711441874,0.1823411984238271,0.3404046893119812,0.4064465636074479
661,4,1,0.31279582060801164,0.17507919490944962,0.2635940611362457,0.49971420577833947,0.3178233023800468,0.1890307126550777,0.2882061004638672,0.4762330940211956,0.30223425068205995,0.19789065353801283,0.2649548649787903,0.4438572335293768,0.30908596379828013,0.15733698857122522,0.2701444923877716,0.4997764104358435,0.30454080915344756,0.1901374421407256,0.2768498957157135,0.44663508960390347,0.28701243357351514,0.19288921895008312,0.25107231736183167,0.4170757644086306,0.3537426657278157,0.2239507509639819,0.295510470867157,0.5417667753523082,0.33726469830448225,0.23404239443140554,0.35633549094200134,0.42141620954003994
662,3,0,0.06070244780314247,0.07228950922545054,0.06444863975048065,0.04536919443349625,0.05708950322120026,0.0718631350988567,0.06364084780216217,0.0357645267625819,0.060897467614765666,0.06957955097016527,0.0627153217792511,0.05039753009488063,0.06024614169732709,0.07221162730255776,0.06238167732954025,0.046145120459883254,0.058737248455693676,0.06925278341218492,0.06529750674962997,0.041661455205266124,0.061058233686028966,0.06943910493840448,0.06194561719894409,0.0517899789207383,0.06206072759543232,0.07374049444226838,0.06458493322134018,0.047856755122688374,0.056989158769794046,0.06802549635367265,0.0621035099029541,0.04083847005275536
663,2,0,0.15404246301922966,0.16202998278645844,0.14007671177387238,0.1600206944973582,0.16269288753141167,0.16788053918518595,0.13059012591838837,0.18960799749066073,0.18478829486119222,0.16920153966186222,0.12926889955997467,0.2558944453617398,0.17862828297290523,0.16206007855260632,0.13694004714488983,0.23688472322121956,0.17004378743742454,0.16977423757037324,0.14141741394996643,0.198939710791934,0.18963248060760815,0.17316981122492678,0.1528356671333313,0.2428919634645663,0.17810114656323917,0.1653200324207386,0.13642360270023346,0.23255980456874545,0.18753555775231168,0.18151940630870897,0.1390380710363388,0.24204919591188725
664,4,0,0.0881281552541019,0.09232660535501125,0.08412128686904907,0.0879365735382454,0.08818974561419168,0.09502673258167046,0.08248405158519745,0.08705845267570715,0.08809340885190559,0.0928618318788972,0.08456680923700333,0.08685158543981626,0.08599542524334945,0.09484344262971584,0.0782778337597847,0.08486499934054781,0.08633516275200691,0.09515789606091123,0.08308548480272293,0.08076210739238655,0.07546624159495408,0.08448088743514337,0.07051089406013489,0.07140694328958398,0.07684244195637492,0.08905997418944149,0.07506205886602402,0.06640529281365927,0.07619414599527764,0.09308403453762466,0.07244410365819931,0.063054299790009
665,2,1,0.11863426793631032,0.15782341356782661,0.09059596806764603,0.10748342217345833,0.1162175687056994,0.15990901956629072,0.08559022843837738,0.10315345811243011,0.11469365117848512,0.1553610989579836,0.08904314041137695,0.0996767141660948,0.12329721723524684,0.18744828434403157,0.08548510074615479,0.09695826661555411,0.11680630917910374,0.1684774312000918,0.08577308803796768,0.09616840829925179,0.12005396351318288,0.14854005160926165,0.09517314285039902,0.116448696079888,0.12768417284045133,0.17744640168996195,0.0971207320690155,0.1084853847623765,0.13299662248290223,0.19836076348171444,0.09470760822296143,0.10592149574403083
666,0,0,0.198969463892439,0.16043922972146868,0.2891789376735687,0.14729022428227964,0.21155471261064077,0.14525927863509513,0.3310781717300415,0.1583266874667857,0.20104440457200426,0.16658112871534098,0.30681249499320984,0.12973959000746202,0.19673233212706034,0.15247458641683828,0.2780148386955261,0.15970757126881668,0.19220038108616397,0.16115034767748176,0.2784268260002136,0.13702396958079646,0.11251522444713591,0.09327263410847196,0.14468760788440704,0.0995854313485287,0.08890652471929335,0.08365132899331879,0.10488590598106384,0.0781823391834974,0.09738529480349023,0.08174897725611492,0.13201701641082764,0.07838989074352812
667,2,0,0.11289552855097373,0.10981907378375935,0.09893425554037094,0.1299332563287909,0.11056015397141743,0.10910074108710345,0.09358751773834229,0.12899220308880657,0.11492103173280471,0.10778051284230494,0.10326968133449554,0.13371290102161365,0.12064382135823558,0.11751195287998088,0.10821771621704102,0.1362017949776848,0.10527603226963965,0.10798259611769719,0.08907036483287811,0.11877513585834364,0.11787281409089186,0.10508631333083308,0.11227604001760483,0.13625608892423766,0.1242253329054807,0.11123408318748387,0.10914921760559082,0.15229269792336741,0.1083782056438004,0.11095894379573487,0.09333067387342453,0.12084499926224178
668,4,0,0.1001638209769818,0.09962528495367212,0.09588964283466339,0.10497653514260989,0.09552237676767923,0.09881471461843498,0.09262105077505112,0.09513136490955157,0.1003312217887083,0.09779093391099611,0.09626761078834534,0.10693512066678348,0.0995373986158631,0.10094544463102013,0.09467507153749466,0.10299167967907454,0.09887867114325473,0.09868323725992427,0.09478183835744858,0.10317093781239134,0.09982635014461265,0.09822937855600379,0.09761572629213333,0.10363394558570084,0.09947693815873282,0.09857577465608365,0.09573269635438919,0.10412234346572562,0.09672441344288084,0.09879917667203592,0.08906903862953186,0.10230502502707474
669,0,0,0.09981508360019342,0.10162688632883654,0.10704643279314041,0.09077193167860334,0.10911813920439643,0.1047366155610363,0.12492795288562775,0.09768984916652526,0.11017608058259014,0.10162749587103692,0.12782365083694458,0.1010770950397889,0.10379271414130507,0.1016117348618215,0.12138873338699341,0.0883776741751003,0.108705539195062,0.10182262394280403,0.1154637560248375,0.1088302376175445,0.11125904273252911,0.10355264986982232,0.12844477593898773,0.10177970238877729,0.11155770667825234,0.10298969707837446,0.13664798438549042,0.09503543857089215,0.11221415748123638,0.10110815256982886,0.13237428665161133,0.10316003322226898
670,1,1,0.9430292919271036,0.938833343511474,0.9349080324172974,0.9553464998525395,0.9474305353922533,0.9433086127288401,0.942390501499176,0.9565924919487439,0.9397547012977864,0.9413051202830736,0.9237244725227356,0.9542345110875499,0.9410235954322573,0.9404150411427655,0.9241570830345154,0.9584986621194911,0.9473141614152317,0.9389827783115929,0.9442225098609924,0.9587371960731098,0.9470711485823098,0.9338847044418683,0.9433498978614807,0.9639788434435804,0.9474244075136982,0.938018028157127,0.9372223615646362,0.9670328328193312,0.9530287625896289,0.9413541343981635,0.9469190239906311,0.9708131293800917
671,4,1,0.8030211732695544,0.8090476469130912,0.7918628454208374,0.8081530274747345,0.8203012520804992,0.8117538080316051,0.8189944624900818,0.8301554857198107,0.8316966573010389,0.812727076275169,0.8323535323143005,0.8500093633136472,0.8292625367332717,0.8114014274458932,0.8288213014602661,0.847564881293656,0.819629307850725,0.8177226797527568,0.8266600370407104,0.8145052067587076,0.8245190127570236,0.8131813498879945,0.8344146013259888,0.8259610870570876,0.7322513043198708,0.7033652400198517,0.7656752467155457,0.727713426224215,0.7491506795932468,0.7022578004197791,0.7505753636360168,0.7946188747239444
672,2,0,0.36591640396882236,0.2857150908456594,0.3280879557132721,0.4839461653475356,0.36382980767815165,0.2922021728022358,0.2757810354232788,0.5235062148089403,0.30820138103073974,0.22594387669287397,0.2532302439212799,0.44543002247806535,0.3417428469502455,0.28747278394548886,0.2632002532482147,0.4745555036570328,0.3540027219862421,0.23560657134286953,0.28290855884552,0.5434930357703367,0.3568404293608108,0.29295616013870773,0.2897314131259918,0.48783371481773286,0.33370333651376977,0.28353062204574836,0.29516997933387756,0.4224094081616834,0.3416771624777299,0.23992223501166435,0.30324622988700867,0.4818630225345166
673,4,0,0.09899469472662292,0.09925479124712853,0.1013154685497284,0.09641382438301181,0.10968874400891311,0.10983037731200848,0.10860081017017365,0.11063504454455725,0.09797273645288473,0.10545154387873774,0.10530441999435425,0.08316224548556221,0.09968768544867379,0.09738887224452772,0.1081576719880104,0.09351651211348326,0.10449994319750507,0.09455178251501241,0.10343537479639053,0.11551267228111227,0.09807003877680982,0.1011697954891298,0.10036592185497284,0.09267439898632682,0.10082496800711287,0.09787783757617793,0.10549554228782654,0.09910152415733411,0.10186137786333092,0.10341214184868712,0.09860187023878098,0.10357012150252466
674,4,1,0.1002498403636538,0.10235925118898595,0.09550929069519043,0.102880979206785,0.1094982832328553,0.10143896999850587,0.10457548499107361,0.12248039470898642,0.10101790895252853,0.09874467720028757,0.10502734780311584,0.09928170185418217,0.10462587746962103,0.10084768343963604,0.10686659812927246,0.10616335083995458,0.10850251269254191,0.10141535786567936,0.10243769735097885,0.12165448286096751,0.10723900952151426,0.09778775048696184,0.10407420992851257,0.11985506814906832,0.10686787718095632,0.09820424406031301,0.1037529930472374,0.11864639443531856,0.10815566377041663,0.10009151127247806,0.10138300061225891,0.12299247942651295
675,1,0,0.08834938289775357,0.0871336461732345,0.09130676090717316,0.08660774161285308,0.08849394704030579,0.0801438895730379,0.10301803797483444,0.08231991357304501,0.08469115000962822,0.09014187507214984,0.08686554431915283,0.07706603063758198,0.08809122893105374,0.08673934061224974,0.09335336089134216,0.08418098528956929,0.09217702686826489,0.08865909383981353,0.09998047351837158,0.08789151324660953,0.09330508657853782,0.08895346234566098,0.10382764041423798,0.0871341569757145,0.09026430081603314,0.08544780557869217,0.09733468294143677,0.08801041392797045,0.09334574171766787,0.0908578022625352,0.09595116972923279,0.09322825316123563
676,4,0,0.10138117641843754,0.09962528495367212,0.09845727682113647,0.10606096748050406,0.1046286141588945,0.09881471461843498,0.09975982457399368,0.1153113032842548,0.10456801519113923,0.09898442582309055,0.10011523962020874,0.11460438013011841,0.10200120967580516,0.10094544463102013,0.09891071170568466,0.10614747269071066,0.10451361209091126,0.09937417429751837,0.10295400768518448,0.11121265429003094,0.10802507248822928,0.09948679773184782,0.10375244170427322,0.1208359780285668,0.10971702557602592,0.10004015903680875,0.1095476895570755,0.11956322813419351,0.11078525589153965,0.10054879137461913,0.11348757147789001,0.11831940482210981
677,1,0,0.10483927442957575,0.10886764599250001,0.100288525223732,0.10536165207249525,0.10439215413696816,0.10910418931701482,0.10242500901222229,0.10164726408166734,0.1058562706441845,0.10865250306887932,0.10234572738409042,0.10657058147958377,0.10619588293076476,0.11115303107565118,0.10476463288068771,0.10266998483595541,0.10142634313431041,0.10713550990017101,0.09644012153148651,0.10070339797127369,0.10444290953650325,0.10676137973093909,0.10157967358827591,0.10498767529029475,0.10801833833339537,0.10800438399045244,0.10396597534418106,0.11208465566555263,0.10356302486234452,0.1059336307655388,0.10003598779439926,0.10471945602709547
678,2,1,0.5044267648862245,0.5051690560743279,0.4839315414428711,0.5241796971414745,0.5041008488676554,0.49449500379340144,0.4956022799015045,0.5222052629080601,0.5275400740054045,0.5114111762263777,0.5062175393104553,0.5649915064793803,0.5189989264567245,0.5192714038835357,0.49245330691337585,0.545272068573262,0.5057728232869504,0.5042709667800672,0.49086442589759827,0.5221830771831855,0.5306554852494364,0.5161354311095714,0.5166457891464233,0.5591852354923142,0.5149566118228196,0.5270609556247465,0.4941210448741913,0.523687834969521,0.5375803460571483,0.5142449081178168,0.5310068726539612,0.5674892573996673
679,0,0,0.054310985964801696,0.06758141288195668,0.04803219065070152,0.04731935436174688,0.053883884278326265,0.05262474966443569,0.04266534000635147,0.0663615631641916,0.05839617835072449,0.04767097537652292,0.045323945581912994,0.08219361409373756,0.054349288466581824,0.06277504656233829,0.04585569351911545,0.05441712531829172,0.04850360492677067,0.057150153737985585,0.04395998269319534,0.04440067834913109,0.048361099642275474,0.049308407308908925,0.041850220412015915,0.05392467120590158,0.03983791312874542,0.04744461059316605,0.03911750763654709,0.03295162115652313,0.04447206800744177,0.04929733205360212,0.04400801658630371,0.04011085538241949
680,1,1,0.4111943095436761,0.5529810034350858,0.3166641891002655,0.36393773609567703,0.42555785498408377,0.5777180144390119,0.31286507844924927,0.38609047206399005,0.39978880178557813,0.572301779351376,0.28317323327064514,0.3438913927347132,0.3900756209892082,0.5608828006227116,0.29163414239883423,0.3177099199460789,0.4191200695761361,0.5679122581233709,0.31241658329963684,0.37703136730540066,0.40495103757937995,0.5449183703573293,0.2762893736362457,0.39364536874456485,0.4040351257622052,0.5070258617653292,0.30362647771835327,0.4014530378029332,0.39236322899997483,0.5452022372549579,0.2863059341907501,0.34558151555421657
681,2,0,0.6057879305481301,0.5968379690584772,0.5929795503616333,0.6275462722242798,0.6062895829279539,0.6083921202266186,0.6077249050140381,0.6027517235432047,0.6146455857236085,0.5970838733745828,0.6112163066864014,0.6356365771098412,0.6282613565959246,0.6153184092813924,0.6303407549858093,0.6391249055205721,0.5976487448891495,0.5959418262420232,0.6063753962516785,0.5906290121737471,0.6138155696941632,0.5996979783912345,0.6234743595123291,0.6182743711789259,0.6020855673691174,0.6093633729863264,0.5901468396186829,0.6067464895023431,0.6142576314791125,0.6124748330462335,0.6177002787590027,0.6125977826321014
682,2,1,0.44535438791429044,0.5790690835012902,0.30854737758636475,0.44844670265521636,0.48664868981272624,0.591203648974189,0.3569636940956116,0.5117787263683783,0.5454880901089627,0.645673225490528,0.38033974170684814,0.6104513031295119,0.4339190373348643,0.5793383014276953,0.29571714997291565,0.42670166060398196,0.6020552310594955,0.6858551824908529,0.4893593490123749,0.6309511616752591,0.43814309733217033,0.5124717333356104,0.3178708553314209,0.4840867033294797,0.4640045748553763,0.5712691615128038,0.3548162877559662,0.46592827529735875,0.580256161101699,0.6887386959829561,0.48968857526779175,0.5623412120543491
683,1,0,0.10068692713500411,0.09643057016619101,0.10143925249576569,0.1041909587430557,0.09679434088550602,0.09464048467534743,0.09820710122585297,0.09753543675531766,0.10708210788279825,0.09981370647184963,0.10249976813793182,0.1189328490386133,0.10363378788310258,0.09880291717310019,0.10597275197505951,0.10612569450114809,0.10072640231493875,0.10139290424308302,0.09394560009241104,0.10684070260932223,0.10642239856144271,0.1038939937109861,0.09914827346801758,0.1162249285053245,0.1113370747830627,0.1097246901750207,0.0974862203001976,0.1268003138739698,0.10409744443671289,0.10331895985921614,0.09740877896547318,0.11156459448544938
684,0,0,0.06549539188498328,0.10537813570424742,0.06724661588668823,0.023861424064014168,0.07107864521304814,0.10722611722226912,0.06636395305395126,0.03964586536292409,0.06688460805402621,0.1109053703903541,0.06184390187263489,0.027904551899089667,0.06342665813769414,0.10225748632814931,0.057648710906505585,0.030373777178427572,0.08513275479576614,0.14472359671767235,0.07530655711889267,0.03536811055073336,0.04389129332505707,0.06813349740844472,0.04552146792411804,0.018018914642608453,0.04821437933810177,0.08183700875321998,0.04030477628111839,0.022501352979966943,0.05219481370028408,0.09866517081882889,0.04264439642429352,0.015274873857729824
685,3,0,0.08610504067330717,0.08744554770732618,0.06853768974542618,0.10233188456716917,0.08621483131514508,0.08639521063309044,0.06464392691850662,0.10760535639383821,0.08171512948128709,0.08471694366980709,0.06415016204118729,0.0962782827328669,0.07788756759336478,0.08614192643612081,0.07313834130764008,0.07438243503633346,0.09347888883237505,0.08950806151451068,0.07434333860874176,0.1165852663738727,0.08724118911980423,0.09418655966680774,0.07063653320074081,0.09690047449186419,0.11417526842798868,0.12961419048094167,0.09319651871919632,0.11971509608382808,0.1070709204849255,0.12034838285468524,0.09113281220197678,0.1097315663981145
686,0,0,0.20838502801742045,0.21674470155176573,0.20924673974514008,0.1991636427553556,0.21260104479487674,0.2134099931938586,0.1951020210981369,0.22929112009263475,0.19697610778296756,0.19544082125685305,0.19390761852264404,0.20157988356940565,0.21066060120097876,0.22030888335735552,0.18641479313373566,0.22525812711184506,0.21073286587763848,0.19441962230757187,0.2096453458070755,0.22813362951826807,0.27093621882645874,0.24480190651475164,0.30932164192199707,0.2586851080426275,0.27481669934486797,0.2474875580812051,0.30962032079696655,0.26734221915643236,0.275002161077355,0.24123956586931647,0.31901007890701294,0.26475683845573555
687,0,0,0.05056794078743405,0.06882962369392216,0.06098117679357529,0.021893021874804703,0.05364622875289696,0.0679171082857886,0.06292720884084702,0.03009436913205523,0.04985390676690021,0.06777359263457058,0.05964228883385658,0.02214583883227346,0.0520989102116643,0.0672061360075446,0.055375318974256516,0.033715275653191795,0.0506656533049183,0.06450002119781896,0.06437916308641434,0.023117775630521625,0.034795159745926084,0.04922894617970317,0.03821868076920509,0.016937852288869983,0.03620736836032259,0.05120752439182393,0.040950480848550797,0.01646409984059302,0.035717929719052875,0.058230002374170746,0.03602299839258194,0.012900788390405924
688,3,0,0.09488952153469053,0.0935510287966993,0.09026599675416946,0.10085153905320283,0.09902361791350855,0.09831872549191539,0.09843225032091141,0.10031987792769884,0.09803914470479985,0.09593494072287374,0.09185533970594406,0.10632715368558177,0.10040352191777575,0.09647578863776499,0.10028508305549622,0.10444969406006609,0.09145876354027228,0.09504869640357161,0.09015685319900513,0.08917074101824014,0.10150113495808387,0.09946703125442137,0.1009754166007042,0.10406095701912604,0.10143868384009869,0.10076444429245983,0.103093720972538,0.10045788625529824,0.09746158841834292,0.10086150897537366,0.09586740285158157,0.0956558534280735
689,2,0,0.09782372785567302,0.0963880869316444,0.08829746395349503,0.10878563268187962,0.09313061081623293,0.09184594510864946,0.08613287657499313,0.10141301076505622,0.09657830047392053,0.09412973559312361,0.08765445649623871,0.1079507093323993,0.09444913615876001,0.09607334555553489,0.08463289588689804,0.10264116703384714,0.09660369952376502,0.09300681820668402,0.09351804852485657,0.1032862318397545,0.09747957017512905,0.09793147996016212,0.08600632101297379,0.10850090955225129,0.10100015380100268,0.09368409629709831,0.09820562601089478,0.11111073909501491,0.09301450035919123,0.08764483097598032,0.08944743126630783,0.10195123883528553
690,2,1,0.9692760045967038,0.9552076267080916,0.9694436192512512,0.9831767678307687,0.967634952358858,0.9550696380261768,0.9700509905815125,0.9777842284688849,0.9693724565339132,0.9531625950778805,0.969623863697052,0.9853309108268072,0.9698683737496868,0.9536110224227732,0.9686597585678101,0.9873343402584771,0.9649299476473546,0.9520559188943584,0.9688478112220764,0.973886112825629,0.9689783938453398,0.957160904138667,0.9688520431518555,0.9809222342454968,0.9671160210308006,0.9522929566192138,0.964839518070221,0.9842155884029674,0.9656800737141252,0.9554053717182104,0.9628864526748657,0.9787483967492997
691,3,1,0.6082552509598557,0.5604422441729353,0.6975821256637573,0.5667413830428744,0.6226323788679919,0.5786565490693918,0.7227360606193542,0.5665045269152297,0.6008495534333202,0.5830319720347172,0.6831393241882324,0.5363773640770111,0.6042969921442874,0.5713932186875572,0.7118491530418396,0.5296486047034658,0.5902439853752575,0.5824213231764352,0.6860611438751221,0.5022494890742152,0.6039756603812773,0.5663342667343283,0.7131182551383972,0.532474459271106,0.6243439131619741,0.5740687702660129,0.7122806906700134,0.5866822785498962,0.6008895203971862,0.5703441062835066,0.6977192163467407,0.5346052385613114
692,1,1,0.9008594706364642,0.8815023759092164,0.9024596810340881,0.918616354966088,0.8994506219200299,0.8890462575973759,0.894288182258606,0.9150174259041076,0.9004612755929665,0.8857793168295189,0.9065535068511963,0.9090510030981844,0.8974269109874542,0.8879957084426183,0.89687180519104,0.9074132193287041,0.890389616799245,0.8815334369226799,0.895936131477356,0.893699281997699,0.9116171949372497,0.8911977371874508,0.9233169555664062,0.920336892057892,0.9039370793818167,0.8924824378212939,0.9179350137710571,0.9013937865530988,0.9036738724397035,0.9003726152496292,0.9221119284629822,0.8885370736064991
693,1,1,0.48967953585209,0.5302099836856656,0.3216058611869812,0.6172227626836231,0.4691285878923126,0.49929363480225,0.2864345908164978,0.6216575380581901,0.5140464313604526,0.5505112121274197,0.3416355848312378,0.6499924971227001,0.4942280343752697,0.5190125257418442,0.3389565646648407,0.6247150127191243,0.48454558794335395,0.5266428173624774,0.29366543889045715,0.6333285075771272,0.5790236003107384,0.6291191824991845,0.4098500609397888,0.6981015574932419,0.5944561381768995,0.6482793967792854,0.42516279220581055,0.7099262255456025,0.5785953485747485,0.6482019392546532,0.4240189492702484,0.6635651571993437
694,2,0,0.11014234913374615,0.10167874727552195,0.12610416114330292,0.1026441389824136,0.10886004082365545,0.10128172320970621,0.12164711952209473,0.10365127973916538,0.1099656501212919,0.10321146849977293,0.12499840557575226,0.10168707628835057,0.10801512846706739,0.10072128918116859,0.12403194606304169,0.09929215015699189,0.10926661439961115,0.10403154760386106,0.12350732833147049,0.10026096726350187,0.11252513165335672,0.10783854177833083,0.11855622380971909,0.11118062937202022,0.11161370807054538,0.1004020977503017,0.12019268423318863,0.11424634222814578,0.103111068829651,0.10074611758853003,0.11091889441013336,0.09766819449028964
695,1,0,0.36790074632805564,0.38970660924756345,0.36711961030960083,0.34687601942700275,0.36898887121644025,0.3877134846586718,0.34206992387771606,0.3771832051129329,0.34246624796960806,0.3643543903437099,0.3284361660480499,0.3346081875170642,0.3483466037423923,0.3796151071053094,0.31071481108665466,0.3547098930352129,0.34440206444905136,0.3748304606989152,0.3252011835575104,0.33317454909072847,0.34043186693915456,0.3801705615764577,0.33023297786712646,0.3108920613738794,0.3425339529902128,0.38444353243695484,0.3256552517414093,0.3175030747922743,0.34266274742598063,0.37767443941210677,0.2965806722640991,0.35373313060173595
696,1,0,0.10050927995053478,0.09562890769537631,0.08707163482904434,0.1188272973271837,0.10216792521677692,0.09719638414051872,0.08993197977542877,0.11937541173438326,0.09845850062739035,0.09751561587592947,0.09148095548152924,0.10637893052471234,0.09700624813093454,0.0957968500693354,0.09344036132097244,0.10178153300249575,0.09268831410635463,0.09678538312539241,0.08035655319690704,0.10092300599676443,0.09817583511212617,0.09378905821143535,0.0848783552646637,0.11586009186027944,0.09921449896800476,0.0963420938101552,0.08725976943969727,0.11404163365416184,0.09239110800097287,0.09498296445077872,0.08120781183242798,0.10098254771971193
697,0,0,0.1132682935518277,0.13795053877826943,0.10030686855316162,0.10154747332405202,0.11749052203661477,0.1391595347012868,0.10230691730976105,0.11100511409879649,0.11792437792739928,0.1305420889762325,0.10818593949079514,0.11504510531517016,0.11449101805703711,0.13387284177394337,0.10386818647384644,0.10573202592332152,0.1258799312976038,0.13377589568398396,0.1102529838681221,0.13361091434070532,0.11977872740471651,0.11478562128058961,0.13839642703533173,0.10615413389822823,0.10477552116700713,0.1042498622558798,0.11556796729564667,0.09450873394949495,0.10589733487639978,0.1068871808212167,0.10850605368614197,0.10229877012184063
698,4,1,0.6712551948754225,0.6783437594083268,0.6746655702590942,0.6607562549588468,0.6707456654843896,0.6801316223860513,0.688855767250061,0.6432496068170565,0.6756486100751103,0.6782215386760512,0.6948595643043518,0.6538647272449283,0.6690081440830316,0.6792785585523191,0.6890419125556946,0.638703961141081,0.6755037219295065,0.6830439341254759,0.6800649762153625,0.6634022554476812,0.6763218741458153,0.6807097642028376,0.6986265778541565,0.6496292803804515,0.6777214287342277,0.6772194760121257,0.7021156549453735,0.653829155245184,0.6734509302771552,0.6763369568484771,0.7108250260353088,0.6331908079476799
699,4,0,0.4541995216680077,0.5468040521317139,0.4340979754924774,0.3816965373798318,0.43616273326817234,0.52793576315593,0.4469284415245056,0.33362399512408125,0.4400414521219737,0.5196990307442942,0.43953633308410645,0.36088899253752027,0.4556897445601599,0.5385378256992686,0.42845556139945984,0.4000758465817512,0.417196731438999,0.5197656061993999,0.4356338083744049,0.2961907797431921,0.444028596789207,0.47790911934064867,0.4653233289718628,0.3888533420551094,0.41230085566464864,0.5066553486820957,0.38345131278038025,0.34679590553147005,0.38987007240274063,0.4559928619657433,0.3619789779186249,0.3516383773238538
700,2,0,0.09816972294999488,0.1312290089324481,0.08605816215276718,0.07722199776476936,0.08923487554931024,0.12521412888424766,0.08655424416065216,0.055936253603030915,0.09614436608631129,0.11354959424934977,0.09460223466157913,0.08028126934800496,0.10114918612578655,0.12726277150038728,0.0865858644247055,0.08959892245226686,0.0920461849786312,0.11738776823863008,0.08909305185079575,0.06965773484646777,0.10771792283655333,0.12176723352485222,0.1017938032746315,0.09959273171017627,0.09463203676165118,0.1193470363172611,0.09608788043260574,0.06846119353508673,0.09433987775850154,0.1072250773954035,0.09423352032899857,0.08156103555110257
701,2,1,0.9377149778756074,0.9035662531434164,0.9425820708274841,0.9669966096559217,0.9351045848497916,0.905724898538633,0.9474910497665405,0.9520978062442016,0.9306066645713053,0.8847517127760351,0.9426581263542175,0.964410154583663,0.9354129141087131,0.8916663995639835,0.9461257457733154,0.9684465969888402,0.9311121230694798,0.8957859378958805,0.9391427636146545,0.9584076676979042,0.9311546064605447,0.8776522748785879,0.9457845687866211,0.9700269757164252,0.9438056275344316,0.938743528888375,0.921927809715271,0.9707455439996489,0.9374453733861389,0.9170563221421426,0.9355460405349731,0.9597337574813011
702,1,1,0.6106649885871889,0.5956993689836663,0.5645116567611694,0.6717839400167309,0.5987687251121002,0.5831906520271797,0.5506176352500916,0.6624978880590294,0.6491384988256113,0.6239897927445168,0.6119856238365173,0.7114400798957997,0.594622750543071,0.5934620761453568,0.5560013651847839,0.6344048102990724,0.6647652711661641,0.6473627420493393,0.6366226077079773,0.7103104637411759,0.5843992043881163,0.5852231153315837,0.5549120903015137,0.6130624075312516,0.5868478612684053,0.6018420906666533,0.5540658831596375,0.604635609978925,0.636214674263183,0.6184687717660253,0.6033547520637512,0.6868204989597727
703,2,0,0.11818999304886967,0.09509425091440958,0.12522366642951965,0.13425206180267973,0.12016511669496029,0.08692049397962809,0.14633606374263763,0.12723879236261518,0.1147674884168443,0.09236005543021528,0.14470070600509644,0.10724170381522113,0.1203321459932023,0.09151417591125006,0.14795029163360596,0.1215319704347509,0.1281552513231154,0.08467172186404173,0.13681231439113617,0.16298171771416828,0.10601644212598911,0.09207965171776517,0.1277926117181778,0.09817706294202441,0.11259087832580816,0.08573387868853044,0.1439041644334793,0.10813459185541471,0.11230988851147344,0.07703915858428048,0.11701540648937225,0.1428751004607676
704,3,0,0.10735473192978102,0.10506034494287435,0.11392378062009811,0.10308007022637061,0.10620314430380993,0.10110464954631199,0.11188297718763351,0.1056218061774843,0.10781987442559594,0.10186030034298826,0.11722380667924881,0.10437551625455076,0.10968274961453743,0.10394692479536502,0.11468512564897537,0.1104161983992719,0.10391604180304455,0.10714555374701076,0.10466965287923813,0.09993291878288477,0.10326302815146414,0.09851047614748289,0.10692921280860901,0.10434939549830054,0.10134897615443629,0.09989866724429865,0.10300038754940033,0.10114787366960991,0.1031471388486257,0.10128120150926337,0.1061040610074997,0.102056154029114
705,2,0,0.09507031938995941,0.09606609391160024,0.09191972762346268,0.0972251366348153,0.1047471638488226,0.10336908044613453,0.1116657480597496,0.09920666304058368,0.09512765286499059,0.0979106313351122,0.09248580783605576,0.0949865194238038,0.09452272849724126,0.09707599580770966,0.08931656181812286,0.09717562786589132,0.10482582472154173,0.10278795689114108,0.11828915774822235,0.09340035952526177,0.08406244247861683,0.08618494348721888,0.0873115062713623,0.07869087767726932,0.08451059037815019,0.08267584729448683,0.08753490447998047,0.08332101935998329,0.09151099911230692,0.08946422197226309,0.10465941578149796,0.08040935958315971
706,3,0,0.09577358557362008,0.09215712742230142,0.09597349911928177,0.09919013017927701,0.10562099334432169,0.09364174760344954,0.09441891312599182,0.12880231930352373,0.10014973428036662,0.09860307620980717,0.08723373711109161,0.11461238952020107,0.0970101739503625,0.09284952983362907,0.09088268876075745,0.10729830325670102,0.10285236301552231,0.09185822416357937,0.10301032662391663,0.11368853825907094,0.09704475022028865,0.09145240098698344,0.0931309312582016,0.1065509184156809,0.10066232865058898,0.09065499881765916,0.09247728437185287,0.11885470276225492,0.10229940489768245,0.09182382665197558,0.08843742311000824,0.1266369649310635
707,2,1,0.8997006289085002,0.8935455348610588,0.9125927090644836,0.8929636427999583,0.8989298001594888,0.8905115481480376,0.900561511516571,0.9057163408138573,0.9047218861926009,0.9003212310209957,0.9047764539718628,0.9090679735849438,0.9112981596748736,0.8921116323617198,0.9060317277908325,0.9357511188720685,0.8976820501410984,0.8907882421583673,0.9132822751998901,0.8889756330650376,0.9019151900442139,0.8968897278503366,0.8921071290969849,0.9167487131853204,0.8722762222790627,0.8787796465164459,0.8949667811393738,0.8430822391813683,0.8704066895015541,0.8775149876423688,0.8751490116119385,0.8585560692503549
708,0,1,0.3904925656882218,0.40973475496649936,0.39165836572647095,0.37008457637169506,0.38723373480961737,0.3945845183737866,0.37009289860725403,0.39702378744781147,0.5332119088548974,0.5522557362754842,0.5448616147041321,0.502518375585076,0.40333163979930253,0.40324512303244775,0.3937586843967438,0.41299111196871596,0.5287624005506911,0.5390975812053088,0.5331069827079773,0.5140826377387872,0.4129548042402036,0.3942490699354298,0.3885052502155304,0.4561100925696506,0.434538172344545,0.4421152939450697,0.43104255199432373,0.43045667109424157,0.558812345236274,0.5700620589224588,0.553506076335907,0.5528689004504561
709,0,1,0.8761067117616005,0.8195335704288705,0.9019784331321716,0.9068081317237592,0.8872587480551021,0.8312597810534724,0.9151739478111267,0.9153425153007072,0.8907579351054132,0.8579617345525116,0.9130303859710693,0.9012816847926586,0.8898848082608354,0.8231020600538488,0.9163112044334412,0.9302411602952161,0.883860179838346,0.8282030225194037,0.9151114821434021,0.9082660348522322,0.8821582610350802,0.8092835390070061,0.9087192416191101,0.9284720024791242,0.900222713536181,0.8282799478778449,0.9384304285049438,0.933957764225754,0.903329009445227,0.8442508179164624,0.9387387633323669,0.9269974470868516
710,2,1,0.9369873182329228,0.9278373769653816,0.9534488320350647,0.9296757456983221,0.9249462983609686,0.9294065959631397,0.937419593334198,0.9080127057855681,0.9382240122163612,0.9280944109610346,0.9387153387069702,0.9478622869810784,0.9429384270511417,0.9306009547260609,0.9436594843864441,0.9545548420409199,0.9322480831213914,0.9273276403186917,0.9453439712524414,0.924072637793041,0.9426913189221912,0.9305565099058564,0.947744607925415,0.9497728389353021,0.9495934030334144,0.9358416055986243,0.9470337629318237,0.9659048405697952,0.9419819393061387,0.9331136008366754,0.9512845873832703,0.9415476296984703
711,4,1,0.9385144781838233,0.9219814549510708,0.9364309310913086,0.9571310485090906,0.9348679407093553,0.9233099721212422,0.932149350643158,0.9491444993636656,0.9392114297374473,0.9177387463549975,0.9333354234695435,0.966560119387801,0.9427031261486486,0.9225519341327453,0.9329186677932739,0.9726387765199264,0.9355910380622608,0.9178056348860616,0.9290333390235901,0.9599341402771311,0.9362954004851728,0.9280840027250024,0.9281406998634338,0.952661498867082,0.941651789089101,0.9314337315046984,0.931861937046051,0.9616596987165537,0.9354695188333877,0.9162013082844573,0.9257989525794983,0.9644082956362076
712,1,0,0.44978649564637063,0.488021954186133,0.4763665795326233,0.3849709532203556,0.46017247999858096,0.4909849597770659,0.4609171450138092,0.4286153352048679,0.42904291679053747,0.4791818714826618,0.42117443680763245,0.3867724420813182,0.4503811002396551,0.49016697236805096,0.44244498014450073,0.41853134820641363,0.44131104932118714,0.4875838733683293,0.43970316648483276,0.39664610811039935,0.45707080364701086,0.4826966486967206,0.46216320991516113,0.42635255232915104,0.43674311413378847,0.49113759001347135,0.4636400043964386,0.3554517479914554,0.43135868781359044,0.46980586471402114,0.42378777265548706,0.4004824260712632
713,2,1,0.12395335313809663,0.09623120158209951,0.08099072426557541,0.19463813356661494,0.1306555296155015,0.09611455419675045,0.07610702514648438,0.21974500950326964,0.12865799943642983,0.09392998598532483,0.07734441012144089,0.2146996022025238,0.12314943356223718,0.09577879705046671,0.08243697136640549,0.19123253226983933,0.13164146012265432,0.0939437274793096,0.08040489256381989,0.2205757603248335,0.11222059620862197,0.08457036520574014,0.07177366316318512,0.1803177602569407,0.10492117136016098,0.07599535386372312,0.07912731170654297,0.15964084851021682,0.10709983417571656,0.07006192619823497,0.07788432389497757,0.1733532524339371
714,3,0,0.13633972252320106,0.11150434706913598,0.1784004420042038,0.11911437849626341,0.13872603460462696,0.11421878673647107,0.165802463889122,0.13615685318828782,0.12762696596896864,0.11022936402463229,0.16794122755527496,0.10471030632699871,0.1328543948659429,0.11215739440272861,0.17465074360370636,0.11175504659139375,0.1329386934520945,0.11328373713830936,0.1644943207502365,0.12103802246773765,0.13166724478787384,0.11435586753638617,0.16775818169116974,0.11288768513606565,0.12216467816036984,0.11430684557967476,0.14960484206676483,0.10258234683466995,0.12659932163900975,0.10724862872291928,0.15036118030548096,0.12218815588862902
715,4,0,0.07628684110647949,0.08502166466336569,0.07522163540124893,0.06861722325482382,0.08112855152449008,0.08804218665593572,0.07527593523263931,0.08006753268489522,0.08217493393259921,0.09113721794883378,0.08058390021324158,0.07480368363572225,0.07622691491826745,0.08872381888196085,0.07767876982688904,0.062278156045952465,0.07878610807631371,0.09339870777287002,0.08055068552494049,0.06240893093113064,0.06407442230188902,0.07582852265343273,0.059549570083618164,0.05684517416861616,0.05094243090804068,0.0635734383061791,0.048913415521383286,0.04034043889655964,0.05344367080934307,0.071548819375143,0.043865643441677094,0.044916549611209125
716,1,0,0.14133243187567412,0.12599019584180837,0.15897883474826813,0.1390282650369459,0.13908418404091993,0.12131034201643359,0.15938682854175568,0.13655538156457056,0.13846181755113393,0.12240457049538139,0.14942730963230133,0.14355357252571904,0.13767123015797225,0.1144684064926495,0.15906541049480438,0.13947987348646285,0.13831342268185035,0.12243235678784177,0.14493174850940704,0.14757616274830224,0.1432467067439858,0.12733259036006273,0.1558443307876587,0.14656319908423596,0.1499968007110862,0.12989640145903936,0.15052662789821625,0.169567372776003,0.13624524537924057,0.1235655422890503,0.14024510979652405,0.14492508405214738
717,2,1,0.9383788723538499,0.9357894653812464,0.9358677268028259,0.9434794248774773,0.9431584075956079,0.9375941396061102,0.9400115013122559,0.9518695818684576,0.9430665699627498,0.9284261653828613,0.9384058713912964,0.962367673114092,0.9451612952446228,0.9366048341517457,0.940474271774292,0.9584047798078306,0.9414065492692621,0.9339936635740987,0.9337859153747559,0.9564400688589318,0.940734325935976,0.9232054646109065,0.9391001462936401,0.959897366903381,0.9391302790161357,0.9399281620219154,0.9256536960601807,0.9518089789663107,0.9392722200180711,0.9290948206786165,0.9298397898674011,0.9588820495081956
718,2,1,0.8473439668473789,0.8360184579374128,0.836184024810791,0.8698294177939327,0.8612471906483182,0.8463628094672403,0.8388662338256836,0.8985125286520309,0.8674604380395446,0.869371474754726,0.8466252088546753,0.8863846305092328,0.8395443068167677,0.829267113494668,0.8210811614990234,0.8682846454566119,0.8899455394578212,0.8733888748677031,0.8602846264839172,0.9361631170218435,0.8436922221504215,0.8345358587426178,0.8307799696922302,0.8657608380164168,0.844992588363338,0.8489552869453246,0.8231391906738281,0.8628832874708616,0.8841134199638754,0.8665342390669577,0.8626526594161987,0.9231533614084698
719,0,0,0.11383380117513336,0.10608347103760031,0.11303675919771194,0.12238117329008785,0.1168303389444806,0.10580909180590238,0.12247280031442642,0.122209124713113,0.11386866782342209,0.10725005026277287,0.1129370853304863,0.12141886787700706,0.11639988728064414,0.10404029171646388,0.12086185067892075,0.12429751944654777,0.11814249176028287,0.10752671518578638,0.11839333176612854,0.1285074283289337,0.11395057631545634,0.10566257622184146,0.10826268047094345,0.1279264722535841,0.10611349243355007,0.10094596664582835,0.1039944589138031,0.11340005174101879,0.10923484504866704,0.10450161180801819,0.10567990690469742,0.1175230164332855
720,1,0,0.09572235461781166,0.09395238546879472,0.09096183627843857,0.10225284210620168,0.09239104628824286,0.09047489518579509,0.08671670407056808,0.0999815396083654,0.09484486487267707,0.09374276052065407,0.08813586086034775,0.10265597323702944,0.09532529025724823,0.09320529027398404,0.08926216512918472,0.10350841536857591,0.09195093976789841,0.09470845157855923,0.08635597676038742,0.09478839096474855,0.15585982189969308,0.16243444372234492,0.1557469218969345,0.14939810007979976,0.13384704161201058,0.13777611030924222,0.12361912429332733,0.1401458902334622,0.1315944871097953,0.1386207864905315,0.12545086443424225,0.13071181040461216
721,2,1,0.9592140356843198,0.9441710626090434,0.9672709703445435,0.9662000740993729,0.9584954363546978,0.9451196058791266,0.9657900333404541,0.9645766698445127,0.9591076086432812,0.9434529034335108,0.9632521867752075,0.9706177357211251,0.9594912532628181,0.9426053928024942,0.9613698720932007,0.9744984948927596,0.9582614369888517,0.941237214965787,0.9660788774490356,0.9674682185517324,0.9593314176429276,0.9473982235643191,0.96553635597229,0.9650596733921736,0.957023717673371,0.9443177633233275,0.9631157517433167,0.9636376379534691,0.9526667830119216,0.946789539625424,0.9609082341194153,0.9503025752909254
722,1,0,0.09087011068748273,0.08976592801151763,0.08849900960922241,0.09434539444170816,0.09332236092145363,0.08888594659494867,0.09344430267810822,0.09763683349130399,0.09547401853970887,0.09197077500896425,0.09353557974100113,0.10091570086916121,0.09211111336766724,0.08873584638313911,0.09049002826213837,0.09710746545772425,0.08752520797537111,0.08760085724362472,0.08750121295452118,0.08747355372796742,0.07321935395562616,0.0723131849793249,0.07266407459974289,0.0746808022878107,0.06456710650645914,0.06992610802431545,0.05995328351855278,0.06382192797650917,0.061070343324979875,0.06998836460698875,0.05681617185473442,0.05640649351321644
723,4,0,0.09793701081311428,0.09868007017507294,0.09389329701662064,0.10123766524764921,0.10630015350916748,0.09779034520320776,0.10108374804258347,0.1200263672817112,0.09649977655563109,0.09666654351296171,0.09671385586261749,0.09611893029131409,0.09932362923452849,0.0972169496730459,0.09712112694978714,0.10363281108075247,0.10503910679519018,0.09928721024533431,0.09403194487094879,0.12179816526928744,0.10343920346597306,0.09629585739597323,0.09835764765739441,0.11566410534455153,0.10444529942299609,0.09611693489344338,0.10026822984218597,0.11695073353335896,0.10700667327355408,0.09795458182501741,0.10052275657653809,0.12254268141910672
724,0,0,0.1199370946297425,0.1087242351943819,0.12868830561637878,0.12239874307846683,0.1235830690780408,0.10184729723419692,0.13757765293121338,0.13132425706871215,0.11981309979825878,0.10505624021148761,0.13190065324306488,0.12248240594022386,0.12213873853710205,0.10829066388340387,0.12901118397712708,0.12911436775077523,0.11551026053819058,0.1017366698841513,0.12227655202150345,0.12251755970891695,0.11849581440429212,0.10238718473537903,0.12114693224430084,0.13195332623319647,0.1152617369859721,0.10013006982797776,0.12511476874351501,0.12054037238642352,0.11918591312901779,0.10341961034074197,0.12727567553520203,0.12686245351110936
725,0,1,0.63333405765004,0.6004576526598288,0.6719913482666016,0.6275531720236899,0.6146003835293065,0.5952969800367064,0.6710957288742065,0.5774084416770067,0.6749794337219717,0.700222635225971,0.7273060083389282,0.5974096576010155,0.6071510132523477,0.6107788250556272,0.6691327095031738,0.5415415051982418,0.6817286971126024,0.7002081623179954,0.7195027470588684,0.6254751819609435,0.6911751652987643,0.6842687838247585,0.759929895401001,0.6293268166705337,0.6689512459555328,0.6619798681739905,0.7450920939445496,0.5997817757480584,0.7321803238434579,0.730318053540192,0.7790188193321228,0.687204098658059
726,2,0,0.060435005769492935,0.08792978185671871,0.062025900930166245,0.03134933452159387,0.05762925855622897,0.082860300384552,0.05734040215611458,0.032687073128020334,0.06298208761152928,0.08568586494604884,0.06287390738725662,0.04038649050128237,0.06160904037329873,0.08339339589004177,0.060365889221429825,0.041067836008424605,0.05882210635098841,0.08643426555183395,0.055599115788936615,0.03443293771219465,0.06324577909097966,0.08099824874318473,0.062922403216362,0.045816685313392246,0.061620080487483075,0.07892113333179114,0.068150095641613,0.0377890124890451,0.0639517113110373,0.07680242249292042,0.06607838720083237,0.04897432423935912
727,3,1,0.834417263769903,0.8389275489118235,0.8535085320472717,0.8108157103506136,0.8326835920135184,0.8462830525622222,0.8518100380897522,0.7999576853885805,0.8375442397734488,0.8448783574164467,0.8694474101066589,0.7983069517972409,0.8543339195803134,0.8408309664040563,0.8619959950447083,0.8601747972921755,0.8336587682288243,0.8457555679648532,0.8400866389274597,0.81513409779416,0.8513566281441355,0.8597976663211561,0.8708099722862244,0.823462245825026,0.8632593253869701,0.8638357257706248,0.8899150490760803,0.8360272013142054,0.8615876659809506,0.8572596461009399,0.8869367837905884,0.8405665680513236
728,3,1,0.6875342973359326,0.7126551410754356,0.6875743269920349,0.6623734239403275,0.6974557716133519,0.7108586064091872,0.7060117125511169,0.6754969958797516,0.7007112194206302,0.7110322194088532,0.7034085392951965,0.6876928995578407,0.6940682394168926,0.7111252582277212,0.71307772397995,0.6580017360430066,0.6997971879181041,0.7136542774378197,0.6930009722709656,0.6927363140455272,0.6955048014487191,0.712317564345952,0.710235595703125,0.6639612442970803,0.6963313525273134,0.7182595103700243,0.7085489630699158,0.6621855841420002,0.7088626649478806,0.7199516384244519,0.7108315229415894,0.6958048334776007
729,3,0,0.1024830060103799,0.0935510287966993,0.09214698523283005,0.12175100400161039,0.10479935384721163,0.09831872549191539,0.08886564522981644,0.12721369081990308,0.10265796235547688,0.09593494072287374,0.08953466266393661,0.12250428367962028,0.0995637940948325,0.09647578863776499,0.0922330990433693,0.1099824946033632,0.10190887589591528,0.09690404111736121,0.08676939457654953,0.12205319199383506,0.10365119285945691,0.09822000530675598,0.09640619903802872,0.11632737423358604,0.11430343767591367,0.09507437483923376,0.09577316790819168,0.1520627702803156,0.10800626916689589,0.10197499432943369,0.09407967329025269,0.1279641398810013
730,0,0,0.5963999419149447,0.6185343097443937,0.5584843158721924,0.6121812001282482,0.591687464340434,0.6253385827661068,0.5646787881851196,0.5850450220700756,0.602232788810317,0.6158687469917735,0.5852973461151123,0.6055322733240655,0.5895124855399615,0.6217320718959168,0.5819663405418396,0.5648390441821277,0.6022216445694352,0.6287792111904957,0.5782466530799866,0.5996390694378233,0.6295789166247501,0.6654742097790813,0.6315807700157166,0.5916817700794523,0.6356861350845769,0.6629226862485466,0.6343278884887695,0.6098078305164149,0.6300828764775194,0.660015529645991,0.6185110211372375,0.6117220786493296
731,1,1,0.962754529951571,0.9468838113418996,0.9684635996818542,0.9729161788309589,0.96417181339785,0.9525630372135082,0.9648181796073914,0.9751342233726503,0.9636897550300011,0.9437288397364262,0.9680737853050232,0.9792666400485535,0.9675486092978879,0.9474257370908872,0.9696771502494812,0.9855429405532954,0.9646509480613861,0.9468425220019165,0.9666669368743896,0.9804433853078521,0.9586993567639338,0.9364826816074913,0.9645028114318848,0.9751125772524254,0.9569586018586257,0.9389042157976011,0.9573571085929871,0.9746144811852888,0.9495317178368858,0.9367673373311901,0.9404348134994507,0.9713930026800167
732,2,0,0.5935840620229461,0.7037522267742319,0.6050115823745728,0.4719883769200337,0.6200431525259157,0.7121956178029935,0.6395047307014465,0.5084291090733071,0.6087839607979156,0.7023841655084739,0.6412936449050903,0.4826740719801825,0.5849788356917565,0.7171806611813901,0.6616860032081604,0.37606984268571897,0.562709103994779,0.7047666486741812,0.60945725440979,0.37390340890036594,0.6818768986543842,0.7694048417488514,0.7287251949310303,0.547500659283271,0.734147396943931,0.8115907697645341,0.6990697979927063,0.6917816230745526,0.7094981543984646,0.7980340573890071,0.7424810528755188,0.5879793529308678
733,0,0,0.088866378526745,0.09745727807210958,0.07998360693454742,0.08915825057357803,0.09111327314265023,0.09491360229515572,0.08821824938058853,0.09020796775220648,0.08919420337318824,0.09886701948875462,0.08693066239356995,0.08178492823724018,0.08835953156799965,0.09855112548326726,0.08109822869300842,0.08542924052772324,0.08812820863900823,0.10479394208506812,0.08833810687065125,0.07125257696130533,0.09036394794504503,0.08846079020921185,0.09571444988250732,0.08691660374341592,0.09822410708330603,0.09419822613328457,0.09554417431354523,0.1049299208030883,0.09602683937955342,0.09354746869044867,0.11304768174886703,0.08148536769934457
734,1,0,0.11640726921243434,0.11513406420352187,0.09695196896791458,0.13713577446586658,0.11010785539792173,0.11345465972261157,0.09269548207521439,0.12417342439593924,0.11881214044634182,0.11304967641006067,0.10302097350358963,0.14036577142537518,0.11758266579994496,0.11550049572827933,0.10330303758382797,0.13394446408772756,0.11347990946641813,0.11295113479321237,0.09843102097511292,0.12905757263092912,0.12310762903488154,0.11627174237790588,0.09956684708595276,0.15348429764078597,0.12826423230537254,0.11664424824202385,0.10305508226156235,0.16509336641253142,0.11072632867795047,0.1140489814483417,0.0984964370727539,0.11963356751275586
735,0,0,0.10699951716216116,0.10245353422568766,0.08706232905387878,0.13148268820691703,0.09908053439973291,0.09954396175581837,0.08162572979927063,0.11607191164410972,0.10419630469446717,0.1038555195682525,0.08534199744462967,0.12339139707051931,0.10545680624937404,0.10162159236561405,0.09100436419248581,0.12374446219002225,0.1014337633854989,0.10251448563365126,0.08649185299873352,0.11529495152411191,0.10900743477926378,0.10543553935325892,0.08838512003421783,0.13320164495031456,0.10843429726262399,0.10169525132515173,0.0922577828168869,0.13134985764583332,0.10885971913127916,0.10244144305074972,0.09348700940608978,0.130650704936998
736,3,0,0.10130420327979532,0.08684883136436539,0.10738170146942139,0.1096820770055992,0.10624421190110588,0.08671066848111779,0.1067279577255249,0.1252940094966749,0.09813596174071289,0.09184427377128851,0.11222823709249496,0.0903353743583552,0.09768556834686255,0.08778251980098928,0.10274972021579742,0.10252446502380096,0.10653639530195806,0.08748487268080117,0.1114177405834198,0.12070657264165317,0.08314930232154076,0.08270291635991374,0.08539067208766937,0.0813543185170392,0.08045463011439973,0.07656777548556204,0.09001173824071884,0.07478437661691828,0.08207820903312524,0.08163498429719634,0.08667927980422974,0.07792036299794962
737,1,0,0.0539201511716107,0.04621115052400843,0.07138317078351974,0.044166132207303914,0.04754543045383782,0.04459322288415674,0.06443660706281662,0.0336064614145401,0.04604138548706312,0.04903980800891422,0.0612238384783268,0.02786050997394834,0.05457944543000231,0.047525181009861556,0.06304942071437836,0.053163734565767014,0.05143229153107243,0.04343255766109427,0.0619669072329998,0.0488974096991232,0.03755303032488053,0.032569545541865474,0.04180062934756279,0.03828891608521333,0.03846698729824726,0.03524293394641779,0.05412678048014641,0.026031247468177587,0.0464781207392441,0.03644627168788727,0.05799277871847153,0.04499531181137351
738,0,1,0.5919157439976216,0.7146718672975887,0.5156375169754028,0.5454378477198735,0.576220223988063,0.731574782864873,0.5421816110610962,0.45490427803822,0.595972681255879,0.7101240691129374,0.5150965452194214,0.5626974294352781,0.6004625936472899,0.7028515507244909,0.5440089106559753,0.5545273195614037,0.5843485582782272,0.7284276570195752,0.5315700173377991,0.4930480004773072,0.6075083799470774,0.7056606846979074,0.5819128155708313,0.5349516395724935,0.6051534690132422,0.7125827696361995,0.5537083148956299,0.5491693225078973,0.6200436678949854,0.720291629355125,0.5667845010757446,0.5730548732540868
739,4,0,0.09955098738660452,0.09962528495367212,0.098422110080719,0.10060556712542246,0.09666663895188317,0.09881471461843498,0.09497765451669693,0.09620754772051762,0.10072456844249039,0.09779093391099611,0.09873013198375702,0.10565263943271805,0.09964927398366823,0.10094544463102013,0.09708527475595474,0.10091710256402982,0.09649824948708834,0.09868323725992427,0.09420174360275269,0.096609767598588,0.10043250412156535,0.0991664390170357,0.10200055688619614,0.10013051646146419,0.10010052187100917,0.09857577465608365,0.09695526957511902,0.10477052138182484,0.09784847312956135,0.10095397144400403,0.09131205081939697,0.10127939712528304
740,1,0,0.10274214418262233,0.10694554713370108,0.09562119841575623,0.10565968699840966,0.09689609148670349,0.10419401980973239,0.09019093960523605,0.09630331504514204,0.10323896993228422,0.10570462579756995,0.09858791530132294,0.10542436869795978,0.10289925781819191,0.1061728439863896,0.0969819575548172,0.1055429719133689,0.0993746259832249,0.10426406785907397,0.09266670793294907,0.10119310215765166,0.10349983789610107,0.10676137973093909,0.09908777475357056,0.10465035920379358,0.10617130908975399,0.10583585693110474,0.10125638544559479,0.11142168489256243,0.1031069558846212,0.10789729350860285,0.09846925735473633,0.10295431679052443
741,4,1,0.4433855835154364,0.4637939239685016,0.4793354570865631,0.3870273694912446,0.4437893129771729,0.4845158134601931,0.48317834734916687,0.3636737781221587,0.5503833243751771,0.5619181323635629,0.6124849319458008,0.4767469088161678,0.45761165616633664,0.48426664570503686,0.4907881021499634,0.3977802206440098,0.5537690263270089,0.5439355691700538,0.5818225145339966,0.5355489952769761,0.46550546772679907,0.49876326501208823,0.48629453778266907,0.41145860038563997,0.475448378721564,0.48729259364058297,0.5311830639839172,0.4078694785401917,0.5656982858163954,0.5679887049581235,0.6432439684867859,0.4858621840042765
742,3,0,0.6177298224682676,0.6994790228367851,0.6471622586250305,0.5065481859429873,0.6358478007268263,0.6964249742089992,0.6508063077926636,0.5603121201788165,0.578023891660937,0.6379377038038152,0.6149511933326721,0.4811827778463237,0.6025837107030605,0.6988017084688072,0.646598219871521,0.4623512037688533,0.6008903456603054,0.6567837392665238,0.6345266103744507,0.5113606873399417,0.6259705128859371,0.7159613393615759,0.6650350093841553,0.49691518991208006,0.6285617106825704,0.6995604626560888,0.6588694453239441,0.5272552240676781,0.6404947761881156,0.665223141115744,0.671822190284729,0.5844389971638735
743,3,1,0.9246669699170779,0.8669196886569592,0.9478734731674194,0.9592077479268546,0.9235944878668864,0.8684493648478561,0.9483006596565247,0.9540334390962784,0.9249927388962704,0.8715444767084111,0.9479271173477173,0.955506622632683,0.9166345369184916,0.8437747210960583,0.9458446502685547,0.9602842393908618,0.9360655897799507,0.89989728190027,0.9475981593132019,0.96070132812638,0.8696738541198189,0.7551445400974924,0.9411746859550476,0.9127023363069166,0.831955056801271,0.6932288150815495,0.9330610632896423,0.8695752920326211,0.8639290011009226,0.7645581088420925,0.9238294363021851,0.9033994581584902
744,2,0,0.09616698467145907,0.09508542583748135,0.09035900235176086,0.10305652582513498,0.09851462472737892,0.09495729161277677,0.08228674530982971,0.11829983725953024,0.0978532890558758,0.0961637728891014,0.09144113212823868,0.10595496215028735,0.09557623215424271,0.09365001145143474,0.08670174330472946,0.10637694170656392,0.09709009170941911,0.09832647501325271,0.08375908434391022,0.1091847157710944,0.10299062885209997,0.09996706197610633,0.10703884810209274,0.10196597647810084,0.10141850028972439,0.0955463099693159,0.10149934887886047,0.10720984202099683,0.09609762020852332,0.09818483733096461,0.08575756847858429,0.10435045481602107
745,2,1,0.31680115772344714,0.4446284612681691,0.16283279657363892,0.3429422153285335,0.3210944301935577,0.4735792094387829,0.16826127469539642,0.3214428064464938,0.3208563350554882,0.4366594407889594,0.152800515294075,0.3731090490834301,0.30711974619465926,0.40805239302554136,0.16923746466636658,0.3440693808920698,0.33967363317382687,0.4427147063192765,0.1598423570394516,0.41646383616275273,0.318048417254805,0.4168174480031236,0.1662013679742813,0.3711264357870101,0.3238956867276506,0.4298132981490117,0.1623772829771042,0.3794964790568361,0.2914117033808199,0.3893521836448078,0.15586642920970917,0.3290164972879428
746,4,0,0.49374978796257674,0.4562521352431884,0.3913876712322235,0.6336095574123182,0.4953496968271562,0.46175197487158837,0.3897511661052704,0.6345459495046099,0.4859958483180183,0.45003384717094413,0.3426549434661865,0.6652987543169241,0.526056103111453,0.4722526565757834,0.3498643636703491,0.7560512890882265,0.46805170555477926,0.43443783160054933,0.3543533384799957,0.6153639465837928,0.46671700225087526,0.4747291768581913,0.36556726694107056,0.5598545629533639,0.4917660120018965,0.5180933203205115,0.4005829095840454,0.5566218061011328,0.5476102892334002,0.5354917677355675,0.44545111060142517,0.6618879893632077
747,4,0,0.14289956962297382,0.1235770011608606,0.13081887364387512,0.1743028340641858,0.15736799590940345,0.12853289801882956,0.12676826119422913,0.21680282851515165,0.12852979429962288,0.11713275912569314,0.12109806388616562,0.14735855988700985,0.13369918922705434,0.11914083243315658,0.11398644000291824,0.16797029524508822,0.14913843173603863,0.12344000076583125,0.13911445438861847,0.18486084005366615,0.19193356366344583,0.1619147835637408,0.18299777805805206,0.2308881293685446,0.2294397903322444,0.19794330723778814,0.19462594389915466,0.2957501198597905,0.23380388433226976,0.20020577329633024,0.22177648544311523,0.27942939425736374
748,3,1,0.8023209647291866,0.8075495091532051,0.8303176760673523,0.7690957089670022,0.8015326259348056,0.8160425383141133,0.8294512629508972,0.7591040765394059,0.8019056055138546,0.8073789604626959,0.8431281447410583,0.7552097113378092,0.8047028903802761,0.8097752523816889,0.8301848769187927,0.7741485418403468,0.7938092737449587,0.8090820449089685,0.7979761958122253,0.7743695805136821,0.8030422553426235,0.8190093564607287,0.8250154852867126,0.765101924280429,0.7881136046954605,0.8127904557723393,0.8251848220825195,0.7263655362315228,0.8127557439479468,0.8233079214223172,0.8465980291366577,0.7683612812848651
749,3,0,0.5453704962927756,0.566374314897734,0.6060935854911804,0.46364358848941206,0.5643240153759964,0.6202820151135392,0.5790933966636658,0.49359663435078416,0.6311924066026974,0.652864266112199,0.6228720545768738,0.6178408991190195,0.5618145565176509,0.5544685332573557,0.5905091166496277,0.5404660196459694,0.6003544372067943,0.6041448319843253,0.6428244709968567,0.554094008639201,0.5590123492705747,0.6346997841659711,0.550947904586792,0.4913893590589612,0.6096952808586087,0.6577004784207523,0.5883299112319946,0.5830554529230793,0.6242150010268231,0.6545555103317077,0.6683899760246277,0.5496995167241342
750,2,0,0.10277957017866525,0.09305076225638557,0.12880028784275055,0.08648766043685964,0.09698448230540803,0.0924064710484747,0.10825444012880325,0.09029253573894613,0.10188228164379527,0.09430713906910904,0.12827220559120178,0.08306750027107501,0.10422586171775942,0.0996968134852446,0.12552201747894287,0.08745875418909074,0.0982887491924221,0.09767325216052339,0.11599212139844894,0.08120087401829398,0.10879699557235663,0.09992589909075868,0.1294594556093216,0.09700563201698964,0.1076424469540842,0.09817144627132157,0.12740205228328705,0.097353842307644,0.10303831186449941,0.09628046444042979,0.10990298539400101,0.10293148575906745
751,3,1,0.8885985303408207,0.8902356509753588,0.9068835973739624,0.868676342673141,0.8916515291407346,0.889892650562239,0.8980354070663452,0.8870265297936198,0.8923362416840314,0.8918592858297714,0.9094887971878052,0.8756606420345175,0.8936632683024738,0.8898834237722375,0.9081315398216248,0.8829748413135592,0.8864958930312626,0.8933594835577752,0.8889329433441162,0.8771952521918965,0.9018409701423343,0.8886218411037823,0.9066756963729858,0.9102253729502349,0.9041818624509356,0.8946159834299059,0.9177465438842773,0.9001830600386235,0.8996819588700976,0.901616385967087,0.9155638813972473,0.8818656092459584
752,3,1,0.9362404191659879,0.9297243812653613,0.9182969927787781,0.9606998834538245,0.9343819451473769,0.927891729159112,0.9165254235267639,0.9587286827562549,0.9399897164854165,0.9245574919160229,0.9328359961509705,0.9625756613892564,0.9347781350937465,0.9257125857556792,0.9223712086677551,0.9562506108578053,0.9312628118589154,0.9257105702729527,0.9165186285972595,0.9515592367065339,0.932963186119944,0.9309408129859134,0.9157149195671082,0.9522338258068107,0.9309035893734117,0.9335633710357992,0.913067638874054,0.9460797582103816,0.9408671696753522,0.925809967746626,0.9317411184310913,0.9650504228483394
753,1,0,0.11522535264925489,0.12275429102778893,0.1086231991648674,0.11429856775510833,0.12305708039705955,0.12756869219935366,0.107307069003582,0.134295479988243,0.1180818746002476,0.12406049985950912,0.11558397859334946,0.11460114534788422,0.11950806270305574,0.1254196946670566,0.10851269960403442,0.12459179383807617,0.11334750292730801,0.12546535772531403,0.09572847932577133,0.11884867173083868,0.10395698793790988,0.09870798409555437,0.10185382515192032,0.11130915456625495,0.10279262165848367,0.09760506485116564,0.10325322300195694,0.10751957712232842,0.10536460399871032,0.10180146530744916,0.09381880611181259,0.12047354057686918
754,1,0,0.10322945377762605,0.10694554713370108,0.09591960161924362,0.10682321257993342,0.09895706259556543,0.10419401980973239,0.09019093960523605,0.10248622837172787,0.10377373903120161,0.10380063131609167,0.09796062111854553,0.10955996465896763,0.10283115633095075,0.1061728439863896,0.09796875715255737,0.1043518678539053,0.09999850855199677,0.10358240238492121,0.09266670793294907,0.10374641533812,0.10371217630884766,0.10780358912309007,0.09729661047458649,0.10603632932886642,0.10652464861006494,0.10583585693110474,0.0998627245426178,0.11387536435647226,0.10227558266714404,0.1059336307655388,0.09681935608386993,0.10407376115202337
755,2,1,0.9115028283497398,0.9099098180250621,0.937611997127533,0.8869866698966241,0.9136889102453897,0.9077772157818476,0.9363446831703186,0.8969448317840029,0.9203351058713526,0.9172784729790057,0.9291037321090698,0.914623112525982,0.918610855601758,0.9055775023244166,0.92791348695755,0.9223415775233075,0.9051741103951175,0.9090936686191624,0.9419205784797668,0.8645080840864232,0.9123493010318455,0.9144321541326832,0.9246376752853394,0.897978073677514,0.9122194060147374,0.9010752915766411,0.9124206900596619,0.9231622364079093,0.9077365586250631,0.9018482704454824,0.9136565923690796,0.9077048130606272
756,1,1,0.9163855252984391,0.9258555279590812,0.9293051362037659,0.8939959117324705,0.9260509666092509,0.9295139955004768,0.9210918545722961,0.9275470497549798,0.9191920925084879,0.9268885304655072,0.9369014501571655,0.893786296902791,0.9215286434507363,0.9279587873927903,0.9350301623344421,0.9015969806249765,0.9222387704928545,0.9261882102584627,0.938021719455719,0.9025063817643817,0.9080237757705937,0.9201282381076694,0.9297330975532532,0.8742099916508586,0.9102450345969072,0.9203754298069434,0.9281700849533081,0.8821895890304701,0.913622609489405,0.9245754922144743,0.9275278449058533,0.8887644913478874
757,2,0,0.11151420484527204,0.0994234765223673,0.12754854559898376,0.10757059241446507,0.10651484742739609,0.09996230107401846,0.11142734438180923,0.10815489682636056,0.10834313568468563,0.09855947941745338,0.12998804450035095,0.09648188313625258,0.10945252211279793,0.09884282683231992,0.12690281867980957,0.1026119208262643,0.10101231290763546,0.09935938034536881,0.10921258479356766,0.0944649735839699,0.10070640115324543,0.08808446231873564,0.12612411379814148,0.08791062734285918,0.09337913500305318,0.08442723211763906,0.10852047055959702,0.08718970233192351,0.09469098673574981,0.0863654298737955,0.10209106653928757,0.09561646379416636
758,4,0,0.15391982491019932,0.14933994998743352,0.13965854048728943,0.17276098425587505,0.14625300219554824,0.15278102057253454,0.13111774623394012,0.1548602397801701,0.14721747032642066,0.15031141426996303,0.13273197412490845,0.15860902258439047,0.15481023750564638,0.1557979127575638,0.1398107260465622,0.16882207371281313,0.14474833191681194,0.14271210593659062,0.1267355978488922,0.16479729196495305,0.1617874678413429,0.1573834630565514,0.1371786892414093,0.19080025122606803,0.1588261075564259,0.15214253947129347,0.14155443012714386,0.1827813530708404,0.1512793958047604,0.13823226700984892,0.14089544117450714,0.17471047922992516
759,2,0,0.0949481488574188,0.07848264395245277,0.11362345516681671,0.0927383474529869,0.0976038196046276,0.07816899485189037,0.12259699404239655,0.09204546991959588,0.09384990502140146,0.07969480041461846,0.1111060231924057,0.09074889145718024,0.09435711625883586,0.07641523759160526,0.11683586984872818,0.08982024133617413,0.09451469700096127,0.07953379671928232,0.1134767234325409,0.09053357085106062,0.09447602856710659,0.07978770102343283,0.11582326143980026,0.08781712323808669,0.09736418966041137,0.07855857801559236,0.12224670499563217,0.09128728597000958,0.10027052880269942,0.08319501644905337,0.1185213029384613,0.0990952670205836
760,1,1,0.9643183622624877,0.9462912604787052,0.9726529121398926,0.9740109141688652,0.9652216446724985,0.9486357446549245,0.9706592559814453,0.9763699333811255,0.9647163313593051,0.9456453649406241,0.9713010787963867,0.9772025503409048,0.9681462159956847,0.9504923900598184,0.9722174406051636,0.981728817322072,0.964669563746119,0.9481306874726192,0.9707188010215759,0.9751592027441619,0.966792937798635,0.9521803317916225,0.9717475771903992,0.9764509044138833,0.9673324124749648,0.946258575450635,0.9724354147911072,0.9833032471831524,0.9657314267839118,0.9435431231613586,0.9670622944831848,0.9865888627071924
761,4,0,0.09971692605114257,0.09962528495367212,0.0904228612780571,0.10910263192169853,0.09690382525530683,0.09665091079198186,0.08587551862001419,0.10818504635392442,0.09788032939497156,0.09779093391099611,0.09007871150970459,0.10577134276421397,0.09881440753255415,0.09723900071906229,0.09137848019599915,0.10782574168260099,0.09842954271210659,0.09868323725992427,0.08599068969488144,0.11061470118151406,0.08150695620374503,0.09125059763639834,0.06902404874563217,0.08424622222920454,0.0725951185580698,0.0799890877853493,0.05750856548547745,0.08028770240338265,0.07478514217152378,0.08013933935390759,0.05566055700182915,0.08855553015883458
762,4,0,0.08694700052068748,0.08280488574837971,0.09623779356479645,0.08179832224888624,0.09328266737589298,0.10482782334503028,0.09905742853879929,0.0759627502438494,0.09706446488606807,0.11281237393496443,0.09888246655464172,0.07949855416859807,0.09168363766902954,0.10288447895492006,0.09105559438467026,0.0811108396674983,0.09594895654279167,0.1146227104082319,0.10245811939239502,0.07076603982774807,0.08219829854839732,0.08324636268030393,0.09625183045864105,0.06709670250624697,0.08603875122342476,0.08474847379229575,0.09448575973510742,0.07888202014287114,0.09018618429581997,0.11376641432627059,0.08990604430437088,0.06688609425681842
763,4,1,0.11986291314867419,0.1258676568630872,0.11587979644536972,0.11784128613756564,0.11924811680595553,0.12430807804535704,0.11620180308818817,0.11723446928432134,0.11520902001289801,0.12273190091719612,0.11164211481809616,0.11125304430340179,0.11990740285822697,0.12719275666669186,0.1139715388417244,0.11855791306626466,0.12131708225485072,0.1237463389164234,0.11897870898246765,0.12122619886566113,0.11887294037021634,0.11990470349612442,0.11490357667207718,0.12181054094244745,0.11913566734811576,0.1297258221708314,0.11871840059757233,0.10896277927594358,0.12671444929700063,0.12072383091908158,0.12555977702140808,0.1338597399505122
764,2,1,0.9734165615973098,0.9618818599300477,0.9768242239952087,0.981543600866673,0.9729229646552473,0.9622582750406197,0.9720056653022766,0.9845049536228456,0.9732814222938421,0.9617099768594009,0.9719485640525818,0.9861857259695437,0.973727207969762,0.9606019474661541,0.9733022451400757,0.987277431303056,0.9713290346006977,0.9598525162146863,0.9722708463668823,0.9818637412205247,0.9705662677444801,0.9634541007551295,0.9712338447570801,0.9770108577212306,0.9668142545299364,0.9586652745842645,0.9652904868125916,0.976487002192953,0.968251076616251,0.9589792968145033,0.9664902687072754,0.979283664326974
765,4,0,0.11456299117363965,0.11095372349385453,0.11343174427747726,0.11930350574958715,0.12484294606519568,0.11661446891949265,0.11080273240804672,0.14711163686804762,0.11446867280651159,0.10884455875166867,0.10997361689805984,0.12458784276980625,0.11096157960584835,0.1120834543698639,0.10794930905103683,0.11285197539664432,0.12652965134903915,0.1155887134829856,0.12026087939739227,0.14373936116673955,0.12500386908963887,0.11937784507938988,0.11283119767904282,0.14280256451048393,0.1256180942399766,0.11454901834660142,0.11561119556427002,0.14669406880905841,0.1264443971075261,0.11893610699156307,0.12269970774650574,0.13769737658450956
766,0,1,0.9670614037341423,0.9563924075376007,0.9641754627227783,0.9806163409420476,0.9641856314776717,0.9498938076722717,0.9635304808616638,0.9791326058990796,0.9637090508756474,0.9523140489646575,0.962536633014679,0.9762764706476057,0.967640904049305,0.9571115311068944,0.9656165242195129,0.9801946568215079,0.9623498593900709,0.9505009643946793,0.9604164958000183,0.9761321179755152,0.9614743325230145,0.947458894885722,0.9580621123313904,0.9789019903519313,0.9691669875769978,0.9570901423633078,0.9672083854675293,0.983202434900156,0.966398175958536,0.9538002934396667,0.9643298387527466,0.981064395683195
767,4,0,0.3472020037355656,0.22267636743426722,0.2818046510219574,0.537124992750472,0.33498522230989297,0.24218798820619608,0.2951785624027252,0.4675891163207576,0.35005565518418996,0.2597374247364368,0.3030584454536438,0.4873710953624891,0.3283232651692584,0.20477249113078833,0.2871915102005005,0.4930057941764864,0.3279644568018776,0.24898427273715257,0.3105821907520294,0.42432690691645075,0.3182910703250203,0.2301874006889965,0.2762548625469208,0.4484309477391435,0.3400607154136699,0.23721548690228833,0.2700152099132538,0.5129514494254676,0.3155918347725621,0.2567165189802802,0.3117952346801758,0.3782637506572303
768,2,0,0.5722013677231236,0.5469751562415479,0.6022555828094482,0.5673733641183745,0.5757774639373004,0.5466778360694448,0.5850687623023987,0.595585793440058,0.5785183975498988,0.5554865165126427,0.6057389378547668,0.574329738282287,0.5965451595799626,0.575321104234942,0.6200953722000122,0.5942190023049337,0.5571679024904688,0.5664196446739735,0.5817059874534607,0.5233780753439721,0.5932544857187533,0.5715738647393327,0.6221815943717957,0.5860079980451317,0.5955735271344579,0.5848534860098981,0.6268817186355591,0.5749853767579167,0.5770999901307746,0.5629095608282313,0.5744609236717224,0.5939294858923703
769,3,0,0.0921467995374634,0.09868405159899733,0.07211997359991074,0.1056363734134821,0.09367202886710385,0.09413922028932288,0.0669960081577301,0.11988085815425857,0.09265211153641544,0.09966567264269058,0.06831725686788559,0.10997340509867014,0.09146663363651385,0.09690225631528673,0.07192319631576538,0.10557444827848941,0.09375016157816862,0.09972196585011528,0.06719349324703217,0.11433502563735842,0.102878448403173,0.1000782388642086,0.08093181252479553,0.1276252938205149,0.10916770315197462,0.12021190040542547,0.07993581891059875,0.1273553901398997,0.12112525151787044,0.12792144711567452,0.09077562391757965,0.14467868352035715
770,2,0,0.11930504363592041,0.09995971144488676,0.15716779232025146,0.100787627142623,0.12161181788417484,0.10334064851949722,0.16079048812389374,0.10070431700913356,0.11510304417690047,0.09901231183765354,0.15081831812858582,0.09547850256446204,0.12026446637461875,0.10285375807163974,0.16435524821281433,0.09358439283940216,0.12202692340938655,0.10265617555069688,0.15711523592472076,0.10630935875274201,0.11864192818692067,0.10146042986717786,0.15777316689491272,0.09669218779867145,0.12234077524973724,0.10071633853002818,0.1633618026971817,0.10294418452200187,0.11877974202686521,0.10221685502491575,0.14198251068592072,0.11213986036975919
771,4,0,0.0955143758210986,0.09812772195989194,0.08732817322015762,0.10108723228324622,0.09448589608086032,0.0952515400835002,0.08518695831298828,0.10301918984609247,0.0915083891702481,0.09609144096580256,0.08400273323059082,0.09443099331435093,0.09434912179191886,0.09580170489807148,0.08542639017105103,0.1018192703066341,0.08968921373438869,0.09698098088012692,0.08369208872318268,0.08839457159985649,0.09389571907463895,0.09778775048696184,0.08574437350034714,0.09815503323660789,0.09677574509505062,0.09711653865359617,0.08693055063486099,0.1062801459966947,0.0942360392648854,0.09721046586394953,0.08319120109081268,0.10230645083989397
772,1,0,0.07881267671957588,0.08801525560606104,0.07682957500219345,0.07159319955047316,0.07691387464722955,0.08673987111242173,0.06961537152528763,0.07438638130397929,0.08015462318275655,0.08959166772555409,0.07225996255874634,0.07861223926396922,0.0789285717530204,0.08546816605134257,0.07408787310123444,0.07722967610648421,0.07977264647768506,0.08654344698191895,0.07117993384599686,0.08159455860513937,0.07132022136308946,0.07536321042107196,0.07317395508289337,0.06542349858530307,0.06597881834652643,0.07020978751455455,0.06750725209712982,0.060219415427894926,0.06929661343397159,0.0738517578876707,0.07320636510848999,0.060831717305754054
773,1,0,0.8390157093988416,0.860259171173466,0.8448587656021118,0.8119291914209469,0.8518839781913304,0.8718801723213353,0.8312158584594727,0.8525559037931832,0.8684732719139744,0.8576475082803634,0.8449740409851074,0.9027982664764524,0.8640247585703426,0.8725298338114132,0.8494174480438232,0.8701269938557908,0.8907974274823931,0.8687545240373876,0.85263991355896,0.9509978448508316,0.8568932733968174,0.8640355363929774,0.8574478030204773,0.8491964807769973,0.8749778323470195,0.8756462958565764,0.8618946671485901,0.8873925340358919,0.893115763327827,0.8863490876195171,0.8777775764465332,0.915220625917431
774,0,0,0.11721439952785406,0.10759865849034171,0.1261334866285324,0.11791105346468804,0.11706598811798989,0.10505034009302082,0.12246951460838318,0.12367810965256563,0.11740699582004298,0.10737245820969381,0.12059661746025085,0.12425191179018424,0.11602298680329674,0.10557358945452658,0.12227926403284073,0.12021610692252292,0.1199869334867839,0.10661497583527049,0.12110430002212524,0.13224152460295593,0.0756474849928347,0.07909001526178647,0.07246721535921097,0.07538522435750666,0.08243688463419291,0.09269111039020062,0.0857238918542862,0.06889565165809193,0.08131357983501393,0.08827833488474154,0.08243174105882645,0.0732306635614738
775,2,1,0.7865009402756961,0.8303617168977468,0.7854572534561157,0.7436838504732257,0.7709599485638465,0.8279762303125348,0.7740724086761475,0.7108312067028575,0.7499132922880065,0.8346546789939879,0.7630837559700012,0.6520014419000306,0.7594397055444859,0.8168824031135774,0.7419752478599548,0.7194614656599255,0.7585378751394923,0.8366764814860116,0.7527992725372314,0.686137871395234,0.7766488774078911,0.8163840826944756,0.7826067805290222,0.7309557690001758,0.7649406204021623,0.8327355764294949,0.7511827349662781,0.710903549810714,0.7520981202888173,0.8431867144875211,0.7520425319671631,0.6610651144117674
776,1,0,0.11406522822575178,0.11260255782505182,0.11701275408267975,0.11258037276952382,0.11088139141885127,0.10949897307593823,0.1114194393157959,0.11172576186481964,0.10972389647962714,0.10913616616352632,0.11190778762102127,0.10812773565433383,0.11027236630477137,0.1095445063524869,0.11108361184597015,0.11018898071585705,0.11038792959915845,0.10888009382988399,0.11132566630840302,0.11095802865918834,0.11098268172884003,0.11070016359073662,0.1095239445567131,0.11272393703907037,0.11337551660324953,0.11162587868178243,0.10651600360870361,0.12198466751926258,0.11084340948273395,0.1101246786019752,0.10808426141738892,0.11432128842883774
777,3,0,0.1304540437635359,0.12167001779520835,0.1421757936477661,0.12751631984763326,0.13240221543709038,0.12180756627448097,0.15331366658210754,0.12208541345468266,0.13003148907244444,0.1140463633143321,0.1320219486951828,0.14402615520781845,0.13416770756986074,0.12040586396851298,0.1500001847743988,0.1320970739666704,0.12256326017406137,0.11766865599595985,0.12789401412010193,0.12212711040612233,0.12650309313493532,0.11727823414538832,0.1458556354045868,0.11637540985483083,0.12853401884756055,0.12471196246233172,0.13496603071689606,0.12592406336345383,0.12179039363855843,0.11197559769490524,0.12228631228208542,0.13110927093868463
778,1,1,0.9114195780092048,0.9062371730606615,0.9156548380851746,0.9123667228817781,0.9055188119613725,0.9106885089021153,0.9204660058021545,0.8854019211798477,0.9028790984156764,0.9033440596285374,0.9220231175422668,0.8832701180762249,0.9189800360291226,0.9124131149204285,0.9199404120445251,0.9245865811224139,0.897031141054009,0.9012729636710102,0.9189152121543884,0.8709052473366284,0.9291386556333162,0.9225906551750198,0.935696005821228,0.9291293059037011,0.9349840054615957,0.9198423566237787,0.9338857531547546,0.9512239066062537,0.9344340539770811,0.9207695372666986,0.9299407005310059,0.952591924133539
779,1,0,0.12435582191146637,0.12413316114667447,0.1305282711982727,0.11840603338945188,0.12257033062463761,0.12683142607964576,0.1267334669828415,0.11414609881142557,0.12122312735488942,0.12559907403535037,0.12782344222068787,0.11024686580863,0.1267301133678471,0.12691203644749782,0.1296376734972,0.12364063015884348,0.11994824830938788,0.12320720385683831,0.1214280053973198,0.11520953567400558,0.12041730755063662,0.11706084140791619,0.1284599006175995,0.11573118062639418,0.12062010575765864,0.11776582505012688,0.12407929450273514,0.12001519772011386,0.11890987314956421,0.12243401806700106,0.11550656706094742,0.11878903432074417
780,0,1,0.9623660184566326,0.952612189819929,0.9587352275848389,0.97575063796513,0.9598594948887261,0.94588527221967,0.956630527973175,0.9770626844733333,0.9601751564526572,0.9490436381598574,0.9588887095451355,0.9725931216529788,0.9642567318656337,0.9518026276598882,0.9629095196723938,0.9780580482646186,0.9567169768283078,0.9452783917098878,0.9517609477043152,0.9731115910707206,0.9573692704628972,0.942407073746771,0.9527770280838013,0.9769237095581191,0.9624570804859448,0.9463860798547927,0.9626953601837158,0.978289801419326,0.9590014781932248,0.942712310038832,0.957673966884613,0.9766181576562292
781,0,1,0.73399261022746,0.7010086757869918,0.7488986253738403,0.7520705295215477,0.7039147745805013,0.6692430069717544,0.7207577228546143,0.7217435939151354,0.7202001849164364,0.7215031960401792,0.7122840285301208,0.7268133301790094,0.7095705631726227,0.6899750309957217,0.7023613452911377,0.7363753132310088,0.7267724496585405,0.6813197402631939,0.7416550517082214,0.7573425570042059,0.7413968348351299,0.6942481836054593,0.7572994828224182,0.7726428380775122,0.7404542993943247,0.7344085066045433,0.7259844541549683,0.7609699374234625,0.7408826092961532,0.7298982682221803,0.7344862818717957,0.7582632777944837
782,4,1,0.9627178908420483,0.9534502893545462,0.9606345891952515,0.9740687939763474,0.9598485225844203,0.9518408878061416,0.9583912491798401,0.9693134307672792,0.9637727890310037,0.9560217834519535,0.9585795402526855,0.9767170433883723,0.9636984647154859,0.9574238940783917,0.9642979502677917,0.9693735498002741,0.9614241367276931,0.9592725558461765,0.9647643566131592,0.9602354977237436,0.9640161504034132,0.9567196235938851,0.9630511403083801,0.972277687307974,0.9675786378973448,0.953757180203869,0.9693838953971863,0.979594838090979,0.9667490210911479,0.957620264727476,0.969632089138031,0.9729947094079365
783,4,0,0.5521121732157072,0.6001289519906335,0.575444221496582,0.48076334615990596,0.5673196619961022,0.6274537204832016,0.5823453068733215,0.4921599586317836,0.6486330102849055,0.6885427269181642,0.7100009918212891,0.547355312115263,0.574894811905076,0.6317894467631489,0.5945066809654236,0.49838830798665545,0.6670144964357423,0.6583626013048127,0.6816956996917725,0.6609851883106416,0.5688169045134329,0.6155333845754063,0.5734670758247375,0.5174502531401547,0.5806991607243751,0.6366474432003997,0.6078605651855469,0.4975894737871786,0.6626507540986695,0.7079181363807816,0.6772059202194214,0.6028282056958053
784,2,0,0.056365753064318035,0.06912261497391077,0.07779107242822647,0.022183571790816883,0.0511446267048885,0.0677255564787288,0.06256995350122452,0.023138370134712188,0.05238232077604187,0.06413913300525713,0.06959176063537598,0.02341606868749248,0.05254249958873563,0.061703558494643214,0.07109016925096512,0.02483377102059855,0.05724538171857018,0.0675237113452658,0.07002804428339005,0.03418438952705468,0.04731213359626398,0.0640990258503304,0.049784835427999496,0.028052539510462056,0.043843568658443334,0.06309919563000987,0.042993608862161636,0.02543790148315849,0.04330029435837188,0.059800848227490516,0.04682624712586403,0.02327378772176109
785,2,0,0.0996013977835623,0.0912170531637821,0.10319896787405014,0.1043881723128547,0.09478667331722786,0.09104481936142547,0.09640618413686752,0.0969090164533906,0.09544728084385967,0.08821734532757854,0.1000194177031517,0.09810507950084876,0.09093498959536289,0.08937202901168492,0.09080459177494049,0.09262834799946325,0.0956897387926453,0.08900053178848225,0.10080726444721222,0.09726142014224143,0.09921074190009134,0.10657033175004259,0.09404190629720688,0.09701998765302455,0.08342525498544477,0.07860856271812179,0.08519599586725235,0.08647120637096017,0.08417163164596002,0.07751834323309845,0.08616919815540314,0.08882735354937848
786,0,0,0.1082744742353031,0.1003288721404545,0.11504311114549637,0.10945143941995843,0.1069657052812082,0.10198215381619292,0.10860699415206909,0.11030796787536261,0.10496476125819143,0.10185341316701557,0.10487041622400284,0.10817045438355587,0.104037404221546,0.10132389419374604,0.10423318296670914,0.10655513550418284,0.10706027725058187,0.10285877340503394,0.10896064341068268,0.10936141493602898,0.10902801864658285,0.10418869319636648,0.11075512319803238,0.11214023954534966,0.10782835859164562,0.10215425798636278,0.10759959369897842,0.11373122408959561,0.10706309413734898,0.09985673956442925,0.1054602563381195,0.11587228650949816
787,4,1,0.5593899174067437,0.6088334878358606,0.5201528668403625,0.5491833975440081,0.5675608361436236,0.6118824201574136,0.5276628136634827,0.5631372746099749,0.5747689229258153,0.6208555515624774,0.5324673652648926,0.5709838519500758,0.5723137112121552,0.6104005839281631,0.5320391058921814,0.5745014438161212,0.5813207842298047,0.6105595594615361,0.5379942655563354,0.5954085276715426,0.6107880459123712,0.6292088354043911,0.5826800465583801,0.6204752557743425,0.5956427886830252,0.6120373136089347,0.5888106822967529,0.5860803701433881,0.6031088967927746,0.6412074320205073,0.5768757462501526,0.5912435121076636
788,0,0,0.06223073879887597,0.08860316934414637,0.06295332312583923,0.03513572392664233,0.06201907845374971,0.07882813553381361,0.060784533619880676,0.04644456620755481,0.06314528600520788,0.07872621438565282,0.06485631316900253,0.04585333046096832,0.0672082742429295,0.08553498287650721,0.06382408738136292,0.052265752470918365,0.06679331378991382,0.08745314522361132,0.061539214104413986,0.05138758204171618,0.047710130798309124,0.05840801145758702,0.04855659231543541,0.03616578862190495,0.04659832044759502,0.0590641774457398,0.049890730530023575,0.03084005336702171,0.050272545697657316,0.05950726697091546,0.0487494133412838,0.04256095678077268
789,0,1,0.7443354099430685,0.7355196565257246,0.7543463110923767,0.7431402622111043,0.7445815806913196,0.735052811919325,0.7540925741195679,0.744599356035066,0.7544098542984315,0.7270561406739969,0.7721196413040161,0.7640537809172814,0.7591527482356418,0.7424242730186665,0.77544105052948,0.7595929211587792,0.7355531754223114,0.7198830502801444,0.7577822208404541,0.7289942551463356,0.4799166116381663,0.47408820781862404,0.4716115891933441,0.4940500379025306,0.42107215879342125,0.42852351771846325,0.3967324495315552,0.4379605091302454,0.41398134104953144,0.4382873540074104,0.44324740767478943,0.3604092614663946
790,3,0,0.2642033500260287,0.2570531671878774,0.24441014230251312,0.2911467405876955,0.2501000307808627,0.24762740941757605,0.25353845953941345,0.2491342233855984,0.24550922468040234,0.2333128568603385,0.24650122225284576,0.25671359492802265,0.2541917691812173,0.2514450724120951,0.25666362047195435,0.25446661465960246,0.23917771777909935,0.2250469936640884,0.24908174574375153,0.24340441392945814,0.23500791163560705,0.2565566304943106,0.2191312313079834,0.2293358731045272,0.23065273678367906,0.27885652918508763,0.23798425495624542,0.17511742620970414,0.1974882006548746,0.20405061865375757,0.22241336107254028,0.16600062223832593
791,0,0,0.13844320711520455,0.14512991726932642,0.12289310991764069,0.1473065941586465,0.13486633481546234,0.14534431263472536,0.12067636102437973,0.13857833078728193,0.13920516309436398,0.13918601905018294,0.1174258291721344,0.16100364106077464,0.13522481108073914,0.13836167716381437,0.11768040060997009,0.14963235546843293,0.13925788263327513,0.14067653739241745,0.1228005513548851,0.1542965591525228,0.23057626361204578,0.27325909708474044,0.23806044459342957,0.18040924915796747,0.15244726423298585,0.16912593503850956,0.15008419752120972,0.13813166013923822,0.15936325781840904,0.18006599090004702,0.13675004243850708,0.161273740116673
792,4,0,0.172363979453805,0.16507626097678382,0.1575947254896164,0.1944209518950147,0.17351160570036117,0.17350240514624973,0.1355062574148178,0.211526154540016,0.169477910107225,0.16427053653483456,0.14089632034301758,0.20326687344382277,0.17619260244551427,0.17207706069041825,0.14372959733009338,0.21277114931603114,0.17202744113401222,0.1604423741326194,0.14809681475162506,0.20754313451779213,0.15901304603707947,0.15898308528602795,0.13743481040000916,0.18062124242520128,0.13634600625996393,0.14746806046400074,0.12658895552158356,0.13498100279430753,0.1410345094208653,0.12917270135883432,0.12225338816642761,0.171677438737334
793,3,0,0.06114767286172259,0.07793262447464884,0.057617612183094025,0.047892781927424924,0.056477314509581815,0.07507903806926078,0.04934749752283096,0.045005407936653696,0.05825476801442525,0.07656108957217445,0.054874058812856674,0.04332915565824462,0.05937516683736599,0.07638707766745678,0.05573008209466934,0.04600834074997184,0.06538542804948191,0.08006236327868145,0.06722985953092575,0.04886406133883855,0.048238157299908456,0.061310541454369455,0.04953228682279587,0.03387164362256003,0.05231266122582449,0.06520243500697648,0.052878547459840775,0.03885700121065622,0.052158576817915824,0.06551330105709928,0.05101032555103302,0.039952103845615164
794,0,0,0.31090430958688914,0.3253816581817049,0.33369797468185425,0.2736332958971083,0.30295360324922743,0.30975710933255024,0.3216318190097809,0.27747188140535123,0.2927896175657649,0.2960031196969374,0.3223620355129242,0.26000369748743296,0.3216819708188828,0.31911219204385344,0.33898302912712097,0.30695069128567404,0.2832685151966457,0.28968357918719856,0.34358543157577515,0.21653653482696344,0.4154951784257115,0.4184914531378153,0.4531196057796478,0.3748744763596713,0.361124884916962,0.3812101279069282,0.35003861784935,0.3521259089946077,0.32761568896223986,0.3601826414481318,0.35149699449539185,0.2711674309431959
795,3,0,0.08493079280061443,0.08425684924125944,0.07740988582372665,0.0931256433368572,0.08152373121839072,0.08405190052487561,0.07564618438482285,0.08487310874547374,0.08291538663081265,0.0849590377657361,0.07634098082780838,0.08744614129889343,0.08402305704716935,0.08391478788710197,0.07682063430547714,0.09133374894892896,0.08418275372491209,0.08622438698669702,0.07869163155555725,0.08763224263248201,0.08428554819804536,0.08412693614838586,0.08023727685213089,0.08849243159361934,0.08605080448080725,0.08393366943943992,0.07760720700025558,0.09661153700272622,0.0816356456835856,0.08287312520000566,0.0775655061006546,0.0844683057500965
796,0,0,0.1246041874381522,0.11681270659818581,0.12557020783424377,0.131429647882027,0.13284806059200274,0.12276375309527292,0.1325480043888092,0.14323242429192612,0.1255859216336398,0.11888746830513809,0.1294875293970108,0.1283827671987705,0.12680530230888487,0.11635631830572545,0.13147301971912384,0.13258656890180529,0.12514659252822521,0.12277294178469443,0.11947038024663925,0.13319645555334195,0.12366789624929238,0.10978271929902089,0.1201864704489708,0.14103449899988546,0.12009882786679743,0.10838691028230121,0.12111549079418182,0.13079408252390926,0.1248749543628015,0.11093360565443362,0.12101826071739197,0.14267299671657893
797,0,1,0.8884513682039961,0.8858974786037879,0.8938249349594116,0.8856316910487889,0.8810517536066307,0.8783389298740495,0.9096022248268127,0.8552141061190298,0.896014537966817,0.8918106233755739,0.8999964594841003,0.8962365310407768,0.8251028562601256,0.8736303553021966,0.9027590751647949,0.6989191383133853,0.8368260193430409,0.8781491045083255,0.8991489410400391,0.7331800124807579,0.9070360725760246,0.8948078824826394,0.9247124195098877,0.9015879157355468,0.8828169320686124,0.8945012634542064,0.9150313138961792,0.8389182188554517,0.8529516179144596,0.8698906954752554,0.8962081670761108,0.7927559911920126
798,4,1,0.44813843852591034,0.42840292053337803,0.4225328862667084,0.4934795087776446,0.4546339670361898,0.4327389931548825,0.4407714903354645,0.49039141761822247,0.44887692761014764,0.41416128143521513,0.4336814880371094,0.4987880133581183,0.47954870701185115,0.4233215788127122,0.45460638403892517,0.5607181581839159,0.449199400501592,0.41786354365599715,0.41982439160346985,0.509910266245309,0.4881700604044039,0.4188010204270834,0.4888067841529846,0.5569023766331438,0.4912876411326325,0.43876193995124274,0.47430169582366943,0.5607992876229853,0.4778223227200709,0.440579114689709,0.46452099084854126,0.5283668626219625
799,1,0,0.14136711901266144,0.1485838340038172,0.1715257465839386,0.10399177645022857,0.13206147204862975,0.1331867176787711,0.15607018768787384,0.10692751077924427,0.13665281845232913,0.15808926787925143,0.14760605990886688,0.10426312756886909,0.13354464862134777,0.13822029552159926,0.1518920660018921,0.11052158434055201,0.1236269968302231,0.1327430509117784,0.15360522270202637,0.08453271687686452,0.14661855757917427,0.16184205251585126,0.16070637106895447,0.11730724915271709,0.15059567760602569,0.15579370259117886,0.16676467657089233,0.12922865365600592,0.13802984718685976,0.1322369509016314,0.15647828578948975,0.1253743048694582
800,0,0,0.06700714597976067,0.04793972441664964,0.05969662591814995,0.09338508760448243,0.06322377075540746,0.04857900731660385,0.0513862669467926,0.0897060380028259,0.06309497100113347,0.04545886047059318,0.050574738532304764,0.09325131400050247,0.062249344555268114,0.044889114470206715,0.04931473731994629,0.09254418187565132,0.058494381872858305,0.048442225849311724,0.039994049817323685,0.0870468699519395,0.0924200165737435,0.07028998247926797,0.07588860392570496,0.13108146331625756,0.08535911799025303,0.07298823799506528,0.07873760163784027,0.10435151433785356,0.10371438415178286,0.07869790592840553,0.09094606339931488,0.14149918312762816
801,3,0,0.09217988260981319,0.09431909556392304,0.09266917407512665,0.0895513781903899,0.1049626406129811,0.10011497649570554,0.0974738672375679,0.11729907810566986,0.08851758431787088,0.096527852065982,0.08465846627950668,0.08436643460812397,0.08932863275599483,0.09834341027308946,0.08539508283138275,0.08424740516351228,0.10142482384950131,0.09453525704822882,0.09344492852687836,0.11629428597339679,0.09508931990777165,0.08930127578360596,0.09040698409080505,0.10555969984890394,0.08246859517088541,0.08139360823723729,0.07143677026033401,0.09457540701508493,0.08141168883316068,0.08189455095643143,0.0735030472278595,0.08883746831519108
802,0,1,0.9400479291496692,0.9383775697182228,0.9448145627975464,0.9369516549332385,0.9407224843057936,0.9423916435896277,0.9447602033615112,0.9350156059662419,0.9392919760509595,0.9429973599807232,0.9436516165733337,0.9312269515988217,0.9417779706284519,0.9431235688790867,0.9504165053367615,0.9317938376695075,0.9308699764816666,0.9424473945717066,0.9497643113136292,0.9003982235596639,0.9306237154088136,0.9124658842084494,0.9278808832168579,0.9515243788011335,0.9492231383303419,0.9400701326857926,0.9526022672653198,0.9549970150399134,0.9480760551670362,0.9416004206807047,0.9504215717315674,0.9522061730888365
803,2,1,0.9642628979708042,0.9567266691496628,0.9694474935531616,0.9666145312095884,0.9642239740599453,0.9566510951433971,0.9666348695755005,0.9693859574609384,0.9666848587246556,0.9558747800913269,0.9683577418327332,0.9758220542499066,0.9655123981488262,0.9552871834656299,0.9663968682289124,0.974853142751936,0.9589691232505156,0.9539700826830624,0.9659008979797363,0.9570363890887483,0.9634793346824376,0.9583230504741137,0.9643176794052124,0.9677972741679866,0.9592659154369191,0.953945492097773,0.9591865539550781,0.9646657002579063,0.9611951217562732,0.9543805270180924,0.9644494652748108,0.9647553729759167
804,0,1,0.7404572283095289,0.6967188021213561,0.7460751533508301,0.7785777294564004,0.6969277826023101,0.6262595782239223,0.7295077443122864,0.7350160252707217,0.7282360126744293,0.6582701732175288,0.7502239346504211,0.7762139301553379,0.7330288031438456,0.6750995079019722,0.7516865730285645,0.772300328501,0.711051001293247,0.6562475334106559,0.7160712480545044,0.7608342224145807,0.6925502074130389,0.6357931408569426,0.703360915184021,0.738496566198153,0.6938321182746742,0.6148075862129055,0.6943930983543396,0.7722956702567775,0.6732919138673766,0.634519763783098,0.6901418566703796,0.6952141211486519
805,3,1,0.07410697568200475,0.07575894172532337,0.07871488481760025,0.06784710050309062,0.08206184732149674,0.07984011034704332,0.07776382565498352,0.08858160596246338,0.07364517888658784,0.07363879464899126,0.07777328044176102,0.06952346156901125,0.07891144837070022,0.07728789926391944,0.07291746884584427,0.08652897700233694,0.07683126372110945,0.07404144748609291,0.07152761518955231,0.08492472848768313,0.07559761996838209,0.07323669019422288,0.07357507199048996,0.07998109772043344,0.07520961184998329,0.07045017869634762,0.07364051043987274,0.0815381464137295,0.07193427140075016,0.06720667325039076,0.0747239887714386,0.07387215218042116
806,2,0,0.10774623248638154,0.09670026765539882,0.13276006281375885,0.09377836698998697,0.10175511953552134,0.09559792407799507,0.11429952085018158,0.09536791367838739,0.10565838444434252,0.09581584559879974,0.13506704568862915,0.08609226204559868,0.10785131011536277,0.10285375807163974,0.13227003812789917,0.08843013414654939,0.09981873240150918,0.09935938034536881,0.11675400286912918,0.08334281399002957,0.09818630801932815,0.08560023506627801,0.12924616038799286,0.07971252860371356,0.09153061816047858,0.08791196663037507,0.11122465878725052,0.07545522906381018,0.09565049281374528,0.0863654298737955,0.10352890938520432,0.09705713918223603
807,3,0,0.11958601039698775,0.13548751446859778,0.12181685864925385,0.10145365807311166,0.10208408459655523,0.13346296763872975,0.09051098674535751,0.08227829940557846,0.1078903939512552,0.12462588852315361,0.08272483199834824,0.11632046133226377,0.1065063224410419,0.13311047278074242,0.08690613508224487,0.0995023594601384,0.1192920511233883,0.11944817888048982,0.09099047631025314,0.1474374981794219,0.14756896169308165,0.17630258610377883,0.15065988898277283,0.11574440999269328,0.1302259239914142,0.13338118329099113,0.11789430677890778,0.1394022819043437,0.1260882666245511,0.12221635880641292,0.11048513650894165,0.1455633045582988
808,4,0,0.5697982603533519,0.5854454111514532,0.5743261575698853,0.5496232123387174,0.5765548738045434,0.5886334544337495,0.5799127221107483,0.5611184448691324,0.5791491267476027,0.5870512122605509,0.5787671208381653,0.5716290471440919,0.5778412607273288,0.5871575288911295,0.5818873643875122,0.5644788889033444,0.5841429768859078,0.5872599132515959,0.5870749354362488,0.5780940819698787,0.6066877808591143,0.6110114054108217,0.6141576766967773,0.5948942604697439,0.6045836355910378,0.595428409760423,0.6214304566383362,0.5968920403743543,0.6098197046998095,0.6096069687399485,0.6269651651382446,0.5928869802212352
809,4,0,0.09776563338215183,0.09513306531482477,0.09389329701662064,0.10427053781501007,0.10052431497717518,0.09659612785117998,0.09440986812114716,0.11056694895919836,0.09367758394998249,0.09528545247359362,0.09261628240346909,0.09313101697288478,0.09574714266163058,0.0933132943466812,0.09424705803394318,0.09968107560426737,0.09904588520643849,0.09928721024533431,0.09270508587360382,0.10514535950037733,0.10271023149511299,0.0951796023697558,0.09761366248130798,0.11533742963427517,0.0991128957492306,0.09383301017047449,0.09545114636421204,0.10805453071300528,0.09881908287476071,0.0967758110879808,0.09440087527036667,0.10528056226593466
810,3,1,0.9572779991447948,0.9425543097959646,0.9535295963287354,0.9757500913096847,0.9581806629266588,0.9431769718133628,0.9586705565452576,0.972694460421356,0.9608339668602719,0.9411985037974041,0.9581008553504944,0.9832025414329173,0.9602788357060374,0.9433030220982543,0.9590961933135986,0.9784372917062595,0.9598038220887721,0.9408208647375013,0.957099437713623,0.9814911638151923,0.9602025623378913,0.9434194904025386,0.9640103578567505,0.9731778387543849,0.9617304375875472,0.9444230063641709,0.9576350450515747,0.9831332613468959,0.963920777336149,0.9453905717145846,0.9604361653327942,0.9859355949610679
811,3,0,0.09204110028461755,0.08425684924125944,0.09862220287322998,0.09324424873936327,0.09516153487147842,0.08405190052487561,0.10488803684711456,0.09654466724244512,0.09369932466054921,0.0849590377657361,0.10577961802482605,0.09035931819108549,0.0928445494409809,0.08391478788710197,0.10328511148691177,0.09133374894892896,0.09399208740396596,0.08622438698669702,0.10720374435186386,0.08854813087333697,0.09086007711074856,0.08412693614838586,0.09996086359024048,0.08849243159361934,0.09107419551445488,0.08393366943943992,0.09569387882947922,0.0935950382744455,0.09035581570062647,0.08287312520000566,0.10062196850776672,0.087572353394107
812,0,0,0.11040078365509436,0.10120298566550957,0.1153705045580864,0.11462886074168713,0.11622247506548668,0.09985485297277381,0.12673670053482056,0.1220758716888657,0.11329292113046262,0.09551812450335367,0.13137836754322052,0.11298227134481365,0.11529993576206395,0.10120924627494227,0.13018856942653656,0.11450199158471305,0.11130022122531003,0.09473512428424327,0.11211730539798737,0.1270482339936994,0.08663981376328732,0.07681939048457427,0.09768936038017273,0.08541069042511497,0.0830220118021739,0.08116016651087125,0.08790648728609085,0.07999938160955962,0.07943391959486774,0.07590580148706909,0.08726314455270767,0.07513281274482646
813,3,0,0.10627899748029312,0.09710043172311697,0.1102188229560852,0.11151773776167717,0.11508490429664257,0.1039492625994736,0.11216024309396744,0.12914520719648664,0.10700996655975824,0.10370717331819898,0.10180442780256271,0.115518298558513,0.10746983414475757,0.10121234369282052,0.10757064074277878,0.11362651799867342,0.110458064221383,0.09860064651464302,0.11269553005695343,0.12007801609255259,0.1111285984713013,0.09823788723102635,0.11677466332912445,0.11837324485375313,0.10813872804075014,0.0962228884962404,0.10624873638153076,0.12194455924447929,0.10910443514227443,0.09931298444809779,0.10511023551225662,0.1228900854664689
814,4,0,0.08813825348452915,0.10081770038838347,0.0780799463391304,0.08551711372607361,0.09573406065155869,0.10399743688673121,0.08953993022441864,0.09366481484352623,0.10411050396806677,0.11992412773685725,0.07925286889076233,0.11315451527658078,0.10568525142095138,0.11785009143059251,0.0829368606209755,0.11626880221128615,0.10420337897660026,0.09984593316557511,0.07979881763458252,0.13296538612964315,0.090524458530296,0.0854075250229042,0.07811442017555237,0.10805143039243145,0.08093886359138909,0.07797953064952491,0.06829891353845596,0.09653814658618641,0.07982107660758096,0.08415694493934946,0.07411801815032959,0.08118826673306384
815,0,0,0.10908283777214904,0.09778393350416656,0.12988713383674622,0.09957744597553436,0.11691521666130329,0.10229408287070232,0.13997086882591248,0.10848069828729512,0.11211119654171954,0.09931988974277842,0.13408344984054565,0.10293025004183458,0.10725158735804878,0.09774018796094132,0.11869759857654572,0.1053169755366593,0.11204812597765547,0.10233902601702774,0.12329909950494766,0.11050625241099103,0.11186461900785928,0.10115857130905191,0.12135394662618637,0.11308133908833957,0.1114819140046525,0.09951171893461673,0.12365078926086426,0.11128323381847646,0.11861474502881103,0.09901856528375523,0.13187934458255768,0.12494632522012017
816,3,0,0.10368817751696478,0.1146532468531599,0.10440036654472351,0.0920109191530109,0.09044485800467321,0.1151780770782586,0.08513731509447098,0.07101918184129005,0.10030792992969224,0.10575015911728848,0.07505181431770325,0.12012181635408503,0.09502236618336751,0.1111994973409855,0.07589641213417053,0.0979711890749465,0.10683212549393732,0.10192051191697185,0.08870922774076462,0.1298666368240755,0.0903999902796752,0.11047301044797621,0.08476575464010239,0.07596120575094702,0.10134419336940365,0.1092639906392972,0.08378860354423523,0.11097998592467852,0.09042541537378784,0.09700441435548017,0.08730420470237732,0.08696762706350601
817,2,0,0.5919351311151106,0.6055481607489415,0.5960192680358887,0.5742379645605018,0.6067459251896463,0.6076857329596606,0.5977691411972046,0.6147829014120739,0.5938355908973145,0.6120284950008564,0.5834314823150635,0.5860467953760239,0.5970252500559693,0.6134464803048546,0.5971969962120056,0.5804322736510474,0.5864893744593765,0.6109259971407971,0.5882763862609863,0.5602657399763462,0.5943667240270657,0.6124048893782863,0.5967274904251099,0.5739677922778008,0.6093144588500451,0.6209673002103427,0.6126303672790527,0.5943457090607401,0.5979401086586258,0.6200577656159265,0.6112953424453735,0.5624672179145773
818,2,0,0.1286287319677959,0.10528510811585448,0.12812095880508423,0.15248012898244898,0.13272974641232624,0.10814849887667874,0.12555330991744995,0.16448743044285002,0.12761378812895677,0.10719140991172041,0.1095079556107521,0.16614199886439782,0.12726110210796593,0.10268973924593407,0.11409291625022888,0.16500065082773482,0.13169737865007825,0.10652539225378944,0.1311698853969574,0.1573968582994879,0.1292198213297773,0.11131558597986228,0.11190536618232727,0.1644385118271424,0.1379166510623619,0.1319729703111496,0.12451288104057312,0.15726410183536293,0.13959237009188843,0.12917158654425898,0.14785173535346985,0.14175378837793653
819,0,0,0.07788762496983213,0.08762887983766728,0.06943561881780624,0.07659837625402287,0.08077662028590493,0.09038659846235782,0.0789295956492424,0.0730136667461146,0.08537619752817689,0.08514879245505218,0.07503662258386612,0.09594317754561241,0.08019493885086715,0.08861968574242168,0.08042458444833755,0.0715405463618422,0.07698520946944605,0.08921207825271142,0.06989600509405136,0.07184754506157535,0.09742443465464025,0.10286571160883082,0.08917222917079926,0.1002353631842907,0.09877205519378734,0.09555627133748518,0.10539814829826355,0.0953617459456133,0.08627124451747754,0.08859585432928466,0.10131105780601501,0.06890682141713299
820,2,0,0.04887477180180191,0.0607684937667784,0.048011425882577896,0.03784439575604942,0.04890439869031324,0.06070807915228956,0.047225452959537506,0.03877966395911264,0.04832555358930102,0.06121166721487903,0.04770299047231674,0.03606200308070728,0.048347518338443286,0.056852369389274814,0.04857497662305832,0.03961520900299673,0.05233226907253463,0.059841228527685045,0.049761224538087845,0.047394354151831,0.04753332978373754,0.05876971020485462,0.04550204798579216,0.03832823116056584,0.04578024077627402,0.058008615448844,0.04497522488236427,0.03435688199761377,0.04437269342603259,0.055398789076898276,0.043223753571510315,0.03449553762968919
821,4,1,0.9144857334499518,0.8905234265260645,0.9096134305000305,0.9433203433237601,0.9190951480080085,0.8916219455426697,0.9146521687507629,0.9510113297305928,0.9081890834281509,0.8792510183158913,0.9120270609855652,0.9332891709829961,0.9141053100321113,0.8895865288899674,0.911270260810852,0.9414591403955143,0.9052836839500404,0.8867591604897231,0.9117962121963501,0.9172956791640482,0.9241213124433244,0.8966404887997194,0.9255725145339966,0.9501509339962568,0.9101037293082354,0.9041752308581524,0.9024257063865662,0.9237102506799874,0.9105117312766903,0.8877120685977519,0.9099212884902954,0.9339018367420234
822,3,1,0.09231482432183986,0.08018889111321643,0.10198169946670532,0.09477388238559785,0.1008470519162565,0.08999655477501904,0.10328666120767593,0.10925793976607448,0.09811225151508346,0.09184427377128851,0.10796661674976349,0.09452586402419838,0.09356890522784128,0.08570490320967125,0.1014123484492302,0.09358946402462238,0.10176566302819641,0.09016261336474707,0.11011198908090591,0.10502238663893627,0.09312453627051831,0.08999450050116915,0.09710448980331421,0.09227461850707157,0.09494828512401497,0.08708768449289662,0.10299172252416611,0.09476544835498217,0.0944899996507596,0.08446121444713604,0.09838801622390747,0.1006207682812353
823,0,0,0.24247530382766072,0.1774009851172885,0.2161695510149002,0.3338553753507935,0.22144764017571528,0.14910531276730174,0.21117879450321198,0.30405881325663203,0.2403040693319335,0.1883298502636009,0.22378458082675934,0.3087977769054402,0.22518391944375185,0.15009899893815504,0.21962057054042816,0.3058321888526724,0.18897795067023102,0.14804601657845945,0.22473977506160736,0.19414806037062626,0.24436451306629348,0.15537192533212071,0.23323634266853333,0.34448527119822636,0.24606002926895565,0.1684669740360222,0.21070824563503265,0.35900486813581206,0.2049766542186112,0.1662240201272236,0.23615142703056335,0.21255451549804658
824,1,1,0.8489736753639505,0.8361949380093806,0.8093346357345581,0.9013914523479128,0.8376871769192519,0.8302464533886827,0.8311873078346252,0.8516277695344475,0.8653970251778939,0.8397132636618403,0.8320837020874023,0.924394109784439,0.8568294538884108,0.8331570327598753,0.8423169851303101,0.8950143437750473,0.8737217174398698,0.8439473518359277,0.8421337604522705,0.9350840400314112,0.8953552897534661,0.8670838541900986,0.8739567995071411,0.9450252155631587,0.9013470600120993,0.8594632829399624,0.891767680644989,0.9528102164513463,0.911986691979703,0.8790844922845811,0.8897681832313538,0.9671074004231739
825,3,0,0.06000671890534853,0.07187225028724695,0.06457782536745071,0.043570081061347944,0.062284758341306534,0.06963515715384723,0.06468531489372253,0.052533802976349867,0.061192307896683486,0.07660952798756042,0.05975613370537758,0.04721126199711245,0.05975156264204908,0.07153961453542948,0.0656355619430542,0.042079511447663566,0.06890595470962851,0.0770523418172871,0.08168185502290726,0.04798366728869118,0.06244419493326988,0.0705193094779593,0.07022684812545776,0.04658642719639256,0.053184147400501425,0.06910148363125211,0.05675525218248367,0.03369570638776849,0.06218098880298967,0.07407778386836426,0.0651397854089737,0.04732539713163104
826,2,0,0.12366474930791875,0.16907932541359644,0.09887196123600006,0.10304296127415974,0.12041487886066193,0.1674885891712496,0.09193100780248642,0.10182503960824982,0.1203445250592512,0.16691113591819526,0.09716639667749405,0.09695604258206428,0.11514774230249702,0.1618326377792009,0.08982917666435242,0.0937814124639378,0.12326528585549539,0.17211904595020303,0.09920234233140945,0.09847446928487369,0.1254533075449548,0.1763570355936925,0.10006937384605408,0.09993351319511777,0.10035723624002096,0.13249836261563167,0.08558470010757446,0.08298864599685676,0.10677261151650393,0.1551333596332269,0.08211871981620789,0.08306575510007697
827,1,0,0.48967953585209,0.5302099836856656,0.3216058611869812,0.6172227626836231,0.4691285878923126,0.49929363480225,0.2864345908164978,0.6216575380581901,0.5140464313604526,0.5505112121274197,0.3416355848312378,0.6499924971227001,0.4942280343752697,0.5190125257418442,0.3389565646648407,0.6247150127191243,0.48454558794335395,0.5266428173624774,0.29366543889045715,0.6333285075771272,0.5790236003107384,0.6291191824991845,0.4098500609397888,0.6981015574932419,0.5944561381768995,0.6482793967792854,0.42516279220581055,0.7099262255456025,0.5785953485747485,0.6482019392546532,0.4240189492702484,0.6635651571993437
828,3,1,0.8888096383250433,0.8820607101379263,0.9092792272567749,0.8750889775804289,0.8756988150172565,0.8840354647334456,0.9046777486801147,0.8383832316382093,0.8889569470836499,0.8798681941895509,0.9165709614753723,0.8704316855860266,0.9017153470322753,0.8902551491167646,0.9131218791007996,0.9017690128792619,0.8911079682960029,0.8810642383088142,0.893958330154419,0.8983013364247755,0.8789707024480625,0.8966358975557012,0.8813757300376892,0.8589004797507971,0.8300040145347105,0.8642408986122625,0.8894193768501282,0.7363517681417409,0.8495556418369632,0.8561858667990134,0.8941122889518738,0.7983687697600024
829,1,1,0.12611027300053898,0.12413316114667447,0.13257849216461182,0.12161916569033061,0.12369071986155278,0.12683142607964576,0.1267334669828415,0.11750726652217111,0.12156224109155318,0.12559907403535037,0.12984010577201843,0.10924754346729074,0.12739460581601808,0.12691203644749782,0.13163115084171295,0.12364063015884348,0.12141128265765684,0.12320720385683831,0.1214280053973198,0.1195986387188124,0.12041730755063662,0.11706084140791619,0.1284599006175995,0.11573118062639418,0.1212687557879537,0.11776582505012688,0.1260252445936203,0.12001519772011386,0.11890987314956421,0.12243401806700106,0.11550656706094742,0.11878903432074417
830,4,1,0.926421172183186,0.8906165073374912,0.9293630123138428,0.9592839968982239,0.916902764429854,0.8904064739993093,0.9116729497909546,0.9486288694992983,0.9168206895812147,0.8919007518371868,0.906400203704834,0.9521611132016231,0.9177904664268448,0.8893361587394522,0.9066682457923889,0.9573669947486935,0.9141760954576285,0.8988656509677331,0.9125984907150269,0.9310641446901257,0.9255704805344291,0.8969528200634764,0.9255735278129578,0.9541850937268532,0.9342852540240196,0.9034437501790712,0.9401142001152039,0.9592978117777837,0.9332812628906865,0.9102621106600313,0.9389382600784302,0.9506434179335976
831,0,1,0.7223707421673699,0.7651435245993407,0.7448037266731262,0.6571649752296427,0.722653293471733,0.7738997494181044,0.7306248545646667,0.6634352764324278,0.7340246322856302,0.7760535822360977,0.7377608418464661,0.6882594727743266,0.723031768318828,0.7617644524812959,0.7248805165290833,0.6824503359461049,0.7300722724955387,0.7600440235778039,0.7462849617004395,0.6838878322083728,0.5349344277590768,0.5646494805627444,0.4659121334552765,0.5742416692592095,0.5248739517881206,0.5781739019716643,0.4996483325958252,0.4967996207968723,0.5060364187717625,0.5983584094027623,0.4728638231754303,0.446887023737095
832,2,1,0.9547068842826314,0.9368029686370835,0.971059262752533,0.9562584214582777,0.9576457754689421,0.9378094145728121,0.9679906368255615,0.9671372750084524,0.9566052050125721,0.9427057882546799,0.9655539393424988,0.9615558874405378,0.9563987935436241,0.9364063393614299,0.9665127992630005,0.9662772420064417,0.9561274244144263,0.9391997023446138,0.9670912027359009,0.9620913681627643,0.9546880117459454,0.9416529143552755,0.9664810299873352,0.9559300908952255,0.9585754874313294,0.9398839112244731,0.967681884765625,0.9681606663038902,0.961020754216111,0.9415234770402042,0.9732077717781067,0.9683310138300222
833,2,0,0.0991455120868983,0.10167874727552195,0.09557884931564331,0.10017893966952965,0.10236134614045088,0.10128172320970621,0.10296680778265,0.1028355074289964,0.1014522367516363,0.10321146849977293,0.09945816546678543,0.10168707628835057,0.10075452277420392,0.10072128918116859,0.1022501289844513,0.09929215015699189,0.10146734770311394,0.10403154760386106,0.10073123872280121,0.09963925678267951,0.10169821812002493,0.10783854177833083,0.09252235293388367,0.10473375964786026,0.10535386788906725,0.1004020977503017,0.10303652286529541,0.11262298305160463,0.09767405206734507,0.10074611758853003,0.09953390061855316,0.09274213799495201
834,4,0,0.10113371135089183,0.09962528495367212,0.10019849985837936,0.103577349240624,0.0984362374518435,0.09881471461843498,0.10041991621255875,0.09607408152453678,0.10336077554849708,0.09779093391099611,0.10359343141317368,0.10869796132132147,0.1020755162030925,0.10094544463102013,0.10395478457212448,0.10132631940613292,0.09930545425450817,0.09868323725992427,0.09709075093269348,0.10214237457090673,0.10365488700385207,0.10040734960303203,0.10408668220043182,0.10647062920809236,0.1005573188650033,0.09857577465608365,0.10196516662836075,0.10113101531056554,0.1005860981989569,0.10095397144400403,0.09508630633354187,0.10571801681932481
835,4,0,0.09936463551586312,0.09812772195989194,0.09471900761127472,0.10524717697642269,0.10339852313133369,0.0952515400835002,0.09240983426570892,0.12253419504479192,0.09916681488063483,0.09726642749827118,0.0896594226360321,0.11057459450760121,0.09647683299097386,0.09580170489807148,0.08971300721168518,0.10391578686316488,0.09553043202307765,0.09766129087285517,0.0880715548992157,0.10085845029716207,0.10325185853860512,0.09904013733382665,0.09553356468677521,0.1151818735952135,0.10573781258339388,0.09856161569484133,0.09630867093801498,0.12234315111732527,0.10445885939218919,0.0989350350128571,0.09830736368894577,0.11613417947476466
836,4,1,0.9584499626995872,0.9443004881760643,0.9514649510383606,0.979584448884337,0.9555969819894542,0.9415572732366775,0.9547156095504761,0.9705180631812091,0.9651150817778621,0.948151928777314,0.9601648449897766,0.9870284715664954,0.95703123417255,0.9445640045644217,0.9545721411705017,0.9719575567827264,0.9627850455665293,0.9493584104710306,0.9579483270645142,0.981048399164043,0.9546666036184431,0.9429308978015661,0.9544652700424194,0.9666036430113438,0.9543481903556766,0.9465945073669823,0.9451774954795837,0.971272568220464,0.9591645867873669,0.9478260136771287,0.9525290727615356,0.9771386739234362
837,4,0,0.09626849402916571,0.09812772195989194,0.08847715705633163,0.10220060307127357,0.09483172365389637,0.0952515400835002,0.08655864000320435,0.10268499087498457,0.09520324297848426,0.09609144096580256,0.0865580290555954,0.10296025891405478,0.09456145781301206,0.09580170489807148,0.08659432828426361,0.10128834025670111,0.0920745124751931,0.09698098088012692,0.08369208872318268,0.09555046782226974,0.09671649977068197,0.09778775048696184,0.08811991661787033,0.10424183220721374,0.09841733584020496,0.09711653865359617,0.0894160270690918,0.1087194417979269,0.0976000907217948,0.09721046586394953,0.08637417107820511,0.10921563522322973
838,4,0,0.10335273515169047,0.09962528495367212,0.10810216516256332,0.10233075533883594,0.10160215313486376,0.09881471461843498,0.10596229135990143,0.10002945342625486,0.10280780762428277,0.09779093391099611,0.10525435954332352,0.1053781294185287,0.10263588382365314,0.10094544463102013,0.10614334791898727,0.10081885892095202,0.10064201623069569,0.09868323725992427,0.10378589481115341,0.09945691662100936,0.10377379729230239,0.0991664390170357,0.11214324086904526,0.10001171199082622,0.10410293561919089,0.09857577465608365,0.10842634737491608,0.10530668482657296,0.10203465219628445,0.10095397144400403,0.10391519218683243,0.1012347929580169
839,1,1,0.5384611016000923,0.5713034553724777,0.43051937222480774,0.6135604772029913,0.5446401409934541,0.5647823616879438,0.40713486075401306,0.6620032005384056,0.5495115729925554,0.5915923811945004,0.4195093512535095,0.6374329865296562,0.5447345411971761,0.5600760789381617,0.4297340512275696,0.644393493425797,0.5342411885629587,0.5667012074009133,0.410477876663208,0.6255444816247547,0.6299602866920863,0.6624034775277458,0.5115064978599548,0.7159708846885585,0.640109705775093,0.6939976507108924,0.5104994773864746,0.7158319892279121,0.6263165218132193,0.6853267936193058,0.5129480361938477,0.6806747356265046
840,0,1,0.33218272074768546,0.33426140273596777,0.3345327079296112,0.3277540515774772,0.31861498624867074,0.32773865673877245,0.31916311383247375,0.3089431881747661,0.3255027433452082,0.3026646760547425,0.3507845103740692,0.32305904360681276,0.332639143310595,0.32785948041758584,0.35021573305130005,0.31984221646289906,0.32022542640030566,0.29637129864565087,0.34907764196395874,0.3152273385913074,0.32502836512755157,0.3034747748035656,0.312318354845047,0.35929196573404204,0.33174698391484747,0.34057297034144945,0.3299683928489685,0.32469958855412434,0.30410338532893133,0.2992057581487097,0.3112369477748871,0.30186745006319715
841,2,0,0.09587823302993166,0.09636179101305384,0.09024663269519806,0.10102627538154313,0.09022617111324616,0.09620014300806792,0.0861659124493599,0.08831245788231068,0.09280559709071823,0.09480776781302888,0.08695109933614731,0.09665792412297847,0.09048890633448992,0.09440072855175527,0.08422092348337173,0.09284506696834276,0.09204282876835301,0.09566436785036787,0.09095745533704758,0.08950666311764363,0.0970606405053722,0.09777317773717208,0.09848669916391373,0.09492204461503079,0.09879667831395873,0.09487206681197026,0.09883663803339005,0.10268133009651591,0.09790373126334313,0.09409851395936425,0.10160158574581146,0.0980110940848537
842,1,0,0.11471473001042558,0.1200227314901431,0.08868186920881271,0.13543958933232092,0.11905717337773451,0.11250795528091025,0.09711157530546188,0.14755198954683138,0.11652251310778305,0.11703922339672836,0.09027688205242157,0.14225143387419928,0.1259671830009036,0.11507154901575267,0.10195308923721313,0.16087691074974494,0.13095312775229231,0.12185372902436477,0.09927211701869965,0.1717335372138126,0.13211578739179392,0.1313463095404935,0.11504939943552017,0.14995165319936807,0.13489257162475118,0.13017469365091974,0.11733077466487885,0.1571722465584549,0.13528665245988428,0.1445330452198209,0.09864844381809235,0.16267846834173955
843,3,1,0.9047985013583566,0.8924824572557399,0.9151230454444885,0.9067900013748412,0.9104273464625058,0.8921701768073397,0.9062532186508179,0.9328586439293599,0.904648291033275,0.8916059942032937,0.9251713156700134,0.8971675632265181,0.905131553812863,0.8958715313081008,0.9134432673454285,0.9060798627850601,0.9020352873345931,0.8946772131850595,0.9099538326263428,0.9014748161923771,0.9127302986749236,0.9076294538197717,0.9159739017486572,0.9145875404563419,0.875132995673685,0.8895266549064555,0.8919196724891663,0.8439526596254328,0.8727147490453864,0.8791515312767193,0.8949386477470398,0.8440540681124
844,4,0,0.07461661722570474,0.08444584675903802,0.06484424322843552,0.0745597616896407,0.07015720211008593,0.07916791145332511,0.062945656478405,0.0683580383985277,0.07980650223061748,0.08868458229152991,0.06991524994373322,0.08081967445658932,0.0758450573458759,0.07770972129075282,0.0674658715724945,0.08235957917438039,0.07550720590109272,0.08083611004224493,0.06671454012393951,0.07897096753709372,0.07795230543877625,0.08504927915725587,0.06931880116462708,0.07948883599444584,0.07486607533395515,0.07925992986757063,0.06690973043441772,0.07842856569987708,0.07051916595621177,0.08304420368457632,0.0670001208782196,0.06151317330583937
845,4,0,0.09866494062364332,0.09812772195989194,0.09471900761127472,0.10314809229976328,0.10302714383298943,0.0952515400835002,0.09240983426570892,0.12142005714975912,0.09972551335961567,0.0957373070719243,0.0896594226360321,0.11377981037089065,0.09886173305663064,0.09580170489807148,0.08971300721168518,0.11107048706013525,0.09484229944098188,0.09614216391942561,0.08522431552410126,0.1031604188794188,0.10548248810220621,0.09751103322738042,0.09553356468677521,0.123402866392463,0.10659301894651158,0.09699348197131465,0.09630867093801498,0.1264769039302051,0.10453517556160297,0.09729948093491401,0.09830736368894577,0.1179986820609491
846,0,0,0.08567509991732453,0.09408829559484823,0.08983840048313141,0.07309860367399397,0.08695868001615747,0.09697549590030613,0.09348458051681519,0.07041596363135114,0.08825337979939137,0.09408856064640664,0.09424082934856415,0.0764307494032033,0.08553491468499719,0.09513910254316786,0.09711828082799911,0.0643473606838246,0.08069459130450174,0.09419641362796598,0.08263780921697617,0.06524955106856306,0.10012313073932873,0.10333795479687427,0.111259326338768,0.08577211108234394,0.09802388259190503,0.09843316436880534,0.11235949397087097,0.08327898943603877,0.08962713499824071,0.09372297640975642,0.10841869562864304,0.06673973295632271
847,4,0,0.11450080824128396,0.17204630280957206,0.13773512840270996,0.033720993511569854,0.12176397707442022,0.1807785961124599,0.14363381266593933,0.04087952244486142,0.12969294119055227,0.19964812943655955,0.15655480325222015,0.03287589088287716,0.11960949498832124,0.1857743033894864,0.14201848208904266,0.031035699486434632,0.12856438725860558,0.2029429232581871,0.13659784197807312,0.04615239653955654,0.09469334090541053,0.1483007756807538,0.10207913815975189,0.033700108875725804,0.0735164354775909,0.11840006468942636,0.08044669777154922,0.02170254397179711,0.07419942986060586,0.11984531548489853,0.07823639363050461,0.02451658046641444
848,2,0,0.0707626114224377,0.07291626052384279,0.05994263291358948,0.07942894082988083,0.06906010841574071,0.07294667804891888,0.06081387773156166,0.07341976946674159,0.0745070779997342,0.07578689692998278,0.07006429135799408,0.07767004571122572,0.07075530670557849,0.07397815516837236,0.05768343806266785,0.08060432688569527,0.07244578434486226,0.07556489138561041,0.06130575016140938,0.080466711487567,0.07581873722305209,0.07754209248723272,0.06739581376314163,0.08251830541878193,0.07571263325866089,0.07646963687123763,0.06886359304189682,0.08180466986284819,0.07625332021734571,0.07609699475836067,0.0676044374704361,0.08505852842324035
849,0,0,0.3232964583647909,0.2773132881983958,0.3620527684688568,0.3305233184271201,0.3462395944479197,0.28499670595223936,0.3826215863227844,0.37110049106873516,0.3295771156974685,0.2920169971181466,0.37052831053733826,0.3261860394369207,0.3662199846069016,0.2879412903128037,0.42872393131256104,0.3819947321953399,0.3719090004505567,0.2828002227987521,0.4090973436832428,0.42382943486967506,0.3188135833359082,0.3254372820903623,0.30836203694343567,0.3226414309739266,0.3894129579287231,0.3759768363353089,0.32016903162002563,0.4720930058308348,0.4285672454618223,0.3860683128286442,0.39865371584892273,0.5009797077078998
850,4,1,0.9571605050014873,0.9382658047363907,0.9554067850112915,0.9778089252567798,0.9575283644263778,0.9406598795238216,0.9619572758674622,0.9699679378878497,0.9599927111836628,0.9451756277936824,0.9630781412124634,0.9717243645448426,0.958496850133573,0.9376085699236272,0.9621903300285339,0.9756916504485575,0.9552905204244865,0.9411466331200598,0.959666907787323,0.9650580203660767,0.951171741324009,0.941102020083977,0.9516884088516235,0.9607247950364263,0.9557002081124489,0.9389290289154365,0.9592269062995911,0.9689446891223192,0.9591238130929001,0.9444518837719545,0.9592673778533936,0.973652177653352
851,2,0,0.055845984189076735,0.0607684937667784,0.05519484728574753,0.05157461151470428,0.057666483361776676,0.06070807915228956,0.056057196110486984,0.056234174822553454,0.05258248851836004,0.06121166721487903,0.06028521806001663,0.03625058028018446,0.05162323358715685,0.056852369389274814,0.05635443329811096,0.041662898074084784,0.05525107705014378,0.059841228527685045,0.055964525789022446,0.04994747683372383,0.049386913166529156,0.05876971020485462,0.05023837089538574,0.03915265839934712,0.04666255364595349,0.058008615448844,0.049729444086551666,0.032249601402464786,0.04619162579351119,0.055398789076898276,0.05234973132610321,0.030826356977532086
852,4,0,0.11877832689130173,0.17077175776335385,0.09688181430101395,0.08868140860953738,0.12054818818668561,0.18742068268042159,0.0942811593413353,0.07994272253829998,0.11919316572003907,0.17469886529776193,0.10127619653940201,0.0816044353229533,0.11911812455110475,0.18291269439926067,0.09018583595752716,0.0842558432965264,0.11161855918040409,0.1521804572164776,0.0960596427321434,0.08661557759259124,0.10317281902687725,0.14477588121913962,0.08733636140823364,0.07740621445325846,0.1121110246127265,0.1521922862326573,0.09921731054782867,0.08492347705769356,0.10673799637176362,0.13721680813688314,0.09063191711902618,0.09236526385938156
853,1,0,0.116860579522395,0.07456586707930306,0.08842555433511734,0.1875903171527646,0.1071439921597236,0.0692928307825997,0.07717429101467133,0.17496485468189982,0.10116207814597063,0.07447975860826588,0.10485269129276276,0.12415378453688324,0.10356304275847313,0.07286876076150528,0.1013542041182518,0.1364661633956623,0.104732850994616,0.07347717134790283,0.09807419776916504,0.14264718386678016,0.07091168964144105,0.05152120539901147,0.06572513282299042,0.09548873070232124,0.06782977317818738,0.05425497646822849,0.06561799347400665,0.083616349592327,0.07143319913786698,0.0557341761409129,0.058423202484846115,0.10014221878784192
854,3,1,0.9257232996458655,0.8998681719520571,0.9244238138198853,0.9528779131656543,0.9203735043507081,0.8927156423557623,0.9112208485603333,0.957184022136029,0.931276971834571,0.9013800329043903,0.9209119081497192,0.9715389744496036,0.9201918915695771,0.8991426678106714,0.9114404320716858,0.9499925748263741,0.9313363200476914,0.9068722233598269,0.9215676188468933,0.9655691179363538,0.925504360938931,0.90125068051264,0.9146939516067505,0.9605684506974022,0.9282162647600245,0.9061935918478896,0.9197499752044678,0.958705227227716,0.9286301626259937,0.9141121736238587,0.9270105957984924,0.9447677184556301
855,2,0,0.8732705510531655,0.885708894390438,0.8855432868003845,0.8485594719686743,0.8703555340664798,0.8825561947982111,0.8834120631217957,0.8450983442794325,0.8694620932540814,0.8886609358386325,0.8849275708198547,0.834797773103757,0.8682120250794805,0.879849651202399,0.8785495162010193,0.8462369078350229,0.8676839241934472,0.8832993142897069,0.8886038661003113,0.8311485921903239,0.8780623549487387,0.8865127288502835,0.8889324069023132,0.8587419290936198,0.873457694796242,0.8817368890560436,0.8883265256881714,0.8503096696445114,0.8766720808491621,0.8829733380753898,0.8872526288032532,0.8597902756688434
856,4,1,0.5204731827728734,0.5286979348342062,0.4412694573402405,0.5914521561441735,0.527220067927053,0.5530050879943368,0.45961132645606995,0.569043789330752,0.5120306780735989,0.5385767427464524,0.43520376086235046,0.562311530611994,0.5034711502732034,0.5294216804226854,0.4178447723388672,0.5631469980580578,0.5045500971771174,0.5331510149097219,0.3979203999042511,0.5825788767173793,0.5377929376557586,0.5627915860556802,0.4559345841407776,0.5946526427708181,0.5288505398389913,0.5327400763084899,0.4431907832622528,0.6106207599462313,0.5128413955534474,0.5633967330042935,0.43186160922050476,0.543265844435544
857,0,1,0.9572927264294441,0.9509914824308001,0.9561331272125244,0.9647535696450078,0.9582559959576148,0.94588527221967,0.953037440776825,0.9758452748763491,0.9525436074647295,0.9490436381598574,0.9558390378952026,0.9527481463391287,0.9621074688958507,0.9518026276598882,0.961324155330658,0.973195623697006,0.9482775535554095,0.9452783917098878,0.9462829232215881,0.9532713457347528,0.9526226264422989,0.9434609114231997,0.9463344812393188,0.9680724866643785,0.9585833970406545,0.9463349339363013,0.9542535543441772,0.9751617028414852,0.9529907251998111,0.9445715627946836,0.9512466788291931,0.9631539339755565
858,2,1,0.2360044176652637,0.24194304662889643,0.26312899589538574,0.2029412104715089,0.22818699602575418,0.25507092942476145,0.24033492803573608,0.189155130616765,0.2395768643234125,0.21016234388568392,0.2560507655143738,0.2525174835701797,0.2484167134873394,0.2417361452468308,0.2478109896183014,0.2557030055968861,0.21511141359711136,0.2186408863551779,0.2475239336490631,0.17916942078709305,0.24732884614005013,0.257711602231291,0.28179341554641724,0.20248152064244207,0.22806179674141527,0.22480738120869373,0.26295098662376404,0.19642702239178814,0.23543088156985723,0.22668354489169423,0.2603265643119812,0.21928253550589621
859,3,1,0.8858250545305678,0.8492046320383089,0.8933830857276917,0.914887445825703,0.8781716754298735,0.8425372771752001,0.8938618898391724,0.898115859275248,0.881297426064271,0.8522709205534061,0.8909090161323547,0.9007123415070521,0.8909972783062998,0.8523429393619634,0.8968784213066101,0.9237704742503258,0.8824550013594318,0.8474122383473653,0.8940183520317078,0.9059344136992223,0.9071999156785345,0.8779180282455322,0.9045577645301819,0.9391239542598893,0.9019298344937812,0.8799190154674043,0.8957436680793762,0.9301268199345629,0.9003544204218669,0.8807033233739764,0.8787374496459961,0.9416224882456283
860,1,0,0.12699655708554403,0.13122100793808353,0.13516555726528168,0.11460310605326686,0.1258429625002404,0.13356279597771462,0.12800173461437225,0.11596435690863441,0.12297361340071254,0.12887188378906747,0.12794160842895508,0.1121073479841151,0.12730930227599802,0.13362318896213912,0.12985432147979736,0.11845039638605762,0.12227890736767254,0.12639519225026932,0.1255737692117691,0.1148677606409792,0.12767542024873285,0.12815831081957546,0.13512401282787323,0.11974393709874985,0.12779651750142446,0.12855498691147282,0.13476501405239105,0.12006955154040949,0.12570395569898513,0.13071055519942978,0.12910977005958557,0.11729154183794005
861,3,0,0.06312867368091883,0.07954389523356238,0.06014591082930565,0.04969621497988847,0.06264144739446352,0.08006529849392431,0.06267452239990234,0.045184521289563934,0.06112034552834992,0.0744811711159034,0.05998525768518448,0.04889460778396187,0.059575178782553306,0.08016837041871336,0.0583246648311615,0.04023250109778506,0.06196551501333086,0.07501910724351515,0.06204828992486,0.04882914787161743,0.05761932378578959,0.07306965919082756,0.058686140924692154,0.04110217124184907,0.05981326606770652,0.07014602385554658,0.06657643616199493,0.042717338185578047,0.06268763888518492,0.06856505183710258,0.06528285145759583,0.05421501336085631
862,3,0,0.12612937913568592,0.13162150514583895,0.10072413086891174,0.14604250139230707,0.11403163543420665,0.13572918099224454,0.0936829000711441,0.11268282523923129,0.12082708589493936,0.12164034598967194,0.09783156216144562,0.1430093495337005,0.11730195809522055,0.12753529737350816,0.09624958783388138,0.1281209890782721,0.11937946357872391,0.12320535973115133,0.0934593677520752,0.1414736632529452,0.12210919753341314,0.12927757189883782,0.10025859624147415,0.1367914244599274,0.12892549573485787,0.13853152926092246,0.10152314603328705,0.14672181191036412,0.12831271937711355,0.1264911025851292,0.10055197775363922,0.15789507779257222
863,0,1,0.9309621599501464,0.9268802594548089,0.9161526560783386,0.9498535643172915,0.9225589149372974,0.9147782252461536,0.9155157208442688,0.9373827987214695,0.9271800365722007,0.917592783805729,0.9178887009620667,0.9460586249488064,0.9307193479383636,0.924697283410476,0.9161425828933716,0.9513181775112429,0.9246690357015449,0.9076047439662721,0.9128747582435608,0.9535276048948014,0.9421218483406184,0.9260147138406017,0.943093478679657,0.9572573525015966,0.9306947168646703,0.9234195674996658,0.9282076358795166,0.9404569472148283,0.922654388413714,0.9138100615397461,0.923475444316864,0.9306776593845321
864,4,0,0.06970741257715482,0.09258007549145003,0.0754268690943718,0.04111529314564264,0.06791533362112828,0.09027999332057245,0.07696454972028732,0.03650145782252505,0.06836804235352152,0.09164172327193962,0.06912470608949661,0.044337697699128334,0.06676784838395461,0.0954759270301076,0.06912712007761002,0.035700498044146205,0.0811950836370957,0.09806846664285682,0.07483214884996414,0.0706846354184661,0.059738955294928696,0.07167521381907684,0.06537250429391861,0.04216914777179066,0.055906571813477336,0.06725723861635663,0.05075458437204361,0.04970789245203176,0.054504253882092034,0.06734872370485884,0.05531289801001549,0.04085113993140176
865,3,0,0.10805774444907668,0.10251918898443758,0.09676036983728409,0.12489367452550836,0.09831671803873292,0.10565406155736803,0.0942247211933136,0.09507137136551712,0.10386007158466959,0.09819132743743221,0.09343144297599792,0.11995744434057862,0.10907425742714368,0.10571546659111546,0.09796833992004395,0.1235389657702716,0.10358894260799012,0.09857979743430505,0.09083522111177444,0.12135180927789083,0.1083109184773402,0.10466546502409779,0.10195005685091019,0.1183172335570126,0.11850212750290795,0.11186572601389957,0.09946991503238678,0.1441707414624375,0.10358431381364797,0.10197499432943369,0.09479732066392899,0.11398062644758124
866,3,1,0.7756788753575784,0.8087429991886493,0.7676583528518677,0.7506352740322181,0.7421856697997454,0.8058748845934125,0.7358866930007935,0.6847954318050301,0.7785721438841634,0.8089451353213911,0.7578490376472473,0.7689222586838522,0.7910002462710848,0.8126423680174728,0.7576842308044434,0.8026741399913383,0.7606729219390275,0.8061425353769459,0.740490198135376,0.7353860323047605,0.773993752071374,0.8236156601159442,0.7555364370346069,0.7428291590635705,0.8075653142076048,0.8434717031116872,0.8017706274986267,0.7774536120125006,0.802413671138432,0.8440817934404651,0.8178712129592896,0.7452880070155414
867,2,1,0.8293227325810424,0.8329751711535583,0.8448773622512817,0.810115664338287,0.826775449201622,0.8437700289549621,0.8419845700263977,0.7945717486235062,0.8153010719915003,0.8369893553575007,0.8331034183502197,0.7758104422667803,0.8261570324800313,0.8335823311342864,0.8459044694900513,0.798984296815756,0.828328402494985,0.8385403975283502,0.8494986295700073,0.7969461803865975,0.8284344934856925,0.8318799911822635,0.837224006652832,0.8161994826219822,0.8367970821097476,0.8484145167498706,0.8592471480369568,0.8027295815424156,0.8324319871293188,0.8531109755735911,0.8662194609642029,0.777965524850162
868,2,0,0.5749669000172004,0.5569896303574008,0.6503502130508423,0.5175608566433583,0.590523973561273,0.566215826513808,0.6508448719978333,0.5545112221721777,0.5241886854653085,0.5200802996900492,0.6028704047203064,0.44961535198556984,0.5846849264517867,0.5732567743960066,0.6127777695655823,0.5680202353937711,0.5475146594410809,0.5231626779548582,0.6263352632522583,0.4930460371161264,0.5595083710455935,0.5804804884145424,0.6227219104766846,0.47532271424555356,0.5496840860937425,0.571306982477007,0.6275434494018555,0.4502018264023654,0.5401393621988078,0.5110930471491149,0.636508584022522,0.47281645542478634
869,1,0,0.11619582703099247,0.1367337989911914,0.10000117123126984,0.11185251087051618,0.11425152203220938,0.13710322096324312,0.09635592997074127,0.10929541516264374,0.1190803207571311,0.1392963728577692,0.10448581725358963,0.11345877216003449,0.12011686865147687,0.13972056772690186,0.10585376620292664,0.11477627202460212,0.11288788661375232,0.13765234022947437,0.09354127943515778,0.1074700401766248,0.10967679561435655,0.11182370122339741,0.10057935863733292,0.11662732698233931,0.11288930328110895,0.1105231915576126,0.1077740266919136,0.12037069159380064,0.10423823050183073,0.10978827847555415,0.09481605887413025,0.10811035415580776
870,2,1,0.9154073201942406,0.8975941221350242,0.9345901012420654,0.9140377372056326,0.9070875747800867,0.895768654075216,0.9157747030258179,0.9097193672392262,0.9204794303293413,0.9047645706748436,0.9179074168205261,0.9387663034926541,0.9205919058978406,0.895873862408606,0.9218885898590088,0.944013265425907,0.9170782028418447,0.8936159070161296,0.9194537997245789,0.9381649017848256,0.9160150749916299,0.9057078938016504,0.9163991808891296,0.9259381502841096,0.9194881088077232,0.906172578737929,0.9108105301856995,0.9414812174995416,0.9107584145620798,0.9046336609405333,0.9206173419952393,0.907024240750467
871,0,0,0.09621576197466818,0.09619220301727224,0.0950937569141388,0.09736132599259348,0.09979391481626186,0.1007481531117715,0.1016971692442894,0.0969364220927247,0.09884320364059562,0.09761098411298101,0.09864822775125504,0.10027039905755084,0.09701571439004479,0.09600476458813269,0.09790946543216705,0.09713291314983466,0.10111605096639571,0.1017017250727227,0.10082025080919266,0.1008261770172718,0.10359805033258028,0.10117865553351676,0.0994250550866127,0.11019044037761137,0.0987997526431433,0.09911437901778954,0.0911472737789154,0.10613760513272495,0.10142771075370176,0.09933725738225756,0.10056482255458832,0.10438105232425937
872,2,1,0.9380337550276749,0.9316026403206747,0.9345545172691345,0.9479441074932156,0.9403318355550478,0.9320257751911806,0.935432493686676,0.9535372377872868,0.931182941395508,0.9224266162683764,0.9306694865226746,0.9404527213954729,0.9315086550580802,0.9326610935318324,0.9284593462944031,0.9334055253480051,0.9311019861025581,0.9234596504021239,0.930171012878418,0.9396752950271324,0.9348721522627104,0.9310646243865918,0.9305064678192139,0.9430453645823256,0.9356009116813192,0.9415273197467797,0.9261649250984192,0.9391104901987586,0.9395162360401065,0.9388489976870985,0.931695282459259,0.948004427973962
873,3,0,0.16009093638685912,0.1874879335664367,0.15378622710704803,0.13899864848709265,0.16029535742717818,0.18031399209298668,0.14476601779460907,0.15580606239393877,0.1503046675379044,0.17250598678729848,0.12466387450695038,0.15374414131946434,0.15169875171697364,0.18269762114442664,0.12573513388633728,0.14666350012015694,0.17865279703478135,0.1800581983766832,0.13902321457862854,0.21687697814903234,0.16737194868103253,0.1764491442842788,0.15142278373241425,0.1742439180264045,0.15999752154826521,0.16689303879535783,0.13840532302856445,0.17469420282087342,0.15712886945819812,0.17044398285737852,0.15794794261455536,0.14299468290266046
874,0,0,0.09020491404475489,0.0956080901785981,0.09983525425195694,0.07517139770370963,0.09826379570519768,0.10013674811824114,0.10865554958581924,0.08599908941153268,0.09228176689855762,0.09879001661606207,0.10591799020767212,0.07213729387193869,0.08874452626203204,0.09522262061335787,0.09774085134267807,0.07327010683006016,0.09592753853831752,0.09730153314679318,0.09555777162313461,0.09492331084502476,0.08945547132793986,0.09219292592486188,0.09698792546987534,0.07918556258908238,0.09497972035184858,0.09916803953740976,0.10328260064125061,0.08248852087688538,0.09434521027302907,0.08997861996774682,0.102720707654953,0.09033630319638739
875,1,1,0.871912419265546,0.8890615331147832,0.8664349317550659,0.8602407929267888,0.8767071982411107,0.8889439576248787,0.8732004761695862,0.867977160928867,0.8697876597549743,0.8871499247445079,0.8700998425483704,0.8521132119720444,0.8674526972820619,0.8916342763166705,0.8689699769020081,0.8417538386275072,0.8644911897252473,0.8816933075296941,0.8570913672447205,0.8546888944013277,0.8734547816625439,0.8924429877021903,0.8801767230033875,0.8477446342820538,0.869494158266701,0.8887075938888696,0.8877698183059692,0.8320050626052642,0.874031271124677,0.8913434711647191,0.8881062269210815,0.8426441152882305
876,0,1,0.704558518050975,0.7221068672378369,0.7151942849159241,0.676374401999164,0.686289597872109,0.7302804109983602,0.6731634736061096,0.6554249090118571,0.6954970681718574,0.7362431725120929,0.6977154016494751,0.6525326303540042,0.6947272251678526,0.725191832619791,0.6840814352035522,0.6749084076802142,0.7156908724694588,0.7466249793478822,0.7011902332305908,0.6992574048299037,0.6984260456494539,0.7175085718690892,0.6739148497581482,0.703854715321124,0.6980546646761466,0.7266692540089267,0.6704277396202087,0.6970670003993045,0.6977614211432872,0.7087191755442706,0.667375385761261,0.7171897021243302
877,4,0,0.07092058664621091,0.07650338806875309,0.057403527200222015,0.07885484466965763,0.07292551675000586,0.0817891633578386,0.05382610857486725,0.08316127831731172,0.07681240872261018,0.08033042109463595,0.05584171786904335,0.09426508720415122,0.07078403659383853,0.07599177227076044,0.051489681005477905,0.08487065650527727,0.07189327990448106,0.07885485209783967,0.052454303950071335,0.08437068366553219,0.059880388116648524,0.07144329348041689,0.037360116839408875,0.0708377540301198,0.058550910079881585,0.07268644457222635,0.04093850404024124,0.06202778162717716,0.06205677115634426,0.07941345146259754,0.04015421122312546,0.06660265078330978
878,3,0,0.09140558589808688,0.08922165406298528,0.08450838178396225,0.10048672184731311,0.09080022180362864,0.09218706425052828,0.09288551658391953,0.08732808457643812,0.09054009321707185,0.09151455121031651,0.08614442497491837,0.09396130346598065,0.09240259392934318,0.08972427827598482,0.09275739639997482,0.09472610711206983,0.08908302877190961,0.08956163760602397,0.08816719800233841,0.08952025070736647,0.09055228694799121,0.08594391044313748,0.09245400130748749,0.09325894909334864,0.08922028704992609,0.08862674911942528,0.09122846275568008,0.0878056492746729,0.08779136257134584,0.09067043650031002,0.09741269797086716,0.07529095324286034
879,1,0,0.10274214418262233,0.10694554713370108,0.09562119841575623,0.10565968699840966,0.09689609148670349,0.10419401980973239,0.09019093960523605,0.09630331504514204,0.10323896993228422,0.10570462579756995,0.09858791530132294,0.10542436869795978,0.10289925781819191,0.1061728439863896,0.0969819575548172,0.1055429719133689,0.0993746259832249,0.10426406785907397,0.09266670793294907,0.10119310215765166,0.10349983789610107,0.10676137973093909,0.09908777475357056,0.10465035920379358,0.10617130908975399,0.10583585693110474,0.10125638544559479,0.11142168489256243,0.1031069558846212,0.10789729350860285,0.09846925735473633,0.10295431679052443
880,1,1,0.9282271307594625,0.9173433798269005,0.910674512386322,0.956663500065165,0.9292755391932689,0.9192499442026463,0.9206403493881226,0.9479363239890377,0.929089378332589,0.9117500007446903,0.9157755970954895,0.959742537157587,0.9287307584438214,0.9206873268631368,0.9129082560539246,0.9525966924144026,0.9265239279637788,0.9125781760613088,0.9179940819740295,0.9489995258559984,0.932729450371497,0.9184217217807833,0.9275019764900208,0.9522646528436868,0.9381919356328723,0.925862063323873,0.9319790005683899,0.956734743006354,0.9306745061520156,0.9132275841948293,0.9229036569595337,0.9558922773016839
881,2,1,0.9437148125415163,0.9338238097140756,0.9543956518173218,0.942924976093152,0.9418308639849752,0.9350482303957997,0.9515787363052368,0.9388656252538893,0.9470550166491969,0.9385019521309991,0.9505681395530701,0.9520949582635218,0.9467112684396267,0.9392983292581792,0.9485152363777161,0.9523202396829848,0.9446988712928817,0.9366709055814029,0.9481744170188904,0.9492512912783516,0.9423052937615112,0.93558218074013,0.9491414427757263,0.9421922577686769,0.9485106500374881,0.9374107782242447,0.952979326248169,0.9551418456400509,0.9443967739042174,0.940186328105152,0.9478124976158142,0.9451914959916857
882,4,0,0.10804139418061492,0.09749325149809733,0.1254359781742096,0.10119495286953785,0.10656417998295531,0.0981792557152516,0.11993509531021118,0.10157818892340312,0.10837361060856536,0.09735031978344376,0.12362208217382431,0.104148429868428,0.10480535482287069,0.09911291242668008,0.11645610630512238,0.09884704573680962,0.10939610110846788,0.09831914166443599,0.12207131832838058,0.10779784333258709,0.10405735035878272,0.09502350612857766,0.11857134848833084,0.09857719645943967,0.10382004348238477,0.0949292541633511,0.11426723003387451,0.1022636462499287,0.1085539534100501,0.09938033465792742,0.11413496732711792,0.11214655824510499
883,1,0,0.6477333580836885,0.6356957334784167,0.645765483379364,0.6617388573932848,0.6340496485163652,0.6329115722693981,0.6592323780059814,0.6100049952737164,0.644705809632049,0.6404245849546124,0.6482206583023071,0.6454721856392277,0.6494214449659238,0.6394663780016066,0.6410621404647827,0.667735816431382,0.6383553949196065,0.6306697481556893,0.6667349934577942,0.6176614431453358,0.6970350868766272,0.7014824675297187,0.7152142524719238,0.6744085406282391,0.6862792504952479,0.7053145813705961,0.710112452507019,0.6434107176081283,0.6889153520816748,0.701233065657002,0.716821551322937,0.6486914392650853
884,0,0,0.11405960296059597,0.10967837337491754,0.10949434340000153,0.12300609210686887,0.1221734219048289,0.10963074327198166,0.11744312196969986,0.13944640047280518,0.11418403488789532,0.10778414728846697,0.11108295619487762,0.12368500118034137,0.11852746212248795,0.10917242671643983,0.10750087350606918,0.1389090861449548,0.11550463203699406,0.11057699667284149,0.10968156158924103,0.12625533784889964,0.12184167281375802,0.11049417303721769,0.11592594534158707,0.1391049000624693,0.12396041066756193,0.10757391368743756,0.11699394136667252,0.1473133769485757,0.11864955831342423,0.10837511032867209,0.12170799821615219,0.1258655663954484
885,0,0,0.1103343205200376,0.1073109733491703,0.11249063163995743,0.1112013565709851,0.1089930338192614,0.1031584968341688,0.11333915591239929,0.11048144871121607,0.11342879720645536,0.10890454516057521,0.12106657773256302,0.11031526872622786,0.10971275648501462,0.10844696061344931,0.10759535431861877,0.11309595452297577,0.11250066963084332,0.11312013739676013,0.10933323204517365,0.1150486394505962,0.10825305092557795,0.1082953735644005,0.1089860200881958,0.10747775912413757,0.11375659283905343,0.10942715700817593,0.11959044635295868,0.11225217515602569,0.10913039264309483,0.10464455686238225,0.11566437780857086,0.10708224325833139
886,0,0,0.060638882358825495,0.06629563374701067,0.048597030341625214,0.0670239829878406,0.0526519082116071,0.05948088867206937,0.04791019856929779,0.05056463739345414,0.05910347754345816,0.051897797867628645,0.0568612776696682,0.06855135709307765,0.05978866051899498,0.06176708462363923,0.04683172330260277,0.07076717363074295,0.06042529938483204,0.06070242828898551,0.04473506286740303,0.07583840699810758,0.05374854286724972,0.05406786113696202,0.046697113662958145,0.06048065380182899,0.05072877191008849,0.05440358036033504,0.04644226282835007,0.05134047254158035,0.05434510202118995,0.05600786241105348,0.046824172139167786,0.06020327151334858
887,2,0,0.22195389803696242,0.20001218891611197,0.205995574593544,0.25985393060123124,0.25266843756852236,0.2093368857536793,0.24118702113628387,0.30748140581560385,0.23956790383850454,0.19331632529415863,0.2023525983095169,0.32303478791183804,0.22883171217705586,0.19969007875333256,0.21552905440330505,0.27127600337453,0.2504858679587971,0.18972507381367376,0.2735596001148224,0.2881729299478953,0.22511716342832955,0.186468745585716,0.2062283307313919,0.28265441396788077,0.23391048986933075,0.190943578395404,0.1963823437690735,0.3144055474435148,0.24313659785744046,0.18558154290277049,0.26813647150993347,0.27569177915961746
888,3,1,0.9296041053763774,0.9257964242496495,0.9185971617698669,0.9444187301096159,0.9280577234505568,0.9259890861129175,0.9114260673522949,0.9467580168864581,0.9277831665706078,0.9211479371925941,0.9133221507072449,0.9488794118119843,0.9271641262865374,0.9225400668661325,0.914951741695404,0.9440005702980756,0.9259928420497322,0.9245906078491654,0.9049839973449707,0.9484039209550607,0.9365788160919019,0.9348048243597775,0.919666051864624,0.9552655720513038,0.9370462851226522,0.93879598408769,0.9207751750946045,0.951567696185662,0.9307257386163882,0.9427887531258469,0.9178243279457092,0.9315641347776086
889,3,0,0.6561232038077572,0.6674313240032429,0.6518256068229675,0.6491126805970613,0.6270423595310122,0.6430881708689359,0.6448859572410583,0.5931529504830422,0.6313717704689927,0.6424193647345957,0.6445373892784119,0.6071585573939707,0.6556212011945726,0.6674457252499153,0.6338797211647034,0.6655381571690989,0.6501508736578739,0.6528084304758657,0.6567006707191467,0.6409435197786092,0.5456567575845285,0.57635615203911,0.4964541792869568,0.5641599414275188,0.4608947983872647,0.5048576661674784,0.4551631808280945,0.4226635481662214,0.47207630448161825,0.5156609895423723,0.4169556796550751,0.4836122442474073
890,2,1,0.5686659104988044,0.6182895742739678,0.6155219078063965,0.4721862494160488,0.5842133595008839,0.6093511825596761,0.6723790764808655,0.4709098194621103,0.5612901654905976,0.6038759356017795,0.6130270957946777,0.46696746507533565,0.5829991560032902,0.6205369436379164,0.6266070604324341,0.5018534639395201,0.5790466220010448,0.61393957208206,0.6692005395889282,0.45399975433214634,0.58994786474877,0.6291434377204708,0.5992650985717773,0.541435057954062,0.5877948088835764,0.6315927084001645,0.6267932057380676,0.5049985125124973,0.597095195938921,0.6253005012555378,0.6741517782211304,0.4918333083400949
891,0,0,0.1170651042277742,0.10320659168757479,0.12567411363124847,0.12231460736449931,0.10878999776432685,0.10167885676110879,0.12957635521888733,0.09511478131298444,0.11284850960720942,0.10131593589398677,0.12485433369874954,0.11237525922889194,0.11246533391375235,0.10128616176557265,0.12526169419288635,0.11084814578279806,0.10501016811195525,0.10254527099838069,0.11334341764450073,0.09914181569298437,0.11410407126965268,0.10453089274733512,0.12426895648241043,0.11351236457921247,0.11891985648049784,0.10749751457487204,0.1334807574748993,0.11578129739172217,0.10544716467169356,0.10580172582520399,0.11492092907428741,0.09561883911558926
