PassengerId,Survived,fold,deotte,deotte_score,typed_cat,typed_cat_score,typed_rf6,typed_rf6_score,eb_cat,eb_cat_score,typed_eb_cat,typed_eb_cat_score
1,0,1,0,0.06521950662136078,0,0.06424804397656245,0,0.09110848802873463,0,0.07754114411660726,0,0.06300887445886948
2,1,4,1,1.0,1,0.9460871145452993,1,0.9699338757036455,1,0.9522271977735579,1,0.9524048361792633
3,1,3,1,0.8454732298851013,1,0.5528549986300536,0,0.3821151160970703,1,0.5285248570991158,1,0.5461339576179792
4,1,3,1,1.0,1,0.9648129168053508,1,0.9730340417204348,1,0.9739080078470084,1,0.9640376850438334
5,0,4,0,0.03520161285996437,0,0.0975364304088467,0,0.06759190485362221,0,0.09636610171588754,0,0.10740292236466423
6,0,0,0,0.010118832811713219,0,0.0862365561440452,0,0.10312650882908354,0,0.08818940248846567,0,0.08858189839053073
7,0,3,0,0.0005069803446531296,0,0.30560947021650275,0,0.1855351505046576,0,0.3493433147975091,0,0.3767440251939396
8,0,2,0,0.0,0,0.02042611757295229,0,0.03303328387643329,0,0.016303803667999828,0,0.01015749371842999
9,1,2,1,1.0,1,0.9154804895233775,1,0.8377188862014636,1,0.8859853510135393,1,0.9000947161720896
10,1,0,1,1.0,1,0.8620743011161733,1,0.9682518019704717,1,0.9324036313937097,1,0.9231173340953562
11,1,2,1,1.0,1,0.9824866279698946,1,0.9666802236570684,1,0.9372898085834681,1,0.9617941413013679
12,1,4,1,0.8868663311004639,1,0.8621591393525202,1,0.8635848207433537,1,0.9176156995488686,1,0.9302301132478776
13,0,2,0,0.05137872323393822,0,0.08942291451789909,0,0.08315100882843024,0,0.0854810586808289,0,0.08500527459977511
14,0,4,0,0.00020968847093172371,0,0.08559155570266806,0,0.1015720510847573,0,0.10519102775027278,0,0.10470617803031544
15,0,3,1,0.8837661147117615,1,0.6984531011142239,1,0.8397593355566402,1,0.677259476724236,1,0.6420484130733459
16,1,2,1,0.9968543648719788,1,0.7562900583752026,1,0.8082121930536212,1,0.9106612797624718,1,0.8836720874286468
17,0,1,0,0.0,0,0.026915111409011035,0,0.07365243028463629,0,0.015658548349062152,0,0.01705680986292212
18,1,1,0,0.7322532534599304,0,0.08526132325620014,0,0.10105906086645348,0,0.09772496887771258,0,0.08699295079008955
19,0,2,0,0.0,1,0.5147399620617416,1,0.6544573025474437,0,0.4088464095320942,0,0.42602804920931303
20,1,4,1,0.9136391282081604,1,0.6522416333755288,1,0.5183154753547696,1,0.5622257965038581,1,0.5845981290602413
21,0,3,0,0.3472902774810791,0,0.13297515417374978,0,0.11812147981856314,0,0.09707119264045652,0,0.09120526134546864
22,1,4,0,0.07675743103027344,0,0.160349347325875,0,0.09963302041417588,0,0.09225382048787584,0,0.11448176129584862
23,1,3,1,0.5254159569740295,1,0.6601695017697744,1,0.5958302320941395,1,0.6471923174015666,1,0.6346656799618291
24,1,0,0,0.12065698206424713,0,0.3600187028166154,0,0.3982615422172887,0,0.3547558643550102,0,0.3321862737998087
25,0,0,0,0.0,0,0.024838546437788055,0,0.002466666666666667,0,0.013719300150360955,0,0.0153461772079434
26,1,4,1,1.0,1,0.7341317360488714,1,0.5946736341635065,0,0.39625084281815054,1,0.5175989653069942
27,0,0,0,0.06807238608598709,0,0.1202405367305801,0,0.10870192609792056,0,0.12357108346912041,0,0.12663599291442335
28,0,4,0,0.5657621622085571,0,0.4779831870372694,0,0.45778647318281745,0,0.3831416110046421,0,0.47648120125115795
29,1,4,1,0.8577601909637451,1,0.6615066146706209,1,0.6856170805968643,1,0.6599733208090656,1,0.6721364828289149
30,0,4,0,0.03059985488653183,0,0.10626969546366755,0,0.06929317474180857,0,0.11019621026722236,0,0.10492278176061579
31,0,4,0,0.5376831889152527,1,0.5401774038785276,0,0.38751726186717816,0,0.3600009140991251,0,0.33851079406449636
32,1,4,1,1.0,1,0.9765438892229992,1,0.9966846619577537,1,0.9697046405589378,1,0.9710494967974962
33,1,2,1,0.8067701458930969,1,0.6714965253948435,1,0.6974272383208516,1,0.6711784027837078,1,0.6691948101976257
34,0,3,0,0.26669806241989136,0,0.10599942645831592,0,0.1078976346091826,0,0.08545663961915666,0,0.085265583075041
35,0,3,0,0.1776895970106125,0,0.2327146867039908,0,0.25852728305442624,0,0.270077889335958,0,0.2507447325326701
36,0,4,0,0.06477668136358261,0,0.4526493429549118,0,0.39614446834221223,1,0.5539060498381703,1,0.5601478834288365
37,1,4,0,0.009809233248233795,0,0.10954745694216123,0,0.05886757112045522,0,0.10714559817052853,0,0.0966210176321978
38,0,3,0,0.06563170999288559,0,0.11292987086362094,0,0.06859710772649737,0,0.11459760180552266,0,0.11628858877150586
39,0,2,0,0.0,1,0.5484193831084917,0,0.4638484090433166,0,0.41234701211369945,0,0.4971569587963077
40,1,2,1,1.0,1,0.9666322645140738,1,0.9211846187140919,1,0.9157952013083355,1,0.946129547079108
41,0,2,1,1.0,1,0.5825375494782195,0,0.3733030459096907,1,0.5088303089219118,1,0.5169561937130835
42,0,3,1,1.0,1,0.8355050963122752,1,0.9565910898821215,1,0.9332437667849826,1,0.9322626934891025
43,0,3,0,0.01737002283334732,0,0.1199396089136335,0,0.08811432542116651,0,0.1203365730678767,0,0.11800835278265322
44,1,3,1,1.0,1,0.9783926909083557,1,0.9788494181668537,1,0.9733197311049068,1,0.9737099020818438
45,1,4,1,0.7736517190933228,1,0.65011586738094,1,0.6852499865797703,1,0.6429993625917126,1,0.6721364828289149
46,0,3,0,0.012330164201557636,0,0.11485039241557794,0,0.08242505811149675,0,0.11558153095057143,0,0.11447274403949538
47,0,3,0,0.019571978598833084,0,0.12373450559258778,0,0.0809072580302358,0,0.11885438052007875,0,0.11304307182698638
48,1,1,1,0.966999351978302,1,0.709430902386848,1,0.8565251566296671,1,0.7210487693082251,1,0.7071171253512791
49,0,0,0,0.053294241428375244,0,0.13483352017857503,0,0.15763938392946336,0,0.12646156926352708,0,0.12995605521057615
50,0,0,1,1.0,1,0.6925999241664654,1,0.6194105094685427,1,0.610633877075055,1,0.595666085866459
51,0,1,0,0.0,0,0.024306179933638993,0,0.009310466286086071,0,0.010964488788882985,0,0.013120001257439569
52,0,1,0,0.0016511054709553719,0,0.10892556940344135,0,0.09225211041437054,0,0.1065459437541213,0,0.1058043423738055
53,1,1,1,1.0,1,0.9371038537130811,1,0.9594636711846207,1,0.9532327229176987,1,0.9186587027458518
54,1,0,1,1.0,1,0.7593157887352812,1,0.9150150095195898,1,0.8984129712000202,1,0.9013467897293508
55,0,2,0,0.057954225689172745,0,0.26995664837560157,0,0.2447795610041944,0,0.3153760767673084,0,0.3397744176959194
56,1,2,0,0.18649980425834656,0,0.320045222053638,0,0.21654860638919404,0,0.3259884170167172,0,0.35380480375061474
57,1,4,1,0.6182350516319275,1,0.8160994064474815,1,0.883474313497842,1,0.945995976966202,1,0.925469923696051
58,0,1,0,0.08786791563034058,0,0.11031565974294076,0,0.11687506492533167,0,0.1126417198584348,0,0.11890429175297187
59,1,0,1,1.0,1,0.963616046860656,1,0.9792879956010951,1,0.958886103859283,1,0.9719624004261045
60,0,0,0,0.0,0,0.015922736758833177,0,0.021136909230666173,0,0.010100972416325333,0,0.013520070366359119
61,0,2,0,0.15447820723056793,0,0.09493333703444484,0,0.06804028999975859,0,0.09212547782764745,0,0.0852552423325174
62,1,2,1,0.9968543648719788,1,0.9790303026405158,1,0.9991990605154698,1,0.9798437856111268,1,0.9827917849891508
63,0,1,0,0.060652222484350204,0,0.26517248552896816,0,0.32669912031986514,0,0.34048501797378866,0,0.23848653897699604
64,0,2,0,0.0,0,0.021117447225418494,0,0.036345427100440905,0,0.020328861470181436,0,0.014327218061133762
65,0,2,0,0.014228858053684235,0,0.24943274183540887,0,0.3371831058653533,0,0.3714972901640568,0,0.38170006105150694
66,1,2,1,1.0,1,0.9732181653046456,1,0.9713236416821132,1,0.9464379489053948,1,0.9594984390667234
67,1,3,1,0.9911150932312012,1,0.8505482027798766,1,0.9399550461150944,1,0.9370427990491081,1,0.9308369645487773
68,0,3,0,0.49461808800697327,0,0.11292987086362094,0,0.09032630313346837,0,0.11459760180552266,0,0.11669019108905991
69,1,1,1,1.0,0,0.2667220743182597,0,0.04302228441275352,0,0.23073224288887836,0,0.35586115682414104
70,0,2,0,0.021405763924121857,0,0.09841576718331521,0,0.07064189456857164,0,0.08214949377431267,0,0.08963786393761837
71,0,1,0,0.7023765444755554,0,0.13368924419681516,0,0.11710583290846048,0,0.10818632530049196,0,0.10063092473771544
72,0,0,0,0.0,0,0.017714113843120792,0,0.022600000000000002,0,0.01093626650356302,0,0.013446889255935342
73,0,2,0,0.0009995230939239264,0,0.40437122291627636,0,0.20417869818246367,0,0.3545139182210075,0,0.3990001920138967
74,0,1,0,0.005119309760630131,0,0.11120169977376854,0,0.07423337693218113,0,0.11021422160528042,0,0.11443034128985395
75,1,2,0,0.8000757098197937,0,0.452465389898512,0,0.49460828352150005,0,0.3961601724091928,1,0.5005725289771775
76,0,2,0,0.02555474080145359,0,0.11716608195636961,0,0.16005289319639462,0,0.09568803715147096,0,0.09291909046280261
77,0,4,0,0.03059985488653183,0,0.10626969546366755,0,0.06929317474180857,0,0.11019621026722236,0,0.10492278176061579
78,0,3,0,0.012330164201557636,0,0.11502367397159709,0,0.07457610935290854,0,0.11713704582450246,0,0.11800835278265322
79,1,4,1,1.0,1,0.964751263889833,1,0.9336496314052464,1,0.9702337514724501,1,0.9733625091750921
80,1,3,1,0.30011308193206787,1,0.8701134841679516,1,0.5946046705367681,1,0.8727749593667755,1,0.8843069674004342
81,0,2,0,0.0032188822515308857,0,0.08559510892184813,0,0.04976564178964808,0,0.0857863578515276,0,0.08740909993008592
82,1,2,0,0.06564540416002274,0,0.0931550134356477,0,0.09215171350825267,0,0.08747731564860285,0,0.09025423529691282
83,1,0,1,0.16835680603981018,1,0.6752497610591817,1,0.7761590314058574,1,0.6780123610197344,1,0.6459180994204992
84,0,2,0,0.11009914427995682,0,0.3477222648590599,0,0.3018338061288968,0,0.41805070255381027,0,0.3776694843034562
85,1,3,1,0.9795586466789246,1,0.8594846821377606,1,0.9434409881696113,1,0.9531633218421937,1,0.9530802001358325
86,1,4,1,1.0,1,0.6430340999495494,1,0.7050673511888392,1,0.5411200371290074,1,0.5674628874498583
87,0,2,0,0.001813639304600656,0,0.02982070078178736,0,0.07180985030982559,0,0.039961463492657355,0,0.027346333300131753
88,0,0,0,0.021588938310742378,0,0.11731615639996448,0,0.09635282734056896,0,0.12317367590882738,0,0.11551454714250298
89,1,1,1,1.0,1,0.9527454036193042,1,0.9031044824104583,1,0.9642573772061398,1,0.973757870765081
90,0,2,0,0.0044889794662594795,0,0.08533878922527292,0,0.045388809180748016,0,0.0857863578515276,0,0.08493676266922195
91,0,0,0,0.5006229877471924,0,0.11609060367472902,0,0.1587750955637174,0,0.11816998367255625,0,0.1163316731351938
92,0,0,0,0.022634584456682205,0,0.12258586706224793,0,0.08642067696397228,0,0.10757707580409587,0,0.116555221548831
93,0,3,0,0.4317648410797119,0,0.4045529222409938,0,0.40274913548639163,0,0.42059063564034777,0,0.42918332222183797
94,0,4,0,0.0013685477897524834,0,0.23914430150653057,0,0.2023145625978739,0,0.20966150109567833,0,0.20198985788568088
95,0,3,0,0.0018064805772155523,0,0.08088697714529303,0,0.05600503542198982,0,0.08367782598569178,0,0.08552624949244646
96,0,2,0,0.023399339988827705,0,0.0879963841021924,0,0.04699441855359399,0,0.0857863578515276,0,0.08528861815286395
97,0,1,0,0.01970507577061653,0,0.23153376236134254,0,0.21186797094468768,0,0.25440457463080474,0,0.2942456160351031
98,1,4,0,0.04385070502758026,0,0.437727748014208,0,0.2609474364284405,0,0.3201267247685484,0,0.4057331020587878
99,1,0,1,1.0,1,0.9628291852017202,1,0.9733025632602084,1,0.9592532235106496,1,0.975945544858977
100,0,3,0,0.5608758330345154,0,0.16733618470435116,0,0.18005871396732123,0,0.12381231947954356,0,0.13305830175129021
101,0,2,1,0.8641989231109619,1,0.6245321503144556,1,0.6381582305271754,1,0.6274677720899451,1,0.62372756167996
102,0,4,0,0.03059985488653183,0,0.06623329980895636,0,0.06843821934951771,0,0.07684714508140748,0,0.057266133568218476
103,0,3,0,0.26257166266441345,0,0.4928313614771009,0,0.44965929908122854,0,0.13734077037885198,0,0.13365959340409506
104,0,2,0,0.025162139907479286,0,0.0931550134356477,0,0.06045074271883458,0,0.0866402589777475,0,0.08970797457784352
105,0,2,0,0.054254159331321716,0,0.029441856729517445,0,0.05883872121283456,0,0.04780017256565555,0,0.037750062337894484
106,0,4,0,0.014827065169811249,0,0.1066358295499345,0,0.13117230891785694,0,0.11044035574079648,0,0.10492278176061579
107,1,1,0,0.0123938312754035,1,0.6103774145070111,1,0.623286215930461,1,0.6159091204767956,1,0.5873645388019991
108,1,0,0,0.05100810527801514,0,0.11433918663450444,0,0.08061820376817934,0,0.11159477526459573,0,0.11524519881655594
109,0,0,0,0.05221860855817795,0,0.0903600676451956,0,0.05577773906019295,0,0.09395194056234783,0,0.10237587160749857
110,1,0,1,1.0,1,0.667157785882315,1,0.5905696323813341,1,0.5621891175604377,1,0.5468044341128271
111,0,4,0,0.0099474573507905,0,0.1848556131987298,0,0.2293140707027694,0,0.17716231487143994,0,0.1808830016058332
112,0,0,0,0.0,0,0.09460695302398757,0,0.03385682185198313,0,0.06415967625512042,0,0.07793823338763696
113,0,2,0,0.0044889794662594795,0,0.08559510892184813,0,0.046228873324479516,0,0.0857863578515276,0,0.08493676266922195
114,0,3,0,0.0,0,0.18254941380181947,0,0.21912336174380778,0,0.2275966339021588,0,0.12727832236511338
115,0,2,1,0.8644128441810608,1,0.700103901520991,1,0.8529410386348545,1,0.6789766923694627,1,0.6719752830192741
116,0,2,0,0.03523228317499161,0,0.3100879289044304,0,0.3930410345503278,0,0.3188042674215736,0,0.31346791788780504
117,0,3,0,0.028060290962457657,0,0.08579035458670786,0,0.08558453832205072,0,0.07958643249683328,0,0.08244057882000144
118,0,3,0,0.06881929188966751,0,0.15986086091322352,0,0.07392908107126718,0,0.11671488788849038,0,0.11085420115924977
119,0,1,1,0.9781575798988342,0,0.4572310256672373,0,0.3868862442840078,0,0.4197366059035772,0,0.36538268792967377
120,0,0,0,0.0,0,0.027899027083813477,0,0.04903412698412696,0,0.013227267724546651,0,0.021785677496230504
121,0,1,0,0.08147209137678146,0,0.06130491639234933,0,0.059900631815989286,0,0.03205229412304182,0,0.032098044876093454
122,0,0,0,0.021588938310742378,0,0.1158323564942587,0,0.08938814221228518,0,0.12118602452464987,0,0.11573926972901627
123,0,4,0,0.03851913660764694,0,0.2788477757144613,0,0.32855860404859055,0,0.15022481525864653,0,0.18084496986758328
124,1,4,1,0.995854377746582,1,0.894946532853215,1,0.8851781275931859,1,0.934366486785236,1,0.9149048851292386
125,0,0,0,0.04080456495285034,0,0.16043774693260038,0,0.21123189962543756,0,0.08172341466380116,0,0.06948524839963603
126,1,1,1,1.0,1,0.9449015493295381,1,0.8812321616176876,1,0.9725846502101176,1,0.970623192308133
127,0,2,0,0.05260149762034416,0,0.09065052907568119,0,0.051806401645688054,0,0.09155936315789245,0,0.08861693056895462
128,1,2,0,0.016403187066316605,0,0.08051118473683667,0,0.04758398042310368,0,0.0781638374550818,0,0.07995403332822869
129,1,2,0,0.0,1,0.809694277408675,1,0.8487541611760229,1,0.7257324512206813,1,0.7035824061296687
130,0,2,0,0.0015051113441586494,0,0.056624480259004246,0,0.05743106902601959,0,0.04930448298869046,0,0.06291786087586038
131,0,1,0,0.01434031967073679,0,0.10741620556475416,0,0.06764614018503207,0,0.11350795340863305,0,0.11447062310361224
132,0,1,0,0.254270076751709,0,0.1141520413351716,0,0.15081889835079293,0,0.10450511357025735,0,0.10169671120036347
133,0,4,1,1.0,1,0.5538915127996238,1,0.5363363425178713,0,0.47750053377742707,0,0.4903008923527701
134,1,2,1,1.0,1,0.8347168996652213,1,0.9644888708395554,1,0.9432969421119844,1,0.9297915988283944
135,0,1,0,0.0022351182997226715,0,0.15185997650351662,0,0.089395656239643,0,0.10512835615990007,0,0.09831303921284494
136,0,4,0,0.00030403127311728895,0,0.18812833064814075,0,0.14849969811436223,0,0.11440886992747169,0,0.10883220062719987
137,1,3,1,1.0,1,0.9498287671684954,1,0.9758890795735692,1,0.9727631692070505,1,0.9627322076046636
138,0,3,0,0.6484161615371704,0,0.4505075996399907,1,0.6603819664076127,0,0.3927025461933401,0,0.40097159794805065
139,0,0,0,0.00991800520569086,0,0.08814854493290211,0,0.08602012569117079,0,0.0843092685428958,0,0.08162033535954244
140,0,3,0,0.06488938629627228,0,0.4036999047193802,0,0.38152189790524355,0,0.24054626299983428,0,0.2829176340950153
141,0,3,0,0.0,0,0.049267693470644254,0,0.02480238095238095,0,0.05749508462087325,0,0.05601497395688017
142,1,4,1,0.8372498750686646,1,0.5856925519220194,1,0.6446942941451166,1,0.5873188259836745,1,0.5903291546143987
143,1,1,1,1.0,0,0.4479728227244008,0,0.4635901476439092,0,0.30971460858316807,0,0.34359951352688983
144,0,4,0,0.043659672141075134,0,0.11925497725489304,0,0.14244130201977234,0,0.1051496641807947,0,0.10439188396754788
145,0,1,0,0.03380083292722702,0,0.23008408689280355,0,0.10745298194811194,0,0.12207601482694105,0,0.1324411003818794
146,0,4,0,0.007271250709891319,0,0.31441730543636687,0,0.18292189689919988,0,0.09791013066187913,0,0.1448418955171379
147,1,2,0,0.5078936219215393,0,0.056310911666232796,0,0.09859235565202128,0,0.06733618790274823,0,0.05415088125931214
148,0,2,0,0.0,0,0.04423285780878646,0,0.009711111111111111,0,0.03919591813367729,0,0.02648147067168952
149,0,2,0,0.004434129223227501,0,0.1827840771160948,0,0.2691825903417641,0,0.10338293503503347,0,0.10353889165645741
150,0,4,0,0.6822164058685303,0,0.19931670261308412,0,0.13651580037792746,0,0.08379723359037775,0,0.08941326167710922
151,0,2,0,0.05088422819972038,0,0.2760069089493562,0,0.1437285780674339,0,0.0764914067727194,0,0.08100422470976969
152,1,2,1,1.0,1,0.9316109604961853,1,0.9246045270583764,1,0.9628985828826784,1,0.9399796715948382
153,0,0,0,0.06772399693727493,0,0.08185506321419579,0,0.09063918001030255,0,0.08398739304625903,0,0.09588913385200419
154,0,3,0,0.0033371367026120424,0,0.09895306245522827,0,0.03721852126671152,0,0.09041519007379814,0,0.09868247689174596
155,0,1,0,0.01677112653851509,0,0.06997308146493271,0,0.07713486329736954,0,0.06752971490332399,0,0.06699601580211206
156,0,3,0,0.03307713195681572,0,0.1961043192577521,0,0.16190251845478884,0,0.22923412786932912,0,0.2709859584633322
157,1,1,1,0.21970705687999725,1,0.7178306173967787,1,0.8194600341972283,1,0.7209317734963048,1,0.7071171253512791
158,0,4,0,0.10395660996437073,0,0.11274251759572304,0,0.18327963484215404,0,0.11939794605410772,0,0.11069993110762096
159,0,4,0,0.027453554794192314,0,0.10658024306959506,0,0.07038171984336104,0,0.11118201705679587,0,0.10604320158551382
160,0,1,0,0.0,0,0.02294079084613628,0,0.02309516791795242,0,0.012757233954804964,0,0.016832009686911422
161,0,1,0,0.005810434930026531,0,0.0970486573315224,0,0.06659927006153589,0,0.08022239367622637,0,0.0900236494009386
162,1,0,1,0.981758177280426,1,0.705890472973166,1,0.8359690575201918,1,0.8629368409675918,1,0.893230275415129
163,0,3,0,0.6136051416397095,0,0.11962208123099291,0,0.12686908682937117,0,0.12244693049201782,0,0.12077753193796645
164,0,4,0,0.060021013021469116,0,0.08033949616549622,0,0.09069378661265574,0,0.078160497108789,0,0.07050413754818544
165,0,2,0,0.0,0,0.01744402345241716,0,0.02938328387643329,0,0.015346885513960821,0,0.009955739881369247
166,1,0,1,1.0,1,0.9530244788904219,1,0.9458512758159439,1,0.953845157402493,1,0.9652590905944484
167,1,4,1,1.0,1,0.9836524518459575,1,0.9971078318227146,1,0.9573332454552669,1,0.9621669893962567
168,0,1,0,0.0,0,0.02554116338993757,0,0.002428571428571429,0,0.011605529951340348,0,0.009853035211516202
169,0,3,0,0.07068517804145813,0,0.28957699873635095,0,0.22361980947924712,0,0.3014995006460335,0,0.2976981073398399
170,0,0,0,0.5691805481910706,1,0.8036649745898832,1,0.771645548731662,1,0.8498625597021134,1,0.8467190432413889
171,0,0,0,0.04200226441025734,0,0.23016459994677818,0,0.16605381604773484,0,0.24787746020163232,0,0.2687639232332172
172,0,2,0,0.0,0,0.020049043900388325,0,0.0290957380888875,0,0.0172474592203725,0,0.011961687601485124
173,1,4,1,1.0,1,0.9590512527717383,1,0.9411838411759791,1,0.9382633750872463,1,0.9244124735935297
174,0,1,0,0.003011133521795273,0,0.15908612960671617,0,0.2412263167600908,0,0.172851593978384,0,0.1540742467105826
175,0,3,0,0.0041282689198851585,0,0.21317165418213732,0,0.16266039122903098,0,0.22634054267296588,0,0.2515991816876051
176,0,1,0,0.6195021271705627,0,0.12610695926783516,0,0.08391730702879661,0,0.10300516980881265,0,0.1059294669474144
177,0,2,0,0.0,0,0.020014521314712985,0,0.030138933413618094,0,0.01641359696497566,0,0.009687479664400476
178,0,2,1,0.9968543648719788,1,0.9289252600761482,1,0.9849216939496755,1,0.9764930868560932,1,0.9729429168230948
179,0,4,0,0.11020771414041519,0,0.14950593986042976,0,0.10357922812188687,0,0.09757089585645456,0,0.10055518477546002
180,0,3,0,0.0007449605036526918,0,0.2096282083394087,0,0.11536859362109207,0,0.18938786746326397,0,0.16953284127783713
181,0,4,0,0.0,0,0.018647289922245534,0,0.010788955488955488,0,0.010212678802943726,0,0.012002934897947818
182,0,2,0,0.5364157557487488,0,0.151610661317665,0,0.17908788655346822,0,0.10849986955323801,0,0.09710012347414221
183,0,3,1,1.0,1,0.8600748787445602,1,0.8933004953607823,1,0.9392372834520514,1,0.9271964997265345
184,1,1,1,1.0,1,0.9557617786355801,1,0.9791518111821267,1,0.9782755266769719,1,0.9818032931394144
185,1,0,1,1.0,1,0.7943624927357842,1,0.8438698055584337,1,0.7054505136466943,1,0.6624374395881214
186,0,2,0,0.0011337331961840391,0,0.32093551515799806,0,0.19825673592623394,0,0.32467326015586007,0,0.35380480375061474
187,1,3,1,1.0,0,0.4641846388515271,0,0.4319449200531159,0,0.30864332915984466,0,0.3867851777205759
188,1,0,0,0.11933533847332001,0,0.2076482111824023,0,0.24948343624741734,0,0.26073302460638276,0,0.26168612703308813
189,0,1,0,0.02631050907075405,0,0.0602696261311225,0,0.09766638788868885,0,0.04633595888318806,0,0.0730365193802193
190,0,3,0,0.01812058314681053,0,0.1096847285790739,0,0.052659315144799865,0,0.1180103103225167,0,0.11628670580523036
191,1,0,1,0.9809412360191345,1,0.7319890814291862,1,0.9020460103575342,1,0.8878641984157397,1,0.8965257436631492
192,0,4,0,0.03258424252271652,0,0.2164900023419641,0,0.12370674502442403,0,0.11050326480699339,0,0.12632908549590582
193,1,4,1,1.0,1,0.645160803609127,1,0.6458798721267998,1,0.6291064092385984,1,0.6621544034237891
194,1,0,1,1.0,1,0.9512929751301435,1,0.970991917424109,1,0.9594440881607165,1,0.9735552239185049
195,1,0,1,0.950764536857605,1,0.9437200975713104,1,0.8637033267134858,1,0.9152805937709346,1,0.9051038658977403
196,1,3,1,0.9434906840324402,1,0.9541728227682268,1,0.9547256122970543,1,0.9660322377348809,1,0.9559290013873215
197,0,4,0,0.10736017674207687,0,0.11219279890172175,0,0.09598407759180644,0,0.11508210137458033,0,0.10619174562079728
198,0,0,0,0.002793235471472144,0,0.08679206550037998,0,0.07830724202192858,0,0.09341223353773305,0,0.10124746818198561
199,1,0,1,0.8873959183692932,1,0.6752497610591817,1,0.8266432962633329,1,0.6787207391896203,1,0.6474189792605863
200,0,3,1,0.9431705474853516,1,0.8004487938471496,1,0.9808223919056578,1,0.9418544948796401,1,0.931310964261839
201,0,3,0,0.1333877593278885,0,0.12070956857567477,0,0.2127034981263345,0,0.12148667223036737,0,0.12261100555437532
202,0,2,0,0.0038517394568771124,0,0.02297017504658702,0,0.09106332469227238,0,0.02924737400742886,0,0.02096267283803765
203,0,3,0,0.0014762437203899026,0,0.10317749942207768,0,0.06841781539564025,0,0.10193825868879045,0,0.11049888072830753
204,0,3,0,0.05100288242101669,0,0.09919652329286627,0,0.08410617326117818,0,0.09482910349128128,0,0.09312891926655643
205,1,3,0,0.14107978343963623,0,0.1148853801311832,0,0.06044474602338298,0,0.11281899842307214,0,0.10939927692736778
206,0,1,0,0.0,0,0.08098939510346573,0,0.05581825396825392,0,0.06080916949530685,0,0.04693550018646219
207,0,4,0,0.3964153230190277,0,0.12174089052941747,0,0.12828700203348684,0,0.10642694635198968,0,0.1047593210051443
208,1,2,0,0.12529805302619934,0,0.06912569721073226,0,0.046994041169968005,0,0.08174045225023352,0,0.08030625708430429
209,1,1,1,0.21970705687999725,1,0.7178306173967787,1,0.8292758844360609,1,0.7210487693082251,1,0.7071171253512791
210,1,4,0,0.5335667729377747,0,0.3708277417811052,0,0.44383965326373304,0,0.3975257448653628,0,0.36406429886354813
211,0,1,0,0.22280925512313843,0,0.10294201825667491,0,0.11960631178275409,0,0.1032117592257575,0,0.09568460872893769
212,1,3,1,0.9974384307861328,1,0.7909502067132365,1,0.9459147624114299,1,0.9342387697551533,1,0.9218078976914541
213,0,2,0,0.005421145353466272,0,0.09016949858305605,0,0.04220647621952181,0,0.08660130268744433,0,0.08246297530813679
214,0,0,0,0.010168706998229027,0,0.1332349886655888,0,0.1215531854688259,0,0.10906134015592407,0,0.10860029150585768
215,0,2,0,0.0008474721107631922,0,0.09308963545582152,0,0.049410350404904296,0,0.08590021558905102,0,0.08857642934454014
216,1,0,1,1.0,1,0.950856237476936,1,0.9853492650573344,1,0.9673976801215901,1,0.9538893448080286
217,1,1,1,0.7183313965797424,1,0.590181573536727,0,0.4252658373840444,1,0.574363538257504,1,0.567366396710958
218,0,3,0,0.01231984980404377,0,0.17983838167502894,0,0.18734933792145744,0,0.11006050407062055,0,0.12473738540490042
219,1,0,1,0.996382474899292,1,0.9459900234245955,1,0.990346260715968,1,0.9692772259352284,1,0.9569740741984466
220,0,1,0,0.29603397846221924,0,0.0995579094476753,0,0.17287988321600095,0,0.07177235154343352,0,0.07305481566208501
221,1,3,0,0.14107978343963623,0,0.11014485543124089,0,0.060095127416898306,0,0.09109924551082621,0,0.10478894614642728
222,0,2,0,0.11469137668609619,0,0.1252028024497537,0,0.079790941671515,0,0.09092863177996256,0,0.08822978148475022
223,0,2,0,0.02824375592172146,0,0.06928592237070644,0,0.04317646462497926,0,0.05855437411993293,0,0.06313961492990816
224,0,1,0,0.03610526770353317,0,0.10298154079535768,0,0.054195390493691015,0,0.10305771982462894,0,0.10208046379455529
225,1,0,0,0.23811309039592743,0,0.2086834676770538,0,0.28535495902158836,0,0.21816123875792623,0,0.26798955982315303
226,0,3,0,0.008488746359944344,0,0.11700735145188274,0,0.12027206732666267,0,0.11426651856194185,0,0.11792887962042005
227,1,2,0,0.0006223853561095893,0,0.1355041451053595,0,0.055451382946701835,0,0.08443071336673925,0,0.0846317074899508
228,0,1,0,0.005535359028726816,0,0.11552570543019319,0,0.11423024809259838,0,0.10556105074997872,0,0.10469297276509062
229,0,4,0,0.02620970830321312,0,0.21406241299386822,0,0.13058324654807907,0,0.11531880886488212,0,0.13549568457720657
230,0,1,0,0.0,0,0.020253376556508756,0,0.0,0,0.030747806307523152,0,0.01649115195827658
231,1,2,1,1.0,1,0.9248973458241441,1,0.9679935402148346,1,0.9485973763316302,1,0.9305978625703712
232,0,0,0,0.7950170636177063,0,0.11433918663450444,0,0.15437340111401474,0,0.11222823464558132,0,0.11592660671605412
233,0,3,0,0.0012480191653594375,0,0.11293185729046169,0,0.07651314275894502,0,0.0824150572916193,0,0.09248390192612956
234,1,4,1,1.0,1,0.8606104351534805,1,0.7931935401524108,1,0.6620392239867645,1,0.7046029270658877
235,0,1,0,0.015926983207464218,0,0.14750681571015856,0,0.09244571273085428,0,0.10512835615990007,0,0.09831303921284494
236,0,4,1,0.9218774437904358,1,0.6363261197767391,1,0.8449585586437425,1,0.6704880951254852,1,0.6859461907095236
237,0,3,0,0.3256007134914398,0,0.17356320738070682,0,0.145773492379248,0,0.10775385089290553,0,0.10278442240595735
238,1,1,1,1.0,1,0.8107729452208765,1,0.9021774588469889,1,0.9330733077446838,1,0.932085007957849
239,0,0,0,0.5167145729064941,0,0.18536816260995687,0,0.12035180398780232,0,0.12470365592244755,0,0.11276321480720206
240,0,4,0,0.23809994757175446,0,0.12237406357362676,0,0.0681097689468302,0,0.09360048192654287,0,0.10429106348864482
241,0,1,0,0.0,0,0.043261991776360954,0,0.0014,0,0.06020468365123716,0,0.049945764467798234
242,1,0,1,1.0,1,0.9521504559294117,1,0.9217100974019427,1,0.9570935978787964,1,0.9602859932023399
243,0,3,0,0.20531095564365387,0,0.1388583369648083,0,0.086236910437642,0,0.10573899679286153,0,0.10975643249690178
244,0,0,0,0.21489040553569794,0,0.22056494057253975,0,0.3992988070036669,0,0.2367683735236991,0,0.22051929569227896
245,0,0,0,0.03640815243124962,0,0.10602556132016294,0,0.13476517766006946,0,0.12409899456526982,0,0.12047490322992371
246,0,2,0,0.13336755335330963,1,0.8123548803608495,1,0.5812113527593622,1,0.6065373524796271,1,0.6071686587777299
247,0,2,1,0.9078112244606018,1,0.6224335130439088,1,0.6465666697029492,1,0.6439274856892935,1,0.6227816349075603
248,1,2,1,1.0,1,0.7767337221804099,1,0.8605979809476936,1,0.9388931878748873,1,0.9138931584545341
249,1,2,0,0.054082997143268585,0,0.4998062500439771,0,0.4574134848823337,0,0.49533796027088994,1,0.5290269075555744
250,0,0,0,0.011770812794566154,0,0.33313828847197385,0,0.21855988484427477,0,0.15516759498588142,0,0.21985597282281882
251,0,3,0,0.013956609182059765,0,0.1178998791143908,0,0.09088877102604526,0,0.12218344417612825,0,0.11927088676098543
252,0,0,0,0.0,0,0.11118977180354013,0,0.0313092796092796,0,0.0514192894538688,0,0.09156054618997995
253,0,1,0,0.11697475612163544,0,0.23853617636077154,0,0.27314269378199046,0,0.26848134709605276,0,0.28455446698871667
254,0,3,0,0.011258798651397228,0,0.05837320321707696,0,0.09869585952542409,0,0.0719395432335174,0,0.06574924290205875
255,0,1,1,1.0,0,0.3615318986667142,1,0.6231360134334039,0,0.20691595789309897,0,0.3291804093138817
256,1,4,1,1.0,1,0.6770981991907173,1,0.6505851080767554,1,0.5608061668660669,1,0.58133863958162
257,1,2,1,0.9981344938278198,1,0.927972312263117,1,0.9930734777248944,1,0.9754869940812206,1,0.9719463980169076
258,1,4,1,0.9987181425094604,1,0.9768176776505637,1,0.9832751018904855,1,0.9744824387196639,1,0.9622828870619464
259,1,2,1,0.9981344938278198,1,0.9530125659188583,1,0.9985111733863151,1,0.9787130828087264,1,0.9800057751031382
260,1,3,1,1.0,1,0.9449719407634564,1,0.9371664815828245,1,0.9420044290783015,1,0.9494095430170364
261,0,3,0,0.21948504447937012,0,0.12251174349483078,0,0.12572563341264534,0,0.12615696001619514,0,0.1158726150720391
262,1,3,1,1.0,1,0.8756427916515708,1,0.9017162795765666,1,0.9443610065275706,1,0.9271964997265345
263,0,3,0,0.7296004891395569,0,0.11661842933650465,0,0.2938494612762325,0,0.21550889118151337,0,0.18385390181651198
264,0,0,0,0.0014814388705417514,0,0.16433726447703512,0,0.17264524394444883,0,0.18306843162485378,0,0.23937663993582672
265,0,1,1,0.966999351978302,1,0.709430902386848,1,0.8565251566296671,1,0.7210487693082251,1,0.7071171253512791
266,0,2,0,0.041822560131549835,0,0.11149673830034246,0,0.0608290584094576,0,0.08561080040716666,0,0.08398568740923366
267,0,2,0,0.0003002809244208038,0,0.03959391669388181,0,0.07286620057105313,0,0.03660975892342726,0,0.030560691294730734
268,1,2,0,0.004809850826859474,0,0.0869744473848789,0,0.05568987091880372,0,0.08071614166281435,0,0.0849358690481899
269,1,3,1,1.0,1,0.8861761240421491,1,0.8924381285298671,1,0.9337100102419037,1,0.9179184997741383
270,1,2,1,0.9981344938278198,1,0.981004671356842,1,0.9992886127542757,1,0.9849469318779049,1,0.9833707993347092
271,0,3,0,0.005569216795265675,0,0.23289575355257625,0,0.10490417051513914,0,0.28046515391638965,0,0.3006563947917306
272,1,1,0,0.0343795008957386,0,0.0566118923345574,0,0.06404316865887778,0,0.0360298548724173,0,0.02919530551387766
273,1,1,1,1.0,1,0.7548616633700449,1,0.8994457806985625,1,0.9037062269642842,1,0.8921370193261579
274,0,2,0,0.8173065185546875,0,0.43800925272001945,1,0.6825864131982504,0,0.4292594171866756,0,0.46301877561223526
275,1,4,1,0.8692139983177185,1,0.6615066146706209,1,0.8074851353082314,1,0.6599733208090656,1,0.6721364828289149
276,1,3,1,1.0,1,0.959944183584137,1,0.9609746952565249,1,0.9571937714720348,1,0.9489746510317408
277,0,0,1,0.5967326164245605,1,0.5334117308489168,1,0.5371263259538659,0,0.46098051324032413,1,0.5136498978671511
278,0,2,0,0.0029341469053179026,0,0.0752581112531278,0,0.0792610401916348,0,0.10120008290439533,0,0.08080535361120575
279,0,0,0,0.0,0,0.014886904362468752,0,0.014576377748298642,0,0.010515395966328205,0,0.013467953822181187
280,1,2,1,1.0,1,0.656771148690797,1,0.7029349308182959,1,0.6439059961579459,1,0.6275217460590448
281,0,0,0,0.011729661375284195,0,0.07882277008533124,0,0.08176286687385798,0,0.07757682817836888,0,0.08885769328017287
282,0,4,0,0.14268314838409424,0,0.04781879347426935,0,0.14858968489378593,0,0.06374053062715805,0,0.05747992016328012
283,0,3,0,0.17403310537338257,0,0.13331189488216907,0,0.07860470502804699,0,0.11314903577385867,0,0.11744153722279627
284,1,2,0,0.05261502042412758,0,0.08942291451789909,0,0.07319390473226135,0,0.0854810586808289,0,0.08586684861391958
285,0,2,0,0.006789816543459892,0,0.3361405036307031,0,0.3599529486322347,0,0.37967033977698583,0,0.36937576621387536
286,0,1,0,0.008430542424321175,0,0.11185751223971256,0,0.07911395600060898,0,0.11643721022420984,0,0.11451078326065782
287,1,0,0,0.021963391453027725,0,0.11906044501989584,0,0.13260534941873575,0,0.11482424202702976,0,0.11657440456903785
288,0,4,0,0.0015414358349516988,0,0.11133154192566551,0,0.07402998864477278,0,0.11295225362583326,0,0.11402067068343649
289,1,1,0,0.015756089240312576,0,0.1215138312239983,0,0.07692177811566722,0,0.08379020390914509,0,0.08869719341813044
290,1,3,1,0.963948130607605,1,0.5966621071539733,1,0.6722672241402374,1,0.579126429152769,1,0.5890519132841868
291,1,1,1,0.9994291663169861,1,0.9389596802778006,1,0.9881813661235839,1,0.9615277097904275,1,0.9551157105456236
292,1,0,1,1.0,1,0.9638243265016395,1,0.9820734545083815,1,0.9765815716816033,1,0.9686158307942323
293,0,4,0,0.034226030111312866,0,0.1853014967727684,0,0.14109965424099508,0,0.10111134506318062,0,0.12214436719681394
294,0,1,0,0.06327205151319504,1,0.6097089618035566,0,0.3976690031635038,1,0.5759823220696346,1,0.5737798351926945
295,0,0,0,0.0021978362929075956,0,0.1161640237508278,0,0.07633890387317743,0,0.11490260754233915,0,0.1152316667684627
296,0,1,0,0.02555171586573124,0,0.2863208888119369,0,0.23339315185546042,0,0.29772285207551874,0,0.2848844634396997
297,0,0,0,0.13400502502918243,0,0.12639031221921967,0,0.10981167436387189,0,0.12862914120410227,0,0.12710092906485293
298,0,4,1,1.0,1,0.9667346534954646,1,0.8487298851027453,1,0.9347392353459473,1,0.9623613981762071
299,1,3,1,0.9122607707977295,0,0.3682308106616932,1,0.5223581015757803,0,0.3458327139898428,0,0.34357350386904484
300,1,1,1,1.0,1,0.8954734465746573,1,0.9154030093468074,1,0.9544294891401648,1,0.94341238220887
301,1,2,1,0.8067701458930969,1,0.6831474207443835,1,0.6974272383208516,1,0.6829251555865048,1,0.6633406876706298
302,1,1,0,0.006047138478606939,0,0.1326104860891026,0,0.07658399435527559,0,0.08599137053104261,0,0.11476620575721588
303,0,3,0,0.0592900775372982,0,0.1604525351250586,0,0.15680064132583216,0,0.09952338543594329,0,0.13104240560662014
304,1,3,1,0.9899588227272034,1,0.936412841525578,1,0.9804210517039377,1,0.9624160865540635,1,0.9684387947219616
305,0,3,0,0.012330164201557636,0,0.11485039241557794,0,0.07325605005518654,0,0.11558153095057143,0,0.11708953639564706
306,1,2,0,0.0,0,0.14260626260852505,0,0.22714162488755518,0,0.22273031132045512,0,0.14063506062400682
307,1,1,1,0.9977688789367676,1,0.9753440418575119,1,0.9763013724962565,1,0.9730524058961552,1,0.9769675653006904
308,1,3,1,1.0,1,0.9621629899482098,1,0.9883712017473368,1,0.9718255410339466,1,0.9750080885635326
309,0,0,0,0.010396969504654408,0,0.14959725136396423,0,0.12770430606221694,0,0.0822096591083969,0,0.10575284349055429
310,1,1,1,0.9988956451416016,1,0.962051972728714,1,0.9941977705687709,1,0.9735974316754197,1,0.9751901310543241
311,1,0,1,0.9593080878257751,1,0.9836121870167512,1,0.9885514095048775,1,0.9805435725703321,1,0.9816228136307414
312,1,4,1,1.0,1,0.9443285353093918,1,0.9165304193342864,1,0.9604846212618713,1,0.9622739132576167
313,0,4,1,1.0,1,0.866493013306708,1,0.9586963288048239,1,0.9411493289157639,1,0.9300083256135638
314,0,3,0,0.003956662490963936,0,0.11502367397159709,0,0.115112910878815,0,0.12022631544339721,0,0.11763710900375254
315,0,3,0,0.0020881639793515205,0,0.13223024764889263,0,0.12234303669125114,0,0.08318312924941954,0,0.08268393801182636
316,1,4,0,0.06595016270875931,1,0.5680840194577719,0,0.39102837775644733,1,0.5596483599772349,1,0.5535140940665633
317,1,2,1,1.0,1,0.7592627463597713,1,0.8281151045844455,1,0.8737101242537272,1,0.8631860668131559
318,0,4,0,0.007584150414913893,0,0.18633885594141203,0,0.10453699845920791,0,0.06854869184378412,0,0.08091174903516184
319,1,4,1,1.0,1,0.976968875889805,1,0.9710759095990015,1,0.9614726221827964,1,0.9734430950747964
320,1,4,1,1.0,1,0.9866799109165761,1,0.982057138072021,1,0.9657823281734177,1,0.9719151033429244
321,0,0,0,0.010948356240987778,0,0.1162855150625195,0,0.0780765339901476,0,0.10848058801725169,0,0.11495701477612416
322,0,1,0,0.42855244874954224,0,0.10172405275253193,0,0.0811636341630106,0,0.10305771982462894,0,0.10208046379455529
323,1,2,1,0.9976786971092224,1,0.7652910958095606,1,0.9388101559387404,1,0.9373188497995741,1,0.9363326359391876
324,1,1,1,1.0,1,0.9539213847747466,1,0.9751610703284479,1,0.972842524216092,1,0.97540419884177
325,0,3,0,0.007300801109522581,0,0.017425371279017332,0,0.09363086838301636,0,0.020522603881939647,0,0.01834144581687105
326,1,1,1,0.9988774657249451,1,0.9790019741219997,1,0.9928509534483232,1,0.9741000713154765,1,0.9794054639412685
327,0,4,0,0.00031163502717390656,0,0.07252756146304365,0,0.04010213288902168,0,0.05022160381920844,0,0.06617994241845332
328,1,2,1,0.9973254203796387,1,0.8781195208378467,1,0.9676564322119374,1,0.9472285083872305,1,0.9396103979646081
329,1,4,1,1.0,1,0.9286084066261926,1,0.8028271923826392,1,0.786007531470199,1,0.8759739859187888
330,1,3,1,1.0,1,0.9754447758741361,1,0.9982250500683473,1,0.9696701450589365,1,0.9687890913552522
331,1,0,1,1.0,1,0.8136286075616601,1,0.7978653421084264,1,0.8223375049282353,1,0.76723053884234
332,0,0,0,0.6274386644363403,0,0.2663079711988669,0,0.29764142134474114,0,0.2847960946582999,0,0.2677903329703535
333,0,0,0,0.17165367305278778,0,0.2230809306316044,0,0.2409960983318214,0,0.3502654680470415,0,0.35564599165071414
334,0,1,0,0.0035649286583065987,0,0.07219327940939575,0,0.10727013258880383,0,0.056071159211788235,0,0.06730241149736464
335,1,2,1,1.0,1,0.9611583582314609,1,0.998176192432244,1,0.9756315458221623,1,0.9750178156520203
336,0,0,0,0.014231654815375805,0,0.11402502881087088,0,0.07410779334573425,0,0.11613646526719848,0,0.11459932100982659
337,0,0,0,0.2518998980522156,0,0.3427061125349187,0,0.3979512899585098,0,0.41447386749134524,0,0.43847054724704276
338,1,2,1,0.9968543648719788,1,0.9818952628573188,1,0.9978144356311623,1,0.9838562973754422,1,0.9814507043875035
339,1,2,0,0.021231289952993393,0,0.07062162746307624,0,0.04420295469120443,0,0.06108368582831458,0,0.06603147409467534
340,0,4,1,0.9057294726371765,0,0.33695239435946045,0,0.39311697855483474,0,0.3564697787701748,0,0.3324773821645079
341,1,3,1,1.0,1,0.9672449616632686,1,0.9704427163834167,1,0.9791942624066773,1,0.9780033512791572
342,1,0,1,1.0,1,0.9598987869414801,1,0.8687443879138605,1,0.9669441151464394,1,0.9642329231876886
343,0,4,0,0.007150685880333185,0,0.1472769333555415,0,0.07335193127678297,0,0.0935453536673741,0,0.10055518477546002
344,0,0,0,0.0016239207470789552,0,0.13460439789717435,0,0.07823252138549222,0,0.10933939108667802,0,0.10770651618137696
345,0,1,0,0.05777991935610771,0,0.13619482354290724,0,0.07870243775367017,0,0.10139795608406389,0,0.09791646867586318
346,1,3,1,0.9431705474853516,1,0.8779969758618743,1,0.9658109458992911,1,0.9512825435350175,1,0.91251082468004
347,1,4,1,0.8218004107475281,1,0.7173079847546215,1,0.7499612069854127,1,0.9003632840030006,1,0.8948522260231465
348,1,1,1,1.0,1,0.6460570374357565,1,0.7737633619521029,1,0.5896722874180651,1,0.5989227050907778
349,1,0,1,1.0,1,0.9586970976022269,1,0.977486156327054,1,0.961106749963204,1,0.9687236160673995
350,0,3,0,0.05526908487081528,0,0.09213372221713917,0,0.06991309263085281,0,0.10237546443618896,0,0.11056854835104095
351,0,0,0,0.012224186211824417,0,0.12333280298470341,0,0.08122942053746249,0,0.11395068702326502,0,0.11771305152203682
352,0,0,0,0.411312460899353,0,0.3112722730957727,0,0.4103227771512312,0,0.3243867571169636,0,0.2878571177276291
353,0,0,0,0.005804171785712242,0,0.10378349426626966,0,0.12096869368323392,0,0.48263739839707254,1,0.5938135222415223
354,0,0,0,0.2622128427028656,0,0.11346531197338566,0,0.06395753746197348,0,0.11248123738737945,0,0.11504385928549286
355,0,3,0,0.10724032670259476,0,0.12460709608019677,0,0.14296212694457003,0,0.12550121651653948,0,0.11927088676098543
356,0,0,0,0.05167368799448013,0,0.11906044501989584,0,0.13702590466418896,0,0.11677867114219921,0,0.11629108965382168
357,1,0,1,1.0,1,0.9897572598386984,1,0.9990335058975055,1,0.9845908661609573,1,0.9833881992040296
358,0,2,1,0.9957146048545837,1,0.7424806623574263,1,0.9547631479772677,1,0.9313464609533906,1,0.9234966272384623
359,1,4,1,0.8577601909637451,1,0.6615066146706209,1,0.6856170805968643,1,0.6599733208090656,1,0.6721364828289149
360,1,0,1,0.9365832209587097,1,0.6698987715078254,1,0.7959091849926209,1,0.6748478327000204,1,0.6387323986104086
361,0,3,0,0.00027079859864898026,0,0.028161292251180844,0,0.060877993395040866,0,0.022304464056978675,0,0.03052422098351769
362,0,1,0,0.15178672969341278,0,0.22371910067265868,0,0.16240334699413744,0,0.12824945174498412,0,0.129963330781341
363,0,4,0,0.0,1,0.5706747193908243,0,0.4881275150820896,0,0.4631538228530204,0,0.4890709872678696
364,0,3,0,0.0003228745481465012,0,0.09516335024940767,0,0.06246795496945573,0,0.10192565542207754,0,0.09938361791107683
365,0,1,0,0.01140449196100235,0,0.1264007759915788,0,0.11164612040170956,0,0.09092710890522888,0,0.14843358204677576
366,0,4,0,0.0016969433054327965,0,0.10265957436348222,0,0.11170963821133205,0,0.11035692556606501,0,0.10145711904216854
367,1,4,1,1.0,1,0.9242726263093274,1,0.9728991395424886,1,0.9603336642796286,1,0.9512576672447638
368,1,3,1,0.8072779774665833,1,0.6152189671678995,0,0.4969291918558264,1,0.5710622273597317,1,0.5692277923949842
369,1,3,1,0.8378028869628906,1,0.6013159196845405,1,0.740133897139228,1,0.5962254268487603,1,0.6127738949559834
370,1,2,1,0.8890975713729858,1,0.9900846678814403,1,0.9967566445980539,1,0.9879565404956209,1,0.9875562168951687
371,1,1,0,0.5607341527938843,1,0.5398039240410484,1,0.5214595158493577,1,0.5040184640320133,1,0.5241405265237097
372,0,0,0,0.00614392152056098,0,0.10919576507524784,0,0.11318138453493612,0,0.10843343896898466,0,0.11606674442894184
373,0,0,0,0.8248829245567322,0,0.12712809364735084,0,0.10188997169791354,0,0.1163334072071298,0,0.11746826445082843
374,0,2,0,0.016107430681586266,0,0.34638081257815895,0,0.3253223391555485,0,0.3902255154424888,0,0.4057731432743619
375,0,3,0,0.0,0,0.013702665617563845,0,0.0017333333333333335,0,0.015080342393265602,0,0.014709765977154546
376,1,4,1,1.0,1,0.8860030688221158,1,0.9721901679101366,1,0.9291575242257465,1,0.9130852551329507
377,1,0,1,0.9654689431190491,1,0.638101234172501,1,0.6458655125973518,1,0.6004033057926347,1,0.6006845331282243
378,0,4,0,0.7993454933166504,0,0.44681159133842635,0,0.4092682617523058,0,0.4539649042078228,0,0.42281416808755984
379,0,2,0,0.13081000745296478,0,0.10021852909104219,0,0.11333115963451088,0,0.07789094273182672,0,0.08470638084139569
380,0,2,0,0.014072502963244915,0,0.05525095942391195,0,0.07243027844306937,0,0.07098072879951581,0,0.06152249440186272
381,1,4,1,0.9643964767456055,1,0.9593277910946227,1,0.9648540736271458,1,0.9567197508231978,1,0.9686150876636344
382,1,3,1,1.0,1,0.8060922266938245,1,0.8885006478168392,1,0.7751082337772874,1,0.729125472451952
383,0,4,0,0.6798940300941467,0,0.2550348165215846,0,0.36045581853798925,0,0.2923438456511429,0,0.2780806292347074
384,1,0,1,1.0,1,0.9024043528636385,1,0.9879944972725017,1,0.9532109812406259,1,0.9394723910938816
385,0,3,0,0.01737002283334732,0,0.11502367397159709,0,0.07262829125542115,0,0.11713704582450246,0,0.11800835278265322
386,0,2,0,0.005441401153802872,0,0.26186146739459154,0,0.22819792587934534,0,0.1769131744922281,0,0.2621221168881553
387,0,2,0,0.0,0,0.02061536578412187,0,0.043368998162147565,0,0.018311002934265155,0,0.013537511143827624
388,1,0,1,0.9841638207435608,1,0.6927682681851008,1,0.8542421032476942,1,0.8819372216149847,1,0.8828876452939097
389,0,0,0,0.013940442353487015,0,0.12282516089718074,0,0.08810252980401218,0,0.12820955458268063,0,0.12715499399400207
390,1,3,1,0.9597633481025696,1,0.8688043555130727,1,0.9768676338799318,1,0.9548665041117174,1,0.9549812570805637
391,1,1,0,0.07274530082941055,0,0.3423332824006097,0,0.4590391404874322,0,0.32974664946034987,0,0.21369255742003798
392,1,1,0,0.0016511054709553719,0,0.10837862950393634,0,0.07212298026268038,0,0.10681897609974217,0,0.10500589885463625
393,0,1,0,0.02886314131319523,0,0.035162701579443116,0,0.08978871671756085,0,0.034581018661846485,0,0.04588028087704108
394,1,0,1,1.0,1,0.9495537600378904,1,0.9811949231411401,1,0.9672112440977756,1,0.9568001170458322
395,1,0,1,1.0,1,0.9511873833050168,1,0.9308645935639629,1,0.9320226792770131,1,0.9636389842238413
396,0,4,0,0.1903420239686966,0,0.11174817451115582,0,0.1232539811596651,0,0.11295225362583326,0,0.11402067068343649
397,0,0,1,0.7857001423835754,1,0.5316923487944001,1,0.5803624261955929,0,0.4725430552461891,0,0.49037931809470964
398,0,0,0,0.03849584981799126,0,0.09435528662337837,0,0.0506406663108896,0,0.07257612018937067,0,0.07701274421995866
399,0,3,0,0.022609898820519447,0,0.26580868879038405,0,0.1083102148112399,0,0.1074094764760722,0,0.11542078199701662
400,1,3,1,0.9905518293380737,1,0.802030600341615,1,0.9662692741473566,1,0.93494818903203,1,0.929670336215591
401,1,1,0,0.032995935529470444,0,0.1362201573548924,0,0.2366965240220183,0,0.15772505555895908,0,0.13402919722506057
402,0,4,0,0.3171346187591553,0,0.10626969546366755,0,0.07061423861469801,0,0.11118201705679587,0,0.10586151817980866
403,0,2,0,0.0,0,0.2079431913564624,0,0.14076621967699743,0,0.18868267312881165,0,0.13252044334098836
404,0,3,0,0.08150540292263031,0,0.1305046077151727,0,0.12215248950325981,0,0.127357206570257,0,0.12298752834726503
405,0,4,1,0.5275969505310059,1,0.6374167804363059,0,0.4815228704918866,1,0.6029187534738326,1,0.6405793726840403
406,0,3,0,0.030595405027270317,0,0.15938631101039613,0,0.08990625972674489,0,0.11532005263796744,0,0.11063393058447729
407,0,1,0,0.03258572518825531,0,0.08097719188230473,0,0.04479499104518663,0,0.07092749808577135,0,0.07899149849029523
408,1,1,1,1.0,1,0.9017057242465636,1,0.8763830609555604,1,0.9671250711235282,1,0.9306402881704204
409,0,1,0,0.0016511054709553719,0,0.10837862950393634,0,0.08673400608881124,0,0.10681897609974217,0,0.10500589885463625
410,0,1,0,0.0,0,0.020253376556508756,0,0.0,0,0.030747806307523152,0,0.01649115195827658
411,0,4,0,0.03059985488653183,0,0.10626969546366755,0,0.06929317474180857,0,0.11019621026722236,0,0.10492278176061579
412,0,4,0,0.004890726413577795,0,0.0842692642588658,0,0.08379072027791201,0,0.057224634837549616,0,0.06978084720141743
413,1,4,1,1.0,1,0.9191454852101021,1,0.9790870117788972,1,0.9457754806753902,1,0.946968315895309
414,0,2,0,0.0029341469053179026,0,0.0752581112531278,0,0.0792610401916348,0,0.10120008290439533,0,0.08080535361120575
415,1,3,0,0.5716854929924011,0,0.17750349628849554,0,0.3226076176665229,0,0.18173500217145158,0,0.19838770176797013
416,0,1,0,0.07601932436227798,1,0.6345907943493169,0,0.47569570932589145,1,0.5934134997892908,1,0.5832021848282272
417,1,1,1,1.0,1,0.8017147288031653,1,0.9553553331454331,1,0.9291350744662839,1,0.9168146819001436
418,1,2,1,1.0,1,0.8305299031913989,1,0.8730939787008161,1,0.9441943255602188,1,0.9396580686595358
419,0,4,0,0.11020771414041519,0,0.14950593986042976,0,0.10357922812188687,0,0.09757089585645456,0,0.10055518477546002
420,0,0,0,0.0,0,0.07658380557071218,0,0.13835538350538357,0,0.03623739598752128,0,0.03890939379379097
421,0,3,0,0.01737002283334732,0,0.1199396089136335,0,0.08811432542116651,0,0.1203365730678767,0,0.11800835278265322
422,0,1,0,0.0012345450231805444,0,0.12049386935692255,0,0.11871175317072706,0,0.10689800518446135,0,0.11531821761793797
423,0,0,0,0.8926668167114258,0,0.11402502881087088,0,0.150799176883325,0,0.11079575526135545,0,0.11448198264060304
424,0,0,1,1.0,1,0.6244146552726457,1,0.7149605255598752,1,0.540976303099988,1,0.5303460910233214
425,0,0,0,0.021846849471330643,0,0.06433408756333764,0,0.06376264542706905,0,0.07502620599253067,0,0.0714600823267164
426,0,2,0,0.016035789623856544,0,0.08307664486504941,0,0.04316663826167416,0,0.08080518850446874,0,0.08166449808749297
427,1,4,1,1.0,1,0.8617575159925728,1,0.982209460630633,1,0.9387853114287437,1,0.9295380165793312
428,1,2,1,0.9596238136291504,1,0.829700070669914,1,0.9400316280283902,1,0.8779513434017218,1,0.8911586370783852
429,0,0,0,0.10096433758735657,0,0.1248291787310409,0,0.09788791282037067,0,0.12943284867892196,0,0.12813435131054712
430,1,3,0,0.06982997804880142,0,0.20564504041167148,0,0.17672311109595426,0,0.17166666851296747,0,0.19527392623032463
431,1,0,0,0.022776205092668533,0,0.35203268109390123,0,0.47982245758011677,0,0.3633702987230009,0,0.3357057809012973
432,1,0,1,1.0,1,0.6306676113672784,1,0.6218096858026165,0,0.4885164518488371,1,0.5198737552349307
433,1,0,1,1.0,1,0.7336129482322982,1,0.8303537396093112,1,0.8768870123741016,1,0.8931889027160603
434,0,4,0,0.05685751140117645,0,0.13941444575581718,0,0.31161052822887825,0,0.11698255023931846,0,0.1436358901375248
435,0,4,0,0.816160261631012,1,0.5436605691510219,1,0.6097338812975638,1,0.5860386230930607,1,0.5682087385742409
436,1,1,1,1.0,1,0.9414934594859657,1,0.795089749433227,1,0.9107191395690699,1,0.9040412370949229
437,0,2,0,0.0,0,0.030672485512360074,0,0.009711111111111111,0,0.03497533534657225,0,0.022937777282366376
438,1,4,1,1.0,1,0.9483483166611683,1,0.9377900245300519,1,0.9544975220826154,1,0.9463251741409332
439,0,0,0,0.24554836750030518,0,0.1256566765040666,0,0.20267368946230255,0,0.08736860142163921,0,0.1062157044569757
440,0,1,0,0.7881239056587219,0,0.13686306913029586,0,0.12149265454930293,0,0.10921345660763704,0,0.10063092473771544
441,1,0,1,1.0,1,0.9649091985137869,1,0.8823748491028547,1,0.9140237623382942,1,0.9570508761065792
442,0,3,0,0.10634608566761017,0,0.11870420953643854,0,0.10731139812622412,0,0.11736486219213578,0,0.12272095313915109
443,0,1,0,0.807863175868988,0,0.10226737763990366,0,0.11588417641454686,0,0.10263011406462826,0,0.1005597322130039
444,1,2,1,0.9979910850524902,1,0.7530888841258555,1,0.9196766033071793,1,0.9319548795375673,1,0.9215027704553145
445,1,4,0,0.5979272127151489,0,0.10654781513496564,0,0.06728193397239526,0,0.11118201705679587,0,0.10586151817980866
446,1,4,0,0.0,1,0.9438131274769572,1,0.9006727799991637,1,0.9743111152267041,1,0.9723736938528597
447,1,1,1,1.0,1,0.88209933383008,1,0.9463867159176558,1,0.9488596335822627,1,0.9406776549891606
448,1,2,1,0.9841797351837158,0,0.34055721580138715,1,0.6062789144677371,0,0.3947738251263018,0,0.4096413448927853
449,1,1,1,1.0,1,0.6606303346740419,1,0.7851490563006098,1,0.5694507646231768,0,0.4899198647991468
450,1,1,0,0.10420994460582733,0,0.4017123964567768,0,0.3294158958962816,0,0.27295454312877054,0,0.30642569752725185
451,0,1,0,0.0010623544221743941,0,0.06905643639108393,0,0.058124254957571786,0,0.06305603341366801,0,0.05174499042569282
452,0,1,0,0.005119309760630131,0,0.04502039084538946,0,0.10088909581870092,0,0.044207443489263774,0,0.04723241284290649
453,0,4,0,0.27534517645835876,0,0.431193679315255,1,0.6016335249473085,0,0.4575304343141578,0,0.4230358798283984
454,1,2,0,0.22540968656539917,0,0.37234499512959496,0,0.3351276494109111,0,0.45245422823393044,0,0.4968433149629564
455,0,1,0,0.02526637725532055,0,0.10393700727773356,0,0.06559268931803773,0,0.10279319492833518,0,0.10285921938945287
456,1,2,0,0.0037917206063866615,0,0.0932128004369147,0,0.07234042222783585,0,0.09191532405592066,0,0.09018377868986473
457,0,4,0,0.030619541183114052,0,0.3547426649009834,0,0.3726921973095827,0,0.38002263635628547,0,0.39511676853633454
458,1,0,1,1.0,1,0.9019913698988902,1,0.9903753762719766,1,0.9490569254209055,1,0.9426579409186878
459,1,0,1,0.9811457991600037,1,0.6455315289100891,1,0.7320285164735951,1,0.8557263763384257,1,0.871809351436313
460,0,1,0,0.1109684407711029,0,0.10480707428206724,0,0.08183699152332058,0,0.09597714784226555,0,0.11130116861719987
461,1,1,0,0.41310957074165344,0,0.29005073691390265,0,0.3440879656338175,0,0.2694381094113585,0,0.2742680755252686
462,0,0,0,0.03898562863469124,0,0.10848491488516104,0,0.07374447626898456,0,0.10987574018132228,0,0.10905686353712003
463,0,4,1,0.9351855516433716,1,0.5019425430259862,0,0.42352626747861916,0,0.4931292270839137,0,0.4904627253878002
464,0,3,0,0.04162031039595604,0,0.1420767973639776,0,0.13157094989345525,0,0.09732456148215042,0,0.09985939013766391
465,0,3,0,0.012330164201557636,0,0.11485039241557794,0,0.08242505811149675,0,0.11558153095057143,0,0.11447274403949538
466,0,3,0,0.0003024718025699258,0,0.08575548135682941,0,0.06237701766343463,0,0.0897108344634551,0,0.09668135730154892
467,0,4,0,0.0013211608165875077,0,0.09207135956526669,0,0.07366002156241111,0,0.060903847245726235,0,0.09618470811460843
468,0,1,0,0.37664785981178284,0,0.2543920979641773,0,0.29225657516224757,0,0.2642661156481896,0,0.2705332951382497
469,0,2,0,0.00873302947729826,0,0.08994083857943133,0,0.049152713501412745,0,0.09155936315789245,0,0.08757617223039021
470,1,0,1,1.0,1,0.5318513981453855,1,0.9203028793434777,1,0.7088478281496664,0,0.4922532007549286
471,0,3,0,0.013956609182059765,0,0.1178998791143908,0,0.09088877102604526,0,0.12218344417612825,0,0.11927088676098543
472,0,2,0,0.009216582402586937,0,0.05531940387978839,0,0.06440087585056199,0,0.04930480521130566,0,0.06793006999936803
473,1,2,1,1.0,1,0.9653180180685031,1,0.9466097776488231,1,0.9540639996032152,1,0.9658003573864861
474,1,0,1,0.949106752872467,1,0.8537196024886955,1,0.9155392033795071,1,0.9195178719346895,1,0.9243474126135102
475,0,3,1,0.19233572483062744,1,0.6258074013050996,0,0.37999588638384263,1,0.5710880154821596,1,0.5636501444203185
476,0,3,0,0.03357277810573578,0,0.35580102994216134,0,0.34919747529886164,0,0.2457392488381202,0,0.2425376018259805
477,0,3,0,0.11481735110282898,0,0.1567083547372221,0,0.14322194091049428,0,0.12346075705719281,0,0.13308528014951332
478,0,4,0,0.0018148308154195547,0,0.0490533725887094,0,0.08719028977090444,0,0.05357066633958171,0,0.038323151643316004
479,0,0,0,0.010252147912979126,0,0.11518902096017596,0,0.07622763468664419,0,0.10646459640359639,0,0.11495701477612416
480,1,4,1,1.0,1,0.8498644343087194,1,0.9227103747211112,1,0.8144665078137269,1,0.7743268642435679
481,0,2,0,0.0,0,0.019918927502913436,0,0.02934663844457139,0,0.01834373303276612,0,0.012345747050325711
482,0,0,0,0.0030933658126741648,0,0.10139106845215284,0,0.10772348645207414,0,0.09110634214265469,0,0.09725052223491802
483,0,1,0,0.08353841304779053,0,0.0837674861250792,0,0.08472480788834501,0,0.07537461545313978,0,0.08043758765714276
484,1,1,1,0.2703242003917694,0,0.47984749051828035,0,0.4147118865133951,0,0.3709301997732921,0,0.46833496360455307
485,1,3,0,0.14389668405056,0,0.30442237030161,0,0.3513265614994922,0,0.28372678947866753,0,0.23633639784878566
486,0,3,0,0.0,0,0.01134842983932633,0,0.0,0,0.015217168524818787,0,0.014539330459956087
487,1,3,1,1.0,1,0.9660966540352802,1,0.9655047646335938,1,0.9685441923568646,1,0.9760054188724822
488,0,2,0,0.7141547203063965,0,0.2974319772027983,0,0.414157692782367,0,0.358177949641538,0,0.3593565700436763
489,0,0,0,0.018649699166417122,0,0.11731615639996448,0,0.12887512305846024,0,0.11947904743368998,0,0.1163316731351938
490,1,3,1,1.0,1,0.9454280883716297,1,0.9612817845773918,1,0.974607215065544,1,0.9683622230492626
491,0,3,0,0.019571978598833084,0,0.09763889655750482,0,0.133679141207552,0,0.07496427898699212,0,0.06726841333656926
492,0,2,0,0.06767626851797104,0,0.09105142081506755,0,0.07769408825839799,0,0.08660130268744433,0,0.08246297530813679
493,0,4,0,0.7951439619064331,0,0.28818127373689695,0,0.3507253500687664,0,0.33427782373019727,0,0.3171186811949779
494,0,0,0,0.006856546271592379,0,0.1685549558079042,0,0.14959060273270172,0,0.2124947559469412,0,0.22852738093389288
495,0,4,0,0.0485827699303627,0,0.11626312625858988,0,0.10182728420271477,0,0.12368291589316993,0,0.1258236293005003
496,0,2,0,0.005274659488350153,0,0.09256768929917647,0,0.04266579577836583,0,0.09615717782799083,0,0.08883017881688582
497,1,2,1,1.0,1,0.9795857374601887,1,0.979243711267867,1,0.9832624775501485,1,0.983466541700121
498,0,3,0,0.004063775762915611,0,0.12073741027595405,0,0.05836275409979648,0,0.11809576314915463,0,0.11415941039544278
499,0,3,1,1.0,1,0.9656023476386857,1,0.9183945145760493,1,0.9511062362401506,1,0.8941160156285269
500,0,0,0,0.1779182106256485,0,0.11648330004156505,0,0.0884455970889859,0,0.11040314226484231,0,0.11588064201595312
501,0,1,0,0.019601747393608093,0,0.06083913166989005,0,0.06597695451366639,0,0.054083807136635145,0,0.05511987494243167
502,0,0,1,0.9838429689407349,1,0.6605015392222258,1,0.8588022941085568,1,0.6867948246102926,1,0.6474189792605863
503,0,1,1,0.25527143478393555,1,0.707612897695049,1,0.817382787704343,1,0.7044523837865719,1,0.7019642763741875
504,0,1,1,0.7787851691246033,1,0.5516693989856633,0,0.407466674986845,1,0.5257820391773831,1,0.5363655802821153
505,1,1,1,0.9963494539260864,1,0.9817056681736243,1,0.9983878219332122,1,0.9808810977483843,1,0.9803242276494191
506,0,2,0,0.11561495810747147,0,0.4858705974481356,0,0.4325144207366408,1,0.5616770759020351,1,0.579455643994473
507,1,1,1,1.0,1,0.9447559598754492,1,0.9668193393325467,1,0.9730438395200335,1,0.9712655087119179
508,1,0,0,0.11309587955474854,0,0.23586340699472666,0,0.3324117409293248,0,0.2923115042458583,0,0.26168612703308813
509,0,0,0,0.0022455896250903606,0,0.11705044217897985,0,0.10073199241859164,0,0.11137813269273109,0,0.11475772104113881
510,1,3,0,0.8730922341346741,1,0.5553328401335563,1,0.5736471392598738,0,0.4950866116460091,1,0.53654524797975
511,1,1,0,0.24799613654613495,0,0.10352986775220101,0,0.11742261970341267,0,0.09597714784226555,0,0.11130116861719987
512,0,3,0,0.012330164201557636,0,0.09765180844211362,0,0.07325605005518654,0,0.10619814324816856,0,0.10526170099083917
513,1,3,1,0.9396142363548279,1,0.5739078681491853,1,0.6851463387779109,1,0.5830618759259577,1,0.5752408399816915
514,1,4,1,1.0,1,0.8948074789161973,1,0.9576685361269827,1,0.9466238438901097,1,0.942667100486472
515,0,2,0,0.0025058172177523375,0,0.08475282769393436,0,0.04304641834932336,0,0.08660130268744433,0,0.08239773665264798
516,0,4,0,0.21090692281723022,0,0.3507968950507465,0,0.3391651088598635,0,0.3527616183090368,0,0.36480450661638647
517,1,4,1,0.995008111000061,1,0.7992688601866125,1,0.8757362292366123,1,0.9260900865437399,1,0.9138040074332078
518,0,0,0,0.021588938310742378,0,0.09057512931841742,0,0.1425653619647379,0,0.09012541389466218,0,0.08287840405154605
519,1,0,1,1.0,1,0.7418427155503208,1,0.9108317973808123,1,0.8938953192968722,1,0.8958231055222333
520,0,0,0,0.3355211615562439,0,0.11500505667905853,0,0.13115923119372797,0,0.11449134795878911,0,0.11355154105370495
521,1,3,1,0.9974691867828369,1,0.9800781062936359,1,0.9989072787405243,1,0.98185845037997,1,0.9707530756393519
522,0,3,0,0.0007878712494857609,0,0.11310062505901766,0,0.0632431842156625,0,0.11575043786806884,0,0.11661977387315506
523,0,3,0,0.10724032670259476,0,0.12460709608019677,0,0.14296212694457003,0,0.12550121651653948,0,0.11927088676098543
524,1,2,1,1.0,1,0.9897380583207811,1,0.9992193606775236,1,0.9855949679709086,1,0.9865064057986395
525,0,0,0,0.11348051577806473,0,0.12071104504676707,0,0.10115233691000873,0,0.12358689428430975,0,0.12641275559691878
526,0,4,0,0.020148105919361115,0,0.08953453927643022,0,0.07174914806507803,0,0.08532312383874738,0,0.09268940561574884
527,1,1,1,0.8815339207649231,1,0.6008155181154723,1,0.6352406242058625,1,0.8606541337025049,1,0.8420441114528072
528,0,4,0,0.4053330421447754,0,0.3752324440317797,0,0.2398039637229032,0,0.2843622090621149,0,0.31091034024970154
529,0,4,0,0.6454558968544006,0,0.08469354041296537,0,0.07765706568613094,0,0.08268575763719413,0,0.09481407116620692
530,0,2,0,0.028525374829769135,0,0.14693416655338107,0,0.07790569353189734,0,0.07029001432558128,0,0.09623845944312664
531,1,4,1,1.0,1,0.9780388573499911,1,0.9944036023618253,1,0.9776047657320676,1,0.9743327725715908
532,0,3,0,0.12948748469352722,0,0.1229216646312627,0,0.13187023260652186,0,0.12550121651653948,0,0.11927088676098543
533,0,3,0,0.008661013096570969,0,0.05316314514253592,0,0.10808901674561668,0,0.05431013554574004,0,0.06642992405414724
534,1,2,0,0.0,1,0.7206741378808,1,0.8268044232961135,1,0.6978186339827239,1,0.6878863803384119
535,0,4,1,0.7701519131660461,0,0.4451084967285684,0,0.3646541913752397,0,0.4277162438349248,0,0.43629414212093753
536,1,2,1,1.0,1,0.9781615496779789,1,0.9836194597603957,1,0.9531986227560628,1,0.9738519797040978
537,0,2,0,0.8489559292793274,1,0.6271231077073777,1,0.5712148116047057,0,0.39959595586746405,0,0.39656439538469646
538,1,4,1,0.9987181425094604,1,0.9097423799540845,1,0.9900415603985447,1,0.9458623718709153,1,0.938671081023435
539,0,1,0,0.003269689390435815,0,0.10208544819848953,0,0.04378640466199802,0,0.10257143069554239,0,0.09745838564070436
540,1,0,1,1.0,1,0.9242029100257978,1,0.963977899552125,1,0.9657531810001424,1,0.9592965455401192
541,1,2,1,1.0,1,0.8931914964050967,1,0.9605499574733719,1,0.9542683398319983,1,0.926616539957464
542,0,2,0,0.0,0,0.02642322193467954,0,0.008544444444444447,0,0.01846462340670759,0,0.018546064627756233
543,0,2,0,0.0,0,0.026372752956678295,0,0.008544444444444447,0,0.01903872329458348,0,0.018123884170505377
544,1,0,0,0.0013503727968782187,0,0.149228346911368,0,0.06629121954667555,0,0.069649096959142,0,0.09404106652763385
545,0,2,0,0.057954225689172745,0,0.3137614260309245,0,0.24924397179574506,0,0.3290447649040974,0,0.3688125364128599
546,0,1,0,0.041892439126968384,0,0.2164446710537902,0,0.16339731731957088,0,0.24970620323502368,0,0.25472064369940534
547,1,1,1,1.0,1,0.9127438658718742,1,0.9554767905503739,1,0.9554684008614234,1,0.9486134888160211
548,1,3,0,0.08381662517786026,0,0.15442239095879579,0,0.11218719691113903,0,0.10836661612876648,0,0.11379938077329207
549,0,0,0,0.0037574267480522394,0,0.13244530265190738,0,0.05383196088488611,0,0.12020302894543299,0,0.13159330469569513
550,1,2,0,0.0,1,0.848405029729237,1,0.8926763053686686,1,0.9399919468507875,1,0.9340797047675482
551,1,0,0,0.07564393430948257,0,0.3661621407420207,0,0.34732558245033646,0,0.32624304745306837,0,0.4229056935578663
552,0,4,0,0.23073601722717285,0,0.1807359779462159,0,0.06273391983200541,0,0.08470337576517178,0,0.10387649597913197
553,0,1,0,0.20251049101352692,0,0.10576862054373096,0,0.11783195282007493,0,0.08165634309631532,0,0.08588701959379974
554,1,2,0,0.01956380344927311,0,0.09493333703444484,0,0.054354973193581735,0,0.08914997914467099,0,0.08394929852747827
555,1,0,1,0.25230515003204346,1,0.6349062597816479,1,0.6092527803778662,1,0.5972619387346281,1,0.5998370732216568
556,0,0,0,0.062807098031044,0,0.1793157193523407,0,0.13488657772809762,0,0.2354952442718092,0,0.23562731250358054
557,1,0,1,1.0,1,0.8661963666162732,1,0.9268525268003062,1,0.943673344434593,1,0.9364551963609382
558,0,1,0,0.00207703304477036,0,0.22911562248344503,0,0.2526348496813434,0,0.279036759144371,0,0.2891137562972028
559,1,4,1,1.0,1,0.986760909184992,1,0.9976633873782702,1,0.958978167854643,1,0.9710404683154565
560,1,4,1,1.0,1,0.6309641740498485,1,0.6927282143147809,1,0.519836214580998,1,0.5430206565380549
561,0,3,0,0.21948504447937012,0,0.12474246313891922,0,0.12572563341264534,0,0.12332358618320446,0,0.12082753618676603
562,0,1,0,0.011597701348364353,0,0.08516800553406971,0,0.03801359770937253,0,0.08481566707668399,0,0.09124622876888722
563,0,1,0,0.0041700997389853,0,0.16303607364114114,0,0.07877983034793881,0,0.10539818436268586,0,0.10361641416558144
564,0,4,0,0.01916895993053913,0,0.11061086015099224,0,0.09709613915052283,0,0.11661237842170881,0,0.11118687628063072
565,0,4,0,0.0463995635509491,1,0.6492425458537034,1,0.5599304354365942,1,0.6453952682071217,1,0.6667561719765253
566,0,3,0,0.20225943624973297,0,0.11179503429464864,0,0.07242484684094334,0,0.09304662478729006,0,0.10049787915763389
567,0,2,0,0.005258848890662193,0,0.08780989388185605,0,0.049990890813799455,0,0.08442855142018059,0,0.08579916887704452
568,0,1,0,0.0,0,0.025620923377856517,0,0.0,0,0.015246436296743023,0,0.014811408042365014
569,0,0,0,0.11348051577806473,0,0.12071104504676707,0,0.10115233691000873,0,0.12358689428430975,0,0.12641275559691878
570,1,1,0,0.23997046053409576,0,0.10243730472987805,0,0.07131535213615751,0,0.09913549179548953,0,0.10263665667343418
571,1,4,0,0.001157929073087871,0,0.025126166993587374,0,0.050312941692702964,0,0.029944053291746705,0,0.032060608475072354
572,1,2,1,1.0,1,0.9446158475232028,1,0.9595180430089227,1,0.9766424402449433,1,0.9647834877518054
573,1,3,1,0.9396142363548279,1,0.5739078681491853,1,0.6851463387779109,1,0.5830618759259577,1,0.5752408399816915
574,1,2,1,0.8067701458930969,1,0.6831474207443835,1,0.6974272383208516,1,0.6829251555865048,1,0.6633406876706298
575,0,4,0,0.6915048360824585,0,0.1336546610764305,0,0.19536115520861963,0,0.130311489469479,0,0.1394540181331923
576,0,2,0,0.020542122423648834,0,0.0991820392593232,0,0.0428347004628129,0,0.09009517447361653,0,0.0841192814069326
577,1,3,1,0.9902803301811218,1,0.7677007083163062,1,0.9341427718210925,1,0.9333518981895919,1,0.9210594853160589
578,1,2,1,1.0,1,0.8994268142859115,1,0.9566770608048232,1,0.947409761896416,1,0.9272900670468682
579,0,0,1,1.0,1,0.6896570718098788,1,0.7469207856845824,1,0.6609332467268961,1,0.6493092665664268
580,1,4,0,0.6798940300941467,0,0.1967872973841981,0,0.3465475029490199,0,0.22545896502078733,0,0.18628216368493467
581,1,4,1,1.0,1,0.8433113114982914,1,0.9447702400657698,1,0.9414925845966975,1,0.9269936403259135
582,1,0,1,1.0,1,0.984673327621106,1,0.9891958358719454,1,0.9778664241195992,1,0.9813560522392085
583,0,2,0,0.04632988199591637,0,0.0784108231787422,0,0.05215591184340975,0,0.08842777265476204,0,0.06520768230587032
584,0,3,0,0.5729193091392517,0,0.4001724645672775,0,0.4487846531950521,0,0.4012647443806942,0,0.3596651045502558
585,0,2,0,0.07676229625940323,0,0.08882608472622308,0,0.06490629585714863,0,0.09126374289405355,0,0.09079559937622657
586,1,1,1,1.0,1,0.9834454164794065,1,0.9899710101264579,1,0.9767301889692068,1,0.9779798625368126
587,0,4,0,0.00126048328820616,0,0.12446631585234301,0,0.11128332560555512,0,0.07922014736109506,0,0.08983676707165698
588,1,3,0,0.01672275923192501,0,0.2468962197440339,0,0.10372336095178937,0,0.21839064591048257,0,0.22247770621797983
589,0,1,0,0.009938178583979607,0,0.10660280559061658,0,0.06733876449207025,0,0.10431547753615768,0,0.10500589885463625
590,0,3,0,0.012330164201557636,0,0.11485039241557794,0,0.07325605005518654,0,0.11558153095057143,0,0.11708953639564706
591,0,4,0,0.00037404015893116593,0,0.2509557085460298,0,0.26904025609827453,0,0.2975484329174649,0,0.25998156431197506
592,1,1,1,1.0,1,0.9795109502004573,1,0.9482616340559356,1,0.9695703326488231,1,0.9759176016814359
593,0,4,0,0.0017526010051369667,0,0.08491144231701521,0,0.059204615578814554,0,0.07680676632706304,0,0.08559143345745032
594,0,3,1,1.0,0,0.3313897697316723,0,0.49308227059444043,0,0.3998552287534056,0,0.358986638843758
595,0,1,0,0.0428287610411644,0,0.15937150388777108,0,0.07367458898384097,0,0.09890668504063736,0,0.10146793245088064
596,0,1,0,0.008179294876754284,0,0.04743806508800409,0,0.0748523922279902,0,0.048127122767490864,0,0.058825934322265856
597,1,4,1,0.9811123609542847,1,0.9530700699642066,1,0.9979540489023279,1,0.9523394918787944,1,0.9615501535799532
598,0,0,0,0.0027917071711272,0,0.09722311161899441,0,0.14800628403359445,0,0.0781589443473054,0,0.08032622582272085
599,0,2,0,0.005155283026397228,0,0.09368409119164457,0,0.05490849143645824,0,0.09269806476508381,0,0.08944308962761259
600,1,1,0,0.6332641839981079,0,0.41341769266107503,0,0.3049660414096792,0,0.26915861057938034,0,0.273125549536707
601,1,2,1,1.0,1,0.8017064168913971,1,0.8602578822314605,1,0.8860736018993584,1,0.8748810563322375
602,0,4,0,0.03059985488653183,0,0.10626969546366755,0,0.06929317474180857,0,0.11019621026722236,0,0.10492278176061579
603,0,0,0,0.009650541469454765,0,0.19691184101841333,0,0.06687136316563849,0,0.27982939243786864,0,0.2573066164732649
604,0,1,0,0.38793036341667175,0,0.08488593629020948,0,0.08449513558186947,0,0.08095326485852924,0,0.08737092447523546
605,1,4,1,0.983630895614624,0,0.36550683015140767,1,0.6235574527936701,0,0.42319470312296353,0,0.40742380680082907
606,0,1,0,0.004598630126565695,0,0.10597307956863156,0,0.037142359146875546,0,0.10099459582689409,0,0.09800341268227038
607,0,1,0,0.028380274772644043,0,0.10172405275253193,0,0.08547684761707235,0,0.10563768861590611,0,0.10263665667343418
608,1,3,0,0.8414617776870728,0,0.3559523653819048,0,0.47419286522592985,0,0.3920309108645852,0,0.38757282206203986
609,1,0,1,1.0,1,0.9610643812191453,1,0.9813617943016667,1,0.9525187079346097,1,0.9680139038433953
610,1,3,1,0.9531866908073425,1,0.9514350833945523,1,0.9763752278166627,1,0.9549871818339816,1,0.9544252724674733
611,0,0,0,0.0,0,0.02392349904505628,0,0.031166422466422462,0,0.012925635270266347,0,0.020296634422387338
612,0,4,0,0.004890726413577795,0,0.10333924644262803,0,0.07539826207844344,0,0.09755665798034592,0,0.08696681787699018
613,1,2,1,1.0,1,0.9577237172326073,1,0.9057096892000608,1,0.9183083118881226,1,0.9446180568673392
614,0,2,0,0.05260149762034416,0,0.09065052907568119,0,0.051806401645688054,0,0.09155936315789245,0,0.08861693056895462
615,0,2,0,0.02605784684419632,0,0.07903074447679846,0,0.043625374571931295,0,0.0730835921771298,0,0.07747071719122026
616,1,4,1,1.0,1,0.9400518705509205,1,0.9515925632215839,1,0.9449468016676835,1,0.9610443607265631
617,0,4,0,0.003118420485407114,0,0.03976876619209323,0,0.026975556599217975,0,0.04545464785049796,0,0.039943368540918095
618,0,2,1,1.0,1,0.5660787516856972,1,0.6378027222402806,0,0.4258824173990856,0,0.478518215425144
619,1,4,1,1.0,1,0.9795694225906213,1,0.9863119410496246,1,0.9757208333293779,1,0.9690911505673754
620,0,3,0,0.5987001657485962,0,0.14743337290452777,0,0.06137397113250475,0,0.10863982727190108,0,0.11366434475928795
621,0,4,0,0.011487279087305069,0,0.24310180302726464,0,0.2684359378052732,0,0.22242441358243695,0,0.20651201378982242
622,1,3,0,0.0440879687666893,0,0.4088852950019042,1,0.5094163652659526,0,0.3675104699837169,0,0.3450724020609354
623,1,3,0,0.03152775019407272,0,0.12766371049569425,0,0.06879287619386386,0,0.1090615937190507,0,0.10812886929592636
624,0,0,0,0.0828622505068779,0,0.10158926769224537,0,0.10316675925588648,0,0.05276697752927271,0,0.0833834733453916
625,0,3,0,0.06563170999288559,0,0.09790162472449632,0,0.06273846630409423,0,0.11465603080654062,0,0.10148164387731991
626,0,1,0,0.030744947493076324,0,0.25648397789055893,0,0.24145472448804717,0,0.2782340504899667,0,0.3057395940991227
627,0,1,0,0.022734971717000008,0,0.15526888658109225,0,0.0927405993433937,0,0.0713889646291815,0,0.09317857892139285
628,1,1,1,0.9653627872467041,1,0.9758887022387661,1,0.97728212863661,1,0.9818055117908858,1,0.9755834981133924
629,0,4,0,0.05176222324371338,0,0.10626969546366755,0,0.06929317474180857,0,0.11019621026722236,0,0.10492278176061579
630,0,1,0,0.01677112653851509,0,0.10480707428206724,0,0.07564560058132946,0,0.09592669719204455,0,0.11130116861719987
631,1,0,0,0.11306033283472061,0,0.2048795055287399,0,0.19763511312418944,0,0.22971468982009086,0,0.23615550083375575
632,0,3,0,0.0008760710479691625,0,0.0791102305438666,0,0.06182117509721881,0,0.08860269691864187,0,0.09099735160935754
633,1,2,1,0.9923170804977417,1,0.7281650290609292,1,0.7189998179307051,0,0.47557761810513877,0,0.46244886944456426
634,0,0,0,0.0035615358501672745,0,0.13215392033717263,0,0.09250358749670523,0,0.17099774870155746,0,0.21611323173031427
635,0,4,0,0.0,0,0.013109516836822911,0,0.008304761904761905,0,0.007756500733402712,0,0.008907168499449352
636,1,0,1,0.9625219702720642,1,0.7166172996445337,1,0.8707423355161932,1,0.8868995975848671,1,0.8890122203672741
637,0,0,0,0.7435928583145142,0,0.3460786800032211,0,0.49854523341706863,0,0.35592295012831415,0,0.3730076961770684
638,0,2,0,0.004434129223227501,0,0.12024191473495198,0,0.2021841485867273,0,0.10750875818301338,0,0.09986676553899988
639,0,1,0,0.0,0,0.027860767482184592,0,0.005304761904761904,0,0.011691372305722356,0,0.010938275131262748
640,0,2,0,0.0091285090893507,0,0.15643505383749595,0,0.20869138936936546,0,0.18146189740110322,0,0.1774991388800417
641,0,3,0,0.05047973617911339,0,0.05611013557091075,0,0.07157076316101935,0,0.06156095334336845,0,0.051826978577922615
642,1,0,1,0.9593080878257751,1,0.9843497626132782,1,0.9982674267749045,1,0.9822987323783893,1,0.9802258386836437
643,0,1,0,0.0,0,0.032533033867353546,0,0.052582539682539634,0,0.010279606143805605,0,0.012948346228268107
644,1,1,0,0.4977116882801056,0,0.4734331995276067,1,0.634573504739739,1,0.6116861389208035,1,0.5656649327817092
645,1,3,1,1.0,1,0.9511268620867246,1,0.9463995301029305,1,0.9609824147882173,1,0.9449069282113933
646,1,0,0,0.0029037597123533487,0,0.4824244603655548,1,0.5509581882330076,1,0.5833976190086452,1,0.681862348455485
647,0,4,0,0.04170755669474602,0,0.12550841180035716,0,0.10011718764689789,0,0.11804392772880007,0,0.1266737065001223
648,1,3,0,0.02461177669465542,0,0.3082208396120968,0,0.12798274518442695,0,0.22478892444236254,0,0.24614689069277929
649,0,0,0,0.013940442353487015,0,0.11190066057414268,0,0.07894459905846375,0,0.1122838849348346,0,0.11326023907370754
650,1,1,0,0.010798218660056591,1,0.5999850056727822,1,0.5419146734314373,1,0.6054393956738885,1,0.5829123479902958
651,0,0,0,0.014231654815375805,0,0.11402502881087088,0,0.07410779334573425,0,0.11613646526719848,0,0.11459932100982659
652,1,3,1,1.0,1,0.9711207112985996,1,0.9943712485670709,1,0.9749591881710781,1,0.9750452062611128
653,0,1,0,0.002046056790277362,0,0.10875860643415455,0,0.06515617599032923,0,0.1077328345116478,0,0.10500589885463625
654,1,4,1,0.9123155474662781,1,0.6615066146706209,1,0.6896460001279812,1,0.6599733208090656,1,0.6721364828289149
655,0,4,1,0.7590017318725586,1,0.6487665252901653,1,0.8308603274899181,1,0.6402663965668994,1,0.6331398761243004
656,0,1,0,0.0060059805400669575,0,0.05983702819316066,0,0.060272359270502986,0,0.033283581690472,0,0.031001735065671648
657,0,3,0,0.01737002283334732,0,0.11502367397159709,0,0.07262829125542115,0,0.11713704582450246,0,0.11800835278265322
658,0,2,1,1.0,0,0.17374807033260964,0,0.21440730371620872,0,0.26048428917569016,0,0.3486989352881752
659,0,1,0,0.0018240840872749686,0,0.15481778582016686,0,0.06647451001542942,0,0.10670574288972202,0,0.10339642988289345
660,0,4,0,0.04525819048285484,0,0.11346289935529279,0,0.26279481582916725,0,0.37792238501475506,0,0.1980304390609637
661,1,3,0,0.01782732643187046,0,0.22547455303722272,0,0.1708230268657197,0,0.2140290850502356,0,0.22550379911631793
662,0,3,0,0.012742285616695881,0,0.10043410778514174,0,0.07170515960239596,0,0.1040872484318193,0,0.10531602566004018
663,0,3,0,0.020150519907474518,0,0.376262916162411,0,0.3228557585334087,0,0.39220289506544526,0,0.41426560787175476
664,0,2,0,0.0004986972780898213,0,0.06146004164521485,0,0.03670737106933708,0,0.0644170884799999,0,0.07173152681870261
665,1,4,0,0.044498149305582047,0,0.15453211977588668,0,0.3170776205723528,0,0.12105774950409925,0,0.14590751102280283
666,0,0,0,0.008876118808984756,0,0.08735828358572811,0,0.10306258416732382,0,0.07689575163645816,0,0.06659757509847723
667,0,3,0,0.012040969915688038,0,0.15634320795316364,0,0.05635015871066734,0,0.10902957713903133,0,0.11516923046410177
668,0,3,0,0.3526219427585602,0,0.11962208123099291,0,0.12686908682937117,0,0.12244693049201782,0,0.12077753193796645
669,0,2,0,0.09156570583581924,0,0.07447128829605416,0,0.04908393519419887,0,0.06281378767605324,0,0.06781397935193924
670,1,0,1,1.0,1,0.8909749561921685,1,0.9742570196015958,1,0.9360471728717411,1,0.9413505769206397
671,1,1,1,1.0,1,0.7879862203991332,1,0.9094569181871653,1,0.9112245320145931,1,0.9008728068949023
672,0,1,0,0.771058976650238,0,0.4634770300577393,0,0.4638533366522478,0,0.42835590815563335,0,0.405429107397198
673,0,4,0,0.001157929073087871,0,0.07912310707221286,0,0.0824682253102144,0,0.05336718201779799,0,0.08158832362475443
674,1,4,0,0.13498200476169586,0,0.1334502476228401,0,0.09885844307614675,0,0.09439340897465803,0,0.09975307185186547
675,0,0,0,0.0030933658126741648,0,0.10139106845215284,0,0.10772348645207414,0,0.09110634214265469,0,0.09725052223491802
676,0,3,0,0.037042517215013504,0,0.11965832607253092,0,0.07928009244683192,0,0.1195424863322683,0,0.10930670927643042
677,0,4,0,0.011645819060504436,0,0.10709614340200362,0,0.07283886075917666,0,0.11111228366686426,0,0.10794413126087869
678,1,2,1,0.10212548077106476,1,0.6301267503953167,0,0.2950773607382879,1,0.597576316790201,1,0.6049971458549825
679,0,3,0,0.0,0,0.012578519802308905,0,0.0037079365079365077,0,0.011798064293096414,0,0.014591628419583226
680,1,4,0,0.42083510756492615,1,0.5892325449458444,0,0.3762699278573857,1,0.5759486149947672,1,0.6961676074592035
681,0,1,0,0.07601932436227798,1,0.7102395650894268,1,0.771370147131014,1,0.7211353394174511,1,0.7071171253512791
682,1,4,0,0.23073601722717285,1,0.5746933130429145,1,0.5057653632362852,1,0.6058237067795795,1,0.7393925216970548
683,0,1,0,0.007662339136004448,0,0.1222580384734912,0,0.07814521898876119,0,0.10792251467130606,0,0.10848454702941175
684,0,1,0,0.06641282886266708,0,0.030599055910955745,0,0.18749478261557764,0,0.011673347171283818,0,0.015009136179242516
685,0,1,0,0.00452533969655633,0,0.13244851889108128,0,0.06715157659739762,0,0.07003452250696039,0,0.08537655107531815
686,0,3,0,0.0031275127548724413,0,0.1808682860654974,0,0.07453255707786671,0,0.09902304151026958,0,0.12734049560853597
687,0,2,0,0.0003002809244208038,0,0.028986240392281388,0,0.12661775029186936,0,0.02096922969821697,0,0.012254772446700509
688,0,0,0,0.5167145729064941,0,0.12895905888281423,0,0.08869346696695887,0,0.11530847495109829,0,0.11771305152203682
689,0,4,0,0.5395953059196472,0,0.12594129948177096,0,0.14278252166374442,0,0.11659998766329986,0,0.1266737065001223
690,1,1,1,1.0,1,0.9775457627338194,1,0.9754212312007126,1,0.9817204552853761,1,0.9775019496323
691,1,2,0,0.19075393676757812,0,0.4793749481012462,1,0.5570278810177105,1,0.5154981223843607,1,0.5506571097103752
692,1,0,1,1.0,1,0.7977632477934437,1,0.8281434565574814,1,0.7361795087717684,1,0.6990939306624443
693,1,4,0,0.5979272127151489,1,0.7524039097911306,1,0.6675301845435413,1,0.7065049732635945,1,0.7616397573150646
694,0,3,0,0.8019566535949707,0,0.12460709608019677,0,0.1673608517051437,0,0.12550121651653948,0,0.11927088676098543
695,0,2,0,0.08252128213644028,0,0.4586729083436432,0,0.33590407489107954,0,0.336076419502954,0,0.3303230950738219
696,0,2,0,0.05184362456202507,0,0.05581080234054461,0,0.07766515645513956,0,0.06624844718866199,0,0.0473846085598034
697,0,0,0,0.29423069953918457,0,0.09012596599195358,0,0.0922227496695269,0,0.08887346518400521,0,0.0901462407563171
698,1,0,1,0.8890641331672668,1,0.6698008853933171,1,0.8121433454745279,1,0.6763392123977907,1,0.6454087205921916
699,0,0,0,0.13934877514839172,0,0.2980680302621101,0,0.2690562666743433,0,0.30135860767798184,0,0.38306370377414006
700,0,0,0,0.002242796588689089,0,0.10431309901653807,0,0.11326108599895474,0,0.07944655335950905,0,0.10378900020358862
701,1,3,1,1.0,1,0.9857783785752912,1,0.987482272573273,1,0.9735902109664419,1,0.9754843763375671
702,1,0,1,0.9733690023422241,1,0.6068296741402729,1,0.7397415443582537,1,0.5577783887901718,1,0.5396762152053842
703,0,4,0,0.0,1,0.6853278646956606,1,0.8184232067672571,1,0.6555346168584587,1,0.6904917341374067
704,0,4,0,0.0034141025971621275,0,0.11219279890172175,0,0.08097836543990491,0,0.11228658886197028,0,0.10828006853154572
705,0,4,0,0.5311744213104248,0,0.027992535463163198,0,0.06487549936315731,0,0.041474175559211,0,0.024997845043004303
706,0,4,0,0.09704157710075378,0,0.19635728623031246,0,0.07221961586853538,0,0.07339799126623638,0,0.112900842789804
707,1,1,1,0.6019545197486877,1,0.7610437405183382,1,0.7404320345950761,1,0.9067162150875885,1,0.8838012502948873
708,1,1,0,0.6135982871055603,0,0.35198788862738145,0,0.40393386904600076,0,0.32912356988414665,0,0.3099674851021495
709,1,0,1,0.9387430548667908,1,0.810622324529137,1,0.83140175870246,1,0.9073642478167215,1,0.7855508191478345
710,1,4,1,1.0,1,0.9385564311819157,1,0.9319274917614383,1,0.9478710192373766,1,0.9527387051259731
711,1,4,1,0.9762269854545593,1,0.938267692749636,1,0.9243420471344109,1,0.9652403906067648,1,0.9539703582406702
712,0,3,1,0.9099244475364685,0,0.38157454881274305,1,0.5702995803188753,0,0.34994575713041853,0,0.33413157350707906
713,1,0,0,0.0038697475101798773,0,0.23531244820566227,0,0.12347639861914592,0,0.2522689619734586,0,0.28075365475436415
714,0,1,0,0.6449546217918396,0,0.10799825157842602,0,0.1852671587850077,0,0.10574946211275522,0,0.10211677833641356
715,0,1,0,0.0011667123762890697,0,0.04189736254544222,0,0.028249153661325167,0,0.053854986309860776,0,0.03902615079190086
716,0,2,0,0.009940313175320625,0,0.12780895418163052,0,0.16591701171158962,0,0.0953511748903986,0,0.09385423248791022
717,1,3,1,0.6515206098556519,1,0.9814876668324695,1,0.9765675797955771,1,0.9710239830024519,1,0.970163166124923
718,1,2,1,0.9978919625282288,1,0.8589458821393019,1,0.8279238030391846,1,0.9540842650585506,1,0.9265232859719179
719,0,2,0,0.009293648414313793,0,0.09393979993399137,0,0.04070424554459204,0,0.09695269665396684,0,0.08981024230539565
720,0,2,0,0.033430155366659164,0,0.0911344579419244,0,0.050273857312651285,0,0.08173083441842388,0,0.08721583301776739
721,1,1,1,1.0,1,0.9137275923022657,1,0.9633434834089313,1,0.943766115074986,1,0.9464410734218335
722,0,0,0,0.0014456737553700805,0,0.11123512705876135,0,0.10559579228366248,0,0.11012430334778031,0,0.11606674442894184
723,0,1,0,0.7377774715423584,0,0.1385923953631663,0,0.10825025199079388,0,0.10713514657357807,0,0.1035079797660551
724,0,0,0,0.04152875393629074,0,0.10699839888858079,0,0.07607455749783112,0,0.09117021808151145,0,0.09833937360794985
725,1,1,0,0.17487961053848267,1,0.51346532970915,1,0.5583062362264805,1,0.5352980229545068,1,0.5343753614392442
726,0,4,0,0.010818607173860073,0,0.12887191013997898,0,0.08818640054929942,0,0.11881574232666309,0,0.12348676114649976
727,1,0,1,1.0,1,0.7317362545400949,1,0.7911398443161055,1,0.8770434868699456,1,0.8887314931860355
728,1,3,1,0.931627094745636,1,0.6013159196845405,1,0.7236334612288375,1,0.5962254268487603,1,0.6117907008768039
729,0,1,0,0.3691111207008362,0,0.1804190611601585,0,0.08105346232137241,0,0.10653709338042255,0,0.10852978793583018
730,0,4,1,1.0,1,0.6115463562239052,1,0.5057181708855745,1,0.5923313552933033,1,0.5793631794005144
731,1,0,1,0.9965073466300964,1,0.9846188341406407,1,0.9991689898161824,1,0.9810046308599866,1,0.9829442254665103
732,0,4,0,0.15238229930400848,1,0.6445007634025955,1,0.5716604760809108,1,0.728808122656903,1,0.7553257248693084
733,0,4,0,0.0013211608165875077,0,0.10436755554670976,0,0.0713167237602579,0,0.06162485675500382,0,0.07692885396184847
734,0,1,0,0.0018240840872749686,0,0.15481778582016686,0,0.06647451001542942,0,0.10670574288972202,0,0.10339642988289345
735,0,1,0,0.0018240840872749686,0,0.15481778582016686,0,0.06647451001542942,0,0.10670574288972202,0,0.10339642988289345
736,0,1,0,0.009983071126043797,0,0.06347927136505811,0,0.0687065931978652,0,0.06090489213982578,0,0.05251882272509988
737,0,1,0,0.0,0,0.02400996604780128,0,0.0031619047619047616,0,0.013967264612404854,0,0.008227313759294613
738,1,2,0,0.14519885182380676,1,0.6611944628926185,0,0.3753061355082534,1,0.7117611613034277,1,0.7438014897395165
739,0,0,0,0.014231654815375805,0,0.11402502881087088,0,0.07410779334573425,0,0.11613646526719848,0,0.11459932100982659
740,0,0,0,0.014231654815375805,0,0.11402502881087088,0,0.07410779334573425,0,0.11613646526719848,0,0.11459932100982659
741,1,1,0,0.231125608086586,0,0.31365455024498634,0,0.3650289519526444,0,0.322853145980916,0,0.32720176946909546
742,0,3,0,0.3574814796447754,0,0.3946362452039366,1,0.6602731855602448,0,0.36506587477504054,0,0.35642407297516066
743,1,3,1,1.0,1,0.9590793368048173,1,0.9653117458514817,1,0.9704204081143887,1,0.9586919665642735
744,0,2,0,0.010022522881627083,0,0.0917469633986096,0,0.029486065563112267,0,0.08525290579953515,0,0.08318201881359596
745,1,1,0,0.41823843121528625,0,0.15236336747032428,0,0.25734897616746066,0,0.1738266243768348,0,0.15078440161007342
746,0,0,0,0.6005510091781616,1,0.5334477954235594,0,0.4271036584610675,0,0.43325884419743554,0,0.4087383577192271
747,0,2,0,0.0172343198210001,0,0.11923131382747428,0,0.07480410402272047,0,0.0850845295383684,0,0.08628295537985098
748,1,2,1,0.9976786971092224,1,0.7530888841258555,1,0.9358176934262105,1,0.933098261579374,1,0.9253675808104743
749,0,4,0,0.028017913922667503,0,0.48647220859076445,1,0.671159305249998,0,0.4165026875440133,0,0.4768274591538692
750,0,1,0,0.1541777104139328,0,0.10144137605276253,0,0.08914409043273595,0,0.09323841440521645,0,0.10834325822386778
751,1,3,1,1.0,1,0.9007670383884473,1,0.9636432543591179,1,0.9625992152339289,1,0.952590441217979
752,1,4,0,0.0,1,0.8702348648046765,1,0.8464664642584344,1,0.8882566826101422,1,0.8581604030889041
753,0,4,0,0.44831588864326477,0,0.11080657385284878,0,0.07529056785304268,0,0.09970406368131107,0,0.10327269941538458
754,0,1,0,0.0007245360175147653,0,0.10298154079535768,0,0.056869379028108624,0,0.10466639234748062,0,0.10500589885463625
755,1,1,1,1.0,1,0.9350728425303941,1,0.9204623367146475,1,0.9659840050486498,1,0.9677369573298551
756,1,2,1,1.0,1,0.8386200141908134,1,0.878821173851931,1,0.9641165366662169,1,0.9517044560884712
757,0,1,0,0.09014856815338135,0,0.1020185173500118,0,0.101444539092087,0,0.10485045090944334,0,0.10208046379455529
758,0,2,0,0.0045566437765955925,0,0.1701469873985569,0,0.0726321605169897,0,0.09553911446946445,0,0.09809462661924392
759,0,2,0,0.0736965462565422,0,0.0931550134356477,0,0.046553404953240826,0,0.07965172424020521,0,0.08348009414793567
760,1,1,1,0.9988774657249451,1,0.9795681087618836,1,0.9991734865911348,1,0.9801430020462307,1,0.980332966913172
761,0,2,0,0.016035789623856544,0,0.08874326715330369,0,0.03542292060168376,0,0.09041532387968267,0,0.08361781259794734
762,0,1,0,0.00085161387687549,0,0.0848825661566683,0,0.06352270018258235,0,0.07332984039370373,0,0.08546725398740511
763,1,0,0,0.025797786191105843,0,0.12054412518229299,0,0.1149897439960682,0,0.12631463717821573,0,0.12837764381620884
764,1,3,1,1.0,1,0.9761982706675534,1,0.9445600604106491,1,0.9672215948354462,1,0.9596523328781554
765,0,4,0,0.0489545576274395,0,0.13493283687552693,0,0.14852068234516463,0,0.11557227809076455,0,0.1296706574822703
766,1,3,1,1.0,1,0.9727828774273264,1,0.9280346078521122,1,0.9656305961056102,1,0.9572669505906943
767,0,1,0,0.008065039291977882,0,0.4059569093428951,0,0.318290700587269,0,0.2947285104069139,0,0.32564629099516673
768,0,0,1,0.9463808536529541,1,0.6297529106342797,1,0.7837475834312421,1,0.6620400309750067,1,0.6343701977676
769,0,2,0,0.0091285090893507,0,0.13181091644558096,0,0.12477424033522949,0,0.12486055623293714,0,0.12135313558922554
770,0,0,0,0.14170308411121368,0,0.11708603865816891,0,0.14262902097447258,0,0.11476151787113054,0,0.11459206709776436
771,0,0,0,0.043235160410404205,0,0.12128096878251998,0,0.08414690689973177,0,0.11523654177210127,0,0.11652821687326306
772,0,4,0,0.3601764738559723,0,0.025083759435376426,0,0.0809838184927756,0,0.030329701318047925,0,0.02430068174705498
773,0,3,1,0.4929317533969879,1,0.8466811082173831,1,0.8015348988752882,1,0.9347808012804294,1,0.9472865102700411
774,0,0,0,0.06807238608598709,0,0.08393087091220366,0,0.10372394947483392,0,0.08153606548223875,0,0.0877092421567514
775,1,0,1,1.0,1,0.6712029189312227,1,0.7285649716760151,1,0.8194288396459117,1,0.8615785296902622
776,0,0,0,0.0072806598618626595,0,0.1252337506149812,0,0.09115542463412489,0,0.1107918845476276,0,0.11774039859574471
777,0,3,0,0.21948504447937012,0,0.15560206897272127,0,0.15127997030832727,0,0.11566525152104042,0,0.128225030578008
778,1,1,1,0.4371333420276642,1,0.9355435493860403,1,0.8411648023396726,1,0.8660839085783364,1,0.8402671684135073
779,0,3,0,0.013956609182059765,0,0.12474246313891922,0,0.10390173318916435,0,0.12332358618320446,0,0.12038826775052679
780,1,2,1,1.0,1,0.9832764563819116,1,0.9993089129163295,1,0.9823377273494576,1,0.9808401526158598
781,1,3,1,0.6251473426818848,1,0.733673206007729,1,0.753932963742602,1,0.6825164112010672,1,0.6833269211372184
782,1,3,1,1.0,1,0.9610361914792384,1,0.9798975711065946,1,0.9664638411829756,1,0.9667416354802183
783,0,2,1,0.961132824420929,1,0.53601641573084,1,0.7955594578948184,0,0.4499085042010781,0,0.43136477853347854
784,0,0,0,0.02783234417438507,0,0.12076215006092475,0,0.07284998047991226,0,0.10553806065148863,0,0.11524020823646043
785,0,1,0,0.0974036231637001,0,0.10294201825667491,0,0.1097481118681332,0,0.10239297333592842,0,0.09568460872893769
786,0,1,0,0.0014439786318689585,0,0.10284488463312191,0,0.06659556037842636,0,0.10369600834903617,0,0.09983372228458472
787,1,3,1,0.2656843066215515,1,0.5821394028913931,1,0.5758651206693094,1,0.572506202124341,1,0.6031101765474786
788,0,2,0,0.0,0,0.01997865250681643,0,0.014973378371311335,0,0.016653863013857417,0,0.011174916084102999
789,1,1,0,0.0,1,0.5157801761197318,1,0.6472979712648605,0,0.3503845522900582,0,0.48376439869949694
790,0,4,0,0.037449050694704056,0,0.16555905413553487,0,0.191156687669018,0,0.13646403142004104,0,0.16684545300902523
791,0,3,0,0.21948504447937012,0,0.12474246313891922,0,0.12572563341264534,0,0.12332358618320446,0,0.12082753618676603
792,0,2,0,0.0058013079687952995,0,0.15787677253584562,0,0.09477142350100103,0,0.12753116522486446,0,0.10246666260298987
793,0,0,0,0.0,0,0.01719096120629279,0,0.04264920634920633,0,0.010186158195958337,0,0.01353448249937473
794,0,4,0,0.20637664198875427,0,0.2557784983451138,0,0.2965480558062612,0,0.2772985166919088,0,0.4619643072821327
795,0,2,0,0.0020621116273105145,0,0.08428509015849578,0,0.03941696437189961,0,0.08473043979648638,0,0.08493676266922195
796,0,0,0,0.07833050936460495,0,0.12338498046824055,0,0.08638142940424294,0,0.10609258509699365,0,0.10415350758233029
797,1,4,1,0.8868663311004639,1,0.8570036803364277,1,0.838408703582546,1,0.9383493407279875,1,0.9410540994172852
798,1,0,1,0.1092262715101242,1,0.6300964422156825,0,0.35784241848102577,1,0.5642052579164122,1,0.5736354335187379
799,0,2,0,0.09526752680540085,0,0.08816854470966881,0,0.08883078150158098,0,0.0883590912567412,0,0.08750290167505903
800,0,4,0,0.0,0,0.07119548604410124,0,0.027804531490015362,0,0.048425145094444115,0,0.059980384997650175
801,0,2,0,0.0024972576647996902,0,0.0636239252431961,0,0.046618401390952434,0,0.10691019779651896,0,0.08496911050197715
802,1,1,1,1.0,1,0.6826287643090498,1,0.823864442937966,1,0.8833395355607814,1,0.8966400155234201
803,1,3,1,1.0,1,0.9365676204739183,1,0.9149451360488448,1,0.9556984968187737,1,0.9582124432079188
804,1,2,0,0.0,1,0.820536068458064,1,0.7753535615831223,1,0.8035345299043297,1,0.8036813267624588
805,1,4,0,0.10331711918115616,0,0.10024031587696987,0,0.09667860770469557,0,0.0928120428350589,0,0.08304518746414599
806,0,1,0,0.34754008054733276,0,0.10353486780047792,0,0.09312097140804584,0,0.0993407478583324,0,0.10263665667343418
807,0,2,0,0.0010647597955539823,0,0.1719531575472643,0,0.1673659593039353,0,0.21245546536888074,0,0.2586546167182165
808,0,4,1,0.7466163039207458,1,0.6431034756934196,1,0.7347251975229273,1,0.6460056219134395,1,0.6570019380279102
809,0,3,0,0.13546398282051086,0,0.1317775214878269,0,0.1530916573564115,0,0.09014618566408855,0,0.09128853403306009
810,1,3,1,1.0,1,0.9738155699609702,1,0.9804575882128522,1,0.9785200077095608,1,0.9706754415909701
811,0,1,0,0.030466651543974876,0,0.10298154079535768,0,0.054195390493691015,0,0.10305771982462894,0,0.10208046379455529
812,0,3,0,0.05251502990722656,0,0.11733880455667753,0,0.06648316000691994,0,0.1074061137662247,0,0.10430681153407631
813,0,0,0,0.020350812003016472,0,0.1306698511283274,0,0.07792955169601769,0,0.10942481178902325,0,0.10593475385842252
814,0,0,0,0.0,0,0.02750020101385196,0,0.03369682539682539,0,0.013227267724546651,0,0.021785677496230504
815,0,4,0,0.10395660996437073,0,0.10832788136177658,0,0.157970086390362,0,0.11249634138914477,0,0.10539512994530367
816,0,3,0,0.007552296854555607,0,0.17408571346253643,0,0.10935762681466196,0,0.17328286128911538,0,0.20129439302529173
817,0,0,1,0.730037271976471,1,0.625848208192607,1,0.5732442223587173,1,0.5795760639450722,1,0.5919985988872274
818,0,0,0,0.008876118808984756,0,0.16301561799746245,0,0.15593133211072033,0,0.08396498337064592,0,0.10445666879848475
819,0,0,0,0.0035615358501672745,0,0.07619763788982552,0,0.08232755017248936,0,0.07714483797939697,0,0.08938611645166453
820,0,3,0,0.0,0,0.009205736416828567,0,0.005198429030169235,0,0.009139874976643564,0,0.009859832463228975
821,1,0,1,1.0,1,0.9784341329513756,1,0.9658202835784441,1,0.9679129087644396,1,0.9777174220442326
822,1,1,0,0.22745826840400696,0,0.10595794606998679,0,0.08596145576717187,0,0.10574946211275522,0,0.10211677833641356
823,0,1,0,0.0004716252733487636,0,0.2438830603135821,0,0.16372685791492278,0,0.1468716703269711,0,0.19639207461737174
824,1,4,0,0.0,1,0.7603354679044363,1,0.6422838661620041,1,0.6749136273724932,1,0.7204225959372893
825,0,3,0,0.0,0,0.013440392948191656,0,0.023305686206748177,0,0.009336526091596273,0,0.011221645103619471
826,0,2,0,0.017330611124634743,0,0.08799956585289204,0,0.08034529607679851,0,0.08774849933290554,0,0.08423953601219997
827,0,4,0,0.5979272127151489,1,0.7524039097911306,1,0.6675301845435413,1,0.7065049732635945,1,0.7616397573150646
828,1,4,0,0.0,1,0.8472367601724704,1,0.8597864986572178,1,0.9298665898951275,1,0.9219184817957478
829,1,2,0,0.05260149762034416,0,0.09065052907568119,0,0.051806401645688054,0,0.09155936315789245,0,0.08861693056895462
830,1,3,1,0.9434906840324402,1,0.9657799567571023,1,0.9772436038806834,1,0.9605342765420388,1,0.962837789459849
831,1,1,1,1.0,0,0.46912720711623435,1,0.5282624931787208,0,0.35365990176885664,0,0.36566956640156667
832,1,4,1,1.0,1,0.9625047546006973,1,0.9417289445417594,1,0.9752695799605082,1,0.9731766389378013
833,0,3,0,0.12948748469352722,0,0.1229216646312627,0,0.13187023260652186,0,0.12550121651653948,0,0.11927088676098543
834,0,0,0,0.019923513755202293,0,0.12031993645995814,0,0.08186062721195027,0,0.10836073389540943,0,0.116555221548831
835,0,1,0,0.04158341512084007,0,0.12444871981996233,0,0.07929064437932211,0,0.10377004358367517,0,0.10946684976746207
836,1,0,1,1.0,1,0.9598549611824714,1,0.9875269031962368,1,0.9723916697236297,1,0.9638212300787763
837,0,4,0,0.01679662987589836,0,0.1148134784033265,0,0.07711369890619829,0,0.11518739077100809,0,0.11621510972828511
838,0,2,0,0.023399339988827705,0,0.0879963841021924,0,0.04699441855359399,0,0.0857863578515276,0,0.08528861815286395
839,1,2,0,0.8000757098197937,0,0.452465389898512,0,0.49460828352150005,0,0.3961601724091928,1,0.5005725289771775
840,1,1,0,0.09075766056776047,0,0.3164627218193436,0,0.2986204474175459,0,0.3293480756893694,0,0.33440734518724174
841,0,4,0,0.015205919742584229,0,0.12145546718906425,0,0.13339533685909136,0,0.13402030415996088,0,0.13037955115723596
842,0,3,0,0.03518056496977806,0,0.20282846079413228,0,0.11239056434559197,0,0.10258448765893836,0,0.1189887169795485
843,1,0,1,0.99616938829422,1,0.8722569162219832,1,0.9744669787449596,1,0.9521895460048788,1,0.9279256376091447
844,0,4,0,0.0003443264286033809,0,0.09175648634036301,0,0.038601784474248085,0,0.07638501794007689,0,0.08054972025001353
845,0,0,0,0.023340480402112007,0,0.12607986957806638,0,0.09277210035540703,0,0.11712270532202897,0,0.11746826445082843
846,0,2,0,0.0019884733483195305,0,0.05854188397571375,0,0.03890612271066763,0,0.05437952318320416,0,0.06671695357006638
847,0,2,0,0.0038517394568771124,0,0.02297017504658702,0,0.09106332469227238,0,0.02924737400742886,0,0.02096267283803765
848,0,4,0,0.025964826345443726,0,0.09866701015863277,0,0.08289220619728546,0,0.09727881606818005,0,0.10184291986009132
849,0,2,0,0.03557419404387474,0,0.44517366424838206,0,0.31965568565681224,0,0.1663052382369326,0,0.1179137885790964
850,1,3,1,1.0,1,0.9500639654235334,1,0.9677929542217835,1,0.9571530713629018,1,0.950899834350585
851,0,2,0,0.0,0,0.02904230494317078,0,0.03309751945253327,0,0.019456152005653017,0,0.019337826058933718
852,0,4,0,0.027772733941674232,0,0.07630395711140635,0,0.09093328503966108,0,0.06614362121525245,0,0.0841696944352676
853,0,1,0,0.0,0,0.0759315197834311,0,0.00315,0,0.07249154342868187,0,0.06774358247872941
854,1,1,1,1.0,1,0.9476718100590724,1,0.9878630758502299,1,0.9736173534045948,1,0.9648516345373679
855,0,2,1,1.0,1,0.7577290159270457,1,0.9316816574373695,1,0.923830039667171,1,0.9249939721787976
856,1,3,1,1.0,1,0.6214385940396553,1,0.6092368229266166,1,0.5810971303340671,1,0.602506041478592
857,1,1,1,1.0,1,0.9672724900079845,1,0.9970236238539277,1,0.9759357814266776,1,0.981727835468198
858,1,3,0,0.6626786589622498,0,0.36207534454795615,0,0.3640177004316718,0,0.38858721135824875,0,0.3863073337190048
859,1,3,1,1.0,1,0.9410281167241564,1,0.9318140134881784,1,0.9305588598502816,1,0.9299171061827914
860,0,4,0,0.009809233248233795,0,0.10954745694216123,0,0.05886757112045522,0,0.10714559817052853,0,0.0966210176321978
861,0,1,0,0.00452533969655633,0,0.06410304981263418,0,0.0445675190610303,0,0.0524289746064226,0,0.05260542712153291
862,0,0,0,0.37525492906570435,0,0.15023766517922757,0,0.07955006369472885,0,0.11048343456453376,0,0.11099305046764077
863,1,4,1,0.8868663311004639,1,0.9192271218307883,1,0.9081081060353537,1,0.9421959644931042,1,0.9417462656250172
864,0,1,0,0.0,0,0.02050603422380754,0,0.012760317460317463,0,0.013888132320938053,0,0.014481134144618397
865,0,4,0,0.0010310914367437363,0,0.16246229720793556,0,0.0649524585423572,0,0.0912416711529989,0,0.10300708625811197
866,1,1,1,0.7318704128265381,1,0.7518599946817784,1,0.7470634232830402,1,0.8975427781110134,1,0.8789998780993376
867,1,4,1,1.0,1,0.8103641323662172,1,0.8810154949622289,1,0.9321378096271475,1,0.9271109196646575
868,0,1,0,0.09345071017742157,0,0.4487754888068611,1,0.5038711684607399,0,0.43061009647148146,0,0.38200365332251857
869,0,1,0,0.6121413111686707,0,0.10932386035938857,0,0.11504905159950646,0,0.10574946211275522,0,0.10211677833641356
870,1,2,1,1.0,1,0.9505764767254156,1,0.9091180228617287,1,0.9218968358588007,1,0.9361831902441731
871,0,4,0,0.05176222324371338,0,0.10626969546366755,0,0.06929317474180857,0,0.11019621026722236,0,0.10492278176061579
872,1,3,1,1.0,1,0.9461790652149762,1,0.9770932033976054,1,0.9597031858690912,1,0.9504805621104921
873,0,0,0,0.003078578971326351,0,0.19869464969977255,0,0.2515643032792344,0,0.2152306254015717,0,0.2826913435746454
874,0,0,0,0.05730833485722542,0,0.08428855425374916,0,0.09046233045374827,0,0.08596600739371561,0,0.09751816782749963
875,1,2,1,1.0,1,0.7522698347863751,1,0.8081791128703858,1,0.8915590753440407,1,0.8776836137888943
876,1,0,1,0.5959891676902771,1,0.6721423515292401,1,0.7078835833390541,1,0.6722106044867389,1,0.6398990592362443
877,0,1,0,0.08476051688194275,0,0.05751985765404806,0,0.07451601030677482,0,0.06215698644300752,0,0.03774539494331922
878,0,0,0,0.06412648409605026,0,0.09183557606663348,0,0.0836134029751609,0,0.06830989830603669,0,0.07562557179802548
879,0,4,0,0.03059985488653183,0,0.10626969546366755,0,0.06929317474180857,0,0.11019621026722236,0,0.10492278176061579
880,1,4,1,1.0,1,0.9663924643503053,1,0.9591614947838198,1,0.9598852092693527,1,0.96811490123268
881,1,1,1,1.0,1,0.945986100938834,1,0.8862254347315005,1,0.9373671682168764,1,0.9514719495420738
882,0,2,0,0.018206845968961716,0,0.09234627745441569,0,0.03922599027191758,0,0.08557481433973851,0,0.08717682583912827
883,0,2,1,0.9374920725822449,1,0.6543555753710399,1,0.5520072090225667,1,0.5985136030425486,1,0.5981361389539135
884,0,4,0,0.009147264063358307,0,0.13123518295468667,0,0.07870473396676705,0,0.10400571270105265,0,0.10582846379332865
885,0,3,0,0.3066839873790741,0,0.09987475403529177,0,0.13395013273066936,0,0.10563960150685132,0,0.10863434844487928
886,0,4,0,0.0,0,0.013893488643462576,0,0.008304761904761905,0,0.00943341508777634,0,0.008416384134184727
887,0,3,0,0.23742325603961945,0,0.23886357592324559,0,0.1083956891653544,0,0.11554061525742598,0,0.11194053770190873
888,1,2,1,0.9848060011863708,1,0.9687679866837504,1,0.9814664776169377,1,0.9803279137615902,1,0.9746281264926754
889,0,0,1,1.0,1,0.6761765572847939,1,0.7244498786630001,1,0.625535636084925,1,0.619403214175694
890,1,3,0,0.6649996638298035,0,0.4268491279608125,1,0.5588453987462855,0,0.40123342926123123,0,0.40079169403590376
891,0,1,0,0.1541777104139328,0,0.1006544888054348,0,0.08497973609213791,0,0.09295697091789121,0,0.10834325822386778
