PassengerId,Survived,surface,fold,base,base_prob,text_pred,text_prob,switch,gated
1,0,repeated_42,1.0,0,0.08421221137461114,0,0.2269118808411662,0,0
2,1,repeated_42,4.0,1,0.9823809764005785,1,0.7290143050509615,0,1
3,1,repeated_42,3.0,1,0.514922035968894,0,0.4799404119068937,0,1
4,1,repeated_42,3.0,1,0.904624633466612,1,0.6323963412786721,0,1
5,0,repeated_42,0.0,0,0.14523846270966503,0,0.1309703902259873,0,0
6,0,repeated_42,4.0,0,0.11321971512574656,0,0.1316789318666034,0,0
7,0,repeated_42,0.0,0,0.36732247462844175,1,0.531025207205673,0,0
8,0,repeated_42,4.0,0,0.22932733050118514,0,0.2277978819509932,0,0
9,1,repeated_42,4.0,1,0.5510607247751961,1,0.6330024646047309,0,1
10,1,repeated_42,3.0,1,0.8421947843258083,1,0.657598455916933,0,1
11,1,repeated_42,2.0,1,0.6607770558667416,1,0.648092111443835,0,1
12,1,repeated_42,4.0,1,0.8654433777042136,1,0.8310537221446077,0,1
13,0,repeated_42,4.0,0,0.12984591380046828,0,0.1723611632617255,0,0
14,0,repeated_42,0.0,0,0.15142854412008244,0,0.063543796385108,0,0
15,0,repeated_42,3.0,1,0.6088301363812317,0,0.4588374757609592,0,1
16,1,repeated_42,3.0,1,0.8316776458923348,1,0.674619202683252,0,1
17,0,repeated_42,1.0,0,0.18740582317218693,0,0.4544618746222932,0,0
18,1,repeated_42,4.0,0,0.0945101244383651,0,0.1716257597267097,0,0
19,0,repeated_42,3.0,1,0.6000624948265618,0,0.4989179405389438,0,1
20,1,repeated_42,0.0,1,0.6404919847405741,1,0.600013719404492,0,1
21,0,repeated_42,1.0,0,0.10490271568549464,0,0.1686416298040199,0,0
22,1,repeated_42,3.0,0,0.3470701129011787,1,0.5233571713528601,0,0
23,1,repeated_42,1.0,1,0.664046011167855,1,0.6520709514155941,0,1
24,1,repeated_42,1.0,0,0.29963458264915194,0,0.356152501829266,0,0
25,0,repeated_42,0.0,0,0.2845990993697782,0,0.2157810919397847,0,0
26,1,repeated_42,4.0,0,0.30985620883078235,0,0.3979545525123225,0,0
27,0,repeated_42,0.0,0,0.13344220970833387,0,0.2499328708048196,0,0
28,0,repeated_42,2.0,0,0.39039378694512433,0,0.4031672399650024,0,0
29,1,repeated_42,0.0,1,0.701016883250089,1,0.6230439261838193,0,1
30,0,repeated_42,2.0,0,0.0815077953463746,0,0.1039292243790042,0,0
31,0,repeated_42,0.0,0,0.3966236153874933,1,0.5835395875343139,0,0
32,1,repeated_42,0.0,1,0.9897345279460674,1,0.8149234377647777,0,1
33,1,repeated_42,4.0,1,0.6791090003787154,1,0.5946209685320658,0,1
34,0,repeated_42,3.0,0,0.11745313389243389,0,0.1834219418499796,0,0
35,0,repeated_42,0.0,0,0.310099990125496,0,0.4186085111732842,0,0
36,0,repeated_42,1.0,0,0.23947764687027884,0,0.4445168553891044,0,0
37,1,repeated_42,2.0,0,0.10117752706975286,0,0.266158658151745,0,0
38,0,repeated_42,4.0,0,0.12984591380046828,0,0.1043935415416267,0,0
39,0,repeated_42,3.0,1,0.5579427833254504,0,0.2717700554408617,0,1
40,1,repeated_42,1.0,1,0.6227447158064806,1,0.5742060488894107,0,1
41,0,repeated_42,1.0,1,0.511578580433504,0,0.4798737715766255,0,1
42,0,repeated_42,4.0,1,0.858135640464557,1,0.5132671097231438,0,1
43,0,repeated_42,1.0,0,0.16252571007507005,0,0.1349189145682228,0,0
44,1,repeated_42,0.0,1,0.8972401740558933,1,0.5727497897086163,0,1
45,1,repeated_42,4.0,1,0.6754314245952415,1,0.6140147387030771,0,1
46,0,repeated_42,0.0,0,0.1054702654924381,0,0.1409798110256586,0,0
47,0,repeated_42,4.0,0,0.14082275999853378,0,0.1782163200187954,0,0
48,1,repeated_42,2.0,1,0.6999524728925357,1,0.5313956920264533,0,1
49,0,repeated_42,1.0,0,0.1936665627105497,0,0.2286091024702006,0,0
50,0,repeated_42,2.0,1,0.5452071254834678,0,0.4733380715531795,0,1
51,0,repeated_42,4.0,0,0.16058005019604538,0,0.2901797466925704,0,0
52,0,repeated_42,4.0,0,0.10191323454936636,0,0.1827030788151836,0,0
53,1,repeated_42,1.0,1,0.9652745975118429,1,0.8412319952162612,0,1
54,1,repeated_42,0.0,1,0.8587193227762652,1,0.7869851409941553,0,1
55,0,repeated_42,2.0,0,0.40076010924086614,0,0.4115383765982375,0,0
56,1,repeated_42,0.0,0,0.30383784343450526,0,0.3979947455922754,0,0
57,1,repeated_42,1.0,1,0.8228063049962259,0,0.4846993564363048,0,1
58,0,repeated_42,4.0,0,0.14650782389113742,0,0.2258542400966282,0,0
59,1,repeated_42,2.0,1,0.9172430385014954,0,0.4957445633470129,0,1
60,0,repeated_42,4.0,0,0.23267351798314473,0,0.2112763217083474,0,0
61,0,repeated_42,0.0,0,0.14522544064909187,0,0.21133762642925,0,0
62,1,repeated_42,1.0,1,0.960263466897502,1,0.8230960115303478,0,1
63,0,repeated_42,1.0,0,0.29707820593779144,0,0.3933184701630937,0,0
64,0,repeated_42,0.0,0,0.2071610150014199,0,0.1789265173881442,0,0
65,0,repeated_42,0.0,0,0.2944554090633118,0,0.4292802823403722,0,0
66,1,repeated_42,3.0,1,0.5853854613001174,1,0.5212118689262604,0,1
67,1,repeated_42,0.0,1,0.8385623779933956,1,0.8097197195045678,0,1
68,0,repeated_42,1.0,0,0.1122093065090982,0,0.1372112088144593,0,0
69,1,repeated_42,0.0,0,0.4866663377280422,0,0.3622861602906919,0,0
70,0,repeated_42,3.0,0,0.11718475320640113,0,0.1804216747835903,0,0
71,0,repeated_42,4.0,0,0.10819790497071224,0,0.2569898027984926,0,0
72,0,repeated_42,1.0,0,0.25458922902325304,0,0.3689768520577717,0,0
73,0,repeated_42,1.0,0,0.161855333286669,0,0.2461479722263834,0,0
74,0,repeated_42,3.0,0,0.15148250832971044,0,0.1936368804655822,0,0
75,1,repeated_42,2.0,0,0.23588067961985068,0,0.3819664166731139,0,0
76,0,repeated_42,0.0,0,0.16859565635926022,0,0.1915489088975619,0,0
77,0,repeated_42,1.0,0,0.09412681961135089,0,0.0981500533658278,0,0
78,0,repeated_42,3.0,0,0.08308458853446192,0,0.2192061604716131,0,0
79,1,repeated_42,1.0,1,0.6484937647442317,1,0.5076831022967873,0,1
80,1,repeated_42,0.0,1,0.5468817856807826,1,0.6554908059318728,0,1
81,0,repeated_42,4.0,0,0.11012979525063671,0,0.1789969390761809,0,0
82,1,repeated_42,4.0,0,0.13684317033392523,0,0.153911779071073,0,0
83,1,repeated_42,4.0,1,0.6764134151490063,0,0.4550215273570758,0,1
84,0,repeated_42,4.0,0,0.24414390424791016,0,0.2360405139410719,0,0
85,1,repeated_42,4.0,1,0.7837657814304165,1,0.5921612322321684,0,1
86,1,repeated_42,1.0,1,0.5073424498874494,0,0.403648650028434,0,1
87,0,repeated_42,2.0,0,0.13292480871406825,0,0.1048658639354837,0,0
88,0,repeated_42,4.0,0,0.11280790210980195,0,0.2669709723630024,0,0
89,1,repeated_42,1.0,1,0.7572334694375054,1,0.5933209274937555,0,1
90,0,repeated_42,3.0,0,0.08308458853446192,0,0.1582127135285377,0,0
91,0,repeated_42,0.0,0,0.1443111188857091,0,0.2231106100628034,0,0
92,0,repeated_42,1.0,0,0.10127019461854395,0,0.1526359369828512,0,0
93,0,repeated_42,3.0,0,0.46906412558161925,0,0.3215433977242152,0,0
94,0,repeated_42,2.0,0,0.18390282018007637,0,0.4473886391251393,0,0
95,0,repeated_42,0.0,0,0.1119556659378269,0,0.1067746779726888,0,0
96,0,repeated_42,4.0,0,0.11280790210980195,0,0.1276744042412937,0,0
97,0,repeated_42,4.0,0,0.38017938177438093,0,0.4859988441073785,0,0
98,1,repeated_42,1.0,0,0.4328725080493026,1,0.5384858520930766,0,0
99,1,repeated_42,1.0,1,0.8491038045121635,1,0.6993127280890618,0,1
100,0,repeated_42,0.0,0,0.16231419725015414,0,0.2816241530752837,0,0
101,0,repeated_42,4.0,0,0.4865259144697564,0,0.3041446231867873,0,0
102,0,repeated_42,4.0,0,0.09010206420507144,0,0.1362318731726738,0,0
103,0,repeated_42,2.0,0,0.4336172561162722,0,0.3352321246517842,0,0
104,0,repeated_42,0.0,0,0.14101786188579632,0,0.1603852170171615,0,0
105,0,repeated_42,1.0,0,0.0898147787855771,0,0.1350630326437571,0,0
106,0,repeated_42,0.0,0,0.1247218756247173,0,0.0856542650588831,0,0
107,1,repeated_42,1.0,1,0.5466559517522472,0,0.4967619697736719,0,1
108,1,repeated_42,4.0,0,0.09010206420507144,0,0.1198441069460671,0,0
109,0,repeated_42,0.0,0,0.12234543516059362,0,0.0883157725943759,0,0
110,1,repeated_42,2.0,1,0.5746097338414367,1,0.5479294746857298,0,1
111,0,repeated_42,1.0,0,0.2514974558400258,1,0.5000359770968942,0,0
112,0,repeated_42,3.0,1,0.6111906711843418,1,0.5081017920821861,0,1
113,0,repeated_42,3.0,0,0.08132098050788863,0,0.0808192208900055,0,0
114,0,repeated_42,0.0,1,0.534900851269116,1,0.5216331069323317,0,1
115,0,repeated_42,0.0,1,0.5977411300632509,1,0.5588077243039986,0,1
116,0,repeated_42,4.0,0,0.12984591380046828,0,0.2904680026820665,0,0
117,0,repeated_42,2.0,0,0.06488219951818903,0,0.1612760150465991,0,0
118,0,repeated_42,1.0,0,0.08954471173405439,0,0.2297525599038784,0,0
119,0,repeated_42,0.0,0,0.45822170330371864,1,0.6909886084572828,0,0
120,0,repeated_42,3.0,0,0.2968940720615566,1,0.5413549281286573,0,0
121,0,repeated_42,1.0,0,0.14830329147163218,0,0.2667452911063989,0,0
122,0,repeated_42,1.0,0,0.10724012286626597,0,0.1678154128641692,0,0
123,0,repeated_42,4.0,0,0.1441661328613632,0,0.3767408969355833,0,0
124,1,repeated_42,2.0,1,0.8781591042833523,1,0.7573403691942987,0,1
125,0,repeated_42,1.0,0,0.3412765356163008,0,0.3108688223361467,0,0
126,1,repeated_42,2.0,1,0.597576386509044,1,0.6008811737085098,0,1
127,0,repeated_42,0.0,0,0.09622279306538951,0,0.2250468783437021,0,0
128,1,repeated_42,1.0,0,0.08704303021029934,0,0.2374887357296803,0,0
129,1,repeated_42,0.0,1,0.6717781089811689,1,0.7265881661765583,0,1
130,0,repeated_42,2.0,0,0.08805930902883467,0,0.1235130697215077,0,0
131,0,repeated_42,2.0,0,0.09985155112320623,0,0.1104331452444252,0,0
132,0,repeated_42,0.0,0,0.10223397334285822,0,0.1513161635195537,0,0
133,0,repeated_42,4.0,1,0.5228895968031751,0,0.3990846189748733,0,1
134,1,repeated_42,4.0,1,0.8953190157180348,1,0.5802760238222824,0,1
135,0,repeated_42,0.0,0,0.10677151721773656,0,0.2070848102924211,0,0
136,0,repeated_42,2.0,0,0.09931689328783123,0,0.2296596813830633,0,0
137,1,repeated_42,4.0,1,0.9111119670727797,1,0.8018472543180241,0,1
138,0,repeated_42,4.0,0,0.3849985285878562,0,0.439528251547186,0,0
139,0,repeated_42,4.0,0,0.16538234696234436,0,0.1255869430042443,0,0
140,0,repeated_42,4.0,0,0.4257610629200958,0,0.3713501373754569,0,0
141,0,repeated_42,4.0,1,0.5935421598490404,0,0.4590348184575616,0,1
142,1,repeated_42,0.0,1,0.567092565063433,1,0.5080769533737077,0,1
143,1,repeated_42,4.0,1,0.5586662416866264,1,0.5264513164394397,0,1
144,0,repeated_42,0.0,0,0.11158563846989628,0,0.157301839107183,0,0
145,0,repeated_42,3.0,0,0.10055460080654076,0,0.2756363409865504,0,0
146,0,repeated_42,2.0,0,0.14956784466903575,0,0.2425794112277571,0,0
147,1,repeated_42,0.0,0,0.12242485948574647,0,0.1393166341583299,0,0
148,0,repeated_42,0.0,0,0.28654417239915647,0,0.3536140951592166,0,0
149,0,repeated_42,0.0,0,0.3091873876721041,1,0.6589774654710623,0,0
150,0,repeated_42,2.0,0,0.2677616072672049,0,0.3203790415405528,0,0
151,0,repeated_42,0.0,0,0.2826064336679802,0,0.2505895263408335,0,0
152,1,repeated_42,3.0,1,0.8915158929732451,1,0.7396688941931258,0,1
153,0,repeated_42,3.0,0,0.10470004357465151,0,0.158649092737892,0,0
154,0,repeated_42,0.0,0,0.1092985417222912,0,0.126999145393001,0,0
155,0,repeated_42,1.0,0,0.08943673450093179,0,0.1833920746069968,0,0
156,0,repeated_42,0.0,0,0.2584367322578652,0,0.4163030827250096,0,0
157,1,repeated_42,2.0,1,0.6944384148175299,1,0.5973859327214742,0,1
158,0,repeated_42,3.0,0,0.11817578282554489,0,0.1612329187352088,0,0
159,0,repeated_42,1.0,0,0.10674213043191133,0,0.1464142767411717,0,0
160,0,repeated_42,1.0,0,0.2602858390483609,0,0.2274328279032902,0,0
161,0,repeated_42,4.0,0,0.09606027128551768,0,0.1448752113443372,0,0
162,1,repeated_42,4.0,1,0.8667878116216624,1,0.645583919057319,0,1
163,0,repeated_42,1.0,0,0.1082236242839885,0,0.10644229782617,0,0
164,0,repeated_42,3.0,0,0.08235650888089552,0,0.1125970357548125,0,0
165,0,repeated_42,0.0,0,0.20747580103789873,0,0.2937329860392472,0,0
166,1,repeated_42,3.0,1,0.6870335499381829,0,0.4049932890985754,0,1
167,1,repeated_42,2.0,1,0.9724922166664502,1,0.8201574989383952,0,1
168,0,repeated_42,2.0,0,0.25924216516991067,0,0.4200241067046628,0,0
169,0,repeated_42,4.0,0,0.227532623290704,0,0.260650971821453,0,0
170,0,repeated_42,1.0,0,0.2397782533297522,1,0.5435463627441721,0,0
171,0,repeated_42,0.0,0,0.27497484522096466,0,0.2901292591565544,0,0
172,0,repeated_42,3.0,0,0.1946740236292772,0,0.2563610237883081,0,0
173,1,repeated_42,2.0,1,0.5752368682830018,0,0.3623137367907912,0,1
174,0,repeated_42,0.0,0,0.10691227067435874,0,0.3760954857016884,0,0
175,0,repeated_42,0.0,0,0.30382516368450263,0,0.4210213198170537,0,0
176,0,repeated_42,4.0,0,0.13224346809874188,0,0.1519910712764512,0,0
177,0,repeated_42,0.0,0,0.23283661519824062,0,0.2170336628345727,0,0
178,0,repeated_42,0.0,1,0.9472404707484507,1,0.8351099099112861,0,1
179,0,repeated_42,4.0,0,0.10053505529156516,0,0.2221622875813725,0,0
180,0,repeated_42,3.0,0,0.10140028468007847,0,0.23953591628705,0,0
181,0,repeated_42,3.0,0,0.3361469581580568,0,0.3583248668540679,0,0
182,0,repeated_42,4.0,0,0.16307028214541605,0,0.2780701611132371,0,0
183,0,repeated_42,2.0,0,0.32610016346661846,1,0.5627751752511143,0,0
184,1,repeated_42,4.0,1,0.7297301626764902,1,0.6155236307285104,0,1
185,1,repeated_42,4.0,1,0.6504718843487785,0,0.4721464393360366,0,1
186,0,repeated_42,4.0,0,0.32251504236590506,0,0.3815988651177621,0,0
187,1,repeated_42,1.0,1,0.6060325611381605,1,0.5445357427310957,0,1
188,1,repeated_42,4.0,0,0.227532623290704,0,0.3752374025766588,0,0
189,0,repeated_42,3.0,0,0.1036376796964465,0,0.085798667318592,0,0
190,0,repeated_42,4.0,0,0.1090420354728296,0,0.0985192178568874,0,0
191,1,repeated_42,3.0,1,0.8688221042123067,0,0.4772800427008342,0,1
192,0,repeated_42,3.0,0,0.10055460080654076,0,0.2034580055920864,0,0
193,1,repeated_42,1.0,1,0.5042990255636727,1,0.5411124357021099,0,1
194,1,repeated_42,1.0,1,0.6687805382514198,1,0.5770591108831802,0,1
195,1,repeated_42,2.0,1,0.903087386207408,1,0.6909032950822411,0,1
196,1,repeated_42,3.0,1,0.9417107511470284,1,0.8126503242600831,0,1
197,0,repeated_42,1.0,0,0.0854914037532838,0,0.2235810178335198,0,0
198,0,repeated_42,3.0,0,0.11872942326017395,0,0.1787531669305198,0,0
199,1,repeated_42,2.0,1,0.6999524728925357,1,0.6555524471153036,0,1
200,0,repeated_42,3.0,1,0.8575711154014362,1,0.7202630444910254,0,1
201,0,repeated_42,3.0,0,0.11769041332003449,0,0.151255079251461,0,0
202,0,repeated_42,2.0,0,0.16401945139957028,0,0.0848352712241535,0,0
203,0,repeated_42,3.0,0,0.08691325572970901,0,0.1372227633929786,0,0
204,0,repeated_42,0.0,0,0.13342468778002295,0,0.1536078829487643,0,0
205,1,repeated_42,2.0,0,0.09813654216241878,0,0.1052819781980829,0,0
206,0,repeated_42,2.0,1,0.5730475049634537,1,0.5027692591891463,0,1
207,0,repeated_42,4.0,0,0.10931018769067799,0,0.2659022305280934,0,0
208,1,repeated_42,0.0,0,0.13658884426006956,0,0.1896728876436424,0,0
209,1,repeated_42,2.0,1,0.6944384148175299,0,0.491906324776807,0,1
210,1,repeated_42,3.0,0,0.37172483966000514,0,0.2904673125783741,0,0
211,0,repeated_42,3.0,0,0.07230965231553407,0,0.1253594991921813,0,0
212,1,repeated_42,4.0,1,0.8568875466351232,1,0.5847942851266429,0,1
213,0,repeated_42,1.0,0,0.08981945567980716,0,0.1324174049305845,0,0
214,0,repeated_42,1.0,0,0.12419438365680459,0,0.1510647645003454,0,0
215,0,repeated_42,3.0,0,0.12154476693475369,0,0.1981351730320073,0,0
216,1,repeated_42,3.0,1,0.9680433409118789,1,0.8312440570489962,0,1
217,1,repeated_42,4.0,0,0.46602326983916975,1,0.6149903011552265,0,0
218,0,repeated_42,2.0,0,0.08745240196298748,0,0.1903426429163309,0,0
219,1,repeated_42,1.0,1,0.9669380015863509,1,0.82955385211121,0,1
220,0,repeated_42,2.0,0,0.11645562304052773,0,0.2107455712621297,0,0
221,1,repeated_42,3.0,0,0.09897845696273697,0,0.1494271048152142,0,0
222,0,repeated_42,1.0,0,0.1251766866161931,0,0.2024054837785951,0,0
223,0,repeated_42,4.0,0,0.13270498859707502,0,0.2026600349934916,0,0
224,0,repeated_42,2.0,0,0.0815077953463746,0,0.1244402834431111,0,0
225,1,repeated_42,1.0,0,0.340540634051472,0,0.4571367314148276,0,0
226,0,repeated_42,4.0,0,0.11012979525063671,0,0.3494519761398402,0,0
227,1,repeated_42,2.0,0,0.0751417397408234,0,0.1318487038835778,0,0
228,0,repeated_42,3.0,0,0.07469817531664856,0,0.1903082743130191,0,0
229,0,repeated_42,2.0,0,0.08867259210284349,0,0.2986608280472118,0,0
230,0,repeated_42,2.0,0,0.240419064432802,0,0.3991846941534685,0,0
231,1,repeated_42,2.0,1,0.9596882747228915,1,0.5285012987324216,0,1
232,0,repeated_42,3.0,0,0.10449266895683834,0,0.1633629135644538,0,0
233,0,repeated_42,2.0,0,0.10903223277825057,0,0.2828781688208244,0,0
234,1,repeated_42,3.0,0,0.3403969003956319,0,0.4815425449794463,0,0
235,0,repeated_42,4.0,0,0.09098451405250085,0,0.2858818898353536,0,0
236,0,repeated_42,0.0,1,0.567092565063433,1,0.5063285459010517,0,1
237,0,repeated_42,3.0,0,0.06650474308136399,0,0.1859165075462831,0,0
238,1,repeated_42,4.0,1,0.901363227304556,1,0.6957018690188733,0,1
239,0,repeated_42,0.0,0,0.10986455592337561,0,0.2629003466733307,0,0
240,0,repeated_42,4.0,0,0.10053505529156516,0,0.2413930666185607,0,0
241,0,repeated_42,2.0,1,0.5749012339793121,1,0.5565678222845482,0,1
242,1,repeated_42,2.0,1,0.6183777842094397,1,0.675538073870234,0,1
243,0,repeated_42,3.0,0,0.11880076749362806,0,0.1648478936553101,0,0
244,0,repeated_42,4.0,0,0.08690527934408579,0,0.3575735227432882,0,0
245,0,repeated_42,2.0,0,0.09797624481077355,0,0.2266946098416232,0,0
246,0,repeated_42,4.0,1,0.5861559195079742,1,0.5921839054549347,0,1
247,0,repeated_42,1.0,1,0.5432218561922082,0,0.3987270545855468,0,1
248,1,repeated_42,1.0,1,0.8256741088700539,0,0.4884721596869557,0,1
249,1,repeated_42,1.0,0,0.38852455617078857,0,0.4924559345210234,0,0
250,0,repeated_42,0.0,0,0.3684102094474694,0,0.2988414374496735,0,0
251,0,repeated_42,2.0,0,0.08381789300868775,0,0.1167738846730184,0,0
252,0,repeated_42,0.0,1,0.5123774825324481,1,0.5209715542251891,0,1
253,0,repeated_42,3.0,0,0.3177571272310437,0,0.420582464116526,0,0
254,0,repeated_42,4.0,0,0.10872484563588192,0,0.1793528844003575,0,0
255,0,repeated_42,4.0,1,0.5330574698771227,0,0.4239859048371624,0,1
256,1,repeated_42,4.0,1,0.6066781556325548,1,0.5351194776539742,0,1
257,1,repeated_42,3.0,1,0.9307975690665592,1,0.7109710697781725,0,1
258,1,repeated_42,1.0,1,0.9657087569689693,1,0.78875283447561,0,1
259,1,repeated_42,4.0,1,0.9369919554767449,1,0.6816789609917594,0,1
260,1,repeated_42,4.0,1,0.8668976998733645,1,0.5735915363733363,0,1
261,0,repeated_42,3.0,0,0.09023101561323293,0,0.1796082802897788,0,0
262,1,repeated_42,4.0,0,0.22612564101791302,0,0.3418611128956562,0,0
263,0,repeated_42,2.0,0,0.32892046235720196,1,0.5420997376344547,0,0
264,0,repeated_42,1.0,0,0.24127010643828462,0,0.4033006689446393,0,0
265,0,repeated_42,1.0,1,0.6957615151259866,1,0.5552326197235871,0,1
266,0,repeated_42,2.0,0,0.10405539018750905,0,0.1864508334064828,0,0
267,0,repeated_42,3.0,0,0.12731892925730492,0,0.0918340215023856,0,0
268,1,repeated_42,1.0,0,0.08847867497835049,0,0.0705226283004628,0,0
269,1,repeated_42,4.0,1,0.9450805910819264,1,0.6531531011685927,0,1
270,1,repeated_42,2.0,1,0.950243028661977,1,0.7795234631923409,0,1
271,0,repeated_42,1.0,0,0.23723284436736458,0,0.2956158505937188,0,0
272,1,repeated_42,4.0,0,0.10910874280208731,0,0.2301892643056733,0,0
273,1,repeated_42,2.0,1,0.8782996331211808,1,0.8154627608866657,0,1
274,0,repeated_42,0.0,0,0.4184365330313205,1,0.592952647670265,0,0
275,1,repeated_42,3.0,1,0.7283365673959203,0,0.4914248012347272,0,1
276,1,repeated_42,4.0,1,0.9679173555905415,1,0.6881395434096174,0,1
277,0,repeated_42,1.0,1,0.5437889248793613,0,0.4451150251627759,0,1
278,0,repeated_42,2.0,0,0.09461031686076993,0,0.2275538199280118,0,0
279,0,repeated_42,1.0,0,0.18740582317218693,0,0.3144002869689923,0,0
280,1,repeated_42,2.0,0,0.48477950205607384,0,0.4346370220620278,0,0
281,0,repeated_42,3.0,0,0.09638268670901753,0,0.210632447539438,0,0
282,0,repeated_42,1.0,0,0.12591990486890106,0,0.1026605026200127,0,0
283,0,repeated_42,0.0,0,0.12787449804489281,0,0.186244777485304,0,0
284,1,repeated_42,0.0,0,0.10691227067435874,0,0.1020360978339776,0,0
285,0,repeated_42,2.0,0,0.3029912581054936,0,0.319270231590136,0,0
286,0,repeated_42,0.0,0,0.15999381033037066,0,0.1011491385539561,0,0
287,1,repeated_42,0.0,0,0.14101786188579632,0,0.2615641319987144,0,0
288,0,repeated_42,0.0,0,0.09202011406587672,0,0.1052596460965847,0,0
289,1,repeated_42,1.0,0,0.10462202756353621,0,0.2606840170750129,0,0
290,1,repeated_42,1.0,1,0.6957615151259866,0,0.4839724586822896,0,1
291,1,repeated_42,0.0,1,0.9217976675831542,1,0.7365813615955572,0,1
292,1,repeated_42,4.0,1,0.9671857509028536,1,0.8006051360161344,0,1
293,0,repeated_42,2.0,0,0.3549194926765086,0,0.3784219674724245,0,0
294,0,repeated_42,0.0,1,0.5013648066458019,0,0.3711017458352624,0,1
295,0,repeated_42,2.0,0,0.0815077953463746,0,0.0667369292213283,0,0
296,0,repeated_42,4.0,0,0.24802312830586457,0,0.2866660616221509,0,0
297,0,repeated_42,2.0,0,0.10117752706975286,0,0.2382946824787032,0,0
298,0,repeated_42,4.0,1,0.8785630876927162,1,0.7336740795761447,0,1
299,1,repeated_42,2.0,0,0.2932215661077225,0,0.455533016506141,0,0
300,1,repeated_42,3.0,1,0.920833626974682,1,0.7970826305972273,0,1
301,1,repeated_42,1.0,1,0.6957615151259866,1,0.7512770077156765,0,1
302,1,repeated_42,3.0,0,0.11035377250061516,0,0.2286256267371412,0,0
303,0,repeated_42,4.0,0,0.11446350691545264,0,0.254891705088453,0,0
304,1,repeated_42,4.0,1,0.8709007093512672,1,0.7939921990612009,0,1
305,0,repeated_42,0.0,0,0.1054702654924381,0,0.1820916299876596,0,0
306,1,repeated_42,1.0,1,0.5542479154276605,0,0.3987079342224816,0,1
307,1,repeated_42,0.0,1,0.9519640626916643,1,0.6751192608281911,0,1
308,1,repeated_42,4.0,1,0.9509611722826029,1,0.5990872230203015,0,1
309,0,repeated_42,1.0,0,0.1498949335286285,0,0.2213176507502003,0,0
310,1,repeated_42,1.0,1,0.9669380015863509,1,0.7481626277054289,0,1
311,1,repeated_42,1.0,1,0.9636403751872545,1,0.8525285333903658,0,1
312,1,repeated_42,4.0,1,0.8261893393386941,1,0.7710831556750454,0,1
313,0,repeated_42,2.0,1,0.9265922362433289,1,0.6576950571570784,0,1
314,0,repeated_42,0.0,0,0.1247218756247173,0,0.1129910327858247,0,0
315,0,repeated_42,0.0,0,0.11704176643844885,0,0.26096288170587,0,0
316,1,repeated_42,1.0,1,0.5425195148894716,0,0.2973614219119767,0,1
317,1,repeated_42,1.0,1,0.8157839328217872,1,0.5039648840673221,0,1
318,0,repeated_42,2.0,0,0.260986687972651,0,0.4035008316500277,0,0
319,1,repeated_42,2.0,1,0.9399878312827376,1,0.744548961984192,0,1
320,1,repeated_42,2.0,1,0.9080612310756097,1,0.7967632080345426,0,1
321,0,repeated_42,2.0,0,0.08349327318596148,0,0.2054632940041666,0,0
322,0,repeated_42,2.0,0,0.10357359071000359,0,0.0916238134633238,0,0
323,1,repeated_42,0.0,1,0.8864076697112911,1,0.5876229907978966,0,1
324,1,repeated_42,4.0,1,0.8849229210518904,1,0.5976534777585581,0,1
325,0,repeated_42,0.0,0,0.22983113981365494,0,0.0604484946833725,0,0
326,1,repeated_42,4.0,1,0.9696325772626808,1,0.7388811422610743,0,1
327,0,repeated_42,1.0,0,0.0849972181188183,0,0.1215617293076523,0,0
328,1,repeated_42,3.0,1,0.8618519796210204,1,0.8329367054030519,0,1
329,1,repeated_42,4.0,1,0.5547562201317987,1,0.5079377683826387,0,1
330,1,repeated_42,2.0,1,0.9560329104973662,1,0.7480334296019698,0,1
331,1,repeated_42,3.0,1,0.7178613395674232,1,0.5438646731383576,0,1
332,0,repeated_42,0.0,0,0.34498099928017883,0,0.279832398877113,0,0
333,0,repeated_42,2.0,0,0.422505080421899,0,0.4230132118161099,0,0
334,0,repeated_42,2.0,0,0.17970944030421998,0,0.0846825236034981,0,0
335,1,repeated_42,3.0,1,0.9120401536408177,1,0.6718854258624776,0,1
336,0,repeated_42,0.0,0,0.09408810416664018,0,0.0899643477950062,0,0
337,0,repeated_42,0.0,0,0.4359456514406346,0,0.3830999187786459,0,0
338,1,repeated_42,1.0,1,0.8914613829597744,1,0.8837938651708268,0,1
339,1,repeated_42,3.0,0,0.10795000407643138,0,0.1738274131645004,0,0
340,0,repeated_42,3.0,0,0.3027785183258208,0,0.4589445179484924,0,0
341,1,repeated_42,4.0,1,0.7428164643791525,1,0.5452356180066662,0,1
342,1,repeated_42,0.0,1,0.7985958564815351,1,0.7363812291377372,0,1
343,0,repeated_42,3.0,0,0.12304240358192861,0,0.2870634523347414,0,0
344,0,repeated_42,0.0,0,0.10677151721773656,0,0.4015883572201968,0,0
345,0,repeated_42,2.0,0,0.12379556421375948,0,0.2208269364847049,0,0
346,1,repeated_42,0.0,1,0.8804775853295934,1,0.7296796628879283,0,1
347,1,repeated_42,3.0,1,0.8353344378794437,1,0.5058977442923557,0,1
348,1,repeated_42,0.0,1,0.6301901188325302,0,0.4786647643030558,0,1
349,1,repeated_42,0.0,1,0.6383144142679512,0,0.4508502206101131,0,1
350,0,repeated_42,2.0,0,0.13116539434306262,0,0.1166212684982406,0,0
351,0,repeated_42,0.0,0,0.102990069820374,0,0.1801748531265362,0,0
352,0,repeated_42,1.0,0,0.2767748054165191,1,0.6018868359090943,0,0
353,0,repeated_42,4.0,0,0.23503924615476168,0,0.1448532116039264,0,0
354,0,repeated_42,1.0,0,0.08390345628218976,0,0.0881663899732089,0,0
355,0,repeated_42,4.0,0,0.12270602836561482,0,0.1412562206297112,0,0
356,0,repeated_42,2.0,0,0.13969588190989826,0,0.0732898670622497,0,0
357,1,repeated_42,3.0,1,0.9278884513829254,1,0.7473968144637577,0,1
358,0,repeated_42,0.0,1,0.8872330122429896,1,0.6514653800191061,0,1
359,1,repeated_42,1.0,1,0.6957615151259866,1,0.5569253372400869,0,1
360,1,repeated_42,1.0,1,0.6957615151259866,1,0.6936019015751492,0,1
361,0,repeated_42,2.0,0,0.1311914560336669,0,0.0971407418213817,0,0
362,0,repeated_42,2.0,0,0.12686590851155613,0,0.3021221657596361,0,0
363,0,repeated_42,0.0,0,0.4594304733191849,1,0.6023435683694766,0,0
364,0,repeated_42,0.0,0,0.11926459705221583,0,0.1743692339080826,0,0
365,0,repeated_42,1.0,0,0.10843673736666946,0,0.1355145888698576,0,0
366,0,repeated_42,0.0,0,0.11960586689348567,0,0.2760416280942148,0,0
367,1,repeated_42,3.0,1,0.9588839504668311,1,0.7839631404384861,0,1
368,1,repeated_42,1.0,1,0.6931935226758525,1,0.5756852076720452,0,1
369,1,repeated_42,4.0,1,0.6791090003787154,1,0.7038814457051829,0,1
370,1,repeated_42,0.0,1,0.9825120259147565,1,0.6374396699565251,0,1
371,1,repeated_42,3.0,1,0.5084516895638015,0,0.4596414502068701,0,1
372,0,repeated_42,0.0,0,0.13184123923718422,0,0.1812241819546899,0,0
373,0,repeated_42,0.0,0,0.10691227067435874,0,0.1705196370845508,0,0
374,0,repeated_42,1.0,0,0.2998703096655166,0,0.3352056518196692,0,0
375,0,repeated_42,4.0,0,0.30475685313066964,0,0.247012506045217,0,0
376,1,repeated_42,2.0,1,0.9376794831151724,1,0.5377384670913938,0,1
377,1,repeated_42,4.0,1,0.5276239033806313,0,0.4828726080607024,0,1
378,0,repeated_42,1.0,0,0.4213930759057493,1,0.5361349430795685,0,0
379,0,repeated_42,3.0,0,0.1155899414410936,0,0.1799159681483411,0,0
380,0,repeated_42,1.0,0,0.10127019461854395,0,0.0908246144956128,0,0
381,1,repeated_42,1.0,1,0.8457144924254596,1,0.6672879096122531,0,1
382,1,repeated_42,0.0,1,0.5781679617754781,1,0.691567058521637,0,1
383,0,repeated_42,2.0,0,0.13563396963369787,0,0.3055169505085002,0,0
384,1,repeated_42,0.0,1,0.847988476863961,1,0.6234352825196943,0,1
385,0,repeated_42,1.0,0,0.09412681961135089,0,0.1075455144211575,0,0
386,0,repeated_42,1.0,0,0.17792258716049406,0,0.31407211722062,0,0
387,0,repeated_42,2.0,0,0.28435807602533336,0,0.2376523166323962,0,0
388,1,repeated_42,4.0,1,0.8145990621164808,1,0.5919646070549572,0,1
389,0,repeated_42,3.0,0,0.09023101561323293,0,0.2368499593294409,0,0
390,1,repeated_42,1.0,1,0.8464721400986798,1,0.7123460563201508,0,1
391,1,repeated_42,4.0,0,0.3679342205504577,0,0.4982232650609115,0,0
392,1,repeated_42,3.0,0,0.07680639021199814,0,0.1965104582664053,0,0
393,0,repeated_42,1.0,0,0.11038412771417157,0,0.1238056593220387,0,0
394,1,repeated_42,1.0,1,0.9598577368141218,1,0.684004780963364,0,1
395,1,repeated_42,0.0,1,0.673729426521821,1,0.5867064053410749,0,1
396,0,repeated_42,1.0,0,0.09563857317040254,0,0.1728140024749363,0,0
397,0,repeated_42,3.0,1,0.54756869825228,0,0.4413845016500053,0,1
398,0,repeated_42,3.0,0,0.10628094727593218,0,0.179986326565258,0,0
399,0,repeated_42,2.0,0,0.2515207418128508,0,0.234247732678153,0,0
400,1,repeated_42,0.0,1,0.8638406977042612,1,0.6479899433476874,0,1
401,1,repeated_42,1.0,0,0.10897517018864937,0,0.3316345972758089,0,0
402,0,repeated_42,2.0,0,0.1171359534324965,0,0.0579636358115822,0,0
403,0,repeated_42,4.0,0,0.4765592373325063,0,0.4865497120068189,0,0
404,0,repeated_42,4.0,0,0.10347635942369127,0,0.2996782492101296,0,0
405,0,repeated_42,1.0,1,0.5351887271837513,0,0.369126645030334,0,1
406,0,repeated_42,3.0,0,0.06398131782424875,0,0.1712686969098245,0,0
407,0,repeated_42,0.0,0,0.11237164558978271,0,0.1759728213690808,0,0
408,1,repeated_42,0.0,1,0.7091218571080683,1,0.5068000960602034,0,1
409,0,repeated_42,3.0,0,0.07680639021199814,0,0.248294535690866,0,0
410,0,repeated_42,2.0,0,0.240419064432802,0,0.2856792968137654,0,0
411,0,repeated_42,1.0,0,0.09412681961135089,0,0.0655144959898435,0,0
412,0,repeated_42,1.0,0,0.08892748178919581,0,0.2214338362777793,0,0
413,1,repeated_42,0.0,1,0.9045895864836325,1,0.6815135807944529,0,1
414,0,repeated_42,2.0,0,0.09461031686076993,0,0.2266816096900076,0,0
415,1,repeated_42,1.0,0,0.110506463129495,0,0.3007203576418724,0,0
416,0,repeated_42,3.0,1,0.595444992217938,1,0.6684586071500355,0,1
417,1,repeated_42,0.0,1,0.9160708677452029,1,0.5983606672213376,0,1
418,1,repeated_42,3.0,1,0.8437578227674837,0,0.495771655994545,0,1
419,0,repeated_42,2.0,0,0.13143617375230152,0,0.185822607143236,0,0
420,0,repeated_42,1.0,1,0.576665801080103,0,0.2850784879601346,0,1
421,0,repeated_42,1.0,0,0.16252571007507005,0,0.0800674418997463,0,0
422,0,repeated_42,4.0,0,0.10455313594295684,0,0.1390210299071337,0,0
423,0,repeated_42,3.0,0,0.10449266895683834,0,0.1458941558115579,0,0
424,0,repeated_42,4.0,1,0.5263781621302415,0,0.4329923655677192,0,1
425,0,repeated_42,3.0,0,0.1473507069250442,0,0.1087534207570642,0,0
426,0,repeated_42,0.0,0,0.10161726980060153,0,0.2479444459032527,0,0
427,1,repeated_42,0.0,1,0.8587193227762652,1,0.5448224744592052,0,1
428,1,repeated_42,3.0,1,0.882332237322088,1,0.7652660030013657,0,1
429,0,repeated_42,3.0,0,0.09023101561323293,0,0.1759525565681162,0,0
430,1,repeated_42,0.0,0,0.3058466539340304,0,0.3718094968395076,0,0
431,1,repeated_42,1.0,0,0.3184966572933404,0,0.3552990329773377,0,0
432,1,repeated_42,4.0,1,0.5222232374279828,1,0.5464202580332119,0,1
433,1,repeated_42,4.0,1,0.8709126667725706,0,0.4588848914257921,0,1
434,0,repeated_42,0.0,0,0.10223397334285822,0,0.3590918155021228,0,0
435,0,repeated_42,3.0,0,0.4423215079800285,0,0.4386815076356275,0,0
436,1,repeated_42,0.0,1,0.9183531871078937,1,0.8145221362627194,0,1
437,0,repeated_42,4.0,0,0.2840910148465314,0,0.3800580503390193,0,0
438,1,repeated_42,4.0,1,0.7652153897833988,1,0.5909710185293956,0,1
439,0,repeated_42,1.0,0,0.2884742799735429,0,0.3682586363730835,0,0
440,0,repeated_42,2.0,0,0.11118929167430153,0,0.2590950097731375,0,0
441,1,repeated_42,0.0,1,0.8826117688001262,1,0.5753537714947894,0,1
442,0,repeated_42,3.0,0,0.08235650888089552,0,0.1241472384011761,0,0
443,0,repeated_42,3.0,0,0.11643981201565977,0,0.1085031724940582,0,0
444,1,repeated_42,3.0,1,0.8601858098073618,0,0.3761654103602767,0,1
445,1,repeated_42,3.0,0,0.07941080207669766,0,0.2924573625760867,0,0
446,1,repeated_42,1.0,1,0.6176281027469259,0,0.4690775066997,0,1
447,1,repeated_42,1.0,1,0.8771014611860468,1,0.6951326648351405,0,1
448,1,repeated_42,4.0,0,0.2632241469001607,0,0.2133838815537176,0,0
449,1,repeated_42,0.0,1,0.6213316850595262,1,0.7496238660437533,0,1
450,1,repeated_42,0.0,0,0.37887214073952846,0,0.389679204693042,0,0
451,0,repeated_42,4.0,0,0.09622633612482287,0,0.3832354303361762,0,0
452,0,repeated_42,3.0,0,0.10330169157106485,0,0.1227430858648905,0,0
453,0,repeated_42,2.0,0,0.4223504876583089,0,0.3000241978412032,0,0
454,1,repeated_42,3.0,0,0.3688236562764885,0,0.394862512585967,0,0
455,0,repeated_42,3.0,0,0.08308458853446192,0,0.1149756456912104,0,0
456,1,repeated_42,2.0,0,0.10493605995268956,0,0.0733769638769761,0,0
457,0,repeated_42,4.0,0,0.44241854787474305,0,0.4692985848226459,0,0
458,1,repeated_42,3.0,1,0.9519407766880462,1,0.6845589045756412,0,1
459,1,repeated_42,3.0,1,0.7821666263391366,1,0.5705489917700624,0,1
460,0,repeated_42,3.0,0,0.09023101561323293,0,0.2199419921799357,0,0
461,1,repeated_42,2.0,0,0.4226373545321134,0,0.3490597975562942,0,0
462,0,repeated_42,0.0,0,0.14523846270966503,0,0.1547967814859879,0,0
463,0,repeated_42,1.0,0,0.38034723940441695,0,0.4275637089028312,0,0
464,0,repeated_42,2.0,0,0.12628531653662461,0,0.2844995955677911,0,0
465,0,repeated_42,2.0,0,0.0970555414514136,0,0.2100265947292078,0,0
466,0,repeated_42,0.0,0,0.11926459705221583,0,0.1774822897581585,0,0
467,0,repeated_42,1.0,0,0.10771156466071259,0,0.2201486261182553,0,0
468,0,repeated_42,2.0,0,0.23400102488104876,0,0.1872107585744189,0,0
469,0,repeated_42,4.0,0,0.09341178711157355,0,0.0539753555050471,0,0
470,1,repeated_42,0.0,1,0.6213316850595262,1,0.7161490210077132,0,1
471,0,repeated_42,2.0,0,0.08381789300868775,0,0.1194158392615377,0,0
472,0,repeated_42,3.0,0,0.10806299320447056,0,0.1163450433962656,0,0
473,1,repeated_42,1.0,1,0.8947087333275515,1,0.6306120505767496,0,1
474,1,repeated_42,0.0,1,0.8857165440910676,1,0.7360126631632324,0,1
475,0,repeated_42,1.0,1,0.5459069716716969,1,0.611323559987511,0,1
476,0,repeated_42,2.0,0,0.24457656425468563,0,0.4281236803543481,0,0
477,0,repeated_42,3.0,0,0.06398131782424875,0,0.1000825275182275,0,0
478,0,repeated_42,0.0,0,0.11414214854479363,0,0.1242833177456862,0,0
479,0,repeated_42,3.0,0,0.06923968414402366,0,0.1693212727920993,0,0
480,1,repeated_42,2.0,1,0.5643708571230592,1,0.5149992949055583,0,1
481,0,repeated_42,1.0,0,0.26385248525325883,0,0.2938425773270892,0,0
482,0,repeated_42,2.0,0,0.08707295643992778,0,0.3127527695026295,0,0
483,0,repeated_42,1.0,0,0.110506463129495,0,0.1245006966098336,0,0
484,1,repeated_42,0.0,0,0.4992194143024005,0,0.4372523024670705,0,0
485,1,repeated_42,4.0,0,0.44261823965392816,1,0.5403759447345506,0,0
486,0,repeated_42,4.0,0,0.25388308603236776,0,0.3545037278431679,0,0
487,1,repeated_42,4.0,1,0.9470100633247629,1,0.802710791451393,0,1
488,0,repeated_42,1.0,0,0.35786331668240867,0,0.4450305724280917,0,0
489,0,repeated_42,3.0,0,0.11817578282554489,0,0.1389047747738675,0,0
490,1,repeated_42,1.0,1,0.6846308808587828,1,0.5334820916025454,0,1
491,0,repeated_42,3.0,0,0.10330169157106485,0,0.2239262610353121,0,0
492,0,repeated_42,1.0,0,0.09493205549217101,0,0.2042339491407558,0,0
493,0,repeated_42,3.0,0,0.29049364592575255,0,0.4173761392143524,0,0
494,0,repeated_42,0.0,0,0.24174890177232147,0,0.298446928508889,0,0
495,0,repeated_42,1.0,0,0.11733425051003568,0,0.2172703008400697,0,0
496,0,repeated_42,2.0,0,0.1325831388166966,0,0.1794713126393663,0,0
497,1,repeated_42,3.0,1,0.9457250524913338,1,0.7868722428273867,0,1
498,0,repeated_42,4.0,0,0.1074490843864762,0,0.2128156081913627,0,0
499,0,repeated_42,0.0,1,0.9044599946926781,1,0.6156110987586041,0,1
500,0,repeated_42,4.0,0,0.09010206420507144,0,0.2016280785092342,0,0
501,0,repeated_42,2.0,0,0.09491021466605037,0,0.1265369149470212,0,0
502,0,repeated_42,3.0,1,0.7317646618952188,0,0.471771215765045,0,1
503,0,repeated_42,1.0,1,0.6957615151259866,1,0.5574311653228863,0,1
504,0,repeated_42,1.0,1,0.5391401474865152,1,0.520328339928077,0,1
505,1,repeated_42,3.0,1,0.9403238196310083,1,0.7543890457406108,0,1
506,0,repeated_42,1.0,0,0.43414059822102913,1,0.5069160356082273,0,0
507,1,repeated_42,4.0,1,0.8690205675497806,0,0.4180566989900577,0,1
508,1,repeated_42,0.0,0,0.2648068289510582,0,0.3294084128696848,0,0
509,0,repeated_42,2.0,0,0.15958550888076742,0,0.1652830163589199,0,0
510,1,repeated_42,3.0,0,0.24387191774025274,0,0.3543197836841091,0,0
511,1,repeated_42,2.0,0,0.0798934984599222,0,0.2278078756253308,0,0
512,0,repeated_42,4.0,0,0.11280790210980195,0,0.1577833810804543,0,0
513,1,repeated_42,4.0,1,0.521886931720539,0,0.4927162764437862,0,1
514,1,repeated_42,1.0,1,0.94134764208054,1,0.6780617060532901,0,1
515,0,repeated_42,3.0,0,0.07198644356537512,0,0.083363913339774,0,0
516,0,repeated_42,3.0,0,0.48947981534573154,0,0.4678394015170637,0,0
517,1,repeated_42,4.0,1,0.8068019549197413,1,0.7074630920741016,0,1
518,0,repeated_42,4.0,0,0.15830166385038413,0,0.1535019577001593,0,0
519,1,repeated_42,0.0,1,0.8697750529143363,1,0.5795496189538518,0,1
520,0,repeated_42,4.0,0,0.11839644982734676,0,0.0653919566094519,0,0
521,1,repeated_42,4.0,1,0.9760074661439391,1,0.8092567099871492,0,1
522,0,repeated_42,2.0,0,0.08114197917317284,0,0.055666946795656,0,0
523,0,repeated_42,1.0,0,0.1491819840598351,0,0.1698581054232532,0,0
524,1,repeated_42,0.0,1,0.9675369654991268,1,0.8007853262627056,0,1
525,0,repeated_42,3.0,0,0.10577990639659832,0,0.1901296491784931,0,0
526,0,repeated_42,2.0,0,0.07010738350887447,0,0.1415379630000076,0,0
527,1,repeated_42,4.0,1,0.74329241042229,0,0.2828862606345532,0,1
528,0,repeated_42,4.0,0,0.29870378293114647,0,0.4082030356520262,0,0
529,0,repeated_42,1.0,0,0.10897517018864937,0,0.1628439757455088,0,0
530,0,repeated_42,1.0,0,0.1070764849514589,0,0.3707423260353665,0,0
531,1,repeated_42,3.0,1,0.9007699899465198,1,0.5256602808641273,0,1
532,0,repeated_42,4.0,0,0.12270602836561482,0,0.2295571826427231,0,0
533,0,repeated_42,2.0,0,0.14605365512341995,0,0.1615118078035783,0,0
534,1,repeated_42,4.0,1,0.6424756803559463,1,0.57612197336207,0,1
535,0,repeated_42,3.0,1,0.5050128614372066,0,0.4046324513974607,0,1
536,1,repeated_42,0.0,1,0.9193804427395339,1,0.592117996468668,0,1
537,0,repeated_42,4.0,0,0.45287646336462034,1,0.5215298963408121,0,0
538,1,repeated_42,3.0,1,0.8948938596398506,1,0.6965205629965499,0,1
539,0,repeated_42,3.0,0,0.07553498106872111,0,0.1733500928521184,0,0
540,1,repeated_42,0.0,1,0.9583919824141137,1,0.7754562648660509,0,1
541,1,repeated_42,3.0,1,0.9058940116819796,1,0.6214052720139887,0,1
542,0,repeated_42,3.0,0,0.2968940720615566,0,0.3699838840588697,0,0
543,0,repeated_42,3.0,0,0.2968940720615566,0,0.4987458169364779,0,0
544,1,repeated_42,3.0,0,0.13730937717909944,0,0.2097812922173088,0,0
545,0,repeated_42,2.0,0,0.4117664672275392,0,0.4934135156479846,0,0
546,0,repeated_42,3.0,0,0.27406348303952915,0,0.2325699942093133,0,0
547,1,repeated_42,2.0,1,0.9239216853442657,1,0.7294978145901292,0,1
548,1,repeated_42,2.0,0,0.11734199413154454,0,0.2646397421083402,0,0
549,0,repeated_42,3.0,0,0.18025306912956424,0,0.1583689996303388,0,0
550,1,repeated_42,0.0,1,0.5687687027250768,0,0.3459460470858564,0,1
551,1,repeated_42,0.0,0,0.4099572264399411,0,0.3898822448884264,0,0
552,0,repeated_42,3.0,0,0.11137862441548856,0,0.2020708428445522,0,0
553,0,repeated_42,1.0,0,0.0854914037532838,0,0.2001272822553163,0,0
554,1,repeated_42,3.0,0,0.10877406497753164,0,0.3240095103040025,0,0
555,1,repeated_42,4.0,1,0.5166618917339089,0,0.2509424848228553,0,1
556,0,repeated_42,1.0,0,0.2812624720398069,0,0.302312579186865,0,0
557,1,repeated_42,2.0,1,0.9236664259213707,1,0.7516836019272571,0,1
558,0,repeated_42,3.0,0,0.2648241899895194,0,0.257671741309916,0,0
559,1,repeated_42,0.0,1,0.9622470958561546,1,0.69367276007917,0,1
560,1,repeated_42,2.0,1,0.5200360038852329,1,0.5282183058347254,0,1
561,0,repeated_42,4.0,0,0.09341178711157355,0,0.1921532325464196,0,0
562,0,repeated_42,4.0,0,0.1090420354728296,0,0.0797922200715721,0,0
563,0,repeated_42,2.0,0,0.12057757259966846,0,0.2828372212836093,0,0
564,0,repeated_42,1.0,0,0.10724012286626597,0,0.1250620896658975,0,0
565,0,repeated_42,4.0,0,0.49055822748278005,1,0.5616422965043821,0,0
566,0,repeated_42,2.0,0,0.1464412914576147,0,0.1958539602523197,0,0
567,0,repeated_42,2.0,0,0.08329072605021313,0,0.0859240933231348,0,0
568,0,repeated_42,3.0,0,0.30889758365686304,0,0.415915836536985,0,0
569,0,repeated_42,1.0,0,0.1491819840598351,0,0.2490964270311331,0,0
570,1,repeated_42,2.0,0,0.0972643011624782,0,0.1477212935949972,0,0
571,1,repeated_42,2.0,0,0.10341645551859194,0,0.1399558784597717,0,0
572,1,repeated_42,3.0,1,0.925417678140462,1,0.7057502296434217,0,1
573,1,repeated_42,1.0,0,0.4619333838295263,0,0.4879346216144101,0,0
574,1,repeated_42,1.0,1,0.6957615151259866,1,0.6580434794996152,0,1
575,0,repeated_42,2.0,0,0.13250775886048596,0,0.0996997904344049,0,0
576,0,repeated_42,1.0,0,0.09316249621001269,0,0.2061081431532814,0,0
577,1,repeated_42,2.0,1,0.857360458487491,1,0.505864675414679,0,1
578,1,repeated_42,0.0,1,0.9030691438243442,1,0.6653010026098525,0,1
579,0,repeated_42,1.0,1,0.5944898605082019,1,0.5971398511461453,0,1
580,1,repeated_42,3.0,0,0.11954149561583075,0,0.1962765063023189,0,0
581,1,repeated_42,3.0,1,0.8925511115585483,1,0.6784768670442938,0,1
582,1,repeated_42,2.0,1,0.9605329421215428,1,0.7333260904382073,0,1
583,0,repeated_42,2.0,0,0.09669617030403578,0,0.1612337797308475,0,0
584,0,repeated_42,2.0,0,0.41243437792505605,0,0.270645561775363,0,0
585,0,repeated_42,1.0,0,0.1693027182426017,0,0.1501746498364848,0,0
586,1,repeated_42,3.0,1,0.9317395447160174,1,0.6360977900375863,0,1
587,0,repeated_42,1.0,0,0.10619946291385408,0,0.2162962992773535,0,0
588,1,repeated_42,0.0,0,0.35570869570543734,0,0.49213158302261,0,0
589,0,repeated_42,3.0,0,0.08132098050788863,0,0.2587261234525227,0,0
590,0,repeated_42,2.0,0,0.0970555414514136,0,0.1068183558834815,0,0
591,0,repeated_42,4.0,0,0.09584894423967034,0,0.2555416073919049,0,0
592,1,repeated_42,3.0,1,0.9588839504668311,1,0.7370055238039476,0,1
593,0,repeated_42,4.0,0,0.09659809586110643,0,0.1251568730916305,0,0
594,0,repeated_42,3.0,1,0.6871280196876852,0,0.4714248015050281,0,1
595,0,repeated_42,1.0,0,0.08668059655019386,0,0.2276961980331484,0,0
596,0,repeated_42,4.0,0,0.10653519303207512,0,0.1158186411474603,0,0
597,1,repeated_42,1.0,1,0.8958652940304201,1,0.5247141002139155,0,1
598,0,repeated_42,2.0,0,0.1213543960638642,0,0.1835451675656239,0,0
599,0,repeated_42,4.0,0,0.12942019820544257,0,0.2430268359474046,0,0
600,1,repeated_42,1.0,0,0.46070074103886394,1,0.6008391105491074,0,0
601,1,repeated_42,2.0,1,0.9321757191539868,1,0.5659027318794134,0,1
602,0,repeated_42,4.0,0,0.09010206420507144,0,0.0809477878949076,0,0
603,0,repeated_42,0.0,0,0.22430073594606792,0,0.3281536291912426,0,0
604,0,repeated_42,3.0,0,0.10795000407643138,0,0.2608156909635231,0,0
605,1,repeated_42,2.0,0,0.24481062994994093,0,0.4097412738025003,0,0
606,0,repeated_42,3.0,0,0.08932685871058181,0,0.21773825393738,0,0
607,0,repeated_42,1.0,0,0.12135370597170862,0,0.0905113047352438,0,0
608,1,repeated_42,0.0,0,0.2675338548367295,0,0.2232173550639657,0,0
609,1,repeated_42,2.0,1,0.9260120856088262,1,0.544038942383703,0,1
610,1,repeated_42,1.0,1,0.9641184283101345,1,0.7759063514685144,0,1
611,0,repeated_42,3.0,0,0.35033565801502803,0,0.3729367487671456,0,0
612,0,repeated_42,0.0,0,0.10161726980060153,0,0.1752613307461518,0,0
613,1,repeated_42,2.0,1,0.6183777842094397,1,0.6243319040385555,0,1
614,0,repeated_42,1.0,0,0.0854914037532838,0,0.1548317461881465,0,0
615,0,repeated_42,0.0,0,0.14523846270966503,0,0.1455732623633337,0,0
616,1,repeated_42,4.0,1,0.8098190167247442,1,0.614927826956819,0,1
617,0,repeated_42,2.0,0,0.13473928185054795,0,0.2238090973060157,0,0
618,0,repeated_42,0.0,0,0.4830322874372951,0,0.3525136750696182,0,0
619,1,repeated_42,1.0,1,0.915781853076359,1,0.7808725099237828,0,1
620,0,repeated_42,2.0,0,0.08737373794803886,0,0.2249679317015605,0,0
621,0,repeated_42,1.0,0,0.1934107503163533,0,0.3050287776449525,0,0
622,1,repeated_42,2.0,0,0.3462869153077845,1,0.5354954843529517,0,0
623,1,repeated_42,1.0,0,0.2247796269505567,0,0.1963461752014943,0,0
624,0,repeated_42,4.0,0,0.10955968214960554,0,0.1281447787428855,0,0
625,0,repeated_42,1.0,0,0.10419329424478378,0,0.1052847244658553,0,0
626,0,repeated_42,0.0,0,0.4285924819851487,0,0.3723226364456261,0,0
627,0,repeated_42,0.0,0,0.2889142607047528,0,0.2234923314527028,0,0
628,1,repeated_42,0.0,1,0.9606518796772914,1,0.6651986938683544,0,1
629,0,repeated_42,0.0,0,0.10228797230102715,0,0.0951497010161273,0,0
630,0,repeated_42,1.0,0,0.0854914037532838,0,0.1853073953979618,0,0
631,1,repeated_42,3.0,0,0.29049364592575255,0,0.3603544538366394,0,0
632,0,repeated_42,1.0,0,0.0849972181188183,0,0.2184526675383168,0,0
633,1,repeated_42,1.0,0,0.42131757107085527,0,0.4653830804603418,0,0
634,0,repeated_42,4.0,0,0.16596564158751476,0,0.246429298516105,0,0
635,0,repeated_42,3.0,0,0.20625328598588547,0,0.297302812786345,0,0
636,1,repeated_42,1.0,1,0.8489163859765019,1,0.6284579876062565,0,1
637,0,repeated_42,2.0,0,0.13563396963369787,0,0.2519752192790082,0,0
638,0,repeated_42,0.0,0,0.17081529707710022,0,0.2687525539282847,0,0
639,0,repeated_42,0.0,0,0.34263899300481976,0,0.430881301884536,0,0
640,0,repeated_42,2.0,0,0.136177178011464,0,0.259883869080242,0,0
641,0,repeated_42,3.0,0,0.07812676817447768,0,0.1483810166739955,0,0
642,1,repeated_42,0.0,1,0.9825120259147565,1,0.6196222208480272,0,1
643,0,repeated_42,3.0,0,0.20625328598588547,0,0.4729010029417202,0,0
644,1,repeated_42,2.0,0,0.21938084822657145,0,0.3039587989236784,0,0
645,1,repeated_42,3.0,1,0.7069652210012106,1,0.6846264542605054,0,1
646,1,repeated_42,2.0,0,0.38135572158479386,0,0.4697739292385225,0,0
647,0,repeated_42,3.0,0,0.07680639021199814,0,0.1099539344331618,0,0
648,1,repeated_42,0.0,0,0.39178887657635997,0,0.4773001757514196,0,0
649,0,repeated_42,1.0,0,0.09412681961135089,0,0.3084830021819759,0,0
650,1,repeated_42,3.0,1,0.5464042349365386,0,0.4154193508408776,0,1
651,0,repeated_42,4.0,0,0.09010206420507144,0,0.0686536944252099,0,0
652,1,repeated_42,3.0,1,0.8668334523845307,1,0.6395563944852235,0,1
653,0,repeated_42,0.0,0,0.10187689724707695,0,0.2681372364106202,0,0
654,1,repeated_42,3.0,1,0.728096638093607,1,0.5125959838714899,0,1
655,0,repeated_42,4.0,1,0.6751907256549747,1,0.6767595202007534,0,1
656,0,repeated_42,4.0,0,0.10719256745207961,0,0.1804771428172025,0,0
657,0,repeated_42,1.0,0,0.09412681961135089,0,0.1076230139677789,0,0
658,0,repeated_42,3.0,1,0.649351967537815,0,0.4805421773234495,0,1
659,0,repeated_42,2.0,0,0.08684086745426144,0,0.2913238111518529,0,0
660,0,repeated_42,3.0,0,0.4511928847864308,1,0.5040472695475123,0,0
661,1,repeated_42,4.0,0,0.41193561364150627,0,0.3974469399833474,0,0
662,0,repeated_42,3.0,0,0.10649326639896904,0,0.1264369405593326,0,0
663,0,repeated_42,2.0,0,0.4226373545321134,0,0.4162316132818224,0,0
664,0,repeated_42,4.0,0,0.09804148606922995,0,0.0650060916572317,0,0
665,1,repeated_42,2.0,0,0.10394460099534893,0,0.2482304132927325,0,0
666,0,repeated_42,0.0,0,0.13955534811509523,0,0.1898878637705351,0,0
667,0,repeated_42,2.0,0,0.08684086745426144,0,0.2320808475215519,0,0
668,0,repeated_42,4.0,0,0.09010206420507144,0,0.1128367766140529,0,0
669,0,repeated_42,0.0,0,0.1390398282878548,0,0.1544298278053246,0,0
670,1,repeated_42,1.0,1,0.9501229971200928,1,0.8468088770840113,0,1
671,1,repeated_42,4.0,1,0.9157052436458966,1,0.6043931919994002,0,1
672,0,repeated_42,2.0,0,0.4105912280909299,1,0.506704076410853,0,0
673,0,repeated_42,4.0,0,0.11081885159873876,0,0.2669587420575352,0,0
674,1,repeated_42,4.0,0,0.10053505529156516,0,0.1081703191244816,0,0
675,0,repeated_42,1.0,0,0.10947469765909386,0,0.2256072192101759,0,0
676,0,repeated_42,4.0,0,0.10191323454936636,0,0.1557072884633049,0,0
677,0,repeated_42,1.0,0,0.10724012286626597,0,0.1713882854011779,0,0
678,1,repeated_42,2.0,0,0.4889236056769447,1,0.5129912868285242,0,0
679,0,repeated_42,0.0,0,0.35281208461864794,0,0.322302667051956,0,0
680,1,repeated_42,1.0,0,0.4120415619743781,0,0.4425264336377275,0,0
681,0,repeated_42,2.0,1,0.66007537808876,1,0.6227086374363704,0,1
682,1,repeated_42,2.0,0,0.4362810830724393,1,0.5093579948516115,0,0
683,0,repeated_42,1.0,0,0.1122093065090982,0,0.2067818881363718,0,0
684,0,repeated_42,0.0,0,0.21282026785776287,0,0.1034953841841253,0,0
685,0,repeated_42,3.0,0,0.10360190004701575,0,0.3308431573894865,0,0
686,0,repeated_42,0.0,0,0.23139874604995023,0,0.2647142216975174,0,0
687,0,repeated_42,0.0,0,0.1456456536900196,0,0.1176262086254958,0,0
688,0,repeated_42,3.0,0,0.08235650888089552,0,0.136837054498698,0,0
689,0,repeated_42,2.0,0,0.08329072605021313,0,0.2111412401350095,0,0
690,1,repeated_42,2.0,1,0.903282895246804,1,0.7811077355634396,0,1
691,1,repeated_42,3.0,0,0.3608349677477518,1,0.665929819482918,0,0
692,1,repeated_42,1.0,1,0.6189721714537393,0,0.314796323256356,0,1
693,1,repeated_42,1.0,0,0.22191314716239838,0,0.4160636043504634,0,0
694,0,repeated_42,2.0,0,0.10117752706975286,0,0.1712222949083688,0,0
695,0,repeated_42,1.0,0,0.289582924250666,0,0.3639529222330037,0,0
696,0,repeated_42,1.0,0,0.10619946291385408,0,0.2780588940856721,0,0
697,0,repeated_42,0.0,0,0.1390398282878548,0,0.2523816783763274,0,0
698,1,repeated_42,4.0,1,0.6791090003787154,1,0.6581227957487689,0,1
699,0,repeated_42,4.0,0,0.42596817671483744,1,0.5986749043650009,0,0
700,0,repeated_42,2.0,0,0.1653917853304961,0,0.2833069465746436,0,0
701,1,repeated_42,2.0,1,0.8697918384575302,1,0.7279871416040519,0,1
702,1,repeated_42,1.0,0,0.4619333838295263,1,0.5688188565456275,0,0
703,0,repeated_42,2.0,1,0.5776497769012824,1,0.6046399975014154,0,1
704,0,repeated_42,3.0,0,0.09023101561323293,0,0.154263242854075,0,0
705,0,repeated_42,2.0,0,0.09076267942125732,0,0.1414778759259346,0,0
706,0,repeated_42,3.0,0,0.10303422934824148,0,0.3795445556215154,0,0
707,1,repeated_42,2.0,1,0.8537123711602903,1,0.7553726339347058,0,1
708,1,repeated_42,0.0,1,0.5094625574775787,1,0.5062517418488925,0,1
709,1,repeated_42,0.0,1,0.860166641671603,1,0.6332681043956038,0,1
710,1,repeated_42,2.0,1,0.5560929025237589,1,0.6212065081563825,0,1
711,1,repeated_42,4.0,1,0.9312371084733521,1,0.8030192134710824,0,1
712,0,repeated_42,1.0,0,0.29691351664927884,0,0.4932982971513209,0,0
713,1,repeated_42,2.0,0,0.30445770331683375,1,0.5059946103253787,0,0
714,0,repeated_42,3.0,0,0.11769041332003449,0,0.1364289052614205,0,0
715,0,repeated_42,4.0,0,0.09317099071231129,0,0.2385017628193266,0,0
716,0,repeated_42,1.0,0,0.1787126263508624,0,0.2222189092380087,0,0
717,1,repeated_42,2.0,1,0.9006033962964557,1,0.7763282106515261,0,1
718,1,repeated_42,2.0,1,0.8448046836840595,1,0.7726472917115254,0,1
719,0,repeated_42,0.0,0,0.09557913889990553,0,0.2517673374202728,0,0
720,0,repeated_42,1.0,0,0.13323125709111733,0,0.1587190226208064,0,0
721,1,repeated_42,2.0,1,0.9259480193983102,1,0.6768496984207861,0,1
722,0,repeated_42,1.0,0,0.09508585805786632,0,0.1719025584079707,0,0
723,0,repeated_42,4.0,0,0.10053505529156516,0,0.1938856351395501,0,0
724,0,repeated_42,0.0,0,0.13715170105004668,0,0.2454368340479057,0,0
725,1,repeated_42,0.0,0,0.4810194422820049,0,0.4458515871236935,0,0
726,0,repeated_42,2.0,0,0.09491021466605037,0,0.1238643162223686,0,0
727,1,repeated_42,3.0,1,0.8671603937774169,0,0.3761080037744724,0,1
728,1,repeated_42,3.0,1,0.7283365673959203,1,0.6254708717610665,0,1
729,0,repeated_42,3.0,0,0.06933017479199702,0,0.1795370743377167,0,0
730,0,repeated_42,0.0,1,0.5372142294968877,1,0.5964775001536409,0,1
731,1,repeated_42,1.0,1,0.9573419914789166,1,0.720792540183799,0,1
732,0,repeated_42,2.0,0,0.208882434170343,0,0.2063343594458319,0,0
733,0,repeated_42,0.0,0,0.1163968237279134,0,0.1720237511175105,0,0
734,0,repeated_42,1.0,0,0.09550484868983629,0,0.2083936988176602,0,0
735,0,repeated_42,0.0,0,0.10677151721773656,0,0.2512892611574721,0,0
736,0,repeated_42,3.0,0,0.11410461205009263,0,0.2488912393549873,0,0
737,0,repeated_42,1.0,0,0.2525715223248903,0,0.485104404345036,0,0
738,1,repeated_42,0.0,0,0.3437516209177351,1,0.5411741045238972,0,0
739,0,repeated_42,4.0,0,0.09010206420507144,0,0.0827375587648028,0,0
740,0,repeated_42,1.0,0,0.09412681961135089,0,0.078853348742674,0,0
741,1,repeated_42,4.0,0,0.43383453157551044,0,0.3172263706776093,0,0
742,0,repeated_42,3.0,0,0.35267023447542417,0,0.468152567415401,0,0
743,1,repeated_42,3.0,1,0.8108948926437713,1,0.7222365051671632,0,1
744,0,repeated_42,2.0,0,0.09745846465619677,0,0.1356278759247642,0,0
745,1,repeated_42,2.0,0,0.13563396963369787,0,0.2391071300098312,0,0
746,0,repeated_42,4.0,1,0.5642882273395236,1,0.5007236380921437,0,1
747,0,repeated_42,4.0,0,0.23833437235178848,0,0.3038991777110899,0,0
748,1,repeated_42,3.0,1,0.8580195283804672,1,0.5952264473250044,0,1
749,0,repeated_42,3.0,1,0.5042031434686768,0,0.4573237565366032,0,1
750,0,repeated_42,2.0,0,0.07449993775694705,0,0.1549802396084952,0,0
751,1,repeated_42,3.0,1,0.9066628072043843,1,0.5556382380689442,0,1
752,1,repeated_42,3.0,1,0.6610882564364255,1,0.7060737208758601,0,1
753,0,repeated_42,1.0,0,0.13952025692214698,0,0.1298317100073474,0,0
754,0,repeated_42,1.0,0,0.09412681961135089,0,0.0974155980688333,0,0
755,1,repeated_42,2.0,1,0.813078990699249,1,0.6822480944600794,0,1
756,1,repeated_42,1.0,1,0.6284526792166326,0,0.4237575388480412,0,1
757,0,repeated_42,2.0,0,0.10357359071000359,0,0.1545199778865615,0,0
758,0,repeated_42,4.0,0,0.09296159182985136,0,0.2969086391637924,0,0
759,0,repeated_42,2.0,0,0.13563396963369787,0,0.2615274658690228,0,0
760,1,repeated_42,1.0,1,0.9657087569689693,1,0.7553127173888462,0,1
761,0,repeated_42,4.0,0,0.11240572769819358,0,0.1270567888369313,0,0
762,0,repeated_42,4.0,0,0.09659809586110643,0,0.2411968124906081,0,0
763,1,repeated_42,4.0,0,0.134162216711829,0,0.3030032928733744,0,0
764,1,repeated_42,2.0,1,0.9402514371736276,1,0.7728010573139875,0,1
765,0,repeated_42,4.0,0,0.1475811106968916,0,0.0888089598829652,0,0
766,1,repeated_42,0.0,1,0.9698284664274676,1,0.6288903243701506,0,1
767,0,repeated_42,4.0,0,0.3558577106451023,0,0.3248127540419774,0,0
768,0,repeated_42,2.0,1,0.6519377980618956,1,0.5148538411355247,0,1
769,0,repeated_42,3.0,0,0.14056258083241677,0,0.2116299732721266,0,0
770,0,repeated_42,2.0,0,0.1381674600194235,0,0.1905394774980862,0,0
771,0,repeated_42,4.0,0,0.10917141868885055,0,0.1475902392864418,0,0
772,0,repeated_42,1.0,0,0.09438557581130712,0,0.203462633229425,0,0
773,0,repeated_42,1.0,1,0.8948578178397708,1,0.796543374507896,0,1
774,0,repeated_42,0.0,0,0.130578404910838,0,0.1850323613011582,0,0
775,1,repeated_42,2.0,1,0.7934255852812604,1,0.8052860455212728,0,1
776,0,repeated_42,1.0,0,0.10127019461854395,0,0.2096347402190096,0,0
777,0,repeated_42,3.0,0,0.18864470060315866,0,0.3050565894279294,0,0
778,1,repeated_42,1.0,1,0.5766457751953029,0,0.4303514764160618,0,1
779,0,repeated_42,1.0,0,0.0854914037532838,0,0.1211440166874587,0,0
780,1,repeated_42,0.0,1,0.9765458692252322,1,0.7076434104757999,0,1
781,1,repeated_42,0.0,1,0.6375954161139485,0,0.4568067499895483,0,1
782,1,repeated_42,4.0,1,0.929653527428272,1,0.8755673751434891,0,1
783,0,repeated_42,4.0,1,0.5083930715913835,1,0.5193422582141474,0,1
784,0,repeated_42,2.0,0,0.15335660565810474,0,0.0912419847994557,0,0
785,0,repeated_42,2.0,0,0.08381789300868775,0,0.128128971036154,0,0
786,0,repeated_42,0.0,0,0.10161726980060153,0,0.2432332652764325,0,0
787,1,repeated_42,4.0,1,0.541543314836181,0,0.4701304175252738,0,1
788,0,repeated_42,0.0,0,0.21516122635844198,0,0.2180053178053468,0,0
789,1,repeated_42,0.0,0,0.4931051808934677,1,0.5296901499325507,0,0
790,0,repeated_42,3.0,0,0.33460060065634845,0,0.3267936483632069,0,0
791,0,repeated_42,0.0,0,0.09622279306538951,0,0.29724771463571,0,0
792,0,repeated_42,4.0,0,0.15974256202752307,0,0.1364599010164975,0,0
793,0,repeated_42,3.0,0,0.3361469581580568,0,0.4295325219113868,0,0
794,0,repeated_42,0.0,0,0.2973182604292341,0,0.4396368554100823,0,0
795,0,repeated_42,3.0,0,0.07460204738479817,0,0.1162740016506608,0,0
796,0,repeated_42,0.0,0,0.1379258171067984,0,0.1348890615268806,0,0
797,1,repeated_42,0.0,1,0.7420272616511792,1,0.6969736781405589,0,1
798,1,repeated_42,4.0,0,0.46253900170242285,0,0.2743963511178902,0,0
799,0,repeated_42,1.0,0,0.15068979576137437,0,0.2561957400812109,0,0
800,0,repeated_42,0.0,0,0.4750813808645901,0,0.4955551169241712,0,0
801,0,repeated_42,3.0,0,0.0984125622997813,0,0.2277495704048731,0,0
802,1,repeated_42,0.0,1,0.8547133375286841,1,0.68150112131794,0,1
803,1,repeated_42,2.0,1,0.7015939462002715,1,0.7198341461185667,0,1
804,1,repeated_42,0.0,1,0.604659077508404,0,0.3663859062439576,0,1
805,1,repeated_42,3.0,0,0.08938589856159342,0,0.1420498409304196,0,0
806,0,repeated_42,2.0,0,0.0972643011624782,0,0.1366542373779505,0,0
807,0,repeated_42,3.0,0,0.3040483157654155,0,0.3869140335110801,0,0
808,0,repeated_42,4.0,1,0.5281616389714712,0,0.3826998611225805,0,1
809,0,repeated_42,4.0,0,0.09811223577319181,0,0.3019488790532222,0,0
810,1,repeated_42,3.0,1,0.9462350762012973,1,0.8101250452080091,0,1
811,0,repeated_42,3.0,0,0.08517329105093635,0,0.2041392358641063,0,0
812,0,repeated_42,0.0,0,0.1617001275418397,0,0.1286186536814904,0,0
813,0,repeated_42,3.0,0,0.11321168534918283,0,0.1383069803747594,0,0
814,0,repeated_42,4.0,0,0.2830396705042966,0,0.248064137599021,0,0
815,0,repeated_42,0.0,0,0.14523846270966503,0,0.1299240991244928,0,0
816,0,repeated_42,3.0,0,0.2554877514098676,0,0.3235897286132111,0,0
817,0,repeated_42,2.0,1,0.508402932647575,1,0.5898532512809559,0,1
818,0,repeated_42,2.0,0,0.15489269276075285,0,0.3621892773240868,0,0
819,0,repeated_42,0.0,0,0.11126979760302523,0,0.158922968464046,0,0
820,0,repeated_42,2.0,0,0.17663167317204395,0,0.3181174692432523,0,0
821,1,repeated_42,4.0,1,0.959442046550713,1,0.7143512138901448,0,1
822,1,repeated_42,3.0,0,0.11769041332003449,0,0.1013538112228116,0,0
823,0,repeated_42,0.0,0,0.309623723853905,0,0.2585845947359013,0,0
824,1,repeated_42,1.0,1,0.6086082338331179,1,0.7777776087956443,0,1
825,0,repeated_42,3.0,0,0.1851544395850227,0,0.2301287878466653,0,0
826,0,repeated_42,2.0,0,0.0719384748591249,0,0.1440225007322744,0,0
827,0,repeated_42,1.0,0,0.22191314716239838,0,0.3942105399021096,0,0
828,1,repeated_42,3.0,1,0.6442783379689827,0,0.4206233774261669,0,1
829,1,repeated_42,1.0,0,0.0854914037532838,0,0.2371963586563528,0,0
830,1,repeated_42,4.0,1,0.944292318772105,1,0.842134352085451,0,1
831,1,repeated_42,0.0,0,0.4701489674804543,1,0.5177381545023747,0,0
832,1,repeated_42,2.0,1,0.7180735673313948,1,0.5645418146965429,0,1
833,0,repeated_42,2.0,0,0.10117752706975286,0,0.1363697120807656,0,0
834,0,repeated_42,4.0,0,0.09010206420507144,0,0.1409255815215778,0,0
835,0,repeated_42,4.0,0,0.12101137139533756,0,0.2373865979323387,0,0
836,1,repeated_42,4.0,1,0.9882725297487758,1,0.7420312838539432,0,1
837,0,repeated_42,4.0,0,0.12101137139533756,0,0.0933776973304302,0,0
838,0,repeated_42,4.0,0,0.11280790210980195,0,0.2115174064863947,0,0
839,1,repeated_42,1.0,0,0.23569464078226948,0,0.4434310955158944,0,0
840,1,repeated_42,0.0,0,0.3730841402070372,1,0.5409485675561617,0,0
841,0,repeated_42,2.0,0,0.09813654216241878,0,0.2058932372440241,0,0
842,0,repeated_42,1.0,0,0.13745841383859084,0,0.2015323361933408,0,0
843,1,repeated_42,3.0,1,0.8529792328897682,1,0.5201077302011909,0,1
844,0,repeated_42,4.0,0,0.12485264031806444,0,0.1851595983841901,0,0
845,0,repeated_42,4.0,0,0.12101137139533756,0,0.1185743700226051,0,0
846,0,repeated_42,0.0,0,0.11153685950606332,0,0.1935670230679649,0,0
847,0,repeated_42,4.0,0,0.21895324156018253,0,0.1138475324276862,0,0
848,0,repeated_42,2.0,0,0.09388974756726617,0,0.0841020780236182,0,0
849,0,repeated_42,0.0,0,0.43540338361100217,0,0.3527684426894604,0,0
850,1,repeated_42,4.0,1,0.9507142689398355,1,0.7743219268131792,0,1
851,0,repeated_42,2.0,0,0.28808173866404324,0,0.218709810123199,0,0
852,0,repeated_42,4.0,0,0.1058679882436577,0,0.0673285915105888,0,0
853,0,repeated_42,1.0,1,0.642993180737856,0,0.3540378932340751,0,1
854,1,repeated_42,3.0,1,0.9214345900755057,1,0.7368925084385494,0,1
855,0,repeated_42,2.0,1,0.9116301656316264,1,0.6439724279569463,0,1
856,1,repeated_42,4.0,1,0.5038794979336951,0,0.4941732440219271,0,1
857,1,repeated_42,0.0,1,0.9073849817684418,1,0.5917950914310717,0,1
858,1,repeated_42,2.0,0,0.3991558469857984,0,0.4473122679365342,0,0
859,1,repeated_42,3.0,1,0.6692985152404717,1,0.6269364591648522,0,1
860,0,repeated_42,1.0,0,0.1491819840598351,0,0.1572313298754117,0,0
861,0,repeated_42,3.0,0,0.08935982837946208,0,0.1269145416347466,0,0
862,0,repeated_42,3.0,0,0.12330028112355941,0,0.1393603305253444,0,0
863,1,repeated_42,0.0,1,0.9284279827567447,1,0.8438065353837028,0,1
864,0,repeated_42,4.0,0,0.32419183135148155,0,0.3961580905553176,0,0
865,0,repeated_42,3.0,0,0.09347992686294075,0,0.1225556959413064,0,0
866,1,repeated_42,3.0,1,0.8208337531814801,1,0.5387158823065129,0,1
867,1,repeated_42,2.0,1,0.8462113300356028,1,0.5266672575645409,0,1
868,0,repeated_42,2.0,0,0.39323413514068367,0,0.3794541420153627,0,0
869,0,repeated_42,1.0,0,0.10674213043191133,0,0.124243742048595,0,0
870,1,repeated_42,2.0,1,0.6382459322118003,0,0.3949587920631629,0,1
871,0,repeated_42,0.0,0,0.10228797230102715,0,0.1205992864122015,0,0
872,1,repeated_42,2.0,1,0.9638166128077728,1,0.7945784724736051,0,1
873,0,repeated_42,3.0,0,0.3087430247329262,0,0.3798869217358866,0,0
874,0,repeated_42,0.0,0,0.1344182819939948,0,0.0818670740934536,0,0
875,1,repeated_42,1.0,1,0.8634343924997485,1,0.6063570687762939,0,1
876,1,repeated_42,0.0,1,0.6375954161139485,1,0.7787094093396981,0,1
877,0,repeated_42,4.0,0,0.12130543518983117,0,0.1288044929861654,0,0
878,0,repeated_42,3.0,0,0.07680639021199814,0,0.0792849637064438,0,0
879,0,repeated_42,1.0,0,0.09412681961135089,0,0.0751442557554067,0,0
880,1,repeated_42,1.0,1,0.9743382224691451,1,0.751740574295856,0,1
881,1,repeated_42,2.0,1,0.9313190761513165,1,0.6135872677984969,0,1
882,0,repeated_42,4.0,0,0.11839644982734676,0,0.1003667214709941,0,0
883,0,repeated_42,1.0,1,0.5621785233292732,1,0.6587863249573839,0,1
884,0,repeated_42,0.0,0,0.12920471966631314,0,0.2902542735805213,0,0
885,0,repeated_42,0.0,0,0.10161726980060153,0,0.2068829384596303,0,0
886,0,repeated_42,0.0,0,0.38854441480657465,0,0.4390800970940135,0,0
887,0,repeated_42,2.0,0,0.28523777600348504,0,0.2456190866315885,0,0
888,1,repeated_42,3.0,1,0.9031400617914541,1,0.6918987410802766,0,1
889,0,repeated_42,3.0,1,0.5235505950376892,1,0.5767148108149955,0,1
890,1,repeated_42,2.0,0,0.4112257797870113,1,0.5075271078326915,0,0
891,0,repeated_42,0.0,0,0.11640249279585024,0,0.2178696961980595,0,0
1,0,repeated_123,4.0,0,0.1183705017756173,0,0.1884952944057792,0,0
2,1,repeated_123,1.0,1,0.9724823249405836,1,0.7468952357646153,0,1
3,1,repeated_123,0.0,0,0.4401937848479514,1,0.5449183912728305,0,0
4,1,repeated_123,0.0,1,0.9369924139495318,1,0.6827238017611856,0,1
5,0,repeated_123,4.0,0,0.14322167855042034,0,0.1523405174781744,0,0
6,0,repeated_123,3.0,0,0.11356263371613452,0,0.1566814890130481,0,0
7,0,repeated_123,2.0,0,0.39005543736633247,1,0.6136764562260253,0,0
8,0,repeated_123,4.0,0,0.400860645181342,0,0.2038655340115763,0,0
9,1,repeated_123,3.0,1,0.53515847852095,1,0.6920119040840191,0,1
10,1,repeated_123,2.0,1,0.7525472886876948,1,0.6598283611216572,0,1
11,1,repeated_123,2.0,1,0.5659512905584985,1,0.6266003245889398,0,1
12,1,repeated_123,1.0,1,0.8718271855431858,1,0.7899916407501142,0,1
13,0,repeated_123,0.0,0,0.10841234220233077,0,0.1694435357018206,0,0
14,0,repeated_123,1.0,0,0.16474993778266336,0,0.1124933095270055,0,0
15,0,repeated_123,1.0,1,0.6047061975505192,1,0.548734927571839,0,1
16,1,repeated_123,1.0,1,0.8420873887818516,1,0.7008653271853659,0,1
17,0,repeated_123,1.0,0,0.21096193138016864,0,0.4666763475989227,0,0
18,1,repeated_123,0.0,0,0.1112530406952303,0,0.2050774785934403,0,0
19,0,repeated_123,3.0,1,0.5590580188063965,0,0.3983134766893922,0,1
20,1,repeated_123,1.0,1,0.6999311653134892,1,0.6712101404275284,0,1
21,0,repeated_123,3.0,0,0.09014910496816521,0,0.1733733593349248,0,0
22,1,repeated_123,4.0,0,0.34488333990547215,1,0.5368499368281835,0,0
23,1,repeated_123,1.0,1,0.7048960391047278,1,0.6888505387495849,0,1
24,1,repeated_123,2.0,0,0.33963896555289524,0,0.3622319587269452,0,0
25,0,repeated_123,3.0,0,0.24938869285909276,0,0.2449335576731976,0,0
26,1,repeated_123,2.0,0,0.36394766732726075,0,0.4333039160248866,0,0
27,0,repeated_123,0.0,0,0.14033603787533994,0,0.2306667164545841,0,0
28,0,repeated_123,4.0,0,0.30594973254013413,0,0.4030728674244362,0,0
29,1,repeated_123,3.0,1,0.6389700167325322,1,0.6526563258438268,0,1
30,0,repeated_123,0.0,0,0.08040853140279323,0,0.1038153751535305,0,0
31,0,repeated_123,3.0,0,0.36640287955741685,0,0.4837086945386885,0,0
32,1,repeated_123,4.0,1,0.9766062617900234,1,0.785976517743615,0,1
33,1,repeated_123,3.0,1,0.6362432677844235,1,0.611960978565755,0,1
34,0,repeated_123,2.0,0,0.10703876268929888,0,0.2039112984877897,0,0
35,0,repeated_123,0.0,0,0.33978362680049545,0,0.3439842545832671,0,0
36,0,repeated_123,3.0,0,0.24098543366416006,0,0.4092158302029132,0,0
37,1,repeated_123,3.0,0,0.09150231535417742,0,0.1859525665224835,0,0
38,0,repeated_123,3.0,0,0.11606533464490529,0,0.143613451728229,0,0
39,0,repeated_123,0.0,1,0.5282457572810447,0,0.2004724646709744,1,0
40,1,repeated_123,3.0,1,0.622299955047538,1,0.6009015593618355,0,1
41,0,repeated_123,1.0,1,0.5799101770371843,1,0.551590159817963,0,1
42,0,repeated_123,2.0,1,0.7271016117308008,1,0.5995806900679755,0,1
43,0,repeated_123,1.0,0,0.12527223635646736,0,0.0923131141863887,0,0
44,1,repeated_123,4.0,1,0.8960867587905686,1,0.5551213114302563,0,1
45,1,repeated_123,1.0,1,0.7009694407496782,1,0.6300630138526349,0,1
46,0,repeated_123,0.0,0,0.098308920981836,0,0.1328685055458199,0,0
47,0,repeated_123,1.0,0,0.14007249803715777,0,0.1396475344866752,0,0
48,1,repeated_123,2.0,1,0.7069399389309633,1,0.5088160176855943,0,1
49,0,repeated_123,0.0,0,0.20314721591327242,0,0.1810581991542692,0,0
50,0,repeated_123,1.0,1,0.6457389411941872,0,0.4905574114371187,0,1
51,0,repeated_123,4.0,0,0.32375837099909,0,0.3309383444606065,0,0
52,0,repeated_123,4.0,0,0.08641784904592312,0,0.2081871657121506,0,0
53,1,repeated_123,2.0,1,0.9593723901905322,1,0.8364818200530173,0,1
54,1,repeated_123,2.0,1,0.9098302847844141,1,0.7643635615790207,0,1
55,0,repeated_123,2.0,0,0.45244822008321117,0,0.3721566982614814,0,0
56,1,repeated_123,0.0,0,0.25911071610909486,0,0.36229505095653,0,0
57,1,repeated_123,0.0,1,0.8010198431089269,0,0.4848935231695241,0,1
58,0,repeated_123,0.0,0,0.14448958949142962,0,0.1992958377093399,0,0
59,1,repeated_123,2.0,1,0.8945420305956664,0,0.4761138699952709,0,1
60,0,repeated_123,2.0,0,0.1876831000404867,0,0.2376646519942344,0,0
61,0,repeated_123,2.0,0,0.16982401158180563,0,0.2127965270122452,0,0
62,1,repeated_123,0.0,1,0.9796689252609727,1,0.7968636360101604,0,1
63,0,repeated_123,0.0,0,0.44590473180795676,0,0.3981135139298685,0,0
64,0,repeated_123,3.0,0,0.17299564791453487,0,0.2143983722012878,0,0
65,0,repeated_123,3.0,0,0.2539738928360855,0,0.3724531783441354,0,0
66,1,repeated_123,1.0,1,0.5427139848278386,0,0.4993273180713349,0,1
67,1,repeated_123,2.0,1,0.8618358037095399,1,0.8116170858914089,0,1
68,0,repeated_123,4.0,0,0.09888831491746544,0,0.1341073269843138,0,0
69,1,repeated_123,2.0,0,0.332409056937073,0,0.401176029409882,0,0
70,0,repeated_123,2.0,0,0.11025940082504523,0,0.183372550385223,0,0
71,0,repeated_123,0.0,0,0.12594111538743846,0,0.2143844835849742,0,0
72,0,repeated_123,4.0,0,0.36134235806574255,0,0.3208987862828939,0,0
73,0,repeated_123,0.0,0,0.14343429535305816,0,0.1910140217303757,0,0
74,0,repeated_123,3.0,0,0.15185178610099173,0,0.2203748543833851,0,0
75,1,repeated_123,1.0,0,0.22449592646491034,0,0.3689060771987924,0,0
76,0,repeated_123,3.0,0,0.19959116887578465,0,0.1956103685791221,0,0
77,0,repeated_123,3.0,0,0.09387190106577026,0,0.107587202469651,0,0
78,0,repeated_123,1.0,0,0.10190413969691649,0,0.1932578940218295,0,0
79,1,repeated_123,3.0,1,0.6878462467622395,1,0.5656489603939775,0,1
80,1,repeated_123,0.0,1,0.5013763423042111,1,0.6621297436121855,0,1
81,0,repeated_123,0.0,0,0.10026946518677081,0,0.2066440701658649,0,0
82,1,repeated_123,2.0,0,0.13650787383438914,0,0.1595514118938628,0,0
83,1,repeated_123,3.0,1,0.6389700167325322,1,0.5796668351433218,0,1
84,0,repeated_123,0.0,0,0.21919475864161955,0,0.2967315991861459,0,0
85,1,repeated_123,3.0,1,0.8519888552986321,1,0.60560984193533,0,1
86,1,repeated_123,4.0,1,0.5436820557231432,0,0.3372373589128654,0,1
87,0,repeated_123,1.0,0,0.16117290997640946,0,0.1016028989954338,0,0
88,0,repeated_123,2.0,0,0.09515324700164676,0,0.1475919846119035,0,0
89,1,repeated_123,3.0,1,0.7240553714653083,1,0.5702664000346763,0,1
90,0,repeated_123,0.0,0,0.098308920981836,0,0.1623908216617082,0,0
91,0,repeated_123,3.0,0,0.16399794835345122,0,0.2113923735125445,0,0
92,0,repeated_123,4.0,0,0.08641784904592312,0,0.1885107392644781,0,0
93,0,repeated_123,2.0,0,0.43065098559513904,0,0.3418358184398995,0,0
94,0,repeated_123,2.0,0,0.1262406806905988,0,0.3553536464198987,0,0
95,0,repeated_123,4.0,0,0.09170977689032293,0,0.1144785654776992,0,0
96,0,repeated_123,1.0,0,0.10190413969691649,0,0.2204316783073261,0,0
97,0,repeated_123,2.0,0,0.3808866418750303,0,0.4642991947365624,0,0
98,1,repeated_123,1.0,0,0.45527507352234986,1,0.5569934720063164,0,0
99,1,repeated_123,2.0,1,0.8595613402544764,1,0.6529205011430609,0,1
100,0,repeated_123,1.0,0,0.12208645709100759,0,0.2114312039850241,0,0
101,0,repeated_123,4.0,1,0.6197990544609838,0,0.3208064489538629,0,1
102,0,repeated_123,1.0,0,0.09094631693608203,0,0.139876501393378,0,0
103,0,repeated_123,2.0,0,0.4420483659196674,0,0.3299349882340244,0,0
104,0,repeated_123,4.0,0,0.1508042126602744,0,0.1579202178695692,0,0
105,0,repeated_123,2.0,0,0.11023701516532863,0,0.1454191498160578,0,0
106,0,repeated_123,0.0,0,0.08919441137518977,0,0.0845925072755433,0,0
107,1,repeated_123,2.0,1,0.543733880127205,0,0.4828670975613259,0,1
108,1,repeated_123,4.0,0,0.072923098752904,0,0.1513182236335234,0,0
109,0,repeated_123,0.0,0,0.0782033410449975,0,0.080437164639438,0,0
110,1,repeated_123,2.0,0,0.4434222998300797,0,0.4798048221458472,0,0
111,0,repeated_123,3.0,0,0.238043621528859,1,0.5490400918434941,0,0
112,0,repeated_123,4.0,1,0.6115569869571665,1,0.5504268042588755,0,1
113,0,repeated_123,0.0,0,0.1029565143017018,0,0.0920569755722851,0,0
114,0,repeated_123,1.0,1,0.5846305245560599,1,0.5058774072289429,0,1
115,0,repeated_123,2.0,0,0.4792924343307989,1,0.5784510394591763,0,0
116,0,repeated_123,3.0,0,0.11606533464490529,0,0.3326901532360308,0,0
117,0,repeated_123,4.0,0,0.0877056083855219,0,0.2337429797104931,0,0
118,0,repeated_123,3.0,0,0.05180413472385215,0,0.2029117708466588,0,0
119,0,repeated_123,3.0,1,0.5005831044894583,1,0.6550478319001957,0,1
120,0,repeated_123,1.0,0,0.2824184957455174,0,0.4677767657759596,0,0
121,0,repeated_123,1.0,0,0.14784661620878786,0,0.2086474044631826,0,0
122,0,repeated_123,4.0,0,0.09339707079943944,0,0.1795036240847464,0,0
123,0,repeated_123,4.0,0,0.1746675564096617,0,0.3867258273634181,0,0
124,1,repeated_123,3.0,1,0.9118766909857993,1,0.7977115289460265,0,1
125,0,repeated_123,3.0,0,0.3137706512094302,0,0.3109931190316323,0,0
126,1,repeated_123,0.0,1,0.5554552548179652,1,0.5486535078154032,0,1
127,0,repeated_123,0.0,0,0.07365280592097447,0,0.1786054838620255,0,0
128,1,repeated_123,2.0,0,0.08612255799240644,0,0.2684287688642853,0,0
129,1,repeated_123,0.0,1,0.7299860198599709,1,0.7221631988942473,0,1
130,0,repeated_123,3.0,0,0.0991008050095938,0,0.1001800813077607,0,0
131,0,repeated_123,2.0,0,0.1572182496273654,0,0.1067753659715904,0,0
132,0,repeated_123,2.0,0,0.08761700572469215,0,0.1450538007952774,0,0
133,0,repeated_123,2.0,1,0.5269994032129142,0,0.4438432131872845,0,1
134,1,repeated_123,2.0,1,0.9098302847844141,1,0.6269254123510372,0,1
135,0,repeated_123,4.0,0,0.08918651751023643,0,0.1963108404113648,0,0
136,0,repeated_123,0.0,0,0.16356879569297902,0,0.2422376856155833,0,0
137,1,repeated_123,3.0,1,0.9100155251217181,1,0.7448176012775237,0,1
138,0,repeated_123,3.0,0,0.3617245620144781,0,0.4566516035552427,0,0
139,0,repeated_123,3.0,0,0.12206707038095813,0,0.1579895853138772,0,0
140,0,repeated_123,2.0,0,0.422074485184751,0,0.368851008722502,0,0
141,0,repeated_123,1.0,1,0.6619594926018307,0,0.450643543800106,0,1
142,1,repeated_123,3.0,1,0.5356508979987579,0,0.4204030495907206,0,1
143,1,repeated_123,4.0,1,0.6024987858948224,1,0.5328970365573941,0,1
144,0,repeated_123,3.0,0,0.10003796689902343,0,0.1408290020293237,0,0
145,0,repeated_123,1.0,0,0.10646913137942425,0,0.215631076431111,0,0
146,0,repeated_123,0.0,0,0.13998193966038172,0,0.1979963526767247,0,0
147,1,repeated_123,0.0,0,0.08913521564753182,0,0.1403968851752507,0,0
148,0,repeated_123,1.0,0,0.2600519532277959,0,0.3354498998271777,0,0
149,0,repeated_123,4.0,0,0.2444012504774854,1,0.6146973780371815,0,0
150,0,repeated_123,4.0,0,0.2591846191051367,0,0.2717011897769731,0,0
151,0,repeated_123,2.0,0,0.22918742828548996,0,0.2548194890911202,0,0
152,1,repeated_123,1.0,1,0.9334220918255646,1,0.7363416984915898,0,1
153,0,repeated_123,1.0,0,0.09677877902536072,0,0.1866900057189281,0,0
154,0,repeated_123,3.0,0,0.08411680488495754,0,0.1173200258936998,0,0
155,0,repeated_123,3.0,0,0.07991807578024793,0,0.211998260971761,0,0
156,0,repeated_123,4.0,0,0.219279516826145,0,0.333049752936395,0,0
157,1,repeated_123,4.0,1,0.7133008220328007,1,0.5470980456990608,0,1
158,0,repeated_123,4.0,0,0.15629899728930094,0,0.1841876611618016,0,0
159,0,repeated_123,0.0,0,0.09888782902751858,0,0.1541194969807904,0,0
160,0,repeated_123,0.0,0,0.28980385447656115,0,0.2455560298742338,0,0
161,0,repeated_123,2.0,0,0.09581748407413766,0,0.1169768630308984,0,0
162,1,repeated_123,4.0,1,0.8787384801067458,1,0.7061130227444534,0,1
163,0,repeated_123,2.0,0,0.11577466983380788,0,0.1102866933834512,0,0
164,0,repeated_123,0.0,0,0.10423827924403382,0,0.1010245248744201,0,0
165,0,repeated_123,2.0,0,0.15634264540481882,0,0.23168960125509,0,0
166,1,repeated_123,2.0,1,0.5824606199295985,0,0.4018585260009814,0,1
167,1,repeated_123,2.0,1,0.984495114622304,1,0.8151881193824337,0,1
168,0,repeated_123,1.0,0,0.3001334094943485,0,0.4288849534580542,0,0
169,0,repeated_123,1.0,0,0.3008718141759392,0,0.2220523440139727,0,0
170,0,repeated_123,4.0,0,0.24985874683473702,1,0.5180077408198319,0,0
171,0,repeated_123,4.0,0,0.3493237285139944,0,0.3060937613475119,0,0
172,0,repeated_123,1.0,0,0.21096193138016864,0,0.300809728917208,0,0
173,1,repeated_123,2.0,1,0.5330434138865612,0,0.4436904918350148,0,1
174,0,repeated_123,3.0,0,0.11606533464490529,0,0.4015704887496662,0,0
175,0,repeated_123,1.0,0,0.32554541762331285,0,0.3746524250550279,0,0
176,0,repeated_123,2.0,0,0.11387835553634873,0,0.178150615887512,0,0
177,0,repeated_123,1.0,0,0.23662242001933562,0,0.2373055616788885,0,0
178,0,repeated_123,0.0,1,0.9563532663221151,1,0.8001442346633683,0,1
179,0,repeated_123,1.0,0,0.1257585656403791,0,0.2659457069838515,0,0
180,0,repeated_123,4.0,0,0.1252699307731797,0,0.3288440385999262,0,0
181,0,repeated_123,4.0,0,0.3393130846852692,0,0.306564987156822,0,0
182,0,repeated_123,4.0,0,0.1595802446146256,0,0.2628941777135335,0,0
183,0,repeated_123,1.0,0,0.2899805341128548,1,0.5273954598243282,0,0
184,1,repeated_123,2.0,1,0.6633706149214216,1,0.6213009451431634,0,1
185,1,repeated_123,4.0,1,0.6633855715242971,0,0.4606734091580624,0,1
186,0,repeated_123,1.0,0,0.2951002938557942,0,0.3837449226345926,0,0
187,1,repeated_123,3.0,1,0.5613967596013719,0,0.4339292700787989,0,1
188,1,repeated_123,0.0,0,0.21015763067404894,0,0.425566736330277,0,0
189,0,repeated_123,1.0,0,0.12010006057723399,0,0.0663369476730238,0,0
190,0,repeated_123,2.0,0,0.11203357528712682,0,0.0907039917618892,0,0
191,1,repeated_123,3.0,1,0.8979476427182154,1,0.5203407920201343,0,1
192,0,repeated_123,2.0,0,0.07284243084677999,0,0.1551913464359179,0,0
193,1,repeated_123,4.0,1,0.5478798396587785,0,0.4773919899404723,0,1
194,1,repeated_123,1.0,1,0.7447399954504331,1,0.5978190519504806,0,1
195,1,repeated_123,2.0,1,0.9204449814790742,1,0.8054759605623021,0,1
196,1,repeated_123,0.0,1,0.9770090746558856,1,0.7876945956896648,0,1
197,0,repeated_123,3.0,0,0.09603478295126569,0,0.2235782274296274,0,0
198,0,repeated_123,0.0,0,0.08742923655654845,0,0.1553520121050655,0,0
199,1,repeated_123,4.0,1,0.7063382163636759,1,0.6634452782760295,0,1
200,0,repeated_123,3.0,1,0.9139358089703274,1,0.7057489202851122,0,1
201,0,repeated_123,2.0,0,0.13650787383438914,0,0.1136820186355953,0,0
202,0,repeated_123,1.0,0,0.19581811233747876,0,0.0768707612429376,0,0
203,0,repeated_123,2.0,0,0.10846749255972839,0,0.1439814707331322,0,0
204,0,repeated_123,3.0,0,0.11383474331542152,0,0.1747209230248036,0,0
205,1,repeated_123,0.0,0,0.10841234220233077,0,0.1098187201304008,0,0
206,0,repeated_123,1.0,1,0.7247373388523095,1,0.627223236460194,0,1
207,0,repeated_123,1.0,0,0.15671621458856988,0,0.2908260214838735,0,0
208,1,repeated_123,4.0,0,0.11894979548521069,0,0.1881544808795724,0,0
209,1,repeated_123,4.0,1,0.7133008220328007,1,0.5300526499399836,0,1
210,1,repeated_123,3.0,0,0.3745395934797831,0,0.2639242730740408,0,0
211,0,repeated_123,1.0,0,0.09172377254001464,0,0.1495927239435947,0,0
212,1,repeated_123,4.0,1,0.8669215800561018,1,0.5704940918233938,0,1
213,0,repeated_123,3.0,0,0.08279669840090045,0,0.0850517324054832,0,0
214,0,repeated_123,0.0,0,0.12619964785178145,0,0.1959215334082552,0,0
215,0,repeated_123,1.0,0,0.12256179032139088,0,0.3249794963194715,0,0
216,1,repeated_123,1.0,1,0.9753541594027114,1,0.7630655856017869,0,1
217,1,repeated_123,3.0,0,0.4868682132287484,1,0.675604604789084,0,0
218,0,repeated_123,3.0,0,0.14024841268585572,0,0.3506857789008989,0,0
219,1,repeated_123,0.0,1,0.9810137123018152,1,0.8294849537550483,0,1
220,0,repeated_123,0.0,0,0.17572290498604118,0,0.3196536753140903,0,0
221,1,repeated_123,2.0,0,0.11201144573730125,0,0.1459495942229096,0,0
222,0,repeated_123,0.0,0,0.1112530406952303,0,0.2181365703377882,0,0
223,0,repeated_123,1.0,0,0.09677877902536072,0,0.173834047534156,0,0
224,0,repeated_123,0.0,0,0.08040853140279323,0,0.1349149746470899,0,0
225,1,repeated_123,4.0,0,0.31944878276430017,0,0.4539613501498499,0,0
226,0,repeated_123,3.0,0,0.10250997197217623,0,0.4010228072469122,0,0
227,1,repeated_123,2.0,0,0.0727824070769932,0,0.1645515834283953,0,0
228,0,repeated_123,0.0,0,0.09602693735686726,0,0.1736226370474049,0,0
229,0,repeated_123,4.0,0,0.09998741112101911,0,0.2365343718790951,0,0
230,0,repeated_123,2.0,0,0.13137881070451932,0,0.3317007451346431,0,0
231,1,repeated_123,3.0,1,0.9486197477751926,0,0.4829280132968099,0,1
232,0,repeated_123,2.0,0,0.12831620932767543,0,0.1262407137280911,0,0
233,0,repeated_123,1.0,0,0.1208446152522891,0,0.2633189977463798,0,0
234,1,repeated_123,1.0,0,0.3336714374759244,1,0.5570631605688028,0,0
235,0,repeated_123,2.0,0,0.0724587726617961,0,0.2559523820149884,0,0
236,0,repeated_123,4.0,1,0.6206811671918753,0,0.487864210117911,0,1
237,0,repeated_123,1.0,0,0.11622619318871653,0,0.1918188032061461,0,0
238,1,repeated_123,0.0,1,0.9137446823838723,1,0.6855321317883927,0,1
239,0,repeated_123,0.0,0,0.11474914458972948,0,0.2181077297374947,0,0
240,0,repeated_123,0.0,0,0.12619964785178145,0,0.2647902332136171,0,0
241,0,repeated_123,3.0,1,0.5692426681794678,1,0.5461346428096796,0,1
242,1,repeated_123,4.0,1,0.6030720731478765,1,0.6377952076509803,0,1
243,0,repeated_123,3.0,0,0.1158836059740669,0,0.12655087708636,0,0
244,0,repeated_123,1.0,0,0.0868843268618322,0,0.2860620683433346,0,0
245,0,repeated_123,2.0,0,0.14785938470597132,0,0.2547318718702346,0,0
246,0,repeated_123,1.0,0,0.47589243552162447,1,0.5393289109305806,0,0
247,0,repeated_123,3.0,1,0.5175192636105745,0,0.3802550815322692,0,1
248,1,repeated_123,1.0,1,0.8384210348494162,1,0.6511986168738672,0,1
249,1,repeated_123,1.0,0,0.4342510675540145,0,0.428834802539824,0,0
250,0,repeated_123,3.0,0,0.28428479982129057,0,0.3069578506734702,0,0
251,0,repeated_123,0.0,0,0.08864052572926485,0,0.1400904667476313,0,0
252,0,repeated_123,1.0,1,0.6991279467945698,1,0.7003927173637602,0,1
253,0,repeated_123,4.0,0,0.3493237285139944,0,0.3630293245831984,0,0
254,0,repeated_123,3.0,0,0.07049221991312929,0,0.0946524339825405,0,0
255,0,repeated_123,4.0,1,0.6360974133078313,1,0.515824661191225,0,1
256,1,repeated_123,0.0,1,0.5849479080211222,1,0.5951590963105411,0,1
257,1,repeated_123,4.0,1,0.9239058416865985,1,0.7049573638340371,0,1
258,1,repeated_123,0.0,1,0.9838315282390102,1,0.7764805740941354,0,1
259,1,repeated_123,0.0,1,0.9382788488020569,1,0.7297000164526324,0,1
260,1,repeated_123,2.0,1,0.8861982566835546,1,0.5948958027879228,0,1
261,0,repeated_123,3.0,0,0.09603478295126569,0,0.1735367168204064,0,0
262,1,repeated_123,2.0,0,0.27510888324851945,0,0.3467664735683509,0,0
263,0,repeated_123,1.0,0,0.3602544944059643,1,0.5329900205919068,0,0
264,0,repeated_123,1.0,0,0.26341199697757034,0,0.4064673263113205,0,0
265,0,repeated_123,1.0,1,0.7239457935718261,0,0.4933973606854114,0,1
266,0,repeated_123,2.0,0,0.09559537229854377,0,0.2021999281250107,0,0
267,0,repeated_123,2.0,0,0.13745429412326385,0,0.1043472597909573,0,0
268,1,repeated_123,0.0,0,0.07728821756941047,0,0.0553646560843839,0,0
269,1,repeated_123,4.0,1,0.9511167971890092,1,0.6645098029217066,0,1
270,1,repeated_123,3.0,1,0.9424069254115969,1,0.8056457194265102,0,1
271,0,repeated_123,1.0,0,0.24649277624103985,0,0.2648741983238485,0,0
272,1,repeated_123,3.0,0,0.07320596590910172,0,0.1517674685588236,0,0
273,1,repeated_123,2.0,1,0.8368370750069583,1,0.7530847331834472,0,1
274,0,repeated_123,4.0,0,0.41236544209802806,0,0.4680443501371808,0,0
275,1,repeated_123,1.0,1,0.7239457935718261,1,0.5621974323617117,0,1
276,1,repeated_123,2.0,1,0.961046161531812,1,0.7228921877953318,0,1
277,0,repeated_123,3.0,1,0.5056823885801319,0,0.4103362648435192,0,1
278,0,repeated_123,3.0,0,0.07850633311720931,0,0.2109809961119828,0,0
279,0,repeated_123,4.0,0,0.3353443900677384,0,0.2796737613635348,0,0
280,1,repeated_123,0.0,0,0.46219483223883584,0,0.4172187037902813,0,0
281,0,repeated_123,4.0,0,0.0877056083855219,0,0.2756887882846092,0,0
282,0,repeated_123,4.0,0,0.11544218005015774,0,0.1493028994680175,0,0
283,0,repeated_123,4.0,0,0.13914821404260164,0,0.2932974742210302,0,0
284,1,repeated_123,3.0,0,0.11606533464490529,0,0.1294443568452857,0,0
285,0,repeated_123,0.0,0,0.3120125672401946,0,0.35673392644061,0,0
286,0,repeated_123,3.0,0,0.17306586188598921,0,0.1066969457092503,0,0
287,1,repeated_123,1.0,0,0.1127351373245583,0,0.2511538923099632,0,0
288,0,repeated_123,3.0,0,0.09204905919326703,0,0.0850917630393437,0,0
289,1,repeated_123,3.0,0,0.09712907920185981,0,0.2762428531216692,0,0
290,1,repeated_123,3.0,1,0.6362432677844235,0,0.4806371971219079,0,1
291,1,repeated_123,1.0,1,0.9026798700539042,1,0.7380496540606197,0,1
292,1,repeated_123,2.0,1,0.9465168099263124,1,0.8118731260195183,0,1
293,0,repeated_123,0.0,0,0.3476847648188111,0,0.4284366966683555,0,0
294,0,repeated_123,4.0,1,0.531773056977924,0,0.3295967002383993,0,1
295,0,repeated_123,1.0,0,0.09094631693608203,0,0.0886199352612108,0,0
296,0,repeated_123,4.0,0,0.25944660933465374,0,0.2643988094847123,0,0
297,0,repeated_123,3.0,0,0.09150231535417742,0,0.2038937813481624,0,0
298,0,repeated_123,0.0,1,0.870718153014908,1,0.7094634763968146,0,1
299,1,repeated_123,4.0,0,0.3685603059990135,0,0.4615602959807494,0,0
300,1,repeated_123,0.0,1,0.9530967695828333,1,0.8029424968538568,0,1
301,1,repeated_123,3.0,1,0.6362432677844235,1,0.7718038006776867,0,1
302,1,repeated_123,4.0,0,0.11166475573135513,0,0.151442291402038,0,0
303,0,repeated_123,4.0,0,0.19285726712418289,0,0.3210092129507236,0,0
304,1,repeated_123,4.0,1,0.8691453245640501,1,0.7915167245097163,0,1
305,0,repeated_123,2.0,0,0.09515324700164676,0,0.2118003625428671,0,0
306,1,repeated_123,2.0,1,0.5944332443466646,0,0.4998843791976394,0,1
307,1,repeated_123,1.0,1,0.9364836334413925,1,0.6330299352792238,0,1
308,1,repeated_123,4.0,1,0.9312636314770002,1,0.5155508839560509,0,1
309,0,repeated_123,2.0,0,0.18198933250994304,0,0.2729554685488651,0,0
310,1,repeated_123,3.0,1,0.9711213248131426,1,0.7657664908954301,0,1
311,1,repeated_123,4.0,1,0.9506229375534757,1,0.848757038544712,0,1
312,1,repeated_123,3.0,1,0.7646060769984294,1,0.8028024335737545,0,1
313,0,repeated_123,1.0,1,0.8956515870146228,1,0.6694800601482798,0,1
314,0,repeated_123,3.0,0,0.14368531581246982,0,0.1068739050820016,0,0
315,0,repeated_123,1.0,0,0.15565743120090383,0,0.3218914665254909,0,0
316,1,repeated_123,0.0,0,0.45912882719452863,0,0.3148582764123878,0,0
317,1,repeated_123,1.0,1,0.8973557466986993,1,0.6066008649998613,0,1
318,0,repeated_123,4.0,0,0.2685615265685694,0,0.388623050770489,0,0
319,1,repeated_123,0.0,1,0.9592418071282348,1,0.7409920162730724,0,1
320,1,repeated_123,4.0,1,0.9138093699741086,1,0.7804961746708788,0,1
321,0,repeated_123,0.0,0,0.09141456827320919,0,0.197299483505983,0,0
322,0,repeated_123,1.0,0,0.11308509542500493,0,0.0919046364379551,0,0
323,1,repeated_123,0.0,1,0.8560367827577688,1,0.6094506017693342,0,1
324,1,repeated_123,1.0,1,0.9080307343411291,1,0.5872677732487733,0,1
325,0,repeated_123,2.0,0,0.20746403771005634,0,0.1069018142343808,0,0
326,1,repeated_123,1.0,1,0.96230734443049,1,0.7194807745345401,0,1
327,0,repeated_123,4.0,0,0.09170977689032293,0,0.1310770893574351,0,0
328,1,repeated_123,2.0,1,0.8915274485305492,1,0.8221048387732878,0,1
329,1,repeated_123,0.0,1,0.5147952959930692,1,0.5667957404949275,0,1
330,1,repeated_123,4.0,1,0.9379838041749697,1,0.7874375107301254,0,1
331,1,repeated_123,4.0,1,0.673488255919671,0,0.4004810726497745,0,1
332,0,repeated_123,4.0,0,0.3685603059990135,0,0.4032898901178559,0,0
333,0,repeated_123,0.0,0,0.4866983401068915,1,0.5040168097529864,0,0
334,0,repeated_123,2.0,0,0.1576385365057696,0,0.0927364830888457,0,0
335,1,repeated_123,3.0,1,0.9224399318948177,1,0.545072956688642,0,1
336,0,repeated_123,2.0,0,0.09013197336056396,0,0.0862464539451365,0,0
337,0,repeated_123,0.0,0,0.4842229722347185,0,0.3802380502804129,0,0
338,1,repeated_123,0.0,1,0.9071999880810213,1,0.9002745006934266,0,1
339,1,repeated_123,0.0,0,0.10710502539985169,0,0.1813567022080845,0,0
340,0,repeated_123,4.0,0,0.3659053877781381,0,0.4057674091965915,0,0
341,1,repeated_123,4.0,1,0.7760535434653122,1,0.6202235955656061,0,1
342,1,repeated_123,0.0,1,0.8289601508279082,1,0.7466024982582414,0,1
343,0,repeated_123,1.0,0,0.12958719603889354,0,0.2544667679224215,0,0
344,0,repeated_123,2.0,0,0.07272881236066087,0,0.2906589444506394,0,0
345,0,repeated_123,0.0,0,0.11609124495247443,0,0.2060673292648425,0,0
346,1,repeated_123,1.0,1,0.8596918913079129,1,0.726640911372944,0,1
347,1,repeated_123,4.0,1,0.8268575143180641,0,0.4617735726529041,0,1
348,1,repeated_123,2.0,1,0.5231381434943999,1,0.584043032271463,0,1
349,1,repeated_123,3.0,1,0.6760188148005518,0,0.4493755144706141,0,1
350,0,repeated_123,2.0,0,0.12930036915544565,0,0.1492843352332946,0,0
351,0,repeated_123,3.0,0,0.10498961776313284,0,0.1918666251499834,0,0
352,0,repeated_123,3.0,0,0.2814318980066966,1,0.5700723161963579,0,0
353,0,repeated_123,4.0,0,0.22801969530932173,0,0.1657175786157804,0,0
354,0,repeated_123,3.0,0,0.07772891120436201,0,0.1042954021582835,0,0
355,0,repeated_123,0.0,0,0.14033603787533994,0,0.1347249345173784,0,0
356,0,repeated_123,2.0,0,0.13650787383438914,0,0.0870410157317069,0,0
357,1,repeated_123,4.0,1,0.921576564582677,1,0.7557013234172045,0,1
358,0,repeated_123,3.0,1,0.9122325871556111,1,0.6361029375303434,0,1
359,1,repeated_123,1.0,1,0.7159230575171296,1,0.5945573454242917,0,1
360,1,repeated_123,2.0,1,0.7049582048197347,1,0.6895947657234826,0,1
361,0,repeated_123,2.0,0,0.14809573487182504,0,0.0719979644825781,0,0
362,0,repeated_123,4.0,0,0.14189068858089973,0,0.3679167890572389,0,0
363,0,repeated_123,0.0,1,0.5079704707093241,1,0.6309323476985974,0,1
364,0,repeated_123,2.0,0,0.10069460619359877,0,0.1607077483702163,0,0
365,0,repeated_123,1.0,0,0.1811586967102288,0,0.180155760876936,0,0
366,0,repeated_123,3.0,0,0.11580646104198859,0,0.2619854804238103,0,0
367,1,repeated_123,1.0,1,0.9661902394814389,1,0.81318544616331,0,1
368,1,repeated_123,2.0,1,0.6619744675037881,1,0.5323945538460302,0,1
369,1,repeated_123,3.0,1,0.6362432677844235,1,0.7311564218124302,0,1
370,1,repeated_123,0.0,1,0.9795752590997722,1,0.6263395188635796,0,1
371,1,repeated_123,2.0,1,0.5026533875109964,0,0.458811368948542,0,1
372,0,repeated_123,2.0,0,0.11009063623477232,0,0.1434925573555281,0,0
373,0,repeated_123,2.0,0,0.0965251110427653,0,0.1884466651399116,0,0
374,0,repeated_123,0.0,0,0.34016273906703504,0,0.364829938386012,0,0
375,0,repeated_123,3.0,0,0.24938869285909276,0,0.2554272777012464,0,0
376,1,repeated_123,4.0,1,0.9010064738805551,1,0.5158946611635564,0,1
377,1,repeated_123,1.0,1,0.5882381121974084,1,0.5461464547688197,0,1
378,0,repeated_123,3.0,0,0.4590489425584621,0,0.4437394418738416,0,0
379,0,repeated_123,2.0,0,0.1725160396172974,0,0.2112047186148448,0,0
380,0,repeated_123,1.0,0,0.09371170615087647,0,0.1414253757471275,0,0
381,1,repeated_123,0.0,1,0.8518503975339728,1,0.6630464519169903,0,1
382,1,repeated_123,4.0,1,0.6791889122998109,1,0.7063042750709753,0,1
383,0,repeated_123,4.0,0,0.15629899728930094,0,0.390799262738128,0,0
384,1,repeated_123,1.0,1,0.9031132507810911,1,0.7135059655445414,0,1
385,0,repeated_123,1.0,0,0.09094631693608203,0,0.1135898328847406,0,0
386,0,repeated_123,0.0,0,0.1735103214995559,0,0.1754163127241027,0,0
387,0,repeated_123,2.0,0,0.1876831000404867,0,0.2614926891830911,0,0
388,1,repeated_123,4.0,1,0.8268575143180641,1,0.5962264610097868,0,1
389,0,repeated_123,4.0,0,0.05988297413372706,0,0.1942473256760406,0,0
390,1,repeated_123,2.0,1,0.8429661100066738,1,0.687577001793966,0,1
391,1,repeated_123,4.0,0,0.31134564512027024,1,0.5430776125411365,0,0
392,1,repeated_123,1.0,0,0.08708405146531231,0,0.1881637356565759,0,0
393,0,repeated_123,4.0,0,0.13211624021642365,0,0.1099386812250592,0,0
394,1,repeated_123,4.0,1,0.9612772043686673,1,0.7028739629811736,0,1
395,1,repeated_123,4.0,1,0.6767916380732444,1,0.5171352925536747,0,1
396,0,repeated_123,1.0,0,0.08673721665144428,0,0.1630488460847117,0,0
397,0,repeated_123,4.0,1,0.6036589200814981,0,0.4317093587408095,0,1
398,0,repeated_123,2.0,0,0.10396298741880752,0,0.2317994905646766,0,0
399,0,repeated_123,1.0,0,0.18274019016803916,0,0.2040287532345092,0,0
400,1,repeated_123,3.0,1,0.8922371053303259,1,0.5795926580478707,0,1
401,1,repeated_123,1.0,0,0.09570375850805395,0,0.3274756210934747,0,0
402,0,repeated_123,2.0,0,0.12393285830249078,0,0.0627072328895653,0,0
403,0,repeated_123,2.0,0,0.36062882231240745,0,0.4160778431847744,0,0
404,0,repeated_123,4.0,0,0.07897506559996229,0,0.2810995660416767,0,0
405,0,repeated_123,0.0,1,0.5062216613497276,0,0.3422409981710906,0,1
406,0,repeated_123,2.0,0,0.10031166222216999,0,0.1710923663115557,0,0
407,0,repeated_123,3.0,0,0.1005982914957724,0,0.188424272877222,0,0
408,1,repeated_123,0.0,1,0.6688002169205712,1,0.5209014511653527,0,1
409,0,repeated_123,1.0,0,0.08708405146531231,0,0.2018624675886264,0,0
410,0,repeated_123,0.0,0,0.27504108221512197,0,0.2523005027307313,0,0
411,0,repeated_123,0.0,0,0.08040853140279323,0,0.0894060689683906,0,0
412,0,repeated_123,4.0,0,0.07828008229588769,0,0.181782654033863,0,0
413,1,repeated_123,1.0,1,0.9588901470027867,1,0.7876805733009091,0,1
414,0,repeated_123,4.0,0,0.10433761495234162,0,0.1481963932219843,0,0
415,1,repeated_123,1.0,0,0.09877398181204726,0,0.2857299056480792,0,0
416,0,repeated_123,2.0,1,0.5360846492675208,1,0.6439189322713725,0,1
417,1,repeated_123,4.0,1,0.9209110949749395,1,0.568193572634026,0,1
418,1,repeated_123,0.0,1,0.8462283346456904,0,0.492191574214028,0,1
419,0,repeated_123,0.0,0,0.12619964785178145,0,0.2026742804117596,0,0
420,0,repeated_123,1.0,1,0.6413244301514958,0,0.3340974596280305,0,1
421,0,repeated_123,2.0,0,0.16135329913765026,0,0.0700907556599027,0,0
422,0,repeated_123,2.0,0,0.10195458876536129,0,0.147499786339691,0,0
423,0,repeated_123,3.0,0,0.14368531581246982,0,0.1537053077081679,0,0
424,0,repeated_123,4.0,1,0.6077779059702921,1,0.5100420923115027,0,1
425,0,repeated_123,4.0,0,0.12470379265267006,0,0.1387036618275375,0,0
426,0,repeated_123,1.0,0,0.09172377254001464,0,0.2344425069426719,0,0
427,1,repeated_123,4.0,1,0.8845683565164371,1,0.5019438029721334,0,1
428,1,repeated_123,2.0,1,0.7394644294303231,1,0.7000073618475855,0,1
429,0,repeated_123,0.0,0,0.07365280592097447,0,0.1840461837169524,0,0
430,1,repeated_123,0.0,0,0.2866171722553678,0,0.3208439868291231,0,0
431,1,repeated_123,3.0,0,0.36912459796406866,0,0.3915666714710524,0,0
432,1,repeated_123,0.0,1,0.5141717890349834,1,0.5609770206595825,0,1
433,1,repeated_123,3.0,1,0.8496132037815005,1,0.5911638132641118,0,1
434,0,repeated_123,3.0,0,0.08992713405370313,0,0.3657929675804905,0,0
435,0,repeated_123,4.0,0,0.43064593223173614,0,0.3934831890819218,0,0
436,1,repeated_123,1.0,1,0.9081791761495654,1,0.7866658240730494,0,1
437,0,repeated_123,0.0,0,0.2934710227156203,0,0.4147757857185976,0,0
438,1,repeated_123,2.0,1,0.7772395866494789,1,0.6416215224867471,0,1
439,0,repeated_123,0.0,0,0.3403327372320915,0,0.4238230122615101,0,0
440,0,repeated_123,4.0,0,0.13539325365276433,0,0.227465576644874,0,0
441,1,repeated_123,3.0,1,0.8538307675861293,1,0.6327762745777862,0,1
442,0,repeated_123,0.0,0,0.10423827924403382,0,0.1268899247641362,0,0
443,0,repeated_123,0.0,0,0.07728821756941047,0,0.0760745642789173,0,0
444,1,repeated_123,1.0,1,0.8440581335730682,0,0.3761270157465564,0,1
445,1,repeated_123,4.0,0,0.08615155968154702,0,0.256043872641436,0,0
446,1,repeated_123,4.0,1,0.7240231164880461,1,0.521332837124636,0,1
447,1,repeated_123,3.0,1,0.8873779398753339,1,0.7256737735615154,0,1
448,1,repeated_123,1.0,0,0.3246745262869995,0,0.213872680324035,0,0
449,1,repeated_123,3.0,1,0.7118610210704228,1,0.777354185105838,0,1
450,1,repeated_123,0.0,0,0.3891344361574616,0,0.459317507932141,0,0
451,0,repeated_123,0.0,0,0.2549598653016317,0,0.3347331068692654,0,0
452,0,repeated_123,1.0,0,0.12004205547947686,0,0.1736274053790745,0,0
453,0,repeated_123,3.0,0,0.3971378481087294,0,0.3443077145571243,0,0
454,1,repeated_123,1.0,0,0.351896140657949,0,0.3564826454900098,0,0
455,0,repeated_123,4.0,0,0.09339707079943944,0,0.109874212510927,0,0
456,1,repeated_123,4.0,0,0.1277146305620636,0,0.0777925839157115,0,0
457,0,repeated_123,4.0,0,0.49635350266730327,0,0.4811511231044398,0,0
458,1,repeated_123,3.0,1,0.9695016252887647,1,0.7392760925025186,0,1
459,1,repeated_123,0.0,1,0.7758815245217214,1,0.6099808105929917,0,1
460,0,repeated_123,4.0,0,0.05988297413372706,0,0.2481612853451864,0,0
461,1,repeated_123,0.0,0,0.4143619652681013,0,0.4245716406008277,0,0
462,0,repeated_123,0.0,0,0.12065655758899008,0,0.173840917038981,0,0
463,0,repeated_123,4.0,1,0.5061427206119887,0,0.4119891079222221,0,1
464,0,repeated_123,0.0,0,0.11794004101483957,0,0.3468676529507408,0,0
465,0,repeated_123,1.0,0,0.10190413969691649,0,0.2294374595641047,0,0
466,0,repeated_123,2.0,0,0.10069460619359877,0,0.1481445628363439,0,0
467,0,repeated_123,2.0,0,0.09193900505665024,0,0.1756818646609085,0,0
468,0,repeated_123,0.0,0,0.2002736790467225,0,0.2065494754340811,0,0
469,0,repeated_123,1.0,0,0.09761653139946584,0,0.0801422324114989,0,0
470,1,repeated_123,2.0,1,0.5730429878852039,1,0.660515470404153,0,1
471,0,repeated_123,1.0,0,0.09172377254001464,0,0.1390032543358023,0,0
472,0,repeated_123,1.0,0,0.09836655971000094,0,0.128783856710941,0,0
473,1,repeated_123,1.0,1,0.907182246931754,1,0.6553433705207627,0,1
474,1,repeated_123,4.0,1,0.8723421400369398,1,0.6796288049531033,0,1
475,0,repeated_123,1.0,1,0.527662283844742,0,0.4621767891857224,0,1
476,0,repeated_123,4.0,0,0.31738271580880234,0,0.3976101990846917,0,0
477,0,repeated_123,2.0,0,0.15533705504691317,0,0.165364116910149,0,0
478,0,repeated_123,0.0,0,0.08047232563446252,0,0.145084644805138,0,0
479,0,repeated_123,1.0,0,0.0868843268618322,0,0.1860928013845547,0,0
480,1,repeated_123,2.0,1,0.5098309479997203,0,0.471986371606684,0,1
481,0,repeated_123,0.0,0,0.2848726262236335,0,0.2682033667490737,0,0
482,0,repeated_123,4.0,0,0.10641895776511516,0,0.2853935018959358,0,0
483,0,repeated_123,2.0,0,0.12490421785972866,0,0.1105245289985123,0,0
484,1,repeated_123,1.0,1,0.5258518046963516,0,0.396165743586771,0,1
485,1,repeated_123,0.0,1,0.5034590547204008,1,0.5582386092157782,0,1
486,0,repeated_123,3.0,0,0.20001431800204847,0,0.3427413497652479,0,0
487,1,repeated_123,2.0,1,0.9540562215909675,1,0.8704282064986074,0,1
488,0,repeated_123,0.0,0,0.32250612298547465,0,0.4388174627786174,0,0
489,0,repeated_123,0.0,0,0.12065655758899008,0,0.1604311681053578,0,0
490,1,repeated_123,0.0,1,0.6264206938965237,1,0.5274412120489711,0,1
491,0,repeated_123,3.0,0,0.10552743659982959,0,0.26933969929286,0,0
492,0,repeated_123,0.0,0,0.09602693735686726,0,0.1789704008575898,0,0
493,0,repeated_123,0.0,0,0.2912702419957564,0,0.4018250433858223,0,0
494,0,repeated_123,2.0,0,0.24069616507968847,0,0.2389602699924622,0,0
495,0,repeated_123,3.0,0,0.11606533464490529,0,0.1699358834830351,0,0
496,0,repeated_123,1.0,0,0.15691594641462878,0,0.1489407604387952,0,0
497,1,repeated_123,0.0,1,0.9785786857167216,1,0.773040101719075,0,1
498,0,repeated_123,3.0,0,0.08590532207811172,0,0.2585633899496463,0,0
499,0,repeated_123,2.0,1,0.8967372847119199,1,0.6628186951141587,0,1
500,0,repeated_123,1.0,0,0.09094631693608203,0,0.1197498603991467,0,0
501,0,repeated_123,2.0,0,0.09223130746305763,0,0.1617429684163167,0,0
502,0,repeated_123,0.0,1,0.7452419674002478,0,0.4051868385160851,0,1
503,0,repeated_123,1.0,1,0.7239457935718261,1,0.5696009315801939,0,1
504,0,repeated_123,4.0,1,0.5462848604848887,1,0.5253004075243041,0,1
505,1,repeated_123,3.0,1,0.9271785919099993,1,0.782697461551141,0,1
506,0,repeated_123,3.0,0,0.4999053398593901,1,0.5613116754331448,0,0
507,1,repeated_123,0.0,1,0.8795460811924213,1,0.5733178665696687,0,1
508,1,repeated_123,4.0,0,0.2648220096935035,0,0.3746333141395082,0,0
509,0,repeated_123,2.0,0,0.146509539510907,0,0.1872718811211227,0,0
510,1,repeated_123,1.0,0,0.2298519404855404,0,0.3204377533855035,0,0
511,1,repeated_123,0.0,0,0.07981942106099955,0,0.1813929935730868,0,0
512,0,repeated_123,1.0,0,0.10190413969691649,0,0.1532493473513842,0,0
513,1,repeated_123,0.0,0,0.4770532471153027,0,0.4456884626843587,0,0
514,1,repeated_123,1.0,1,0.9195931633491794,1,0.6918831793307149,0,1
515,0,repeated_123,2.0,0,0.08495417386291651,0,0.0752722231825106,0,0
516,0,repeated_123,4.0,1,0.5236702004153161,0,0.3928270191727163,0,1
517,1,repeated_123,4.0,1,0.8378937126217425,1,0.696548785674694,0,1
518,0,repeated_123,3.0,0,0.13249280263601312,0,0.1733773903027783,0,0
519,1,repeated_123,4.0,1,0.900778013387205,1,0.6137871259596059,0,1
520,0,repeated_123,4.0,0,0.11690947992010808,0,0.0646244493923646,0,0
521,1,repeated_123,3.0,1,0.9428517658060291,1,0.7947930006795634,0,1
522,0,repeated_123,3.0,0,0.09204905919326703,0,0.0711534460128496,0,0
523,0,repeated_123,4.0,0,0.11264874702487444,0,0.1796129433237097,0,0
524,1,repeated_123,1.0,1,0.9511126807262382,1,0.7868861786541185,0,1
525,0,repeated_123,2.0,0,0.15987111305314974,0,0.2180441100363548,0,0
526,0,repeated_123,4.0,0,0.08845114827000806,0,0.1423533575538415,0,0
527,1,repeated_123,3.0,1,0.8317466787622845,0,0.2871217742909778,0,1
528,0,repeated_123,4.0,0,0.29800336945219325,0,0.3891144764925849,0,0
529,0,repeated_123,1.0,0,0.09570375850805395,0,0.175253737774512,0,0
530,0,repeated_123,2.0,0,0.09815008389940814,0,0.2933918776757147,0,0
531,1,repeated_123,3.0,1,0.9079032715830471,1,0.5302597345460393,0,1
532,0,repeated_123,2.0,0,0.15987111305314974,0,0.262184122674201,0,0
533,0,repeated_123,3.0,0,0.13243327421385712,0,0.1632435291754438,0,0
534,1,repeated_123,2.0,1,0.5815257805312835,1,0.606738182826231,0,1
535,0,repeated_123,2.0,0,0.4681884495638062,0,0.4056661075351451,0,0
536,1,repeated_123,1.0,1,0.912139771485441,1,0.6073579940566922,0,1
537,0,repeated_123,0.0,0,0.39344657616639833,1,0.5655614345356268,0,0
538,1,repeated_123,4.0,1,0.9258541436769627,1,0.7249259161903366,0,1
539,0,repeated_123,4.0,0,0.07286558566132997,0,0.1753470544371185,0,0
540,1,repeated_123,4.0,1,0.9087685340482673,1,0.8274693098372023,0,1
541,1,repeated_123,4.0,1,0.9349891714386294,1,0.5568920107119693,0,1
542,0,repeated_123,0.0,0,0.3397111571161539,0,0.2099345196013715,0,0
543,0,repeated_123,4.0,0,0.36215593572851207,0,0.4554268115651587,0,0
544,1,repeated_123,3.0,0,0.052320167703385184,0,0.1675719149635473,0,0
545,0,repeated_123,1.0,0,0.34833618182085174,0,0.3712755341096836,0,0
546,0,repeated_123,1.0,0,0.2757800892517713,0,0.1958213050160625,0,0
547,1,repeated_123,3.0,1,0.876565997772839,1,0.5602979714011379,0,1
548,1,repeated_123,2.0,0,0.14271260871219482,0,0.223747750079289,0,0
549,0,repeated_123,0.0,0,0.26850636282646023,0,0.2288040864860361,0,0
550,1,repeated_123,0.0,1,0.6041698333366418,0,0.381331350618586,0,1
551,1,repeated_123,4.0,0,0.34707431224659474,0,0.4385266704402774,0,0
552,0,repeated_123,1.0,0,0.1364413628744692,0,0.2208762410215198,0,0
553,0,repeated_123,1.0,0,0.12561709743354882,0,0.2110124719988721,0,0
554,1,repeated_123,3.0,0,0.09777350558973841,0,0.3184079644309263,0,0
555,1,repeated_123,0.0,1,0.5110262283186574,0,0.3054472559653853,0,1
556,0,repeated_123,1.0,0,0.2757800892517713,0,0.2287931046289605,0,0
557,1,repeated_123,1.0,1,0.9163139017371084,1,0.724594998190535,0,1
558,0,repeated_123,3.0,0,0.2568300601831641,0,0.3144268954733514,0,0
559,1,repeated_123,0.0,1,0.9707847116417356,1,0.6688747016055155,0,1
560,1,repeated_123,0.0,0,0.4972753235970085,0,0.4929175202581523,0,0
561,0,repeated_123,3.0,0,0.09603478295126569,0,0.1944271582638785,0,0
562,0,repeated_123,1.0,0,0.0840751304206766,0,0.0903013635745944,0,0
563,0,repeated_123,4.0,0,0.13803386718590227,0,0.2372254741054806,0,0
564,0,repeated_123,0.0,0,0.098308920981836,0,0.109576930500231,0,0
565,0,repeated_123,3.0,1,0.5061097063241177,1,0.5381962779586651,0,1
566,0,repeated_123,4.0,0,0.11148623856078027,0,0.1773844851966247,0,0
567,0,repeated_123,3.0,0,0.0994699082126374,0,0.1066188012796846,0,0
568,0,repeated_123,3.0,0,0.3005456348751529,0,0.4701292852938306,0,0
569,0,repeated_123,4.0,0,0.11264874702487444,0,0.2304519958776387,0,0
570,1,repeated_123,0.0,0,0.08921520666088378,0,0.1372596079605938,0,0
571,1,repeated_123,3.0,0,0.08138563959324131,0,0.1749296717732836,0,0
572,1,repeated_123,0.0,1,0.9667579454315006,1,0.7447982719420531,0,1
573,1,repeated_123,2.0,0,0.47383682720508147,0,0.4806720671681979,0,0
574,1,repeated_123,1.0,1,0.7239457935718261,1,0.6891395484887731,0,1
575,0,repeated_123,4.0,0,0.15072254670874102,0,0.0865803840157036,0,0
576,0,repeated_123,1.0,0,0.10153988724591848,0,0.1907595952042345,0,0
577,1,repeated_123,2.0,1,0.8499416497681629,1,0.5229678904867742,0,1
578,1,repeated_123,4.0,1,0.9484755768948865,1,0.763838331825128,0,1
579,0,repeated_123,2.0,1,0.6014309279961154,1,0.604864695757168,0,1
580,1,repeated_123,2.0,0,0.13597812491382671,0,0.2184868635008736,0,0
581,1,repeated_123,1.0,1,0.8949299072343152,1,0.6246523669272179,0,1
582,1,repeated_123,1.0,1,0.9558094870665141,1,0.7436609761587862,0,1
583,0,repeated_123,2.0,0,0.10232810441637448,0,0.1837534510706993,0,0
584,0,repeated_123,1.0,0,0.3801893277065236,0,0.2645227055296551,0,0
585,0,repeated_123,1.0,0,0.13622175568769926,0,0.1361590851984741,0,0
586,1,repeated_123,4.0,1,0.9418356288496346,1,0.6919168377551453,0,1
587,0,repeated_123,3.0,0,0.09851325441086393,0,0.2283847968904707,0,0
588,1,repeated_123,4.0,0,0.34827076018131553,1,0.5824192221649035,0,0
589,0,repeated_123,0.0,0,0.1029565143017018,0,0.2543935902325688,0,0
590,0,repeated_123,4.0,0,0.09339707079943944,0,0.1136492698784083,0,0
591,0,repeated_123,1.0,0,0.07725056329650615,0,0.2069569045186718,0,0
592,1,repeated_123,4.0,1,0.9583292880713636,1,0.6594902908175212,0,1
593,0,repeated_123,0.0,0,0.07898253405551556,0,0.1116828479341986,0,0
594,0,repeated_123,4.0,1,0.6200290975941563,0,0.3302637183236415,0,1
595,0,repeated_123,1.0,0,0.11458926012946395,0,0.2088780727381068,0,0
596,0,repeated_123,4.0,0,0.13270560768386883,0,0.1517546761540804,0,0
597,1,repeated_123,4.0,1,0.8946297649225414,1,0.5216660714280713,0,1
598,0,repeated_123,0.0,0,0.14672534229488912,0,0.1991038677748569,0,0
599,0,repeated_123,2.0,0,0.1610064578540942,0,0.2432734955284751,0,0
600,1,repeated_123,1.0,0,0.46408438024543147,1,0.6213542790606306,0,0
601,1,repeated_123,1.0,1,0.8754711977967472,0,0.4927154875839221,0,1
602,0,repeated_123,4.0,0,0.072923098752904,0,0.0743875650906357,0,0
603,0,repeated_123,1.0,0,0.21337536869356727,0,0.2735046427708065,0,0
604,0,repeated_123,4.0,0,0.14415282278192068,0,0.2847795087729909,0,0
605,1,repeated_123,2.0,0,0.25285064147197145,0,0.4656270260350243,0,0
606,0,repeated_123,0.0,0,0.07049344634428995,0,0.182106730294005,0,0
607,0,repeated_123,0.0,0,0.08921520666088378,0,0.1291168723543065,0,0
608,1,repeated_123,0.0,0,0.2400353860365633,0,0.172297738382816,0,0
609,1,repeated_123,4.0,1,0.8752815052864509,1,0.5193528954114264,0,1
610,1,repeated_123,2.0,1,0.9773581904908334,1,0.7483316095900819,0,1
611,0,repeated_123,1.0,0,0.34179435846836553,0,0.3338781382849933,0,0
612,0,repeated_123,1.0,0,0.09172377254001464,0,0.1487590828051285,0,0
613,1,repeated_123,1.0,1,0.664064874948575,1,0.6694244841659909,0,1
614,0,repeated_123,2.0,0,0.0919650229584338,0,0.1544269581585405,0,0
615,0,repeated_123,3.0,0,0.1427489078738574,0,0.1243314998888767,0,0
616,1,repeated_123,4.0,1,0.7986949746419502,1,0.6655702325371876,0,1
617,0,repeated_123,4.0,0,0.11830668323469723,0,0.2427722739874769,0,0
618,0,repeated_123,4.0,1,0.5533984285436082,0,0.4439046281635574,0,1
619,1,repeated_123,0.0,1,0.9235958010078463,1,0.7755402109557651,0,1
620,0,repeated_123,0.0,0,0.10441528959619473,0,0.2353299273592961,0,0
621,0,repeated_123,3.0,0,0.2275385631586114,0,0.3349728491040141,0,0
622,1,repeated_123,3.0,0,0.33589903268466503,1,0.5368962246957203,0,0
623,1,repeated_123,3.0,0,0.2437066069542431,0,0.1731602591051538,0,0
624,0,repeated_123,1.0,0,0.09371170615087647,0,0.1422347527847051,0,0
625,0,repeated_123,2.0,0,0.11179157588225595,0,0.11797444491588,0,0
626,0,repeated_123,2.0,0,0.4047424265897507,0,0.3318523649155977,0,0
627,0,repeated_123,2.0,0,0.23326376555399533,0,0.1925183198151768,0,0
628,1,repeated_123,3.0,1,0.9489000378575465,1,0.7570497828261901,0,1
629,0,repeated_123,2.0,0,0.11577466983380788,0,0.0770501579998652,0,0
630,0,repeated_123,3.0,0,0.09603478295126569,0,0.1934286279968192,0,0
631,1,repeated_123,1.0,0,0.2787383952321086,0,0.3611438438177463,0,0
632,0,repeated_123,4.0,0,0.09170977689032293,0,0.214697946424038,0,0
633,1,repeated_123,1.0,0,0.4347140760548089,1,0.510848451229554,0,0
634,0,repeated_123,1.0,0,0.20224593318539233,0,0.2693527858117418,0,0
635,0,repeated_123,0.0,0,0.2830049456523693,0,0.2457352813348876,0,0
636,1,repeated_123,0.0,1,0.8352525013365274,1,0.6138555497802406,0,1
637,0,repeated_123,3.0,0,0.15899625307538773,0,0.31279408149079,0,0
638,0,repeated_123,0.0,0,0.2550743154920629,0,0.2953756708769762,0,0
639,0,repeated_123,4.0,0,0.3125044710568044,0,0.3954235973486938,0,0
640,0,repeated_123,4.0,0,0.1396072424424275,0,0.2499878400984136,0,0
641,0,repeated_123,0.0,0,0.08900504392154147,0,0.1543980567788091,0,0
642,1,repeated_123,0.0,1,0.9795752590997722,1,0.5963417823744536,0,1
643,0,repeated_123,4.0,0,0.2709254023887887,0,0.4490728660250857,0,0
644,1,repeated_123,4.0,0,0.2100392465304174,0,0.379530797625028,0,0
645,1,repeated_123,1.0,1,0.7433244041010099,1,0.7496966864642983,0,1
646,1,repeated_123,3.0,0,0.4162332854007137,1,0.5047922979795414,0,0
647,0,repeated_123,1.0,0,0.08708405146531231,0,0.1059684817875505,0,0
648,1,repeated_123,0.0,0,0.40046707769562256,0,0.4506954410744271,0,0
649,0,repeated_123,0.0,0,0.08054884404180113,0,0.2023423610583352,0,0
650,1,repeated_123,4.0,1,0.6043058634687949,0,0.4114076352344566,0,1
651,0,repeated_123,0.0,0,0.08040853140279323,0,0.0769661981977541,0,0
652,1,repeated_123,1.0,1,0.8623001626788886,1,0.7079989557684863,0,1
653,0,repeated_123,0.0,0,0.10423827924403382,0,0.2469309431480853,0,0
654,1,repeated_123,3.0,1,0.6389700167325322,1,0.5318486414755996,0,1
655,0,repeated_123,2.0,1,0.6988016496281656,1,0.6587134212408464,0,1
656,0,repeated_123,3.0,0,0.11376697064683719,0,0.1667956640829342,0,0
657,0,repeated_123,4.0,0,0.072923098752904,0,0.0940572506129909,0,0
658,0,repeated_123,1.0,1,0.6380394550873127,0,0.371138234720569,0,1
659,0,repeated_123,4.0,0,0.08918651751023643,0,0.3191678561031112,0,0
660,0,repeated_123,2.0,0,0.4693165178437722,1,0.5137889241210434,0,0
661,1,repeated_123,3.0,0,0.3553239532606529,0,0.2377773925752016,0,0
662,0,repeated_123,3.0,0,0.11542022213479204,0,0.1433349403037361,0,0
663,0,repeated_123,1.0,0,0.49284113693975146,0,0.4706107854025822,0,0
664,0,repeated_123,0.0,0,0.07718593374019328,0,0.0669638950248037,0,0
665,1,repeated_123,2.0,0,0.1162282411996562,0,0.2066348243730953,0,0
666,0,repeated_123,4.0,0,0.13783753724045833,0,0.176146214990328,0,0
667,0,repeated_123,2.0,0,0.07272881236066087,0,0.2161571251095066,0,0
668,0,repeated_123,2.0,0,0.09013197336056396,0,0.165317111170595,0,0
669,0,repeated_123,2.0,0,0.1306699025698021,0,0.1551027605722899,0,0
670,1,repeated_123,3.0,1,0.957069236867787,1,0.7837851322156659,0,1
671,1,repeated_123,0.0,1,0.8725208178305032,1,0.7015351627711772,0,1
672,0,repeated_123,2.0,0,0.38995048521928677,1,0.5289750796633222,0,0
673,0,repeated_123,3.0,0,0.08734337224323648,0,0.2223658400959927,0,0
674,1,repeated_123,2.0,0,0.09800007947170097,0,0.1887223656807798,0,0
675,0,repeated_123,2.0,0,0.08911227391991208,0,0.2012135299580649,0,0
676,0,repeated_123,0.0,0,0.08884152580342589,0,0.1133350667136049,0,0
677,0,repeated_123,3.0,0,0.10839296704625458,0,0.1980138364755554,0,0
678,1,repeated_123,1.0,1,0.5333657414270436,0,0.4944699365012672,0,1
679,0,repeated_123,3.0,0,0.2864905294659368,0,0.3484868375725564,0,0
680,1,repeated_123,3.0,0,0.42911937993357163,1,0.5535172337262654,0,0
681,0,repeated_123,3.0,1,0.605566324949974,1,0.6294440811758868,0,1
682,1,repeated_123,4.0,0,0.451632566945543,1,0.5463887800111761,0,0
683,0,repeated_123,2.0,0,0.09223130746305763,0,0.181033482592798,0,0
684,0,repeated_123,3.0,0,0.14714224219517028,0,0.0942418881792249,0,0
685,0,repeated_123,3.0,0,0.07899707219774336,0,0.3250563898806815,0,0
686,0,repeated_123,2.0,0,0.23208357628956455,0,0.3029406263087308,0,0
687,0,repeated_123,2.0,0,0.13745429412326385,0,0.0946738556392184,0,0
688,0,repeated_123,4.0,0,0.09888831491746544,0,0.1374475137458274,0,0
689,0,repeated_123,2.0,0,0.09060610944673886,0,0.2313534759010991,0,0
690,1,repeated_123,2.0,1,0.9345382018386889,1,0.7611905635041085,0,1
691,1,repeated_123,3.0,0,0.3748952318434485,1,0.6848419179511182,0,0
692,1,repeated_123,2.0,1,0.6010190742192703,0,0.276694125494678,0,1
693,1,repeated_123,3.0,0,0.21405616738218608,0,0.3262401672650137,0,0
694,0,repeated_123,2.0,0,0.15987111305314974,0,0.1944819708179004,0,0
695,0,repeated_123,4.0,0,0.3310912590568936,0,0.3546417977158103,0,0
696,0,repeated_123,0.0,0,0.10894642163548515,0,0.2569614836700936,0,0
697,0,repeated_123,0.0,0,0.10710502539985169,0,0.2185622864713889,0,0
698,1,repeated_123,2.0,1,0.7069399389309633,1,0.6677671131246218,0,1
699,0,repeated_123,0.0,0,0.4840997784212081,1,0.6123350206780711,0,0
700,0,repeated_123,3.0,0,0.18682929296842476,0,0.2900220706186575,0,0
701,1,repeated_123,3.0,1,0.8300578364861613,1,0.7469674475786472,0,1
702,1,repeated_123,4.0,1,0.5503444059291064,1,0.511432775657972,0,1
703,0,repeated_123,1.0,1,0.5908402073080397,0,0.4818186402227379,0,1
704,0,repeated_123,0.0,0,0.07365280592097447,0,0.1531956791799566,0,0
705,0,repeated_123,2.0,0,0.1121522819269544,0,0.1617942139577597,0,0
706,0,repeated_123,1.0,0,0.15682562644472628,0,0.4376450652772955,0,0
707,1,repeated_123,3.0,1,0.8657934711875229,1,0.7103722059850787,0,1
708,1,repeated_123,2.0,0,0.43550107128598076,1,0.5525946669201682,0,0
709,1,repeated_123,0.0,1,0.8132794847627789,1,0.6426109907930393,0,1
710,1,repeated_123,1.0,1,0.5427139848278386,1,0.5719530017479395,0,1
711,1,repeated_123,0.0,1,0.9674190878163984,1,0.7832222414762774,0,1
712,0,repeated_123,4.0,0,0.3685603059990135,0,0.4897044826027875,0,0
713,1,repeated_123,3.0,0,0.2626041931249256,1,0.5062771331601078,0,0
714,0,repeated_123,1.0,0,0.12670027796347977,0,0.184171496907493,0,0
715,0,repeated_123,3.0,0,0.07339460464181001,0,0.2903256920954036,0,0
716,0,repeated_123,3.0,0,0.20516671200448822,0,0.2376858854045132,0,0
717,1,repeated_123,0.0,1,0.9183834714355329,1,0.7680340145021554,0,1
718,1,repeated_123,1.0,1,0.8424595055075482,1,0.8069155681166359,0,1
719,0,repeated_123,3.0,0,0.10940323210939924,0,0.2016152512767949,0,0
720,0,repeated_123,3.0,0,0.1349943543317318,0,0.1697600856133824,0,0
721,1,repeated_123,0.0,1,0.9299036079712435,1,0.6924243850289757,0,1
722,0,repeated_123,2.0,0,0.11009063623477232,0,0.2364637106854924,0,0
723,0,repeated_123,0.0,0,0.12619964785178145,0,0.229640274724105,0,0
724,0,repeated_123,4.0,0,0.12997765350674026,0,0.2328959311179695,0,0
725,1,repeated_123,2.0,0,0.45077912313907886,0,0.4249332440646196,0,0
726,0,repeated_123,1.0,0,0.09863892337207916,0,0.1175224668756409,0,0
727,1,repeated_123,4.0,1,0.8426765608241846,0,0.402984630063061,0,1
728,1,repeated_123,3.0,1,0.6362432677844235,1,0.6126833902501089,0,1
729,0,repeated_123,1.0,0,0.12009894796398998,0,0.2189787916760841,0,0
730,0,repeated_123,3.0,1,0.5086658496902003,1,0.5538189565075671,0,1
731,1,repeated_123,3.0,1,0.93835900798984,1,0.7624493896040129,0,1
732,0,repeated_123,0.0,0,0.24434458398197378,0,0.2245694474483892,0,0
733,0,repeated_123,0.0,0,0.09783478331062964,0,0.1323746696081226,0,0
734,0,repeated_123,2.0,0,0.07272881236066087,0,0.1905603544980767,0,0
735,0,repeated_123,2.0,0,0.07272881236066087,0,0.3149244835592095,0,0
736,0,repeated_123,2.0,0,0.14347022104239956,0,0.2552271478345392,0,0
737,0,repeated_123,2.0,0,0.28286394575630686,1,0.5099630142079853,0,0
738,1,repeated_123,1.0,0,0.36337447906733017,0,0.4794580817835164,0,0
739,0,repeated_123,2.0,0,0.09013197336056396,0,0.0750598899744959,0,0
740,0,repeated_123,3.0,0,0.09387190106577026,0,0.0901617024167406,0,0
741,1,repeated_123,1.0,0,0.43381260089978474,0,0.3613066534030064,0,0
742,0,repeated_123,4.0,0,0.31930443691412225,0,0.4180613159687234,0,0
743,1,repeated_123,1.0,1,0.7932172962952957,1,0.6929853870050554,0,1
744,0,repeated_123,3.0,0,0.08781388482977438,0,0.1712520356823779,0,0
745,1,repeated_123,1.0,0,0.11056417187195187,0,0.2110008841897498,0,0
746,0,repeated_123,0.0,1,0.5527623257654668,0,0.4856786996469161,0,1
747,0,repeated_123,1.0,0,0.26950459392667625,0,0.3162873954178655,0,0
748,1,repeated_123,2.0,1,0.8499416497681629,1,0.5434691821304148,0,1
749,0,repeated_123,1.0,0,0.4399411891654651,0,0.4582058500484335,0,0
750,0,repeated_123,0.0,0,0.0766497321820249,0,0.1595707181100397,0,0
751,1,repeated_123,1.0,1,0.9118307729523106,1,0.5352780444234568,0,1
752,1,repeated_123,0.0,1,0.5948285924060199,1,0.6650712079508921,0,1
753,0,repeated_123,0.0,0,0.12290804474930597,0,0.1202800531974721,0,0
754,0,repeated_123,3.0,0,0.09387190106577026,0,0.0988864307011793,0,0
755,1,repeated_123,3.0,1,0.7372563548085738,1,0.6847236453776224,0,1
756,1,repeated_123,3.0,1,0.6575578732118679,0,0.4951275116427242,0,1
757,0,repeated_123,3.0,0,0.14368531581246982,0,0.1649450208416519,0,0
758,0,repeated_123,0.0,0,0.10923847865765204,0,0.3118825622518402,0,0
759,0,repeated_123,2.0,0,0.13153361072756237,0,0.2725574686258685,0,0
760,1,repeated_123,4.0,1,0.9696767953531706,1,0.7605155035918252,0,1
761,0,repeated_123,2.0,0,0.10020778920095241,0,0.1274611400608916,0,0
762,0,repeated_123,3.0,0,0.0991008050095938,0,0.2239213749775737,0,0
763,1,repeated_123,1.0,0,0.11668814772579099,0,0.2655776127545176,0,0
764,1,repeated_123,3.0,1,0.934394136108865,1,0.7857066533517232,0,1
765,0,repeated_123,3.0,0,0.1391041553424389,0,0.1260700936207427,0,0
766,1,repeated_123,0.0,1,0.9705223304278818,1,0.6972009953522028,0,1
767,0,repeated_123,0.0,0,0.2622533957080595,0,0.3199108550507755,0,0
768,0,repeated_123,0.0,1,0.6701569923619015,1,0.5642415963409487,0,1
769,0,repeated_123,4.0,0,0.14223965876530728,0,0.2111505214753196,0,0
770,0,repeated_123,0.0,0,0.12290804474930597,0,0.1600645532304734,0,0
771,0,repeated_123,2.0,0,0.09360084755082436,0,0.1365893807025712,0,0
772,0,repeated_123,2.0,0,0.11527199659508211,0,0.2533429631720489,0,0
773,0,repeated_123,2.0,1,0.7666237456010033,1,0.7348424309550957,0,1
774,0,repeated_123,4.0,0,0.11722463150922204,0,0.2161598863953218,0,0
775,1,repeated_123,2.0,1,0.7867821369259983,1,0.7993979449225326,0,1
776,0,repeated_123,3.0,0,0.09265883461635888,0,0.2433059101851637,0,0
777,0,repeated_123,0.0,0,0.17175679401898947,0,0.2645274530107136,0,0
778,1,repeated_123,3.0,1,0.5444567315273232,0,0.4600408929900907,0,1
779,0,repeated_123,1.0,0,0.09761653139946584,0,0.1411175475087219,0,0
780,1,repeated_123,1.0,1,0.9306902387636027,1,0.7530355341307936,0,1
781,1,repeated_123,2.0,1,0.6574063416701624,0,0.4458264195418907,0,1
782,1,repeated_123,0.0,1,0.9507374617685863,1,0.8780657735978838,0,1
783,0,repeated_123,3.0,1,0.5215136025507088,1,0.5177229328051673,0,1
784,0,repeated_123,1.0,0,0.16279598042829838,0,0.1128131463057226,0,0
785,0,repeated_123,0.0,0,0.08864052572926485,0,0.133124646949498,0,0
786,0,repeated_123,1.0,0,0.09172377254001464,0,0.2447968803750657,0,0
787,1,repeated_123,3.0,1,0.5331938579876282,0,0.4420965007370532,0,1
788,0,repeated_123,4.0,0,0.3353443900677384,0,0.2576937568400025,0,0
789,1,repeated_123,2.0,1,0.6162511681416489,1,0.6437441276000399,0,1
790,0,repeated_123,3.0,0,0.3194446634058966,0,0.360498406912167,0,0
791,0,repeated_123,4.0,0,0.05988297413372706,0,0.3174472150810903,0,0
792,0,repeated_123,3.0,0,0.1408118974768985,0,0.1408462119166999,0,0
793,0,repeated_123,2.0,0,0.24338123924564417,0,0.4255085052012601,0,0
794,0,repeated_123,2.0,0,0.23472728761856274,0,0.3127716306383102,0,0
795,0,repeated_123,2.0,0,0.09013197336056396,0,0.1059639483966059,0,0
796,0,repeated_123,3.0,0,0.09778229620739236,0,0.1726528217923275,0,0
797,1,repeated_123,2.0,1,0.725716495765131,1,0.7352931971552877,0,1
798,1,repeated_123,2.0,1,0.5034001176542019,0,0.3042566249147037,0,1
799,0,repeated_123,4.0,0,0.12039337195389091,0,0.2349384647410674,0,0
800,0,repeated_123,1.0,1,0.6356903720972377,1,0.5616481824313322,0,1
801,0,repeated_123,3.0,0,0.09352493991957231,0,0.2558835214371269,0,0
802,1,repeated_123,3.0,1,0.8770361624986517,1,0.6483526327021517,0,1
803,1,repeated_123,1.0,1,0.6892172108163399,1,0.6998849079333594,0,1
804,1,repeated_123,0.0,1,0.5072749455194757,0,0.4577797641506881,0,1
805,1,repeated_123,4.0,0,0.1047754383989344,0,0.1453647874962562,0,0
806,0,repeated_123,4.0,0,0.11690947992010808,0,0.1578852032907317,0,0
807,0,repeated_123,0.0,0,0.3193185419066514,0,0.3509157187638611,0,0
808,0,repeated_123,4.0,1,0.6085559639618752,0,0.4364230024826627,0,1
809,0,repeated_123,1.0,0,0.11654055883377383,0,0.3064309222587129,0,0
810,1,repeated_123,2.0,1,0.9852783448788052,1,0.7820856962151895,0,1
811,0,repeated_123,4.0,0,0.08279827964807723,0,0.2050897706670387,0,0
812,0,repeated_123,4.0,0,0.15025510542769668,0,0.1538333255589264,0,0
813,0,repeated_123,4.0,0,0.12784633900923206,0,0.1414899363378841,0,0
814,0,repeated_123,4.0,0,0.36215593572851207,0,0.2993292967484738,0,0
815,0,repeated_123,2.0,0,0.13153361072756237,0,0.1509174280593967,0,0
816,0,repeated_123,4.0,0,0.25272813430276053,0,0.3651285388982537,0,0
817,0,repeated_123,1.0,1,0.5293766062103158,1,0.5834380398224446,0,1
818,0,repeated_123,1.0,0,0.1810452333095175,0,0.3905980655748455,0,0
819,0,repeated_123,2.0,0,0.10291900534086382,0,0.1760349009199727,0,0
820,0,repeated_123,3.0,0,0.17299564791453487,0,0.3305594255713345,0,0
821,1,repeated_123,4.0,1,0.9413167760471736,1,0.7556536013971484,0,1
822,1,repeated_123,0.0,0,0.11577606647317931,0,0.1081110022089578,0,0
823,0,repeated_123,2.0,0,0.28335547459931415,0,0.3194728855037431,0,0
824,1,repeated_123,3.0,1,0.6094455534874803,1,0.7553042515541645,0,1
825,0,repeated_123,3.0,0,0.17815087943187127,0,0.253832050613251,0,0
826,0,repeated_123,3.0,0,0.08930078676998687,0,0.1450816277821441,0,0
827,0,repeated_123,0.0,0,0.30244289760801857,0,0.4479044580615813,0,0
828,1,repeated_123,0.0,1,0.5949440857992719,0,0.4654790113579669,0,1
829,1,repeated_123,4.0,0,0.05988297413372706,0,0.1385371222894036,0,0
830,1,repeated_123,4.0,1,0.9343980301633813,1,0.7636598184966934,0,1
831,1,repeated_123,2.0,0,0.4549979193220418,1,0.5764714406718571,0,0
832,1,repeated_123,2.0,1,0.6649858229182906,0,0.4847566562929306,0,1
833,0,repeated_123,2.0,0,0.15987111305314974,0,0.1370921393354932,0,0
834,0,repeated_123,4.0,0,0.072923098752904,0,0.1496278572637996,0,0
835,0,repeated_123,2.0,0,0.09223130746305763,0,0.2168680213998995,0,0
836,1,repeated_123,4.0,1,0.9661573402423173,1,0.7592654256500533,0,1
837,0,repeated_123,3.0,0,0.10839970927154305,0,0.0996189839752226,0,0
838,0,repeated_123,1.0,0,0.10190413969691649,0,0.2171249865149996,0,0
839,1,repeated_123,2.0,0,0.19580112524618196,0,0.3907131800471586,0,0
840,1,repeated_123,3.0,0,0.3199466863966028,1,0.5110255585875008,0,0
841,0,repeated_123,3.0,0,0.11606533464490529,0,0.2446128166357454,0,0
842,0,repeated_123,1.0,0,0.15668328468072276,0,0.1450179348188087,0,0
843,1,repeated_123,0.0,1,0.8965187529682307,0,0.4928756564831054,0,1
844,0,repeated_123,3.0,0,0.11542022213479204,0,0.2542598786819911,0,0
845,0,repeated_123,0.0,0,0.10423827924403382,0,0.1117952308297989,0,0
846,0,repeated_123,1.0,0,0.07877009304641575,0,0.2177744037203308,0,0
847,0,repeated_123,1.0,0,0.19581811233747876,0,0.0971418978836224,0,0
848,0,repeated_123,4.0,0,0.11493932890190751,0,0.0709603360288297,0,0
849,0,repeated_123,4.0,0,0.41317696104480967,0,0.3212962728087861,0,0
850,1,repeated_123,0.0,1,0.9731661175947299,1,0.7692012598031517,0,1
851,0,repeated_123,0.0,0,0.2734381667478977,0,0.1715358256346489,0,0
852,0,repeated_123,3.0,0,0.11162255846023297,0,0.0842606968680727,0,0
853,0,repeated_123,0.0,1,0.6412377665821489,0,0.3710007473172559,0,1
854,1,repeated_123,4.0,1,0.918913819576177,1,0.7518455717875767,0,1
855,0,repeated_123,4.0,1,0.8955883497410215,1,0.6133964665249578,0,1
856,1,repeated_123,2.0,0,0.4973745876144093,0,0.4700541437156213,0,0
857,1,repeated_123,4.0,1,0.9259522085133206,1,0.5524992635517852,0,1
858,1,repeated_123,3.0,0,0.41828022419612787,0,0.4858780360877589,0,0
859,1,repeated_123,2.0,1,0.5741658581620454,1,0.6482589660535791,0,1
860,0,repeated_123,0.0,0,0.14033603787533994,0,0.1406274030525607,0,0
861,0,repeated_123,1.0,0,0.09684521998236455,0,0.1501498235991858,0,0
862,0,repeated_123,3.0,0,0.09856798322270723,0,0.1691914473251539,0,0
863,1,repeated_123,1.0,1,0.9015046014065476,1,0.7542397471371894,0,1
864,0,repeated_123,2.0,0,0.24338123924564417,0,0.4439901875444387,0,0
865,0,repeated_123,3.0,0,0.0856295832544055,0,0.1064202683591074,0,0
866,1,repeated_123,2.0,1,0.844571821969842,1,0.5747699815155487,0,1
867,1,repeated_123,3.0,1,0.8506373395572999,1,0.5436497937441492,0,1
868,0,repeated_123,3.0,0,0.3585377677641707,0,0.4066169729619736,0,0
869,0,repeated_123,1.0,0,0.1010235385998501,0,0.1309028912085305,0,0
870,1,repeated_123,1.0,1,0.6622370286366625,0,0.4407763105401736,0,1
871,0,repeated_123,2.0,0,0.11577466983380788,0,0.0945361108624464,0,0
872,1,repeated_123,4.0,1,0.9417037972481667,1,0.7853909613083379,0,1
873,0,repeated_123,0.0,0,0.306065181548903,0,0.4073174682629071,0,0
874,0,repeated_123,0.0,0,0.10880873911427962,0,0.100456257503788,0,0
875,1,repeated_123,1.0,1,0.8787158121617579,1,0.5807973614272737,0,1
876,1,repeated_123,0.0,1,0.7054884907158273,1,0.7699703183990358,0,1
877,0,repeated_123,1.0,0,0.15472690876639017,0,0.1284154974985967,0,0
878,0,repeated_123,0.0,0,0.08884152580342589,0,0.0734213895327158,0,0
879,0,repeated_123,1.0,0,0.09094631693608203,0,0.0926721089271679,0,0
880,1,repeated_123,1.0,1,0.9541316098176732,1,0.7814412016188139,0,1
881,1,repeated_123,1.0,1,0.894996518060676,1,0.6329092450668738,0,1
882,0,repeated_123,1.0,0,0.09912791302182994,0,0.1265628381462034,0,0
883,0,repeated_123,0.0,1,0.5207444228188383,0,0.4489321648133891,0,1
884,0,repeated_123,0.0,0,0.1132264152698486,0,0.2449803010588442,0,0
885,0,repeated_123,0.0,0,0.08864052572926485,0,0.2226687565235065,0,0
886,0,repeated_123,2.0,0,0.270961018960898,0,0.4877427505568532,0,0
887,0,repeated_123,3.0,0,0.24213591936410273,0,0.2423886049842832,0,0
888,1,repeated_123,2.0,1,0.9141030161426236,1,0.7465907248121862,0,1
889,0,repeated_123,3.0,1,0.5394551989422821,1,0.5029131524680435,0,1
890,1,repeated_123,0.0,0,0.3813194868439,0,0.4837584808539195,0,0
891,0,repeated_123,4.0,0,0.09858817296432001,0,0.2162328606069518,0,0
1,0,repeated_777,1.0,0,0.11956964736107761,0,0.2139956083983652,0,0
2,1,repeated_777,1.0,1,0.9791998477089797,1,0.7185636521293186,0,1
3,1,repeated_777,4.0,1,0.5000468125882944,1,0.5618463552585902,0,1
4,1,repeated_777,1.0,1,0.9090594221674345,1,0.6230754959495859,0,1
5,0,repeated_777,1.0,0,0.11147019033501247,0,0.1591238725285217,0,0
6,0,repeated_777,3.0,0,0.12564281696980906,0,0.1860475838537033,0,0
7,0,repeated_777,3.0,0,0.3702597071761267,1,0.5645745953103541,0,0
8,0,repeated_777,2.0,0,0.23853054432253412,0,0.1915411015732881,0,0
9,1,repeated_777,4.0,1,0.5333618097028237,1,0.5981021043740975,0,1
10,1,repeated_777,4.0,1,0.9065043277420305,1,0.6141014702930196,0,1
11,1,repeated_777,1.0,1,0.6587387887982433,1,0.6464112720197056,0,1
12,1,repeated_777,0.0,1,0.9357037226092255,1,0.8573946893248323,0,1
13,0,repeated_777,4.0,0,0.11959802353903039,0,0.1566675225686015,0,0
14,0,repeated_777,0.0,0,0.14701304737236442,0,0.1036723637957112,0,0
15,0,repeated_777,4.0,1,0.6205972133209781,0,0.4551326132856378,0,1
16,1,repeated_777,2.0,1,0.8391847831673541,1,0.6425420695615875,0,1
17,0,repeated_777,1.0,0,0.2941766580662201,1,0.5003613302797261,0,0
18,1,repeated_777,4.0,0,0.09703357062000853,0,0.2490384655612681,0,0
19,0,repeated_777,2.0,1,0.5259472234715984,0,0.4010681609601276,0,1
20,1,repeated_777,0.0,1,0.6395795437904058,1,0.5670526022983643,0,1
21,0,repeated_777,2.0,0,0.11699413744743566,0,0.1882616756265209,0,0
22,1,repeated_777,4.0,0,0.28504321427976137,1,0.5564419095424116,0,0
23,1,repeated_777,3.0,1,0.7212085692586284,1,0.7187755819510485,0,1
24,1,repeated_777,3.0,0,0.330016335814679,0,0.3415079689269054,0,0
25,0,repeated_777,2.0,0,0.24218801533501413,0,0.2097192857756072,0,0
26,1,repeated_777,1.0,0,0.3414430484645038,0,0.4260389651437391,0,0
27,0,repeated_777,4.0,0,0.14649636610516742,0,0.2470396568954172,0,0
28,0,repeated_777,2.0,0,0.43523933554453514,0,0.4214316619294446,0,0
29,1,repeated_777,2.0,1,0.6426179595946391,1,0.5632102210574601,0,1
30,0,repeated_777,4.0,0,0.10440590555373881,0,0.1090975925587653,0,0
31,0,repeated_777,0.0,0,0.3862407245838158,0,0.4621737984384917,0,0
32,1,repeated_777,3.0,1,0.9825857959412537,1,0.8483672210063014,0,1
33,1,repeated_777,2.0,1,0.6421928816193474,1,0.5558274614264126,0,1
34,0,repeated_777,3.0,0,0.12371717905523533,0,0.252076368138879,0,0
35,0,repeated_777,3.0,0,0.26891179696337963,0,0.2973867998095353,0,0
36,0,repeated_777,1.0,0,0.23883019420111373,0,0.3080358661304386,0,0
37,1,repeated_777,0.0,0,0.08202945363993254,0,0.1616067436440197,0,0
38,0,repeated_777,0.0,0,0.09671105288062128,0,0.1422726891819396,0,0
39,0,repeated_777,2.0,1,0.5112847676176332,0,0.2516723004557328,0,1
40,1,repeated_777,1.0,1,0.6177032831383181,1,0.5685153107451456,0,1
41,0,repeated_777,2.0,1,0.5481006199251603,1,0.5372229606062247,0,1
42,0,repeated_777,0.0,1,0.8081775837011803,1,0.5498731123663012,0,1
43,0,repeated_777,4.0,0,0.14253996554422446,0,0.1686044008972844,0,0
44,1,repeated_777,2.0,1,0.9051785466919473,1,0.6041486368269617,0,1
45,1,repeated_777,2.0,1,0.6417788871030198,1,0.6261591678492072,0,1
46,0,repeated_777,4.0,0,0.11873261300134448,0,0.1223239457572533,0,0
47,0,repeated_777,2.0,0,0.07018165103577852,0,0.1485848539858128,0,0
48,1,repeated_777,3.0,1,0.7691770357358059,1,0.6007389647393483,0,1
49,0,repeated_777,0.0,0,0.21360986124920603,0,0.1969032426298926,0,0
50,0,repeated_777,2.0,1,0.5574097338888784,0,0.4447501128668135,0,1
51,0,repeated_777,1.0,0,0.26983728109667193,0,0.2812292017745306,0,0
52,0,repeated_777,0.0,0,0.08460822750087629,0,0.1926740296412818,0,0
53,1,repeated_777,2.0,1,0.9645678113017973,1,0.8270200362485449,0,1
54,1,repeated_777,2.0,1,0.8438472582764679,1,0.7870608291656035,0,1
55,0,repeated_777,2.0,0,0.41603949847983346,0,0.4736154525105217,0,0
56,1,repeated_777,0.0,0,0.2947263694391113,0,0.4329492164656395,0,0
57,1,repeated_777,4.0,1,0.857537164337887,0,0.4246246953910693,0,1
58,0,repeated_777,0.0,0,0.13587283171714798,0,0.1979006125144502,0,0
59,1,repeated_777,2.0,1,0.8833735783221072,1,0.5015633492359973,0,1
60,0,repeated_777,2.0,0,0.23091947159234233,0,0.2840390739227644,0,0
61,0,repeated_777,3.0,0,0.12378120451139606,0,0.2743673694933022,0,0
62,1,repeated_777,0.0,1,0.9783058251921514,1,0.8023298125281252,0,1
63,0,repeated_777,0.0,0,0.3344579129585899,0,0.304283298001067,0,0
64,0,repeated_777,0.0,0,0.18618832171684707,0,0.1939832470720354,0,0
65,0,repeated_777,1.0,0,0.25739022517878823,0,0.3310802546873248,0,0
66,1,repeated_777,2.0,1,0.5315651859802134,1,0.5593244642979452,0,1
67,1,repeated_777,4.0,1,0.8790095375337629,1,0.7744201017788596,0,1
68,0,repeated_777,2.0,0,0.09405072976787995,0,0.1508988558636972,0,0
69,1,repeated_777,3.0,0,0.3250174395862377,0,0.3298859924865125,0,0
70,0,repeated_777,0.0,0,0.12303533823536533,0,0.1775509065235158,0,0
71,0,repeated_777,2.0,0,0.13692636744878303,0,0.2425820323993491,0,0
72,0,repeated_777,2.0,0,0.26742056558000665,0,0.396916399723008,0,0
73,0,repeated_777,3.0,0,0.17032072205531382,0,0.1876778992704766,0,0
74,0,repeated_777,1.0,0,0.1858052702814609,0,0.2107478017258992,0,0
75,1,repeated_777,2.0,0,0.20690230515465857,0,0.4415849523745041,0,0
76,0,repeated_777,3.0,0,0.16727843174440263,0,0.2423525604999185,0,0
77,0,repeated_777,1.0,0,0.07938471589424376,0,0.092777510473942,0,0
78,0,repeated_777,0.0,0,0.08664672560375561,0,0.2245057623738673,0,0
79,1,repeated_777,0.0,1,0.7072146732691699,0,0.4809784758872568,0,1
80,1,repeated_777,1.0,0,0.48144686057837377,1,0.6650490300621281,0,0
81,0,repeated_777,3.0,0,0.10395984080660418,0,0.1966056792634288,0,0
82,1,repeated_777,0.0,0,0.14324906209615276,0,0.1690299098664647,0,0
83,1,repeated_777,2.0,1,0.6426179595946391,0,0.4806388500387424,0,1
84,0,repeated_777,2.0,0,0.2708564175773974,0,0.2670841621864572,0,0
85,1,repeated_777,0.0,1,0.8154927377986652,1,0.6633680809212008,0,1
86,1,repeated_777,4.0,1,0.5215662520203075,0,0.431910649171682,0,1
87,0,repeated_777,4.0,0,0.14227134495614618,0,0.1134099256396932,0,0
88,0,repeated_777,2.0,0,0.08302911847958103,0,0.2099131227808524,0,0
89,1,repeated_777,2.0,1,0.7771385471420096,1,0.6279178860210921,0,1
90,0,repeated_777,0.0,0,0.08664672560375561,0,0.1463429804617843,0,0
91,0,repeated_777,3.0,0,0.12468407989101155,0,0.1961659586158811,0,0
92,0,repeated_777,2.0,0,0.07967427577694762,0,0.1522595949263536,0,0
93,0,repeated_777,1.0,0,0.4046422249075963,0,0.2920201505156733,0,0
94,0,repeated_777,0.0,0,0.13443985888026966,0,0.4440319200507405,0,0
95,0,repeated_777,4.0,0,0.10722656840329998,0,0.1050029096995538,0,0
96,0,repeated_777,3.0,0,0.10252793829129708,0,0.2030088444623832,0,0
97,0,repeated_777,2.0,0,0.4372369761316219,0,0.4773101033311416,0,0
98,1,repeated_777,2.0,1,0.5070513901061338,1,0.5024158691074925,0,1
99,1,repeated_777,2.0,1,0.8358361493955726,1,0.6131568766098175,0,1
100,0,repeated_777,0.0,0,0.06429021119318415,0,0.2561221824194088,0,0
101,0,repeated_777,4.0,1,0.5362962446581767,0,0.3162066071909002,0,1
102,0,repeated_777,0.0,0,0.07643855517487337,0,0.131779505031326,0,0
103,0,repeated_777,1.0,0,0.44868859505343145,0,0.2816365105684427,0,0
104,0,repeated_777,2.0,0,0.12544432885184983,0,0.2112460733372456,0,0
105,0,repeated_777,3.0,0,0.08327701340407505,0,0.1499893393474204,0,0
106,0,repeated_777,3.0,0,0.10530691449642823,0,0.0810004837645091,0,0
107,1,repeated_777,1.0,1,0.5419721380627455,0,0.4952798975545791,0,1
108,1,repeated_777,1.0,0,0.07938471589424376,0,0.1647819137298197,0,0
109,0,repeated_777,0.0,0,0.11942863794592001,0,0.0770661732811961,0,0
110,1,repeated_777,2.0,1,0.5212992910206844,0,0.477195867739904,0,1
111,0,repeated_777,0.0,0,0.2702331800801862,0,0.478584109583524,0,0
112,0,repeated_777,4.0,1,0.6578447967613984,0,0.4860025340946655,0,1
113,0,repeated_777,4.0,0,0.11696778530016272,0,0.0798801207586414,0,0
114,0,repeated_777,2.0,1,0.5436236161682627,0,0.481814712166594,0,1
115,0,repeated_777,2.0,1,0.5932010851079843,1,0.5818074942487418,0,1
116,0,repeated_777,0.0,0,0.09671105288062128,0,0.2852330181136795,0,0
117,0,repeated_777,1.0,0,0.1027266859992531,0,0.2004284073169014,0,0
118,0,repeated_777,4.0,0,0.0945765027317035,0,0.1593619315019863,0,0
119,0,repeated_777,2.0,1,0.5110726332244117,1,0.6710571688844609,0,1
120,0,repeated_777,1.0,0,0.25841852354682143,0,0.4401963797807172,0,0
121,0,repeated_777,2.0,0,0.11587268635402499,0,0.2185937526713467,0,0
122,0,repeated_777,1.0,0,0.10429146083613505,0,0.1674658403845499,0,0
123,0,repeated_777,3.0,0,0.2199215794682773,0,0.3787030801846611,0,0
124,1,repeated_777,1.0,1,0.839407089878572,1,0.7536588379283929,0,1
125,0,repeated_777,2.0,0,0.4011887740285081,0,0.3114813279145897,0,0
126,1,repeated_777,4.0,1,0.5988626168166952,1,0.5689653599794638,0,1
127,0,repeated_777,0.0,0,0.054453323117905746,0,0.175414774597823,0,0
128,1,repeated_777,0.0,0,0.0655686439556227,0,0.2416513356794344,0,0
129,1,repeated_777,4.0,1,0.6633033636063623,1,0.730661473238445,0,1
130,0,repeated_777,3.0,0,0.07987442927387944,0,0.0994493110388107,0,0
131,0,repeated_777,3.0,0,0.11418447879878403,0,0.1212585687018684,0,0
132,0,repeated_777,3.0,0,0.10494973339432072,0,0.1261753214946988,0,0
133,0,repeated_777,2.0,1,0.5847124170147086,0,0.4531363967685149,0,1
134,1,repeated_777,3.0,1,0.850677585208518,1,0.5746193739916436,0,1
135,0,repeated_777,3.0,0,0.10828759497368776,0,0.2283988372270282,0,0
136,0,repeated_777,1.0,0,0.16837743490786677,0,0.2247997124319201,0,0
137,1,repeated_777,4.0,1,0.9113020422324285,1,0.7726145989905614,0,1
138,0,repeated_777,2.0,0,0.42815657669578217,1,0.5464555054055628,0,0
139,0,repeated_777,3.0,0,0.13205579361393366,0,0.1799747691411211,0,0
140,0,repeated_777,3.0,0,0.3872792110250975,0,0.3973301962603796,0,0
141,0,repeated_777,3.0,1,0.7199227447881116,1,0.5441264850972524,0,1
142,1,repeated_777,1.0,1,0.5412013938261238,1,0.5161758260109748,0,1
143,1,repeated_777,3.0,0,0.43591870652193504,0,0.4811861436806433,0,0
144,0,repeated_777,1.0,0,0.12418485231245219,0,0.185027154071148,0,0
145,0,repeated_777,3.0,0,0.12324785032898233,0,0.2604948805143195,0,0
146,0,repeated_777,2.0,0,0.12249622946400945,0,0.2845686148256754,0,0
147,1,repeated_777,2.0,0,0.09297207440595844,0,0.2026628057294777,0,0
148,0,repeated_777,2.0,0,0.2152872937413591,0,0.3584008523646011,0,0
149,0,repeated_777,1.0,0,0.20857401783511154,1,0.5252541279232105,0,0
150,0,repeated_777,4.0,0,0.21970517136053386,0,0.2477961835532211,0,0
151,0,repeated_777,3.0,0,0.2425318902110209,0,0.2060949494965704,0,0
152,1,repeated_777,3.0,1,0.9457143917160125,1,0.6799567363209951,0,1
153,0,repeated_777,4.0,0,0.1439533183349994,0,0.1645501393079511,0,0
154,0,repeated_777,4.0,0,0.12660007670004592,0,0.1448923927470483,0,0
155,0,repeated_777,0.0,0,0.06592361435744501,0,0.1778089638115381,0,0
156,0,repeated_777,1.0,0,0.28311214377728355,0,0.2613920834052015,0,0
157,1,repeated_777,2.0,1,0.6516114916919417,1,0.5296452063835234,0,1
158,0,repeated_777,2.0,0,0.10482163774055353,0,0.1948664758753825,0,0
159,0,repeated_777,0.0,0,0.08081049900035431,0,0.1510217790389117,0,0
160,0,repeated_777,4.0,0,0.33307054380883766,0,0.2480923529990958,0,0
161,0,repeated_777,4.0,0,0.09827371120401154,0,0.1321247299350705,0,0
162,1,repeated_777,0.0,1,0.918833858747822,1,0.7200600815900973,0,1
163,0,repeated_777,0.0,0,0.09881111272239797,0,0.1108854636032691,0,0
164,0,repeated_777,1.0,0,0.1101315431391719,0,0.1195265848972015,0,0
165,0,repeated_777,4.0,0,0.23090970773328665,0,0.2465859690186705,0,0
166,1,repeated_777,2.0,1,0.5672957406040132,0,0.284745355901937,0,1
167,1,repeated_777,1.0,1,0.9622293244134645,1,0.8168839881795303,0,1
168,0,repeated_777,0.0,0,0.22803993374454776,0,0.3750944155117742,0,0
169,0,repeated_777,1.0,0,0.26464958292021695,0,0.2559869937969101,0,0
170,0,repeated_777,1.0,0,0.3027607815024854,1,0.5544024575430295,0,0
171,0,repeated_777,4.0,0,0.2395431595408207,0,0.3189053190837541,0,0
172,0,repeated_777,3.0,0,0.14145287406586407,0,0.2568424080546016,0,0
173,1,repeated_777,4.0,1,0.629359474155532,0,0.3627407054301377,0,1
174,0,repeated_777,4.0,0,0.11959802353903039,0,0.3059749937128111,0,0
175,0,repeated_777,4.0,0,0.34952153071031566,0,0.4152209851570318,0,0
176,0,repeated_777,0.0,0,0.14758901193059273,0,0.150943801723512,0,0
177,0,repeated_777,3.0,0,0.16397889807392607,0,0.2803355010587796,0,0
178,0,repeated_777,0.0,1,0.9547664990529833,1,0.8073797731050161,0,1
179,0,repeated_777,4.0,0,0.10317625029223497,0,0.264313371692451,0,0
180,0,repeated_777,4.0,0,0.14761180226759618,0,0.3076755057791723,0,0
181,0,repeated_777,4.0,0,0.39040325542057713,0,0.3540074220471703,0,0
182,0,repeated_777,4.0,0,0.15494805258807925,0,0.2404366246785335,0,0
183,0,repeated_777,2.0,0,0.3171060379419064,1,0.5610679559140149,0,0
184,1,repeated_777,1.0,1,0.6957604880153151,1,0.6194851299301173,0,1
185,1,repeated_777,1.0,1,0.6239026242221499,0,0.4784024488602701,0,1
186,0,repeated_777,0.0,0,0.2947263694391113,0,0.3588065972700396,0,0
187,1,repeated_777,0.0,0,0.49405167696809266,0,0.4001644057438838,0,0
188,1,repeated_777,3.0,0,0.19991481677912343,0,0.3894512005330756,0,0
189,0,repeated_777,0.0,0,0.1381638451516236,0,0.0613742122313573,0,0
190,0,repeated_777,0.0,0,0.11942863794592001,0,0.1112012353904026,0,0
191,1,repeated_777,0.0,1,0.8861909145078813,1,0.50272246440446,0,1
192,0,repeated_777,3.0,0,0.12324785032898233,0,0.1466974986393437,0,0
193,1,repeated_777,3.0,1,0.5209401151422227,0,0.478318415786377,0,1
194,1,repeated_777,1.0,1,0.6934292475398045,1,0.6644108664157201,0,1
195,1,repeated_777,3.0,1,0.9081610851045152,1,0.7291995307559456,0,1
196,1,repeated_777,0.0,1,0.9752110024546625,1,0.8193681512188155,0,1
197,0,repeated_777,1.0,0,0.10547969605043027,0,0.2433049430462202,0,0
198,0,repeated_777,0.0,0,0.12989241276133748,0,0.2128248885392624,0,0
199,1,repeated_777,3.0,1,0.7691770357358059,1,0.6793091216684107,0,1
200,0,repeated_777,4.0,1,0.8931070373286553,1,0.70269998088977,0,1
201,0,repeated_777,1.0,0,0.1352208467706549,0,0.1239617485794348,0,0
202,0,repeated_777,4.0,0,0.26348095581260345,0,0.1116990509588024,0,0
203,0,repeated_777,1.0,0,0.09542912932244028,0,0.1510594603731131,0,0
204,0,repeated_777,3.0,0,0.10104796481628284,0,0.173372554231328,0,0
205,1,repeated_777,0.0,0,0.09671105288062128,0,0.1049506256400975,0,0
206,0,repeated_777,0.0,1,0.5648931924713552,0,0.4878207520275767,0,1
207,0,repeated_777,1.0,0,0.23508829989922275,0,0.2288895400924079,0,0
208,1,repeated_777,4.0,0,0.16804323760892909,0,0.1906890647351475,0,0
209,1,repeated_777,2.0,1,0.6516114916919417,0,0.4868189718317791,0,1
210,1,repeated_777,0.0,0,0.35415696796134444,0,0.3004918683333279,0,0
211,0,repeated_777,0.0,0,0.0655686439556227,0,0.1557768980071504,0,0
212,1,repeated_777,3.0,1,0.8521238535295472,1,0.6129587386715267,0,1
213,0,repeated_777,3.0,0,0.09068769563180015,0,0.1183203596055819,0,0
214,0,repeated_777,2.0,0,0.13971366532529328,0,0.1729936191621714,0,0
215,0,repeated_777,4.0,0,0.11000874675508003,0,0.3211725379516931,0,0
216,1,repeated_777,2.0,1,0.9755262553312108,1,0.738757846398083,0,1
217,1,repeated_777,1.0,0,0.46166501559550704,1,0.5815224317295078,0,0
218,0,repeated_777,0.0,0,0.06714273036647489,0,0.3634449593058655,0,0
219,1,repeated_777,1.0,1,0.9590179995084412,1,0.8109379987074249,0,1
220,0,repeated_777,0.0,0,0.11736450695586581,0,0.2772916790051015,0,0
221,1,repeated_777,2.0,0,0.10227329906329148,0,0.1605724570303007,0,0
222,0,repeated_777,0.0,0,0.12798117625095265,0,0.1630560386739954,0,0
223,0,repeated_777,4.0,0,0.1439533183349994,0,0.2006910339966384,0,0
224,0,repeated_777,4.0,0,0.10440590555373881,0,0.1247773921258307,0,0
225,1,repeated_777,3.0,0,0.3165110563371755,0,0.4352529905427736,0,0
226,0,repeated_777,3.0,0,0.10395984080660418,0,0.3867474372252696,0,0
227,1,repeated_777,4.0,0,0.06756135993631715,0,0.1683184359766389,0,0
228,0,repeated_777,3.0,0,0.10494973339432072,0,0.1998335785215095,0,0
229,0,repeated_777,1.0,0,0.10695820294468493,0,0.2266338482588895,0,0
230,0,repeated_777,3.0,0,0.13678839776703014,0,0.3383684303976258,0,0
231,1,repeated_777,4.0,1,0.9557089090367561,1,0.571212265721783,0,1
232,0,repeated_777,2.0,0,0.09405814966974674,0,0.1232255912220314,0,0
233,0,repeated_777,2.0,0,0.13771846785138586,0,0.279593682791387,0,0
234,1,repeated_777,4.0,0,0.4018103825657378,1,0.5018044057856089,0,0
235,0,repeated_777,1.0,0,0.10345799284837545,0,0.2811651895342372,0,0
236,0,repeated_777,0.0,1,0.5916994583549987,0,0.4891490551412659,0,1
237,0,repeated_777,2.0,0,0.10591900972083335,0,0.2046988455031091,0,0
238,1,repeated_777,1.0,1,0.8767781015688686,1,0.649424196149835,0,1
239,0,repeated_777,3.0,0,0.1254850097324236,0,0.1893063732807171,0,0
240,0,repeated_777,4.0,0,0.10317625029223497,0,0.2252644485695237,0,0
241,0,repeated_777,0.0,0,0.4880172074150211,1,0.542703205914361,0,0
242,1,repeated_777,2.0,1,0.6087659641861888,1,0.6076591714755911,0,1
243,0,repeated_777,4.0,0,0.08860010953609612,0,0.1640025772486228,0,0
244,0,repeated_777,1.0,0,0.08203171687826187,0,0.319407574339748,0,0
245,0,repeated_777,2.0,0,0.12421485847011435,0,0.2694707638012346,0,0
246,0,repeated_777,3.0,1,0.5607713029016156,1,0.6251971882720585,0,1
247,0,repeated_777,0.0,1,0.553501252754942,0,0.3581379901873402,0,1
248,1,repeated_777,0.0,1,0.8685502164617626,0,0.4949833799428152,0,1
249,1,repeated_777,2.0,0,0.48700244082072763,0,0.4487023245776984,0,0
250,0,repeated_777,1.0,0,0.3603710114223856,0,0.3026036989239544,0,0
251,0,repeated_777,4.0,0,0.10686422707635615,0,0.1415595804790472,0,0
252,0,repeated_777,4.0,1,0.5889245026630168,1,0.5886131981236105,0,1
253,0,repeated_777,2.0,0,0.41897508958658186,0,0.4369373299693629,0,0
254,0,repeated_777,1.0,0,0.13082486184021958,0,0.1435403307890997,0,0
255,0,repeated_777,3.0,0,0.46267388712433377,1,0.5142729624801888,0,0
256,1,repeated_777,2.0,1,0.6365854347342691,1,0.5250921374008862,0,1
257,1,repeated_777,1.0,1,0.9265291202970349,1,0.7190587690835446,0,1
258,1,repeated_777,0.0,1,0.983893074616027,1,0.7305042579143552,0,1
259,1,repeated_777,1.0,1,0.9177466782836956,1,0.6986820908675913,0,1
260,1,repeated_777,3.0,1,0.8294386481088859,1,0.5593552049329442,0,1
261,0,repeated_777,2.0,0,0.07043815940613007,0,0.1443425094152446,0,0
262,1,repeated_777,3.0,0,0.25790270630206413,0,0.3840104546104041,0,0
263,0,repeated_777,2.0,0,0.4089980729569136,1,0.5826311134322558,0,0
264,0,repeated_777,2.0,0,0.4009893162680518,0,0.4368053015454011,0,0
265,0,repeated_777,1.0,1,0.7528423818767117,1,0.5261161329644666,0,1
266,0,repeated_777,2.0,0,0.13171214812621626,0,0.1394897697719097,0,0
267,0,repeated_777,1.0,0,0.16946570067941677,0,0.1062793143863582,0,0
268,1,repeated_777,3.0,0,0.07337388106926179,0,0.0609235680291915,0,0
269,1,repeated_777,3.0,1,0.9556714774822573,1,0.6569595058320077,0,1
270,1,repeated_777,4.0,1,0.9608016668287495,1,0.7512203806963741,0,1
271,0,repeated_777,2.0,0,0.264054388151392,0,0.3948069126824345,0,0
272,1,repeated_777,2.0,0,0.074108224102322,0,0.1933282808178431,0,0
273,1,repeated_777,0.0,1,0.8933195646163338,1,0.8046938045929615,0,1
274,0,repeated_777,4.0,0,0.43524971402420454,0,0.4701635825832608,0,0
275,1,repeated_777,1.0,1,0.7528423818767117,1,0.530299955428254,0,1
276,1,repeated_777,0.0,1,0.9742636176714876,1,0.7053081161301676,0,1
277,0,repeated_777,1.0,0,0.4909151256462744,0,0.3760024176583055,0,0
278,0,repeated_777,4.0,0,0.09269234089590553,0,0.2359169040419137,0,0
279,0,repeated_777,1.0,0,0.2941766580662201,0,0.3441649477202809,0,0
280,1,repeated_777,3.0,1,0.6117182995312853,0,0.4766721614946881,0,1
281,0,repeated_777,1.0,0,0.1027266859992531,0,0.2711546690593419,0,0
282,0,repeated_777,4.0,0,0.1273958385917149,0,0.1105408460295827,0,0
283,0,repeated_777,0.0,0,0.13009817459151127,0,0.277592069831001,0,0
284,1,repeated_777,2.0,0,0.08474437681186602,0,0.1368832039613062,0,0
285,0,repeated_777,3.0,0,0.2716783719565101,0,0.3167935758061451,0,0
286,0,repeated_777,4.0,0,0.15970425838639624,0,0.0760613292586892,0,0
287,1,repeated_777,3.0,0,0.11211515683404931,0,0.2862154884819579,0,0
288,0,repeated_777,2.0,0,0.07737220101288075,0,0.0898324844440538,0,0
289,1,repeated_777,4.0,0,0.09163120543934482,0,0.2503552484763968,0,0
290,1,repeated_777,3.0,1,0.7691770357358059,0,0.4715146402294723,0,1
291,1,repeated_777,2.0,1,0.8622087931435715,1,0.74512778474681,0,1
292,1,repeated_777,3.0,1,0.9471775879900309,1,0.8404768107816407,0,1
293,0,repeated_777,2.0,0,0.4223318890621265,0,0.4420762885872409,0,0
294,0,repeated_777,2.0,0,0.4880563538683266,0,0.3112767210520933,0,0
295,0,repeated_777,1.0,0,0.07938471589424376,0,0.086927737927624,0,0
296,0,repeated_777,2.0,0,0.2774054341123642,0,0.2721103831405157,0,0
297,0,repeated_777,4.0,0,0.14649636610516742,0,0.2542975144432047,0,0
298,0,repeated_777,0.0,1,0.9380383051270599,1,0.8248152758968598,0,1
299,1,repeated_777,4.0,0,0.243617456107635,0,0.4910288614700221,0,0
300,1,repeated_777,1.0,1,0.9114135170760749,1,0.771159329345704,0,1
301,1,repeated_777,4.0,1,0.6874399050516296,1,0.7820226665060194,0,1
302,1,repeated_777,2.0,0,0.14258756276781456,0,0.2749344687987207,0,0
303,0,repeated_777,2.0,0,0.11691258981662009,0,0.2305862734587621,0,0
304,1,repeated_777,1.0,1,0.8472742307317416,1,0.7686553845860813,0,1
305,0,repeated_777,1.0,0,0.10429146083613505,0,0.2224815289795703,0,0
306,1,repeated_777,3.0,1,0.5624884293486616,0,0.3646144485384084,0,1
307,1,repeated_777,4.0,1,0.9263811873362907,1,0.6682630263707623,0,1
308,1,repeated_777,3.0,1,0.831866011256462,1,0.566122638914638,0,1
309,0,repeated_777,2.0,0,0.18222993666229192,0,0.3135719088175951,0,0
310,1,repeated_777,3.0,1,0.9680645780923947,1,0.753594744514616,0,1
311,1,repeated_777,3.0,1,0.9599194170277152,1,0.8500457538098463,0,1
312,1,repeated_777,0.0,1,0.8555920779633958,1,0.7768533935999282,0,1
313,0,repeated_777,4.0,1,0.9302003972620481,1,0.6529841632973351,0,1
314,0,repeated_777,0.0,0,0.13458953616437297,0,0.1137335808155858,0,0
315,0,repeated_777,3.0,0,0.1899009632231662,0,0.3688610367982173,0,0
316,1,repeated_777,4.0,1,0.5328868977194168,0,0.3227452092237757,0,1
317,1,repeated_777,3.0,1,0.7005894999713643,1,0.529673635417333,0,1
318,0,repeated_777,1.0,0,0.217687128710082,0,0.3893369628966511,0,0
319,1,repeated_777,0.0,1,0.9796033165104246,1,0.7148606903710008,0,1
320,1,repeated_777,4.0,1,0.9222058040491793,1,0.8216513647553931,0,1
321,0,repeated_777,3.0,0,0.09068769563180015,0,0.2584511551482984,0,0
322,0,repeated_777,0.0,0,0.13458953616437297,0,0.0948658264545424,0,0
323,1,repeated_777,0.0,1,0.8834543502939016,1,0.5803726916094959,0,1
324,1,repeated_777,0.0,1,0.9370585182392446,1,0.5708601045706873,0,1
325,0,repeated_777,3.0,0,0.1870877375083798,0,0.0902674285297917,0,0
326,1,repeated_777,0.0,1,0.9879809249798571,1,0.7687965423763863,0,1
327,0,repeated_777,1.0,0,0.07863641592235256,0,0.0904561702503994,0,0
328,1,repeated_777,3.0,1,0.8678788633832117,1,0.8205174065826367,0,1
329,1,repeated_777,2.0,1,0.5109072058588191,0,0.4591158904726211,0,1
330,1,repeated_777,2.0,1,0.947598090743166,1,0.78512640336078,0,1
331,1,repeated_777,4.0,1,0.614682185967978,1,0.6902589961735679,0,1
332,0,repeated_777,2.0,0,0.44364920563975463,1,0.5003841524895987,0,0
333,0,repeated_777,3.0,0,0.2893071146996461,0,0.4074855429270069,0,0
334,0,repeated_777,0.0,0,0.21849351654039947,0,0.0889938625326761,0,0
335,1,repeated_777,3.0,1,0.9095945995654738,1,0.6719069481667745,0,1
336,0,repeated_777,1.0,0,0.07938471589424376,0,0.0931526670608035,0,0
337,0,repeated_777,3.0,0,0.3547500846876707,0,0.2925506796943745,0,0
338,1,repeated_777,0.0,1,0.9389039919117373,1,0.872355817532475,0,1
339,1,repeated_777,1.0,0,0.11381222761635157,0,0.1951838546789733,0,0
340,0,repeated_777,0.0,0,0.2947263694391113,0,0.4431848600551006,0,0
341,1,repeated_777,1.0,1,0.6934292475398045,1,0.5533460801507398,0,1
342,1,repeated_777,1.0,1,0.7559948527588528,1,0.7467324515591599,0,1
343,0,repeated_777,3.0,0,0.12761791407582015,0,0.237141883647058,0,0
344,0,repeated_777,1.0,0,0.0998802541135285,0,0.2654074914106785,0,0
345,0,repeated_777,3.0,0,0.12196787427433353,0,0.19022527903,0,0
346,1,repeated_777,4.0,1,0.9029058745124959,1,0.6849276116457851,0,1
347,1,repeated_777,1.0,1,0.8081517542646106,1,0.52222890147186,0,1
348,1,repeated_777,2.0,1,0.619847065247692,1,0.5002467949808989,0,1
349,1,repeated_777,2.0,1,0.6137040781037331,0,0.4282355183549995,0,1
350,0,repeated_777,2.0,0,0.1207994765701164,0,0.087403427660382,0,0
351,0,repeated_777,1.0,0,0.10529073344301138,0,0.1334292807448153,0,0
352,0,repeated_777,2.0,0,0.40307317917357804,1,0.6135904460569954,0,0
353,0,repeated_777,0.0,0,0.22740123977491616,0,0.1500029688835121,0,0
354,0,repeated_777,4.0,0,0.10872221742202494,0,0.0846628013036357,0,0
355,0,repeated_777,0.0,0,0.08202945363993254,0,0.1326982223181447,0,0
356,0,repeated_777,2.0,0,0.12139659471069035,0,0.0976315503966207,0,0
357,1,repeated_777,2.0,1,0.9489992943109319,1,0.8407232801737414,0,1
358,0,repeated_777,0.0,1,0.8784142590844765,1,0.6698162787024301,0,1
359,1,repeated_777,4.0,1,0.6873294210535201,1,0.6387551979783681,0,1
360,1,repeated_777,1.0,1,0.7506957450014036,1,0.7275869740067135,0,1
361,0,repeated_777,4.0,0,0.16083413892810064,0,0.0944028946672101,0,0
362,0,repeated_777,2.0,0,0.1358209629672375,0,0.4097269503032477,0,0
363,0,repeated_777,4.0,1,0.5627779947665286,1,0.6206902563324005,0,1
364,0,repeated_777,1.0,0,0.07712355965327133,0,0.1687763114394445,0,0
365,0,repeated_777,1.0,0,0.24997143576779168,0,0.1937447495017397,0,0
366,0,repeated_777,3.0,0,0.08633593644896283,0,0.2196446103030461,0,0
367,1,repeated_777,2.0,1,0.9668015416505288,1,0.8022057766007171,0,1
368,1,repeated_777,0.0,1,0.6395795437904058,1,0.5675142923294287,0,1
369,1,repeated_777,0.0,1,0.700307971885762,1,0.7437083362264577,0,1
370,1,repeated_777,1.0,1,0.9498618604459174,1,0.6425229540678339,0,1
371,1,repeated_777,0.0,0,0.38190634604344026,0,0.4200017638414945,0,0
372,0,repeated_777,2.0,0,0.10928455528984321,0,0.1737969511904091,0,0
373,0,repeated_777,4.0,0,0.11959802353903039,0,0.147562466438682,0,0
374,0,repeated_777,0.0,0,0.26086042943400956,0,0.3297915139998913,0,0
375,0,repeated_777,1.0,0,0.31318921812454403,0,0.2095338794404574,0,0
376,1,repeated_777,3.0,1,0.9497822085162773,1,0.6656231156397576,0,1
377,1,repeated_777,3.0,1,0.5765595171679009,1,0.5695321021635738,0,1
378,0,repeated_777,2.0,1,0.5124056274870037,1,0.5682399262578469,0,1
379,0,repeated_777,1.0,0,0.15686138741628705,0,0.199780929998311,0,0
380,0,repeated_777,3.0,0,0.10092647123550896,0,0.1355321516782507,0,0
381,1,repeated_777,4.0,1,0.8518624427754046,1,0.6965426188559196,0,1
382,1,repeated_777,0.0,1,0.6305953828850305,1,0.6906914053349308,0,1
383,0,repeated_777,3.0,0,0.11135367052511946,0,0.2976243895645492,0,0
384,1,repeated_777,1.0,1,0.9307629189260606,1,0.7065375839664431,0,1
385,0,repeated_777,4.0,0,0.10440590555373881,0,0.0867580740851118,0,0
386,0,repeated_777,0.0,0,0.11691412693562807,0,0.2027474980234366,0,0
387,0,repeated_777,4.0,0,0.3296359423650301,0,0.2231061570953187,0,0
388,1,repeated_777,3.0,1,0.8334428393690839,1,0.6416583159478391,0,1
389,0,repeated_777,1.0,0,0.10547969605043027,0,0.2450543552857483,0,0
390,1,repeated_777,1.0,1,0.8193997925804242,1,0.7237973823126994,0,1
391,1,repeated_777,3.0,0,0.3576832899700836,0,0.4478546751419049,0,0
392,1,repeated_777,1.0,0,0.08227731632220517,0,0.1549048564325668,0,0
393,0,repeated_777,1.0,0,0.13282988960574144,0,0.1241913887291169,0,0
394,1,repeated_777,3.0,1,0.9635976229262851,1,0.7306705029114976,0,1
395,1,repeated_777,0.0,1,0.680167217787351,1,0.5926020272147849,0,1
396,0,repeated_777,4.0,0,0.10130320196705114,0,0.2016297701418737,0,0
397,0,repeated_777,3.0,1,0.557521276246328,0,0.3407942458409135,0,1
398,0,repeated_777,3.0,0,0.10269233966469342,0,0.189462610261042,0,0
399,0,repeated_777,4.0,0,0.21195130800793435,0,0.1590305741320352,0,0
400,1,repeated_777,1.0,1,0.8244611499123737,1,0.6155834674394424,0,1
401,1,repeated_777,1.0,0,0.11147019033501247,0,0.358164539795676,0,0
402,0,repeated_777,2.0,0,0.09220303417699256,0,0.0641532475396964,0,0
403,0,repeated_777,3.0,0,0.3724573496953125,0,0.3867358531269081,0,0
404,0,repeated_777,0.0,0,0.10631198278066736,0,0.3359862569835335,0,0
405,0,repeated_777,4.0,1,0.5292491981196662,0,0.3915385742617376,0,1
406,0,repeated_777,3.0,0,0.09869781940352272,0,0.1789133252709842,0,0
407,0,repeated_777,0.0,0,0.09641437142173005,0,0.1685332504572529,0,0
408,1,repeated_777,1.0,1,0.7205274995326524,1,0.5564672108013924,0,1
409,0,repeated_777,3.0,0,0.10221379524195719,0,0.2503697093311978,0,0
410,0,repeated_777,1.0,0,0.26192451438686126,0,0.3063918909274422,0,0
411,0,repeated_777,4.0,0,0.10440590555373881,0,0.0796812460492118,0,0
412,0,repeated_777,1.0,0,0.15058135308646473,0,0.1821740540339795,0,0
413,1,repeated_777,4.0,1,0.9410350776306017,1,0.6609078251270026,0,1
414,0,repeated_777,4.0,0,0.09269234089590553,0,0.1604169816791075,0,0
415,1,repeated_777,3.0,0,0.10567573495693934,0,0.2843185735480565,0,0
416,0,repeated_777,1.0,1,0.5491882676502592,1,0.7053474394735076,0,1
417,1,repeated_777,0.0,1,0.9405842850831561,1,0.5646392624215454,0,1
418,1,repeated_777,2.0,1,0.806790594054886,0,0.4492534687207074,0,1
419,0,repeated_777,0.0,0,0.1272223145778427,0,0.1463490301372983,0,0
420,0,repeated_777,4.0,1,0.6138394487888179,0,0.2541739443809487,0,1
421,0,repeated_777,4.0,0,0.14253996554422446,0,0.0807647602469403,0,0
422,0,repeated_777,1.0,0,0.12391525660622771,0,0.155359641570673,0,0
423,0,repeated_777,2.0,0,0.09405814966974674,0,0.1258949034546233,0,0
424,0,repeated_777,1.0,0,0.49962780156130854,1,0.5183259698218394,0,0
425,0,repeated_777,0.0,0,0.16544998489582852,0,0.1304390873317953,0,0
426,0,repeated_777,3.0,0,0.09122187545437155,0,0.2299605022495967,0,0
427,1,repeated_777,2.0,1,0.8438472582764679,1,0.5519247820371154,0,1
428,1,repeated_777,2.0,1,0.8117130337159139,1,0.6940740948965584,0,1
429,0,repeated_777,2.0,0,0.07043815940613007,0,0.147870237110726,0,0
430,1,repeated_777,3.0,0,0.2868895100244702,0,0.3624126982769773,0,0
431,1,repeated_777,1.0,0,0.3125966566898978,0,0.3623301951966742,0,0
432,1,repeated_777,4.0,1,0.5332791719597333,1,0.5447796937656415,0,1
433,1,repeated_777,3.0,1,0.8317099660733535,0,0.4887415500204277,0,1
434,0,repeated_777,2.0,0,0.08293869596590284,0,0.2846615021907372,0,0
435,0,repeated_777,3.0,0,0.44472517001711437,0,0.4905795997208891,0,0
436,1,repeated_777,0.0,1,0.9786513605328806,1,0.80530573380355,0,1
437,0,repeated_777,4.0,0,0.34029316961481165,0,0.4358240159662053,0,0
438,1,repeated_777,4.0,1,0.8180377027585249,1,0.6280622215740713,0,1
439,0,repeated_777,1.0,0,0.30817477421418554,0,0.4266975096866432,0,0
440,0,repeated_777,3.0,0,0.124668707874576,0,0.2461433816890998,0,0
441,1,repeated_777,2.0,1,0.8444039418926457,1,0.5786365648152708,0,1
442,0,repeated_777,1.0,0,0.1101315431391719,0,0.1304954747234857,0,0
443,0,repeated_777,2.0,0,0.09806438664786687,0,0.1244006661301806,0,0
444,1,repeated_777,1.0,1,0.8172221530445101,0,0.3750700521347825,0,1
445,1,repeated_777,0.0,0,0.08081049900035431,0,0.2704507236799269,0,0
446,1,repeated_777,4.0,1,0.6859477595167973,0,0.429946857848004,0,1
447,1,repeated_777,1.0,1,0.8463506475040236,1,0.7164544256520518,0,1
448,1,repeated_777,1.0,0,0.27667932026427483,0,0.1696727608355742,0,0
449,1,repeated_777,0.0,1,0.6811803812888952,1,0.7570252346401738,0,1
450,1,repeated_777,3.0,0,0.39983449821162614,0,0.3981712779234536,0,0
451,0,repeated_777,1.0,0,0.23113429883626968,0,0.2316804419637864,0,0
452,0,repeated_777,0.0,0,0.13323798437924284,0,0.1341102632107579,0,0
453,0,repeated_777,2.0,1,0.54289875794495,0,0.4143565199009891,0,1
454,1,repeated_777,1.0,0,0.4349777737454652,0,0.3939144015835326,0,0
455,0,repeated_777,1.0,0,0.10429146083613505,0,0.1383166444345432,0,0
456,1,repeated_777,4.0,0,0.15072306621169942,0,0.0747201963224233,0,0
457,0,repeated_777,0.0,0,0.4742046292108798,0,0.4383784249980736,0,0
458,1,repeated_777,3.0,1,0.9723160337525905,1,0.7245972821472672,0,1
459,1,repeated_777,0.0,1,0.8152584028557516,1,0.5757898721166983,0,1
460,0,repeated_777,4.0,0,0.09945207014932331,0,0.2232348690852743,0,0
461,1,repeated_777,4.0,0,0.36257287662853527,0,0.4152095116679412,0,0
462,0,repeated_777,1.0,0,0.1319115004793946,0,0.1554374279606401,0,0
463,0,repeated_777,4.0,0,0.34844315654800845,0,0.4889207890520711,0,0
464,0,repeated_777,1.0,0,0.12112149422774103,0,0.3288003591617129,0,0
465,0,repeated_777,4.0,0,0.11873261300134448,0,0.2205316537000742,0,0
466,0,repeated_777,1.0,0,0.07712355965327133,0,0.1567930651741853,0,0
467,0,repeated_777,1.0,0,0.10116188981253157,0,0.2206562480622769,0,0
468,0,repeated_777,1.0,0,0.2521316166002723,0,0.1756410136719807,0,0
469,0,repeated_777,3.0,0,0.09155560411408299,0,0.0803450588360171,0,0
470,1,repeated_777,3.0,1,0.743135533459814,1,0.7415892856725996,0,1
471,0,repeated_777,4.0,0,0.10686422707635615,0,0.1662920111605452,0,0
472,0,repeated_777,3.0,0,0.10651967086528769,0,0.1409284269656021,0,0
473,1,repeated_777,1.0,1,0.8729590533102596,1,0.6327589340569619,0,1
474,1,repeated_777,1.0,1,0.8464918759728806,1,0.7589983796062382,0,1
475,0,repeated_777,1.0,0,0.4896844576593014,1,0.5015562412455492,0,0
476,0,repeated_777,2.0,0,0.35004553176678777,1,0.5290101399630016,0,0
477,0,repeated_777,3.0,0,0.18785786262048834,0,0.1533930516936984,0,0
478,0,repeated_777,1.0,0,0.11111269313871308,0,0.1495280382467477,0,0
479,0,repeated_777,4.0,0,0.09889207465131201,0,0.1837979713075507,0,0
480,1,repeated_777,3.0,1,0.5671732583704346,0,0.4941110378057659,0,1
481,0,repeated_777,0.0,0,0.26525689360851823,0,0.246790889800913,0,0
482,0,repeated_777,2.0,0,0.11183729315838109,0,0.2980868304201187,0,0
483,0,repeated_777,4.0,0,0.1439533183349994,0,0.103799613467493,0,0
484,1,repeated_777,1.0,0,0.482865502280162,0,0.4279640818602824,0,0
485,1,repeated_777,0.0,0,0.39695160988771894,1,0.5234686590752023,0,0
486,0,repeated_777,1.0,0,0.26192451438686126,0,0.4113281428053966,0,0
487,1,repeated_777,3.0,1,0.9625920932299099,1,0.78204601567249,0,1
488,0,repeated_777,2.0,0,0.46055844443986993,0,0.4724325091829163,0,0
489,0,repeated_777,0.0,0,0.15170161891861314,0,0.1745296465970089,0,0
490,1,repeated_777,3.0,1,0.6890728522311798,1,0.5942225216817976,0,1
491,0,repeated_777,3.0,0,0.08543465886990907,0,0.2682779865406692,0,0
492,0,repeated_777,0.0,0,0.07313362698371641,0,0.2092672279511245,0,0
493,0,repeated_777,1.0,0,0.28287253442658056,0,0.3758770659177808,0,0
494,0,repeated_777,1.0,0,0.24546618568619763,0,0.250205625624369,0,0
495,0,repeated_777,1.0,0,0.11252622542116576,0,0.1671726204939914,0,0
496,0,repeated_777,3.0,0,0.15214871359428336,0,0.179921785909138,0,0
497,1,repeated_777,4.0,1,0.9581052508941272,1,0.7468250890065901,0,1
498,0,repeated_777,3.0,0,0.10204402466747045,0,0.2552567977894533,0,0
499,0,repeated_777,0.0,1,0.9416324573062036,1,0.7954435051752673,0,1
500,0,repeated_777,1.0,0,0.07938471589424376,0,0.1145049297840129,0,0
501,0,repeated_777,3.0,0,0.11745845923853626,0,0.1150189594916235,0,0
502,0,repeated_777,4.0,1,0.692393320366985,0,0.3708072218892813,0,1
503,0,repeated_777,3.0,1,0.7691770357358059,1,0.5989011266554767,0,1
504,0,repeated_777,1.0,0,0.4496475441065644,1,0.5070851115076893,0,0
505,1,repeated_777,0.0,1,0.9727033326720519,1,0.7776735960654197,0,1
506,0,repeated_777,0.0,0,0.3904531381047302,1,0.5851746100002763,0,0
507,1,repeated_777,1.0,1,0.8608365144839452,1,0.5700007425079474,0,1
508,1,repeated_777,0.0,0,0.27407221273409166,0,0.3264326452225421,0,0
509,0,repeated_777,2.0,0,0.09804739372760292,0,0.1683091241282445,0,0
510,1,repeated_777,0.0,0,0.1591704416733933,0,0.2710873538417909,0,0
511,1,repeated_777,2.0,0,0.08229160116913749,0,0.2321636977992674,0,0
512,0,repeated_777,0.0,0,0.08664672560375561,0,0.1768168554619693,0,0
513,1,repeated_777,3.0,0,0.4806918612980999,0,0.4835163621384042,0,0
514,1,repeated_777,0.0,1,0.9537544254500714,1,0.7387028812508506,0,1
515,0,repeated_777,2.0,0,0.0809155800857613,0,0.0844842655586946,0,0
516,0,repeated_777,2.0,1,0.5566741288123388,0,0.3739178428387433,0,1
517,1,repeated_777,4.0,1,0.8811009062824149,1,0.5940281961147497,0,1
518,0,repeated_777,3.0,0,0.18192827264955574,0,0.1446997332992384,0,0
519,1,repeated_777,2.0,1,0.8519802828123093,1,0.6393439204019016,0,1
520,0,repeated_777,2.0,0,0.09464307029867512,0,0.0674784523721676,0,0
521,1,repeated_777,2.0,1,0.9574209501709763,1,0.7863431899661631,0,1
522,0,repeated_777,1.0,0,0.08000790255010938,0,0.0698156632559961,0,0
523,0,repeated_777,3.0,0,0.11908043038163757,0,0.1622515073893897,0,0
524,1,repeated_777,0.0,1,0.9798165806185778,1,0.7654492152721334,0,1
525,0,repeated_777,2.0,0,0.12059061182068727,0,0.2438484811088044,0,0
526,0,repeated_777,4.0,0,0.10178524106351153,0,0.2440877426263101,0,0
527,1,repeated_777,2.0,1,0.7657916495897253,0,0.2923072173229797,0,1
528,0,repeated_777,2.0,0,0.3746727281926442,0,0.3798903460522284,0,0
529,0,repeated_777,4.0,0,0.14431033196715512,0,0.1818254012785951,0,0
530,0,repeated_777,2.0,0,0.1332635005111755,0,0.3223298051785259,0,0
531,1,repeated_777,0.0,1,0.9136049003295313,1,0.5308731592149525,0,1
532,0,repeated_777,4.0,0,0.14649636610516742,0,0.2552414305589429,0,0
533,0,repeated_777,0.0,0,0.16726178923829485,0,0.143556690376437,0,0
534,1,repeated_777,4.0,1,0.5982965169082345,1,0.6472032716967121,0,1
535,0,repeated_777,4.0,0,0.4858961175205827,0,0.3842787127054756,0,0
536,1,repeated_777,0.0,1,0.9127865636885119,1,0.5169923037428561,0,1
537,0,repeated_777,3.0,0,0.4073790044859306,0,0.493604356179025,0,0
538,1,repeated_777,4.0,1,0.934503113406062,1,0.7359804767073167,0,1
539,0,repeated_777,1.0,0,0.08734156112667534,0,0.1630223150746172,0,0
540,1,repeated_777,0.0,1,0.9660516635586188,1,0.8126133027430341,0,1
541,1,repeated_777,3.0,1,0.8051794786024347,1,0.5373770316151117,0,1
542,0,repeated_777,0.0,0,0.2712454931515058,0,0.2987811456781679,0,0
543,0,repeated_777,4.0,0,0.39169959613407557,0,0.2926055823349371,0,0
544,1,repeated_777,0.0,0,0.06429021119318415,0,0.2332682093366283,0,0
545,0,repeated_777,1.0,0,0.3892868588999417,0,0.3848160636667891,0,0
546,0,repeated_777,4.0,0,0.2041607232369274,0,0.2274843462327294,0,0
547,1,repeated_777,3.0,1,0.8514962495545058,1,0.755666204489819,0,1
548,1,repeated_777,3.0,0,0.12926709144768242,0,0.191009228155973,0,0
549,0,repeated_777,4.0,0,0.14155552452100578,0,0.2926560657875643,0,0
550,1,repeated_777,2.0,1,0.6397926033657961,0,0.3973419138426908,0,1
551,1,repeated_777,4.0,0,0.40389888319649,0,0.3277115879406974,0,0
552,0,repeated_777,1.0,0,0.11985128297389182,0,0.1834576262643041,0,0
553,0,repeated_777,1.0,0,0.1522033353052041,0,0.2190938301757342,0,0
554,1,repeated_777,3.0,0,0.12378120451139606,0,0.3641540906686272,0,0
555,1,repeated_777,2.0,1,0.5537250675483414,0,0.2809508147857205,0,1
556,0,repeated_777,4.0,0,0.2041607232369274,0,0.2219861183741266,0,0
557,1,repeated_777,4.0,1,0.9191914560414275,1,0.7484113724208402,0,1
558,0,repeated_777,3.0,0,0.21865032773894913,0,0.3193012004161272,0,0
559,1,repeated_777,4.0,1,0.9555975859074247,1,0.7151370102314724,0,1
560,1,repeated_777,3.0,1,0.551494574526743,1,0.5515580470120828,0,1
561,0,repeated_777,3.0,0,0.09155560411408299,0,0.1828597269571212,0,0
562,0,repeated_777,3.0,0,0.08165852614542735,0,0.0735648194098219,0,0
563,0,repeated_777,4.0,0,0.09858978086989621,0,0.2168160921596726,0,0
564,0,repeated_777,1.0,0,0.10429146083613505,0,0.1096500621141842,0,0
565,0,repeated_777,3.0,1,0.5358940805012524,0,0.4879305389222648,0,1
566,0,repeated_777,4.0,0,0.13797768073764854,0,0.1790527948696697,0,0
567,0,repeated_777,3.0,0,0.10221379524195719,0,0.0940988907490815,0,0
568,0,repeated_777,4.0,0,0.33300442066711483,0,0.3860707492810186,0,0
569,0,repeated_777,4.0,0,0.14649636610516742,0,0.2125358140548339,0,0
570,1,repeated_777,3.0,0,0.08752814608366363,0,0.1550147533371,0,0
571,1,repeated_777,0.0,0,0.10047711624298628,0,0.1727067041585878,0,0
572,1,repeated_777,2.0,1,0.94026357754359,1,0.7974666088357528,0,1
573,1,repeated_777,4.0,0,0.4277465933241068,0,0.4414450499631492,0,0
574,1,repeated_777,4.0,1,0.6874399050516296,1,0.6916399836591045,0,1
575,0,repeated_777,3.0,0,0.14556585295840285,0,0.1110630526016218,0,0
576,0,repeated_777,3.0,0,0.10368138603431752,0,0.1778425996479581,0,0
577,1,repeated_777,4.0,1,0.8931133989235224,1,0.5101664624566832,0,1
578,1,repeated_777,2.0,1,0.927286528815793,1,0.6877904542466592,0,1
579,0,repeated_777,2.0,1,0.6664805936347183,1,0.6157767536993678,0,1
580,1,repeated_777,3.0,0,0.10791925151870495,0,0.2174763161901286,0,0
581,1,repeated_777,2.0,1,0.8695809979395377,1,0.6492920208994702,0,1
582,1,repeated_777,4.0,1,0.9496481538958172,1,0.6740413079697914,0,1
583,0,repeated_777,1.0,0,0.11420894023143931,0,0.1502170567798488,0,0
584,0,repeated_777,2.0,1,0.5080607029011092,0,0.3098404307668389,0,1
585,0,repeated_777,1.0,0,0.1640474297469273,0,0.132481744114781,0,0
586,1,repeated_777,4.0,1,0.9336357059837147,1,0.6976256274921275,0,1
587,0,repeated_777,0.0,0,0.11840682049840888,0,0.245207137527106,0,0
588,1,repeated_777,2.0,0,0.41603949847983346,1,0.607132201073431,0,0
589,0,repeated_777,3.0,0,0.10320399828343989,0,0.2427379849649057,0,0
590,0,repeated_777,3.0,0,0.10252793829129708,0,0.1613890065943568,0,0
591,0,repeated_777,2.0,0,0.08785366705312461,0,0.247596942561953,0,0
592,1,repeated_777,2.0,1,0.9668210221700092,1,0.7269768889046202,0,1
593,0,repeated_777,2.0,0,0.08850739237857992,0,0.1048204065893468,0,0
594,0,repeated_777,1.0,1,0.6521056872023463,0,0.3589050412549214,0,1
595,0,repeated_777,2.0,0,0.10439229751389298,0,0.1832750087281666,0,0
596,0,repeated_777,1.0,0,0.13804518271418761,0,0.1802118649765098,0,0
597,1,repeated_777,2.0,1,0.8188661171734092,0,0.4627015244214966,0,1
598,0,repeated_777,1.0,0,0.19034174337514045,0,0.2377656001110523,0,0
599,0,repeated_777,3.0,0,0.11908043038163757,0,0.3537605861609744,0,0
600,1,repeated_777,0.0,1,0.5021041395087991,1,0.6623153913898572,0,1
601,1,repeated_777,4.0,1,0.9040953860663238,1,0.5072239257335721,0,1
602,0,repeated_777,1.0,0,0.07938471589424376,0,0.0663737253345601,0,0
603,0,repeated_777,0.0,0,0.20609132667257843,0,0.2791645271892902,0,0
604,0,repeated_777,0.0,0,0.1393985182963492,0,0.2291388728289222,0,0
605,1,repeated_777,3.0,0,0.20313787495105437,0,0.3911708649557039,0,0
606,0,repeated_777,4.0,0,0.08858054809149504,0,0.1886431769636996,0,0
607,0,repeated_777,1.0,0,0.10121476655753224,0,0.1054883087532123,0,0
608,1,repeated_777,4.0,0,0.2533732247485235,0,0.2266252575841789,0,0
609,1,repeated_777,4.0,1,0.9046605202893652,1,0.6085174766071823,0,1
610,1,repeated_777,3.0,1,0.9672351884977962,1,0.7849307365413054,0,1
611,0,repeated_777,4.0,0,0.398294029989078,0,0.2875846684803916,0,0
612,0,repeated_777,4.0,0,0.10686422707635615,0,0.1259039079470927,0,0
613,1,repeated_777,2.0,1,0.6087659641861888,1,0.6063191426106164,0,1
614,0,repeated_777,0.0,0,0.054453323117905746,0,0.176975232961366,0,0
615,0,repeated_777,4.0,0,0.14431033196715512,0,0.1379439485217682,0,0
616,1,repeated_777,2.0,1,0.7761865066236049,1,0.6239656684175726,0,1
617,0,repeated_777,4.0,0,0.1422183852948666,0,0.1536350976356731,0,0
618,0,repeated_777,0.0,1,0.5021662333434281,0,0.4431408802215362,0,1
619,1,repeated_777,3.0,1,0.9086419579279446,1,0.8119054864628569,0,1
620,0,repeated_777,2.0,0,0.11609481589484451,0,0.2305791708343499,0,0
621,0,repeated_777,4.0,0,0.15106879602310969,0,0.2927875384458725,0,0
622,1,repeated_777,1.0,0,0.3969737548655989,0,0.4543304229440415,0,0
623,1,repeated_777,2.0,0,0.1913897121513627,0,0.2159191980162036,0,0
624,0,repeated_777,0.0,0,0.09762027534422071,0,0.1203372818792371,0,0
625,0,repeated_777,3.0,0,0.10926490996670066,0,0.1337804993996577,0,0
626,0,repeated_777,0.0,0,0.4309649652095796,0,0.2933594615856502,0,0
627,0,repeated_777,4.0,0,0.2290734141726873,0,0.2195203332634057,0,0
628,1,repeated_777,1.0,1,0.9334946597056519,1,0.6878964322511599,0,1
629,0,repeated_777,3.0,0,0.09232613385570515,0,0.0997537365836184,0,0
630,0,repeated_777,4.0,0,0.09945207014932331,0,0.2056898984429644,0,0
631,1,repeated_777,4.0,0,0.2395431595408207,0,0.3805373495331706,0,0
632,0,repeated_777,4.0,0,0.10722656840329998,0,0.173684361592299,0,0
633,1,repeated_777,0.0,0,0.46846301454887757,0,0.4604450395221098,0,0
634,0,repeated_777,0.0,0,0.19226706377465622,0,0.2047036437583699,0,0
635,0,repeated_777,2.0,0,0.17042317496045037,0,0.210312358718488,0,0
636,1,repeated_777,0.0,1,0.8779234263020722,1,0.685369801363621,0,1
637,0,repeated_777,2.0,0,0.10482163774055353,0,0.2821996218108595,0,0
638,0,repeated_777,0.0,0,0.07302995095002156,0,0.2824331610543091,0,0
639,0,repeated_777,3.0,0,0.20399627837917111,0,0.3972844743563145,0,0
640,0,repeated_777,0.0,0,0.11008735770880192,0,0.274607014523251,0,0
641,0,repeated_777,1.0,0,0.08790437075370397,0,0.1394241082328507,0,0
642,1,repeated_777,1.0,1,0.9498618604459174,1,0.5934629084617316,0,1
643,0,repeated_777,1.0,0,0.24767451478804964,0,0.4187834875867317,0,0
644,1,repeated_777,0.0,0,0.1338570284013026,0,0.2269560834779243,0,0
645,1,repeated_777,4.0,1,0.6556426015020554,1,0.7065206151508591,0,1
646,1,repeated_777,0.0,0,0.3380103748739233,1,0.5322969979651386,0,0
647,0,repeated_777,3.0,0,0.10221379524195719,0,0.0971054135263556,0,0
648,1,repeated_777,1.0,0,0.3909619649534045,0,0.4805387902518341,0,0
649,0,repeated_777,0.0,0,0.06592361435744501,0,0.1722276123661184,0,0
650,1,repeated_777,1.0,1,0.5018875604811348,0,0.4296850432685741,0,1
651,0,repeated_777,4.0,0,0.10440590555373881,0,0.0694347561567879,0,0
652,1,repeated_777,1.0,1,0.8357321591891657,1,0.6781171622813633,0,1
653,0,repeated_777,2.0,0,0.09405072976787995,0,0.2256218697289498,0,0
654,1,repeated_777,2.0,1,0.6426179595946391,0,0.4890969329557686,0,1
655,0,repeated_777,3.0,1,0.7510234680308966,1,0.6861740030027029,0,1
656,0,repeated_777,1.0,0,0.17212526928890007,0,0.1866266441285093,0,0
657,0,repeated_777,2.0,0,0.0777160624633931,0,0.1109548289778343,0,0
658,0,repeated_777,3.0,1,0.5100262164160038,0,0.3974889017493229,0,1
659,0,repeated_777,0.0,0,0.08480613540532654,0,0.2643705407306735,0,0
660,0,repeated_777,4.0,0,0.42742186613924443,1,0.5398535341180559,0,0
661,1,repeated_777,4.0,0,0.34550230821175354,0,0.3340192003413281,0,0
662,0,repeated_777,0.0,0,0.11740203243769527,0,0.1312949795937131,0,0
663,0,repeated_777,2.0,1,0.5857956343888409,0,0.4223912949301485,0,1
664,0,repeated_777,0.0,0,0.10441436708972279,0,0.0637640973556399,0,0
665,1,repeated_777,4.0,0,0.11210268954067373,0,0.2490751212036024,0,0
666,0,repeated_777,3.0,0,0.15876859654344516,0,0.1920194488254309,0,0
667,0,repeated_777,0.0,0,0.08480613540532654,0,0.1981113560513122,0,0
668,0,repeated_777,0.0,0,0.07643855517487337,0,0.1609344752361578,0,0
669,0,repeated_777,4.0,0,0.14469741377547982,0,0.1620986950924884,0,0
670,1,repeated_777,2.0,1,0.9549534176247992,1,0.8524795615419538,0,1
671,1,repeated_777,4.0,1,0.9082269887776432,1,0.6243460173938785,0,1
672,0,repeated_777,3.0,0,0.33811035154168706,0,0.4948537386225409,0,0
673,0,repeated_777,0.0,0,0.09989859846446851,0,0.2421151192238471,0,0
674,1,repeated_777,1.0,0,0.11689748444102303,0,0.1866378604195609,0,0
675,0,repeated_777,3.0,0,0.10911590632737342,0,0.20476540864308,0,0
676,0,repeated_777,4.0,0,0.10368003657958243,0,0.1430334000069331,0,0
677,0,repeated_777,2.0,0,0.08302911847958103,0,0.1740253146204335,0,0
678,1,repeated_777,3.0,0,0.4969616360342066,0,0.471384590181972,0,0
679,0,repeated_777,2.0,0,0.33928702207440864,0,0.3922067549949346,0,0
680,1,repeated_777,3.0,0,0.382562140973802,0,0.48580534133829,0,0
681,0,repeated_777,1.0,1,0.7209530044373142,1,0.6556512007363597,0,1
682,1,repeated_777,0.0,0,0.3997382448569384,1,0.5127376172673577,0,0
683,0,repeated_777,1.0,0,0.1101315431391719,0,0.2033282924704746,0,0
684,0,repeated_777,1.0,0,0.22279011577539434,0,0.0856297257390677,0,0
685,0,repeated_777,1.0,0,0.17157346846678811,0,0.3909267471860534,0,0
686,0,repeated_777,1.0,0,0.30166957196887495,0,0.3346296756919032,0,0
687,0,repeated_777,0.0,0,0.13099091789159054,0,0.0947526300928511,0,0
688,0,repeated_777,0.0,0,0.08841243480817716,0,0.1296942653225426,0,0
689,0,repeated_777,4.0,0,0.10368003657958243,0,0.2332935175381917,0,0
690,1,repeated_777,3.0,1,0.9377966564241023,1,0.7763032388935136,0,1
691,1,repeated_777,4.0,0,0.34631120686368866,1,0.6497555777749477,0,0
692,1,repeated_777,2.0,1,0.6781294001188316,0,0.3301349305134201,0,1
693,1,repeated_777,0.0,0,0.1338570284013026,0,0.2454244299758868,0,0
694,0,repeated_777,4.0,0,0.14649636610516742,0,0.1886118191678034,0,0
695,0,repeated_777,0.0,0,0.34704687561730996,0,0.3206714955601591,0,0
696,0,repeated_777,3.0,0,0.11261387735470187,0,0.2850568947887403,0,0
697,0,repeated_777,2.0,0,0.09804783522146553,0,0.1993575997522338,0,0
698,1,repeated_777,1.0,1,0.7528423818767117,1,0.6718956727919726,0,1
699,0,repeated_777,3.0,0,0.41526084936433766,1,0.6187780867678558,0,0
700,0,repeated_777,3.0,0,0.14666268758841777,0,0.3180646719064069,0,0
701,1,repeated_777,2.0,1,0.874302363876487,1,0.7442639982267225,0,1
702,1,repeated_777,1.0,0,0.46728552210684793,1,0.527626526711646,0,0
703,0,repeated_777,2.0,1,0.5771046648115998,1,0.5742969785366958,0,1
704,0,repeated_777,4.0,0,0.09945207014932331,0,0.1291574745756148,0,0
705,0,repeated_777,4.0,0,0.09851496516164712,0,0.1962795382296221,0,0
706,0,repeated_777,3.0,0,0.1240419070954941,0,0.4620100667207878,0,0
707,1,repeated_777,1.0,1,0.8160068805533603,1,0.7175431815902532,0,1
708,1,repeated_777,4.0,0,0.36257287662853527,0,0.4360576929227876,0,0
709,1,repeated_777,1.0,1,0.7356037843173701,1,0.6021072777478287,0,1
710,1,repeated_777,1.0,1,0.6046516624305329,1,0.6428018796154517,0,1
711,1,repeated_777,1.0,1,0.9284788734192316,1,0.7978734441030022,0,1
712,0,repeated_777,2.0,0,0.44810536826604935,1,0.6141124872239121,0,0
713,1,repeated_777,3.0,0,0.33286284657720194,1,0.5440889260783385,0,0
714,0,repeated_777,1.0,0,0.1352208467706549,0,0.1536695140697159,0,0
715,0,repeated_777,1.0,0,0.10552562351191412,0,0.2447599844833158,0,0
716,0,repeated_777,1.0,0,0.14673169699726574,0,0.2337245367851322,0,0
717,1,repeated_777,2.0,1,0.9122431522535935,1,0.7445380001781747,0,1
718,1,repeated_777,4.0,1,0.874389276341914,1,0.791143371568456,0,1
719,0,repeated_777,4.0,0,0.10879825828226652,0,0.1783443708775743,0,0
720,0,repeated_777,4.0,0,0.12668969076134823,0,0.1220268749686379,0,0
721,1,repeated_777,2.0,1,0.8926123770753369,1,0.6426776650664549,0,1
722,0,repeated_777,4.0,0,0.10268846242387483,0,0.2115998421902286,0,0
723,0,repeated_777,1.0,0,0.11689748444102303,0,0.2253758320887748,0,0
724,0,repeated_777,2.0,0,0.13472063291923492,0,0.2007273930125905,0,0
725,1,repeated_777,0.0,0,0.3737117520501532,0,0.464299203995259,0,0
726,0,repeated_777,3.0,0,0.11745845923853626,0,0.1301094588265823,0,0
727,1,repeated_777,0.0,1,0.8090037261016872,0,0.4416609466901807,0,1
728,1,repeated_777,4.0,1,0.6874399050516296,1,0.6464718452343681,0,1
729,0,repeated_777,1.0,0,0.11335092788092087,0,0.2187313399450232,0,0
730,0,repeated_777,4.0,0,0.4918441877796629,1,0.5361275148716146,0,0
731,1,repeated_777,4.0,1,0.9603759345123034,1,0.7089693872529057,0,1
732,0,repeated_777,4.0,0,0.18748464860335387,0,0.1897121445435558,0,0
733,0,repeated_777,0.0,0,0.09902756847146209,0,0.1925492907442569,0,0
734,0,repeated_777,3.0,0,0.10828759497368776,0,0.2542895534930817,0,0
735,0,repeated_777,4.0,0,0.07631821912243675,0,0.2148200232047586,0,0
736,0,repeated_777,4.0,0,0.1541002266175136,0,0.185620401860565,0,0
737,0,repeated_777,2.0,0,0.2866150430542855,0,0.4466056741786954,0,0
738,1,repeated_777,2.0,0,0.4834472966692841,1,0.5404559811090922,0,0
739,0,repeated_777,4.0,0,0.10440590555373881,0,0.0764517666634956,0,0
740,0,repeated_777,3.0,0,0.08567440277194777,0,0.0937211595153113,0,0
741,1,repeated_777,1.0,0,0.4017147844182338,0,0.3192133813225715,0,0
742,0,repeated_777,4.0,0,0.336962109679758,0,0.389712340791558,0,0
743,1,repeated_777,2.0,1,0.8063161143088455,1,0.7403944745553344,0,1
744,0,repeated_777,2.0,0,0.07132990828796035,0,0.1774264462452233,0,0
745,1,repeated_777,2.0,0,0.10482163774055353,0,0.2737424907437513,0,0
746,0,repeated_777,0.0,0,0.4887984407106518,0,0.4116634089582318,0,0
747,0,repeated_777,3.0,0,0.2030045163766076,0,0.281683735847234,0,0
748,1,repeated_777,2.0,1,0.8037180670203935,1,0.5506174559785845,0,1
749,0,repeated_777,3.0,0,0.494435187866881,0,0.4668664435491186,0,0
750,0,repeated_777,0.0,0,0.10901112769755496,0,0.1701024242339262,0,0
751,1,repeated_777,1.0,1,0.8946629689407035,1,0.5213886486945453,0,1
752,1,repeated_777,1.0,1,0.6422011268576274,1,0.6630872975792008,0,1
753,0,repeated_777,0.0,0,0.14518205346812763,0,0.095795528117692,0,0
754,0,repeated_777,4.0,0,0.10440590555373881,0,0.0888425830918346,0,0
755,1,repeated_777,3.0,1,0.7968129952596225,1,0.7084407836885889,0,1
756,1,repeated_777,0.0,1,0.6656511319295102,0,0.4043273457143587,0,1
757,0,repeated_777,2.0,0,0.09405814966974674,0,0.1494822104098837,0,0
758,0,repeated_777,1.0,0,0.10695820294468493,0,0.3440727489332298,0,0
759,0,repeated_777,3.0,0,0.11135367052511946,0,0.241732871052326,0,0
760,1,repeated_777,3.0,1,0.9715676892298135,1,0.7921201972334195,0,1
761,0,repeated_777,0.0,0,0.08911396104090959,0,0.1482184571862644,0,0
762,0,repeated_777,2.0,0,0.08850739237857992,0,0.236512302545413,0,0
763,1,repeated_777,0.0,0,0.09565761077809228,0,0.2248400463008243,0,0
764,1,repeated_777,4.0,1,0.9254618477779023,1,0.7762733281354608,0,1
765,0,repeated_777,4.0,0,0.1270192668076447,0,0.1133713483084645,0,0
766,1,repeated_777,2.0,1,0.9545961719685647,1,0.7031641401994472,0,1
767,0,repeated_777,0.0,0,0.3662880975399738,0,0.2760100625184649,0,0
768,0,repeated_777,3.0,1,0.7329478824668121,1,0.5991417151202008,0,1
769,0,repeated_777,3.0,0,0.24825797827168972,0,0.1996854294959633,0,0
770,0,repeated_777,0.0,0,0.14518205346812763,0,0.2232246789233258,0,0
771,0,repeated_777,0.0,0,0.08081049900035431,0,0.1653059980208823,0,0
772,0,repeated_777,0.0,0,0.1309186009595067,0,0.230948907353724,0,0
773,0,repeated_777,4.0,1,0.8862560526989034,1,0.7344047883588899,0,1
774,0,repeated_777,0.0,0,0.08202945363993254,0,0.1529527033646556,0,0
775,1,repeated_777,3.0,1,0.6326712947981262,1,0.8021453775554795,0,1
776,0,repeated_777,0.0,0,0.07338340630420814,0,0.2042222009611559,0,0
777,0,repeated_777,2.0,0,0.21838865053169643,0,0.2965550673040926,0,0
778,1,repeated_777,0.0,1,0.5686454633519425,0,0.4955641649482998,0,1
779,0,repeated_777,1.0,0,0.10547969605043027,0,0.1703761388246258,0,0
780,1,repeated_777,4.0,1,0.9343272906132454,1,0.6782846611677942,0,1
781,1,repeated_777,3.0,1,0.6964668581077413,1,0.5051305371342902,0,1
782,1,repeated_777,2.0,1,0.9308602161065794,1,0.900741055971129,0,1
783,0,repeated_777,2.0,1,0.6173051209680173,1,0.5773364691931552,0,1
784,0,repeated_777,1.0,0,0.1659566272799897,0,0.1458656342806963,0,0
785,0,repeated_777,3.0,0,0.09122187545437155,0,0.1414021477971826,0,0
786,0,repeated_777,0.0,0,0.0655686439556227,0,0.2326552858515057,0,0
787,1,repeated_777,3.0,1,0.5664823178977776,0,0.4054610495399647,0,1
788,0,repeated_777,1.0,0,0.2941766580662201,0,0.3405555038196849,0,0
789,1,repeated_777,4.0,1,0.6147219929505466,1,0.5524080873898775,0,1
790,0,repeated_777,0.0,0,0.3104107782043252,0,0.3715929936616911,0,0
791,0,repeated_777,1.0,0,0.10547969605043027,0,0.3496289423558205,0,0
792,0,repeated_777,0.0,0,0.1575217709536672,0,0.1291656531379176,0,0
793,0,repeated_777,2.0,0,0.3005672769103146,0,0.4322234201917408,0,0
794,0,repeated_777,0.0,0,0.26089041582393274,0,0.3742747200040885,0,0
795,0,repeated_777,2.0,0,0.0777160624633931,0,0.1187780064115076,0,0
796,0,repeated_777,2.0,0,0.13411458803325438,0,0.1548244953306757,0,0
797,1,repeated_777,1.0,1,0.6933107977314612,1,0.7030532888453912,0,1
798,1,repeated_777,4.0,1,0.5103129189903957,0,0.3104021163891755,0,1
799,0,repeated_777,0.0,0,0.1278067014247115,0,0.2384039148438725,0,0
800,0,repeated_777,3.0,0,0.4564458889113063,0,0.4569435659831947,0,0
801,0,repeated_777,4.0,0,0.08629207653854543,0,0.2568516005468983,0,0
802,1,repeated_777,0.0,1,0.9102459650566357,1,0.6968258318424949,0,1
803,1,repeated_777,0.0,1,0.7184825597791459,1,0.707950131684221,0,1
804,1,repeated_777,4.0,1,0.5559353675311509,0,0.4058682299754204,0,1
805,1,repeated_777,1.0,0,0.09855192053726272,0,0.1143299877108459,0,0
806,0,repeated_777,1.0,0,0.10121476655753224,0,0.1067836991005977,0,0
807,0,repeated_777,2.0,0,0.40368669066748036,0,0.416240437080492,0,0
808,0,repeated_777,3.0,1,0.5566256612960253,0,0.3075247141556694,0,1
809,0,repeated_777,1.0,0,0.11051816691699015,0,0.3070750778146988,0,0
810,1,repeated_777,4.0,1,0.9631781595870925,1,0.8121947401135117,0,1
811,0,repeated_777,1.0,0,0.08749300580872212,0,0.1935478153409931,0,0
812,0,repeated_777,2.0,0,0.11333178323556979,0,0.1378110142682891,0,0
813,0,repeated_777,4.0,0,0.08836166195974,0,0.1602797309318968,0,0
814,0,repeated_777,0.0,0,0.2712454931515058,0,0.2806881386445402,0,0
815,0,repeated_777,3.0,0,0.11135367052511946,0,0.1345935415195798,0,0
816,0,repeated_777,4.0,0,0.1977563965678149,0,0.3754532188222179,0,0
817,0,repeated_777,3.0,1,0.5264425797810893,1,0.5731396223261217,0,1
818,0,repeated_777,4.0,0,0.16355490990247804,0,0.3747747702922334,0,0
819,0,repeated_777,1.0,0,0.07876893777815445,0,0.2127352722709648,0,0
820,0,repeated_777,3.0,0,0.11815450979345633,0,0.2871966553618784,0,0
821,1,repeated_777,0.0,1,0.9819725611395607,1,0.7530152545644748,0,1
822,1,repeated_777,2.0,0,0.12139659471069035,0,0.1238897181050042,0,0
823,0,repeated_777,3.0,0,0.26775033036780505,0,0.381192490514566,0,0
824,1,repeated_777,1.0,1,0.5920872483241219,1,0.7142477327363355,0,1
825,0,repeated_777,0.0,0,0.19207930526235276,0,0.2437192728403336,0,0
826,0,repeated_777,0.0,0,0.05453494894679106,0,0.1549201119849385,0,0
827,0,repeated_777,3.0,0,0.2492109685277982,0,0.4122864192082447,0,0
828,1,repeated_777,3.0,1,0.6249631976777137,0,0.3819602780744799,0,1
829,1,repeated_777,0.0,0,0.054453323117905746,0,0.2138591499852991,0,0
830,1,repeated_777,3.0,1,0.9410063898141945,1,0.8165727408631656,0,1
831,1,repeated_777,4.0,1,0.645437764971927,1,0.6428253370241807,0,1
832,1,repeated_777,4.0,1,0.7135852452340491,0,0.496765625216465,0,1
833,0,repeated_777,3.0,0,0.11908043038163757,0,0.1684263708354819,0,0
834,0,repeated_777,2.0,0,0.0777160624633931,0,0.1798164921349336,0,0
835,0,repeated_777,1.0,0,0.1101315431391719,0,0.1911613301895028,0,0
836,1,repeated_777,2.0,1,0.9812558796159742,1,0.7481287524068271,0,1
837,0,repeated_777,3.0,0,0.11745845923853626,0,0.0850133756103296,0,0
838,0,repeated_777,2.0,0,0.08302911847958103,0,0.2195157153134521,0,0
839,1,repeated_777,3.0,0,0.24119540844934798,0,0.4478069339313006,0,0
840,1,repeated_777,3.0,0,0.3076515158592199,0,0.4848142903721767,0,0
841,0,repeated_777,2.0,0,0.08474437681186602,0,0.2458076855374743,0,0
842,0,repeated_777,2.0,0,0.13269023152385,0,0.156185387018918,0,0
843,1,repeated_777,1.0,1,0.852653122374743,0,0.4901771160272441,0,1
844,0,repeated_777,0.0,0,0.11740203243769527,0,0.2135402905548568,0,0
845,0,repeated_777,2.0,0,0.09405072976787995,0,0.0973636809385707,0,0
846,0,repeated_777,0.0,0,0.10380099560286779,0,0.2255243843811102,0,0
847,0,repeated_777,0.0,0,0.1375882223104558,0,0.0890246326527421,0,0
848,0,repeated_777,4.0,0,0.13308064573569886,0,0.0944197912794812,0,0
849,0,repeated_777,3.0,0,0.45737734217120773,0,0.3646391853365629,0,0
850,1,repeated_777,0.0,1,0.9837371610856203,1,0.7354095751614008,0,1
851,0,repeated_777,1.0,0,0.29173794186508145,0,0.2784703334025188,0,0
852,0,repeated_777,2.0,0,0.08430589950252472,0,0.0852630693181522,0,0
853,0,repeated_777,3.0,1,0.7254160372620213,1,0.5132161800027518,0,1
854,1,repeated_777,1.0,1,0.9457913821322871,1,0.7359785661111905,0,1
855,0,repeated_777,0.0,1,0.8955244689707388,1,0.599525756369477,0,1
856,1,repeated_777,0.0,1,0.5199698783452762,0,0.4998425255816746,0,1
857,1,repeated_777,1.0,1,0.8714213424161961,1,0.5878953913116634,0,1
858,1,repeated_777,3.0,0,0.4039021359408143,0,0.484110556378773,0,0
859,1,repeated_777,0.0,1,0.6353758934775164,1,0.617733465020093,0,1
860,0,repeated_777,1.0,0,0.13780105972832826,0,0.1351714979767048,0,0
861,0,repeated_777,0.0,0,0.1110422476660764,0,0.1400322309504877,0,0
862,0,repeated_777,1.0,0,0.1347592400639319,0,0.151008283980285,0,0
863,1,repeated_777,2.0,1,0.8944495736288745,1,0.829214659355981,0,1
864,0,repeated_777,2.0,0,0.3005672769103146,0,0.3756806217124141,0,0
865,0,repeated_777,2.0,0,0.10688498913931625,0,0.081928838548703,0,0
866,1,repeated_777,1.0,1,0.8057584721041027,1,0.6008121432727442,0,1
867,1,repeated_777,4.0,1,0.8743349928709427,1,0.5460542474886302,0,1
868,0,repeated_777,3.0,0,0.3206521029495823,0,0.3857355018809506,0,0
869,0,repeated_777,2.0,0,0.09141031664047575,0,0.1174371983035152,0,0
870,1,repeated_777,0.0,1,0.6888537943682976,0,0.4790424350476305,0,1
871,0,repeated_777,0.0,0,0.09881111272239797,0,0.103914539167008,0,0
872,1,repeated_777,0.0,1,0.9665375231837215,1,0.7998854068141293,0,1
873,0,repeated_777,4.0,0,0.258558427903894,0,0.4252834473242759,0,0
874,0,repeated_777,1.0,0,0.11563798021069989,0,0.092233716909989,0,0
875,1,repeated_777,0.0,1,0.80886955963677,1,0.5612305612649208,0,1
876,1,repeated_777,4.0,1,0.6918974560830724,1,0.7619393524586393,0,1
877,0,repeated_777,2.0,0,0.09346176603591388,0,0.1369856368658402,0,0
878,0,repeated_777,3.0,0,0.10221379524195719,0,0.0769591365800758,0,0
879,0,repeated_777,2.0,0,0.0777160624633931,0,0.0904713078438915,0,0
880,1,repeated_777,4.0,1,0.9618041579421239,1,0.7290127724436438,0,1
881,1,repeated_777,1.0,1,0.8608825191509084,1,0.5973641240629578,0,1
882,0,repeated_777,0.0,0,0.13270139583647272,0,0.0860080230782887,0,0
883,0,repeated_777,3.0,1,0.5424698849200481,1,0.620878915056934,0,1
884,0,repeated_777,2.0,0,0.13069274138458803,0,0.2394603170024085,0,0
885,0,repeated_777,4.0,0,0.10686422707635615,0,0.2140982116044429,0,0
886,0,repeated_777,3.0,0,0.30891225480502194,0,0.4975504812063224,0,0
887,0,repeated_777,1.0,0,0.22463518101140326,0,0.2189609783270153,0,0
888,1,repeated_777,0.0,1,0.9485932085183933,1,0.7006922082561622,0,1
889,0,repeated_777,0.0,0,0.49005033683684446,1,0.6150816753612127,0,0
890,1,repeated_777,1.0,0,0.346702704468911,0,0.4705392401809376,0,0
891,0,repeated_777,0.0,0,0.10901112769755496,0,0.2334904975996425,0,0
1,0,repeated_2026,3.0,0,0.09250310694947929,0,0.1643678696900873,0,0
2,1,repeated_2026,1.0,1,0.9795769196997174,1,0.7129319842433495,0,1
3,1,repeated_2026,2.0,1,0.5433815161310895,1,0.5620103858531783,0,1
4,1,repeated_2026,1.0,1,0.8294628111894348,1,0.63410772207964,0,1
5,0,repeated_2026,4.0,0,0.09520350673649904,0,0.113114876289355,0,0
6,0,repeated_2026,3.0,0,0.10273445955240093,0,0.1823616450143798,0,0
7,0,repeated_2026,2.0,0,0.39037962728686676,1,0.5723456166883393,0,0
8,0,repeated_2026,0.0,0,0.3029146165719535,0,0.1887732755359235,0,0
9,1,repeated_2026,3.0,1,0.5276234047598964,1,0.6963270458897762,0,1
10,1,repeated_2026,2.0,1,0.8455814918333756,1,0.6360793273445439,0,1
11,1,repeated_2026,0.0,1,0.700954982283434,1,0.6752408661120092,0,1
12,1,repeated_2026,1.0,1,0.8507405715826916,1,0.7992259826621094,0,1
13,0,repeated_2026,0.0,0,0.13091995009806567,0,0.1587253815021437,0,0
14,0,repeated_2026,3.0,0,0.13889447534078003,0,0.1028316534737802,0,0
15,0,repeated_2026,1.0,1,0.6144279566327648,0,0.4604422959889651,0,1
16,1,repeated_2026,1.0,1,0.8507091899801228,1,0.6162019226095626,0,1
17,0,repeated_2026,1.0,0,0.24578495351991228,0,0.4253934912382902,0,0
18,1,repeated_2026,4.0,0,0.10144100475929779,0,0.2081539195389135,0,0
19,0,repeated_2026,1.0,1,0.5267436793900818,0,0.4279086433498067,0,1
20,1,repeated_2026,2.0,1,0.7172468181131071,1,0.6543961699754054,0,1
21,0,repeated_2026,4.0,0,0.11474022404094048,0,0.1499175312284456,0,0
22,1,repeated_2026,2.0,0,0.3621511704886086,1,0.5725201245165407,0,0
23,1,repeated_2026,3.0,1,0.7131075628590055,1,0.6883113846503731,0,1
24,1,repeated_2026,4.0,0,0.3219570432210868,0,0.3676118398029275,0,0
25,0,repeated_2026,3.0,0,0.2743965162562711,0,0.2452388395406689,0,0
26,1,repeated_2026,4.0,0,0.3238665034027904,0,0.4754991340834109,0,0
27,0,repeated_2026,2.0,0,0.14238098177785674,0,0.22870723554225,0,0
28,0,repeated_2026,3.0,0,0.36308219636938505,0,0.4072289896948762,0,0
29,1,repeated_2026,1.0,1,0.7102172282239971,1,0.6715623565291482,0,1
30,0,repeated_2026,4.0,0,0.07693552378487375,0,0.0965734240635443,0,0
31,0,repeated_2026,2.0,0,0.3769153140031989,0,0.4730765736299857,0,0
32,1,repeated_2026,2.0,1,0.9704024283843597,1,0.8365323245752487,0,1
33,1,repeated_2026,1.0,1,0.7002363243163429,1,0.5670806181949466,0,1
34,0,repeated_2026,4.0,0,0.10961166526628406,0,0.2208657761813561,0,0
35,0,repeated_2026,2.0,0,0.27192105364791164,0,0.4216586077484882,0,0
36,0,repeated_2026,2.0,0,0.2008240016083162,0,0.4484166068147603,0,0
37,1,repeated_2026,4.0,0,0.08406989428411335,0,0.2516051416391541,0,0
38,0,repeated_2026,1.0,0,0.1008222544402131,0,0.1377586979716065,0,0
39,0,repeated_2026,0.0,0,0.47521785388763355,0,0.2129306458363757,0,0
40,1,repeated_2026,4.0,1,0.627401708678668,1,0.5220206810584685,0,1
41,0,repeated_2026,2.0,1,0.5411643981288242,0,0.466658215608253,0,1
42,0,repeated_2026,3.0,1,0.9155989724839242,1,0.5746859319099779,0,1
43,0,repeated_2026,3.0,0,0.13375603973894604,0,0.1673228131705171,0,0
44,1,repeated_2026,0.0,1,0.9027063910840227,1,0.5705900519128795,0,1
45,1,repeated_2026,4.0,1,0.6582679537942123,1,0.6157510315520678,0,1
46,0,repeated_2026,3.0,0,0.09886664266908803,0,0.1677974964236728,0,0
47,0,repeated_2026,4.0,0,0.12580961859952527,0,0.1539829012979815,0,0
48,1,repeated_2026,3.0,1,0.7577302074533092,1,0.6099725528600032,0,1
49,0,repeated_2026,2.0,0,0.19144981563673008,0,0.2081796117389944,0,0
50,0,repeated_2026,1.0,0,0.486519957367528,0,0.4462272114758953,0,0
51,0,repeated_2026,0.0,0,0.24917369572726414,0,0.3002565893297476,0,0
52,0,repeated_2026,0.0,0,0.10594262505534355,0,0.2245274569657924,0,0
53,1,repeated_2026,2.0,1,0.9405728483101042,1,0.8528714890139345,0,1
54,1,repeated_2026,0.0,1,0.8577021455972106,1,0.7397586953637612,0,1
55,0,repeated_2026,1.0,0,0.3994758866471003,0,0.3842377095311647,0,0
56,1,repeated_2026,3.0,0,0.26340257171468784,0,0.4118311500450309,0,0
57,1,repeated_2026,3.0,1,0.8463310989246734,0,0.4658996124999834,0,1
58,0,repeated_2026,0.0,0,0.15006384755086516,0,0.2113152165400625,0,0
59,1,repeated_2026,1.0,1,0.8734333458079301,0,0.4979910489282915,0,1
60,0,repeated_2026,0.0,0,0.2845206727841766,0,0.2278923729466221,0,0
61,0,repeated_2026,1.0,0,0.1413957581667671,0,0.2149144735708609,0,0
62,1,repeated_2026,1.0,1,0.9554854589706719,1,0.7946289991065913,0,1
63,0,repeated_2026,1.0,0,0.34557773161516847,0,0.3467242813242298,0,0
64,0,repeated_2026,2.0,0,0.17861470263280782,0,0.1775371173552364,0,0
65,0,repeated_2026,0.0,0,0.29897993998515404,0,0.3394847275536016,0,0
66,1,repeated_2026,4.0,1,0.5241979112456389,1,0.568004133131043,0,1
67,1,repeated_2026,3.0,1,0.8526525000009518,1,0.8264944821888882,0,1
68,0,repeated_2026,4.0,0,0.09259184129919128,0,0.1155930443999372,0,0
69,1,repeated_2026,1.0,0,0.3957235302399406,0,0.404187718690992,0,0
70,0,repeated_2026,2.0,0,0.136344856708503,0,0.169773411677458,0,0
71,0,repeated_2026,2.0,0,0.12239141078197029,0,0.2467475511013081,0,0
72,0,repeated_2026,4.0,0,0.2931179606082394,0,0.443866815211227,0,0
73,0,repeated_2026,2.0,0,0.13274894514222002,0,0.20469005131402,0,0
74,0,repeated_2026,3.0,0,0.1588288673831811,0,0.2140081563193567,0,0
75,1,repeated_2026,3.0,0,0.23547284726534767,0,0.3993587133288194,0,0
76,0,repeated_2026,1.0,0,0.1829576419869792,0,0.180764850048519,0,0
77,0,repeated_2026,4.0,0,0.07693552378487375,0,0.0706921907802166,0,0
78,0,repeated_2026,4.0,0,0.08151638765282132,0,0.1821894044401097,0,0
79,1,repeated_2026,0.0,1,0.6882936682898948,1,0.5049019853987112,0,1
80,1,repeated_2026,0.0,0,0.46610630256845353,1,0.5504527853096457,0,0
81,0,repeated_2026,3.0,0,0.09014315507612312,0,0.1903023824552925,0,0
82,1,repeated_2026,3.0,0,0.1157591159475536,0,0.1544161672867087,0,0
83,1,repeated_2026,4.0,1,0.6763421957109687,0,0.4791807758502051,0,1
84,0,repeated_2026,3.0,0,0.2949716470550977,0,0.2391745098060839,0,0
85,1,repeated_2026,4.0,1,0.8386692450389891,1,0.5653951171460458,0,1
86,1,repeated_2026,2.0,1,0.5737803999343687,0,0.4035989187600786,0,1
87,0,repeated_2026,2.0,0,0.16005266768242507,0,0.0941126561440659,0,0
88,0,repeated_2026,3.0,0,0.09886664266908803,0,0.2746218981939333,0,0
89,1,repeated_2026,1.0,1,0.6810163910387679,1,0.5773899819734958,0,1
90,0,repeated_2026,1.0,0,0.09724990364663519,0,0.1410116601767891,0,0
91,0,repeated_2026,4.0,0,0.10670223341573082,0,0.2085705473369676,0,0
92,0,repeated_2026,1.0,0,0.09007370526861515,0,0.1556877526136256,0,0
93,0,repeated_2026,4.0,0,0.4232972120014135,0,0.287142009493151,0,0
94,0,repeated_2026,4.0,0,0.10810224286155926,0,0.327329692313186,0,0
95,0,repeated_2026,1.0,0,0.09490498140314149,0,0.0969193711062797,0,0
96,0,repeated_2026,2.0,0,0.09635582110871665,0,0.238686165171496,0,0
97,0,repeated_2026,3.0,0,0.3191659325710861,0,0.4122221627367454,0,0
98,1,repeated_2026,1.0,0,0.4059280770479524,1,0.6325715770526835,0,0
99,1,repeated_2026,3.0,1,0.9023980741430282,1,0.6442472150545916,0,1
100,0,repeated_2026,4.0,0,0.11433551850022476,0,0.1882059024122652,0,0
101,0,repeated_2026,1.0,1,0.5417972648903429,0,0.3774512854047894,0,1
102,0,repeated_2026,3.0,0,0.08885117879539095,0,0.1476815817149584,0,0
103,0,repeated_2026,0.0,0,0.4985188361438656,0,0.3919057114564332,0,0
104,0,repeated_2026,1.0,0,0.14507650151541665,0,0.1444076722495693,0,0
105,0,repeated_2026,1.0,0,0.13349746757304243,0,0.1646376683886145,0,0
106,0,repeated_2026,2.0,0,0.12563511812678052,0,0.0862113112275716,0,0
107,1,repeated_2026,0.0,0,0.4596596851756592,0,0.4117183684635989,0,0
108,1,repeated_2026,4.0,0,0.07693552378487375,0,0.1530162183718433,0,0
109,0,repeated_2026,3.0,0,0.09696186320393929,0,0.0670213563600549,0,0
110,1,repeated_2026,4.0,1,0.5808932722472715,1,0.5032753582381125,0,1
111,0,repeated_2026,1.0,0,0.26044769161341025,0,0.4450565575012604,0,0
112,0,repeated_2026,1.0,0,0.4590664263690867,0,0.4914392893615497,0,0
113,0,repeated_2026,1.0,0,0.09734625747801386,0,0.0904257115684452,0,0
114,0,repeated_2026,4.0,1,0.5377778591592687,1,0.5171469405819304,0,1
115,0,repeated_2026,2.0,1,0.620698246782052,1,0.5566389704643946,0,1
116,0,repeated_2026,1.0,0,0.1008222544402131,0,0.3242849266270524,0,0
117,0,repeated_2026,0.0,0,0.10536639964108162,0,0.205840272419557,0,0
118,0,repeated_2026,3.0,0,0.08689523952287717,0,0.2649194289919911,0,0
119,0,repeated_2026,2.0,0,0.3722529216755467,1,0.632295537308039,0,0
120,0,repeated_2026,4.0,0,0.28361313080865336,0,0.4166692542718412,0,0
121,0,repeated_2026,3.0,0,0.1284110946989866,0,0.1879697323398473,0,0
122,0,repeated_2026,3.0,0,0.09886664266908803,0,0.1582807672086296,0,0
123,0,repeated_2026,1.0,0,0.20694853732933363,0,0.3885138660332987,0,0
124,1,repeated_2026,3.0,1,0.9003896506432995,1,0.7447459117891315,0,1
125,0,repeated_2026,0.0,0,0.44452711142693063,0,0.3802394353740244,0,0
126,1,repeated_2026,4.0,1,0.5706419450334478,0,0.488392875924759,0,1
127,0,repeated_2026,3.0,0,0.09942289450151691,0,0.1687522956717349,0,0
128,1,repeated_2026,4.0,0,0.05219249534919251,0,0.2310055704528295,0,0
129,1,repeated_2026,0.0,1,0.6837106894695512,1,0.7139521093604738,0,1
130,0,repeated_2026,1.0,0,0.09753487535171998,0,0.1097128262739307,0,0
131,0,repeated_2026,4.0,0,0.10867623749782997,0,0.1134760908694312,0,0
132,0,repeated_2026,1.0,0,0.09157866566118952,0,0.1485885991312199,0,0
133,0,repeated_2026,4.0,1,0.5340085824686029,0,0.4575960881642082,0,1
134,1,repeated_2026,1.0,1,0.9036935558315379,1,0.606805325022618,0,1
135,0,repeated_2026,0.0,0,0.09235790039897952,0,0.212207232908851,0,0
136,0,repeated_2026,0.0,0,0.14707655974913816,0,0.2778940190106459,0,0
137,1,repeated_2026,2.0,1,0.9014078517347872,1,0.7475821360175798,0,1
138,0,repeated_2026,0.0,0,0.4229490339106587,0,0.4919778906057543,0,0
139,0,repeated_2026,1.0,0,0.12594692932752785,0,0.1328506839972374,0,0
140,0,repeated_2026,1.0,0,0.387320285837388,0,0.4062940010851096,0,0
141,0,repeated_2026,1.0,0,0.4810726569862568,0,0.4270262639747291,0,0
142,1,repeated_2026,0.0,0,0.45979106430037386,0,0.3594693688611757,0,0
143,1,repeated_2026,4.0,1,0.5568489068286703,1,0.5078556189804359,0,1
144,0,repeated_2026,1.0,0,0.08674236641507234,0,0.1658783638165939,0,0
145,0,repeated_2026,4.0,0,0.09875669660394207,0,0.3224464931224692,0,0
146,0,repeated_2026,0.0,0,0.10770996977634026,0,0.2591901372780235,0,0
147,1,repeated_2026,0.0,0,0.12473393609531643,0,0.2035986219195956,0,0
148,0,repeated_2026,0.0,0,0.25285711402378114,0,0.4026189286073524,0,0
149,0,repeated_2026,0.0,0,0.29583100650445565,1,0.6711017207747936,0,0
150,0,repeated_2026,0.0,0,0.2495761622085286,0,0.2688260696854904,0,0
151,0,repeated_2026,0.0,0,0.24335137076477137,0,0.2939431772543993,0,0
152,1,repeated_2026,3.0,1,0.9159610792866879,1,0.6646978283278219,0,1
153,0,repeated_2026,0.0,0,0.14735154605689824,0,0.1550728151525563,0,0
154,0,repeated_2026,4.0,0,0.10881373715645828,0,0.1301333966417122,0,0
155,0,repeated_2026,4.0,0,0.07996008221954899,0,0.196975730760715,0,0
156,0,repeated_2026,4.0,0,0.2547878703650708,0,0.2235748282799914,0,0
157,1,repeated_2026,4.0,1,0.6845665990548822,1,0.6407958526100098,0,1
158,0,repeated_2026,2.0,0,0.1261806114862365,0,0.1957339899884626,0,0
159,0,repeated_2026,4.0,0,0.08290082421738511,0,0.1558790957757997,0,0
160,0,repeated_2026,4.0,0,0.29117333575529125,0,0.302258553719321,0,0
161,0,repeated_2026,0.0,0,0.06880074736548311,0,0.1356792308094909,0,0
162,1,repeated_2026,4.0,1,0.8521015047514346,1,0.6708648908452693,0,1
163,0,repeated_2026,4.0,0,0.08928739576251475,0,0.0864535063373959,0,0
164,0,repeated_2026,0.0,0,0.12313966917134382,0,0.1192298636165012,0,0
165,0,repeated_2026,3.0,0,0.17676075539544575,0,0.2221219280385358,0,0
166,1,repeated_2026,0.0,1,0.7039556352973889,0,0.382060427465583,0,1
167,1,repeated_2026,0.0,1,0.9855683483330072,1,0.8426107765324884,0,1
168,0,repeated_2026,3.0,0,0.264760458548306,0,0.3622507488998003,0,0
169,0,repeated_2026,1.0,0,0.2925924040234017,0,0.2436189357612735,0,0
170,0,repeated_2026,0.0,0,0.26347265546250626,1,0.5749876606857799,0,0
171,0,repeated_2026,1.0,0,0.28139324069840277,0,0.3198769567177015,0,0
172,0,repeated_2026,1.0,0,0.24578495351991228,0,0.2315640353854063,0,0
173,1,repeated_2026,1.0,1,0.6442516754409202,0,0.4444316846799859,0,1
174,0,repeated_2026,0.0,0,0.13091995009806567,0,0.3049658076079724,0,0
175,0,repeated_2026,0.0,0,0.42909579078630355,0,0.4315763571109617,0,0
176,0,repeated_2026,1.0,0,0.14095240483903476,0,0.1746305146142037,0,0
177,0,repeated_2026,1.0,0,0.24955071937237125,0,0.2383793195181485,0,0
178,0,repeated_2026,3.0,1,0.9652140242389613,1,0.8181800669232994,0,1
179,0,repeated_2026,0.0,0,0.11470662998837093,0,0.193252002673514,0,0
180,0,repeated_2026,3.0,0,0.12046378051062344,0,0.2617769278359011,0,0
181,0,repeated_2026,4.0,0,0.3262943956214598,0,0.3665643510331992,0,0
182,0,repeated_2026,1.0,0,0.13588627947071866,0,0.2554226944153939,0,0
183,0,repeated_2026,0.0,0,0.4207777832711534,1,0.5644018387622055,0,0
184,1,repeated_2026,3.0,1,0.666058011595749,1,0.6032922893593252,0,1
185,1,repeated_2026,0.0,1,0.6208074371164297,0,0.4660775372731233,0,1
186,0,repeated_2026,0.0,0,0.3645991558088959,0,0.426841665108544,0,0
187,1,repeated_2026,1.0,0,0.46264933433869126,0,0.4772868363852838,0,0
188,1,repeated_2026,2.0,0,0.20417383658150282,0,0.3797748827809867,0,0
189,0,repeated_2026,1.0,0,0.122489073760468,0,0.0715636554331004,0,0
190,0,repeated_2026,0.0,0,0.11150709211060035,0,0.0745160980121534,0,0
191,1,repeated_2026,4.0,1,0.845733544672823,0,0.4968475166392745,0,1
192,0,repeated_2026,4.0,0,0.09875669660394207,0,0.1277811547927173,0,0
193,1,repeated_2026,4.0,1,0.5273845784281272,0,0.4999452727456878,0,1
194,1,repeated_2026,2.0,1,0.7217442404758759,1,0.5509890612988876,0,1
195,1,repeated_2026,1.0,1,0.8823753179726243,1,0.6846114025284884,0,1
196,1,repeated_2026,4.0,1,0.9456256293160895,1,0.7773031800198318,0,1
197,0,repeated_2026,4.0,0,0.06116328317243845,0,0.1787789873311665,0,0
198,0,repeated_2026,2.0,0,0.12331322494211584,0,0.1814768047637463,0,0
199,1,repeated_2026,0.0,1,0.6138185908654764,1,0.6359948666360179,0,1
200,0,repeated_2026,3.0,1,0.895269128370296,1,0.7338844678419271,0,1
201,0,repeated_2026,3.0,0,0.1157591159475536,0,0.1250186177933513,0,0
202,0,repeated_2026,2.0,0,0.19713002063192928,0,0.085836320220974,0,0
203,0,repeated_2026,3.0,0,0.1038658289349168,0,0.1351820026327052,0,0
204,0,repeated_2026,4.0,0,0.08089491574453853,0,0.1517182764999143,0,0
205,1,repeated_2026,1.0,0,0.1008222544402131,0,0.098557264738548,0,0
206,0,repeated_2026,0.0,1,0.6458114107226047,1,0.5352829692761027,0,1
207,0,repeated_2026,2.0,0,0.0960506290891004,0,0.1817373198793223,0,0
208,1,repeated_2026,0.0,0,0.13605052709130214,0,0.1665616818276462,0,0
209,1,repeated_2026,0.0,1,0.6532927825988988,0,0.4774882725590331,0,1
210,1,repeated_2026,2.0,0,0.3161681441178329,0,0.3062733246220885,0,0
211,0,repeated_2026,3.0,0,0.08897427972822929,0,0.1510793519351752,0,0
212,1,repeated_2026,3.0,1,0.9040069280439907,1,0.6046444296994681,0,1
213,0,repeated_2026,0.0,0,0.09965956117197257,0,0.1361538274254362,0,0
214,0,repeated_2026,2.0,0,0.1228249852705617,0,0.1860483120250428,0,0
215,0,repeated_2026,1.0,0,0.11947043350760062,0,0.2688733257963692,0,0
216,1,repeated_2026,0.0,1,0.974881028118369,1,0.7440665462877015,0,1
217,1,repeated_2026,1.0,0,0.4940579081681743,1,0.6345131531600426,0,0
218,0,repeated_2026,4.0,0,0.12364122659362105,0,0.3591305914646577,0,0
219,1,repeated_2026,0.0,1,0.9685583703063689,1,0.8375223970209132,0,1
220,0,repeated_2026,4.0,0,0.10448426226446507,0,0.2906632150670465,0,0
221,1,repeated_2026,4.0,0,0.10339398635171125,0,0.1029735480077958,0,0
222,0,repeated_2026,2.0,0,0.12320207889043862,0,0.1731847447652661,0,0
223,0,repeated_2026,3.0,0,0.100298440534861,0,0.1953534022151683,0,0
224,0,repeated_2026,3.0,0,0.08885117879539095,0,0.1295001489301756,0,0
225,1,repeated_2026,2.0,0,0.32817251879047665,0,0.4618717426751111,0,0
226,0,repeated_2026,1.0,0,0.09308993152455065,0,0.388668019243757,0,0
227,1,repeated_2026,2.0,0,0.09149596837999929,0,0.169540065043645,0,0
228,0,repeated_2026,2.0,0,0.09841702464042824,0,0.1989183142268395,0,0
229,0,repeated_2026,4.0,0,0.09875669660394207,0,0.2011464330867887,0,0
230,0,repeated_2026,2.0,0,0.28751919911664847,0,0.3366250490868014,0,0
231,1,repeated_2026,4.0,1,0.9579668078187519,1,0.5524557007273558,0,1
232,0,repeated_2026,3.0,0,0.11359846287368792,0,0.1546661048991294,0,0
233,0,repeated_2026,4.0,0,0.11213413429889295,0,0.2137313515582634,0,0
234,1,repeated_2026,3.0,0,0.28893052584687967,0,0.4971353007891865,0,0
235,0,repeated_2026,2.0,0,0.08494878748947418,0,0.2615786442120298,0,0
236,0,repeated_2026,2.0,1,0.6108067593130017,1,0.5227573513735297,0,1
237,0,repeated_2026,4.0,0,0.11300126219435244,0,0.2156628596956022,0,0
238,1,repeated_2026,0.0,1,0.8957465076324203,1,0.637993690711381,0,1
239,0,repeated_2026,3.0,0,0.0983114294651962,0,0.2459877559820745,0,0
240,0,repeated_2026,2.0,0,0.1228249852705617,0,0.2849339296579439,0,0
241,0,repeated_2026,3.0,1,0.5506853901494166,1,0.5737583180974247,0,1
242,1,repeated_2026,0.0,1,0.5420997953772848,1,0.6275315217075371,0,1
243,0,repeated_2026,0.0,0,0.1289211672359284,0,0.1524101614182078,0,0
244,0,repeated_2026,4.0,0,0.05188702826559418,0,0.2824577187186259,0,0
245,0,repeated_2026,2.0,0,0.15148346502231105,0,0.2170716155610801,0,0
246,0,repeated_2026,1.0,1,0.5263781478220507,1,0.5319697729030588,0,1
247,0,repeated_2026,3.0,1,0.5549272021442896,0,0.3440847017490431,0,1
248,1,repeated_2026,4.0,1,0.8127509858586942,1,0.5215422323370557,0,1
249,1,repeated_2026,2.0,0,0.424025013803218,0,0.4348370591279647,0,0
250,0,repeated_2026,1.0,0,0.3515002820206214,0,0.3103389483647922,0,0
251,0,repeated_2026,1.0,0,0.08666497778886775,0,0.1312343403070809,0,0
252,0,repeated_2026,0.0,1,0.6261313494581728,1,0.5935954218506564,0,1
253,0,repeated_2026,4.0,0,0.3193126880369417,0,0.3565895039507968,0,0
254,0,repeated_2026,4.0,0,0.10244270332689473,0,0.1455775472240182,0,0
255,0,repeated_2026,1.0,0,0.47634355432909864,1,0.5197651841251097,0,0
256,1,repeated_2026,0.0,1,0.5699236434462017,1,0.5063259204417457,0,1
257,1,repeated_2026,3.0,1,0.9518160359676949,1,0.7441111453678998,0,1
258,1,repeated_2026,0.0,1,0.9708475452004247,1,0.7759731975828459,0,1
259,1,repeated_2026,0.0,1,0.9045792225512796,1,0.6395951852194538,0,1
260,1,repeated_2026,1.0,1,0.8745001504487323,1,0.5856464172772312,0,1
261,0,repeated_2026,3.0,0,0.09942289450151691,0,0.1559432047593681,0,0
262,1,repeated_2026,2.0,0,0.23898117766612592,0,0.3551885235232065,0,0
263,0,repeated_2026,3.0,0,0.369378562391233,0,0.4207844123099344,0,0
264,0,repeated_2026,1.0,0,0.29209550349615543,0,0.438815180082086,0,0
265,0,repeated_2026,2.0,1,0.766277663481545,1,0.5248687706120118,0,1
266,0,repeated_2026,0.0,0,0.12134912052206792,0,0.2062872837405383,0,0
267,0,repeated_2026,1.0,0,0.1419091068932235,0,0.0890565384154851,0,0
268,1,repeated_2026,4.0,0,0.09323356107858259,0,0.0665551870103302,0,0
269,1,repeated_2026,3.0,1,0.9668894682086501,1,0.6445738578956869,0,1
270,1,repeated_2026,3.0,1,0.9720186817791359,1,0.8130894128430496,0,1
271,0,repeated_2026,1.0,0,0.2363056587521155,0,0.1956337338292064,0,0
272,1,repeated_2026,4.0,0,0.0908812931373334,0,0.1788125170002503,0,0
273,1,repeated_2026,1.0,1,0.8295305670706841,1,0.8225575092416886,0,1
274,0,repeated_2026,0.0,0,0.49735923191880815,1,0.5146040669018652,0,0
275,1,repeated_2026,0.0,1,0.6138185908654764,0,0.4657657808275495,0,1
276,1,repeated_2026,2.0,1,0.9403447975908235,1,0.6764139769563654,0,1
277,0,repeated_2026,3.0,1,0.5465385995935372,0,0.3828881219487722,0,1
278,0,repeated_2026,0.0,0,0.09906573664166124,0,0.2158114529570107,0,0
279,0,repeated_2026,0.0,0,0.23857233841177708,0,0.2577600440487144,0,0
280,1,repeated_2026,0.0,0,0.49302110897274914,0,0.4440149546948559,0,0
281,0,repeated_2026,3.0,0,0.09592718491379118,0,0.241026893224744,0,0
282,0,repeated_2026,4.0,0,0.10010033677786903,0,0.110200038104516,0,0
283,0,repeated_2026,0.0,0,0.16072972182120696,0,0.243377082485847,0,0
284,1,repeated_2026,1.0,0,0.1008222544402131,0,0.1221340760763527,0,0
285,0,repeated_2026,4.0,0,0.3286945562270336,0,0.3263404091890418,0,0
286,0,repeated_2026,0.0,0,0.17353331834974284,0,0.0951459967670941,0,0
287,1,repeated_2026,4.0,0,0.10148845976217764,0,0.2812679461551234,0,0
288,0,repeated_2026,1.0,0,0.08679667911781955,0,0.0987100375174123,0,0
289,1,repeated_2026,0.0,0,0.10863204321220475,0,0.2600447687330641,0,0
290,1,repeated_2026,1.0,1,0.7002363243163429,0,0.4936054086197932,0,1
291,1,repeated_2026,4.0,1,0.9153801368871322,1,0.7856879523325979,0,1
292,1,repeated_2026,4.0,1,0.9419328869262983,1,0.8328174148931304,0,1
293,0,repeated_2026,2.0,0,0.3591294963401443,0,0.3994282444370811,0,0
294,0,repeated_2026,4.0,1,0.5469365262499627,0,0.3708151150330526,0,1
295,0,repeated_2026,2.0,0,0.0922221067389505,0,0.0832717261624122,0,0
296,0,repeated_2026,4.0,0,0.22975154925378527,0,0.2618574617253361,0,0
297,0,repeated_2026,4.0,0,0.08406989428411335,0,0.2573194602811165,0,0
298,0,repeated_2026,4.0,1,0.8834374221273376,1,0.720939482463154,0,1
299,1,repeated_2026,2.0,0,0.27520387405203517,0,0.4261425905882268,0,0
300,1,repeated_2026,1.0,1,0.8533064683914505,1,0.8247526526736285,0,1
301,1,repeated_2026,0.0,1,0.6138185908654764,1,0.7411709331690324,0,1
302,1,repeated_2026,3.0,0,0.14637042843953033,0,0.320514482450775,0,0
303,0,repeated_2026,2.0,0,0.18487774101209864,0,0.2679497459393062,0,0
304,1,repeated_2026,0.0,1,0.8913843886296008,1,0.708730006968901,0,1
305,0,repeated_2026,1.0,0,0.09724990364663519,0,0.1651979918276689,0,0
306,1,repeated_2026,3.0,1,0.5840005460746959,0,0.4814604168799047,0,1
307,1,repeated_2026,1.0,1,0.9403616330162536,1,0.6619567926440708,0,1
308,1,repeated_2026,4.0,1,0.9389826966272591,1,0.5134376571185876,0,1
309,0,repeated_2026,0.0,0,0.1613538249055629,0,0.2793314832355311,0,0
310,1,repeated_2026,4.0,1,0.9639615004564791,1,0.8019590289237112,0,1
311,1,repeated_2026,2.0,1,0.9414923129314845,1,0.8063286060159373,0,1
312,1,repeated_2026,3.0,1,0.8308266043523939,1,0.7797772304144952,0,1
313,0,repeated_2026,1.0,1,0.9040215117410629,1,0.6856751761491582,0,1
314,0,repeated_2026,4.0,0,0.10010033677786903,0,0.1011678670507342,0,0
315,0,repeated_2026,0.0,0,0.06436363837175048,0,0.1845662290071384,0,0
316,1,repeated_2026,0.0,0,0.4476168520935318,0,0.3189218529974431,0,0
317,1,repeated_2026,4.0,1,0.8553451818084298,1,0.5611758229034692,0,1
318,0,repeated_2026,2.0,0,0.26732608726897594,0,0.4132929717929484,0,0
319,1,repeated_2026,4.0,1,0.9656469763926024,1,0.7157032329398767,0,1
320,1,repeated_2026,1.0,1,0.920842816907206,1,0.7576698021985351,0,1
321,0,repeated_2026,2.0,0,0.09477505485385156,0,0.2288609506185821,0,0
322,0,repeated_2026,2.0,0,0.12563511812678052,0,0.0781669444463671,0,0
323,1,repeated_2026,1.0,1,0.8599929591266838,1,0.599649726333595,0,1
324,1,repeated_2026,3.0,1,0.9197950758658724,1,0.635685704768293,0,1
325,0,repeated_2026,2.0,0,0.19713002063192928,0,0.0944876309525231,0,0
326,1,repeated_2026,0.0,1,0.9588505224623629,1,0.7193373851088466,0,1
327,0,repeated_2026,1.0,0,0.09490498140314149,0,0.1233473938288474,0,0
328,1,repeated_2026,2.0,1,0.8412979356489916,1,0.7964074887848238,0,1
329,1,repeated_2026,3.0,1,0.5324221309535716,1,0.5065762859471117,0,1
330,1,repeated_2026,4.0,1,0.940866889143433,1,0.8058737553829037,0,1
331,1,repeated_2026,1.0,1,0.6455410196164281,1,0.5920320121883909,0,1
332,0,repeated_2026,4.0,0,0.33502854848632097,0,0.3551067923532772,0,0
333,0,repeated_2026,2.0,0,0.32432588555734004,0,0.4252957318368178,0,0
334,0,repeated_2026,1.0,0,0.19266667162784726,0,0.0823928278229982,0,0
335,1,repeated_2026,3.0,1,0.929389295933997,1,0.6585685667448519,0,1
336,0,repeated_2026,3.0,0,0.08885117879539095,0,0.1039926322046696,0,0
337,0,repeated_2026,1.0,0,0.40921689834012326,0,0.3330604874923819,0,0
338,1,repeated_2026,0.0,1,0.9183489323993976,1,0.8779933965408512,0,1
339,1,repeated_2026,2.0,0,0.10095488343554027,0,0.1832913362447624,0,0
340,0,repeated_2026,4.0,0,0.29864608159843536,0,0.4669803883296477,0,0
341,1,repeated_2026,1.0,1,0.7689470506086212,1,0.5570335038157829,0,1
342,1,repeated_2026,2.0,1,0.7264898002502617,1,0.6970060170975618,0,1
343,0,repeated_2026,4.0,0,0.10144100475929779,0,0.2198299012914024,0,0
344,0,repeated_2026,2.0,0,0.0823687465085223,0,0.3237958228431205,0,0
345,0,repeated_2026,1.0,0,0.13053293456458764,0,0.2162648128605839,0,0
346,1,repeated_2026,0.0,1,0.8694098237221141,1,0.7118173723821222,0,1
347,1,repeated_2026,1.0,1,0.8499301907660106,1,0.5248347049320108,0,1
348,1,repeated_2026,3.0,1,0.5611888960231627,1,0.5536981722911517,0,1
349,1,repeated_2026,4.0,1,0.6041745619654816,0,0.3893738767816864,0,1
350,0,repeated_2026,0.0,0,0.14554129898787532,0,0.1128197143273536,0,0
351,0,repeated_2026,0.0,0,0.11872733266421853,0,0.1478052516160489,0,0
352,0,repeated_2026,3.0,0,0.26340257171468784,1,0.5211294218271513,0,0
353,0,repeated_2026,4.0,0,0.17884090638501066,0,0.1637232534739288,0,0
354,0,repeated_2026,4.0,0,0.09601137400579324,0,0.103781761648794,0,0
355,0,repeated_2026,2.0,0,0.14238098177785674,0,0.1530836232227876,0,0
356,0,repeated_2026,2.0,0,0.1494235547256134,0,0.0920122688410247,0,0
357,1,repeated_2026,4.0,1,0.9522070239743211,1,0.7912782247170776,0,1
358,0,repeated_2026,1.0,1,0.8499301907660106,1,0.658778375218075,0,1
359,1,repeated_2026,2.0,1,0.7692253635303977,1,0.6332737614761617,0,1
360,1,repeated_2026,3.0,1,0.7550595185983972,1,0.7669640688425348,0,1
361,0,repeated_2026,2.0,0,0.15342268482660934,0,0.0819245024456574,0,0
362,0,repeated_2026,4.0,0,0.16894470448657806,0,0.3560601332067314,0,0
363,0,repeated_2026,4.0,1,0.5605692885965181,1,0.610107283176463,0,1
364,0,repeated_2026,3.0,0,0.09124038088367341,0,0.1584228047915577,0,0
365,0,repeated_2026,4.0,0,0.1325988153637279,0,0.2350436510332437,0,0
366,0,repeated_2026,4.0,0,0.06079782835112663,0,0.2833371738832407,0,0
367,1,repeated_2026,3.0,1,0.9844477199364623,1,0.7849251467829631,0,1
368,1,repeated_2026,3.0,1,0.6819314888526582,1,0.5520876450263417,0,1
369,1,repeated_2026,3.0,1,0.7577302074533092,1,0.6851116176397323,0,1
370,1,repeated_2026,0.0,1,0.9560284371778878,1,0.6296791527112002,0,1
371,1,repeated_2026,1.0,0,0.3896884066127438,0,0.4723701134911905,0,0
372,0,repeated_2026,1.0,0,0.13848423170894952,0,0.1865496459337243,0,0
373,0,repeated_2026,3.0,0,0.09886984714745596,0,0.1898552570583241,0,0
374,0,repeated_2026,3.0,0,0.31869645616988246,0,0.3429904022468186,0,0
375,0,repeated_2026,0.0,0,0.265192868752719,0,0.2015967950567375,0,0
376,1,repeated_2026,1.0,1,0.8196200254071572,1,0.5535283365391578,0,1
377,1,repeated_2026,3.0,1,0.5914776464572178,1,0.524703791484092,0,1
378,0,repeated_2026,0.0,1,0.5034962075344174,1,0.5100260024238639,0,1
379,0,repeated_2026,4.0,0,0.10317646090480073,0,0.2247147347824761,0,0
380,0,repeated_2026,0.0,0,0.10402864625698025,0,0.132797213888999,0,0
381,1,repeated_2026,0.0,1,0.8356531019045556,1,0.6398053174110756,0,1
382,1,repeated_2026,0.0,1,0.6382418924216258,1,0.7119930918841244,0,1
383,0,repeated_2026,3.0,0,0.12392455016226422,0,0.3051565782428847,0,0
384,1,repeated_2026,1.0,1,0.7908904288606093,1,0.5929444335737111,0,1
385,0,repeated_2026,4.0,0,0.07693552378487375,0,0.0679844063646282,0,0
386,0,repeated_2026,2.0,0,0.17891049321984412,0,0.1721852757386675,0,0
387,0,repeated_2026,4.0,0,0.2799702514069734,0,0.3730981523639535,0,0
388,1,repeated_2026,2.0,1,0.8005242376155272,1,0.630123228374348,0,1
389,0,repeated_2026,0.0,0,0.09572429430696228,0,0.2377038922781091,0,0
390,1,repeated_2026,1.0,1,0.8575603959946655,1,0.7183092330074622,0,1
391,1,repeated_2026,4.0,0,0.31700875576982285,0,0.4503873284206026,0,0
392,1,repeated_2026,3.0,0,0.08342582013268171,0,0.2038212118287476,0,0
393,0,repeated_2026,4.0,0,0.119545231369132,0,0.1234342489252016,0,0
394,1,repeated_2026,4.0,1,0.9492620418454719,1,0.7811203747479117,0,1
395,1,repeated_2026,0.0,1,0.6769987504300705,1,0.6092316874504036,0,1
396,0,repeated_2026,3.0,0,0.08494959352134066,0,0.1657934116868925,0,0
397,0,repeated_2026,2.0,1,0.5530074268202319,0,0.3986690161477872,0,1
398,0,repeated_2026,1.0,0,0.12725312614474246,0,0.2054000194985215,0,0
399,0,repeated_2026,1.0,0,0.20828790797197358,0,0.2219794615811032,0,0
400,1,repeated_2026,4.0,1,0.8371691423313926,1,0.5625531527568073,0,1
401,1,repeated_2026,4.0,0,0.09520350673649904,0,0.3182606661160284,0,0
402,0,repeated_2026,0.0,0,0.12628466718305129,0,0.070121543111765,0,0
403,0,repeated_2026,2.0,1,0.548994849016438,0,0.4507826426523151,0,1
404,0,repeated_2026,1.0,0,0.20123062198818112,0,0.3515627413147612,0,0
405,0,repeated_2026,1.0,1,0.5246337527379972,0,0.3831994806337562,0,1
406,0,repeated_2026,4.0,0,0.10112489721927997,0,0.1987141795681847,0,0
407,0,repeated_2026,2.0,0,0.0893854713585787,0,0.146945450978303,0,0
408,1,repeated_2026,3.0,1,0.6776398292506085,0,0.3974597893904392,0,1
409,0,repeated_2026,2.0,0,0.09621753332056754,0,0.2232140533362838,0,0
410,0,repeated_2026,3.0,0,0.23916378455551573,0,0.2685896770524232,0,0
411,0,repeated_2026,2.0,0,0.0922221067389505,0,0.0620089269494049,0,0
412,0,repeated_2026,3.0,0,0.1218468002588554,0,0.1700645907071329,0,0
413,1,repeated_2026,1.0,1,0.9538903401518745,1,0.7296423636260513,0,1
414,0,repeated_2026,3.0,0,0.10611950450218753,0,0.1789348830230742,0,0
415,1,repeated_2026,3.0,0,0.10772412243960576,0,0.2565168980225817,0,0
416,0,repeated_2026,2.0,1,0.6144563537626393,1,0.6494852787275938,0,1
417,1,repeated_2026,2.0,1,0.9078641990210313,1,0.5311402766471731,0,1
418,1,repeated_2026,0.0,1,0.8154795484316832,1,0.5302464720904758,0,1
419,0,repeated_2026,3.0,0,0.12319790777820837,0,0.2114101735642634,0,0
420,0,repeated_2026,0.0,1,0.5181910136867908,0,0.2694277835880512,0,1
421,0,repeated_2026,4.0,0,0.10510064402575661,0,0.0785173963250799,0,0
422,0,repeated_2026,1.0,0,0.07937364505020977,0,0.1103850191505549,0,0
423,0,repeated_2026,1.0,0,0.12379020621446751,0,0.1421864945832796,0,0
424,0,repeated_2026,0.0,0,0.48926238183739956,1,0.5403563636777359,0,0
425,0,repeated_2026,3.0,0,0.12726199509257027,0,0.1045206589183482,0,0
426,0,repeated_2026,0.0,0,0.09847024589810342,0,0.213676863160302,0,0
427,1,repeated_2026,4.0,1,0.8517497333856353,1,0.5273718332437995,0,1
428,1,repeated_2026,3.0,1,0.9031295639854108,1,0.7601856925982536,0,1
429,0,repeated_2026,4.0,0,0.06116328317243845,0,0.1029163404841808,0,0
430,1,repeated_2026,4.0,0,0.2755449292248098,0,0.2500604327735325,0,0
431,1,repeated_2026,0.0,0,0.39298575687243664,0,0.3941616530491176,0,0
432,1,repeated_2026,3.0,0,0.47014041800211426,1,0.5668376915444743,0,0
433,1,repeated_2026,0.0,1,0.8633635309692184,1,0.5619771957519001,0,1
434,0,repeated_2026,3.0,0,0.08274022802755458,0,0.2283431270444934,0,0
435,0,repeated_2026,3.0,0,0.3852443763289857,0,0.4491971803829614,0,0
436,1,repeated_2026,1.0,1,0.8788143672625971,1,0.8053727594970361,0,1
437,0,repeated_2026,0.0,0,0.22985151816391827,0,0.4929888061874922,0,0
438,1,repeated_2026,1.0,1,0.7827014932502396,1,0.6827287761418593,0,1
439,0,repeated_2026,0.0,0,0.3593088908506607,1,0.5194072454213814,0,0
440,0,repeated_2026,0.0,0,0.1272334313446183,0,0.2761773002241002,0,0
441,1,repeated_2026,0.0,1,0.8842768593057945,1,0.5596037318139054,0,1
442,0,repeated_2026,1.0,0,0.09546078565620916,0,0.1206704410926377,0,0
443,0,repeated_2026,0.0,0,0.11429773520393159,0,0.1264036855985496,0,0
444,1,repeated_2026,1.0,1,0.855638019188581,0,0.3763783131624115,0,1
445,1,repeated_2026,1.0,0,0.09393819349682031,0,0.2792071882696992,0,0
446,1,repeated_2026,1.0,1,0.7171137602958224,0,0.4563147149240087,0,1
447,1,repeated_2026,2.0,1,0.8440132290080998,1,0.6817002447281609,0,1
448,1,repeated_2026,4.0,0,0.222766553225615,0,0.1931776527749636,0,0
449,1,repeated_2026,1.0,1,0.687772663041022,1,0.6885213943867021,0,1
450,1,repeated_2026,1.0,0,0.3388709335037946,0,0.3908053186107488,0,0
451,0,repeated_2026,4.0,0,0.11491983921650266,0,0.3610561078660068,0,0
452,0,repeated_2026,2.0,0,0.1288879495595643,0,0.1764288607959832,0,0
453,0,repeated_2026,0.0,0,0.4845097111347696,0,0.4391320104351803,0,0
454,1,repeated_2026,3.0,0,0.36219731313364484,0,0.3160826928836392,0,0
455,0,repeated_2026,1.0,0,0.09724990364663519,0,0.1020095653454515,0,0
456,1,repeated_2026,4.0,0,0.11792974131322385,0,0.0826649747403773,0,0
457,0,repeated_2026,2.0,0,0.45168058560589036,0,0.4280296592772684,0,0
458,1,repeated_2026,1.0,1,0.9655594482731171,1,0.6616491300088645,0,1
459,1,repeated_2026,0.0,1,0.7929657986345229,0,0.4900135197345267,0,1
460,0,repeated_2026,3.0,0,0.09942289450151691,0,0.2279180083101616,0,0
461,1,repeated_2026,1.0,0,0.43536578500362105,0,0.3818086782933951,0,0
462,0,repeated_2026,3.0,0,0.12392455016226422,0,0.1460153556436012,0,0
463,0,repeated_2026,4.0,0,0.4317196186797222,0,0.4324186034838944,0,0
464,0,repeated_2026,4.0,0,0.11212318225402469,0,0.3183747456481283,0,0
465,0,repeated_2026,2.0,0,0.09635582110871665,0,0.2461794841987561,0,0
466,0,repeated_2026,2.0,0,0.09323054652332025,0,0.1611540101839733,0,0
467,0,repeated_2026,1.0,0,0.09687599523530376,0,0.2141351732100979,0,0
468,0,repeated_2026,2.0,0,0.19941852989865655,0,0.2103541408368873,0,0
469,0,repeated_2026,0.0,0,0.09572429430696228,0,0.0753393441854183,0,0
470,1,repeated_2026,1.0,1,0.687772663041022,1,0.6830680402308026,0,1
471,0,repeated_2026,0.0,0,0.09847024589810342,0,0.1147112390967292,0,0
472,0,repeated_2026,4.0,0,0.09748638647943939,0,0.1073970684801211,0,0
473,1,repeated_2026,3.0,1,0.9199894993624134,1,0.6209768413329676,0,1
474,1,repeated_2026,1.0,1,0.8719022785028098,1,0.7311622291697973,0,1
475,0,repeated_2026,3.0,1,0.5210934844902673,1,0.5432266804044317,0,1
476,0,repeated_2026,2.0,0,0.23589293907682807,0,0.4575433199717508,0,0
477,0,repeated_2026,3.0,0,0.08946804267919808,0,0.0988200840518612,0,0
478,0,repeated_2026,4.0,0,0.09764824322281472,0,0.1264837262288754,0,0
479,0,repeated_2026,1.0,0,0.0819976252699081,0,0.1595005820366024,0,0
480,1,repeated_2026,0.0,1,0.5757325003723704,0,0.4386880772844839,0,1
481,0,repeated_2026,4.0,0,0.2799702514069734,0,0.2770477842842032,0,0
482,0,repeated_2026,4.0,0,0.07767562859079319,0,0.2891096979287962,0,0
483,0,repeated_2026,0.0,0,0.14735154605689824,0,0.1348024933675243,0,0
484,1,repeated_2026,2.0,1,0.5386587636347,0,0.4458507066689765,0,1
485,1,repeated_2026,2.0,0,0.37987345834418834,1,0.526997682894753,0,0
486,0,repeated_2026,4.0,0,0.20182280419043575,0,0.3623736727003521,0,0
487,1,repeated_2026,0.0,1,0.9624993298691921,1,0.8209407596281828,0,1
488,0,repeated_2026,4.0,0,0.3551723852788964,0,0.4650802585932614,0,0
489,0,repeated_2026,0.0,0,0.1593120556540164,0,0.1556749402472899,0,0
490,1,repeated_2026,4.0,1,0.6041745619654816,1,0.5230204352318837,0,1
491,0,repeated_2026,1.0,0,0.11620229684033594,0,0.2137456475031061,0,0
492,0,repeated_2026,1.0,0,0.09157866566118952,0,0.210271556726838,0,0
493,0,repeated_2026,0.0,0,0.35655859891778924,0,0.4986156569288873,0,0
494,0,repeated_2026,4.0,0,0.22275415616317942,0,0.2453179600628608,0,0
495,0,repeated_2026,0.0,0,0.13091995009806567,0,0.2063909058805593,0,0
496,0,repeated_2026,3.0,0,0.16959885426154925,0,0.1734090354517771,0,0
497,1,repeated_2026,0.0,1,0.9610758709606132,1,0.7049113553732502,0,1
498,0,repeated_2026,1.0,0,0.09227913031139796,0,0.2691771861107903,0,0
499,0,repeated_2026,3.0,1,0.8271999084490522,1,0.6222024590416804,0,1
500,0,repeated_2026,3.0,0,0.08885117879539095,0,0.1177670825485873,0,0
501,0,repeated_2026,2.0,0,0.11515241776463951,0,0.149554397801231,0,0
502,0,repeated_2026,3.0,1,0.7501109431090176,0,0.4180108890617651,0,1
503,0,repeated_2026,3.0,1,0.7577302074533092,1,0.6079299566434142,0,1
504,0,repeated_2026,0.0,0,0.4144328926230871,0,0.3502982761611931,0,0
505,1,repeated_2026,3.0,1,0.9487343979233256,1,0.8078113855516827,0,1
506,0,repeated_2026,1.0,0,0.47880011879593815,1,0.6018509735506319,0,0
507,1,repeated_2026,3.0,1,0.9125086229248613,1,0.5811175266829443,0,1
508,1,repeated_2026,4.0,0,0.21120988695740886,0,0.3684711667726958,0,0
509,0,repeated_2026,3.0,0,0.14017901655213252,0,0.1770677318383825,0,0
510,1,repeated_2026,1.0,0,0.27365737636113313,0,0.3841708028415373,0,0
511,1,repeated_2026,4.0,0,0.0710197051337784,0,0.1945696313160483,0,0
512,0,repeated_2026,1.0,0,0.09724990364663519,0,0.1782289414012131,0,0
513,1,repeated_2026,3.0,0,0.4879717136592482,0,0.4872089417432614,0,0
514,1,repeated_2026,0.0,1,0.912314759403555,1,0.6939246046942195,0,1
515,0,repeated_2026,4.0,0,0.0532272636164803,0,0.0785775126440254,0,0
516,0,repeated_2026,4.0,0,0.45695690762624724,0,0.3389927945138514,0,0
517,1,repeated_2026,1.0,1,0.8215640293747792,1,0.7172569651945322,0,1
518,0,repeated_2026,4.0,0,0.14232860397814007,0,0.0892329783779726,0,0
519,1,repeated_2026,2.0,1,0.8712512414784573,1,0.638650509074317,0,1
520,0,repeated_2026,1.0,0,0.12176847673276088,0,0.0742633240327649,0,0
521,1,repeated_2026,2.0,1,0.9464323928655717,1,0.7813652617714356,0,1
522,0,repeated_2026,3.0,0,0.08494959352134066,0,0.0634265894945549,0,0
523,0,repeated_2026,4.0,0,0.08406989428411335,0,0.146690392410527,0,0
524,1,repeated_2026,2.0,1,0.9335770515007761,1,0.751199950147125,0,1
525,0,repeated_2026,4.0,0,0.08406989428411335,0,0.2303836505800144,0,0
526,0,repeated_2026,3.0,0,0.10071450571824177,0,0.1723851963674307,0,0
527,1,repeated_2026,0.0,1,0.7929657986345229,0,0.3151487734710698,0,1
528,0,repeated_2026,1.0,0,0.3272786784332223,0,0.3346096547012797,0,0
529,0,repeated_2026,3.0,0,0.11193688329150912,0,0.1533404692428508,0,0
530,0,repeated_2026,2.0,0,0.12458420641439602,0,0.423776196119841,0,0
531,1,repeated_2026,2.0,1,0.8832411813120502,1,0.6064770905022275,0,1
532,0,repeated_2026,4.0,0,0.08406989428411335,0,0.2320517179842799,0,0
533,0,repeated_2026,2.0,0,0.1895411920130154,0,0.2103539040985435,0,0
534,1,repeated_2026,2.0,1,0.6410312895434476,1,0.6385050242891691,0,1
535,0,repeated_2026,0.0,0,0.4148650955975564,0,0.3178968898128794,0,0
536,1,repeated_2026,0.0,1,0.9003632960524752,0,0.4435391559177435,0,1
537,0,repeated_2026,3.0,0,0.43225480790276927,1,0.5189080195346307,0,0
538,1,repeated_2026,0.0,1,0.8808680047374878,1,0.7051752385088838,0,1
539,0,repeated_2026,1.0,0,0.09227913031139796,0,0.1830267076185866,0,0
540,1,repeated_2026,4.0,1,0.9351962872407444,1,0.8528032521982976,0,1
541,1,repeated_2026,1.0,1,0.8291656927540566,1,0.5820151545869915,0,1
542,0,repeated_2026,2.0,0,0.3126637060419134,0,0.2885633392522562,0,0
543,0,repeated_2026,3.0,0,0.22344259762810634,0,0.4548594933855454,0,0
544,1,repeated_2026,0.0,0,0.049414745092816285,0,0.1699190638536434,0,0
545,0,repeated_2026,4.0,0,0.3770869801922379,1,0.5020094347561604,0,0
546,0,repeated_2026,3.0,0,0.25763050913905755,0,0.2309943646213727,0,0
547,1,repeated_2026,0.0,1,0.8650336965767907,1,0.6311526651319346,0,1
548,1,repeated_2026,1.0,0,0.13588627947071866,0,0.2752928035171866,0,0
549,0,repeated_2026,4.0,0,0.1136672442744785,0,0.2907532417006245,0,0
550,1,repeated_2026,2.0,1,0.649707585618906,0,0.388778574006226,0,1
551,1,repeated_2026,4.0,0,0.3834264868805479,0,0.4093408295658642,0,0
552,0,repeated_2026,1.0,0,0.12701376105806395,0,0.2463985301749792,0,0
553,0,repeated_2026,1.0,0,0.07423724401249628,0,0.1951023185019361,0,0
554,1,repeated_2026,4.0,0,0.08721181800549936,0,0.3496141601843526,0,0
555,1,repeated_2026,2.0,1,0.6130081630655579,0,0.3118776756015467,0,1
556,0,repeated_2026,2.0,0,0.19941852989865655,0,0.2804319998915053,0,0
557,1,repeated_2026,0.0,1,0.937485087191279,1,0.7347339136727455,0,1
558,0,repeated_2026,2.0,0,0.2088811828675659,0,0.2770233316095029,0,0
559,1,repeated_2026,2.0,1,0.9518624100676624,1,0.7141644147058338,0,1
560,1,repeated_2026,0.0,1,0.5351781109959531,1,0.5653417506034146,0,1
561,0,repeated_2026,4.0,0,0.06116328317243845,0,0.2047509890587041,0,0
562,0,repeated_2026,0.0,0,0.11150709211060035,0,0.0791613474276958,0,0
563,0,repeated_2026,3.0,0,0.13061525315044378,0,0.2397577868488968,0,0
564,0,repeated_2026,3.0,0,0.09886664266908803,0,0.1413097665355801,0,0
565,0,repeated_2026,2.0,1,0.5776024525608816,1,0.5461880860129908,0,1
566,0,repeated_2026,1.0,0,0.14552816425494225,0,0.157859069366325,0,0
567,0,repeated_2026,4.0,0,0.09514755233149458,0,0.0756335712843313,0,0
568,0,repeated_2026,1.0,0,0.26641804361731564,0,0.4302790971694081,0,0
569,0,repeated_2026,4.0,0,0.08406989428411335,0,0.2473927337054843,0,0
570,1,repeated_2026,4.0,0,0.09303080917586644,0,0.1394504428292483,0,0
571,1,repeated_2026,3.0,0,0.09106602211389093,0,0.2215791013682622,0,0
572,1,repeated_2026,3.0,1,0.9708914854863784,1,0.7699028585259913,0,1
573,1,repeated_2026,4.0,0,0.4756376438818221,1,0.5103039093066557,0,0
574,1,repeated_2026,4.0,1,0.6870849859508743,1,0.7483958782304418,0,1
575,0,repeated_2026,2.0,0,0.12842228193721794,0,0.1307313632807476,0,0
576,0,repeated_2026,2.0,0,0.11090836594064282,0,0.2651218060308689,0,0
577,1,repeated_2026,2.0,1,0.8132592893604096,1,0.5407244052869858,0,1
578,1,repeated_2026,2.0,1,0.9157453658049747,1,0.7351491265036266,0,1
579,0,repeated_2026,2.0,1,0.6468582563290891,1,0.6315368800936387,0,1
580,1,repeated_2026,3.0,0,0.1299513816469973,0,0.1911594401426908,0,0
581,1,repeated_2026,4.0,1,0.8896011572715109,1,0.6709018466540254,0,1
582,1,repeated_2026,2.0,1,0.9515553954718861,1,0.7680620763024825,0,1
583,0,repeated_2026,1.0,0,0.12212307826901493,0,0.1800104818896527,0,0
584,0,repeated_2026,3.0,0,0.42582713115250886,0,0.2846181868332414,0,0
585,0,repeated_2026,4.0,0,0.12078590185767261,0,0.1251841551398144,0,0
586,1,repeated_2026,3.0,1,0.9597660592431444,1,0.7723589871146522,0,1
587,0,repeated_2026,2.0,0,0.12470744115836559,0,0.2125661143367783,0,0
588,1,repeated_2026,2.0,0,0.28969273601583884,0,0.4796337417664905,0,0
589,0,repeated_2026,3.0,0,0.09695494052109711,0,0.2206499801312784,0,0
590,0,repeated_2026,1.0,0,0.09724990364663519,0,0.1189183880818067,0,0
591,0,repeated_2026,2.0,0,0.09323054652332025,0,0.2206948594912545,0,0
592,1,repeated_2026,0.0,1,0.9783199108760879,1,0.7218002605798288,0,1
593,0,repeated_2026,1.0,0,0.09753487535171998,0,0.1187501668576073,0,0
594,0,repeated_2026,3.0,1,0.6373959575544705,0,0.3868951396809337,0,1
595,0,repeated_2026,3.0,0,0.09058710960429774,0,0.1970663105237296,0,0
596,0,repeated_2026,3.0,0,0.1130505555263856,0,0.1130218630517611,0,0
597,1,repeated_2026,0.0,1,0.8887840671624017,0,0.4890482624221767,0,1
598,0,repeated_2026,0.0,0,0.14520058929959748,0,0.240422480627399,0,0
599,0,repeated_2026,0.0,0,0.13028381667284963,0,0.2326387304906149,0,0
600,1,repeated_2026,0.0,1,0.5211380148366931,1,0.5930332581693917,0,1
601,1,repeated_2026,0.0,1,0.8230776669438153,1,0.5188521292755206,0,1
602,0,repeated_2026,3.0,0,0.08885117879539095,0,0.0843972139796421,0,0
603,0,repeated_2026,3.0,0,0.23133114881915498,0,0.2675238021397652,0,0
604,0,repeated_2026,1.0,0,0.14319132109362823,0,0.2721583981656261,0,0
605,1,repeated_2026,2.0,0,0.21840190911831708,0,0.444210406477125,0,0
606,0,repeated_2026,1.0,0,0.09702137604874429,0,0.2147373509685702,0,0
607,0,repeated_2026,4.0,0,0.09303080917586644,0,0.1006982297625496,0,0
608,1,repeated_2026,2.0,0,0.2694946024266013,0,0.2363791944975053,0,0
609,1,repeated_2026,3.0,1,0.91407292570008,1,0.5434498590885463,0,1
610,1,repeated_2026,2.0,1,0.9535851976482856,1,0.790661397342309,0,1
611,0,repeated_2026,0.0,0,0.2996857060003891,0,0.2762936319106306,0,0
612,0,repeated_2026,3.0,0,0.08897427972822929,0,0.1589108593496184,0,0
613,1,repeated_2026,0.0,1,0.5420997953772848,1,0.6379741155880955,0,1
614,0,repeated_2026,1.0,0,0.06793307831905737,0,0.1436927324592938,0,0
615,0,repeated_2026,4.0,0,0.09520350673649904,0,0.1407590845838979,0,0
616,1,repeated_2026,0.0,1,0.7652650726137763,1,0.569151348129516,0,1
617,0,repeated_2026,2.0,0,0.16654330367101783,0,0.1452314445075843,0,0
618,0,repeated_2026,2.0,1,0.5563456026285599,0,0.4769398172941025,0,1
619,1,repeated_2026,4.0,1,0.9085374948462873,1,0.8030146251429349,0,1
620,0,repeated_2026,2.0,0,0.10355956844890304,0,0.2172516326719729,0,0
621,0,repeated_2026,2.0,0,0.20465978807960827,0,0.3104887325947368,0,0
622,1,repeated_2026,2.0,0,0.3662559489992153,0,0.4681379291821873,0,0
623,1,repeated_2026,2.0,0,0.23589761632752626,0,0.1770324572496031,0,0
624,0,repeated_2026,0.0,0,0.10402864625698025,0,0.1362020086988131,0,0
625,0,repeated_2026,2.0,0,0.10895765751751724,0,0.1015900236437237,0,0
626,0,repeated_2026,0.0,0,0.4852145423876259,0,0.3275859112729627,0,0
627,0,repeated_2026,2.0,0,0.2714589357564562,0,0.197162714798131,0,0
628,1,repeated_2026,4.0,1,0.9557910505634301,1,0.7041107809652222,0,1
629,0,repeated_2026,2.0,0,0.11127121804868553,0,0.0888888952014662,0,0
630,0,repeated_2026,3.0,0,0.09942289450151691,0,0.1992513302841139,0,0
631,1,repeated_2026,3.0,0,0.2427820966807808,0,0.3744166224848506,0,0
632,0,repeated_2026,4.0,0,0.05947674128277955,0,0.164139787281458,0,0
633,1,repeated_2026,4.0,0,0.4354274224604366,0,0.4916830611721707,0,0
634,0,repeated_2026,2.0,0,0.15867644019412172,0,0.2106775718651449,0,0
635,0,repeated_2026,1.0,0,0.1717084207760119,0,0.2089255867516787,0,0
636,1,repeated_2026,2.0,1,0.8117121228488708,1,0.578729480232684,0,1
637,0,repeated_2026,1.0,0,0.14841549921983485,0,0.2623348801044009,0,0
638,0,repeated_2026,2.0,0,0.1522163884074724,0,0.4038607802526567,0,0
639,0,repeated_2026,0.0,0,0.29490767224700815,0,0.4362025134087764,0,0
640,0,repeated_2026,1.0,0,0.20756134949975633,0,0.2914425121848324,0,0
641,0,repeated_2026,4.0,0,0.09514755233149458,0,0.1177593576232008,0,0
642,1,repeated_2026,2.0,1,0.9360967960945881,1,0.6282945520319477,0,1
643,0,repeated_2026,4.0,0,0.19862079128621102,0,0.419794296011803,0,0
644,1,repeated_2026,2.0,0,0.18288919842774937,0,0.2476987973119034,0,0
645,1,repeated_2026,1.0,1,0.687772663041022,1,0.7012802124088438,0,1
646,1,repeated_2026,4.0,0,0.4281886482118564,1,0.526843902482889,0,0
647,0,repeated_2026,4.0,0,0.09514755233149458,0,0.1044579723661939,0,0
648,1,repeated_2026,1.0,0,0.36717185456029994,0,0.4796507558530381,0,0
649,0,repeated_2026,0.0,0,0.09555070230743733,0,0.2334696674747022,0,0
650,1,repeated_2026,3.0,1,0.5631209128725405,0,0.4820828546536275,0,1
651,0,repeated_2026,3.0,0,0.08885117879539095,0,0.0673233589861911,0,0
652,1,repeated_2026,0.0,1,0.854305384490979,1,0.6855860209784584,0,1
653,0,repeated_2026,2.0,0,0.11515241776463951,0,0.2237894514118216,0,0
654,1,repeated_2026,0.0,1,0.6211526841308704,0,0.4884328347698202,0,1
655,0,repeated_2026,2.0,1,0.756672076315173,1,0.7035354061298733,0,1
656,0,repeated_2026,4.0,0,0.11808424092450436,0,0.1933926770533771,0,0
657,0,repeated_2026,1.0,0,0.0863943626372317,0,0.0688929720521208,0,0
658,0,repeated_2026,2.0,1,0.6167775688957493,0,0.3142960614230436,0,1
659,0,repeated_2026,1.0,0,0.09503401752916683,0,0.3227617967480435,0,0
660,0,repeated_2026,4.0,0,0.4227080064297318,0,0.4758031597618437,0,0
661,1,repeated_2026,0.0,0,0.35227155519049796,0,0.3479722368851415,0,0
662,0,repeated_2026,3.0,0,0.1121220018195094,0,0.1522781994642769,0,0
663,0,repeated_2026,1.0,0,0.43536578500362105,0,0.3861875508098924,0,0
664,0,repeated_2026,0.0,0,0.10758822837244747,0,0.0611362155963968,0,0
665,1,repeated_2026,3.0,0,0.09535126730768835,0,0.2335213038274805,0,0
666,0,repeated_2026,3.0,0,0.12211446623615628,0,0.1746087425456895,0,0
667,0,repeated_2026,1.0,0,0.09503401752916683,0,0.2049070339581444,0,0
668,0,repeated_2026,2.0,0,0.0922221067389505,0,0.1201274102279016,0,0
669,0,repeated_2026,1.0,0,0.14319132109362823,0,0.0916805146633665,0,0
670,1,repeated_2026,2.0,1,0.9186728792156048,1,0.8204606701758346,0,1
671,1,repeated_2026,3.0,1,0.8513062863907002,1,0.7063700601044349,0,1
672,0,repeated_2026,0.0,0,0.4049508680347814,0,0.460188451583727,0,0
673,0,repeated_2026,0.0,0,0.12329860728635177,0,0.2767995534852822,0,0
674,1,repeated_2026,0.0,0,0.11470662998837093,0,0.2080968083381026,0,0
675,0,repeated_2026,3.0,0,0.10400197869065787,0,0.2009569622578613,0,0
676,0,repeated_2026,2.0,0,0.09621753332056754,0,0.1395050319243374,0,0
677,0,repeated_2026,3.0,0,0.09886664266908803,0,0.1777628893767275,0,0
678,1,repeated_2026,0.0,0,0.41212516974157987,0,0.3739315743585054,0,0
679,0,repeated_2026,1.0,0,0.29112138998630893,0,0.2996242867634938,0,0
680,1,repeated_2026,2.0,0,0.32638474467047246,0,0.4979628461537262,0,0
681,0,repeated_2026,1.0,1,0.6608809832575909,1,0.6723253977865342,0,1
682,1,repeated_2026,3.0,0,0.444473976312542,1,0.5723890654969467,0,0
683,0,repeated_2026,0.0,0,0.12313966917134382,0,0.1721980472690553,0,0
684,0,repeated_2026,1.0,0,0.18382078948257569,0,0.103846812368796,0,0
685,0,repeated_2026,2.0,0,0.11634374587075622,0,0.345693852781007,0,0
686,0,repeated_2026,0.0,0,0.22294281541690839,0,0.3057996783527682,0,0
687,0,repeated_2026,2.0,0,0.16190879283784151,0,0.0968177607317734,0,0
688,0,repeated_2026,3.0,0,0.08983112753569193,0,0.1464328639919101,0,0
689,0,repeated_2026,0.0,0,0.10594262505534355,0,0.2524978375299265,0,0
690,1,repeated_2026,1.0,1,0.8916584345097828,1,0.7448538001747506,0,1
691,1,repeated_2026,0.0,0,0.4102726654951323,1,0.7324010359071887,0,0
692,1,repeated_2026,2.0,1,0.6443137342660813,0,0.3325888725643006,0,1
693,1,repeated_2026,3.0,0,0.214822030431207,0,0.2712762920319789,0,0
694,0,repeated_2026,1.0,0,0.12733593613526312,0,0.2216900535595212,0,0
695,0,repeated_2026,2.0,0,0.343611477377403,0,0.3024715891275505,0,0
696,0,repeated_2026,0.0,0,0.10934553517988164,0,0.2152897205949786,0,0
697,0,repeated_2026,4.0,0,0.10360938034431347,0,0.1961523679657671,0,0
698,1,repeated_2026,0.0,1,0.6138185908654764,1,0.608120573741426,0,1
699,0,repeated_2026,0.0,0,0.4749163576674173,1,0.6548018923607295,0,0
700,0,repeated_2026,4.0,0,0.15895958349755973,0,0.294851256929154,0,0
701,1,repeated_2026,2.0,1,0.873433418684928,1,0.7091477658115259,0,1
702,1,repeated_2026,4.0,0,0.4756376438818221,0,0.4826951099578823,0,0
703,0,repeated_2026,1.0,0,0.4343950090159921,1,0.604026925774573,0,0
704,0,repeated_2026,2.0,0,0.09703959113788223,0,0.1353724558045911,0,0
705,0,repeated_2026,2.0,0,0.137707562097291,0,0.1590969273846764,0,0
706,0,repeated_2026,3.0,0,0.11124661213507013,0,0.41534086190526,0,0
707,1,repeated_2026,1.0,1,0.8322574566248638,1,0.7282769052867585,0,1
708,1,repeated_2026,1.0,0,0.43536578500362105,0,0.4715062574030368,0,0
709,1,repeated_2026,3.0,1,0.7286058229249466,1,0.631546887466763,0,1
710,1,repeated_2026,3.0,1,0.5650229183003965,1,0.6054107869926362,0,1
711,1,repeated_2026,2.0,1,0.9013478468263824,1,0.8071345985403514,0,1
712,0,repeated_2026,0.0,0,0.3829478007174946,1,0.5348573734476151,0,0
713,1,repeated_2026,1.0,0,0.34921343733788573,1,0.5177806718519624,0,0
714,0,repeated_2026,0.0,0,0.15651334255441393,0,0.1516557459908498,0,0
715,0,repeated_2026,1.0,0,0.11587492452842642,0,0.2759373554429989,0,0
716,0,repeated_2026,1.0,0,0.18699947645687143,0,0.249940883867139,0,0
717,1,repeated_2026,3.0,1,0.9304474649484153,1,0.7814208759883838,0,1
718,1,repeated_2026,1.0,1,0.8261320593367343,1,0.7902963944099952,0,1
719,0,repeated_2026,2.0,0,0.10429772192535335,0,0.2116430812749908,0,0
720,0,repeated_2026,0.0,0,0.13388480296913655,0,0.1781129975863792,0,0
721,1,repeated_2026,2.0,1,0.889969183933273,1,0.7480227665080944,0,1
722,0,repeated_2026,4.0,0,0.10036050602143894,0,0.1793091090608366,0,0
723,0,repeated_2026,0.0,0,0.11470662998837093,0,0.205681108065578,0,0
724,0,repeated_2026,0.0,0,0.10995835831387883,0,0.2455522287026824,0,0
725,1,repeated_2026,1.0,0,0.3935671597617401,0,0.4624405486160678,0,0
726,0,repeated_2026,1.0,0,0.09546078565620916,0,0.1570498102894688,0,0
727,1,repeated_2026,3.0,1,0.9185713875566824,0,0.3917717546253349,0,1
728,1,repeated_2026,1.0,1,0.7002363243163429,1,0.5532075846984899,0,1
729,0,repeated_2026,0.0,0,0.06017712962308483,0,0.233953126884269,0,0
730,0,repeated_2026,4.0,1,0.5198761528593976,1,0.5697694103779744,0,1
731,1,repeated_2026,2.0,1,0.9424940705506836,1,0.7042881924864279,0,1
732,0,repeated_2026,3.0,0,0.23113718850762235,0,0.1957165101112721,0,0
733,0,repeated_2026,0.0,0,0.1101406035281074,0,0.199855042422914,0,0
734,0,repeated_2026,2.0,0,0.0823687465085223,0,0.1565202016340893,0,0
735,0,repeated_2026,3.0,0,0.09653174399538954,0,0.3020033780141175,0,0
736,0,repeated_2026,3.0,0,0.1305870208986616,0,0.2495665216006262,0,0
737,0,repeated_2026,0.0,0,0.3037458573803138,1,0.5267770071896035,0,0
738,1,repeated_2026,2.0,0,0.30892685584555024,0,0.4605121391428632,0,0
739,0,repeated_2026,3.0,0,0.08885117879539095,0,0.0952318352845975,0,0
740,0,repeated_2026,1.0,0,0.0863943626372317,0,0.0950251453844511,0,0
741,1,repeated_2026,2.0,0,0.48408230880188813,0,0.2756010172090563,0,0
742,0,repeated_2026,2.0,0,0.31066124869760514,0,0.3441117398261391,0,0
743,1,repeated_2026,4.0,1,0.8125763392140051,1,0.7220370805697531,0,1
744,0,repeated_2026,3.0,0,0.07283925259966441,0,0.1539817709960513,0,0
745,1,repeated_2026,4.0,0,0.09890440662206171,0,0.2173707265906987,0,0
746,0,repeated_2026,3.0,1,0.5127464319246231,0,0.4288058385477585,0,1
747,0,repeated_2026,2.0,0,0.24250289846638365,0,0.3040408006826872,0,0
748,1,repeated_2026,1.0,1,0.8582746141365494,1,0.6109825982538897,0,1
749,0,repeated_2026,2.0,0,0.4341703370809844,0,0.4461247911587037,0,0
750,0,repeated_2026,0.0,0,0.11888838986637841,0,0.1866166664005491,0,0
751,1,repeated_2026,3.0,1,0.9352897560672733,1,0.5141271916935911,0,1
752,1,repeated_2026,3.0,1,0.6221747731165393,1,0.6245207250282628,0,1
753,0,repeated_2026,2.0,0,0.1444611306350554,0,0.1448191275799403,0,0
754,0,repeated_2026,1.0,0,0.0863943626372317,0,0.0903776935301381,0,0
755,1,repeated_2026,0.0,1,0.8123217473409268,1,0.6024803467631544,0,1
756,1,repeated_2026,2.0,1,0.6198011755843604,0,0.4323950993081339,0,1
757,0,repeated_2026,3.0,0,0.11359846287368792,0,0.1758789930100412,0,0
758,0,repeated_2026,1.0,0,0.10018740901913019,0,0.3490323049435982,0,0
759,0,repeated_2026,4.0,0,0.09890440662206171,0,0.3029231987951321,0,0
760,1,repeated_2026,4.0,1,0.9727372327889331,1,0.7778440886786943,0,1
761,0,repeated_2026,3.0,0,0.098598611294048,0,0.1204179654511646,0,0
762,0,repeated_2026,3.0,0,0.08787130917348857,0,0.2165164265836086,0,0
763,1,repeated_2026,3.0,0,0.12235734356945846,0,0.2503350362188507,0,0
764,1,repeated_2026,2.0,1,0.9324668983838543,1,0.7471778316563471,0,1
765,0,repeated_2026,2.0,0,0.12424929334765349,0,0.1098000378907897,0,0
766,1,repeated_2026,3.0,1,0.9747320291539454,1,0.6733800479425962,0,1
767,0,repeated_2026,3.0,0,0.3786014158155815,0,0.3082227841207126,0,0
768,0,repeated_2026,4.0,1,0.6541791224729973,1,0.5345861986085684,0,1
769,0,repeated_2026,0.0,0,0.14341767399874186,0,0.2033048274241351,0,0
770,0,repeated_2026,0.0,0,0.15860356643667428,0,0.1974261476901709,0,0
771,0,repeated_2026,0.0,0,0.11872733266421853,0,0.1711551153434158,0,0
772,0,repeated_2026,0.0,0,0.10944076003825007,0,0.2261309362745552,0,0
773,0,repeated_2026,0.0,1,0.8908546514205764,1,0.8375309158085025,0,1
774,0,repeated_2026,1.0,0,0.1260588556139289,0,0.2101326209808174,0,0
775,1,repeated_2026,4.0,1,0.7254262287698756,1,0.8085649390040112,0,1
776,0,repeated_2026,1.0,0,0.08513839709638805,0,0.1849430108610962,0,0
777,0,repeated_2026,2.0,0,0.17967031980057785,0,0.3074095093817526,0,0
778,1,repeated_2026,3.0,1,0.5784769667528599,0,0.4457696605420839,0,1
779,0,repeated_2026,3.0,0,0.09942289450151691,0,0.1439157439900513,0,0
780,1,repeated_2026,2.0,1,0.9320767039018778,1,0.6919926561651492,0,1
781,1,repeated_2026,2.0,1,0.7098557592415635,1,0.523273432808157,0,1
782,1,repeated_2026,3.0,1,0.9545869256316146,1,0.8736583087026543,0,1
783,0,repeated_2026,2.0,1,0.5597137897896433,0,0.496353616386158,0,1
784,0,repeated_2026,3.0,0,0.10247344305447027,0,0.1289850451902216,0,0
785,0,repeated_2026,4.0,0,0.05219249534919251,0,0.1072874059914282,0,0
786,0,repeated_2026,0.0,0,0.09847024589810342,0,0.2609411779415617,0,0
787,1,repeated_2026,0.0,0,0.4596596851756592,0,0.3404712040136336,0,0
788,0,repeated_2026,3.0,0,0.1901672594386601,0,0.235629460767868,0,0
789,1,repeated_2026,4.0,1,0.5966656167947278,1,0.60198249357899,0,1
790,0,repeated_2026,2.0,0,0.26754422349210827,0,0.3424335504698186,0,0
791,0,repeated_2026,4.0,0,0.06116328317243845,0,0.338112815598122,0,0
792,0,repeated_2026,0.0,0,0.1421275196717633,0,0.1292756293569939,0,0
793,0,repeated_2026,1.0,0,0.2803987913871518,0,0.4395813085705285,0,0
794,0,repeated_2026,1.0,0,0.2744383860122969,0,0.3867124698713373,0,0
795,0,repeated_2026,4.0,0,0.07693552378487375,0,0.1295786332641986,0,0
796,0,repeated_2026,1.0,0,0.13053293456458764,0,0.1627331261302772,0,0
797,1,repeated_2026,3.0,1,0.7664459091781307,1,0.6691606562887856,0,1
798,1,repeated_2026,0.0,0,0.49059069994285504,0,0.314984637869687,0,0
799,0,repeated_2026,2.0,0,0.15148346502231105,0,0.2396888699936095,0,0
800,0,repeated_2026,2.0,1,0.5919306307120829,1,0.508738453239083,0,1
801,0,repeated_2026,1.0,0,0.1206865997337197,0,0.2209940349393868,0,0
802,1,repeated_2026,1.0,1,0.8832573051036504,1,0.6108477439822184,0,1
803,1,repeated_2026,2.0,1,0.6803239415571486,1,0.6714401290635474,0,1
804,1,repeated_2026,1.0,1,0.6745127986120116,0,0.4273060107766208,0,1
805,1,repeated_2026,1.0,0,0.10862455594189112,0,0.1260451922397127,0,0
806,0,repeated_2026,4.0,0,0.09303080917586644,0,0.1209538490753267,0,0
807,0,repeated_2026,4.0,0,0.2574639302111123,0,0.4661002883007846,0,0
808,0,repeated_2026,3.0,1,0.588483346053377,0,0.4176327311104982,0,1
809,0,repeated_2026,0.0,0,0.10863204321220475,0,0.2793430481269429,0,0
810,1,repeated_2026,4.0,1,0.9426461952135506,1,0.7745954739925053,0,1
811,0,repeated_2026,2.0,0,0.11127121804868553,0,0.1600517804472128,0,0
812,0,repeated_2026,3.0,0,0.13425256973021946,0,0.1218916375267019,0,0
813,0,repeated_2026,4.0,0,0.10231796840929605,0,0.1453820457269809,0,0
814,0,repeated_2026,1.0,0,0.21988027552090153,0,0.2189860368258449,0,0
815,0,repeated_2026,0.0,0,0.1593120556540164,0,0.1207523406535808,0,0
816,0,repeated_2026,0.0,0,0.2866269911143421,0,0.4196404826525357,0,0
817,0,repeated_2026,4.0,1,0.5246908238100144,1,0.604236514264058,0,1
818,0,repeated_2026,0.0,0,0.14126398814553345,0,0.354389336454977,0,0
819,0,repeated_2026,0.0,0,0.10605534204936874,0,0.1873450991318049,0,0
820,0,repeated_2026,0.0,0,0.2331047746419569,0,0.3007983911589376,0,0
821,1,repeated_2026,1.0,1,0.9218727859186245,1,0.7711197209135565,0,1
822,1,repeated_2026,3.0,0,0.1157591159475536,0,0.0995204002434168,0,0
823,0,repeated_2026,3.0,0,0.3208876252708073,0,0.3111350803187101,0,0
824,1,repeated_2026,3.0,1,0.5799329883468434,1,0.7173907839216619,0,1
825,0,repeated_2026,2.0,0,0.16246979160585728,0,0.2358046245538271,0,0
826,0,repeated_2026,4.0,0,0.05986677914374339,0,0.0797933665441567,0,0
827,0,repeated_2026,0.0,0,0.2493408795219765,0,0.4828788425802033,0,0
828,1,repeated_2026,0.0,1,0.6942239921878588,1,0.5143672843667393,0,1
829,1,repeated_2026,1.0,0,0.06793307831905737,0,0.195496804676745,0,0
830,1,repeated_2026,0.0,1,0.9591167810418072,1,0.847641777942472,0,1
831,1,repeated_2026,1.0,0,0.4829598656910672,1,0.5374623423144981,0,0
832,1,repeated_2026,3.0,1,0.6776398292506085,0,0.4166344601494866,0,1
833,0,repeated_2026,2.0,0,0.14238098177785674,0,0.125657758603359,0,0
834,0,repeated_2026,2.0,0,0.0922221067389505,0,0.1602138943571677,0,0
835,0,repeated_2026,1.0,0,0.09546078565620916,0,0.1944692405529165,0,0
836,1,repeated_2026,4.0,1,0.9797851554249021,1,0.7725770179672775,0,1
837,0,repeated_2026,2.0,0,0.11515241776463951,0,0.0951977104062192,0,0
838,0,repeated_2026,2.0,0,0.09635582110871665,0,0.2204818144839657,0,0
839,1,repeated_2026,2.0,0,0.20575521494792087,0,0.3238937932422493,0,0
840,1,repeated_2026,4.0,0,0.35901871912455646,1,0.5027135656655435,0,0
841,0,repeated_2026,4.0,0,0.0925213905899819,0,0.2170899914843077,0,0
842,0,repeated_2026,0.0,0,0.15277817011096265,0,0.2051402514409215,0,0
843,1,repeated_2026,1.0,1,0.8978368632483466,1,0.5401250711380232,0,1
844,0,repeated_2026,1.0,0,0.11683852986010042,0,0.2538031997443496,0,0
845,0,repeated_2026,4.0,0,0.09259184129919128,0,0.1267060080432983,0,0
846,0,repeated_2026,2.0,0,0.09111196542185428,0,0.2631414066997788,0,0
847,0,repeated_2026,4.0,0,0.22838579214672963,0,0.1200841550131914,0,0
848,0,repeated_2026,2.0,0,0.1340902115685742,0,0.0950898578033834,0,0
849,0,repeated_2026,2.0,0,0.40546590261109666,0,0.2671958321318492,0,0
850,1,repeated_2026,3.0,1,0.9900370116662758,1,0.6701969467171486,0,1
851,0,repeated_2026,2.0,0,0.22460795227484032,0,0.239685158444852,0,0
852,0,repeated_2026,3.0,0,0.08686434563897044,0,0.080463506380691,0,0
853,0,repeated_2026,3.0,1,0.6251511349899025,0,0.4100102089449031,0,1
854,1,repeated_2026,1.0,1,0.9321157046386662,1,0.6963001040921428,0,1
855,0,repeated_2026,3.0,1,0.9060354096770353,1,0.6082587158761632,0,1
856,1,repeated_2026,2.0,1,0.5880639708832307,1,0.5215002585219783,0,1
857,1,repeated_2026,4.0,1,0.9281076219249481,1,0.5218138449013114,0,1
858,1,repeated_2026,3.0,0,0.3686730655859533,0,0.4747380761784588,0,0
859,1,repeated_2026,1.0,1,0.6870773935888229,1,0.5880104519672844,0,1
860,0,repeated_2026,4.0,0,0.08406989428411335,0,0.1401818004840034,0,0
861,0,repeated_2026,0.0,0,0.07204933617169978,0,0.1359099527342332,0,0
862,0,repeated_2026,1.0,0,0.12785502812307156,0,0.1732918270185,0,0
863,1,repeated_2026,2.0,1,0.8966726318450289,1,0.8033919475599755,0,1
864,0,repeated_2026,1.0,0,0.2803987913871518,0,0.3847721631616769,0,0
865,0,repeated_2026,0.0,0,0.09235790039897952,0,0.1046966970767801,0,0
866,1,repeated_2026,4.0,1,0.8219934677518018,1,0.5910519919705205,0,1
867,1,repeated_2026,3.0,1,0.8968299721571111,1,0.5680491515545151,0,1
868,0,repeated_2026,2.0,0,0.3333062438849199,0,0.3973951005746378,0,0
869,0,repeated_2026,0.0,0,0.11872733266421853,0,0.1380713896031951,0,0
870,1,repeated_2026,2.0,1,0.6248125825784971,0,0.4649872880921528,0,1
871,0,repeated_2026,2.0,0,0.11127121804868553,0,0.0960743605488384,0,0
872,1,repeated_2026,4.0,1,0.9391867103492112,1,0.8071784939902381,0,1
873,0,repeated_2026,3.0,0,0.28800374088282893,0,0.4109580727349701,0,0
874,0,repeated_2026,1.0,0,0.1397128503676206,0,0.1264926100525395,0,0
875,1,repeated_2026,2.0,1,0.8298169833206552,1,0.5955442507421582,0,1
876,1,repeated_2026,3.0,1,0.7071102349265012,1,0.7808553587817554,0,1
877,0,repeated_2026,4.0,0,0.1188715342664692,0,0.1287765311412269,0,0
878,0,repeated_2026,0.0,0,0.10594262505534355,0,0.0787362844982944,0,0
879,0,repeated_2026,3.0,0,0.08885117879539095,0,0.0800363761800654,0,0
880,1,repeated_2026,2.0,1,0.9465579402875154,1,0.7362225220168659,0,1
881,1,repeated_2026,4.0,1,0.854501673358111,1,0.5980764109047355,0,1
882,0,repeated_2026,0.0,0,0.1263037484126893,0,0.1214201500731298,0,0
883,0,repeated_2026,3.0,1,0.5564991348045424,1,0.6111252378307251,0,1
884,0,repeated_2026,3.0,0,0.11024271417887553,0,0.2661944398632555,0,0
885,0,repeated_2026,4.0,0,0.05219249534919251,0,0.1371792698778405,0,0
886,0,repeated_2026,3.0,0,0.35956015176874384,0,0.4757167112349413,0,0
887,0,repeated_2026,0.0,0,0.26124046206238927,0,0.2466672526274194,0,0
888,1,repeated_2026,2.0,1,0.8826800590062902,1,0.6905856764230791,0,1
889,0,repeated_2026,3.0,1,0.5746234051804539,1,0.5715160427341085,0,1
890,1,repeated_2026,1.0,0,0.37360934850042465,1,0.5483884076077438,0,0
891,0,repeated_2026,2.0,0,0.11554923654496893,0,0.2050890796104737,0,0
1,0,repeated_31415,1.0,0,0.11130817254201833,0,0.2194892407458227,0,0
2,1,repeated_31415,4.0,1,0.9804580418592732,1,0.7075459967152159,0,1
3,1,repeated_31415,3.0,0,0.46815599697316623,1,0.5462561201100627,0,0
4,1,repeated_31415,3.0,1,0.9718665592533522,1,0.7417285291611764,0,1
5,0,repeated_31415,4.0,0,0.13369431987301567,0,0.1634512650013827,0,0
6,0,repeated_31415,0.0,0,0.11555180115369543,0,0.12396965289392,0,0
7,0,repeated_31415,3.0,0,0.3563658863557619,1,0.6134798895338509,0,0
8,0,repeated_31415,2.0,0,0.47239313144431344,0,0.1696425613370676,0,0
9,1,repeated_31415,2.0,1,0.5966137696857426,1,0.6615556346414105,0,1
10,1,repeated_31415,0.0,1,0.8779443467292023,1,0.6114134370259673,0,1
11,1,repeated_31415,2.0,1,0.6929918082640395,1,0.621885876915888,0,1
12,1,repeated_31415,4.0,1,0.8694592236920191,1,0.8664539073359374,0,1
13,0,repeated_31415,2.0,0,0.09754985392714441,0,0.1379458010708676,0,0
14,0,repeated_31415,4.0,0,0.18435400096919943,0,0.0921942038210936,0,0
15,0,repeated_31415,3.0,1,0.5598809624774315,0,0.4489444385645099,0,1
16,1,repeated_31415,2.0,1,0.898338782444318,1,0.6558003817683599,0,1
17,0,repeated_31415,1.0,0,0.14015685131614655,0,0.2873606598385037,0,0
18,1,repeated_31415,1.0,0,0.09172215636420344,0,0.2328075493528376,0,0
19,0,repeated_31415,2.0,1,0.6064690528848372,0,0.4477598199760195,0,1
20,1,repeated_31415,4.0,1,0.6785723133628092,1,0.5987574716250241,0,1
21,0,repeated_31415,3.0,0,0.1229548557816353,0,0.2172945384066359,0,0
22,1,repeated_31415,4.0,0,0.3691241654616217,1,0.5695927596607151,0,0
23,1,repeated_31415,3.0,1,0.6451277438987468,1,0.6588028373904522,0,1
24,1,repeated_31415,0.0,0,0.29418728211860906,0,0.3249628567272655,0,0
25,0,repeated_31415,0.0,0,0.225690829196332,0,0.2173885011554026,0,0
26,1,repeated_31415,4.0,0,0.2283294738339517,0,0.3855882048912933,0,0
27,0,repeated_31415,0.0,0,0.1308576449285449,0,0.2959522311901073,0,0
28,0,repeated_31415,4.0,0,0.4148755697231973,0,0.4546346219389378,0,0
29,1,repeated_31415,4.0,1,0.6813032839938575,1,0.6242777598492261,0,1
30,0,repeated_31415,4.0,0,0.09387414167126237,0,0.1055549049983611,0,0
31,0,repeated_31415,4.0,0,0.3306169603136927,0,0.4606204322417421,0,0
32,1,repeated_31415,4.0,1,0.9738944291189456,1,0.8243294419808587,0,1
33,1,repeated_31415,2.0,1,0.6946282287791696,1,0.6009920896827461,0,1
34,0,repeated_31415,3.0,0,0.12774573256279811,0,0.2336919015504603,0,0
35,0,repeated_31415,3.0,0,0.2951195713503183,0,0.4155672280653301,0,0
36,0,repeated_31415,4.0,0,0.2904066464120272,0,0.4453426765310968,0,0
37,1,repeated_31415,4.0,0,0.10512948024218081,0,0.2179866062631287,0,0
38,0,repeated_31415,3.0,0,0.0962658212785336,0,0.1629631849690762,0,0
39,0,repeated_31415,2.0,1,0.5065585980901525,0,0.2445570151321598,1,0
40,1,repeated_31415,2.0,1,0.609493165013555,1,0.6092742864781185,0,1
41,0,repeated_31415,2.0,1,0.5420478618401016,0,0.4582967870421698,0,1
42,0,repeated_31415,3.0,1,0.9155563181984757,1,0.5041347038825439,0,1
43,0,repeated_31415,3.0,0,0.15650393154448985,0,0.1639696109023613,0,0
44,1,repeated_31415,3.0,1,0.9048563694489387,1,0.539762956378555,0,1
45,1,repeated_31415,4.0,1,0.6862479141930864,1,0.6412205526899222,0,1
46,0,repeated_31415,3.0,0,0.09863065880588398,0,0.1568943967469624,0,0
47,0,repeated_31415,3.0,0,0.11928591705645912,0,0.1276987176293486,0,0
48,1,repeated_31415,1.0,1,0.7839393734361901,1,0.6455631937470996,0,1
49,0,repeated_31415,0.0,0,0.22105615359988387,0,0.2296670464250895,0,0
50,0,repeated_31415,0.0,1,0.6249981629935732,0,0.4846065545996716,0,1
51,0,repeated_31415,1.0,0,0.13646985659943345,0,0.2725222364154859,0,0
52,0,repeated_31415,1.0,0,0.08466754794093784,0,0.1669872114244716,0,0
53,1,repeated_31415,1.0,1,0.950634834547831,1,0.8344767099372733,0,1
54,1,repeated_31415,0.0,1,0.847009622127468,1,0.7503546844641558,0,1
55,0,repeated_31415,2.0,0,0.39839862084999406,0,0.4207763159363175,0,0
56,1,repeated_31415,2.0,0,0.2740704676886659,0,0.446331332000888,0,0
57,1,repeated_31415,4.0,1,0.8208201482328601,0,0.4443172744031508,0,1
58,0,repeated_31415,1.0,0,0.14588841402503447,0,0.1942662815149473,0,0
59,1,repeated_31415,0.0,1,0.9120613961764594,0,0.4940122196227132,0,1
60,0,repeated_31415,0.0,0,0.272615158620536,0,0.2634714126206975,0,0
61,0,repeated_31415,2.0,0,0.09662521848700968,0,0.1918094727330299,0,0
62,1,repeated_31415,2.0,1,0.9750295013799802,1,0.8168750203722681,0,1
63,0,repeated_31415,1.0,0,0.35756337127185034,0,0.3547614930487132,0,0
64,0,repeated_31415,2.0,0,0.37828289977854335,0,0.1955488524039075,0,0
65,0,repeated_31415,2.0,0,0.24884479116658825,0,0.314988430763323,0,0
66,1,repeated_31415,2.0,1,0.5364445697496921,1,0.5588438857202032,0,1
67,1,repeated_31415,3.0,1,0.885015385736118,1,0.7982401822142439,0,1
68,0,repeated_31415,3.0,0,0.09765905423196497,0,0.1608079065769926,0,0
69,1,repeated_31415,1.0,0,0.32119152103911564,0,0.3577959993261947,0,0
70,0,repeated_31415,2.0,0,0.08478664513160461,0,0.1610331463858084,0,0
71,0,repeated_31415,1.0,0,0.10735547797936158,0,0.2338601500597653,0,0
72,0,repeated_31415,0.0,0,0.3458775329762423,0,0.3407968687860824,0,0
73,0,repeated_31415,2.0,0,0.14909614940549692,0,0.1963800832398327,0,0
74,0,repeated_31415,1.0,0,0.17575067774850264,0,0.2151878879774835,0,0
75,1,repeated_31415,2.0,0,0.2185727001682975,0,0.3839294153178377,0,0
76,0,repeated_31415,2.0,0,0.18484167690772516,0,0.1749070382045676,0,0
77,0,repeated_31415,4.0,0,0.09387414167126237,0,0.1008674150001687,0,0
78,0,repeated_31415,3.0,0,0.09863065880588398,0,0.2262023051673785,0,0
79,1,repeated_31415,4.0,1,0.6263667357163926,1,0.5369088780754451,0,1
80,1,repeated_31415,3.0,0,0.49362726413941144,1,0.6107701825020027,0,0
81,0,repeated_31415,2.0,0,0.0833318012730451,0,0.181782545528206,0,0
82,1,repeated_31415,2.0,0,0.11726215950708939,0,0.1510300380044633,0,0
83,1,repeated_31415,0.0,1,0.6856561489201579,1,0.5291673887569874,0,1
84,0,repeated_31415,2.0,0,0.2299245143036111,0,0.2570563129428319,0,0
85,1,repeated_31415,3.0,1,0.8484827557316996,1,0.5610158334152074,0,1
86,1,repeated_31415,4.0,1,0.5210486134148278,0,0.4052361333046207,0,1
87,0,repeated_31415,2.0,0,0.19479259704828691,0,0.1378947602811586,0,0
88,0,repeated_31415,0.0,0,0.11211515024978543,0,0.2432741896605524,0,0
89,1,repeated_31415,1.0,1,0.6798888941647008,1,0.5381001140128046,0,1
90,0,repeated_31415,2.0,0,0.09029776893679697,0,0.1434343096216346,0,0
91,0,repeated_31415,0.0,0,0.1612827443160418,0,0.2235492116373344,0,0
92,0,repeated_31415,0.0,0,0.09772416283959726,0,0.1855441551735275,0,0
93,0,repeated_31415,3.0,0,0.43473379858710204,0,0.3625844094722533,0,0
94,0,repeated_31415,4.0,0,0.21517753944667162,0,0.3913371491277425,0,0
95,0,repeated_31415,3.0,0,0.09994278534762824,0,0.0871391136478929,0,0
96,0,repeated_31415,2.0,0,0.09029776893679697,0,0.1969857341765156,0,0
97,0,repeated_31415,1.0,0,0.32408311822756347,1,0.504330424525785,0,0
98,1,repeated_31415,4.0,1,0.510594272007914,1,0.5547126225342238,0,1
99,1,repeated_31415,0.0,1,0.8216807794933647,1,0.6792141397717969,0,1
100,0,repeated_31415,3.0,0,0.17195172136801673,0,0.2616712492865267,0,0
101,0,repeated_31415,2.0,1,0.5694374526406906,0,0.328196717335292,0,1
102,0,repeated_31415,4.0,0,0.09387414167126237,0,0.1439427297217071,0,0
103,0,repeated_31415,3.0,0,0.48264799261573144,0,0.3386663754922309,0,0
104,0,repeated_31415,2.0,0,0.12261928428670642,0,0.1461063320639798,0,0
105,0,repeated_31415,2.0,0,0.09708127131452794,0,0.1690663198736826,0,0
106,0,repeated_31415,4.0,0,0.12886612534717196,0,0.0916774883589747,0,0
107,1,repeated_31415,1.0,1,0.5393450075011281,1,0.5323236076894968,0,1
108,1,repeated_31415,0.0,0,0.09299639044292977,0,0.1457269462088082,0,0
109,0,repeated_31415,0.0,0,0.11553483456033567,0,0.0585381667054333,0,0
110,1,repeated_31415,0.0,1,0.6275803062761734,1,0.5245511118158738,0,1
111,0,repeated_31415,4.0,0,0.3190183329314139,1,0.5162575331532387,0,0
112,0,repeated_31415,0.0,1,0.6344183795701999,1,0.5329480171028196,0,1
113,0,repeated_31415,2.0,0,0.08930829368288923,0,0.0858939877527496,0,0
114,0,repeated_31415,3.0,1,0.5056631220547303,1,0.5361968491766428,0,1
115,0,repeated_31415,2.0,1,0.6468848654862357,1,0.5391011955207149,0,1
116,0,repeated_31415,2.0,0,0.09754985392714441,0,0.2120481208380077,0,0
117,0,repeated_31415,3.0,0,0.10125203096781053,0,0.1755193394182935,0,0
118,0,repeated_31415,3.0,0,0.10456654868280699,0,0.2209124821545561,0,0
119,0,repeated_31415,1.0,0,0.432648338804182,1,0.6384344601641244,0,0
120,0,repeated_31415,0.0,0,0.34295855471365,1,0.5340905522254351,0,0
121,0,repeated_31415,1.0,0,0.10937770868515903,0,0.2213388803173669,0,0
122,0,repeated_31415,0.0,0,0.11211515024978543,0,0.1711018800739728,0,0
123,0,repeated_31415,4.0,0,0.19900797702022754,0,0.4010382386285204,0,0
124,1,repeated_31415,4.0,1,0.8596294731293513,1,0.7822652293320018,0,1
125,0,repeated_31415,0.0,0,0.37694601450099313,0,0.2629710536335671,0,0
126,1,repeated_31415,1.0,1,0.6082295179207529,1,0.5591644722818008,0,1
127,0,repeated_31415,2.0,0,0.06493117297774259,0,0.1930689609169142,0,0
128,1,repeated_31415,2.0,0,0.06836290834633625,0,0.2238812213506594,0,0
129,1,repeated_31415,2.0,1,0.7421791444859529,1,0.7599744536536055,0,1
130,0,repeated_31415,2.0,0,0.07593679848378994,0,0.0968846056122797,0,0
131,0,repeated_31415,1.0,0,0.14458487523674352,0,0.1205168001035699,0,0
132,0,repeated_31415,1.0,0,0.08606413208203054,0,0.1362164616874913,0,0
133,0,repeated_31415,4.0,0,0.4906983998649682,0,0.4617239057879939,0,0
134,1,repeated_31415,2.0,1,0.877614427735827,1,0.5732145272014725,0,1
135,0,repeated_31415,1.0,0,0.08608361654878009,0,0.2005506795973832,0,0
136,0,repeated_31415,4.0,0,0.1336095764335336,0,0.1893720391925285,0,0
137,1,repeated_31415,3.0,1,0.9087787348188182,1,0.7290881132543178,0,1
138,0,repeated_31415,3.0,0,0.3970783072197388,0,0.3787364869618355,0,0
139,0,repeated_31415,0.0,0,0.13314609720080312,0,0.1482258552940113,0,0
140,0,repeated_31415,3.0,0,0.38749062624652175,0,0.3200176665607593,0,0
141,0,repeated_31415,3.0,1,0.5348909351740122,0,0.4863765226614642,0,1
142,1,repeated_31415,4.0,1,0.5951094671752454,0,0.4293650002818422,0,1
143,1,repeated_31415,1.0,0,0.3256248496142415,0,0.4358246006381984,0,0
144,0,repeated_31415,4.0,0,0.10721683143901059,0,0.1540562588581092,0,0
145,0,repeated_31415,1.0,0,0.09473443054181584,0,0.2439733794618085,0,0
146,0,repeated_31415,4.0,0,0.12595522064815193,0,0.2318572054093942,0,0
147,1,repeated_31415,2.0,0,0.08884193448627944,0,0.1753670832617898,0,0
148,0,repeated_31415,2.0,0,0.422940668139663,0,0.4287676974263686,0,0
149,0,repeated_31415,2.0,0,0.2773616387870736,1,0.6658064241869016,0,0
150,0,repeated_31415,4.0,0,0.2245170309056075,0,0.2523210728742566,0,0
151,0,repeated_31415,2.0,0,0.25158812023214455,0,0.2385095452453308,0,0
152,1,repeated_31415,2.0,1,0.8369013754837336,1,0.6649150722668861,0,1
153,0,repeated_31415,0.0,0,0.14721327494748873,0,0.1846501018483334,0,0
154,0,repeated_31415,3.0,0,0.0951158107114483,0,0.1323316796433149,0,0
155,0,repeated_31415,1.0,0,0.07391588927238014,0,0.2232201798654278,0,0
156,0,repeated_31415,3.0,0,0.22674544828167303,0,0.3104524395827017,0,0
157,1,repeated_31415,1.0,1,0.7555516796802263,1,0.6097687432525218,0,1
158,0,repeated_31415,4.0,0,0.1419654214311813,0,0.2097710678325079,0,0
159,0,repeated_31415,4.0,0,0.0944723375519454,0,0.1747942420319101,0,0
160,0,repeated_31415,1.0,0,0.19403214541069305,0,0.2688136326758047,0,0
161,0,repeated_31415,1.0,0,0.08362900359243056,0,0.1603148954589272,0,0
162,1,repeated_31415,0.0,1,0.8384019574745477,1,0.656383741758146,0,1
163,0,repeated_31415,3.0,0,0.10256089614586271,0,0.1096774626426762,0,0
164,0,repeated_31415,4.0,0,0.10365847176555712,0,0.1519582332672337,0,0
165,0,repeated_31415,2.0,0,0.37563528524551987,0,0.2941020546226546,0,0
166,1,repeated_31415,0.0,1,0.7101541519972585,0,0.4262653945473439,0,1
167,1,repeated_31415,4.0,1,0.9645934043871747,1,0.8473951949943516,0,1
168,0,repeated_31415,1.0,0,0.23910752767376023,0,0.4067188457844708,0,0
169,0,repeated_31415,3.0,0,0.26314843316180847,0,0.2381267377906704,0,0
170,0,repeated_31415,0.0,0,0.2917605231196247,1,0.5476707692098602,0,0
171,0,repeated_31415,0.0,0,0.2665721092607284,0,0.3175396805627618,0,0
172,0,repeated_31415,2.0,0,0.3763037604646111,0,0.2292267083050174,0,0
173,1,repeated_31415,4.0,1,0.5882314492581224,0,0.434686355642338,0,1
174,0,repeated_31415,1.0,0,0.10842512186669069,0,0.2531636005151345,0,0
175,0,repeated_31415,3.0,0,0.3041594863658427,0,0.4565631664814852,0,0
176,0,repeated_31415,1.0,0,0.13430320766257947,0,0.1449910272928129,0,0
177,0,repeated_31415,2.0,0,0.3916134155772407,0,0.2490693224056744,0,0
178,0,repeated_31415,2.0,1,0.9593647630568543,1,0.8365642405314517,0,1
179,0,repeated_31415,4.0,0,0.10656231270306597,0,0.2521809228536406,0,0
180,0,repeated_31415,3.0,0,0.12130146180084768,0,0.3165544894663081,0,0
181,0,repeated_31415,4.0,0,0.22107750862888306,0,0.3206772631862938,0,0
182,0,repeated_31415,2.0,0,0.15539739337589906,0,0.2310695811658263,0,0
183,0,repeated_31415,3.0,0,0.28716078759582225,1,0.5393016892442759,0,0
184,1,repeated_31415,1.0,1,0.6957790100855803,1,0.5964914086057997,0,1
185,1,repeated_31415,0.0,1,0.6541730980761136,0,0.4792479735522309,0,1
186,0,repeated_31415,2.0,0,0.2740704676886659,0,0.435878311362729,0,0
187,1,repeated_31415,3.0,1,0.5243249843377386,0,0.4569554577398398,0,1
188,1,repeated_31415,0.0,0,0.1981189805641447,0,0.3945922475366676,0,0
189,0,repeated_31415,1.0,0,0.09208110390937622,0,0.0726732821970396,0,0
190,0,repeated_31415,3.0,0,0.10892594057502918,0,0.1249546977364656,0,0
191,1,repeated_31415,0.0,1,0.837135706394323,0,0.4973571843972285,0,1
192,0,repeated_31415,4.0,0,0.09815482102779555,0,0.156349754734772,0,0
193,1,repeated_31415,4.0,1,0.5180722692144193,1,0.5352041196833748,0,1
194,1,repeated_31415,0.0,1,0.7492004227579441,1,0.6061917159455209,0,1
195,1,repeated_31415,0.0,1,0.8759686651325336,1,0.7122798486752705,0,1
196,1,repeated_31415,3.0,1,0.9391062021594742,1,0.7782748959409305,0,1
197,0,repeated_31415,4.0,0,0.0903128051109438,0,0.2308585210643756,0,0
198,0,repeated_31415,0.0,0,0.11773843809455725,0,0.2418626899327282,0,0
199,1,repeated_31415,0.0,1,0.7094224125628446,1,0.653762109372844,0,1
200,0,repeated_31415,3.0,1,0.8843520892704728,1,0.733821300728507,0,1
201,0,repeated_31415,3.0,0,0.14268194920834704,0,0.133525191280398,0,0
202,0,repeated_31415,2.0,0,0.18455007168077167,0,0.0753945017933458,0,0
203,0,repeated_31415,3.0,0,0.11508201513107076,0,0.1410185450240681,0,0
204,0,repeated_31415,3.0,0,0.14294759384230993,0,0.1888960309890206,0,0
205,1,repeated_31415,3.0,0,0.0962658212785336,0,0.1114268297881834,0,0
206,0,repeated_31415,1.0,0,0.4016200589196294,0,0.4862644109672106,0,0
207,0,repeated_31415,4.0,0,0.09090082556654697,0,0.2168968677453576,0,0
208,1,repeated_31415,2.0,0,0.11842486349013907,0,0.1790769601767632,0,0
209,1,repeated_31415,1.0,1,0.7555516796802263,0,0.4820889471268382,0,1
210,1,repeated_31415,4.0,0,0.3913732116188474,0,0.3228121168808462,0,0
211,0,repeated_31415,1.0,0,0.07921404192023829,0,0.1495427258648991,0,0
212,1,repeated_31415,3.0,1,0.89824629799735,1,0.605518462720107,0,1
213,0,repeated_31415,2.0,0,0.06705413095256951,0,0.0971749645806969,0,0
214,0,repeated_31415,0.0,0,0.1366386238401409,0,0.2055139502312345,0,0
215,0,repeated_31415,2.0,0,0.08414768166391262,0,0.2240281917284973,0,0
216,1,repeated_31415,0.0,1,0.9508038022645541,1,0.7251202813794183,0,1
217,1,repeated_31415,1.0,0,0.47678525721605064,1,0.5302352416642008,0,0
218,0,repeated_31415,3.0,0,0.160121444708161,0,0.3345458323942398,0,0
219,1,repeated_31415,0.0,1,0.965522160185214,1,0.8089340693845999,0,1
220,0,repeated_31415,1.0,0,0.1423670680497184,0,0.2496122565035244,0,0
221,1,repeated_31415,3.0,0,0.11811713704189986,0,0.1210567428393041,0,0
222,0,repeated_31415,2.0,0,0.12607195598909343,0,0.1889308816590002,0,0
223,0,repeated_31415,2.0,0,0.11372714630562332,0,0.2070078608841841,0,0
224,0,repeated_31415,1.0,0,0.079036053679165,0,0.1241061956920022,0,0
225,1,repeated_31415,0.0,0,0.3759317090764389,1,0.5238916744531747,0,0
226,0,repeated_31415,3.0,0,0.09796578834516347,0,0.3863816439072873,0,0
227,1,repeated_31415,2.0,0,0.07851240129674183,0,0.177208319127443,0,0
228,0,repeated_31415,1.0,0,0.08606413208203054,0,0.2036339377451588,0,0
229,0,repeated_31415,4.0,0,0.09815482102779555,0,0.2840299923058086,0,0
230,0,repeated_31415,1.0,0,0.17210390099899203,0,0.4163769262448633,0,0
231,1,repeated_31415,2.0,1,0.8928079086823043,1,0.5283705816243979,0,1
232,0,repeated_31415,0.0,0,0.132583582326866,0,0.1500767046610398,0,0
233,0,repeated_31415,3.0,0,0.1175409809735199,0,0.2828496706599889,0,0
234,1,repeated_31415,4.0,0,0.1904436768027264,0,0.4591611939062484,0,0
235,0,repeated_31415,1.0,0,0.09158684460972318,0,0.2633067375024983,0,0
236,0,repeated_31415,4.0,1,0.5951094671752454,0,0.4261480859805376,0,1
237,0,repeated_31415,3.0,0,0.11227749725988714,0,0.2048468479073368,0,0
238,1,repeated_31415,1.0,1,0.5925302488443412,1,0.6495402243155438,0,1
239,0,repeated_31415,0.0,0,0.11270769901995803,0,0.2686408764931671,0,0
240,0,repeated_31415,4.0,0,0.10656231270306597,0,0.1887343903725552,0,0
241,0,repeated_31415,1.0,0,0.3677220724839793,1,0.5354801167008237,0,0
242,1,repeated_31415,0.0,1,0.6207013112993226,1,0.6979936748583336,0,1
243,0,repeated_31415,3.0,0,0.12931531698709703,0,0.1524679400554929,0,0
244,0,repeated_31415,0.0,0,0.09402262258615487,0,0.3515886039255024,0,0
245,0,repeated_31415,0.0,0,0.13823520720257298,0,0.2112315042051855,0,0
246,0,repeated_31415,2.0,1,0.5609531280615815,0,0.4858889983450719,0,1
247,0,repeated_31415,2.0,1,0.5730510442765804,0,0.3427477183076252,0,1
248,1,repeated_31415,2.0,1,0.8180795361324694,0,0.439921614177264,0,1
249,1,repeated_31415,2.0,0,0.424180990131905,0,0.4867916324940348,0,0
250,0,repeated_31415,0.0,0,0.3240941474688676,0,0.3074613912741959,0,0
251,0,repeated_31415,3.0,0,0.09878329041096194,0,0.1523892468458295,0,0
252,0,repeated_31415,0.0,1,0.6389568401504079,1,0.5373832479811601,0,1
253,0,repeated_31415,1.0,0,0.2909624538879549,0,0.3406159281907886,0,0
254,0,repeated_31415,3.0,0,0.1225022267857311,0,0.1276750484090009,0,0
255,0,repeated_31415,1.0,0,0.3454810525629862,1,0.503740198837548,0,0
256,1,repeated_31415,4.0,1,0.5935078380882157,1,0.5890643609107274,0,1
257,1,repeated_31415,2.0,1,0.9540416241779839,1,0.7909720960734364,0,1
258,1,repeated_31415,4.0,1,0.9711998565334751,1,0.7624758497285136,0,1
259,1,repeated_31415,2.0,1,0.9589432575610295,1,0.712098536182908,0,1
260,1,repeated_31415,3.0,1,0.8807873475885679,1,0.5716055100582449,0,1
261,0,repeated_31415,3.0,0,0.1007864610275992,0,0.2123813736695604,0,0
262,1,repeated_31415,3.0,0,0.28716078759582225,0,0.4547595932476322,0,0
263,0,repeated_31415,3.0,0,0.3934383207564771,1,0.5695538179363254,0,0
264,0,repeated_31415,0.0,0,0.2609390106417762,0,0.4723034304864923,0,0
265,0,repeated_31415,1.0,1,0.7839393734361901,0,0.4849042661408344,0,1
266,0,repeated_31415,2.0,0,0.11142364042116695,0,0.1478865485914498,0,0
267,0,repeated_31415,2.0,0,0.18835104573312458,0,0.1188886300355448,0,0
268,1,repeated_31415,2.0,0,0.07237603605710995,0,0.0670046583176727,0,0
269,1,repeated_31415,3.0,1,0.9121207129504975,1,0.6274359407369532,0,1
270,1,repeated_31415,2.0,1,0.9801065374999643,1,0.8327462362534819,0,1
271,0,repeated_31415,3.0,0,0.20837371413735684,0,0.3018389380151988,0,0
272,1,repeated_31415,1.0,0,0.07158757363660688,0,0.2196338185383607,0,0
273,1,repeated_31415,1.0,1,0.8354565960345893,1,0.8020570938556889,0,1
274,0,repeated_31415,2.0,0,0.44701538862815154,1,0.5416574622757084,0,0
275,1,repeated_31415,4.0,1,0.7033158313465551,1,0.5476412356311704,0,1
276,1,repeated_31415,3.0,1,0.9458119449420113,1,0.6523967366192261,0,1
277,0,repeated_31415,0.0,1,0.5589302793608559,0,0.3672712350634978,0,1
278,0,repeated_31415,2.0,0,0.09848155873705386,0,0.2254556560083722,0,0
279,0,repeated_31415,0.0,0,0.17521684283554098,0,0.2751194960977297,0,0
280,1,repeated_31415,2.0,1,0.6377982866217691,0,0.4525545417344697,0,1
281,0,repeated_31415,0.0,0,0.10694283868126088,0,0.2478556850625218,0,0
282,0,repeated_31415,4.0,0,0.12886612534717196,0,0.1081518049109277,0,0
283,0,repeated_31415,3.0,0,0.12005878214467121,0,0.2555600791335545,0,0
284,1,repeated_31415,2.0,0,0.09754985392714441,0,0.1321921704759391,0,0
285,0,repeated_31415,2.0,0,0.3378703110037737,0,0.3415561757602716,0,0
286,0,repeated_31415,1.0,0,0.1632501593440344,0,0.0903804339046841,0,0
287,1,repeated_31415,0.0,0,0.1520663708428227,0,0.2961128245691551,0,0
288,0,repeated_31415,4.0,0,0.09635562687296961,0,0.1037565007662694,0,0
289,1,repeated_31415,1.0,0,0.09105929705004458,0,0.2531793652749728,0,0
290,1,repeated_31415,3.0,1,0.678191691842503,1,0.5080784440388565,0,1
291,1,repeated_31415,1.0,1,0.7378563542428376,1,0.7410541591476721,0,1
292,1,repeated_31415,0.0,1,0.9195047250701263,1,0.7947946282102363,0,1
293,0,repeated_31415,4.0,0,0.38146385912520864,0,0.3840766576403167,0,0
294,0,repeated_31415,1.0,0,0.4792232082415787,0,0.3505186679051154,0,0
295,0,repeated_31415,0.0,0,0.09299639044292977,0,0.0752146564119357,0,0
296,0,repeated_31415,1.0,0,0.2654629344076438,0,0.2865537618324236,0,0
297,0,repeated_31415,0.0,0,0.1308576449285449,0,0.2515378879183723,0,0
298,0,repeated_31415,4.0,1,0.8560261182783703,1,0.7510875361346753,0,1
299,1,repeated_31415,3.0,0,0.296810982026169,1,0.5341601938259821,0,0
300,1,repeated_31415,1.0,1,0.9630650595986272,1,0.804361189657306,0,1
301,1,repeated_31415,2.0,1,0.6946282287791696,1,0.78769025810979,0,1
302,1,repeated_31415,1.0,0,0.19599133968563046,0,0.2966287358350749,0,0
303,0,repeated_31415,3.0,0,0.1761877043118249,0,0.3312508021359556,0,0
304,1,repeated_31415,3.0,1,0.9051075389436949,1,0.7820281668571862,0,1
305,0,repeated_31415,3.0,0,0.09863065880588398,0,0.1958555105576606,0,0
306,1,repeated_31415,2.0,1,0.6472921903281927,0,0.3829248986724879,0,1
307,1,repeated_31415,1.0,1,0.9484036862869792,1,0.7277942779418207,0,1
308,1,repeated_31415,3.0,1,0.9083412397220376,1,0.5363087775819073,0,1
309,0,repeated_31415,0.0,0,0.17389298443420637,0,0.3328609263559269,0,0
310,1,repeated_31415,1.0,1,0.9712612800062158,1,0.7536520533929681,0,1
311,1,repeated_31415,0.0,1,0.9444208919894502,1,0.8360835187108073,0,1
312,1,repeated_31415,4.0,1,0.7982825101067675,1,0.7031384251556764,0,1
313,0,repeated_31415,4.0,1,0.9055932417214655,1,0.6649967031098744,0,1
314,0,repeated_31415,3.0,0,0.12709534757458704,0,0.1029221487080131,0,0
315,0,repeated_31415,3.0,0,0.16655059766530442,0,0.3403191386335458,0,0
316,1,repeated_31415,4.0,1,0.5268141249966668,0,0.2989531316973983,0,1
317,1,repeated_31415,2.0,1,0.7509446650290087,1,0.5154011987645886,0,1
318,0,repeated_31415,4.0,0,0.22852708437263336,0,0.3966112034398264,0,0
319,1,repeated_31415,4.0,1,0.9508592222554932,1,0.7194106651434494,0,1
320,1,repeated_31415,4.0,1,0.8986681015726133,1,0.8309846108650042,0,1
321,0,repeated_31415,0.0,0,0.09402262258615487,0,0.2518754892678204,0,0
322,0,repeated_31415,1.0,0,0.0938452842277224,0,0.0936152980166957,0,0
323,1,repeated_31415,2.0,1,0.8787083761343726,1,0.5923354814307539,0,1
324,1,repeated_31415,1.0,1,0.8121685765015507,1,0.56128691028973,0,1
325,0,repeated_31415,3.0,0,0.191570262664119,0,0.0796596284938194,0,0
326,1,repeated_31415,1.0,1,0.9610796907776775,1,0.7345805632589669,0,1
327,0,repeated_31415,4.0,0,0.08860265438173828,0,0.0976714345895613,0,0
328,1,repeated_31415,2.0,1,0.8865274761262919,1,0.8154607468842373,0,1
329,1,repeated_31415,4.0,1,0.5393225433655364,1,0.5002051613886498,0,1
330,1,repeated_31415,3.0,1,0.9195160712785051,1,0.7740204185318765,0,1
331,1,repeated_31415,0.0,1,0.674842233448857,1,0.6281520266731986,0,1
332,0,repeated_31415,0.0,0,0.27504003784069214,0,0.3318744437021869,0,0
333,0,repeated_31415,0.0,0,0.371731751015605,0,0.4407680601630309,0,0
334,0,repeated_31415,1.0,0,0.1412782090609208,0,0.0864292019788003,0,0
335,1,repeated_31415,2.0,1,0.9180164944933172,1,0.7092677850902847,0,1
336,0,repeated_31415,0.0,0,0.09299639044292977,0,0.0981229251938163,0,0
337,0,repeated_31415,0.0,0,0.3745918661929289,0,0.3806217838318931,0,0
338,1,repeated_31415,2.0,1,0.9735045356998979,1,0.8960169051332628,0,1
339,1,repeated_31415,2.0,0,0.1169684541593356,0,0.2211489154080216,0,0
340,0,repeated_31415,4.0,0,0.3412015479847125,1,0.5355073243412785,0,0
341,1,repeated_31415,3.0,1,0.7374680939771716,1,0.5209376251285476,0,1
342,1,repeated_31415,0.0,1,0.7354991887806831,1,0.7153376952124327,0,1
343,0,repeated_31415,4.0,0,0.11525417178828641,0,0.2553643633148043,0,0
344,0,repeated_31415,0.0,0,0.10156321322403321,0,0.3223498965227048,0,0
345,0,repeated_31415,1.0,0,0.0910776139769227,0,0.1872151820533778,0,0
346,1,repeated_31415,3.0,1,0.8869467821460242,1,0.7348015578296891,0,1
347,1,repeated_31415,4.0,1,0.8246806102622121,1,0.5433871137458041,0,1
348,1,repeated_31415,1.0,1,0.6458250368833914,1,0.5580254923206159,0,1
349,1,repeated_31415,0.0,1,0.7101541519972585,0,0.4101428161376009,0,1
350,0,repeated_31415,3.0,0,0.12552227470339805,0,0.1063789508578579,0,0
351,0,repeated_31415,0.0,0,0.10833307016128035,0,0.1612509188023361,0,0
352,0,repeated_31415,0.0,0,0.2527871714146191,1,0.5141603936424557,0,0
353,0,repeated_31415,0.0,0,0.22441186367797092,0,0.1690679169550116,0,0
354,0,repeated_31415,0.0,0,0.09280491957111703,0,0.1365070287231775,0,0
355,0,repeated_31415,3.0,0,0.16089677862161345,0,0.1800297840968084,0,0
356,0,repeated_31415,0.0,0,0.15593641275728443,0,0.088843187923399,0,0
357,1,repeated_31415,0.0,1,0.9321973323787495,1,0.7727569303370672,0,1
358,0,repeated_31415,2.0,1,0.8771876375250334,1,0.7041857670612517,0,1
359,1,repeated_31415,4.0,1,0.6813032839938575,1,0.5837264664854631,0,1
360,1,repeated_31415,0.0,1,0.6856561489201579,1,0.7027566588570785,0,1
361,0,repeated_31415,3.0,0,0.13974255683379305,0,0.0923889307441695,0,0
362,0,repeated_31415,1.0,0,0.1570029164684808,0,0.3253176045058041,0,0
363,0,repeated_31415,4.0,1,0.5635291492461929,1,0.7348167678384437,0,1
364,0,repeated_31415,3.0,0,0.10391159187179809,0,0.1306096224136456,0,0
365,0,repeated_31415,1.0,0,0.19516151235409399,0,0.2210511683804817,0,0
366,0,repeated_31415,4.0,0,0.10270595697453475,0,0.226701448034145,0,0
367,1,repeated_31415,4.0,1,0.9638724675545136,1,0.7874082061809171,0,1
368,1,repeated_31415,3.0,1,0.6430080850776724,1,0.572797123424743,0,1
369,1,repeated_31415,3.0,1,0.678191691842503,1,0.685709316500361,0,1
370,1,repeated_31415,2.0,1,0.9809004602851757,1,0.6621218581665883,0,1
371,1,repeated_31415,1.0,0,0.42967278241728724,0,0.4517268987450024,0,0
372,0,repeated_31415,0.0,0,0.13418512785287517,0,0.1674005009772232,0,0
373,0,repeated_31415,0.0,0,0.12002553314961593,0,0.1451234597015386,0,0
374,0,repeated_31415,2.0,0,0.2978255573556696,0,0.3529538611051123,0,0
375,0,repeated_31415,3.0,0,0.21280353200545982,0,0.1948171821467403,0,0
376,1,repeated_31415,4.0,1,0.9081844530677293,1,0.5443995381570581,0,1
377,1,repeated_31415,0.0,1,0.5568657773555076,1,0.5304924288069274,0,1
378,0,repeated_31415,4.0,0,0.44324522381480524,0,0.4585132220873076,0,0
379,0,repeated_31415,2.0,0,0.10410629287479457,0,0.1948136496664576,0,0
380,0,repeated_31415,2.0,0,0.07422699274902013,0,0.1072502441636356,0,0
381,1,repeated_31415,4.0,1,0.8213585844182905,1,0.6706797437487474,0,1
382,1,repeated_31415,3.0,1,0.6277381001523025,1,0.6204026128643194,0,1
383,0,repeated_31415,4.0,0,0.1419654214311813,0,0.3543672063189809,0,0
384,1,repeated_31415,0.0,1,0.883933605601425,1,0.6965634521625482,0,1
385,0,repeated_31415,3.0,0,0.09424015116707707,0,0.1097958120679169,0,0
386,0,repeated_31415,2.0,0,0.15665752998123164,0,0.2246731009934816,0,0
387,0,repeated_31415,2.0,0,0.3950424254130292,0,0.2511481315118422,0,0
388,1,repeated_31415,0.0,1,0.8197699058446579,1,0.5439437095274294,0,1
389,0,repeated_31415,0.0,0,0.09555780913322034,0,0.2363530274282065,0,0
390,1,repeated_31415,3.0,1,0.8690878550361323,1,0.6905217811471758,0,1
391,1,repeated_31415,1.0,0,0.3788190757727219,0,0.4311275437528243,0,0
392,1,repeated_31415,1.0,0,0.08466754794093784,0,0.1373700306957446,0,0
393,0,repeated_31415,1.0,0,0.11729127167268358,0,0.1386029686028405,0,0
394,1,repeated_31415,0.0,1,0.9416145544486191,1,0.6959995489073456,0,1
395,1,repeated_31415,0.0,1,0.7127291057048686,1,0.5901041176518291,0,1
396,0,repeated_31415,4.0,0,0.09635562687296961,0,0.1660411945441034,0,0
397,0,repeated_31415,0.0,1,0.5448369607417737,0,0.4377023919564464,0,1
398,0,repeated_31415,0.0,0,0.09152290558707135,0,0.1724278269914345,0,0
399,0,repeated_31415,3.0,0,0.2168904881619795,0,0.185437050243176,0,0
400,1,repeated_31415,3.0,1,0.9103136757189202,1,0.6566934038772829,0,1
401,1,repeated_31415,1.0,0,0.10234094618717142,0,0.3239763873387515,0,0
402,0,repeated_31415,4.0,0,0.12542859450596633,0,0.0633262665461967,0,0
403,0,repeated_31415,2.0,1,0.535223100127257,0,0.4502512495448111,0,1
404,0,repeated_31415,3.0,0,0.1649310438601026,0,0.3217222813712593,0,0
405,0,repeated_31415,4.0,1,0.5493152088156941,0,0.4124391730304334,0,1
406,0,repeated_31415,3.0,0,0.10901091149397099,0,0.1864631867911979,0,0
407,0,repeated_31415,1.0,0,0.07466210822484483,0,0.1305176002395229,0,0
408,1,repeated_31415,1.0,1,0.6906981135575065,1,0.5255155223932734,0,1
409,0,repeated_31415,1.0,0,0.08466754794093784,0,0.2447460445817635,0,0
410,0,repeated_31415,1.0,0,0.17210390099899203,0,0.3129394695861791,0,0
411,0,repeated_31415,4.0,0,0.09387414167126237,0,0.0827320545876916,0,0
412,0,repeated_31415,4.0,0,0.10170284520664365,0,0.1689290379271714,0,0
413,1,repeated_31415,4.0,1,0.943139857104849,1,0.6809614039533106,0,1
414,0,repeated_31415,2.0,0,0.09848155873705386,0,0.1870880197900889,0,0
415,1,repeated_31415,3.0,0,0.11796615791877497,0,0.2212173969212438,0,0
416,0,repeated_31415,1.0,1,0.5619372141852979,1,0.6709855884972603,0,1
417,1,repeated_31415,1.0,1,0.9005852308649577,1,0.6029099402187114,0,1
418,1,repeated_31415,2.0,1,0.8312394277345597,0,0.4546218105400375,0,1
419,0,repeated_31415,4.0,0,0.10656231270306597,0,0.190482782310576,0,0
420,0,repeated_31415,0.0,1,0.6112788218040129,0,0.274463915432978,0,1
421,0,repeated_31415,3.0,0,0.15650393154448985,0,0.0850406349858446,0,0
422,0,repeated_31415,1.0,0,0.09011592511691104,0,0.1454670404605019,0,0
423,0,repeated_31415,0.0,0,0.132583582326866,0,0.1409874485903494,0,0
424,0,repeated_31415,0.0,1,0.6023070135078425,1,0.5487695549788361,0,1
425,0,repeated_31415,0.0,0,0.16280869639523585,0,0.1093723277724298,0,0
426,0,repeated_31415,2.0,0,0.06836290834633625,0,0.1928978712514175,0,0
427,1,repeated_31415,4.0,1,0.8996613495770001,1,0.5128688926888404,0,1
428,1,repeated_31415,2.0,1,0.8325017347265857,1,0.6786533400259096,0,1
429,0,repeated_31415,0.0,0,0.09555780913322034,0,0.1910239643724109,0,0
430,1,repeated_31415,3.0,0,0.2774069666803677,0,0.3323425640916144,0,0
431,1,repeated_31415,0.0,0,0.3065924072727947,0,0.3963470128392406,0,0
432,1,repeated_31415,0.0,1,0.6054955473404464,1,0.5006317134664491,0,1
433,1,repeated_31415,0.0,1,0.822587635211846,0,0.4661012562127659,0,1
434,0,repeated_31415,4.0,0,0.09630471262560679,0,0.3338726771084941,0,0
435,0,repeated_31415,4.0,0,0.4884850291658694,1,0.5009924090360771,0,0
436,1,repeated_31415,1.0,1,0.8814583736554652,1,0.7329425728107286,0,1
437,0,repeated_31415,2.0,0,0.40753770827677266,0,0.4834993254713731,0,0
438,1,repeated_31415,4.0,1,0.7649332339196413,1,0.575584554213342,0,1
439,0,repeated_31415,0.0,0,0.2926014786027577,0,0.4227354839470516,0,0
440,0,repeated_31415,1.0,0,0.10735547797936158,0,0.28269805462746,0,0
441,1,repeated_31415,0.0,1,0.842759324771732,1,0.5246522991909962,0,1
442,0,repeated_31415,3.0,0,0.09765905423196497,0,0.1229642115642494,0,0
443,0,repeated_31415,1.0,0,0.12014503468345465,0,0.1275600304902939,0,0
444,1,repeated_31415,2.0,1,0.8697194398969741,0,0.4182928274953592,0,1
445,1,repeated_31415,4.0,0,0.0944723375519454,0,0.2589759410574743,0,0
446,1,repeated_31415,4.0,1,0.6438615854240723,0,0.4139936126816638,0,1
447,1,repeated_31415,1.0,1,0.8852535421534746,1,0.6830381779578246,0,1
448,1,repeated_31415,2.0,0,0.28936508794791577,0,0.1843275852393485,0,0
449,1,repeated_31415,1.0,1,0.6920515724736296,1,0.7541572298322866,0,1
450,1,repeated_31415,1.0,0,0.357270744407644,0,0.4684027134016085,0,0
451,0,repeated_31415,1.0,0,0.20387329497571235,0,0.3473769287427087,0,0
452,0,repeated_31415,1.0,0,0.09366870071290917,0,0.1999075115250766,0,0
453,0,repeated_31415,4.0,0,0.4108651622301636,0,0.4044854729306055,0,0
454,1,repeated_31415,2.0,0,0.4276767059307682,0,0.3541176817911951,0,0
455,0,repeated_31415,1.0,0,0.09611892534100656,0,0.1314197379824377,0,0
456,1,repeated_31415,2.0,0,0.09528195748601206,0,0.0702065668222255,0,0
457,0,repeated_31415,4.0,1,0.5276397364106088,0,0.4734539831077006,0,1
458,1,repeated_31415,0.0,1,0.9677855593389106,1,0.7389549252970589,0,1
459,1,repeated_31415,0.0,1,0.7802006442745372,1,0.5559742727934365,0,1
460,0,repeated_31415,1.0,0,0.07220044712934143,0,0.2531608721754025,0,0
461,1,repeated_31415,1.0,0,0.37812420011842607,0,0.3850945694541575,0,0
462,0,repeated_31415,0.0,0,0.15887599943066738,0,0.1422421259626759,0,0
463,0,repeated_31415,4.0,1,0.5195595248652767,0,0.4402040470453655,0,1
464,0,repeated_31415,3.0,0,0.1315051335556502,0,0.3251141038997194,0,0
465,0,repeated_31415,3.0,0,0.09863065880588398,0,0.2045437137811073,0,0
466,0,repeated_31415,3.0,0,0.10391159187179809,0,0.1438634261711288,0,0
467,0,repeated_31415,4.0,0,0.0903474059315931,0,0.268627304204217,0,0
468,0,repeated_31415,1.0,0,0.281239452096099,0,0.2245326578790091,0,0
469,0,repeated_31415,2.0,0,0.06493117297774259,0,0.0768953232654159,0,0
470,1,repeated_31415,0.0,1,0.7150504853128058,1,0.6717216828076681,0,1
471,0,repeated_31415,3.0,0,0.09878329041096194,0,0.1409572062834803,0,0
472,0,repeated_31415,2.0,0,0.11368375907058542,0,0.1308918574596203,0,0
473,1,repeated_31415,2.0,1,0.9034952333721852,1,0.5499698699493684,0,1
474,1,repeated_31415,0.0,1,0.8689326889719147,1,0.7471840870561489,0,1
475,0,repeated_31415,3.0,0,0.493196634020812,0,0.4525311345327162,0,0
476,0,repeated_31415,3.0,0,0.2728617793170423,0,0.4499406500200878,0,0
477,0,repeated_31415,3.0,0,0.16107766476834637,0,0.1531215169245161,0,0
478,0,repeated_31415,4.0,0,0.08913867170178182,0,0.1164226869094505,0,0
479,0,repeated_31415,0.0,0,0.09195036828758893,0,0.1829702050844126,0,0
480,1,repeated_31415,4.0,1,0.5571515279810487,0,0.4914006184842434,0,1
481,0,repeated_31415,2.0,0,0.3950424254130292,0,0.2909660950342129,0,0
482,0,repeated_31415,0.0,0,0.1157249743237594,0,0.2787658949540006,0,0
483,0,repeated_31415,1.0,0,0.1052476240079005,0,0.0981098245115452,0,0
484,1,repeated_31415,1.0,1,0.5240222050120262,0,0.4586973863387341,0,1
485,1,repeated_31415,3.0,0,0.4309660078642067,1,0.5446423581416989,0,0
486,0,repeated_31415,3.0,0,0.1772668073681921,0,0.3108113111760982,0,0
487,1,repeated_31415,3.0,1,0.9479645618867084,1,0.8107028927183358,0,1
488,0,repeated_31415,2.0,0,0.3679672363233032,0,0.3723913160201987,0,0
489,0,repeated_31415,0.0,0,0.15887599943066738,0,0.1782822452446627,0,0
490,1,repeated_31415,3.0,1,0.692229627548087,1,0.5740427461673981,0,1
491,0,repeated_31415,3.0,0,0.1126284105563487,0,0.2532431568927972,0,0
492,0,repeated_31415,2.0,0,0.07434500221516571,0,0.1853528307448809,0,0
493,0,repeated_31415,4.0,0,0.33858349695592066,0,0.445780343845214,0,0
494,0,repeated_31415,0.0,0,0.21533084981839534,0,0.2218775512862505,0,0
495,0,repeated_31415,4.0,0,0.11460409285246687,0,0.1966942122727041,0,0
496,0,repeated_31415,2.0,0,0.11948335815723733,0,0.1574770652180336,0,0
497,1,repeated_31415,2.0,1,0.9746554933872196,1,0.8037890953869288,0,1
498,0,repeated_31415,3.0,0,0.08928236412152389,0,0.2510873566912796,0,0
499,0,repeated_31415,3.0,1,0.8668937755493974,1,0.6234098168662242,0,1
500,0,repeated_31415,0.0,0,0.09299639044292977,0,0.1926160256138985,0,0
501,0,repeated_31415,1.0,0,0.10251849524683143,0,0.0836047938519779,0,0
502,0,repeated_31415,0.0,1,0.7089843093654791,0,0.4103067272978029,0,1
503,0,repeated_31415,1.0,1,0.7839393734361901,1,0.6511809224040226,0,1
504,0,repeated_31415,1.0,0,0.4762562446795072,1,0.5021734591944683,0,0
505,1,repeated_31415,1.0,1,0.9226722644080266,1,0.7898557896626878,0,1
506,0,repeated_31415,2.0,0,0.48078729689164346,1,0.5523984489427587,0,0
507,1,repeated_31415,1.0,1,0.8002798752899896,0,0.4958523885663564,0,1
508,1,repeated_31415,0.0,0,0.1981189805641447,0,0.3134263420889868,0,0
509,0,repeated_31415,0.0,0,0.1576301018320319,0,0.2162731320542701,0,0
510,1,repeated_31415,3.0,0,0.23530670901376557,0,0.3958612568212838,0,0
511,1,repeated_31415,1.0,0,0.08455662905311231,0,0.234047280631427,0,0
512,0,repeated_31415,3.0,0,0.09863065880588398,0,0.1547653708446015,0,0
513,1,repeated_31415,3.0,0,0.4743538703772129,0,0.4662524798718543,0,0
514,1,repeated_31415,4.0,1,0.9290791156842181,1,0.7073199080777938,0,1
515,0,repeated_31415,2.0,0,0.06836290834633625,0,0.0749068761769101,0,0
516,0,repeated_31415,4.0,1,0.5401348297471538,0,0.4105342900229825,0,1
517,1,repeated_31415,4.0,1,0.8335409598780271,1,0.689266576561385,0,1
518,0,repeated_31415,0.0,0,0.14632717090584307,0,0.119476372200239,0,0
519,1,repeated_31415,0.0,1,0.8439801262908707,1,0.5739609562241528,0,1
520,0,repeated_31415,0.0,0,0.12652328570716628,0,0.0613084630104316,0,0
521,1,repeated_31415,3.0,1,0.9624319615124128,1,0.7513308196150255,0,1
522,0,repeated_31415,3.0,0,0.08935770100022475,0,0.0839996897310618,0,0
523,0,repeated_31415,3.0,0,0.16089677862161345,0,0.1461999905057549,0,0
524,1,repeated_31415,2.0,1,0.9667777172895948,1,0.7746933929868894,0,1
525,0,repeated_31415,0.0,0,0.1308576449285449,0,0.1909768997284669,0,0
526,0,repeated_31415,4.0,0,0.10355338930647826,0,0.2219935666689766,0,0
527,1,repeated_31415,1.0,1,0.7572772478473927,0,0.3122886679254107,0,1
528,0,repeated_31415,4.0,0,0.3521389069382931,0,0.3981629677675647,0,0
529,0,repeated_31415,4.0,0,0.13369431987301567,0,0.1725702670985639,0,0
530,0,repeated_31415,2.0,0,0.11418633251273198,0,0.3441932753682146,0,0
531,1,repeated_31415,4.0,1,0.9087661253922504,1,0.5616642882908609,0,1
532,0,repeated_31415,3.0,0,0.16089677862161345,0,0.2511005859406063,0,0
533,0,repeated_31415,3.0,0,0.18047622819683687,0,0.206402157736692,0,0
534,1,repeated_31415,2.0,1,0.7015687338138806,1,0.6121977950549016,0,1
535,0,repeated_31415,4.0,0,0.4961750995094148,0,0.4013083228208158,0,0
536,1,repeated_31415,2.0,1,0.8241634762561013,1,0.5408834484134699,0,1
537,0,repeated_31415,2.0,0,0.46363753537052965,1,0.5478803878899761,0,0
538,1,repeated_31415,4.0,1,0.9134667681208607,1,0.7218017436579026,0,1
539,0,repeated_31415,1.0,0,0.08323574850356971,0,0.14717546857781,0,0
540,1,repeated_31415,0.0,1,0.9147939500378317,1,0.8402503459896963,0,1
541,1,repeated_31415,2.0,1,0.8573592937515007,1,0.5661384935076691,0,1
542,0,repeated_31415,2.0,0,0.34921441976028494,0,0.2782203591081841,0,0
543,0,repeated_31415,2.0,0,0.34921441976028494,0,0.3703401002186663,0,0
544,1,repeated_31415,0.0,0,0.12299299537314677,0,0.2591959428132685,0,0
545,0,repeated_31415,2.0,0,0.420342801321851,0,0.4371693968857971,0,0
546,0,repeated_31415,1.0,0,0.281239452096099,0,0.1947246564330014,0,0
547,1,repeated_31415,1.0,1,0.7838165061624858,1,0.6987440356300727,0,1
548,1,repeated_31415,3.0,0,0.14091543380181273,0,0.1979004004216627,0,0
549,0,repeated_31415,0.0,0,0.20267145663742095,0,0.1914194440263699,0,0
550,1,repeated_31415,2.0,1,0.6670272793954624,0,0.4386566436668985,0,1
551,1,repeated_31415,0.0,0,0.4084267532743589,0,0.4162243979785542,0,0
552,0,repeated_31415,4.0,0,0.12086975927207545,0,0.2222299661352448,0,0
553,0,repeated_31415,1.0,0,0.10578137155325332,0,0.2814569903665591,0,0
554,1,repeated_31415,2.0,0,0.09662521848700968,0,0.3168313638115831,0,0
555,1,repeated_31415,0.0,1,0.5227881257505768,0,0.3089484220656037,0,1
556,0,repeated_31415,0.0,0,0.18986442869004636,0,0.2181904159854566,0,0
557,1,repeated_31415,0.0,1,0.8894338662525558,1,0.7453042584585214,0,1
558,0,repeated_31415,1.0,0,0.2934188747737043,0,0.338067660068968,0,0
559,1,repeated_31415,4.0,1,0.9685525571787158,1,0.7036096008327298,0,1
560,1,repeated_31415,4.0,1,0.5210263553154842,1,0.5002430995378052,0,1
561,0,repeated_31415,3.0,0,0.1007864610275992,0,0.1899499385469815,0,0
562,0,repeated_31415,1.0,0,0.0770874172113371,0,0.0816932790733588,0,0
563,0,repeated_31415,1.0,0,0.10731005983582988,0,0.2648866067078356,0,0
564,0,repeated_31415,4.0,0,0.10172798553226771,0,0.1498974962883226,0,0
565,0,repeated_31415,4.0,1,0.5533755137362164,1,0.5685232684570287,0,1
566,0,repeated_31415,3.0,0,0.11027046770679787,0,0.1540996854229632,0,0
567,0,repeated_31415,2.0,0,0.07429662091130688,0,0.0928375468373787,0,0
568,0,repeated_31415,1.0,0,0.2542369978896621,0,0.400837444465004,0,0
569,0,repeated_31415,0.0,0,0.1308576449285449,0,0.2249998382048163,0,0
570,1,repeated_31415,1.0,0,0.08984812933399257,0,0.1185434560609678,0,0
571,1,repeated_31415,4.0,0,0.09254876813398563,0,0.1690471852790502,0,0
572,1,repeated_31415,2.0,1,0.9638234960647034,1,0.7222919055011157,0,1
573,1,repeated_31415,3.0,0,0.4743538703772129,0,0.4817766861239724,0,0
574,1,repeated_31415,2.0,1,0.6946282287791696,1,0.6714283980344985,0,1
575,0,repeated_31415,4.0,0,0.14709805274202364,0,0.0764381839206327,0,0
576,0,repeated_31415,2.0,0,0.08836685088093303,0,0.2180655824466428,0,0
577,1,repeated_31415,3.0,1,0.8863906085999457,1,0.5566461464288752,0,1
578,1,repeated_31415,2.0,1,0.8599808053920931,1,0.6803986613342345,0,1
579,0,repeated_31415,0.0,1,0.6264775118939572,1,0.6174203245390311,0,1
580,1,repeated_31415,4.0,0,0.14289980564717414,0,0.2275695751929942,0,0
581,1,repeated_31415,4.0,1,0.8964247552601922,1,0.6744470633953146,0,1
582,1,repeated_31415,0.0,1,0.954095796722295,1,0.7786043813975073,0,1
583,0,repeated_31415,2.0,0,0.10528887042619786,0,0.1410630182237056,0,0
584,0,repeated_31415,3.0,0,0.3751741136797632,0,0.2861605609834025,0,0
585,0,repeated_31415,2.0,0,0.10267261385313031,0,0.1026537594198182,0,0
586,1,repeated_31415,1.0,1,0.9118475166056421,1,0.6406967914957521,0,1
587,0,repeated_31415,4.0,0,0.1113384162802952,0,0.2151358931822476,0,0
588,1,repeated_31415,3.0,0,0.3582136360687595,1,0.521593608531324,0,0
589,0,repeated_31415,1.0,0,0.09846697973959322,0,0.2496536812023275,0,0
590,0,repeated_31415,3.0,0,0.09863065880588398,0,0.1988183440502838,0,0
591,0,repeated_31415,4.0,0,0.09399213092448012,0,0.2309330578603939,0,0
592,1,repeated_31415,1.0,1,0.9713211997972471,1,0.6604895322836131,0,1
593,0,repeated_31415,4.0,0,0.09414900853768896,0,0.1299550359814285,0,0
594,0,repeated_31415,3.0,1,0.5812985479769855,0,0.3368604184038425,0,1
595,0,repeated_31415,1.0,0,0.10092311492354265,0,0.208397226068684,0,0
596,0,repeated_31415,1.0,0,0.09044122976706762,0,0.1735609732510415,0,0
597,1,repeated_31415,4.0,1,0.8913001806725551,0,0.4940726152563924,0,1
598,0,repeated_31415,0.0,0,0.19044356611272886,0,0.2678201553606246,0,0
599,0,repeated_31415,2.0,0,0.09106700927833296,0,0.261620116775322,0,0
600,1,repeated_31415,1.0,1,0.5069734526186896,1,0.6670886849492396,0,1
601,1,repeated_31415,2.0,1,0.7642855682501135,0,0.4858142860629298,0,1
602,0,repeated_31415,4.0,0,0.09387414167126237,0,0.088331878632796,0,0
603,0,repeated_31415,0.0,0,0.16843029910001117,0,0.2807119375210382,0,0
604,0,repeated_31415,1.0,0,0.10704319417806521,0,0.1813475571594853,0,0
605,1,repeated_31415,4.0,0,0.25815103490832314,1,0.5362440591752974,0,0
606,0,repeated_31415,1.0,0,0.09282565825648215,0,0.2097275530728004,0,0
607,0,repeated_31415,1.0,0,0.08984812933399257,0,0.111703037018165,0,0
608,1,repeated_31415,3.0,0,0.2605226193213475,0,0.2380700448492203,0,0
609,1,repeated_31415,0.0,1,0.893296287444996,1,0.5746894800939053,0,1
610,1,repeated_31415,3.0,1,0.9363654139995496,1,0.7356885011247555,0,1
611,0,repeated_31415,0.0,0,0.37882362695056476,0,0.2863798117644991,0,0
612,0,repeated_31415,4.0,0,0.08631068768933643,0,0.1678864466424053,0,0
613,1,repeated_31415,2.0,1,0.5928275234172173,1,0.6723284963399523,0,1
614,0,repeated_31415,2.0,0,0.06493117297774259,0,0.1606576777352674,0,0
615,0,repeated_31415,2.0,0,0.11793989838689295,0,0.1470776228824521,0,0
616,1,repeated_31415,4.0,1,0.7627203140989148,1,0.6263813725276405,0,1
617,0,repeated_31415,4.0,0,0.1334339105248696,0,0.1646790433566686,0,0
618,0,repeated_31415,2.0,1,0.5204955703269175,0,0.3960899902937581,0,1
619,1,repeated_31415,4.0,1,0.9160549799613097,1,0.8095259544301996,0,1
620,0,repeated_31415,3.0,0,0.10944925069314633,0,0.2954607252776351,0,0
621,0,repeated_31415,4.0,0,0.2269864436903194,0,0.2892336921812118,0,0
622,1,repeated_31415,3.0,0,0.4349786217592828,1,0.5165666306143921,0,0
623,1,repeated_31415,3.0,0,0.18405066035210707,0,0.1546848489465587,0,0
624,0,repeated_31415,0.0,0,0.10219773083441219,0,0.1486350487810836,0,0
625,0,repeated_31415,3.0,0,0.10027614654028882,0,0.0987190986405908,0,0
626,0,repeated_31415,1.0,0,0.33757838718335953,0,0.2704454568779762,0,0
627,0,repeated_31415,1.0,0,0.21284485585994295,0,0.1938604044902879,0,0
628,1,repeated_31415,1.0,1,0.9397033022447951,1,0.7032241083159391,0,1
629,0,repeated_31415,4.0,0,0.11308250016902144,0,0.089678747897254,0,0
630,0,repeated_31415,1.0,0,0.07220044712934143,0,0.1957883902045594,0,0
631,1,repeated_31415,0.0,0,0.2665721092607284,0,0.320001441748705,0,0
632,0,repeated_31415,3.0,0,0.09994278534762824,0,0.1595234523135303,0,0
633,1,repeated_31415,2.0,1,0.5147272380650403,1,0.5123095332677833,0,1
634,0,repeated_31415,0.0,0,0.1615642200148774,0,0.2460071785629968,0,0
635,0,repeated_31415,4.0,0,0.1199409470321149,0,0.2414605144133528,0,0
636,1,repeated_31415,0.0,1,0.8315404988729742,1,0.6413433944681723,0,1
637,0,repeated_31415,0.0,0,0.15887599943066738,0,0.3003545020361427,0,0
638,0,repeated_31415,2.0,0,0.14972135845887335,0,0.3714495038137137,0,0
639,0,repeated_31415,1.0,0,0.25132875059924337,0,0.410303122719054,0,0
640,0,repeated_31415,2.0,0,0.1315564451942079,0,0.2532799769541964,0,0
641,0,repeated_31415,3.0,0,0.09676660541183385,0,0.1517812066524659,0,0
642,1,repeated_31415,0.0,1,0.9366831820452421,1,0.661953577427829,0,1
643,0,repeated_31415,1.0,0,0.14937413265656,0,0.4823130241272416,0,0
644,1,repeated_31415,1.0,0,0.2454797460925751,0,0.2868124748138229,0,0
645,1,repeated_31415,3.0,1,0.6520390354344957,1,0.7201998475117838,0,1
646,1,repeated_31415,0.0,0,0.41339668770904403,1,0.5328811262053765,0,0
647,0,repeated_31415,4.0,0,0.10417354368720179,0,0.1055480851428866,0,0
648,1,repeated_31415,3.0,0,0.3821631699993231,1,0.5200093105913939,0,0
649,0,repeated_31415,0.0,0,0.09073972788794489,0,0.2142094321740542,0,0
650,1,repeated_31415,1.0,1,0.5078719232838721,0,0.488834646178282,0,1
651,0,repeated_31415,0.0,0,0.09299639044292977,0,0.066108121396841,0,0
652,1,repeated_31415,3.0,1,0.8833824548394783,1,0.7032573549888422,0,1
653,0,repeated_31415,1.0,0,0.10251849524683143,0,0.2494657423822797,0,0
654,1,repeated_31415,4.0,1,0.6813032839938575,1,0.5079377408535428,0,1
655,0,repeated_31415,4.0,1,0.7043848878589408,1,0.5570588333504196,0,1
656,0,repeated_31415,1.0,0,0.10210046199722288,0,0.1914575709532153,0,0
657,0,repeated_31415,3.0,0,0.09424015116707707,0,0.106127094216765,0,0
658,0,repeated_31415,2.0,0,0.49815121152312386,0,0.3167369885546356,0,0
659,0,repeated_31415,1.0,0,0.08608361654878009,0,0.3135296593772382,0,0
660,0,repeated_31415,4.0,0,0.4817496341854733,1,0.5484511021733302,0,0
661,1,repeated_31415,3.0,0,0.3620655710103854,0,0.3361505848711124,0,0
662,0,repeated_31415,3.0,0,0.14472220405142575,0,0.1717927825917353,0,0
663,0,repeated_31415,3.0,0,0.43566248982971045,0,0.455513412128361,0,0
664,0,repeated_31415,2.0,0,0.07705584938607467,0,0.0614985087452034,0,0
665,1,repeated_31415,4.0,0,0.10812158630926641,0,0.2675720295483216,0,0
666,0,repeated_31415,0.0,0,0.11949888499828529,0,0.1861708877786343,0,0
667,0,repeated_31415,3.0,0,0.10030371620796306,0,0.2360990896334814,0,0
668,0,repeated_31415,3.0,0,0.09424015116707707,0,0.1832923109070698,0,0
669,0,repeated_31415,2.0,0,0.1169684541593356,0,0.1289587452858561,0,0
670,1,repeated_31415,0.0,1,0.9575628823673744,1,0.7931080674676889,0,1
671,1,repeated_31415,1.0,1,0.9050288934057071,1,0.7495287055654464,0,1
672,0,repeated_31415,1.0,0,0.3773964100698911,0,0.469180944961281,0,0
673,0,repeated_31415,4.0,0,0.0915751684998493,0,0.2540423425604776,0,0
674,1,repeated_31415,4.0,0,0.10656231270306597,0,0.1763211398402799,0,0
675,0,repeated_31415,0.0,0,0.1157249743237594,0,0.2203275377253112,0,0
676,0,repeated_31415,3.0,0,0.09028959934223219,0,0.1740216306306516,0,0
677,0,repeated_31415,4.0,0,0.10172798553226771,0,0.146297848323508,0,0
678,1,repeated_31415,2.0,1,0.5382320042244131,1,0.5160154426318789,0,1
679,0,repeated_31415,3.0,0,0.2628994195160713,0,0.3279906298426405,0,0
680,1,repeated_31415,4.0,0,0.43026359098217354,1,0.501308235646158,0,0
681,0,repeated_31415,1.0,1,0.761469175909339,1,0.7067165136694671,0,1
682,1,repeated_31415,4.0,0,0.49358885562529675,1,0.5448905498248617,0,0
683,0,repeated_31415,1.0,0,0.10251849524683143,0,0.1854580628285628,0,0
684,0,repeated_31415,1.0,0,0.15199409354578683,0,0.0832422518546619,0,0
685,0,repeated_31415,1.0,0,0.10845125815391177,0,0.3429614639534923,0,0
686,0,repeated_31415,3.0,0,0.20167240305009376,0,0.2542569024170782,0,0
687,0,repeated_31415,2.0,0,0.18835104573312458,0,0.1000852697349001,0,0
688,0,repeated_31415,0.0,0,0.11234536360563922,0,0.135010448719803,0,0
689,0,repeated_31415,4.0,0,0.10417354368720179,0,0.2544199521091325,0,0
690,1,repeated_31415,1.0,1,0.8880328399840611,1,0.7652534862677526,0,1
691,1,repeated_31415,2.0,0,0.339200417711182,1,0.6432516984837292,0,0
692,1,repeated_31415,0.0,1,0.6407744895856445,0,0.3141119405075265,0,1
693,1,repeated_31415,4.0,0,0.19883637031673343,0,0.3870058848991962,0,0
694,0,repeated_31415,3.0,0,0.16089677862161345,0,0.2137987464962806,0,0
695,0,repeated_31415,2.0,0,0.3446454703538335,0,0.2845992731891465,0,0
696,0,repeated_31415,2.0,0,0.12274829453873061,0,0.2902103067651887,0,0
697,0,repeated_31415,0.0,0,0.15016359799836465,0,0.2013102721517122,0,0
698,1,repeated_31415,0.0,1,0.7094224125628446,1,0.6549608714546877,0,1
699,0,repeated_31415,0.0,0,0.38321673467452977,0,0.4273448808256508,0,0
700,0,repeated_31415,0.0,0,0.1860776037368659,0,0.3144637523345502,0,0
701,1,repeated_31415,3.0,1,0.9117538756593508,1,0.7505629708823793,0,1
702,1,repeated_31415,0.0,0,0.4918209971907571,1,0.5052495377345512,0,0
703,0,repeated_31415,4.0,1,0.6164737320713265,1,0.6947453318735758,0,1
704,0,repeated_31415,4.0,0,0.0903128051109438,0,0.1503353034885047,0,0
705,0,repeated_31415,4.0,0,0.09559003608931509,0,0.1622864666857955,0,0
706,0,repeated_31415,4.0,0,0.1165448046635756,0,0.465483763681911,0,0
707,1,repeated_31415,1.0,1,0.8297970055905041,1,0.7397636644663609,0,1
708,1,repeated_31415,1.0,0,0.37812420011842607,0,0.4862307237730081,0,0
709,1,repeated_31415,0.0,1,0.7806337687413524,1,0.5968271190127429,0,1
710,1,repeated_31415,4.0,1,0.5729246218671243,1,0.5992530981037694,0,1
711,1,repeated_31415,4.0,1,0.9251409550508414,1,0.8321024499080122,0,1
712,0,repeated_31415,3.0,0,0.308500736364184,0,0.4508925396245566,0,0
713,1,repeated_31415,0.0,0,0.27808173519177654,1,0.5400059503180755,0,0
714,0,repeated_31415,1.0,0,0.11573487492133769,0,0.1618051837916693,0,0
715,0,repeated_31415,1.0,0,0.07053422859349334,0,0.2745523274332014,0,0
716,0,repeated_31415,2.0,0,0.18857360827123817,0,0.2353319314942164,0,0
717,1,repeated_31415,3.0,1,0.9269138074850206,1,0.7675935767254353,0,1
718,1,repeated_31415,2.0,1,0.8321084977222027,1,0.8161391333451433,0,1
719,0,repeated_31415,2.0,0,0.08744777152884115,0,0.2007197488476719,0,0
720,0,repeated_31415,2.0,0,0.09112190292544162,0,0.1082914024767486,0,0
721,1,repeated_31415,1.0,1,0.8353907829511279,1,0.6781177611937769,0,1
722,0,repeated_31415,0.0,0,0.13418512785287517,0,0.1959355662041434,0,0
723,0,repeated_31415,1.0,0,0.10401819631614191,0,0.1764363197924055,0,0
724,0,repeated_31415,0.0,0,0.1319273240478737,0,0.2268718810791203,0,0
725,1,repeated_31415,1.0,0,0.4213243910644563,0,0.4850000437739757,0,0
726,0,repeated_31415,4.0,0,0.10365847176555712,0,0.1651888880596183,0,0
727,1,repeated_31415,0.0,1,0.817775856758547,0,0.3649349346510053,0,1
728,1,repeated_31415,3.0,1,0.678191691842503,1,0.6497485426812684,0,1
729,0,repeated_31415,1.0,0,0.10143395379167851,0,0.2287115475894539,0,0
730,0,repeated_31415,4.0,0,0.4864096947221602,1,0.5253980783710042,0,0
731,1,repeated_31415,0.0,1,0.9474204056336469,1,0.7670414989248391,0,1
732,0,repeated_31415,4.0,0,0.20621309641570257,0,0.2017217502410868,0,0
733,0,repeated_31415,4.0,0,0.09181489656970653,0,0.2067046684476646,0,0
734,0,repeated_31415,1.0,0,0.08608361654878009,0,0.2025118189013499,0,0
735,0,repeated_31415,1.0,0,0.08608361654878009,0,0.292559937927674,0,0
736,0,repeated_31415,1.0,0,0.11769377181118598,0,0.2186728496506781,0,0
737,0,repeated_31415,1.0,0,0.27083426429013635,0,0.397324531585001,0,0
738,1,repeated_31415,2.0,0,0.3816914293157521,0,0.4901845835786917,0,0
739,0,repeated_31415,0.0,0,0.09299639044292977,0,0.0849057724959069,0,0
740,0,repeated_31415,0.0,0,0.09299639044292977,0,0.0856927556208642,0,0
741,1,repeated_31415,1.0,0,0.3423283793667493,0,0.3041939915748421,0,0
742,0,repeated_31415,3.0,0,0.39398981663261606,0,0.3734718610569696,0,0
743,1,repeated_31415,3.0,1,0.8031391705232019,1,0.7011975555815824,0,1
744,0,repeated_31415,2.0,0,0.07707191587821396,0,0.1899020763166085,0,0
745,1,repeated_31415,1.0,0,0.11622902424818343,0,0.1832718380411161,0,0
746,0,repeated_31415,0.0,1,0.5463715859055984,0,0.4906581240983372,0,1
747,0,repeated_31415,2.0,0,0.2258270788794478,0,0.1934646478971863,0,0
748,1,repeated_31415,2.0,1,0.8802877778079938,0,0.49959528842128,0,1
749,0,repeated_31415,4.0,1,0.5147526089974765,1,0.5062042168800557,0,1
750,0,repeated_31415,1.0,0,0.0807409336693227,0,0.1630485883828236,0,0
751,1,repeated_31415,3.0,1,0.9295746111555213,1,0.5413542345998645,0,1
752,1,repeated_31415,4.0,1,0.6345304231719334,1,0.6486753443574896,0,1
753,0,repeated_31415,4.0,0,0.13733994586558046,0,0.1004760007921798,0,0
754,0,repeated_31415,1.0,0,0.079036053679165,0,0.0800572459946314,0,0
755,1,repeated_31415,1.0,1,0.781638249821063,1,0.673173765188314,0,1
756,1,repeated_31415,2.0,1,0.6383656240900945,0,0.3877944191609292,0,1
757,0,repeated_31415,1.0,0,0.0938452842277224,0,0.135012419034165,0,0
758,0,repeated_31415,2.0,0,0.08761760235760063,0,0.3639241610112027,0,0
759,0,repeated_31415,2.0,0,0.12676939513042923,0,0.1855428106742052,0,0
760,1,repeated_31415,1.0,1,0.9579991935969254,1,0.7382430988668416,0,1
761,0,repeated_31415,2.0,0,0.08460276880311898,0,0.1321554840707456,0,0
762,0,repeated_31415,1.0,0,0.07709484642469588,0,0.1984927443680431,0,0
763,1,repeated_31415,0.0,0,0.1365283932649352,0,0.2853426574470178,0,0
764,1,repeated_31415,3.0,1,0.9443364984086134,1,0.7608198271470941,0,1
765,0,repeated_31415,4.0,0,0.13639090476296922,0,0.0823669305955738,0,0
766,1,repeated_31415,3.0,1,0.9621212263976198,1,0.6131308522487978,0,1
767,0,repeated_31415,1.0,0,0.3472600255594487,0,0.3251954096877118,0,0
768,0,repeated_31415,0.0,1,0.690614639611585,1,0.5600693475224463,0,1
769,0,repeated_31415,2.0,0,0.19237563483437337,0,0.2013800154121175,0,0
770,0,repeated_31415,0.0,0,0.1520663708428227,0,0.2025773474949062,0,0
771,0,repeated_31415,0.0,0,0.10833307016128035,0,0.1477665404089685,0,0
772,0,repeated_31415,4.0,0,0.1166957320028305,0,0.196672523908197,0,0
773,0,repeated_31415,3.0,1,0.8799336108164298,1,0.7989387055001059,0,1
774,0,repeated_31415,0.0,0,0.13436069656671676,0,0.1870925072745153,0,0
775,1,repeated_31415,0.0,1,0.6729683497606652,1,0.7841314168381394,0,1
776,0,repeated_31415,0.0,0,0.09511923885222372,0,0.1988161977136974,0,0
777,0,repeated_31415,3.0,0,0.17224307967209107,0,0.2719394946544529,0,0
778,1,repeated_31415,1.0,1,0.6007301623994191,0,0.4290855778458483,0,1
779,0,repeated_31415,3.0,0,0.1007864610275992,0,0.1364652003144088,0,0
780,1,repeated_31415,2.0,1,0.97156397159697,1,0.7571320576628133,0,1
781,1,repeated_31415,3.0,1,0.6297126151879165,0,0.4472075258842343,0,1
782,1,repeated_31415,3.0,1,0.9252080632679415,1,0.8882335330077972,0,1
783,0,repeated_31415,2.0,1,0.5379305424321922,1,0.5056515768700448,0,1
784,0,repeated_31415,0.0,0,0.12220321413635267,0,0.1602109430555628,0,0
785,0,repeated_31415,1.0,0,0.07921404192023829,0,0.1440293651666424,0,0
786,0,repeated_31415,1.0,0,0.07921404192023829,0,0.2303491292854372,0,0
787,1,repeated_31415,3.0,1,0.5485087944119044,0,0.439054390604295,0,1
788,0,repeated_31415,2.0,0,0.3763037604646111,0,0.2874622414869944,0,0
789,1,repeated_31415,1.0,0,0.455749766579174,1,0.5742765784834704,0,0
790,0,repeated_31415,4.0,0,0.3574842026646862,0,0.3617656338650413,0,0
791,0,repeated_31415,3.0,0,0.1007864610275992,0,0.258589999300912,0,0
792,0,repeated_31415,2.0,0,0.16063981327616733,0,0.1249621732296012,0,0
793,0,repeated_31415,0.0,0,0.3680701900978763,0,0.4018538603289582,0,0
794,0,repeated_31415,4.0,0,0.24431730082451786,0,0.3499923220090876,0,0
795,0,repeated_31415,2.0,0,0.06745476930034724,0,0.1166492576587459,0,0
796,0,repeated_31415,0.0,0,0.12961563918057445,0,0.1754709385718576,0,0
797,1,repeated_31415,4.0,1,0.7391867499921667,1,0.727664184516534,0,1
798,1,repeated_31415,0.0,1,0.5376243974728149,0,0.3046224532336004,0,1
799,0,repeated_31415,2.0,0,0.0904811272789469,0,0.2395450552563475,0,0
800,0,repeated_31415,4.0,0,0.49073112569035393,0,0.4792348190842873,0,0
801,0,repeated_31415,2.0,0,0.10748297025539558,0,0.1588377054333882,0,0
802,1,repeated_31415,1.0,1,0.6054818842970262,1,0.6034378351232225,0,1
803,1,repeated_31415,3.0,1,0.6855487242517166,1,0.7004865234242617,0,1
804,1,repeated_31415,2.0,1,0.5642084206597076,0,0.4441280363164193,0,1
805,1,repeated_31415,4.0,0,0.10797438093165754,0,0.1235073599562195,0,0
806,0,repeated_31415,1.0,0,0.08984812933399257,0,0.1447471280294553,0,0
807,0,repeated_31415,2.0,0,0.29549784613212327,0,0.3601851391389232,0,0
808,0,repeated_31415,4.0,1,0.5728631182597868,0,0.3305115698806195,0,1
809,0,repeated_31415,3.0,0,0.1369091271172063,0,0.3588906034007033,0,0
810,1,repeated_31415,3.0,1,0.9464732657540484,1,0.799162199238158,0,1
811,0,repeated_31415,1.0,0,0.08565994507324905,0,0.1362042189704292,0,0
812,0,repeated_31415,3.0,0,0.14284041645707762,0,0.1281265663387177,0,0
813,0,repeated_31415,0.0,0,0.13027549808068634,0,0.1623892876441774,0,0
814,0,repeated_31415,0.0,0,0.34295855471365,0,0.3218800406861205,0,0
815,0,repeated_31415,4.0,0,0.1419654214311813,0,0.1537780278015625,0,0
816,0,repeated_31415,3.0,0,0.23354453357656274,0,0.3650130804648641,0,0
817,0,repeated_31415,0.0,1,0.5089456984865088,1,0.6649260211464185,0,1
818,0,repeated_31415,0.0,0,0.21347937198010547,0,0.3796819308292121,0,0
819,0,repeated_31415,0.0,0,0.10583764185958908,0,0.1796712599357836,0,0
820,0,repeated_31415,3.0,0,0.1800924167748463,0,0.2913543016365885,0,0
821,1,repeated_31415,0.0,1,0.9288469411673522,1,0.769121182734559,0,1
822,1,repeated_31415,1.0,0,0.11573487492133769,0,0.1090960340391888,0,0
823,0,repeated_31415,1.0,0,0.27561340827357295,0,0.3082759730767531,0,0
824,1,repeated_31415,4.0,1,0.583468778069265,1,0.7333788720105884,0,1
825,0,repeated_31415,3.0,0,0.19097273242241838,0,0.2263020795090831,0,0
826,0,repeated_31415,2.0,0,0.06493117297774259,0,0.1312702887318879,0,0
827,0,repeated_31415,4.0,0,0.19883637031673343,0,0.3735454026323516,0,0
828,1,repeated_31415,4.0,1,0.6063814123554189,0,0.3934532649392244,0,1
829,1,repeated_31415,2.0,0,0.06493117297774259,0,0.2409547013873606,0,0
830,1,repeated_31415,3.0,1,0.9508725480115751,1,0.8018557210937234,0,1
831,1,repeated_31415,1.0,0,0.37112304513404054,1,0.5206325610862327,0,0
832,1,repeated_31415,4.0,1,0.6684176034744357,0,0.4258008125166591,0,1
833,0,repeated_31415,3.0,0,0.16089677862161345,0,0.1545973705651719,0,0
834,0,repeated_31415,0.0,0,0.09299639044292977,0,0.1649814732857527,0,0
835,0,repeated_31415,1.0,0,0.10251849524683143,0,0.2101778802456601,0,0
836,1,repeated_31415,0.0,1,0.9774222329340726,1,0.7463565576468852,0,1
837,0,repeated_31415,4.0,0,0.10365847176555712,0,0.1210574617492223,0,0
838,0,repeated_31415,2.0,0,0.09029776893679697,0,0.2078760857144322,0,0
839,1,repeated_31415,2.0,0,0.2185727001682975,0,0.3753997963165328,0,0
840,1,repeated_31415,1.0,0,0.3264114448115796,0,0.4825089280520557,0,0
841,0,repeated_31415,4.0,0,0.11460409285246687,0,0.2221253135579062,0,0
842,0,repeated_31415,3.0,0,0.13657416575311013,0,0.2214305464892566,0,0
843,1,repeated_31415,0.0,1,0.8809557530677179,1,0.5183478782161246,0,1
844,0,repeated_31415,4.0,0,0.11196642833268687,0,0.2149137844705841,0,0
845,0,repeated_31415,0.0,0,0.11234536360563922,0,0.1270041434248023,0,0
846,0,repeated_31415,2.0,0,0.07593679848378994,0,0.1781958596992997,0,0
847,0,repeated_31415,2.0,0,0.18455007168077167,0,0.0925380693830321,0,0
848,0,repeated_31415,4.0,0,0.14144628580921303,0,0.0942025777942539,0,0
849,0,repeated_31415,2.0,0,0.40669599778299587,0,0.3029279847384926,0,0
850,1,repeated_31415,3.0,1,0.9546332273567789,1,0.7535339256347371,0,1
851,0,repeated_31415,2.0,0,0.3952848693882798,0,0.2376948055059249,0,0
852,0,repeated_31415,4.0,0,0.10828872437181006,0,0.0765385531833907,0,0
853,0,repeated_31415,1.0,0,0.393944805495602,0,0.4308625143669758,0,0
854,1,repeated_31415,1.0,1,0.9361065254376004,1,0.7496746511568846,0,1
855,0,repeated_31415,2.0,1,0.8737151043778045,1,0.6130658255969247,0,1
856,1,repeated_31415,3.0,1,0.5287066579779527,0,0.4597116791932364,0,1
857,1,repeated_31415,1.0,1,0.8736849382243493,1,0.5840095987309857,0,1
858,1,repeated_31415,3.0,0,0.3875238903998914,0,0.4688260790687204,0,0
859,1,repeated_31415,3.0,1,0.6485018252095992,1,0.6496030039638538,0,1
860,0,repeated_31415,4.0,0,0.10512948024218081,0,0.1306302270556615,0,0
861,0,repeated_31415,1.0,0,0.0797297029140874,0,0.1276452265253769,0,0
862,0,repeated_31415,0.0,0,0.12330543965771827,0,0.2093037979630549,0,0
863,1,repeated_31415,4.0,1,0.8966905785579367,1,0.8342100134397239,0,1
864,0,repeated_31415,1.0,0,0.1799151588523622,0,0.3699459545683579,0,0
865,0,repeated_31415,4.0,0,0.08567506982861056,0,0.1264701483830816,0,0
866,1,repeated_31415,1.0,1,0.8279546891912745,1,0.6148010394279624,0,1
867,1,repeated_31415,4.0,1,0.8418091540403324,1,0.5604228897277653,0,1
868,0,repeated_31415,1.0,0,0.37603265602437225,0,0.3730801187843364,0,0
869,0,repeated_31415,1.0,0,0.094851945829659,0,0.125362130519074,0,0
870,1,repeated_31415,2.0,1,0.6577433456833781,0,0.446497947258158,0,1
871,0,repeated_31415,4.0,0,0.11308250016902144,0,0.1275099284297599,0,0
872,1,repeated_31415,3.0,1,0.9394636100028875,1,0.7960049630753087,0,1
873,0,repeated_31415,0.0,0,0.2669554628368216,0,0.4743983463660848,0,0
874,0,repeated_31415,0.0,0,0.14252388217425727,0,0.0838966240784965,0,0
875,1,repeated_31415,2.0,1,0.7631715564957529,1,0.557142757430863,0,1
876,1,repeated_31415,0.0,1,0.698555425699308,1,0.7116684900384059,0,1
877,0,repeated_31415,1.0,0,0.09362326501362135,0,0.1169923138425707,0,0
878,0,repeated_31415,0.0,0,0.09772416283959726,0,0.0786249320202487,0,0
879,0,repeated_31415,4.0,0,0.09387414167126237,0,0.0830333587300149,0,0
880,1,repeated_31415,4.0,1,0.9605037955562247,1,0.7582527960455593,0,1
881,1,repeated_31415,1.0,1,0.8571220430273726,1,0.651234567450243,0,1
882,0,repeated_31415,2.0,0,0.09112190292544162,0,0.1101523455184267,0,0
883,0,repeated_31415,2.0,1,0.5830978747630428,1,0.5224636665745089,0,1
884,0,repeated_31415,4.0,0,0.1098071906004217,0,0.232928979318037,0,0
885,0,repeated_31415,3.0,0,0.09878329041096194,0,0.1329948923148536,0,0
886,0,repeated_31415,4.0,0,0.25849342409433723,0,0.4581860162763968,0,0
887,0,repeated_31415,3.0,0,0.23014435706001946,0,0.2284139675248661,0,0
888,1,repeated_31415,2.0,1,0.9440965139207219,1,0.7182219325068531,0,1
889,0,repeated_31415,0.0,1,0.564634697136972,1,0.5772156081475989,0,1
890,1,repeated_31415,3.0,0,0.3770732531763195,1,0.5507763379928123,0,0
891,0,repeated_31415,1.0,0,0.0807409336693227,0,0.1798364019261552,0,0
1,0,repeated_27182,0.0,0,0.11721024844597933,0,0.1933671276812585,0,0
2,1,repeated_27182,0.0,1,0.9860146696058883,1,0.7375589021784149,0,1
3,1,repeated_27182,3.0,1,0.5251970307129059,1,0.5684640449285251,0,1
4,1,repeated_27182,4.0,1,0.9741584854487919,1,0.7886918828226754,0,1
5,0,repeated_27182,2.0,0,0.13739527173364782,0,0.1468424950794362,0,0
6,0,repeated_27182,3.0,0,0.09917276498822761,0,0.1544443001371645,0,0
7,0,repeated_27182,1.0,0,0.37700343387107255,1,0.6060018172122319,0,0
8,0,repeated_27182,3.0,0,0.21813416128879617,0,0.2060201689723589,0,0
9,1,repeated_27182,0.0,1,0.524472752831376,1,0.5698826168558028,0,1
10,1,repeated_27182,3.0,1,0.8385969918155506,1,0.6360141865801597,0,1
11,1,repeated_27182,1.0,1,0.7084491920198546,1,0.6164562091149989,0,1
12,1,repeated_27182,0.0,1,0.9080871030008217,1,0.8409165731709463,0,1
13,0,repeated_27182,3.0,0,0.10376994149732068,0,0.1365985714077109,0,0
14,0,repeated_27182,4.0,0,0.1391820227028432,0,0.0965650346595759,0,0
15,0,repeated_27182,2.0,1,0.6378670491586442,0,0.4479769099896313,0,1
16,1,repeated_27182,0.0,1,0.8327425642307181,1,0.6554147734095576,0,1
17,0,repeated_27182,0.0,0,0.16229473790858456,0,0.3545814707246274,0,0
18,1,repeated_27182,0.0,0,0.07116879852680358,0,0.2441565736606326,0,0
19,0,repeated_27182,1.0,1,0.6111475684948814,0,0.4945256535965474,0,1
20,1,repeated_27182,3.0,1,0.6606208936321388,1,0.5790805799750998,0,1
21,0,repeated_27182,4.0,0,0.08486313908927118,0,0.1738118899552935,0,0
22,1,repeated_27182,3.0,0,0.30394410500349495,1,0.5413650017306993,0,0
23,1,repeated_27182,2.0,1,0.6779639505110571,1,0.6187370558242782,0,1
24,1,repeated_27182,3.0,0,0.32534468645710174,0,0.3985390785169814,0,0
25,0,repeated_27182,4.0,0,0.22687369634292612,0,0.2204234924241283,0,0
26,1,repeated_27182,1.0,0,0.4353367811771506,1,0.5645843052171708,0,0
27,0,repeated_27182,2.0,0,0.11821301352771686,0,0.2400746051607657,0,0
28,0,repeated_27182,3.0,0,0.3141219727999891,0,0.4743702407495343,0,0
29,1,repeated_27182,1.0,1,0.6664917045778077,1,0.6079961913198862,0,1
30,0,repeated_27182,2.0,0,0.08749595124305487,0,0.1079217281123026,0,0
31,0,repeated_27182,0.0,0,0.39815044662766813,0,0.4891642485939551,0,0
32,1,repeated_27182,2.0,1,0.9848071159781241,1,0.8232245127793328,0,1
33,1,repeated_27182,1.0,1,0.673888470094021,1,0.6082948125144698,0,1
34,0,repeated_27182,0.0,0,0.0692122688145757,0,0.259544535824123,0,0
35,0,repeated_27182,4.0,0,0.25990769724992374,0,0.3066459762636463,0,0
36,0,repeated_27182,3.0,0,0.21210622561570958,0,0.4859279158064321,0,0
37,1,repeated_27182,0.0,0,0.09714806820481173,0,0.2483367035814113,0,0
38,0,repeated_27182,2.0,0,0.10249119126465742,0,0.167681144387173,0,0
39,0,repeated_27182,1.0,1,0.564403719214002,0,0.316457543291173,0,1
40,1,repeated_27182,2.0,1,0.5830306349521069,1,0.5445617481518681,0,1
41,0,repeated_27182,4.0,1,0.5127577449464129,1,0.5035869839522044,0,1
42,0,repeated_27182,1.0,1,0.8028704907586923,1,0.5253200437023804,0,1
43,0,repeated_27182,2.0,0,0.13377340793967338,0,0.1484187151979369,0,0
44,1,repeated_27182,4.0,1,0.9201043367403389,1,0.5132573861074896,0,1
45,1,repeated_27182,3.0,1,0.6660567169721133,1,0.6117391437922248,0,1
46,0,repeated_27182,0.0,0,0.10031832955725961,0,0.1462611708588124,0,0
47,0,repeated_27182,0.0,0,0.12179786572596418,0,0.1543083252541452,0,0
48,1,repeated_27182,2.0,1,0.7081156978718091,1,0.5302478263138555,0,1
49,0,repeated_27182,2.0,0,0.19121176856292885,0,0.2257129776688024,0,0
50,0,repeated_27182,0.0,1,0.5984052466538838,0,0.4245456257748186,0,1
51,0,repeated_27182,0.0,0,0.14237664425217653,0,0.2764823520425368,0,0
52,0,repeated_27182,1.0,0,0.10075822601044492,0,0.2176048785282077,0,0
53,1,repeated_27182,1.0,1,0.9179189132628197,1,0.7882534541173467,0,1
54,1,repeated_27182,0.0,1,0.830938475631467,1,0.7634241087305393,0,1
55,0,repeated_27182,0.0,0,0.4331816393192343,0,0.459460709888689,0,0
56,1,repeated_27182,0.0,0,0.26438778641213134,0,0.3416257512230529,0,0
57,1,repeated_27182,3.0,1,0.7977126021216825,1,0.5105853430568598,0,1
58,0,repeated_27182,3.0,0,0.14993325907121252,0,0.1969438960575748,0,0
59,1,repeated_27182,4.0,1,0.806540665481877,0,0.4393483239425264,0,1
60,0,repeated_27182,3.0,0,0.21509301457753155,0,0.2368506206699445,0,0
61,0,repeated_27182,2.0,0,0.12346918029391761,0,0.2208111958380569,0,0
62,1,repeated_27182,0.0,1,0.9718698158395271,1,0.8469494159745825,0,1
63,0,repeated_27182,3.0,0,0.28244679637142583,0,0.3949981187103915,0,0
64,0,repeated_27182,1.0,0,0.2762226245691041,0,0.1605197830241767,0,0
65,0,repeated_27182,3.0,0,0.27466047322346654,0,0.3128221889879829,0,0
66,1,repeated_27182,1.0,0,0.46570595244916585,0,0.4356727822187036,0,0
67,1,repeated_27182,1.0,1,0.8224966056487227,1,0.8132643656019665,0,1
68,0,repeated_27182,2.0,0,0.09615818140859717,0,0.1805924312111013,0,0
69,1,repeated_27182,4.0,0,0.4023814746581231,0,0.4153175771425218,0,0
70,0,repeated_27182,4.0,0,0.11641682588978187,0,0.189861601272273,0,0
71,0,repeated_27182,0.0,0,0.08508473545081223,0,0.276332445452998,0,0
72,0,repeated_27182,0.0,0,0.22027049584637165,0,0.3464589638545199,0,0
73,0,repeated_27182,3.0,0,0.13821021728001226,0,0.2167520699734154,0,0
74,0,repeated_27182,3.0,0,0.15430853886894547,0,0.2623504860618915,0,0
75,1,repeated_27182,4.0,0,0.2620269007632523,0,0.3510250814444304,0,0
76,0,repeated_27182,3.0,0,0.16070266548731943,0,0.2062877216203721,0,0
77,0,repeated_27182,2.0,0,0.08749595124305487,0,0.0957921899046996,0,0
78,0,repeated_27182,1.0,0,0.10448240469525916,0,0.2143740304350464,0,0
79,1,repeated_27182,2.0,1,0.6413266472834699,1,0.5216927739047842,0,1
80,1,repeated_27182,4.0,1,0.5068779294613207,1,0.6506378604392865,0,1
81,0,repeated_27182,3.0,0,0.09493148830878928,0,0.1896305338642611,0,0
82,1,repeated_27182,1.0,0,0.12232665930382007,0,0.1723955785505914,0,0
83,1,repeated_27182,3.0,1,0.6800977914893418,1,0.5490495174091576,0,1
84,0,repeated_27182,1.0,0,0.2506596024514617,0,0.2292355618589529,0,0
85,1,repeated_27182,3.0,1,0.7977126021216825,1,0.6073149808779339,0,1
86,1,repeated_27182,3.0,0,0.40507983559994765,0,0.360831788832147,0,0
87,0,repeated_27182,3.0,0,0.1293599560601735,0,0.1148218279181864,0,0
88,0,repeated_27182,1.0,0,0.10448240469525916,0,0.2443759540234104,0,0
89,1,repeated_27182,0.0,1,0.7294304356249491,1,0.5254217724514189,0,1
90,0,repeated_27182,2.0,0,0.09766643521322259,0,0.1370042115096712,0,0
91,0,repeated_27182,2.0,0,0.15021493593165763,0,0.2112047018190293,0,0
92,0,repeated_27182,0.0,0,0.10008630165194174,0,0.148720502581796,0,0
93,0,repeated_27182,0.0,0,0.43482638658016415,0,0.3037772187947776,0,0
94,0,repeated_27182,0.0,0,0.1035771462781932,0,0.462248596927673,0,0
95,0,repeated_27182,1.0,0,0.09707299346011235,0,0.0984737488557337,0,0
96,0,repeated_27182,4.0,0,0.08128137652003646,0,0.2100239964801228,0,0
97,0,repeated_27182,4.0,0,0.3079231949676951,1,0.5462635976345616,0,0
98,1,repeated_27182,0.0,0,0.4844377361911245,1,0.5725068887344819,0,0
99,1,repeated_27182,1.0,1,0.8421018765957294,1,0.7022319442588836,0,1
100,0,repeated_27182,4.0,0,0.1537797767947925,0,0.2651929191113251,0,0
101,0,repeated_27182,2.0,1,0.6010140553826512,0,0.3609994296650437,0,1
102,0,repeated_27182,0.0,0,0.10031832955725961,0,0.1241828362730921,0,0
103,0,repeated_27182,3.0,0,0.42160292574716896,0,0.330225048400535,0,0
104,0,repeated_27182,3.0,0,0.12454616520835077,0,0.1420901591202857,0,0
105,0,repeated_27182,3.0,0,0.11395424923229291,0,0.1456774200672176,0,0
106,0,repeated_27182,0.0,0,0.12860135915127427,0,0.0723852676328769,0,0
107,1,repeated_27182,0.0,1,0.5491092594919053,0,0.4960564689482421,0,1
108,1,repeated_27182,4.0,0,0.07686054705540328,0,0.1270887701041982,0,0
109,0,repeated_27182,4.0,0,0.09626333928175888,0,0.0784941102387365,0,0
110,1,repeated_27182,1.0,1,0.6013225056582108,1,0.5059867895639437,0,1
111,0,repeated_27182,3.0,0,0.2421117818447067,0,0.4561503711359494,0,0
112,0,repeated_27182,0.0,1,0.5310046718740643,0,0.4891325916975045,0,1
113,0,repeated_27182,1.0,0,0.1053082256282014,0,0.0885088844911531,0,0
114,0,repeated_27182,0.0,1,0.5521375865258076,1,0.5812540042419947,0,1
115,0,repeated_27182,1.0,1,0.6180840609746119,1,0.5994075768066499,0,1
116,0,repeated_27182,1.0,0,0.11272815556476817,0,0.2355257380527053,0,0
117,0,repeated_27182,2.0,0,0.08325875420219962,0,0.2428938887917072,0,0
118,0,repeated_27182,2.0,0,0.1455988501506972,0,0.2011639185746193,0,0
119,0,repeated_27182,1.0,0,0.49384867672819643,1,0.6577461069961485,0,0
120,0,repeated_27182,2.0,0,0.29959789304840123,0,0.4153273215308093,0,0
121,0,repeated_27182,3.0,0,0.1523099455721449,0,0.2477132413003979,0,0
122,0,repeated_27182,4.0,0,0.08128137652003646,0,0.2140119620474292,0,0
123,0,repeated_27182,1.0,0,0.24528754705557615,0,0.388398269420776,0,0
124,1,repeated_27182,2.0,1,0.894676899869161,1,0.8098111899605505,0,1
125,0,repeated_27182,2.0,0,0.38276978633184755,0,0.3238361372894355,0,0
126,1,repeated_27182,2.0,1,0.5971998556411181,1,0.5047789913351833,0,1
127,0,repeated_27182,1.0,0,0.10695917129707945,0,0.2143777586874767,0,0
128,1,repeated_27182,4.0,0,0.07665462568057989,0,0.2377198194084605,0,0
129,1,repeated_27182,0.0,1,0.696163829779778,1,0.7494646572859849,0,1
130,0,repeated_27182,3.0,0,0.09203549331213634,0,0.0936621939673499,0,0
131,0,repeated_27182,1.0,0,0.15838446440953408,0,0.1116156499788268,0,0
132,0,repeated_27182,4.0,0,0.08959942705512661,0,0.1396942898204526,0,0
133,0,repeated_27182,2.0,1,0.5795656209441927,0,0.4519723259469702,0,1
134,1,repeated_27182,1.0,1,0.9051533921114455,1,0.5994341344104868,0,1
135,0,repeated_27182,4.0,0,0.09416639838585358,0,0.1795698679425538,0,0
136,0,repeated_27182,1.0,0,0.1680384631647113,0,0.2208056087604196,0,0
137,1,repeated_27182,4.0,1,0.8989165433998169,1,0.7638443263296691,0,1
138,0,repeated_27182,4.0,0,0.39705070040816925,0,0.4320371503419885,0,0
139,0,repeated_27182,3.0,0,0.14175197495444433,0,0.1305503105329273,0,0
140,0,repeated_27182,3.0,0,0.36727351424287824,0,0.3655100180224234,0,0
141,0,repeated_27182,3.0,1,0.5363665872447625,0,0.4313857109053451,0,1
142,1,repeated_27182,3.0,1,0.5857500864095275,0,0.4240537552082523,0,1
143,1,repeated_27182,0.0,0,0.4300197778587015,0,0.4226563109271852,0,0
144,0,repeated_27182,1.0,0,0.12307186238549722,0,0.164515125559475,0,0
145,0,repeated_27182,3.0,0,0.10619222139889876,0,0.3094504676609692,0,0
146,0,repeated_27182,4.0,0,0.19557642516829943,0,0.2807590382088524,0,0
147,1,repeated_27182,0.0,0,0.11653706146609596,0,0.1811268804874715,0,0
148,0,repeated_27182,0.0,0,0.1907015665494195,0,0.3470761492026086,0,0
149,0,repeated_27182,4.0,0,0.2973235846922207,1,0.6692849182864904,0,0
150,0,repeated_27182,2.0,0,0.18360186031502654,0,0.2509067537808296,0,0
151,0,repeated_27182,3.0,0,0.2706369822977618,0,0.2121816701142393,0,0
152,1,repeated_27182,4.0,1,0.9741815935350079,1,0.7734190717974287,0,1
153,0,repeated_27182,4.0,0,0.10157426034975738,0,0.1395962166679013,0,0
154,0,repeated_27182,1.0,0,0.10067774012654776,0,0.143604401595311,0,0
155,0,repeated_27182,1.0,0,0.09558298565435608,0,0.2191228253034856,0,0
156,0,repeated_27182,3.0,0,0.27696637073091895,0,0.3702123188745158,0,0
157,1,repeated_27182,4.0,1,0.7008403603278579,1,0.5741023143986117,0,1
158,0,repeated_27182,0.0,0,0.1344752476570833,0,0.1653100822597886,0,0
159,0,repeated_27182,1.0,0,0.10164264156157952,0,0.1331869435018673,0,0
160,0,repeated_27182,1.0,0,0.3118153902035965,0,0.25676222856055,0,0
161,0,repeated_27182,2.0,0,0.07857889710178992,0,0.1458570999787035,0,0
162,1,repeated_27182,2.0,1,0.9046463790107041,1,0.6711754023592359,0,1
163,0,repeated_27182,4.0,0,0.09425020627138841,0,0.0998434812072912,0,0
164,0,repeated_27182,4.0,0,0.12048103932484763,0,0.1335526901173978,0,0
165,0,repeated_27182,2.0,0,0.20793155736752308,0,0.3035968021844719,0,0
166,1,repeated_27182,1.0,1,0.5226553830818637,0,0.3523204679429378,0,1
167,1,repeated_27182,4.0,1,0.9757358677845511,1,0.8043329182411839,0,1
168,0,repeated_27182,0.0,0,0.21230270544527965,0,0.347643367330392,0,0
169,0,repeated_27182,3.0,0,0.30903708432289884,0,0.2833069092600855,0,0
170,0,repeated_27182,1.0,0,0.2624598596990606,1,0.5239454156934695,0,0
171,0,repeated_27182,4.0,0,0.2708597233742011,0,0.3425396075978293,0,0
172,0,repeated_27182,1.0,0,0.2771035188227994,0,0.2441425527840043,0,0
173,1,repeated_27182,0.0,1,0.6151064879410111,0,0.4303234871820347,0,1
174,0,repeated_27182,3.0,0,0.10376994149732068,0,0.287455322347717,0,0
175,0,repeated_27182,0.0,0,0.385175695866325,0,0.4314239725654885,0,0
176,0,repeated_27182,0.0,0,0.14725519956198815,0,0.1507095594570023,0,0
177,0,repeated_27182,1.0,0,0.2959714812521359,0,0.2520389133970213,0,0
178,0,repeated_27182,0.0,1,0.9513298168982852,1,0.8134813564294471,0,1
179,0,repeated_27182,3.0,0,0.13426610374727005,0,0.2338384579113847,0,0
180,0,repeated_27182,3.0,0,0.1357058734224577,0,0.3093060260490461,0,0
181,0,repeated_27182,1.0,0,0.35358503172905986,0,0.370240114615148,0,0
182,0,repeated_27182,1.0,0,0.19004696359675746,0,0.2277170278884061,0,0
183,0,repeated_27182,2.0,0,0.33074697449675794,0,0.4530191303345836,0,0
184,1,repeated_27182,3.0,1,0.7556234335843305,1,0.6685661943621438,0,1
185,1,repeated_27182,3.0,1,0.6261797704983955,1,0.5090569543242728,0,1
186,0,repeated_27182,4.0,0,0.28713368527189426,0,0.471929446470275,0,0
187,1,repeated_27182,3.0,0,0.49065219044683395,0,0.4754522631454513,0,0
188,1,repeated_27182,1.0,0,0.24592962378714364,0,0.4378770092706729,0,0
189,0,repeated_27182,0.0,0,0.08612344283681736,0,0.0682038923467141,0,0
190,0,repeated_27182,4.0,0,0.09626333928175888,0,0.1026321443925079,0,0
191,1,repeated_27182,0.0,1,0.845950562509536,0,0.4785020104471628,0,1
192,0,repeated_27182,2.0,0,0.10365107471045382,0,0.1472262845921593,0,0
193,1,repeated_27182,2.0,1,0.5539002638395213,1,0.5081245076001576,0,1
194,1,repeated_27182,1.0,1,0.5974915515465696,1,0.5910239733467603,0,1
195,1,repeated_27182,3.0,1,0.8851013750353001,1,0.6910101996928748,0,1
196,1,repeated_27182,0.0,1,0.9756689508593709,1,0.8367870613725845,0,1
197,0,repeated_27182,2.0,0,0.060073895752923365,0,0.1801511154361831,0,0
198,0,repeated_27182,1.0,0,0.08469859161824785,0,0.2352942683162382,0,0
199,1,repeated_27182,3.0,1,0.6783698372410852,1,0.6003221112758341,0,1
200,0,repeated_27182,4.0,1,0.8611847550882629,1,0.7002392685875998,0,1
201,0,repeated_27182,1.0,0,0.12232665930382007,0,0.1487327678295156,0,0
202,0,repeated_27182,1.0,0,0.21178803396915344,0,0.1191450217345212,0,0
203,0,repeated_27182,2.0,0,0.09842585111996473,0,0.1728304929531968,0,0
204,0,repeated_27182,4.0,0,0.10419261495441941,0,0.1648206899470133,0,0
205,1,repeated_27182,2.0,0,0.10249119126465742,0,0.1073269836526346,0,0
206,0,repeated_27182,0.0,1,0.521963803402339,1,0.5111898253942353,0,1
207,0,repeated_27182,0.0,0,0.08813812169346671,0,0.2926748364171933,0,0
208,1,repeated_27182,3.0,0,0.14102887562650807,0,0.1586429863525186,0,0
209,1,repeated_27182,0.0,1,0.7749719924319132,1,0.5275262463449141,0,1
210,1,repeated_27182,3.0,0,0.34340303775281156,0,0.3180506716089747,0,0
211,0,repeated_27182,0.0,0,0.07818184846050724,0,0.1588354285594236,0,0
212,1,repeated_27182,4.0,1,0.8496320520988134,1,0.5344316376234725,0,1
213,0,repeated_27182,4.0,0,0.07626939747641012,0,0.124870863054968,0,0
214,0,repeated_27182,4.0,0,0.1250939155619028,0,0.190269843984991,0,0
215,0,repeated_27182,1.0,0,0.09425573180964485,0,0.2870917567450035,0,0
216,1,repeated_27182,1.0,1,0.9330884898890699,1,0.8192156805649938,0,1
217,1,repeated_27182,0.0,0,0.4729126089592413,1,0.5521539099930063,0,0
218,0,repeated_27182,3.0,0,0.1056342620691104,0,0.370534032188854,0,0
219,1,repeated_27182,3.0,1,0.9674081604613922,1,0.8062375866456133,0,1
220,0,repeated_27182,4.0,0,0.18737043696850592,0,0.320021518329875,0,0
221,1,repeated_27182,0.0,0,0.11493497511900408,0,0.1470072809205988,0,0
222,0,repeated_27182,2.0,0,0.1290425569073986,0,0.1657902337875448,0,0
223,0,repeated_27182,1.0,0,0.12191038920617286,0,0.2002298490737511,0,0
224,0,repeated_27182,3.0,0,0.08728196141082532,0,0.1191232586211154,0,0
225,1,repeated_27182,0.0,0,0.33957658288987963,0,0.4281230771989178,0,0
226,0,repeated_27182,1.0,0,0.10087161702478506,0,0.4066363884155135,0,0
227,1,repeated_27182,0.0,0,0.05944839986882182,0,0.1347106828031237,0,0
228,0,repeated_27182,2.0,0,0.08205166081577708,0,0.1889805889717755,0,0
229,0,repeated_27182,2.0,0,0.10365107471045382,0,0.25971341519005,0,0
230,0,repeated_27182,1.0,0,0.39309373918326246,0,0.3554016567737271,0,0
231,1,repeated_27182,1.0,1,0.9332617392940465,1,0.5557704078816647,0,1
232,0,repeated_27182,2.0,0,0.12949238625670448,0,0.1462199412649428,0,0
233,0,repeated_27182,0.0,0,0.08193690510725309,0,0.2696848260439089,0,0
234,1,repeated_27182,3.0,0,0.16226158208490843,1,0.5088271214672725,0,0
235,0,repeated_27182,3.0,0,0.104788405442233,0,0.2763085991142499,0,0
236,0,repeated_27182,2.0,1,0.6113528588251381,1,0.5209967036206744,0,1
237,0,repeated_27182,2.0,0,0.10308873282348816,0,0.1962844217216751,0,0
238,1,repeated_27182,1.0,1,0.863228853307448,1,0.6314360515604145,0,1
239,0,repeated_27182,0.0,0,0.05944839986882182,0,0.2094391062904005,0,0
240,0,repeated_27182,2.0,0,0.12349890036374152,0,0.2101457590952864,0,0
241,0,repeated_27182,1.0,1,0.584308481046604,1,0.5532581029272033,0,1
242,1,repeated_27182,4.0,1,0.5973006130779209,1,0.6445862960804212,0,1
243,0,repeated_27182,3.0,0,0.13343349063022555,0,0.183546986339859,0,0
244,0,repeated_27182,2.0,0,0.08066746488452359,0,0.3859692807239828,0,0
245,0,repeated_27182,1.0,0,0.1450808143812925,0,0.2647733540318829,0,0
246,0,repeated_27182,3.0,1,0.5770941988066519,1,0.535484071751384,0,1
247,0,repeated_27182,3.0,1,0.5588376153992767,0,0.312211866232267,0,1
248,1,repeated_27182,2.0,1,0.8430413741885382,1,0.5370470899707593,0,1
249,1,repeated_27182,4.0,0,0.48869762539893574,0,0.4657974646651336,0,0
250,0,repeated_27182,3.0,0,0.41093783963526487,0,0.304174312049541,0,0
251,0,repeated_27182,2.0,0,0.0800682803716699,0,0.1103544289981056,0,0
252,0,repeated_27182,4.0,1,0.5183313248469563,1,0.5953767925461824,0,1
253,0,repeated_27182,0.0,0,0.3136111197609525,0,0.3249013969498517,0,0
254,0,repeated_27182,1.0,0,0.10000482187992547,0,0.1475743756229601,0,0
255,0,repeated_27182,1.0,1,0.585974730334761,0,0.4944534282181893,0,1
256,1,repeated_27182,4.0,1,0.5622335767875238,1,0.5929561392855995,0,1
257,1,repeated_27182,1.0,1,0.944045703605651,1,0.7400674563207663,0,1
258,1,repeated_27182,0.0,1,0.9740374525425076,1,0.8082630541387416,0,1
259,1,repeated_27182,1.0,1,0.943897609699059,1,0.7219194571568518,0,1
260,1,repeated_27182,2.0,1,0.9047046259851743,1,0.6198377581238753,0,1
261,0,repeated_27182,1.0,0,0.10695917129707945,0,0.1820597192059999,0,0
262,1,repeated_27182,2.0,0,0.33074697449675794,0,0.4359723625402245,0,0
263,0,repeated_27182,4.0,0,0.4163380447822272,1,0.550746725750106,0,0
264,0,repeated_27182,2.0,0,0.27523545470259525,0,0.4334491252315302,0,0
265,0,repeated_27182,3.0,1,0.6783698372410852,0,0.4455900509599141,0,1
266,0,repeated_27182,0.0,0,0.070650458821647,0,0.2066109069570877,0,0
267,0,repeated_27182,3.0,0,0.1398792968918806,0,0.0897131557297838,0,0
268,1,repeated_27182,1.0,0,0.06612367277644429,0,0.0778086181839201,0,0
269,1,repeated_27182,0.0,1,0.9279612828580766,1,0.6568741061807586,0,1
270,1,repeated_27182,4.0,1,0.9646596790328751,1,0.7688994131428026,0,1
271,0,repeated_27182,3.0,0,0.2200456821311063,0,0.368915299335878,0,0
272,1,repeated_27182,0.0,0,0.08511369400952955,0,0.1855109831805456,0,0
273,1,repeated_27182,1.0,1,0.8183006644362076,1,0.8297053376262009,0,1
274,0,repeated_27182,4.0,0,0.4160947149047291,1,0.5018653247142446,0,0
275,1,repeated_27182,3.0,1,0.6783698372410852,1,0.5362614310211848,0,1
276,1,repeated_27182,4.0,1,0.953187849355159,1,0.6811736621405328,0,1
277,0,repeated_27182,0.0,0,0.49480650460618364,0,0.4010057159305201,0,0
278,0,repeated_27182,0.0,0,0.06278668904566637,0,0.218911736910214,0,0
279,0,repeated_27182,0.0,0,0.16229473790858456,0,0.3167142055257025,0,0
280,1,repeated_27182,4.0,1,0.5726084696215462,0,0.4612983521853089,0,1
281,0,repeated_27182,1.0,0,0.10187701362280348,0,0.1957880686731888,0,0
282,0,repeated_27182,0.0,0,0.12860135915127427,0,0.1007392168514354,0,0
283,0,repeated_27182,4.0,0,0.1626657546232903,0,0.2463137442297474,0,0
284,1,repeated_27182,3.0,0,0.10376994149732068,0,0.1373662941140571,0,0
285,0,repeated_27182,4.0,0,0.29758645131778283,0,0.3015942593094814,0,0
286,0,repeated_27182,2.0,0,0.1777673911073068,0,0.0861323932351647,0,0
287,1,repeated_27182,3.0,0,0.12454616520835077,0,0.2827111506351855,0,0
288,0,repeated_27182,0.0,0,0.09827069238111734,0,0.0781704746016772,0,0
289,1,repeated_27182,0.0,0,0.07269186321171761,0,0.2397091591653893,0,0
290,1,repeated_27182,4.0,1,0.7022638499924753,0,0.4299801987592516,0,1
291,1,repeated_27182,0.0,1,0.8438746184456835,1,0.7714223329293406,0,1
292,1,repeated_27182,0.0,1,0.9415203287505437,1,0.8015676526732445,0,1
293,0,repeated_27182,2.0,0,0.39435068437550197,0,0.4872137712541326,0,0
294,0,repeated_27182,3.0,1,0.5084258862311618,0,0.2984992298279906,0,1
295,0,repeated_27182,0.0,0,0.10031832955725961,0,0.0552747350096606,0,0
296,0,repeated_27182,0.0,0,0.2907706729609427,0,0.2933702704527834,0,0
297,0,repeated_27182,1.0,0,0.14807521213567487,0,0.2398245050639164,0,0
298,0,repeated_27182,2.0,1,0.8733205273455602,1,0.7201692351143143,0,1
299,1,repeated_27182,4.0,0,0.2871191678237841,0,0.4632440679190592,0,0
300,1,repeated_27182,4.0,1,0.9211774622328681,1,0.7788264208914081,0,1
301,1,repeated_27182,3.0,1,0.6783698372410852,1,0.7934712936450518,0,1
302,1,repeated_27182,2.0,0,0.24246158450047128,0,0.2391156150075062,0,0
303,0,repeated_27182,0.0,0,0.08237750968196704,0,0.1843049771197035,0,0
304,1,repeated_27182,0.0,1,0.886739990783048,1,0.8311296626770914,0,1
305,0,repeated_27182,0.0,0,0.0894255959725813,0,0.1580350027796839,0,0
306,1,repeated_27182,0.0,1,0.54497807617653,0,0.3913323045877744,0,1
307,1,repeated_27182,4.0,1,0.9114442062707871,1,0.6401200423428431,0,1
308,1,repeated_27182,0.0,1,0.8844191835828237,1,0.5432446261553459,0,1
309,0,repeated_27182,4.0,0,0.17737219848139554,0,0.2965497601890466,0,0
310,1,repeated_27182,2.0,1,0.9711723245305331,1,0.7443181145217153,0,1
311,1,repeated_27182,2.0,1,0.9495036880815199,1,0.8361963498852174,0,1
312,1,repeated_27182,1.0,1,0.7670591893816332,1,0.7687875884310363,0,1
313,0,repeated_27182,3.0,1,0.9145925723370039,1,0.6404802141240762,0,1
314,0,repeated_27182,3.0,0,0.1170518742637316,0,0.1139526351929358,0,0
315,0,repeated_27182,2.0,0,0.17378424717685353,0,0.2714776516568274,0,0
316,1,repeated_27182,0.0,0,0.474908885727176,0,0.3074022083476536,0,0
317,1,repeated_27182,1.0,1,0.7881691015585393,1,0.5242897922061074,0,1
318,0,repeated_27182,0.0,0,0.21137323351796192,0,0.4225402417519689,0,0
319,1,repeated_27182,1.0,1,0.901336433563898,1,0.7150150300934757,0,1
320,1,repeated_27182,4.0,1,0.9606078652897077,1,0.8012002576051568,0,1
321,0,repeated_27182,3.0,0,0.09579866553027154,0,0.2299820233163318,0,0
322,0,repeated_27182,0.0,0,0.12860135915127427,0,0.0876255232227831,0,0
323,1,repeated_27182,0.0,1,0.8591681396092451,1,0.5852804979191913,0,1
324,1,repeated_27182,0.0,1,0.8405750105059472,1,0.582232401051929,0,1
325,0,repeated_27182,4.0,0,0.16823516553581844,0,0.0820863772890629,0,0
326,1,repeated_27182,2.0,1,0.9678553810324044,1,0.7404524257067111,0,1
327,0,repeated_27182,3.0,0,0.08954263472006177,0,0.1160002112358454,0,0
328,1,repeated_27182,1.0,1,0.8845577859449789,1,0.8084061304860269,0,1
329,1,repeated_27182,3.0,0,0.49870567562897206,1,0.5253642217325084,0,0
330,1,repeated_27182,1.0,1,0.9050438131161808,1,0.7230370743600478,0,1
331,1,repeated_27182,1.0,1,0.6889085500522312,1,0.6955030577383865,0,1
332,0,repeated_27182,3.0,0,0.3139009515863197,0,0.3725363775191099,0,0
333,0,repeated_27182,2.0,0,0.4162886387810013,0,0.4116401640405854,0,0
334,0,repeated_27182,3.0,0,0.18640287062083846,0,0.0894772067100023,0,0
335,1,repeated_27182,0.0,1,0.8869634552475826,1,0.6658395442449984,0,1
336,0,repeated_27182,2.0,0,0.08749595124305487,0,0.0953996312011286,0,0
337,0,repeated_27182,4.0,0,0.41287099773184155,0,0.3978935159430146,0,0
338,1,repeated_27182,3.0,1,0.8757790717959538,1,0.8531276787312196,0,1
339,1,repeated_27182,3.0,0,0.11779155063490264,0,0.1787234117805165,0,0
340,0,repeated_27182,1.0,0,0.3153969838362988,0,0.4525041261967983,0,0
341,1,repeated_27182,2.0,1,0.6701455760666756,1,0.5056457821021683,0,1
342,1,repeated_27182,2.0,1,0.8064097008605396,1,0.7074663917548996,0,1
343,0,repeated_27182,1.0,0,0.13009649561970243,0,0.2527056936341595,0,0
344,0,repeated_27182,0.0,0,0.05974648360698717,0,0.3243293482298034,0,0
345,0,repeated_27182,1.0,0,0.12261344145973394,0,0.2380282809279262,0,0
346,1,repeated_27182,4.0,1,0.8770473982875512,1,0.748791101950532,0,1
347,1,repeated_27182,4.0,1,0.8293154700311722,1,0.5540263553150453,0,1
348,1,repeated_27182,0.0,1,0.579558356027933,0,0.4834364249503327,0,1
349,1,repeated_27182,2.0,1,0.6544263270571897,0,0.3880583754331111,0,1
350,0,repeated_27182,4.0,0,0.12953622116119504,0,0.1397970821492314,0,0
351,0,repeated_27182,3.0,0,0.0962348481976937,0,0.1486311524227029,0,0
352,0,repeated_27182,2.0,0,0.2908807477369369,0,0.456668830190854,0,0
353,0,repeated_27182,1.0,0,0.1869159481928807,0,0.1563759941132858,0,0
354,0,repeated_27182,0.0,0,0.10382598521133796,0,0.1210250051638421,0,0
355,0,repeated_27182,0.0,0,0.09714806820481173,0,0.1571048490309332,0,0
356,0,repeated_27182,4.0,0,0.14757425436819066,0,0.1013240981687582,0,0
357,1,repeated_27182,2.0,1,0.9622085937366238,1,0.7434788725249255,0,1
358,0,repeated_27182,1.0,1,0.9004689396674955,1,0.6788423728347753,0,1
359,1,repeated_27182,1.0,1,0.6664917045778077,1,0.6102960294878577,0,1
360,1,repeated_27182,0.0,1,0.7469921227738149,1,0.6992700934956712,0,1
361,0,repeated_27182,2.0,0,0.16181030769997218,0,0.0718116009740326,0,0
362,0,repeated_27182,2.0,0,0.17552885408195362,0,0.4512119728254252,0,0
363,0,repeated_27182,2.0,1,0.5864743128335823,1,0.6370190489278923,0,1
364,0,repeated_27182,4.0,0,0.09137760738511602,0,0.1627067812496531,0,0
365,0,repeated_27182,4.0,0,0.20664207063252835,0,0.1682910976050675,0,0
366,0,repeated_27182,2.0,0,0.09842585111996473,0,0.2313217276823833,0,0
367,1,repeated_27182,1.0,1,0.9660176437013537,1,0.7767041661963053,0,1
368,1,repeated_27182,2.0,1,0.6839294898610557,1,0.5615226296555417,0,1
369,1,repeated_27182,4.0,1,0.7022638499924753,1,0.6797716019904603,0,1
370,1,repeated_27182,2.0,1,0.954654691306583,1,0.631477364565286,0,1
371,1,repeated_27182,1.0,0,0.4378668211066133,0,0.4115885649298153,0,0
372,0,repeated_27182,0.0,0,0.13109863690522816,0,0.1731255205020964,0,0
373,0,repeated_27182,0.0,0,0.10008630165194174,0,0.1653299679250183,0,0
374,0,repeated_27182,2.0,0,0.2851371655839173,0,0.3173200071492441,0,0
375,0,repeated_27182,2.0,0,0.3151618828138238,0,0.2462761063577673,0,0
376,1,repeated_27182,4.0,1,0.9251618140712389,1,0.6875318570959214,0,1
377,1,repeated_27182,2.0,1,0.608245162366444,1,0.5906945434716518,0,1
378,0,repeated_27182,3.0,0,0.4303567983731816,1,0.517142644072329,0,0
379,0,repeated_27182,0.0,0,0.10734257507937633,0,0.2039931458873572,0,0
380,0,repeated_27182,1.0,0,0.09974786733672923,0,0.1502877951319293,0,0
381,1,repeated_27182,3.0,1,0.837813613154047,1,0.6793433292470835,0,1
382,1,repeated_27182,2.0,1,0.6442359910154811,1,0.7420955607217923,0,1
383,0,repeated_27182,3.0,0,0.12609260520144994,0,0.3476551196559121,0,0
384,1,repeated_27182,4.0,1,0.8273868266154795,1,0.6967326535767667,0,1
385,0,repeated_27182,2.0,0,0.08749595124305487,0,0.0963540013011517,0,0
386,0,repeated_27182,0.0,0,0.1284667941060539,0,0.1700754818524386,0,0
387,0,repeated_27182,4.0,0,0.2400827180344966,0,0.2755342656993533,0,0
388,1,repeated_27182,4.0,1,0.8293154700311722,1,0.5209827730946657,0,1
389,0,repeated_27182,0.0,0,0.07426276421996415,0,0.2281616999413529,0,0
390,1,repeated_27182,0.0,1,0.8537497450124343,1,0.745474737590905,0,1
391,1,repeated_27182,3.0,0,0.3136471363681295,0,0.4945127395572543,0,0
392,1,repeated_27182,0.0,0,0.10008630165194174,0,0.1591255748258193,0,0
393,0,repeated_27182,0.0,0,0.1375314870512185,0,0.1323060068961709,0,0
394,1,repeated_27182,3.0,1,0.9592646320686878,1,0.7188412294029075,0,1
395,1,repeated_27182,4.0,1,0.658522186668574,1,0.6378498941381351,0,1
396,0,repeated_27182,4.0,0,0.07648563909505354,0,0.1812652706282434,0,0
397,0,repeated_27182,3.0,1,0.507410386067848,0,0.3635557377092572,0,1
398,0,repeated_27182,0.0,0,0.10258578482438817,0,0.1576076550321276,0,0
399,0,repeated_27182,2.0,0,0.18125288010682844,0,0.1588808703764653,0,0
400,1,repeated_27182,2.0,1,0.8658081290556894,1,0.6290976838963461,0,1
401,1,repeated_27182,0.0,0,0.11134589220066622,0,0.3459548716626934,0,0
402,0,repeated_27182,3.0,0,0.10042646788986603,0,0.0654646634994788,0,0
403,0,repeated_27182,0.0,1,0.5521375865258076,1,0.5574421172893105,0,1
404,0,repeated_27182,4.0,0,0.17968772721452703,0,0.3510211540238612,0,0
405,0,repeated_27182,3.0,1,0.5196958927356727,0,0.3460515105095078,0,1
406,0,repeated_27182,4.0,0,0.06316115769129287,0,0.1631615659536349,0,0
407,0,repeated_27182,3.0,0,0.08722391643840903,0,0.1800579036684761,0,0
408,1,repeated_27182,2.0,1,0.6706557186045394,0,0.4986691473860095,0,1
409,0,repeated_27182,0.0,0,0.10008630165194174,0,0.2087439800484005,0,0
410,0,repeated_27182,2.0,0,0.28328719576589334,0,0.2658258187494551,0,0
411,0,repeated_27182,3.0,0,0.08728196141082532,0,0.0661193916499049,0,0
412,0,repeated_27182,4.0,0,0.15048061624098416,0,0.1869237651754833,0,0
413,1,repeated_27182,0.0,1,0.8808652320094339,1,0.7037545647042819,0,1
414,0,repeated_27182,0.0,0,0.06278668904566637,0,0.2075837648401621,0,0
415,1,repeated_27182,4.0,0,0.10522726583915734,0,0.2755599620681045,0,0
416,0,repeated_27182,3.0,1,0.559432540478976,1,0.6370595316827734,0,1
417,1,repeated_27182,1.0,1,0.9320762007775063,1,0.5710213851046538,0,1
418,1,repeated_27182,3.0,1,0.8429841872681342,1,0.5679572274060465,0,1
419,0,repeated_27182,3.0,0,0.13426610374727005,0,0.2170139194633353,0,0
420,0,repeated_27182,1.0,1,0.583075436809788,0,0.2902753183867513,0,1
421,0,repeated_27182,0.0,0,0.11225396727607101,0,0.0798812740248067,0,0
422,0,repeated_27182,2.0,0,0.06793766294322247,0,0.141115170805312,0,0
423,0,repeated_27182,1.0,0,0.11424380647399812,0,0.1493531449956615,0,0
424,0,repeated_27182,1.0,1,0.6463228286541367,1,0.5275910922601873,0,1
425,0,repeated_27182,4.0,0,0.16840174028653515,0,0.1085445207631991,0,0
426,0,repeated_27182,3.0,0,0.09496436051305178,0,0.2215613940655835,0,0
427,1,repeated_27182,2.0,1,0.8805481425598155,1,0.5455201272555188,0,1
428,1,repeated_27182,4.0,1,0.804228999025342,1,0.6650330377280677,0,1
429,0,repeated_27182,1.0,0,0.10695917129707945,0,0.1389894054767868,0,0
430,1,repeated_27182,1.0,0,0.2784192848906863,0,0.3304617434581214,0,0
431,1,repeated_27182,1.0,0,0.3440867045215385,0,0.3186092250145164,0,0
432,1,repeated_27182,4.0,0,0.433095925025162,1,0.5418222008175745,0,0
433,1,repeated_27182,0.0,1,0.820554893747559,1,0.5163874922006783,0,1
434,0,repeated_27182,1.0,0,0.10140147452888569,0,0.2561630215820758,0,0
435,0,repeated_27182,0.0,0,0.3971248672921486,0,0.4875892166156373,0,0
436,1,repeated_27182,1.0,1,0.8721704941351315,1,0.8157254745276606,0,1
437,0,repeated_27182,3.0,0,0.13155616533779763,0,0.3931127875416257,0,0
438,1,repeated_27182,1.0,1,0.7580265289718985,1,0.6861340072157459,0,1
439,0,repeated_27182,1.0,0,0.404406680991619,0,0.474053413478389,0,0
440,0,repeated_27182,3.0,0,0.12966827677620826,0,0.2925245848556619,0,0
441,1,repeated_27182,2.0,1,0.9120813085920938,1,0.6048393548990634,0,1
442,0,repeated_27182,4.0,0,0.12048103932484763,0,0.1365070695285761,0,0
443,0,repeated_27182,2.0,0,0.11452535514132463,0,0.13197519373326,0,0
444,1,repeated_27182,4.0,1,0.8578077415477922,0,0.4192002964147369,0,1
445,1,repeated_27182,2.0,0,0.09289873581434989,0,0.2834569835075611,0,0
446,1,repeated_27182,1.0,1,0.5934888495272129,0,0.4342894892754424,0,1
447,1,repeated_27182,2.0,1,0.8867736407548139,1,0.7274056844940178,0,1
448,1,repeated_27182,2.0,0,0.22346863084726,0,0.1995124855361706,0,0
449,1,repeated_27182,4.0,1,0.6200521471463754,1,0.6527801056330262,0,1
450,1,repeated_27182,2.0,0,0.34785620660261357,0,0.4079925895392651,0,0
451,0,repeated_27182,2.0,0,0.23770757936542541,0,0.3077721978293706,0,0
452,0,repeated_27182,2.0,0,0.09749187189305944,0,0.1510584208049105,0,0
453,0,repeated_27182,0.0,0,0.4393102243935862,0,0.3519092866501465,0,0
454,1,repeated_27182,4.0,0,0.39267798608417726,0,0.4033351886702784,0,0
455,0,repeated_27182,1.0,0,0.10448240469525916,0,0.1170366894164502,0,0
456,1,repeated_27182,0.0,0,0.13048805216953835,0,0.0785623916731446,0,0
457,0,repeated_27182,0.0,0,0.4706003648676608,0,0.4873730870910238,0,0
458,1,repeated_27182,1.0,1,0.964562199186942,1,0.7340018998617365,0,1
459,1,repeated_27182,2.0,1,0.8192380646852724,1,0.6271290561427721,0,1
460,0,repeated_27182,0.0,0,0.07426276421996415,0,0.2633988510019321,0,0
461,1,repeated_27182,3.0,0,0.43125744276919536,0,0.4591603573772441,0,0
462,0,repeated_27182,3.0,0,0.12609260520144994,0,0.1661084501998803,0,0
463,0,repeated_27182,4.0,0,0.4448943444984226,0,0.4693819765030295,0,0
464,0,repeated_27182,0.0,0,0.07269186321171761,0,0.2748416590852515,0,0
465,0,repeated_27182,0.0,0,0.10031832955725961,0,0.1721471963754454,0,0
466,0,repeated_27182,0.0,0,0.07557750052068386,0,0.155621373805193,0,0
467,0,repeated_27182,3.0,0,0.1308539560884118,0,0.2375337949732533,0,0
468,0,repeated_27182,1.0,0,0.23503215338428504,0,0.2161742711048985,0,0
469,0,repeated_27182,4.0,0,0.08593532711076296,0,0.0808331243869948,0,0
470,1,repeated_27182,2.0,1,0.6947082285877262,1,0.7640172259842516,0,1
471,0,repeated_27182,3.0,0,0.09496436051305178,0,0.1182950401729185,0,0
472,0,repeated_27182,3.0,0,0.11677425311882961,0,0.1441560605591118,0,0
473,1,repeated_27182,4.0,1,0.8129711847150572,1,0.6022892054280288,0,1
474,1,repeated_27182,4.0,1,0.8921224122930771,1,0.7566481676423322,0,1
475,0,repeated_27182,2.0,1,0.5442441350883304,1,0.5888711443124132,0,1
476,0,repeated_27182,1.0,0,0.29503101920920405,0,0.3685785910008571,0,0
477,0,repeated_27182,3.0,0,0.10290342703579029,0,0.1572106015702611,0,0
478,0,repeated_27182,2.0,0,0.10205472983484515,0,0.127237109299909,0,0
479,0,repeated_27182,3.0,0,0.08731425468162342,0,0.1628245291851651,0,0
480,1,repeated_27182,0.0,1,0.604531394568933,0,0.484826315334166,0,1
481,0,repeated_27182,2.0,0,0.24812368959206252,0,0.2456614658776872,0,0
482,0,repeated_27182,4.0,0,0.10074056219610243,0,0.2944243672409468,0,0
483,0,repeated_27182,2.0,0,0.13484869143148315,0,0.0852232033346002,0,0
484,1,repeated_27182,3.0,0,0.4584845678187283,0,0.3154624899516519,0,0
485,1,repeated_27182,4.0,0,0.4516064878436798,1,0.5470069684680537,0,0
486,0,repeated_27182,0.0,0,0.183134196287349,0,0.3976022992208962,0,0
487,1,repeated_27182,3.0,1,0.9480274736164409,1,0.8428548711296829,0,1
488,0,repeated_27182,0.0,0,0.385175695866325,0,0.4890280177483879,0,0
489,0,repeated_27182,1.0,0,0.1257271245881172,0,0.1610564151228354,0,0
490,1,repeated_27182,4.0,1,0.7172273859564051,1,0.5668137431960817,0,1
491,0,repeated_27182,4.0,0,0.10765058696539039,0,0.2769466363198626,0,0
492,0,repeated_27182,3.0,0,0.09950954453696899,0,0.2042510605949826,0,0
493,0,repeated_27182,3.0,0,0.29913021823839375,0,0.4120321649167467,0,0
494,0,repeated_27182,3.0,0,0.2535146832315932,0,0.19999419269783,0,0
495,0,repeated_27182,4.0,0,0.09563263627736927,0,0.1916546081907515,0,0
496,0,repeated_27182,2.0,0,0.1596278742773334,0,0.1631575884097671,0,0
497,1,repeated_27182,2.0,1,0.9662315536194738,1,0.7590068055803844,0,1
498,0,repeated_27182,3.0,0,0.07418017092260841,0,0.2591676779371953,0,0
499,0,repeated_27182,4.0,1,0.9224775585668992,1,0.7041372605849843,0,1
500,0,repeated_27182,3.0,0,0.08728196141082532,0,0.1785502983481234,0,0
501,0,repeated_27182,1.0,0,0.10410115126424077,0,0.1102113250948503,0,0
502,0,repeated_27182,0.0,1,0.7672100999009746,0,0.3796993468468601,0,1
503,0,repeated_27182,0.0,1,0.763549329379295,1,0.6115811682191622,0,1
504,0,repeated_27182,2.0,1,0.5433258131985295,1,0.5994601422999785,0,1
505,1,repeated_27182,4.0,1,0.9610284244961913,1,0.7577426791076128,0,1
506,0,repeated_27182,4.0,0,0.44942822161039503,1,0.5727565847716578,0,0
507,1,repeated_27182,4.0,1,0.8971680826868567,1,0.6057352677022506,0,1
508,1,repeated_27182,2.0,0,0.1987705934762886,0,0.3486918076785467,0,0
509,0,repeated_27182,3.0,0,0.1557248362512724,0,0.2054328570688749,0,0
510,1,repeated_27182,3.0,0,0.12347796221047574,0,0.2751105055850461,0,0
511,1,repeated_27182,0.0,0,0.08699183373404425,0,0.2399080943096313,0,0
512,0,repeated_27182,2.0,0,0.09766643521322259,0,0.1676970342502525,0,0
513,1,repeated_27182,2.0,0,0.49746367356682225,0,0.4507220408987885,0,0
514,1,repeated_27182,4.0,1,0.909645076175349,1,0.7184548377326676,0,1
515,0,repeated_27182,1.0,0,0.09558298565435608,0,0.0792445448117027,0,0
516,0,repeated_27182,1.0,0,0.4401908981524219,0,0.4061921600447123,0,0
517,1,repeated_27182,3.0,1,0.826138878978571,1,0.7050500721742378,0,1
518,0,repeated_27182,3.0,0,0.1181188028203405,0,0.1499410811365114,0,0
519,1,repeated_27182,0.0,1,0.8359581960706376,1,0.5767387744894581,0,1
520,0,repeated_27182,1.0,0,0.11252470306685268,0,0.0599422217390158,0,0
521,1,repeated_27182,2.0,1,0.9696582983038223,1,0.778616124534831,0,1
522,0,repeated_27182,3.0,0,0.08779465670979492,0,0.0647233661521738,0,0
523,0,repeated_27182,2.0,0,0.11821301352771686,0,0.1792501594372045,0,0
524,1,repeated_27182,2.0,1,0.9683901111653248,1,0.8031046616685242,0,1
525,0,repeated_27182,0.0,0,0.09714806820481173,0,0.2591409033670794,0,0
526,0,repeated_27182,2.0,0,0.08517345122632294,0,0.1746642766469955,0,0
527,1,repeated_27182,4.0,1,0.7837511990889929,0,0.2604139015997851,0,1
528,0,repeated_27182,3.0,0,0.27328491326152865,0,0.425837462103898,0,0
529,0,repeated_27182,1.0,0,0.1209336390234485,0,0.1795736624989281,0,0
530,0,repeated_27182,3.0,0,0.11710149552164248,0,0.3565768643513772,0,0
531,1,repeated_27182,3.0,1,0.8991804702738304,1,0.5255495179220715,0,1
532,0,repeated_27182,4.0,0,0.1071286728169691,0,0.2413650220984555,0,0
533,0,repeated_27182,3.0,0,0.19113813648117717,0,0.1591899427367274,0,0
534,1,repeated_27182,1.0,1,0.6964000868616784,1,0.6125829420837905,0,1
535,0,repeated_27182,0.0,0,0.4856466099047303,0,0.3877677956065908,0,0
536,1,repeated_27182,3.0,1,0.9016566178137321,1,0.55837419876535,0,1
537,0,repeated_27182,2.0,0,0.3662095869118571,1,0.5013701672477854,0,0
538,1,repeated_27182,4.0,1,0.9224553813026901,1,0.7295784694084689,0,1
539,0,repeated_27182,2.0,0,0.0836829420766336,0,0.1712552540883102,0,0
540,1,repeated_27182,3.0,1,0.9202306580406001,1,0.7982964564743142,0,1
541,1,repeated_27182,4.0,1,0.9047538896336744,1,0.5499804994517244,0,1
542,0,repeated_27182,1.0,0,0.3423147997846569,0,0.2846727217999317,0,0
543,0,repeated_27182,1.0,0,0.3423147997846569,0,0.4282414826525653,0,0
544,1,repeated_27182,4.0,0,0.1537797767947925,0,0.2398004551756629,0,0
545,0,repeated_27182,4.0,0,0.34379657838169375,0,0.4820969153217948,0,0
546,0,repeated_27182,3.0,0,0.2905319678009285,0,0.1923292755227733,0,0
547,1,repeated_27182,2.0,1,0.8869860857998564,1,0.7000759206585992,0,1
548,1,repeated_27182,4.0,0,0.12429769879032515,0,0.1956443789990219,0,0
549,0,repeated_27182,4.0,0,0.19593575239718958,0,0.29106168238725,0,0
550,1,repeated_27182,1.0,1,0.5041332839873687,0,0.329430601887444,0,1
551,1,repeated_27182,0.0,0,0.37060735913826576,0,0.4337098358331279,0,0
552,0,repeated_27182,2.0,0,0.12045732813572786,0,0.2412122519322466,0,0
553,0,repeated_27182,4.0,0,0.15268116062812828,0,0.2061142563506769,0,0
554,1,repeated_27182,4.0,0,0.1119008894086401,0,0.2997559857018254,0,0
555,1,repeated_27182,1.0,1,0.5072037696449594,0,0.2701248604692428,0,1
556,0,repeated_27182,0.0,0,0.2882225183097813,0,0.2391204095710183,0,0
557,1,repeated_27182,0.0,1,0.9557453577440178,1,0.7570787696133876,0,1
558,0,repeated_27182,4.0,0,0.2621453085742454,0,0.3706738637159201,0,0
559,1,repeated_27182,0.0,1,0.9452687783997177,1,0.7099311882090793,0,1
560,1,repeated_27182,4.0,1,0.5498987354837193,1,0.5883474446668601,0,1
561,0,repeated_27182,4.0,0,0.08593532711076296,0,0.1792666102815636,0,0
562,0,repeated_27182,4.0,0,0.09626333928175888,0,0.0759956950341429,0,0
563,0,repeated_27182,1.0,0,0.13148682696089573,0,0.271585601232181,0,0
564,0,repeated_27182,1.0,0,0.10448240469525916,0,0.122897375186742,0,0
565,0,repeated_27182,3.0,1,0.5532313795800136,1,0.5541313712929736,0,1
566,0,repeated_27182,0.0,0,0.10887262407686123,0,0.1817876246411401,0,0
567,0,repeated_27182,1.0,0,0.10075822601044492,0,0.0878359089146246,0,0
568,0,repeated_27182,1.0,0,0.4678808215266855,0,0.3945150626463129,0,0
569,0,repeated_27182,3.0,0,0.13154297635139287,0,0.2084259453474132,0,0
570,1,repeated_27182,3.0,0,0.10143913984379696,0,0.1715978944337043,0,0
571,1,repeated_27182,0.0,0,0.06347179318176235,0,0.1649155231359559,0,0
572,1,repeated_27182,3.0,1,0.944618309994748,1,0.7036397079263423,0,1
573,1,repeated_27182,4.0,1,0.526816177871579,1,0.5493320111716433,0,1
574,1,repeated_27182,3.0,1,0.6783698372410852,1,0.6632943536536766,0,1
575,0,repeated_27182,0.0,0,0.11493497511900408,0,0.1213944911177415,0,0
576,0,repeated_27182,4.0,0,0.09956238333181976,0,0.1938617787235427,0,0
577,1,repeated_27182,2.0,1,0.8525154840479053,1,0.5018638367669881,0,1
578,1,repeated_27182,1.0,1,0.8762921602434566,1,0.7101923167396951,0,1
579,0,repeated_27182,2.0,1,0.6139329759274551,1,0.5931566683326527,0,1
580,1,repeated_27182,3.0,0,0.14597952302065162,0,0.2400980817244602,0,0
581,1,repeated_27182,2.0,1,0.8871125331070172,1,0.6755939281272553,0,1
582,1,repeated_27182,4.0,1,0.9789091368546112,1,0.7571854012255772,0,1
583,0,repeated_27182,0.0,0,0.10142484295507297,0,0.16441165202134,0,0
584,0,repeated_27182,4.0,0,0.38188028007710006,0,0.3053566101839,0,0
585,0,repeated_27182,1.0,0,0.16155950672767078,0,0.1317158218738815,0,0
586,1,repeated_27182,1.0,1,0.8959017776865817,1,0.6600373467726817,0,1
587,0,repeated_27182,4.0,0,0.10960837480895032,0,0.2518205038240939,0,0
588,1,repeated_27182,2.0,0,0.3140973477085848,1,0.5446122596001419,0,0
589,0,repeated_27182,0.0,0,0.09827069238111734,0,0.2423013155541492,0,0
590,0,repeated_27182,2.0,0,0.09766643521322259,0,0.149958691381593,0,0
591,0,repeated_27182,4.0,0,0.09137760738511602,0,0.2133265917511409,0,0
592,1,repeated_27182,3.0,1,0.9705942430036465,1,0.683585653170905,0,1
593,0,repeated_27182,1.0,0,0.10140053145855076,0,0.1252466246044339,0,0
594,0,repeated_27182,4.0,1,0.5508964756437171,0,0.3635280017160779,0,1
595,0,repeated_27182,3.0,0,0.10454230091642885,0,0.2320505098493949,0,0
596,0,repeated_27182,2.0,0,0.15349848871495816,0,0.1568957525369696,0,0
597,1,repeated_27182,1.0,1,0.8780093470253331,1,0.50542248264916,0,1
598,0,repeated_27182,2.0,0,0.16734385555382958,0,0.2512975009493835,0,0
599,0,repeated_27182,4.0,0,0.10606451967010144,0,0.2619490022524813,0,0
600,1,repeated_27182,2.0,0,0.4350294377176632,1,0.617111373490472,0,0
601,1,repeated_27182,0.0,1,0.7213098818322801,0,0.4646761132630927,0,1
602,0,repeated_27182,3.0,0,0.08728196141082532,0,0.06874566840107,0,0
603,0,repeated_27182,4.0,0,0.19809436311957332,0,0.3306415815293467,0,0
604,0,repeated_27182,3.0,0,0.11779155063490264,0,0.2480113824832151,0,0
605,1,repeated_27182,4.0,0,0.26241535875574934,1,0.5158143658671567,0,0
606,0,repeated_27182,0.0,0,0.08773568222902736,0,0.1854037385170126,0,0
607,0,repeated_27182,4.0,0,0.10971202780239048,0,0.1163654408781723,0,0
608,1,repeated_27182,3.0,0,0.2998224953180722,0,0.2277518415851958,0,0
609,1,repeated_27182,2.0,1,0.9163590952000232,1,0.6525623643911405,0,1
610,1,repeated_27182,4.0,1,0.9678715060165288,1,0.7733264003257994,0,1
611,0,repeated_27182,1.0,0,0.3770744646728085,0,0.3050423492895087,0,0
612,0,repeated_27182,0.0,0,0.07818184846050724,0,0.1254594494065105,0,0
613,1,repeated_27182,4.0,1,0.5973006130779209,1,0.6436384972077401,0,1
614,0,repeated_27182,0.0,0,0.07426276421996415,0,0.1302579635622755,0,0
615,0,repeated_27182,0.0,0,0.11134589220066622,0,0.1707788489874271,0,0
616,1,repeated_27182,2.0,1,0.7898364724006308,1,0.6547776739572113,0,1
617,0,repeated_27182,1.0,0,0.10597359162219339,0,0.1657893742072078,0,0
618,0,repeated_27182,4.0,0,0.4402515248679403,0,0.4433947466485637,0,0
619,1,repeated_27182,2.0,1,0.9254037732722051,1,0.7640040762967815,0,1
620,0,repeated_27182,4.0,0,0.10834131100795377,0,0.2314815840235777,0,0
621,0,repeated_27182,0.0,0,0.12729392879970144,0,0.3358178515186261,0,0
622,1,repeated_27182,3.0,0,0.33686989535621165,1,0.5296240356152008,0,0
623,1,repeated_27182,0.0,0,0.15165913191177754,0,0.1873529885681943,0,0
624,0,repeated_27182,4.0,0,0.08932020134688468,0,0.1391263218154831,0,0
625,0,repeated_27182,1.0,0,0.10269263841172592,0,0.1129693997014925,0,0
626,0,repeated_27182,4.0,0,0.4296011989223156,0,0.2898530297198357,0,0
627,0,repeated_27182,3.0,0,0.27407651788534576,0,0.2369923146611561,0,0
628,1,repeated_27182,2.0,1,0.9648488893189794,1,0.7138521171888248,0,1
629,0,repeated_27182,2.0,0,0.10912447234391087,0,0.0745912629021488,0,0
630,0,repeated_27182,0.0,0,0.07426276421996415,0,0.1674800599580123,0,0
631,1,repeated_27182,4.0,0,0.2708597233742011,0,0.3634765711644868,0,0
632,0,repeated_27182,2.0,0,0.086080084720866,0,0.2083254180191548,0,0
633,1,repeated_27182,3.0,0,0.46304454595057615,0,0.4902594022565023,0,0
634,0,repeated_27182,1.0,0,0.18797582641864702,0,0.2497730493535323,0,0
635,0,repeated_27182,2.0,0,0.27064311001350394,0,0.2317327959524879,0,0
636,1,repeated_27182,3.0,1,0.8488875248476285,1,0.586089149709011,0,1
637,0,repeated_27182,3.0,0,0.12609260520144994,0,0.2587430361920516,0,0
638,0,repeated_27182,3.0,0,0.11040967515360918,0,0.416599342786458,0,0
639,0,repeated_27182,2.0,0,0.3130610949195166,0,0.4953704003925283,0,0
640,0,repeated_27182,1.0,0,0.21788740076442853,0,0.2491270212512985,0,0
641,0,repeated_27182,2.0,0,0.09355723487038967,0,0.1346612314550375,0,0
642,1,repeated_27182,3.0,1,0.948770740092729,1,0.6318041466297668,0,1
643,0,repeated_27182,4.0,0,0.20895671905047428,0,0.4052951635235228,0,0
644,1,repeated_27182,3.0,0,0.11914464424503997,0,0.2338431490765464,0,0
645,1,repeated_27182,4.0,1,0.6200521471463754,1,0.6380610250005124,0,1
646,1,repeated_27182,1.0,0,0.4009161062394759,0,0.4884148400281295,0,0
647,0,repeated_27182,2.0,0,0.09084992777986393,0,0.1001938951742175,0,0
648,1,repeated_27182,0.0,0,0.45000463544504554,1,0.5485432369767802,0,0
649,0,repeated_27182,1.0,0,0.09558298565435608,0,0.1695987905109676,0,0
650,1,repeated_27182,2.0,1,0.5853687647988944,0,0.4635877691827219,0,1
651,0,repeated_27182,0.0,0,0.10031832955725961,0,0.065059558595533,0,0
652,1,repeated_27182,0.0,1,0.8184868086626663,1,0.7200234741640872,0,1
653,0,repeated_27182,2.0,0,0.09615818140859717,0,0.2153352169021527,0,0
654,1,repeated_27182,4.0,1,0.7049159107317572,1,0.5787340379923568,0,1
655,0,repeated_27182,0.0,1,0.7920085984629612,1,0.6660018282124821,0,1
656,0,repeated_27182,4.0,0,0.12601604345398906,0,0.1837311566436255,0,0
657,0,repeated_27182,2.0,0,0.08749595124305487,0,0.1103738189931028,0,0
658,0,repeated_27182,4.0,0,0.4569180148504594,0,0.3887577710056714,0,0
659,0,repeated_27182,0.0,0,0.05974648360698717,0,0.2775075944283514,0,0
660,0,repeated_27182,1.0,0,0.446264421867628,1,0.5039406172014577,0,0
661,1,repeated_27182,2.0,0,0.3614844887644723,0,0.3176889626577969,0,0
662,0,repeated_27182,0.0,0,0.08946487693046734,0,0.1777707167643732,0,0
663,0,repeated_27182,2.0,0,0.4630012415658937,0,0.4169793657954021,0,0
664,0,repeated_27182,4.0,0,0.09137760738511602,0,0.0644589613689214,0,0
665,1,repeated_27182,1.0,0,0.08360193404997401,0,0.2425488588164567,0,0
666,0,repeated_27182,3.0,0,0.14899429395759764,0,0.215846916407089,0,0
667,0,repeated_27182,2.0,0,0.09687180921755993,0,0.2261091071295078,0,0
668,0,repeated_27182,4.0,0,0.07686054705540328,0,0.1185619172794336,0,0
669,0,repeated_27182,3.0,0,0.11779155063490264,0,0.1272185100401528,0,0
670,1,repeated_27182,1.0,1,0.8991521939387902,1,0.8528995293400541,0,1
671,1,repeated_27182,0.0,1,0.7984027160625894,1,0.6572937495805148,0,1
672,0,repeated_27182,0.0,0,0.37473483958923864,1,0.5027312445445148,0,0
673,0,repeated_27182,0.0,0,0.0692122688145757,0,0.2531961189311015,0,0
674,1,repeated_27182,2.0,0,0.12349890036374152,0,0.1844773653741272,0,0
675,0,repeated_27182,0.0,0,0.0660066737729515,0,0.1880606536244931,0,0
676,0,repeated_27182,2.0,0,0.09084992777986393,0,0.163932614784492,0,0
677,0,repeated_27182,3.0,0,0.09713889238218108,0,0.1950180147016812,0,0
678,1,repeated_27182,3.0,1,0.5196958927356727,0,0.3798834336919876,0,1
679,0,repeated_27182,1.0,0,0.37283031732932803,0,0.3359064327888323,0,0
680,1,repeated_27182,4.0,0,0.4194255166950098,1,0.5312359584788847,0,0
681,0,repeated_27182,4.0,1,0.6725135411738784,1,0.6134729873382061,0,1
682,1,repeated_27182,4.0,0,0.4646244743767678,1,0.5931027019833199,0,0
683,0,repeated_27182,2.0,0,0.09615818140859717,0,0.1426729161400152,0,0
684,0,repeated_27182,4.0,0,0.18084976123888333,0,0.1216799299307244,0,0
685,0,repeated_27182,2.0,0,0.1399583650637522,0,0.3213951934466666,0,0
686,0,repeated_27182,2.0,0,0.3153660542220742,0,0.3367498240297923,0,0
687,0,repeated_27182,2.0,0,0.21877976708955962,0,0.1231498161670371,0,0
688,0,repeated_27182,4.0,0,0.12048103932484763,0,0.1637367810265215,0,0
689,0,repeated_27182,3.0,0,0.0920857446747253,0,0.2303817290165109,0,0
690,1,repeated_27182,1.0,1,0.9158649888345904,1,0.7787785851005743,0,1
691,1,repeated_27182,3.0,0,0.3024847114401204,1,0.6177750483086248,0,0
692,1,repeated_27182,2.0,1,0.5763365024517433,0,0.33125137330791,0,1
693,1,repeated_27182,3.0,0,0.11914464424503997,0,0.216145289939911,0,0
694,0,repeated_27182,0.0,0,0.09714806820481173,0,0.2065346509971204,0,0
695,0,repeated_27182,4.0,0,0.2948965569594903,0,0.3235012414156272,0,0
696,0,repeated_27182,3.0,0,0.12980010269194825,0,0.3210287945901979,0,0
697,0,repeated_27182,1.0,0,0.12704482769175207,0,0.1786918977735726,0,0
698,1,repeated_27182,2.0,1,0.7081156978718091,1,0.7151083920552542,0,1
699,0,repeated_27182,0.0,0,0.37988958270779327,0,0.4498357653530192,0,0
700,0,repeated_27182,0.0,0,0.15760466799154338,0,0.2750661831547935,0,0
701,1,repeated_27182,3.0,1,0.858585733044265,1,0.7256436454622696,0,1
702,1,repeated_27182,2.0,0,0.49746367356682225,1,0.5430062834738363,0,0
703,0,repeated_27182,0.0,1,0.5096253606163854,1,0.6034416353306822,0,1
704,0,repeated_27182,2.0,0,0.060073895752923365,0,0.1578650664820843,0,0
705,0,repeated_27182,1.0,0,0.06736173323642569,0,0.1448067653258826,0,0
706,0,repeated_27182,2.0,0,0.13240379871287442,0,0.4277006318874623,0,0
707,1,repeated_27182,1.0,1,0.8691764584195717,1,0.7634040596475465,0,1
708,1,repeated_27182,1.0,0,0.4537059218228133,0,0.4840170364945924,0,0
709,1,repeated_27182,1.0,1,0.7927979905462832,1,0.6685608180991701,0,1
710,1,repeated_27182,1.0,0,0.46570595244916585,1,0.5177524848500739,0,0
711,1,repeated_27182,3.0,1,0.907449652785043,1,0.8307295761674481,0,1
712,0,repeated_27182,3.0,0,0.3331527534936981,1,0.5203652885668755,0,0
713,1,repeated_27182,3.0,0,0.2659560255932856,1,0.5826011683361273,0,0
714,0,repeated_27182,2.0,0,0.14759988083158312,0,0.1702070414580167,0,0
715,0,repeated_27182,3.0,0,0.12595724024320848,0,0.3319226033980358,0,0
716,0,repeated_27182,4.0,0,0.20027331095485548,0,0.2526153534433124,0,0
717,1,repeated_27182,0.0,1,0.9385149021874428,1,0.7882585321481759,0,1
718,1,repeated_27182,4.0,1,0.8445193065671545,1,0.7899470693240876,0,1
719,0,repeated_27182,1.0,0,0.12205224536922689,0,0.2097343553350752,0,0
720,0,repeated_27182,1.0,0,0.11252470306685268,0,0.1268742385527596,0,0
721,1,repeated_27182,1.0,1,0.8268203151006448,1,0.6353384809876895,0,1
722,0,repeated_27182,4.0,0,0.12653638333694275,0,0.2271972282517095,0,0
723,0,repeated_27182,2.0,0,0.12349890036374152,0,0.2024965843098995,0,0
724,0,repeated_27182,1.0,0,0.12496257799944423,0,0.2170954300527619,0,0
725,1,repeated_27182,1.0,0,0.4134102334956893,0,0.4215469979623761,0,0
726,0,repeated_27182,4.0,0,0.12048103932484763,0,0.1384722529236597,0,0
727,1,repeated_27182,0.0,1,0.6864350100620521,0,0.3525408690913635,0,1
728,1,repeated_27182,2.0,1,0.7081156978718091,1,0.6195360301407163,0,1
729,0,repeated_27182,1.0,0,0.08672172914665413,0,0.2418211695063405,0,0
730,0,repeated_27182,2.0,1,0.522473789727328,1,0.6572515025573815,0,1
731,1,repeated_27182,2.0,1,0.967524129252297,1,0.7447339553810925,0,1
732,0,repeated_27182,4.0,0,0.2499318609942703,0,0.2132377047924237,0,0
733,0,repeated_27182,3.0,0,0.12117302385892609,0,0.1593764120145896,0,0
734,0,repeated_27182,1.0,0,0.10440734633681285,0,0.191943615721181,0,0
735,0,repeated_27182,2.0,0,0.09687180921755993,0,0.2417723260555936,0,0
736,0,repeated_27182,2.0,0,0.13066292755874068,0,0.2330789229634099,0,0
737,0,repeated_27182,4.0,0,0.2672540655063712,0,0.442877200405435,0,0
738,1,repeated_27182,3.0,0,0.3449901411460442,0,0.4912270572004118,0,0
739,0,repeated_27182,0.0,0,0.10031832955725961,0,0.090575905499304,0,0
740,0,repeated_27182,0.0,0,0.10031832955725961,0,0.0856939501391972,0,0
741,1,repeated_27182,3.0,0,0.38924695834224676,0,0.3060841810826316,0,0
742,0,repeated_27182,1.0,0,0.372483083254724,0,0.4276535603808192,0,0
743,1,repeated_27182,3.0,1,0.7720628295087124,1,0.7139410505381145,0,1
744,0,repeated_27182,1.0,0,0.08246331517920019,0,0.2143935622115402,0,0
745,1,repeated_27182,1.0,0,0.1257271245881172,0,0.2344858844443947,0,0
746,0,repeated_27182,3.0,1,0.5530561292356632,0,0.4113276076439335,0,1
747,0,repeated_27182,4.0,0,0.2409435491156118,0,0.2442332027063118,0,0
748,1,repeated_27182,2.0,1,0.8525154840479053,1,0.5256453870937127,0,1
749,0,repeated_27182,4.0,0,0.4854192425647438,1,0.5031023748904394,0,0
750,0,repeated_27182,0.0,0,0.08713001599601047,0,0.1815057631793228,0,0
751,1,repeated_27182,1.0,1,0.9303094773631595,1,0.5312378450567137,0,1
752,1,repeated_27182,0.0,1,0.5982758673558294,1,0.6958225548030588,0,1
753,0,repeated_27182,4.0,0,0.14639963904319056,0,0.1309841516267486,0,0
754,0,repeated_27182,1.0,0,0.09426049420203192,0,0.0885859362943633,0,0
755,1,repeated_27182,0.0,1,0.7543994040263123,1,0.6169735442940047,0,1
756,1,repeated_27182,1.0,1,0.5475594948983212,0,0.4521531138412284,0,1
757,0,repeated_27182,1.0,0,0.11424380647399812,0,0.1859514927049705,0,0
758,0,repeated_27182,3.0,0,0.10619222139889876,0,0.3448872636416575,0,0
759,0,repeated_27182,4.0,0,0.1205720665036225,0,0.2726504528175539,0,0
760,1,repeated_27182,2.0,1,0.9736855588617466,1,0.7741827415543959,0,1
761,0,repeated_27182,1.0,0,0.09655135642479869,0,0.1271773841624974,0,0
762,0,repeated_27182,3.0,0,0.09203549331213634,0,0.204564028194581,0,0
763,1,repeated_27182,2.0,0,0.12368871601187942,0,0.3051426519242985,0,0
764,1,repeated_27182,0.0,1,0.9236146952864402,1,0.7658161032496353,0,1
765,0,repeated_27182,4.0,0,0.13075324747795197,0,0.1197801314166583,0,0
766,1,repeated_27182,2.0,1,0.9758419482288746,1,0.6325872511421269,0,1
767,0,repeated_27182,3.0,0,0.37231835757866566,0,0.2773310434388223,0,0
768,0,repeated_27182,2.0,1,0.676102932089516,1,0.5463163883782663,0,1
769,0,repeated_27182,0.0,0,0.1260273197920421,0,0.2201471939531536,0,0
770,0,repeated_27182,0.0,0,0.1315123667588199,0,0.1964864954590492,0,0
771,0,repeated_27182,1.0,0,0.10164264156157952,0,0.1601186782146401,0,0
772,0,repeated_27182,4.0,0,0.09416231672081858,0,0.2512440617519521,0,0
773,0,repeated_27182,2.0,1,0.8915325677297125,1,0.8268064768564578,0,1
774,0,repeated_27182,1.0,0,0.14546518898621005,0,0.1871483323804326,0,0
775,1,repeated_27182,0.0,1,0.6668025884055827,1,0.7804152999157027,0,1
776,0,repeated_27182,3.0,0,0.09123540195040601,0,0.2296018455479989,0,0
777,0,repeated_27182,4.0,0,0.1962671967017824,0,0.3430499667923996,0,0
778,1,repeated_27182,1.0,1,0.6021215584429593,0,0.4374208998867874,0,1
779,0,repeated_27182,0.0,0,0.07426276421996415,0,0.1448326849750407,0,0
780,1,repeated_27182,2.0,1,0.9635379299570259,1,0.7168905976079797,0,1
781,1,repeated_27182,1.0,1,0.6847394568028033,0,0.4693919727820099,0,1
782,1,repeated_27182,3.0,1,0.9405470459095783,1,0.8438489145582286,0,1
783,0,repeated_27182,3.0,0,0.46071135743122177,0,0.4743350661659364,0,0
784,0,repeated_27182,4.0,0,0.14651631333358578,0,0.0996311928687041,0,0
785,0,repeated_27182,1.0,0,0.09558298565435608,0,0.1296344565745747,0,0
786,0,repeated_27182,3.0,0,0.09496436051305178,0,0.2214550035821182,0,0
787,1,repeated_27182,1.0,1,0.5354394474827476,0,0.4942428074941176,0,1
788,0,repeated_27182,4.0,0,0.17658240578763848,0,0.2898140427075943,0,0
789,1,repeated_27182,1.0,0,0.4976473826435776,1,0.5029061155800946,0,0
790,0,repeated_27182,0.0,0,0.34417709537843016,0,0.4055693550019992,0,0
791,0,repeated_27182,1.0,0,0.10695917129707945,0,0.3177996760517407,0,0
792,0,repeated_27182,2.0,0,0.1434051576447858,0,0.1296022117724714,0,0
793,0,repeated_27182,0.0,0,0.26777657008263844,0,0.4328374052265595,0,0
794,0,repeated_27182,4.0,0,0.2716017765148364,0,0.3703004780102717,0,0
795,0,repeated_27182,4.0,0,0.07686054705540328,0,0.1316150562524122,0,0
796,0,repeated_27182,3.0,0,0.12740569251205247,0,0.1941043490021589,0,0
797,1,repeated_27182,4.0,1,0.7047421151753519,1,0.6772216663154169,0,1
798,1,repeated_27182,3.0,0,0.46529600591975373,0,0.3367052202274461,0,0
799,0,repeated_27182,0.0,0,0.10538491931169591,0,0.2528790679097383,0,0
800,0,repeated_27182,4.0,0,0.4413616792265125,0,0.4939940696262029,0,0
801,0,repeated_27182,2.0,0,0.10733601566212672,0,0.2119439483851663,0,0
802,1,repeated_27182,2.0,1,0.909624856881901,1,0.6030775024857052,0,1
803,1,repeated_27182,2.0,1,0.6609907261502366,1,0.6887134591553818,0,1
804,1,repeated_27182,0.0,1,0.6222236853222367,0,0.4165554386134225,0,1
805,1,repeated_27182,2.0,0,0.10527934759148534,0,0.1428358685121091,0,0
806,0,repeated_27182,2.0,0,0.12299766489972695,0,0.1653202383250548,0,0
807,0,repeated_27182,3.0,0,0.2663909825254955,0,0.3272476199716905,0,0
808,0,repeated_27182,2.0,1,0.6155027237715115,0,0.4283324696934329,0,1
809,0,repeated_27182,4.0,0,0.11576039733777314,0,0.2973877143640169,0,0
810,1,repeated_27182,1.0,1,0.9633472029884871,1,0.7733298731251229,0,1
811,0,repeated_27182,2.0,0,0.10912447234391087,0,0.1802577611291423,0,0
812,0,repeated_27182,3.0,0,0.15400506567677294,0,0.1143998826132736,0,0
813,0,repeated_27182,1.0,0,0.11660933830501669,0,0.1340583114445986,0,0
814,0,repeated_27182,4.0,0,0.24329083675614285,0,0.2461553703293873,0,0
815,0,repeated_27182,2.0,0,0.14626301855639,0,0.1679526592836066,0,0
816,0,repeated_27182,2.0,0,0.23586175455865518,0,0.3670692102950987,0,0
817,0,repeated_27182,1.0,0,0.49105830907957304,1,0.6212335140794418,0,0
818,0,repeated_27182,2.0,0,0.298331549615564,0,0.4625813288680109,0,0
819,0,repeated_27182,3.0,0,0.09203549331213634,0,0.2752564285665264,0,0
820,0,repeated_27182,1.0,0,0.2762226245691041,0,0.2739347824402863,0,0
821,1,repeated_27182,3.0,1,0.9344817371449889,1,0.7654035832227093,0,1
822,1,repeated_27182,1.0,0,0.12232665930382007,0,0.1180419670170427,0,0
823,0,repeated_27182,0.0,0,0.2926912941390867,0,0.2746226044762496,0,0
824,1,repeated_27182,3.0,1,0.5517757911524168,1,0.725641874504548,0,1
825,0,repeated_27182,1.0,0,0.2682771868094139,0,0.2100844020441337,0,0
826,0,repeated_27182,3.0,0,0.09773925824569189,0,0.1593393438783994,0,0
827,0,repeated_27182,2.0,0,0.2508850522625419,0,0.4882031535439696,0,0
828,1,repeated_27182,1.0,1,0.508657677606447,0,0.3935068247138334,0,1
829,1,repeated_27182,2.0,0,0.060073895752923365,0,0.2225302311820507,0,0
830,1,repeated_27182,1.0,1,0.9363433332284619,1,0.7942665998887173,0,1
831,1,repeated_27182,4.0,0,0.44060133963142106,1,0.5285948014410964,0,0
832,1,repeated_27182,0.0,1,0.6956993479143575,1,0.560167820805532,0,1
833,0,repeated_27182,2.0,0,0.11821301352771686,0,0.1550700693878242,0,0
834,0,repeated_27182,0.0,0,0.10031832955725961,0,0.1315861567354094,0,0
835,0,repeated_27182,0.0,0,0.09284569004515876,0,0.185902020298625,0,0
836,1,repeated_27182,3.0,1,0.9822305992965611,1,0.7440332239165841,0,1
837,0,repeated_27182,3.0,0,0.09857035364433822,0,0.0937978290315646,0,0
838,0,repeated_27182,3.0,0,0.09713889238218108,0,0.1678007582219036,0,0
839,1,repeated_27182,4.0,0,0.2620269007632523,0,0.3344356142123488,0,0
840,1,repeated_27182,4.0,0,0.32080072845543955,1,0.5457203733600858,0,0
841,0,repeated_27182,0.0,0,0.10008630165194174,0,0.2048652480849931,0,0
842,0,repeated_27182,2.0,0,0.1292899190003712,0,0.1801404358715345,0,0
843,1,repeated_27182,4.0,1,0.816464332343622,1,0.5299584821093432,0,1
844,0,repeated_27182,3.0,0,0.11938300352203712,0,0.2681498527434139,0,0
845,0,repeated_27182,4.0,0,0.12048103932484763,0,0.1395071822003429,0,0
846,0,repeated_27182,1.0,0,0.10140053145855076,0,0.2363267151195335,0,0
847,0,repeated_27182,1.0,0,0.21178803396915344,0,0.1243863114983024,0,0
848,0,repeated_27182,4.0,0,0.11536310508976698,0,0.072217907183112,0,0
849,0,repeated_27182,4.0,0,0.40151723794515515,0,0.400801904102086,0,0
850,1,repeated_27182,1.0,1,0.9225493910111479,1,0.760810326776223,0,1
851,0,repeated_27182,4.0,0,0.24224978655033663,0,0.2694407389273862,0,0
852,0,repeated_27182,0.0,0,0.10966644676488597,0,0.0749464423646232,0,0
853,0,repeated_27182,1.0,1,0.6555210119538661,0,0.3835676545196613,0,1
854,1,repeated_27182,0.0,1,0.9691011316496309,1,0.7639620639644364,0,1
855,0,repeated_27182,2.0,1,0.9013169183335106,1,0.6436303029672716,0,1
856,1,repeated_27182,3.0,0,0.4946956225883474,0,0.4921973879925649,0,0
857,1,repeated_27182,2.0,1,0.9193380522017891,1,0.6106355451759742,0,1
858,1,repeated_27182,0.0,0,0.4706003648676608,0,0.4401577036495251,0,0
859,1,repeated_27182,4.0,1,0.5867256487779124,1,0.594402896754355,0,1
860,0,repeated_27182,4.0,0,0.1071286728169691,0,0.1275262096278203,0,0
861,0,repeated_27182,1.0,0,0.08311413145289259,0,0.141181064919298,0,0
862,0,repeated_27182,0.0,0,0.1026316735799434,0,0.1963196717473321,0,0
863,1,repeated_27182,2.0,1,0.93501446459201,1,0.7944351216454384,0,1
864,0,repeated_27182,0.0,0,0.26777657008263844,0,0.420028995056509,0,0
865,0,repeated_27182,4.0,0,0.09416639838585358,0,0.1188678969650478,0,0
866,1,repeated_27182,1.0,1,0.8669923622168969,1,0.5636904868755162,0,1
867,1,repeated_27182,1.0,1,0.8779545467652593,1,0.5736868631291898,0,1
868,0,repeated_27182,1.0,0,0.3712859216664547,0,0.3431556865614382,0,0
869,0,repeated_27182,1.0,0,0.10164264156157952,0,0.1484275525351945,0,0
870,1,repeated_27182,1.0,1,0.5364460245128146,0,0.4255388235029386,0,1
871,0,repeated_27182,2.0,0,0.10912447234391087,0,0.1133827856274977,0,0
872,1,repeated_27182,3.0,1,0.9433583554642664,1,0.7796185254148579,0,1
873,0,repeated_27182,4.0,0,0.3019772131212804,0,0.3567764153394267,0,0
874,0,repeated_27182,1.0,0,0.12311435646080078,0,0.1186236802376562,0,0
875,1,repeated_27182,0.0,1,0.7160809450392304,0,0.477321776634855,0,1
876,1,repeated_27182,4.0,1,0.6478190974587547,1,0.7460559575575937,0,1
877,0,repeated_27182,1.0,0,0.11991635146348299,0,0.1223095057152299,0,0
878,0,repeated_27182,1.0,0,0.10075822601044492,0,0.0777444919158768,0,0
879,0,repeated_27182,1.0,0,0.09426049420203192,0,0.0788928089304675,0,0
880,1,repeated_27182,0.0,1,0.9783569485651411,1,0.6975062202962506,0,1
881,1,repeated_27182,3.0,1,0.9142535640856028,1,0.6418583691285539,0,1
882,0,repeated_27182,4.0,0,0.10971202780239048,0,0.1007129503049228,0,0
883,0,repeated_27182,3.0,1,0.5595845610542574,1,0.5125082343558366,0,1
884,0,repeated_27182,4.0,0,0.12176722453328123,0,0.213550718426095,0,0
885,0,repeated_27182,0.0,0,0.07818184846050724,0,0.155983066053309,0,0
886,0,repeated_27182,0.0,0,0.29748522884144496,0,0.4645832809204949,0,0
887,0,repeated_27182,1.0,0,0.21553450327468118,0,0.2236457919474254,0,0
888,1,repeated_27182,3.0,1,0.8802682848690969,1,0.6598766600148641,0,1
889,0,repeated_27182,2.0,1,0.5619346726448925,1,0.6424001995819375,0,1
890,1,repeated_27182,0.0,0,0.4259227536131981,1,0.5652696163299882,0,0
891,0,repeated_27182,2.0,0,0.09326971909180505,0,0.2329623529986527,0,0
1,0,group_42,3.0,0,0.09577605597368695,0,0.1817854609069648,0,0
2,1,group_42,4.0,1,0.9862044032393537,1,0.7296791662261867,0,1
3,1,group_42,1.0,0,0.4269464919586916,1,0.5294619446358956,0,0
4,1,group_42,1.0,1,0.9525432605577004,1,0.7729490395408317,0,1
5,0,group_42,2.0,0,0.13902943687667435,0,0.1124206803263212,0,0
6,0,group_42,2.0,0,0.10993491190793306,0,0.1876357571385077,0,0
7,0,group_42,1.0,0,0.4058707958178352,1,0.5558842731218397,0,0
8,0,group_42,3.0,0,0.2316594644643271,0,0.2380514858128319,0,0
9,1,group_42,3.0,1,0.5057498544177631,1,0.6124317291995756,0,1
10,1,group_42,0.0,1,0.8856826973874408,1,0.6814669152813355,0,1
11,1,group_42,1.0,1,0.7144354749394111,1,0.542908861051485,0,1
12,1,group_42,3.0,1,0.8742540217843292,1,0.8379869778083479,0,1
13,0,group_42,2.0,0,0.10396620253435697,0,0.1193084779646873,0,0
14,0,group_42,3.0,0,0.19719797247263293,0,0.230871810997505,0,0
15,0,group_42,3.0,1,0.640138454008819,0,0.4511055414996534,0,1
16,1,group_42,3.0,1,0.8471406145636755,1,0.6741132266787839,0,1
17,0,group_42,2.0,0,0.2204444730756624,1,0.6041883529287176,0,0
18,1,group_42,3.0,0,0.10980936936333473,0,0.2970403816260474,0,0
19,0,group_42,2.0,1,0.5958805846128336,0,0.458286292436203,0,1
20,1,group_42,1.0,1,0.6065360468705073,1,0.6324010337175018,0,1
21,0,group_42,0.0,0,0.11274534547036973,0,0.1686737834721949,0,0
22,1,group_42,4.0,0,0.3202800726104375,1,0.5190439374450944,0,0
23,1,group_42,2.0,1,0.688401903427902,1,0.6655393487587964,0,1
24,1,group_42,2.0,0,0.3581999487939066,0,0.3371569317567789,0,0
25,0,group_42,3.0,0,0.30364506810450476,0,0.3765794731595668,0,0
26,1,group_42,2.0,0,0.22953010092461856,0,0.4267701297933626,0,0
27,0,group_42,0.0,0,0.11603737190964263,0,0.2116502945575222,0,0
28,0,group_42,1.0,0,0.28951227066869045,0,0.3289070083732164,0,0
29,1,group_42,3.0,1,0.7252476273064222,1,0.637567634590246,0,1
30,0,group_42,4.0,0,0.08286667934094154,0,0.0905775231496286,0,0
31,0,group_42,2.0,0,0.3817193503473904,0,0.4279817021863564,0,0
32,1,group_42,2.0,1,0.9769341349730729,1,0.8569352179456556,0,1
33,1,group_42,1.0,1,0.681935804237178,1,0.5903788419399966,0,1
34,0,group_42,0.0,0,0.11711804401589164,0,0.229490349471957,0,0
35,0,group_42,1.0,0,0.26261244235215353,0,0.3036846489407549,0,0
36,0,group_42,2.0,0,0.2140970708570889,0,0.3093312178437581,0,0
37,1,group_42,3.0,0,0.11127929209529747,0,0.2639162226904981,0,0
38,0,group_42,0.0,0,0.11583532948620139,0,0.1877594371426463,0,0
39,0,group_42,2.0,1,0.5925979324774054,0,0.2859634144927412,0,1
40,1,group_42,2.0,1,0.6385407035627232,0,0.4922990967628391,0,1
41,0,group_42,3.0,0,0.4869670508667387,1,0.6194239044296825,0,0
42,0,group_42,0.0,1,0.8858464597416827,1,0.6471426441426587,0,1
43,0,group_42,3.0,0,0.12406819608253952,0,0.0840509231963767,0,0
44,1,group_42,3.0,1,0.9282565577145547,1,0.598235572838404,0,1
45,1,group_42,0.0,1,0.6832706895936753,1,0.7058273401404295,0,1
46,0,group_42,3.0,0,0.10853340885782581,0,0.1776656718799045,0,0
47,0,group_42,1.0,0,0.10710200992558595,0,0.1501988285879335,0,0
48,1,group_42,3.0,1,0.7215085204323135,1,0.5480540177039266,0,1
49,0,group_42,0.0,0,0.1764792625942199,0,0.1829890538138983,0,0
50,0,group_42,3.0,1,0.5806506871870176,1,0.5112077134285534,0,1
51,0,group_42,1.0,0,0.2010697822015379,0,0.4960092730549184,0,0
52,0,group_42,0.0,0,0.08686510644986492,0,0.1610503339629277,0,0
53,1,group_42,4.0,1,0.9740581496232461,1,0.7733687240371252,0,1
54,1,group_42,4.0,1,0.8477029517359013,1,0.803243058419912,0,1
55,0,group_42,2.0,0,0.4142677004794423,0,0.4219762491676133,0,0
56,1,group_42,3.0,0,0.298819008588803,0,0.3986542230511796,0,0
57,1,group_42,2.0,1,0.8121076871279057,0,0.4914468089594928,0,1
58,0,group_42,3.0,0,0.13582438751217088,0,0.236903500021756,0,0
59,1,group_42,3.0,1,0.9235983028365794,1,0.5449525614524894,0,1
60,0,group_42,2.0,0,0.2128864234399843,0,0.3666203519017216,0,0
61,0,group_42,4.0,0,0.1396231010962651,0,0.1994396525278798,0,0
62,1,group_42,3.0,1,0.9526641947369824,1,0.78734678872798,0,1
63,0,group_42,0.0,0,0.3100982864618992,0,0.2903296679007659,0,0
64,0,group_42,4.0,0,0.1930515571587205,0,0.338751525053979,0,0
65,0,group_42,3.0,0,0.2619945883795676,0,0.3325598756441675,0,0
66,1,group_42,0.0,1,0.5246119526791478,0,0.4436999754020221,0,1
67,1,group_42,2.0,1,0.8769021025031715,1,0.7980526560060507,0,1
68,0,group_42,1.0,0,0.08865036209947329,0,0.1223251086619748,0,0
69,1,group_42,3.0,0,0.49968391706355253,1,0.5691665362809037,0,0
70,0,group_42,1.0,0,0.08628106078297247,0,0.2109342639616549,0,0
71,0,group_42,2.0,0,0.11027430698554917,0,0.2484209970564015,0,0
72,0,group_42,2.0,0,0.16353281996514632,0,0.4857096459912391,0,0
73,0,group_42,1.0,0,0.22666050816415115,0,0.2581353371339214,0,0
74,0,group_42,4.0,0,0.18918083802641064,0,0.2708756039052865,0,0
75,1,group_42,2.0,0,0.07418790361299528,0,0.1823100077298347,0,0
76,0,group_42,3.0,0,0.17737725269538812,0,0.1917599959561077,0,0
77,0,group_42,2.0,0,0.09609255353843134,0,0.1117413990416931,0,0
78,0,group_42,2.0,0,0.10763466612833518,0,0.2193817325873961,0,0
79,1,group_42,2.0,1,0.5925007985682519,0,0.398260641816744,0,1
80,1,group_42,4.0,1,0.5102378520771117,1,0.6710222845051796,0,1
81,0,group_42,3.0,0,0.10642650953842232,0,0.1997254828938155,0,0
82,1,group_42,0.0,0,0.13043128567359974,0,0.1339283849590812,0,0
83,1,group_42,1.0,1,0.6788673213388056,1,0.5848810831876287,0,1
84,0,group_42,3.0,0,0.28017603891498244,0,0.2205604681192986,0,0
85,1,group_42,2.0,1,0.8121076871279057,1,0.5917829963296648,0,1
86,1,group_42,3.0,1,0.5097509181513002,0,0.4308450626753572,0,1
87,0,group_42,0.0,0,0.1492469671469574,0,0.1763584891244299,0,0
88,0,group_42,2.0,0,0.10763466612833518,0,0.2461624837167203,0,0
89,1,group_42,1.0,1,0.7028317109345869,1,0.6623213197701334,0,1
90,0,group_42,2.0,0,0.10763466612833518,0,0.1437135473692585,0,0
91,0,group_42,1.0,0,0.14269781029128462,0,0.1943069101320638,0,0
92,0,group_42,2.0,0,0.0920308494406995,0,0.1199389936534673,0,0
93,0,group_42,4.0,0,0.43684188110023964,0,0.3839523678748307,0,0
94,0,group_42,2.0,0,0.09435844698575727,0,0.3427413459573553,0,0
95,0,group_42,4.0,0,0.06762849462563557,0,0.094435068717837,0,0
96,0,group_42,0.0,0,0.1075409073076634,0,0.2139361197310401,0,0
97,0,group_42,0.0,0,0.2252591064749518,0,0.443478796265399,0,0
98,1,group_42,3.0,0,0.40712658742448715,1,0.5287121602256168,0,0
99,1,group_42,4.0,1,0.8402383112589655,1,0.643661712967138,0,1
100,0,group_42,0.0,0,0.12146301189013312,0,0.2047652737451565,0,0
101,0,group_42,1.0,0,0.45741425997936214,0,0.3372576325447532,0,0
102,0,group_42,0.0,0,0.08340699861316593,0,0.1152806577447059,0,0
103,0,group_42,4.0,1,0.5107129205175744,0,0.3503832214844448,0,1
104,0,group_42,3.0,0,0.14096799156283962,0,0.251378810836516,0,0
105,0,group_42,3.0,0,0.09505915523047266,0,0.1767047549507634,0,0
106,0,group_42,2.0,0,0.13528604103766684,0,0.0905045130906466,0,0
107,1,group_42,1.0,1,0.5401586535960343,0,0.4552343068142699,0,1
108,1,group_42,0.0,0,0.08340699861316593,0,0.1379410450114356,0,0
109,0,group_42,2.0,0,0.11567887350894386,0,0.0793475258005465,0,0
110,1,group_42,3.0,1,0.5994289750783133,1,0.5743358607825401,0,1
111,0,group_42,2.0,0,0.29574983796465687,1,0.5189050055082487,0,0
112,0,group_42,3.0,1,0.7518811752114829,1,0.6429487750284459,0,1
113,0,group_42,0.0,0,0.10549002205810677,0,0.0968815303804634,0,0
114,0,group_42,1.0,1,0.5368019777175487,1,0.5954561661533345,0,1
115,0,group_42,2.0,1,0.6262402263062139,1,0.5559026138160018,0,1
116,0,group_42,1.0,0,0.09413916760271886,0,0.3182470291045166,0,0
117,0,group_42,4.0,0,0.04451405102403023,0,0.1490972199808132,0,0
118,0,group_42,0.0,0,0.1114199649711058,0,0.3197268330151914,0,0
119,0,group_42,4.0,0,0.4726827265850935,1,0.6064234634883016,0,0
120,0,group_42,3.0,0,0.31575119140125185,1,0.605913727690551,0,0
121,0,group_42,1.0,0,0.1677109920874383,0,0.2263268537233052,0,0
122,0,group_42,0.0,0,0.1075409073076634,0,0.1613167045280669,0,0
123,0,group_42,0.0,0,0.13970462899349181,0,0.2379545197613445,0,0
124,1,group_42,2.0,1,0.9098152115889224,1,0.8118145586928897,0,1
125,0,group_42,4.0,0,0.4116720969907375,0,0.3221701118768092,0,0
126,1,group_42,2.0,1,0.575810590168958,0,0.4659377866036773,0,1
127,0,group_42,0.0,0,0.0961863230155717,0,0.1837117543372709,0,0
128,1,group_42,4.0,0,0.07343788972120072,0,0.2411711032781893,0,0
129,1,group_42,4.0,1,0.7410278962772953,1,0.6982969941339434,0,1
130,0,group_42,4.0,0,0.06964354775274209,0,0.1047159185422944,0,0
131,0,group_42,1.0,0,0.15417318892951543,0,0.1195542156421516,0,0
132,0,group_42,4.0,0,0.09983055915652829,0,0.1621390146781769,0,0
133,0,group_42,4.0,1,0.5045043028091865,0,0.4660324265490245,0,1
134,1,group_42,0.0,1,0.8741561408813913,1,0.5644371343592266,0,1
135,0,group_42,4.0,0,0.08985885497265664,0,0.230493145320609,0,0
136,0,group_42,0.0,0,0.1409648849097696,0,0.2391852739508167,0,0
137,1,group_42,0.0,1,0.904327832769642,1,0.7591521782225323,0,1
138,0,group_42,1.0,0,0.2922347835748867,0,0.4284274948644692,0,0
139,0,group_42,0.0,0,0.14266433877758417,0,0.1468937559336476,0,0
140,0,group_42,2.0,0,0.46442186581701134,0,0.4223270466296759,0,0
141,0,group_42,4.0,1,0.6747885838553611,1,0.5129971437935116,0,1
142,1,group_42,2.0,1,0.5253186158610584,0,0.3822621674763684,0,1
143,1,group_42,3.0,1,0.5543308648898565,1,0.5413140658148959,0,1
144,0,group_42,4.0,0,0.08385776888493317,0,0.1446827135749393,0,0
145,0,group_42,3.0,0,0.09991087783009966,0,0.2762100364443387,0,0
146,0,group_42,4.0,0,0.17755431638838753,0,0.2424794680200669,0,0
147,1,group_42,3.0,0,0.12145821256286467,0,0.2740631021377972,0,0
148,0,group_42,0.0,0,0.34971100617868406,0,0.4722862100098659,0,0
149,0,group_42,2.0,0,0.2307229986108306,1,0.5396368952745132,0,0
150,0,group_42,0.0,0,0.2196891976292695,0,0.3026338312457015,0,0
151,0,group_42,0.0,0,0.21841156969813924,0,0.2474878392412044,0,0
152,1,group_42,3.0,1,0.9803716390557208,1,0.7730087301124442,0,1
153,0,group_42,1.0,0,0.12273253289801254,0,0.1756458428957447,0,0
154,0,group_42,1.0,0,0.09788069709020861,0,0.154094698747571,0,0
155,0,group_42,4.0,0,0.0700784172317335,0,0.2091050686338938,0,0
156,0,group_42,3.0,0,0.23426946434861018,0,0.3006824778391945,0,0
157,1,group_42,2.0,1,0.7080670179957388,1,0.5665043580128295,0,1
158,0,group_42,1.0,0,0.14236442237610789,0,0.1595442854708854,0,0
159,0,group_42,0.0,0,0.10399744872553911,0,0.140227705503984,0,0
160,0,group_42,0.0,0,0.2915444852691852,0,0.3984636173501586,0,0
161,0,group_42,1.0,0,0.07780053880769,0,0.1501979537134575,0,0
162,1,group_42,1.0,1,0.868814197516601,1,0.6632005655487273,0,1
163,0,group_42,0.0,0,0.09186023411961254,0,0.143349461422914,0,0
164,0,group_42,3.0,0,0.1119428653204409,0,0.1443225918336783,0,0
165,0,group_42,1.0,0,0.2010697822015379,0,0.4693016807989772,0,0
166,1,group_42,3.0,1,0.6804431034709788,0,0.3407403395668209,0,1
167,1,group_42,1.0,1,0.9714577904866849,1,0.7761831616826432,0,1
168,0,group_42,4.0,0,0.26356843567954,1,0.5197233151211137,0,0
169,0,group_42,0.0,0,0.27756482199273563,0,0.2742572796163635,0,0
170,0,group_42,2.0,0,0.07671482839891641,0,0.1880231952202552,0,0
171,0,group_42,2.0,0,0.3145698395353109,0,0.3785431291650833,0,0
172,0,group_42,2.0,0,0.2204444730756624,0,0.3736797568443362,0,0
173,1,group_42,3.0,1,0.6043880076191249,0,0.3678792999202673,0,1
174,0,group_42,0.0,0,0.11583532948620139,0,0.3004988181390539,0,0
175,0,group_42,4.0,0,0.3240412546576471,0,0.4320135524402858,0,0
176,0,group_42,4.0,0,0.17910056263673585,0,0.1439890979458441,0,0
177,0,group_42,4.0,0,0.19867915133896794,0,0.3839255709302863,0,0
178,0,group_42,4.0,1,0.9446196414435403,1,0.8218764745520505,0,1
179,0,group_42,0.0,0,0.13612238219066589,0,0.2183975071510481,0,0
180,0,group_42,4.0,0,0.10241493769709607,0,0.2458351023884181,0,0
181,0,group_42,0.0,0,0.36064033514038146,1,0.5205106879930401,0,0
182,0,group_42,4.0,0,0.16582843885260326,0,0.2956882741647217,0,0
183,0,group_42,2.0,0,0.21415831099048172,0,0.3900961551504124,0,0
184,1,group_42,4.0,1,0.6239539246442645,1,0.6065459016131383,0,1
185,1,group_42,2.0,1,0.6240252827316982,1,0.5291862090353577,0,1
186,0,group_42,1.0,0,0.284778401669248,0,0.378576507941562,0,0
187,1,group_42,1.0,1,0.5961752704815946,0,0.4694288665552437,0,1
188,1,group_42,1.0,0,0.242048882239603,0,0.4366921706787862,0,0
189,0,group_42,0.0,0,0.11437134633344637,0,0.0901630506776299,0,0
190,0,group_42,4.0,0,0.08527013369188316,0,0.0736174710384026,0,0
191,1,group_42,4.0,1,0.8442032102626543,0,0.4789031631814618,0,1
192,0,group_42,2.0,0,0.08340665972515134,0,0.1157781678185179,0,0
193,1,group_42,0.0,0,0.4847362123498585,0,0.4379037463494723,0,0
194,1,group_42,2.0,1,0.6287652388258155,1,0.6620233267065331,0,1
195,1,group_42,2.0,1,0.895329285130567,1,0.7472418990392966,0,1
196,1,group_42,2.0,1,0.9417212834835467,1,0.8103122321086855,0,1
197,0,group_42,3.0,0,0.09082401129310111,0,0.1761363110207381,0,0
198,0,group_42,2.0,0,0.1268220395145754,0,0.2099811549637497,0,0
199,1,group_42,3.0,1,0.7215085204323135,1,0.6695690478389181,0,1
200,0,group_42,0.0,1,0.8926087225622074,1,0.6968818330752885,0,1
201,0,group_42,1.0,0,0.14023805787505303,0,0.1401234043488161,0,0
202,0,group_42,0.0,0,0.26712870608373773,0,0.1665042299454901,0,0
203,0,group_42,1.0,0,0.12250492663293637,0,0.1647907482077702,0,0
204,0,group_42,0.0,0,0.1125754994572404,0,0.1473296689011412,0,0
205,1,group_42,1.0,0,0.09413916760271886,0,0.105563112904408,0,0
206,0,group_42,2.0,1,0.6728709342429265,1,0.5645803091106274,0,1
207,0,group_42,3.0,0,0.07028130036409173,0,0.1993103015905235,0,0
208,1,group_42,0.0,0,0.13999780695393213,0,0.1644301667170651,0,0
209,1,group_42,3.0,1,0.7444168357645945,1,0.5600425350404251,0,1
210,1,group_42,0.0,0,0.25271026675093167,0,0.2619511086678263,0,0
211,0,group_42,1.0,0,0.08532952121113165,0,0.1772242576825927,0,0
212,1,group_42,1.0,1,0.8634564646003609,1,0.5654009815910502,0,1
213,0,group_42,1.0,0,0.08528130047620879,0,0.0947440911659435,0,0
214,0,group_42,2.0,0,0.12189358951380601,0,0.1651295068107557,0,0
215,0,group_42,2.0,0,0.14582585207417767,0,0.3130515694178523,0,0
216,1,group_42,1.0,1,0.9783854775432641,1,0.8006413138140828,0,1
217,1,group_42,1.0,0,0.42794261034855363,1,0.582858192483726,0,0
218,0,group_42,1.0,0,0.10167256401254464,0,0.2492798186501615,0,0
219,1,group_42,3.0,1,0.9587624822238631,1,0.8430271188347133,0,1
220,0,group_42,2.0,0,0.11027430698554917,0,0.2444760621760324,0,0
221,1,group_42,1.0,0,0.1063082481911999,0,0.1490493638519422,0,0
222,0,group_42,2.0,0,0.11786563844057574,0,0.2038506798316247,0,0
223,0,group_42,2.0,0,0.13110798538072926,0,0.2513270067163892,0,0
224,0,group_42,4.0,0,0.08286667934094154,0,0.1192115435223323,0,0
225,1,group_42,0.0,0,0.350227765478533,0,0.4243176953258659,0,0
226,0,group_42,4.0,0,0.11091514487854646,0,0.3080879306042982,0,0
227,1,group_42,2.0,0,0.07480044957662335,0,0.1240603662854538,0,0
228,0,group_42,4.0,0,0.09983055915652829,0,0.2115523875240497,0,0
229,0,group_42,2.0,0,0.08340665972515134,0,0.2552774567269147,0,0
230,0,group_42,4.0,0,0.24793286643447726,1,0.5884372798963368,0,0
231,1,group_42,0.0,1,0.9638518393535128,1,0.6017678381030654,0,1
232,0,group_42,1.0,0,0.1297372784953563,0,0.1343266844485446,0,0
233,0,group_42,0.0,0,0.12064832461302558,0,0.2690925520261028,0,0
234,1,group_42,2.0,0,0.1607794281998044,0,0.3610904061422939,0,0
235,0,group_42,0.0,0,0.1067174673443942,0,0.3080094674703146,0,0
236,0,group_42,1.0,1,0.5221414195232974,1,0.5145748121996581,0,1
237,0,group_42,4.0,0,0.0981377160512163,0,0.2083746579336804,0,0
238,1,group_42,0.0,1,0.8922431130754019,1,0.694909519066623,0,1
239,0,group_42,3.0,0,0.10461696614117999,0,0.2747120314092027,0,0
240,0,group_42,4.0,0,0.10976045560679543,0,0.1809540512820638,0,0
241,0,group_42,3.0,1,0.695639272230309,1,0.6771353790232288,0,1
242,1,group_42,0.0,1,0.5847334273048415,1,0.7081580020947702,0,1
243,0,group_42,0.0,0,0.13084733835621012,0,0.1557081213579401,0,0
244,0,group_42,1.0,0,0.08528130047620879,0,0.3504770462560457,0,0
245,0,group_42,2.0,0,0.12984314683392162,0,0.2390071725858176,0,0
246,0,group_42,3.0,1,0.578026630010758,1,0.501739293156909,0,1
247,0,group_42,0.0,1,0.5433368937089893,0,0.3712677522727661,0,1
248,1,group_42,2.0,1,0.8326057899821129,0,0.4252172844739991,0,1
249,1,group_42,3.0,0,0.37624126870593105,0,0.3675432335879964,0,0
250,0,group_42,1.0,0,0.36877387864325534,0,0.2970622863213772,0,0
251,0,group_42,3.0,0,0.09661856076870091,0,0.1280104642306823,0,0
252,0,group_42,2.0,1,0.6649233507481469,1,0.6137932186918443,0,1
253,0,group_42,3.0,0,0.3060679123525525,0,0.3851639441475711,0,0
254,0,group_42,0.0,0,0.10031890944532872,0,0.1675897331947421,0,0
255,0,group_42,1.0,1,0.6284500941620625,1,0.5122667266331995,0,1
256,1,group_42,0.0,1,0.5561454928538878,1,0.5661391398016817,0,1
257,1,group_42,1.0,1,0.9251655842955926,1,0.7022869005658261,0,1
258,1,group_42,3.0,1,0.9727397041806866,1,0.7440473114753023,0,1
259,1,group_42,0.0,1,0.9294228683311204,1,0.7121581970524357,0,1
260,1,group_42,0.0,1,0.8336042367317066,1,0.5373124032294556,0,1
261,0,group_42,4.0,0,0.05425531102362493,0,0.1642432061995713,0,0
262,1,group_42,2.0,0,0.21415831099048172,0,0.2756498554339611,0,0
263,0,group_42,3.0,0,0.3463818827959772,0,0.3810406964488235,0,0
264,0,group_42,1.0,0,0.2719156483690686,0,0.3948185009378111,0,0
265,0,group_42,0.0,1,0.7476750743309287,0,0.444771486796954,0,1
266,0,group_42,4.0,0,0.10779029928685005,0,0.1617687373340535,0,0
267,0,group_42,1.0,0,0.1779236947107835,0,0.1921607684026586,0,0
268,1,group_42,1.0,0,0.0810607027299534,0,0.059779711067634,0,0
269,1,group_42,0.0,1,0.9351062154035634,1,0.6848036377367528,0,1
270,1,group_42,4.0,1,0.9193285492341575,1,0.8295541595648271,0,1
271,0,group_42,4.0,0,0.1866605057293382,0,0.2658986582390209,0,0
272,1,group_42,4.0,0,0.1063995876167157,0,0.2288594995045043,0,0
273,1,group_42,1.0,1,0.8794183606777171,1,0.7840759465404353,0,1
274,0,group_42,1.0,0,0.41229501894511783,0,0.4201007349945331,0,0
275,1,group_42,1.0,1,0.681935804237178,1,0.5768254047291574,0,1
276,1,group_42,2.0,1,0.9542794491756874,1,0.7150391013901819,0,1
277,0,group_42,0.0,1,0.5518182446973878,0,0.3781204837756258,0,1
278,0,group_42,1.0,0,0.1312053503404904,0,0.2140148206995268,0,0
279,0,group_42,2.0,0,0.2204444730756624,0,0.4296429594953445,0,0
280,1,group_42,4.0,1,0.5542029233785479,0,0.4492637923353582,0,1
281,0,group_42,4.0,0,0.04451405102403023,0,0.1976603132800068,0,0
282,0,group_42,3.0,0,0.12145821256286467,0,0.2065841478110283,0,0
283,0,group_42,3.0,0,0.13723792218892472,0,0.2185082924260079,0,0
284,1,group_42,2.0,0,0.10396620253435697,0,0.1041981778274192,0,0
285,0,group_42,4.0,0,0.3094551062326869,0,0.3340775025441115,0,0
286,0,group_42,2.0,0,0.16692779878814962,0,0.1000531219912815,0,0
287,1,group_42,3.0,0,0.14096799156283962,0,0.2380792688189506,0,0
288,0,group_42,4.0,0,0.09137507858481314,0,0.091148055536063,0,0
289,1,group_42,0.0,0,0.11628280311081225,0,0.2342053211678252,0,0
290,1,group_42,4.0,1,0.6660897500008107,1,0.5095641914504896,0,1
291,1,group_42,3.0,1,0.909980273159623,1,0.7946165337126943,0,1
292,1,group_42,3.0,1,0.9800522763526767,1,0.7776574293518523,0,1
293,0,group_42,4.0,0,0.3379946423705594,0,0.4506929961118777,0,0
294,0,group_42,4.0,1,0.50021630209011,0,0.3243676257521191,0,1
295,0,group_42,4.0,0,0.08286667934094154,0,0.0698929011266494,0,0
296,0,group_42,2.0,0,0.23668000471893424,0,0.2729379727808138,0,0
297,0,group_42,3.0,0,0.11127929209529747,0,0.2942936461652617,0,0
298,0,group_42,3.0,1,0.8898445952541647,1,0.7666878218272376,0,1
299,1,group_42,0.0,0,0.24649557190854351,0,0.4843726412589783,0,0
300,1,group_42,4.0,1,0.9690345483185174,1,0.8242119938409739,0,1
301,1,group_42,4.0,1,0.6660897500008107,1,0.7671026965431282,0,1
302,1,group_42,3.0,0,0.10399382369319432,0,0.2168798764644837,0,0
303,0,group_42,4.0,0,0.12213859319200888,0,0.3133774834205893,0,0
304,1,group_42,4.0,1,0.8695619005219655,1,0.7957032405414641,0,1
305,0,group_42,3.0,0,0.10853340885782581,0,0.1697810239318996,0,0
306,1,group_42,3.0,1,0.671821693147295,1,0.6378185516219845,0,1
307,1,group_42,1.0,1,0.929975753669129,1,0.6886177111866754,0,1
308,1,group_42,0.0,1,0.9527612789175773,1,0.6244088800122386,0,1
309,0,group_42,2.0,0,0.1482395896891047,0,0.1953801761027181,0,0
310,1,group_42,4.0,1,0.9768347032589961,1,0.7731613376456328,0,1
311,1,group_42,1.0,1,0.9609700913430659,1,0.8187238509617414,0,1
312,1,group_42,3.0,1,0.798491297287699,1,0.7544101337745489,0,1
313,0,group_42,3.0,1,0.8935285503275155,1,0.6631984858562177,0,1
314,0,group_42,4.0,0,0.08404886126270299,0,0.0913593450815205,0,0
315,0,group_42,3.0,0,0.06555345806068029,0,0.2564907026083456,0,0
316,1,group_42,2.0,0,0.4931336002963534,0,0.3132505140811116,0,0
317,1,group_42,0.0,1,0.8779700326999437,1,0.5954827100912828,0,1
318,0,group_42,2.0,0,0.23480094646702804,0,0.4719976980490565,0,0
319,1,group_42,0.0,1,0.9325571322615528,1,0.6743048278441667,0,1
320,1,group_42,2.0,1,0.9747194016450872,1,0.8084087602159785,0,1
321,0,group_42,4.0,0,0.0815766738607841,0,0.2822029331916249,0,0
322,0,group_42,2.0,0,0.13528604103766684,0,0.091954042229395,0,0
323,1,group_42,2.0,1,0.8729381830015693,1,0.5949814828820525,0,1
324,1,group_42,2.0,1,0.9148488945916575,1,0.5015055070182419,0,1
325,0,group_42,0.0,0,0.26712870608373773,0,0.1588506742073462,0,0
326,1,group_42,4.0,1,0.943573747337279,1,0.7553035002003116,0,1
327,0,group_42,0.0,0,0.08763088613756524,0,0.1082351140487546,0,0
328,1,group_42,3.0,1,0.8663979636602208,1,0.8201699668049877,0,1
329,1,group_42,3.0,1,0.5074841894754436,0,0.4933117407321769,0,1
330,1,group_42,3.0,1,0.9691381025235899,1,0.7637478591305054,0,1
331,1,group_42,3.0,1,0.6695315471844386,1,0.504272555759974,0,1
332,0,group_42,3.0,0,0.32554786713502587,0,0.313944118177982,0,0
333,0,group_42,0.0,0,0.33282267838206314,0,0.3593831161218789,0,0
334,0,group_42,2.0,0,0.15894517294950908,0,0.0962358035866231,0,0
335,1,group_42,4.0,1,0.9195667453420187,1,0.5625224606191426,0,1
336,0,group_42,2.0,0,0.09609255353843134,0,0.1048840435477353,0,0
337,0,group_42,3.0,0,0.40916851543092614,0,0.45617151444952,0,0
338,1,group_42,2.0,1,0.9563546797536642,1,0.8642529982039855,0,1
339,1,group_42,1.0,0,0.12436698056141995,0,0.2110076949477486,0,0
340,0,group_42,0.0,0,0.24401508514423886,0,0.4467297873163602,0,0
341,1,group_42,2.0,1,0.6287652388258155,1,0.5766750561567905,0,1
342,1,group_42,1.0,1,0.7028317109345869,1,0.8042132615677017,0,1
343,0,group_42,3.0,0,0.10980936936333473,0,0.2692405866085229,0,0
344,0,group_42,0.0,0,0.10635259284942533,0,0.2970909657684374,0,0
345,0,group_42,3.0,0,0.10974545117673694,0,0.214731669328398,0,0
346,1,group_42,2.0,1,0.8713470990470341,1,0.6661234169567497,0,1
347,1,group_42,4.0,1,0.8278502150123314,1,0.6603182859137543,0,1
348,1,group_42,4.0,1,0.5638862064934308,0,0.4750426087372021,0,1
349,1,group_42,2.0,1,0.560194982893434,0,0.358199490118874,0,1
350,0,group_42,1.0,0,0.12199503929734463,0,0.1182871566760476,0,0
351,0,group_42,2.0,0,0.10361522396319754,0,0.1581110464361774,0,0
352,0,group_42,4.0,0,0.29283017534503086,1,0.5218013637683994,0,0
353,0,group_42,2.0,0,0.22869172194940188,0,0.1579102080699876,0,0
354,0,group_42,3.0,0,0.0680967226678028,0,0.1442073946169305,0,0
355,0,group_42,1.0,0,0.12940827184770137,0,0.1469050778489726,0,0
356,0,group_42,2.0,0,0.15103998722707074,0,0.1008286112336591,0,0
357,1,group_42,1.0,1,0.9481192947875077,1,0.7289348093397121,0,1
358,0,group_42,2.0,1,0.8709478528400628,1,0.661085290342807,0,1
359,1,group_42,3.0,1,0.7252476273064222,1,0.6486829561859289,0,1
360,1,group_42,4.0,1,0.6714795112432779,1,0.7588435881473455,0,1
361,0,group_42,4.0,0,0.2095582770766274,0,0.1057103883778924,0,0
362,0,group_42,1.0,0,0.15047451938375755,0,0.3957308890451579,0,0
363,0,group_42,3.0,1,0.6259269442435592,1,0.7250683886987815,0,1
364,0,group_42,3.0,0,0.0959434432248316,0,0.1655365247098343,0,0
365,0,group_42,1.0,0,0.10710200992558595,0,0.1225976608008774,0,0
366,0,group_42,4.0,0,0.07763722314453236,0,0.2588312948024924,0,0
367,1,group_42,2.0,1,0.9716110264729627,1,0.7861671679557347,0,1
368,1,group_42,1.0,1,0.6065360468705073,1,0.5463999844767158,0,1
369,1,group_42,1.0,1,0.681935804237178,1,0.6797317243285919,0,1
370,1,group_42,3.0,1,0.9492840770033457,1,0.6206963023182183,0,1
371,1,group_42,1.0,0,0.49498971295798655,0,0.4410491375219398,0,0
372,0,group_42,2.0,0,0.14433468136320507,0,0.1495115809504971,0,0
373,0,group_42,3.0,0,0.1180903272706527,0,0.1704016428423294,0,0
374,0,group_42,4.0,0,0.27652678079899845,0,0.3359394926073386,0,0
375,0,group_42,3.0,0,0.30364506810450476,0,0.3479011793690198,0,0
376,1,group_42,1.0,1,0.9396036253324793,1,0.6483071405424222,0,1
377,1,group_42,0.0,1,0.5889331753937744,1,0.5406968338192284,0,1
378,0,group_42,2.0,0,0.48907854488314634,0,0.445254466389398,0,0
379,0,group_42,0.0,0,0.12485398992683835,0,0.2052797243824921,0,0
380,0,group_42,0.0,0,0.08686510644986492,0,0.1493287460855179,0,0
381,1,group_42,0.0,1,0.9173936354130715,1,0.7048583664781249,0,1
382,1,group_42,1.0,1,0.6561448944151839,1,0.6059954300963097,0,1
383,0,group_42,4.0,0,0.12976869566724622,0,0.3569967661580341,0,0
384,1,group_42,2.0,1,0.9179744498754927,1,0.737184155895141,0,1
385,0,group_42,4.0,0,0.08286667934094154,0,0.0743661196683115,0,0
386,0,group_42,1.0,0,0.22666050816415115,0,0.2828490185429025,0,0
387,0,group_42,2.0,0,0.2128864234399843,0,0.4307306685092363,0,0
388,1,group_42,0.0,1,0.8650317459202705,1,0.6031905183743812,0,1
389,0,group_42,0.0,0,0.0961863230155717,0,0.278545941475314,0,0
390,1,group_42,1.0,1,0.8407579585291105,1,0.7149152305380281,0,1
391,1,group_42,1.0,0,0.29195683446045373,0,0.3625634504207835,0,0
392,1,group_42,0.0,0,0.08686510644986492,0,0.1738940776988936,0,0
393,0,group_42,3.0,0,0.1052425507935159,0,0.1667868610441814,0,0
394,1,group_42,1.0,1,0.9641382020096116,1,0.7792808437070099,0,1
395,1,group_42,1.0,1,0.6795210628021162,1,0.5191663275218164,0,1
396,0,group_42,3.0,0,0.09699459745134414,0,0.2658613664868866,0,0
397,0,group_42,3.0,1,0.570422263221573,0,0.493980815361527,0,1
398,0,group_42,1.0,0,0.1276294223309124,0,0.2212383217772128,0,0
399,0,group_42,4.0,0,0.1725931685580852,0,0.1340552988506116,0,0
400,1,group_42,3.0,1,0.863589014499171,1,0.6396968222216285,0,1
401,1,group_42,3.0,0,0.12468986724050857,0,0.3497726138503902,0,0
402,0,group_42,4.0,0,0.10077051727327678,0,0.063331633563781,0,0
403,0,group_42,1.0,1,0.5368019777175487,1,0.5550266112526744,0,1
404,0,group_42,3.0,0,0.07019306338040804,0,0.2970200260492845,0,0
405,0,group_42,1.0,0,0.4934767252288278,0,0.3362585749285034,0,0
406,0,group_42,0.0,0,0.11576198230667929,0,0.1820373984990001,0,0
407,0,group_42,1.0,0,0.10168096126616889,0,0.1461248312044782,0,0
408,1,group_42,1.0,1,0.7186662863306228,0,0.4204566893000483,0,1
409,0,group_42,3.0,0,0.10327001905389373,0,0.2216832286287619,0,0
410,0,group_42,4.0,0,0.24793286643447726,0,0.4531727699281994,0,0
411,0,group_42,2.0,0,0.09609255353843134,0,0.0784214540074484,0,0
412,0,group_42,2.0,0,0.09717475871317102,0,0.1765727207115093,0,0
413,1,group_42,3.0,1,0.9756794476910642,1,0.7767220602406871,0,1
414,0,group_42,1.0,0,0.1312053503404904,0,0.1687932369127019,0,0
415,1,group_42,4.0,0,0.12188789100096273,0,0.3100740673300785,0,0
416,0,group_42,0.0,1,0.5995756456119133,1,0.6247805080683899,0,1
417,1,group_42,1.0,1,0.9396422376942359,1,0.5992503696144086,0,1
418,1,group_42,2.0,1,0.8336382396340779,0,0.4813550883506068,0,1
419,0,group_42,0.0,0,0.13612238219066589,0,0.2154225392822577,0,0
420,0,group_42,1.0,1,0.6473258169211831,0,0.3713969251897221,0,1
421,0,group_42,4.0,0,0.1354021731423242,0,0.072425162282827,0,0
422,0,group_42,1.0,0,0.0996154795818326,0,0.1271958464304357,0,0
423,0,group_42,4.0,0,0.08404886126270299,0,0.1410150146153477,0,0
424,0,group_42,0.0,1,0.5653003726074532,1,0.5899262754962603,0,1
425,0,group_42,1.0,0,0.11798162449815704,0,0.1448921812936097,0,0
426,0,group_42,1.0,0,0.08532952121113165,0,0.2042294861815892,0,0
427,1,group_42,1.0,1,0.8885194425197807,1,0.5209087267716398,0,1
428,1,group_42,4.0,1,0.8499730224971449,1,0.7081868100593012,0,1
429,0,group_42,3.0,0,0.09082401129310111,0,0.1042801955320127,0,0
430,1,group_42,4.0,0,0.2918250714752926,0,0.3362505391556534,0,0
431,1,group_42,1.0,0,0.34877607430025254,0,0.3382045563373397,0,0
432,1,group_42,2.0,1,0.6141687118308197,1,0.6514085963412022,0,1
433,1,group_42,0.0,1,0.8343221036044979,1,0.551394843631754,0,1
434,0,group_42,3.0,0,0.10284927990617868,0,0.2800756534304585,0,0
435,0,group_42,2.0,0,0.38936580924835607,0,0.3016652995257918,0,0
436,1,group_42,1.0,1,0.8935579453865937,1,0.7312700133192144,0,1
437,0,group_42,0.0,0,0.3503716809798016,1,0.5387431629541308,0,0
438,1,group_42,1.0,1,0.730973628745034,1,0.5932033833870103,0,1
439,0,group_42,1.0,0,0.25217727529068595,0,0.3823029161866595,0,0
440,0,group_42,1.0,0,0.14288583046398218,0,0.2402735217183646,0,0
441,1,group_42,3.0,1,0.8770929760155352,1,0.5811828761079312,0,1
442,0,group_42,4.0,0,0.1295888489820173,0,0.1062685190070941,0,0
443,0,group_42,3.0,0,0.0963225781811622,0,0.1790070531523465,0,0
444,1,group_42,2.0,1,0.8590512355736464,0,0.4181391280081181,0,1
445,1,group_42,1.0,0,0.08581805666112524,0,0.2711412843043445,0,0
446,1,group_42,2.0,1,0.6135953959124822,0,0.4274400604629462,0,1
447,1,group_42,1.0,1,0.8990839915608164,1,0.6831898744209776,0,1
448,1,group_42,4.0,0,0.2603475020123855,0,0.181437038969462,0,0
449,1,group_42,0.0,1,0.5382127845128952,1,0.6501219501272223,0,1
450,1,group_42,4.0,0,0.30411601641237185,0,0.3739694321401207,0,0
451,0,group_42,3.0,0,0.07381216072516271,0,0.235014119104841,0,0
452,0,group_42,0.0,0,0.11466219073987101,0,0.1909352323042759,0,0
453,0,group_42,2.0,0,0.4776791244031549,0,0.3984584505786976,0,0
454,1,group_42,1.0,0,0.36334956350609193,0,0.2779006547307558,0,0
455,0,group_42,0.0,0,0.1075409073076634,0,0.138455994549135,0,0
456,1,group_42,4.0,0,0.12275576081183101,0,0.088239298132228,0,0
457,0,group_42,4.0,0,0.42222450224800623,0,0.4690925050750871,0,0
458,1,group_42,3.0,1,0.9683849643826421,1,0.7295180601086289,0,1
459,1,group_42,0.0,1,0.804167353473923,1,0.587999984164181,0,1
460,0,group_42,0.0,0,0.0961863230155717,0,0.2157183208209012,0,0
461,1,group_42,2.0,0,0.3964772271501021,0,0.456865699664865,0,0
462,0,group_42,4.0,0,0.12976869566724622,0,0.1314440956690578,0,0
463,0,group_42,3.0,0,0.395413355576146,0,0.3345765047722996,0,0
464,0,group_42,1.0,0,0.1382761254951662,0,0.3354908981793181,0,0
465,0,group_42,0.0,0,0.1075409073076634,0,0.1858795455924233,0,0
466,0,group_42,1.0,0,0.10592961271442616,0,0.1616152214225658,0,0
467,0,group_42,1.0,0,0.1312053503404904,0,0.2424628632199859,0,0
468,0,group_42,0.0,0,0.26398880720939294,0,0.2248903999255815,0,0
469,0,group_42,0.0,0,0.0961863230155717,0,0.0741520548037394,0,0
470,1,group_42,0.0,1,0.5382127845128952,1,0.5683393986300783,0,1
471,0,group_42,4.0,0,0.07343788972120072,0,0.1091518630843705,0,0
472,0,group_42,3.0,0,0.12406351566157957,0,0.176408745072307,0,0
473,1,group_42,3.0,1,0.9136056940889459,1,0.6358085225491528,0,1
474,1,group_42,0.0,1,0.8975088484507368,1,0.7707306484058757,0,1
475,0,group_42,0.0,1,0.5080220615213936,0,0.4526660289911717,0,1
476,0,group_42,2.0,0,0.29574983796465687,0,0.4479834498292293,0,0
477,0,group_42,0.0,0,0.11576198230667929,0,0.0946395880294232,0,0
478,0,group_42,3.0,0,0.09484205792831925,0,0.1247705784649168,0,0
479,0,group_42,1.0,0,0.08479133772491733,0,0.1616135817172085,0,0
480,1,group_42,0.0,1,0.5147596654312376,0,0.4346894128658919,0,1
481,0,group_42,2.0,0,0.2128864234399843,0,0.4568049553008746,0,0
482,0,group_42,2.0,0,0.09609284756951322,0,0.2776519857443935,0,0
483,0,group_42,2.0,0,0.13110798538072926,0,0.0967396719610846,0,0
484,1,group_42,4.0,0,0.4950945785833779,0,0.4651612921047625,0,0
485,1,group_42,3.0,0,0.41961586073850576,1,0.5067843504594108,0,0
486,0,group_42,4.0,0,0.24793286643447726,1,0.5594044096604317,0,0
487,1,group_42,0.0,1,0.9526269791258957,1,0.764554493808363,0,1
488,0,group_42,1.0,0,0.3741123992838339,0,0.4486470505713648,0,0
489,0,group_42,1.0,0,0.14236442237610789,0,0.134661568081999,0,0
490,1,group_42,2.0,1,0.560194982893434,1,0.5457718195544784,0,1
491,0,group_42,0.0,0,0.11466219073987101,0,0.2784305738560543,0,0
492,0,group_42,2.0,0,0.08988060555589727,0,0.2278613706068275,0,0
493,0,group_42,0.0,0,0.23779035175483793,0,0.3465518387491033,0,0
494,0,group_42,1.0,0,0.2503220166342065,0,0.2523254574126766,0,0
495,0,group_42,1.0,0,0.09413916760271886,0,0.1461713201218731,0,0
496,0,group_42,2.0,0,0.15907838100286653,0,0.1787246748434611,0,0
497,1,group_42,4.0,1,0.9663585309642575,1,0.801665944365738,0,1
498,0,group_42,3.0,0,0.10142464522734697,0,0.2597841274257466,0,0
499,0,group_42,3.0,1,0.9114751136296316,1,0.75062862721513,0,1
500,0,group_42,3.0,0,0.09676862614298042,0,0.2201723131772623,0,0
501,0,group_42,3.0,0,0.1119428653204409,0,0.1527287241296969,0,0
502,0,group_42,3.0,1,0.7232723103160519,0,0.3857922423941111,0,1
503,0,group_42,1.0,1,0.681935804237178,1,0.5372909752959635,0,1
504,0,group_42,4.0,0,0.4757756435384487,1,0.5926489668907471,0,0
505,1,group_42,3.0,1,0.9641158397718083,1,0.7698576376770216,0,1
506,0,group_42,0.0,0,0.41339864006646115,0,0.4342387865694245,0,0
507,1,group_42,0.0,1,0.8787167757850053,1,0.505997974264955,0,1
508,1,group_42,4.0,0,0.2248771635964724,0,0.3302663386824742,0,0
509,0,group_42,4.0,0,0.1626098570415763,0,0.1655802193328708,0,0
510,1,group_42,2.0,0,0.06825424738080584,0,0.1360310461699276,0,0
511,1,group_42,4.0,0,0.044802072854191174,0,0.2049627103755771,0,0
512,0,group_42,2.0,0,0.10763466612833518,0,0.1835105892390679,0,0
513,1,group_42,2.0,0,0.4586931723072154,0,0.424917709675479,0,0
514,1,group_42,1.0,1,0.9309597261262362,1,0.6887107459612247,0,1
515,0,group_42,1.0,0,0.08511191943220119,0,0.0670319984163675,0,0
516,0,group_42,0.0,0,0.4709556914547398,0,0.3807186532060608,0,0
517,1,group_42,1.0,1,0.8263824499245421,1,0.6435259708036488,0,1
518,0,group_42,3.0,0,0.14417891834654856,0,0.1222297262917719,0,0
519,1,group_42,3.0,1,0.8880044577590765,1,0.6174431988694314,0,1
520,0,group_42,0.0,0,0.10892464548414701,0,0.0589505545958957,0,0
521,1,group_42,1.0,1,0.952205238820202,1,0.7753356745642114,0,1
522,0,group_42,2.0,0,0.09148001391449317,0,0.0828906216711811,0,0
523,0,group_42,1.0,0,0.12940827184770137,0,0.1315339624440936,0,0
524,1,group_42,3.0,1,0.9798961043967674,1,0.7716446857053181,0,1
525,0,group_42,4.0,0,0.13417925234030714,0,0.2237145578910728,0,0
526,0,group_42,0.0,0,0.1039971683697629,0,0.1863516720097219,0,0
527,1,group_42,0.0,1,0.804167353473923,0,0.3404211579678826,0,1
528,0,group_42,3.0,0,0.32537290726318524,0,0.3850624908242686,0,0
529,0,group_42,4.0,0,0.12283823829210819,0,0.1755109658161222,0,0
530,0,group_42,1.0,0,0.10004505560104264,0,0.2924233151538744,0,0
531,1,group_42,0.0,1,0.8922431130754019,0,0.4714682234269207,0,1
532,0,group_42,2.0,0,0.13088032721416454,0,0.2354025412081834,0,0
533,0,group_42,2.0,0,0.19629259979841848,0,0.1535486780973229,0,0
534,1,group_42,4.0,1,0.6980389488248157,1,0.6043404256276094,0,1
535,0,group_42,3.0,1,0.5350516761283602,0,0.4318128460704813,0,1
536,1,group_42,3.0,1,0.9228999168494685,1,0.5773352199545809,0,1
537,0,group_42,0.0,0,0.3795859158369603,1,0.5180444148093937,0,0
538,1,group_42,4.0,1,0.9450469580817958,1,0.7767270035081029,0,1
539,0,group_42,0.0,0,0.1047897421265518,0,0.1625723818528757,0,0
540,1,group_42,2.0,1,0.9337993864653432,1,0.8243962780805651,0,1
541,1,group_42,3.0,1,0.9724133101471986,1,0.6124069367377701,0,1
542,0,group_42,3.0,0,0.31575119140125185,0,0.4502938880659332,0,0
543,0,group_42,3.0,0,0.31575119140125185,1,0.5628813741720149,0,0
544,1,group_42,3.0,0,0.04700144823973507,0,0.1782158482901351,0,0
545,0,group_42,4.0,0,0.40807058524131684,0,0.3670823078778841,0,0
546,0,group_42,0.0,0,0.26398880720939294,0,0.2357861032992491,0,0
547,1,group_42,3.0,1,0.9078834970573021,1,0.5591629101620037,0,1
548,1,group_42,2.0,0,0.141052475105039,0,0.2309975403024297,0,0
549,0,group_42,3.0,0,0.09030298258340956,0,0.1211760153628366,0,0
550,1,group_42,4.0,1,0.572556628645054,0,0.4049664911545503,0,1
551,1,group_42,1.0,0,0.3757780604490678,0,0.3856753648682632,0,0
552,0,group_42,1.0,0,0.14963593507062914,0,0.2241912623524224,0,0
553,0,group_42,4.0,0,0.06509384279976504,0,0.2378724037939347,0,0
554,1,group_42,0.0,0,0.11882305814246079,0,0.2943070074706004,0,0
555,1,group_42,1.0,1,0.5064592226893088,0,0.2586083514776431,0,1
556,0,group_42,4.0,0,0.20518556010271338,0,0.2159136755137804,0,0
557,1,group_42,4.0,1,0.9457513840162134,1,0.7423181292622952,0,1
558,0,group_42,0.0,0,0.20058245849496842,0,0.2628246725655009,0,0
559,1,group_42,3.0,1,0.9787829668499,1,0.7785919960788916,0,1
560,1,group_42,3.0,1,0.511266650559496,1,0.5214262829984042,0,1
561,0,group_42,2.0,0,0.09605101748149372,0,0.199538450665582,0,0
562,0,group_42,1.0,0,0.10999277747113533,0,0.0782901726533035,0,0
563,0,group_42,3.0,0,0.11475939637684668,0,0.2117090768012152,0,0
564,0,group_42,2.0,0,0.10763466612833518,0,0.1342974581319387,0,0
565,0,group_42,4.0,1,0.5352778411976191,0,0.4886905962680298,0,1
566,0,group_42,4.0,0,0.1369359699794857,0,0.1232893848512886,0,0
567,0,group_42,3.0,0,0.10327001905389373,0,0.0976820713572496,0,0
568,0,group_42,3.0,0,0.3151260341561995,1,0.5450717812231598,0,0
569,0,group_42,1.0,0,0.12940827184770137,0,0.2261828498471409,0,0
570,1,group_42,4.0,0,0.09468777838048997,0,0.1754060958144338,0,0
571,1,group_42,2.0,0,0.0925798510996212,0,0.1873049260569935,0,0
572,1,group_42,2.0,1,0.9487757543195801,1,0.7101162040658563,0,1
573,1,group_42,3.0,0,0.4646312216043376,0,0.4947267931259006,0,0
574,1,group_42,4.0,1,0.6660897500008107,1,0.7016009190647897,0,1
575,0,group_42,0.0,0,0.15070682248390807,0,0.109574904560766,0,0
576,0,group_42,0.0,0,0.10760420951709251,0,0.217446352349117,0,0
577,1,group_42,3.0,1,0.8582719221367348,1,0.5002898099019036,0,1
578,1,group_42,2.0,1,0.9764896340899819,1,0.7200378721453555,0,1
579,0,group_42,4.0,1,0.6268879467664715,1,0.6235067396313879,0,1
580,1,group_42,2.0,0,0.14770621692953775,0,0.2524942226294024,0,0
581,1,group_42,4.0,1,0.8862475466731818,1,0.6572813354327113,0,1
582,1,group_42,1.0,1,0.9605488471480125,1,0.7385570481894718,0,1
583,0,group_42,1.0,0,0.12577411682675718,0,0.1620656377617645,0,0
584,0,group_42,4.0,0,0.37722003960045625,0,0.2845218824728338,0,0
585,0,group_42,2.0,0,0.15529247754483802,0,0.1361966197173894,0,0
586,1,group_42,3.0,1,0.971057635586463,1,0.7500021758409792,0,1
587,0,group_42,1.0,0,0.13601519214287333,0,0.2534811141797027,0,0
588,1,group_42,2.0,0,0.4142677004794423,0,0.4913589161136628,0,0
589,0,group_42,4.0,0,0.11740136289408983,0,0.2400156999559265,0,0
590,0,group_42,1.0,0,0.09034153658702318,0,0.1573072539717435,0,0
591,0,group_42,3.0,0,0.0959434432248316,0,0.2056283112713648,0,0
592,1,group_42,4.0,1,0.9747608675586695,1,0.6625258464191265,0,1
593,0,group_42,4.0,0,0.06964354775274209,0,0.1262700951728442,0,0
594,0,group_42,0.0,1,0.6576518265085115,0,0.4157167329891414,0,1
595,0,group_42,4.0,0,0.09771295887218087,0,0.2066064072781341,0,0
596,0,group_42,1.0,0,0.10129162106463831,0,0.2063655982746721,0,0
597,1,group_42,4.0,1,0.8702793712651281,1,0.5628186365784071,0,1
598,0,group_42,4.0,0,0.0994372651799615,0,0.2411883919220301,0,0
599,0,group_42,2.0,0,0.13088032721416454,0,0.1944164114420883,0,0
600,1,group_42,4.0,0,0.4500256556763936,1,0.6037154173122433,0,0
601,1,group_42,1.0,1,0.898414489635148,1,0.5532301716880687,0,1
602,0,group_42,0.0,0,0.08340699861316593,0,0.0748514465684704,0,0
603,0,group_42,3.0,0,0.2320019300467066,0,0.2657322150268669,0,0
604,0,group_42,3.0,0,0.13008583730463896,0,0.2102577627704969,0,0
605,1,group_42,0.0,0,0.22553389568903007,0,0.47078547203108,0,0
606,0,group_42,1.0,0,0.0790945602451139,0,0.1963186163153144,0,0
607,0,group_42,2.0,0,0.12773887642692908,0,0.1027249831310409,0,0
608,1,group_42,2.0,0,0.2588892775612862,0,0.1777069788772314,0,0
609,1,group_42,3.0,1,0.920296781536817,1,0.5610334252103503,0,1
610,1,group_42,0.0,1,0.9668741972083041,1,0.7510541403941712,0,1
611,0,group_42,3.0,0,0.343443408900413,0,0.464257129064401,0,0
612,0,group_42,1.0,0,0.08532952121113165,0,0.1940375808642634,0,0
613,1,group_42,0.0,1,0.5847334273048415,1,0.6783150813359655,0,1
614,0,group_42,3.0,0,0.09082401129310111,0,0.135059042641272,0,0
615,0,group_42,1.0,0,0.12676663866478402,0,0.1688334375202142,0,0
616,1,group_42,0.0,1,0.911558981503332,1,0.5964424154169711,0,1
617,0,group_42,0.0,0,0.12601151137760896,0,0.2520267254844363,0,0
618,0,group_42,0.0,1,0.603955774243743,0,0.4863946749905357,0,1
619,1,group_42,4.0,1,0.8221232497342993,1,0.7376275722347181,0,1
620,0,group_42,2.0,0,0.08839367500547231,0,0.2716000917230189,0,0
621,0,group_42,4.0,0,0.17690582652299702,0,0.2190964409782405,0,0
622,1,group_42,0.0,0,0.38222605114336905,1,0.5053767830121277,0,0
623,1,group_42,1.0,0,0.1680437078873589,0,0.1565079557433486,0,0
624,0,group_42,0.0,0,0.08686510644986492,0,0.1098676050256911,0,0
625,0,group_42,3.0,0,0.11518698971156875,0,0.1065421657371731,0,0
626,0,group_42,0.0,0,0.44983355428478644,0,0.3141018348594841,0,0
627,0,group_42,2.0,0,0.24996151427722293,0,0.2018416481059222,0,0
628,1,group_42,2.0,1,0.9536656609171066,1,0.6762205615988917,0,1
629,0,group_42,0.0,0,0.09186023411961254,0,0.0858277253300498,0,0
630,0,group_42,3.0,0,0.09082401129310111,0,0.1689238983214889,0,0
631,1,group_42,0.0,0,0.23779035175483793,0,0.3583981136251581,0,0
632,0,group_42,3.0,0,0.09561758441728849,0,0.2327651153409799,0,0
633,1,group_42,4.0,0,0.40110208035618305,0,0.4702942670926065,0,0
634,0,group_42,2.0,0,0.2044594073716683,0,0.2256859949142216,0,0
635,0,group_42,4.0,0,0.22424156058735562,0,0.4163804508411422,0,0
636,1,group_42,1.0,1,0.8485672467602073,1,0.664568853554924,0,1
637,0,group_42,2.0,0,0.14770621692953775,0,0.2884115520528281,0,0
638,0,group_42,0.0,0,0.1165698016356489,0,0.2727257265270521,0,0
639,0,group_42,1.0,0,0.20759270492749407,1,0.610053745194397,0,0
640,0,group_42,2.0,0,0.0937976951536318,0,0.2098638153341696,0,0
641,0,group_42,4.0,0,0.10926388621092199,0,0.1509913835394875,0,0
642,1,group_42,3.0,1,0.9492840770033457,1,0.5617046631291124,0,1
643,0,group_42,4.0,0,0.22424156058735562,1,0.6905268999066323,0,0
644,1,group_42,2.0,0,0.05872552323182716,0,0.1139068126648234,0,0
645,1,group_42,0.0,1,0.5382127845128952,1,0.6235622122273816,0,1
646,1,group_42,4.0,0,0.44809727970921914,0,0.4475957747646735,0,0
647,0,group_42,1.0,0,0.08778428430777725,0,0.0960267667608653,0,0
648,1,group_42,0.0,0,0.3682296797368219,0,0.4685261851374325,0,0
649,0,group_42,4.0,0,0.0700784172317335,0,0.1967453317277702,0,0
650,1,group_42,1.0,0,0.46696051031314545,0,0.457772506085206,0,0
651,0,group_42,2.0,0,0.09609255353843134,0,0.0740758207079518,0,0
652,1,group_42,4.0,1,0.8759493127613315,1,0.6750433402498472,0,1
653,0,group_42,3.0,0,0.1119428653204409,0,0.2728766605944529,0,0
654,1,group_42,0.0,1,0.7220401808854963,1,0.5521783389832231,0,1
655,0,group_42,2.0,1,0.7006098601183983,1,0.6971317459652002,0,1
656,0,group_42,1.0,0,0.15993671185645367,0,0.2319625652591937,0,0
657,0,group_42,4.0,0,0.08286667934094154,0,0.1026336437647268,0,0
658,0,group_42,0.0,1,0.59017451010775,0,0.4206412899874412,0,1
659,0,group_42,2.0,0,0.08236295884190208,0,0.3003487548037546,0,0
660,0,group_42,1.0,0,0.4399549188028357,0,0.4432623209237937,0,0
661,1,group_42,4.0,0,0.3156199183340156,0,0.2428194073253153,0,0
662,0,group_42,1.0,0,0.13554560572991795,0,0.1536642957139269,0,0
663,0,group_42,4.0,0,0.4552327198866588,0,0.4425660270889258,0,0
664,0,group_42,1.0,0,0.10606675557156904,0,0.0531769913247919,0,0
665,1,group_42,3.0,0,0.10940512397994398,0,0.2287524706929568,0,0
666,0,group_42,1.0,0,0.16133736142617502,0,0.2197076006784593,0,0
667,0,group_42,4.0,0,0.08985885497265664,0,0.208835169999469,0,0
668,0,group_42,2.0,0,0.09609255353843134,0,0.1719447084220879,0,0
669,0,group_42,0.0,0,0.12531682526572854,0,0.1207232497997633,0,0
670,1,group_42,1.0,1,0.9525432605577004,1,0.77244950879064,0,1
671,1,group_42,0.0,1,0.9022580500079658,1,0.7306928579713567,0,1
672,0,group_42,3.0,0,0.3972273402370097,1,0.5101902123256766,0,0
673,0,group_42,1.0,0,0.1391919891052352,0,0.2649996435000323,0,0
674,1,group_42,4.0,0,0.10976045560679543,0,0.1947396579987398,0,0
675,0,group_42,0.0,0,0.10851231670583814,0,0.1921724068790219,0,0
676,0,group_42,0.0,0,0.08686510644986492,0,0.1342701159473801,0,0
677,0,group_42,0.0,0,0.1075409073076634,0,0.1890839975948544,0,0
678,1,group_42,2.0,0,0.46956865765353467,0,0.4503298026065239,0,0
679,0,group_42,2.0,0,0.23073636249270107,1,0.5260470027420758,0,0
680,1,group_42,0.0,0,0.36706064154979967,0,0.4764505679653507,0,0
681,0,group_42,3.0,1,0.690785597822311,1,0.668349855645596,0,1
682,1,group_42,4.0,0,0.46360356171132394,1,0.5050290686382003,0,0
683,0,group_42,2.0,0,0.09716348922052215,0,0.182561686787539,0,0
684,0,group_42,2.0,0,0.07258780554340606,0,0.1511566162262919,0,0
685,0,group_42,0.0,0,0.10902457860127578,0,0.2887119552590987,0,0
686,0,group_42,3.0,0,0.1488465240627623,0,0.2157619298596731,0,0
687,0,group_42,1.0,0,0.1779236947107835,0,0.1789387936074131,0,0
688,0,group_42,1.0,0,0.08865036209947329,0,0.1353604935114476,0,0
689,0,group_42,1.0,0,0.08778428430777725,0,0.2179812110592255,0,0
690,1,group_42,2.0,1,0.924967460987959,1,0.7751514783528536,0,1
691,1,group_42,1.0,0,0.2844494432795025,1,0.6511719396995155,0,0
692,1,group_42,0.0,1,0.5070193780488693,0,0.3077537113366934,0,1
693,1,group_42,2.0,0,0.05872552323182716,0,0.1115251649927315,0,0
694,0,group_42,0.0,0,0.11603737190964263,0,0.2090210672167643,0,0
695,0,group_42,1.0,0,0.3292798490197346,0,0.3162643373021432,0,0
696,0,group_42,4.0,0,0.1135254736415625,0,0.2154415275376363,0,0
697,0,group_42,4.0,0,0.12188789100096273,0,0.1110672059153064,0,0
698,1,group_42,2.0,1,0.7065891921725561,1,0.6417364319870874,0,1
699,0,group_42,1.0,0,0.3535477407433915,0,0.3871477707270754,0,0
700,0,group_42,2.0,0,0.19131574030105972,0,0.2481869109177128,0,0
701,1,group_42,0.0,1,0.939420377842761,1,0.7052076542192304,0,1
702,1,group_42,3.0,0,0.4646312216043376,1,0.5136285993788475,0,0
703,0,group_42,3.0,1,0.7016391335885668,1,0.6832585404511785,0,1
704,0,group_42,1.0,0,0.09081217937285034,0,0.1262062274958941,0,0
705,0,group_42,1.0,0,0.08239405007109542,0,0.1648934045487934,0,0
706,0,group_42,4.0,0,0.11218523620488462,0,0.3914589058799128,0,0
707,1,group_42,4.0,1,0.8376005407387948,1,0.6963125389196781,0,1
708,1,group_42,2.0,0,0.3964772271501021,0,0.3785008133845606,0,0
709,1,group_42,3.0,1,0.7853190346320105,1,0.694392019725775,0,1
710,1,group_42,0.0,1,0.5246119526791478,1,0.5384837620883224,0,1
711,1,group_42,4.0,1,0.955393366365219,1,0.7969051660330123,0,1
712,0,group_42,2.0,0,0.33930433087158957,1,0.5049145607080985,0,0
713,1,group_42,1.0,0,0.25521711825423055,1,0.5006561856075088,0,0
714,0,group_42,1.0,0,0.14023805787505303,0,0.1416988340237772,0,0
715,0,group_42,4.0,0,0.0979593100456182,0,0.3168885726965059,0,0
716,0,group_42,4.0,0,0.17732147747126453,0,0.2157553477980544,0,0
717,1,group_42,0.0,1,0.9608290947025655,1,0.7476495809912368,0,1
718,1,group_42,4.0,1,0.8321239599554181,1,0.7989966042774869,0,1
719,0,group_42,0.0,0,0.11172989978445022,0,0.2098701970877612,0,0
720,0,group_42,4.0,0,0.09468777838048997,0,0.1739456498638058,0,0
721,1,group_42,4.0,1,0.9175362040072133,1,0.6720429070265296,0,1
722,0,group_42,2.0,0,0.14433468136320507,0,0.1974946477167885,0,0
723,0,group_42,0.0,0,0.13612238219066589,0,0.1973935302189153,0,0
724,0,group_42,1.0,0,0.1370031744451804,0,0.2677578461633373,0,0
725,1,group_42,3.0,0,0.38268872151404276,0,0.4496471162971142,0,0
726,0,group_42,1.0,0,0.08865036209947329,0,0.1222242018621246,0,0
727,1,group_42,0.0,1,0.8831860827317837,0,0.3683896848375701,0,1
728,1,group_42,4.0,1,0.6660897500008107,1,0.6191340715874046,0,1
729,0,group_42,2.0,0,0.08756735904625121,0,0.2322251575577627,0,0
730,0,group_42,2.0,1,0.5164323941308798,1,0.5073698496836837,0,1
731,1,group_42,2.0,1,0.9667925762929016,1,0.7245922026169426,0,1
732,0,group_42,0.0,0,0.17365290897422989,0,0.1997737046096463,0,0
733,0,group_42,1.0,0,0.1321165740758887,0,0.1961899574429805,0,0
734,0,group_42,1.0,0,0.1005807904474789,0,0.2026667891946008,0,0
735,0,group_42,1.0,0,0.1005807904474789,0,0.3085480156932648,0,0
736,0,group_42,3.0,0,0.14294353754042885,0,0.2516059279957194,0,0
737,0,group_42,0.0,0,0.40337569786100863,1,0.578923013003789,0,0
738,1,group_42,0.0,0,0.2795759595324897,0,0.4328877727502173,0,0
739,0,group_42,3.0,0,0.09676862614298042,0,0.0873684330579123,0,0
740,0,group_42,2.0,0,0.09609255353843134,0,0.0971042293535315,0,0
741,1,group_42,4.0,0,0.4340580127891678,0,0.3248851181123767,0,0
742,0,group_42,3.0,0,0.3897269880459767,0,0.4060678552947395,0,0
743,1,group_42,3.0,1,0.798491297287699,1,0.7028593534598087,0,1
744,0,group_42,1.0,0,0.08275322365876132,0,0.2146092927457895,0,0
745,1,group_42,0.0,0,0.1357063842458932,0,0.2561998163015352,0,0
746,0,group_42,3.0,1,0.5651044737722245,0,0.3515412550178711,0,1
747,0,group_42,4.0,0,0.21627078791412468,0,0.2618275099537978,0,0
748,1,group_42,4.0,1,0.8368853382467238,1,0.6324543463416491,0,1
749,0,group_42,1.0,0,0.45819580528649717,0,0.4983887220375956,0,0
750,0,group_42,3.0,0,0.11140495900398163,0,0.1818308300334885,0,0
751,1,group_42,0.0,1,0.9017542936808481,1,0.5300911853109681,0,1
752,1,group_42,0.0,1,0.6303543075137384,1,0.6454308170465511,0,1
753,0,group_42,0.0,0,0.13197321007492252,0,0.1171708919990933,0,0
754,0,group_42,3.0,0,0.09676862614298042,0,0.098438309589011,0,0
755,1,group_42,0.0,1,0.8796202396945952,1,0.5722887485742159,0,1
756,1,group_42,2.0,1,0.570646112588762,0,0.4061062693627903,0,1
757,0,group_42,2.0,0,0.13528604103766684,0,0.1722525495485815,0,0
758,0,group_42,0.0,0,0.11403267241115306,0,0.2868095530652155,0,0
759,0,group_42,3.0,0,0.14177936903732327,0,0.1738281184821389,0,0
760,1,group_42,3.0,1,0.9727397041806866,1,0.7333624053676858,0,1
761,0,group_42,0.0,0,0.1047897421265518,0,0.1581521207772774,0,0
762,0,group_42,2.0,0,0.10208950856395396,0,0.2116436942779799,0,0
763,1,group_42,2.0,0,0.1364964105022915,0,0.2683027360187584,0,0
764,1,group_42,1.0,1,0.9332747618958828,1,0.6742678744285051,0,1
765,0,group_42,1.0,0,0.10038079193716404,0,0.0986393257737208,0,0
766,1,group_42,2.0,1,0.9629237603951274,1,0.6229527508399784,0,1
767,0,group_42,1.0,0,0.3620388315252928,0,0.3709219325708942,0,0
768,0,group_42,4.0,1,0.6485493772730263,0,0.4636982109926562,0,1
769,0,group_42,3.0,0,0.10495209250057054,0,0.156492631707478,0,0
770,0,group_42,3.0,0,0.14096799156283962,0,0.2248500692265784,0,0
771,0,group_42,2.0,0,0.10361522396319754,0,0.1708826325725053,0,0
772,0,group_42,4.0,0,0.08547723571136467,0,0.206265171957121,0,0
773,0,group_42,2.0,1,0.8898466099166119,1,0.7882968963136655,0,1
774,0,group_42,4.0,0,0.13417925234030714,0,0.2166000650412976,0,0
775,1,group_42,2.0,1,0.74206985237356,1,0.7974786948089432,0,1
776,0,group_42,1.0,0,0.08779810327696144,0,0.1752847013465343,0,0
777,0,group_42,0.0,0,0.16795633982469405,0,0.3019950661144903,0,0
778,1,group_42,4.0,1,0.526468626531962,0,0.4254664706733405,0,1
779,0,group_42,2.0,0,0.09605101748149372,0,0.167723968344873,0,0
780,1,group_42,2.0,1,0.9477569621528044,1,0.64778390647823,0,1
781,1,group_42,4.0,1,0.6722170493112698,1,0.5046755927438857,0,1
782,1,group_42,1.0,1,0.9241397514574669,1,0.847550647634765,0,1
783,0,group_42,4.0,0,0.48646821013574976,1,0.5402165549809114,0,0
784,0,group_42,4.0,0,0.1312802680299137,0,0.1582090531911004,0,0
785,0,group_42,1.0,0,0.08532952121113165,0,0.1772612513820324,0,0
786,0,group_42,1.0,0,0.08532952121113165,0,0.2455200713768946,0,0
787,1,group_42,0.0,1,0.5716019506421194,0,0.4943571752470302,0,1
788,0,group_42,2.0,0,0.2204444730756624,0,0.4084971745429308,0,0
789,1,group_42,2.0,1,0.560194982893434,1,0.6031163841164177,0,1
790,0,group_42,2.0,0,0.41493304300660466,0,0.4219891583749921,0,0
791,0,group_42,4.0,0,0.05425531102362493,0,0.2924516841559553,0,0
792,0,group_42,0.0,0,0.18815591503612625,0,0.1347181494561905,0,0
793,0,group_42,0.0,0,0.36064033514038146,1,0.6341780191948809,0,0
794,0,group_42,4.0,0,0.2217002255959731,0,0.3565161021962779,0,0
795,0,group_42,3.0,0,0.09676862614298042,0,0.1328598180470644,0,0
796,0,group_42,4.0,0,0.10631145210874975,0,0.1728583328820457,0,0
797,1,group_42,4.0,1,0.7193783856461033,1,0.7223788200335293,0,1
798,1,group_42,1.0,0,0.44778853654772016,0,0.3047352291893613,0,0
799,0,group_42,4.0,0,0.11674719896642513,0,0.2497806967392813,0,0
800,0,group_42,1.0,1,0.6177870672806777,1,0.5807033594456272,0,1
801,0,group_42,4.0,0,0.0972599147551707,0,0.2290916812333154,0,0
802,1,group_42,0.0,1,0.8787167757850053,1,0.698213803730154,0,1
803,1,group_42,1.0,1,0.6757956571617662,1,0.6128471810313225,0,1
804,1,group_42,1.0,1,0.5827858833725138,0,0.4472968464999652,0,1
805,1,group_42,4.0,0,0.06935805891117162,0,0.1691810588553659,0,0
806,0,group_42,3.0,0,0.12110516880633332,0,0.2684450033802528,0,0
807,0,group_42,2.0,0,0.33321073804925844,0,0.3493694857682934,0,0
808,0,group_42,3.0,1,0.6174541131454427,1,0.5134038996912872,0,1
809,0,group_42,3.0,0,0.10974545117673694,0,0.2522153024427603,0,0
810,1,group_42,3.0,1,0.967342163377871,1,0.7906716530233551,0,1
811,0,group_42,0.0,0,0.09186023411961254,0,0.1629657467522782,0,0
812,0,group_42,4.0,0,0.169618789322626,0,0.137782642432961,0,0
813,0,group_42,1.0,0,0.13391180237487477,0,0.1297306091226845,0,0
814,0,group_42,3.0,0,0.31575119140125185,0,0.4407617255687478,0,0
815,0,group_42,2.0,0,0.14770621692953775,0,0.1846120837515253,0,0
816,0,group_42,1.0,0,0.21787065625856147,0,0.3758085954928979,0,0
817,0,group_42,4.0,1,0.5396303136946206,1,0.6353858514984738,0,1
818,0,group_42,4.0,0,0.1648489405593317,0,0.3542245720609423,0,0
819,0,group_42,3.0,0,0.09903655142549907,0,0.1999895844765895,0,0
820,0,group_42,4.0,0,0.1930515571587205,0,0.4392342521066733,0,0
821,1,group_42,1.0,1,0.9246184172951379,1,0.7491691115063589,0,1
822,1,group_42,1.0,0,0.14023805787505303,0,0.136417434457777,0,0
823,0,group_42,2.0,0,0.31951384839722935,0,0.3042032693205074,0,0
824,1,group_42,0.0,1,0.6402156674117123,1,0.72983389093101,0,1
825,0,group_42,1.0,0,0.2010697822015379,0,0.4066735706236817,0,0
826,0,group_42,3.0,0,0.08927980514263269,0,0.0863705032439202,0,0
827,0,group_42,2.0,0,0.05872552323182716,0,0.1048863397711392,0,0
828,1,group_42,4.0,1,0.6604311785784956,1,0.5515772519356973,0,1
829,1,group_42,4.0,0,0.05425531102362493,0,0.2570780419134913,0,0
830,1,group_42,3.0,1,0.9395400065499657,1,0.7815819647357805,0,1
831,1,group_42,4.0,1,0.6609335734551242,1,0.6461309824007068,0,1
832,1,group_42,1.0,1,0.7186662863306228,0,0.3946239420306655,0,1
833,0,group_42,0.0,0,0.11603737190964263,0,0.1555542812938191,0,0
834,0,group_42,0.0,0,0.08340699861316593,0,0.173969193313423,0,0
835,0,group_42,1.0,0,0.08865036209947329,0,0.1995972643675865,0,0
836,1,group_42,3.0,1,0.9809467458946266,1,0.7742934872577368,0,1
837,0,group_42,4.0,0,0.1295888489820173,0,0.0833212327258103,0,0
838,0,group_42,1.0,0,0.09034153658702318,0,0.237806344531209,0,0
839,1,group_42,2.0,0,0.07418790361299528,0,0.1451488605875343,0,0
840,1,group_42,0.0,0,0.2295447821515041,1,0.5159446020804257,0,0
841,0,group_42,3.0,0,0.1180903272706527,0,0.2176194882621397,0,0
842,0,group_42,2.0,0,0.09737792557944636,0,0.1717781923764545,0,0
843,1,group_42,4.0,1,0.9137082094052014,0,0.4593710715786907,0,1
844,0,group_42,0.0,0,0.11268107197519937,0,0.1794896507429914,0,0
845,0,group_42,4.0,0,0.1295888489820173,0,0.1176535015256557,0,0
846,0,group_42,4.0,0,0.06886459633323261,0,0.2146237191734854,0,0
847,0,group_42,0.0,0,0.26712870608373773,0,0.1777177934475994,0,0
848,0,group_42,0.0,0,0.12073263101630322,0,0.0767642399522579,0,0
849,0,group_42,4.0,0,0.3185055344108869,0,0.1918482491868226,0,0
850,1,group_42,1.0,1,0.9722116263983301,1,0.6085880102458295,0,1
851,0,group_42,3.0,0,0.25603524991711885,0,0.3631431206623134,0,0
852,0,group_42,3.0,0,0.10223440690312686,0,0.1556921189854519,0,0
853,0,group_42,4.0,1,0.7184134929353073,0,0.4971261058140961,0,1
854,1,group_42,0.0,1,0.9370560767912108,1,0.7156751636102828,0,1
855,0,group_42,1.0,1,0.9038438418273734,1,0.6116200229246086,0,1
856,1,group_42,4.0,1,0.5335024372426173,1,0.5121775372364257,0,1
857,1,group_42,0.0,1,0.8967433964814894,1,0.5842545103769102,0,1
858,1,group_42,4.0,0,0.42222450224800623,0,0.3743314187516945,0,0
859,1,group_42,0.0,1,0.5780985424168891,1,0.5417218816034368,0,1
860,0,group_42,2.0,0,0.13088032721416454,0,0.1636703753615216,0,0
861,0,group_42,0.0,0,0.09256877494287524,0,0.1202591988056497,0,0
862,0,group_42,3.0,0,0.0936240432380889,0,0.1566682233428815,0,0
863,1,group_42,2.0,1,0.9105543691470744,1,0.8301631795922705,0,1
864,0,group_42,0.0,0,0.36064033514038146,1,0.586118127662584,0,0
865,0,group_42,2.0,0,0.08236295884190208,0,0.0826818138285743,0,0
866,1,group_42,2.0,1,0.8727217883983178,1,0.607240939273035,0,1
867,1,group_42,2.0,1,0.8199586272199703,0,0.4694233515606681,0,1
868,0,group_42,3.0,0,0.37869641208078764,0,0.3846182918895177,0,0
869,0,group_42,2.0,0,0.10361522396319754,0,0.142333360044799,0,0
870,1,group_42,3.0,1,0.6562890382883965,0,0.3179555903410468,0,1
871,0,group_42,3.0,0,0.10754223774342427,0,0.1177328254296653,0,0
872,1,group_42,3.0,1,0.9583081655081735,1,0.69072712579776,0,1
873,0,group_42,2.0,0,0.3445235842245827,0,0.4053295863875397,0,0
874,0,group_42,3.0,0,0.12960314318869515,0,0.0823902852967893,0,0
875,1,group_42,2.0,1,0.8679576054328275,1,0.5711053096894982,0,1
876,1,group_42,0.0,1,0.6342707188354966,1,0.7081828487415561,0,1
877,0,group_42,0.0,0,0.1059820930865444,0,0.1318074775350902,0,0
878,0,group_42,0.0,0,0.08686510644986492,0,0.0718762446448707,0,0
879,0,group_42,1.0,0,0.08455050896997111,0,0.0756055917287041,0,0
880,1,group_42,1.0,1,0.9616957444469729,1,0.6957570554310247,0,1
881,1,group_42,0.0,1,0.8779700326999437,1,0.5887908494665257,0,1
882,0,group_42,3.0,0,0.12110516880633332,0,0.1341790300341971,0,0
883,0,group_42,3.0,1,0.5752736728226373,1,0.639413822251023,0,1
884,0,group_42,2.0,0,0.10699306169029091,0,0.2369829603849669,0,0
885,0,group_42,3.0,0,0.09661856076870091,0,0.210262068914364,0,0
886,0,group_42,2.0,0,0.3062985779366156,1,0.6074152893910927,0,0
887,0,group_42,1.0,0,0.2768156711814845,0,0.2954493772078363,0,0
888,1,group_42,1.0,1,0.8949555017744186,1,0.6866008979223021,0,1
889,0,group_42,4.0,0,0.4315859995003469,1,0.5724016399993977,0,0
890,1,group_42,4.0,0,0.38513377260786363,1,0.5087518704929329,0,0
891,0,group_42,0.0,0,0.11451204902686374,0,0.2189333813359359,0,0
1,0,group_777,0.0,0,0.1480036430226068,0,0.2228984551379159,0,0
2,1,group_777,2.0,1,0.9639734177727564,1,0.6881831828304702,0,1
3,1,group_777,3.0,1,0.5790236676781315,1,0.5861429596337662,0,1
4,1,group_777,0.0,1,0.9746480114239058,1,0.7891948235131981,0,1
5,0,group_777,0.0,0,0.10461443138657087,0,0.1454755103690156,0,0
6,0,group_777,0.0,0,0.11159758644211806,0,0.1505485379502331,0,0
7,0,group_777,3.0,0,0.3288579501609908,1,0.5446587135173906,0,0
8,0,group_777,0.0,0,0.3586101044723231,0,0.1902621389479336,0,0
9,1,group_777,2.0,1,0.5323161139808699,1,0.5268712446192456,0,1
10,1,group_777,3.0,1,0.9123267406232252,1,0.7344166062327536,0,1
11,1,group_777,1.0,1,0.6252220425032601,1,0.5701496715358472,0,1
12,1,group_777,1.0,1,0.8557961688138928,1,0.8084108850432344,0,1
13,0,group_777,4.0,0,0.10605824258268322,0,0.1639818143527196,0,0
14,0,group_777,3.0,0,0.23350944140844687,0,0.172982929833181,0,0
15,0,group_777,2.0,1,0.6113296416006919,0,0.4441097964727816,0,1
16,1,group_777,2.0,1,0.833243933618486,1,0.6277913440889995,0,1
17,0,group_777,1.0,0,0.27375564264356816,1,0.5562336673111242,0,0
18,1,group_777,1.0,0,0.10546936249118287,0,0.2979137580885752,0,0
19,0,group_777,2.0,1,0.5561027906515701,0,0.3950569447813492,0,1
20,1,group_777,2.0,1,0.6617594206192393,1,0.6008213705470146,0,1
21,0,group_777,2.0,0,0.10480050865531078,0,0.2053598246122084,0,0
22,1,group_777,3.0,0,0.28575074476663703,1,0.5468156196330831,0,0
23,1,group_777,4.0,1,0.6355595739503824,1,0.6420996710213795,0,1
24,1,group_777,0.0,0,0.3959391836036211,0,0.3990344344053825,0,0
25,0,group_777,0.0,0,0.44095159299955783,0,0.2647441350080187,0,0
26,1,group_777,2.0,0,0.18890430415547568,0,0.4234450137290972,0,0
27,0,group_777,1.0,0,0.10995191458315183,0,0.2482270732136539,0,0
28,0,group_777,2.0,0,0.35570535285578236,0,0.3881330294626415,0,0
29,1,group_777,1.0,1,0.765653733184366,1,0.667682854147173,0,1
30,0,group_777,2.0,0,0.089170784481979,0,0.1079147601063258,0,0
31,0,group_777,4.0,0,0.3620202867424401,0,0.4575416001857861,0,0
32,1,group_777,2.0,1,0.9728586641909772,1,0.7662695108893051,0,1
33,1,group_777,1.0,1,0.8053938861307245,1,0.6419282083748261,0,1
34,0,group_777,0.0,0,0.12392640187442962,0,0.2319117214519683,0,0
35,0,group_777,4.0,0,0.2942728341649905,0,0.2737799290899304,0,0
36,0,group_777,0.0,0,0.21678742477929933,0,0.3639149444721605,0,0
37,1,group_777,4.0,0,0.0996012126521806,0,0.2024207486576957,0,0
38,0,group_777,4.0,0,0.10605824258268322,0,0.1440624511903053,0,0
39,0,group_777,4.0,1,0.5586353877538407,0,0.2297660226337314,1,0
40,1,group_777,0.0,1,0.5820813269249483,0,0.4996899788844329,0,1
41,0,group_777,3.0,1,0.5491562351966149,1,0.5380185081154191,0,1
42,0,group_777,1.0,1,0.9282745687020644,1,0.5521773198579457,0,1
43,0,group_777,3.0,0,0.13683174795805614,0,0.144705674989593,0,0
44,1,group_777,0.0,1,0.9184805678279068,1,0.5317766019829175,0,1
45,1,group_777,3.0,1,0.7165913946579431,1,0.7094225995455842,0,1
46,0,group_777,1.0,0,0.11612969396169133,0,0.1697186149599101,0,0
47,0,group_777,1.0,0,0.12169392065653883,0,0.1399431202616219,0,0
48,1,group_777,4.0,1,0.6732810666634829,1,0.5522083761921639,0,1
49,0,group_777,2.0,0,0.20652477910577355,0,0.2187457098881037,0,0
50,0,group_777,0.0,1,0.5914454092628403,0,0.4557574405787544,0,1
51,0,group_777,4.0,0,0.2149360608494747,0,0.4945534911941351,0,0
52,0,group_777,3.0,0,0.0907747419779756,0,0.1922076706181135,0,0
53,1,group_777,0.0,1,0.9597327954314885,1,0.8045799991961732,0,1
54,1,group_777,1.0,1,0.9305189405537645,1,0.7338966686406365,0,1
55,0,group_777,1.0,0,0.4690152246870339,0,0.4252965586784304,0,0
56,1,group_777,4.0,0,0.28074513830974845,0,0.42620267567438,0,0
57,1,group_777,3.0,1,0.8818109962353171,1,0.5013281635789673,0,1
58,0,group_777,0.0,0,0.16358108662300627,0,0.1892393474555622,0,0
59,1,group_777,2.0,1,0.8962998396884934,0,0.4973277119829063,0,1
60,0,group_777,1.0,0,0.3326440656861539,0,0.4032146109056952,0,0
61,0,group_777,0.0,0,0.16061993087850693,0,0.2301161368795932,0,0
62,1,group_777,3.0,1,0.9629763260039945,1,0.747151267830458,0,1
63,0,group_777,0.0,0,0.3675719609972834,0,0.3951611722691918,0,0
64,0,group_777,2.0,0,0.14942023115071795,0,0.3341542079726654,0,0
65,0,group_777,3.0,0,0.2284955439693996,0,0.2729533763449511,0,0
66,1,group_777,0.0,0,0.4876305850202903,0,0.4614882859739844,0,0
67,1,group_777,0.0,1,0.8685650618268504,1,0.8456311830451594,0,1
68,0,group_777,4.0,0,0.09843379692682423,0,0.1348108011490884,0,0
69,1,group_777,3.0,1,0.5176905796809295,1,0.5614209885770169,0,1
70,0,group_777,1.0,0,0.07515645982711451,0,0.1935637855650524,0,0
71,0,group_777,0.0,0,0.128087512576401,0,0.2941245631725233,0,0
72,0,group_777,1.0,0,0.25489927877221225,1,0.5794077407618767,0,0
73,0,group_777,2.0,0,0.20227440317878673,0,0.2252990235730443,0,0
74,0,group_777,4.0,0,0.15245883106605596,0,0.2014778194607121,0,0
75,1,group_777,0.0,0,0.08464225577619577,0,0.178984797175414,0,0
76,0,group_777,3.0,0,0.14381290725087179,0,0.1915925898868555,0,0
77,0,group_777,3.0,0,0.07940144655985885,0,0.0711690294065472,0,0
78,0,group_777,0.0,0,0.09971897219295803,0,0.2405583438737443,0,0
79,1,group_777,3.0,1,0.6721115100088286,0,0.4529502507250447,0,1
80,1,group_777,4.0,1,0.5047868982477667,1,0.5650851018347567,0,1
81,0,group_777,2.0,0,0.09359901432610641,0,0.1775254740945019,0,0
82,1,group_777,4.0,0,0.12272610400039491,0,0.1615746703576872,0,0
83,1,group_777,3.0,1,0.7420502541173047,1,0.5713081389720432,0,1
84,0,group_777,2.0,0,0.29237242345754594,0,0.2504140325371627,0,0
85,1,group_777,2.0,1,0.7900699170431631,1,0.610645463616294,0,1
86,1,group_777,4.0,1,0.5315993567105497,0,0.401698510809258,0,1
87,0,group_777,3.0,0,0.10344002591518447,0,0.1943055875596264,0,0
88,0,group_777,2.0,0,0.09529319040697638,0,0.2832553643173199,0,0
89,1,group_777,2.0,1,0.7422185134047388,1,0.6683123401022465,0,1
90,0,group_777,0.0,0,0.09971897219295803,0,0.1426133067544374,0,0
91,0,group_777,1.0,0,0.1455568686694263,0,0.2044209574037193,0,0
92,0,group_777,1.0,0,0.09088813943579097,0,0.1578451565445212,0,0
93,0,group_777,2.0,0,0.46110082729792895,0,0.305856197494041,0,0
94,0,group_777,1.0,0,0.09944647680662218,0,0.3735150475090237,0,0
95,0,group_777,0.0,0,0.09197075287551143,0,0.1148240982878403,0,0
96,0,group_777,3.0,0,0.09146973157035872,0,0.1487677194016395,0,0
97,0,group_777,4.0,0,0.3706795944532828,0,0.4837162839789867,0,0
98,1,group_777,2.0,0,0.44748437433332844,0,0.4909723251417893,0,0
99,1,group_777,2.0,1,0.8475197591914795,1,0.6017619358838258,0,1
100,0,group_777,2.0,0,0.11433923055235515,0,0.1810686254200379,0,0
101,0,group_777,3.0,1,0.5883577006680369,0,0.4013513481424856,0,1
102,0,group_777,4.0,0,0.08212813482209828,0,0.1269366790725536,0,0
103,0,group_777,2.0,0,0.4898881715280802,0,0.3735315217164217,0,0
104,0,group_777,2.0,0,0.15561398281813776,0,0.1411343331668172,0,0
105,0,group_777,3.0,0,0.11563248478494587,0,0.1702423600424282,0,0
106,0,group_777,1.0,0,0.10517330246262634,0,0.0828604695153528,0,0
107,1,group_777,3.0,1,0.5902167879384682,0,0.4586786508347863,0,1
108,1,group_777,3.0,0,0.07940144655985885,0,0.1363082152862357,0,0
109,0,group_777,2.0,0,0.12137776521056969,0,0.0786109028954299,0,0
110,1,group_777,4.0,1,0.6508035034072207,1,0.5436830744130458,0,1
111,0,group_777,2.0,0,0.25848819914518195,0,0.4834865764045178,0,0
112,0,group_777,4.0,1,0.7513710946236904,1,0.5643062999564366,0,1
113,0,group_777,0.0,0,0.0978303137833581,0,0.0964348638051611,0,0
114,0,group_777,3.0,1,0.5608221034832247,1,0.5990079913798804,0,1
115,0,group_777,4.0,1,0.6872450448321599,1,0.5945292621467457,0,1
116,0,group_777,2.0,0,0.10136906799434184,0,0.3117230144714336,0,0
117,0,group_777,1.0,0,0.08580826842457688,0,0.2363328198596861,0,0
118,0,group_777,1.0,0,0.05567784285224002,0,0.2698769836119424,0,0
119,0,group_777,1.0,1,0.5399165576887138,1,0.6667189288494766,0,1
120,0,group_777,3.0,0,0.2994097334072276,1,0.5905299473055419,0,0
121,0,group_777,2.0,0,0.1934202221039907,0,0.2503502379371402,0,0
122,0,group_777,2.0,0,0.09529319040697638,0,0.2295210272529356,0,0
123,0,group_777,3.0,0,0.18269821293409433,0,0.2915732135745043,0,0
124,1,group_777,4.0,1,0.8633561216974287,1,0.7848519766374018,0,1
125,0,group_777,2.0,0,0.4368595193721227,0,0.3607361811799773,0,0
126,1,group_777,0.0,1,0.5798749226031037,0,0.45577457392095,0,1
127,0,group_777,2.0,0,0.09116781777164687,0,0.152649163535886,0,0
128,1,group_777,2.0,0,0.08319050460532718,0,0.222795377520433,0,0
129,1,group_777,4.0,1,0.7601146843827112,1,0.6864388112289088,0,1
130,0,group_777,2.0,0,0.10509159592848578,0,0.1319348454645414,0,0
131,0,group_777,1.0,0,0.11696525296497441,0,0.1125691085131346,0,0
132,0,group_777,2.0,0,0.08900896730415497,0,0.1470033900500261,0,0
133,0,group_777,3.0,1,0.5378345966453338,0,0.4465247855730722,0,1
134,1,group_777,0.0,1,0.8460757889197262,1,0.6144543544060044,0,1
135,0,group_777,1.0,0,0.08926551185675745,0,0.1988105041523484,0,0
136,0,group_777,3.0,0,0.17700418448318558,0,0.1826612783144353,0,0
137,1,group_777,4.0,1,0.9006881304023147,1,0.7834749639739459,0,1
138,0,group_777,0.0,0,0.39236130542066383,0,0.4439466160069492,0,0
139,0,group_777,2.0,0,0.1227305402326473,0,0.1569210891836139,0,0
140,0,group_777,0.0,0,0.3751839670601343,0,0.4254713708989128,0,0
141,0,group_777,1.0,1,0.6297149733232025,1,0.5540402634417603,0,1
142,1,group_777,3.0,1,0.598790132081787,1,0.5109917318935854,0,1
143,1,group_777,4.0,1,0.5569041854046649,1,0.5453484023870037,0,1
144,0,group_777,2.0,0,0.10402310500713322,0,0.1593750179028077,0,0
145,0,group_777,2.0,0,0.10740404572996352,0,0.2461197080117172,0,0
146,0,group_777,2.0,0,0.17184385228457358,0,0.3061350102315863,0,0
147,1,group_777,4.0,0,0.10466259339950505,0,0.139987284441245,0,0
148,0,group_777,3.0,0,0.22422461117126896,1,0.5251109307659032,0,0
149,0,group_777,0.0,0,0.24191691789436348,1,0.5532092028739192,0,0
150,0,group_777,3.0,0,0.29236332662280173,0,0.3061736230156703,0,0
151,0,group_777,3.0,0,0.2910514195114722,0,0.3087904525843351,0,0
152,1,group_777,1.0,1,0.9408960853401268,1,0.6994791733400605,0,1
153,0,group_777,4.0,0,0.10486515566433842,0,0.1650878595657427,0,0
154,0,group_777,0.0,0,0.0905654138716034,0,0.127035122919427,0,0
155,0,group_777,0.0,0,0.10339424118667634,0,0.2026436254194103,0,0
156,0,group_777,3.0,0,0.2803343038034698,0,0.3291087421922933,0,0
157,1,group_777,3.0,1,0.7180397851651644,1,0.6108396595820361,0,1
158,0,group_777,0.0,0,0.1250896964843424,0,0.1976564734813197,0,0
159,0,group_777,4.0,0,0.09507524718433519,0,0.1469892325370169,0,0
160,0,group_777,0.0,0,0.20191295446779559,0,0.42378085750598,0,0
161,0,group_777,3.0,0,0.09100270169103795,0,0.145825300879294,0,0
162,1,group_777,4.0,1,0.8403472969462443,1,0.6873637566919382,0,1
163,0,group_777,4.0,0,0.09398014143782721,0,0.1077993588188976,0,0
164,0,group_777,4.0,0,0.09843379692682423,0,0.1307875941046182,0,0
165,0,group_777,4.0,0,0.2149360608494747,0,0.4758951920570745,0,0
166,1,group_777,4.0,1,0.7272436710181354,0,0.4117763356341569,0,1
167,1,group_777,3.0,1,0.9778974480348125,1,0.7975387511839904,0,1
168,0,group_777,2.0,0,0.19405763513765042,1,0.5615241614878866,0,0
169,0,group_777,4.0,0,0.23628467838816772,0,0.275763307757749,0,0
170,0,group_777,0.0,0,0.09024054974750033,0,0.1824213020295219,0,0
171,0,group_777,4.0,0,0.3184425444625017,0,0.3398907472740917,0,0
172,0,group_777,1.0,0,0.27375564264356816,0,0.4492666526297565,0,0
173,1,group_777,2.0,1,0.5665289909513203,0,0.3035177491000173,0,1
174,0,group_777,4.0,0,0.10605824258268322,0,0.3192828649145324,0,0
175,0,group_777,4.0,0,0.3940435308214857,0,0.436267883578132,0,0
176,0,group_777,2.0,0,0.13876522912823183,0,0.1901869169931197,0,0
177,0,group_777,4.0,0,0.19797996819027944,0,0.3986962060809913,0,0
178,0,group_777,0.0,1,0.9415870656972773,1,0.8272505422436021,0,1
179,0,group_777,2.0,0,0.12985556816754826,0,0.2100389896127964,0,0
180,0,group_777,3.0,0,0.11407731936049169,0,0.2210844982896963,0,0
181,0,group_777,0.0,0,0.2744340212824859,1,0.5244886821230852,0,0
182,0,group_777,4.0,0,0.18260028100234188,0,0.2799780063580226,0,0
183,0,group_777,2.0,0,0.1805394933785571,0,0.3197593467481793,0,0
184,1,group_777,1.0,1,0.6860775787414483,1,0.6441159636494517,0,1
185,1,group_777,2.0,1,0.5958348699878417,0,0.4399801048207356,0,1
186,0,group_777,4.0,0,0.28074513830974845,0,0.3450702097259643,0,0
187,1,group_777,3.0,1,0.6425680683424798,1,0.5800025267771364,0,1
188,1,group_777,3.0,0,0.22303406167265302,0,0.4405372674822547,0,0
189,0,group_777,1.0,0,0.11312871382002239,0,0.0987089672472694,0,0
190,0,group_777,3.0,0,0.1016287050225208,0,0.0903693294596071,0,0
191,1,group_777,0.0,1,0.8422322761919738,1,0.5132254041512531,0,1
192,0,group_777,1.0,0,0.09733193746386681,0,0.1548278241382681,0,0
193,1,group_777,4.0,1,0.5042044056928267,0,0.4118261477290482,0,1
194,1,group_777,0.0,1,0.7061121634928288,1,0.6897056471734447,0,1
195,1,group_777,2.0,1,0.8816955343410627,1,0.6684186687968964,0,1
196,1,group_777,2.0,1,0.9384322966589641,1,0.7306650579494024,0,1
197,0,group_777,3.0,0,0.04581178318011716,0,0.2201855135436339,0,0
198,0,group_777,1.0,0,0.0808649081766869,0,0.2157614501894284,0,0
199,1,group_777,4.0,1,0.6732810666634829,1,0.6362551974517903,0,1
200,0,group_777,0.0,1,0.8460617091805509,1,0.7201849068173604,0,1
201,0,group_777,4.0,0,0.12272610400039491,0,0.1370462097857483,0,0
202,0,group_777,0.0,0,0.06981846911369273,0,0.1778126347034117,0,0
203,0,group_777,3.0,0,0.09769150106445157,0,0.1659266203495027,0,0
204,0,group_777,1.0,0,0.10927983647354617,0,0.1521530865844385,0,0
205,1,group_777,2.0,0,0.10136906799434184,0,0.0937627055786957,0,0
206,0,group_777,0.0,1,0.6876043764760034,1,0.6309147512547998,0,1
207,0,group_777,4.0,0,0.08188046433625128,0,0.1896016890992523,0,0
208,1,group_777,0.0,0,0.12443781644679591,0,0.1911413159662675,0,0
209,1,group_777,3.0,1,0.7180397851651644,1,0.5196632475003622,0,1
210,1,group_777,2.0,0,0.29232377070714155,0,0.3021678501784536,0,0
211,0,group_777,3.0,0,0.08060042031833797,0,0.1332311645524021,0,0
212,1,group_777,4.0,1,0.8302700123453562,1,0.5364171648431887,0,1
213,0,group_777,2.0,0,0.08536463888579439,0,0.0674911498351865,0,0
214,0,group_777,0.0,0,0.12877294308339865,0,0.2102121871264553,0,0
215,0,group_777,4.0,0,0.1153289407767636,0,0.2491506985240154,0,0
216,1,group_777,3.0,1,0.9737771735623073,1,0.7637594848909018,0,1
217,1,group_777,1.0,1,0.5027364948791185,1,0.5729697208082966,0,1
218,0,group_777,4.0,0,0.081938390282632,0,0.2434172500940641,0,0
219,1,group_777,3.0,1,0.9694290926241685,1,0.7968904560582928,0,1
220,0,group_777,1.0,0,0.10753136990331254,0,0.2602319108319195,0,0
221,1,group_777,3.0,0,0.12534479016883843,0,0.1267119936452321,0,0
222,0,group_777,1.0,0,0.10546936249118287,0,0.1975275506333969,0,0
223,0,group_777,2.0,0,0.13898129809344528,0,0.1421679996780161,0,0
224,0,group_777,0.0,0,0.09745539350616468,0,0.117029597422235,0,0
225,1,group_777,1.0,0,0.4272097844783912,0,0.4069900393269633,0,0
226,0,group_777,1.0,0,0.10942734385327783,0,0.3005975724670333,0,0
227,1,group_777,0.0,0,0.08969216152871375,0,0.1594271279804058,0,0
228,0,group_777,4.0,0,0.0865311375335823,0,0.1870256583755389,0,0
229,0,group_777,2.0,0,0.10740404572996352,0,0.2521050723104034,0,0
230,0,group_777,4.0,0,0.1951570887487234,0,0.4859294781102922,0,0
231,1,group_777,0.0,1,0.9771670717873862,1,0.6902830233961581,0,1
232,0,group_777,3.0,0,0.11519689183103189,0,0.1812695795946147,0,0
233,0,group_777,0.0,0,0.13718236755951135,0,0.2610540088510364,0,0
234,1,group_777,2.0,0,0.130293302852278,0,0.3222406559363881,0,0
235,0,group_777,3.0,0,0.10483234691705917,0,0.2703275249562522,0,0
236,0,group_777,2.0,1,0.5900388189752477,0,0.4352338143859368,0,1
237,0,group_777,3.0,0,0.1006824627800592,0,0.1989082653029633,0,0
238,1,group_777,0.0,1,0.9077649841529403,1,0.6769152988427022,0,1
239,0,group_777,2.0,0,0.11076999675443287,0,0.2452544385421579,0,0
240,0,group_777,2.0,0,0.12985556816754826,0,0.1776886499926626,0,0
241,0,group_777,4.0,1,0.7035406722548659,1,0.6023579043818769,0,1
242,1,group_777,1.0,1,0.6586513830298588,1,0.7095519116748568,0,1
243,0,group_777,4.0,0,0.10825485985264241,0,0.1248414468532009,0,0
244,0,group_777,1.0,0,0.08327578259813136,0,0.3119265304166023,0,0
245,0,group_777,4.0,0,0.1333741616036472,0,0.2600518472117553,0,0
246,0,group_777,3.0,1,0.5638660325737024,1,0.5169573346456156,0,1
247,0,group_777,3.0,1,0.5782624729496368,0,0.3564366070178317,0,1
248,1,group_777,1.0,1,0.8916785702972043,1,0.5728029063435075,0,1
249,1,group_777,0.0,0,0.44518140727400546,0,0.3855191182030281,0,0
250,0,group_777,3.0,0,0.394394984381896,0,0.4277234283709076,0,0
251,0,group_777,3.0,0,0.08060042031833797,0,0.1152322942134856,0,0
252,0,group_777,0.0,1,0.6520800444003226,1,0.6740506067566474,0,1
253,0,group_777,0.0,0,0.3361021166019691,0,0.3806256282218428,0,0
254,0,group_777,1.0,0,0.07296010621008206,0,0.1642554381317803,0,0
255,0,group_777,0.0,1,0.5191281782154119,1,0.5563817492170449,0,1
256,1,group_777,0.0,1,0.5470581496898776,1,0.5257260778990087,0,1
257,1,group_777,3.0,1,0.9488474147221422,1,0.7347276327124488,0,1
258,1,group_777,1.0,1,0.9519079388161977,1,0.770452236908889,0,1
259,1,group_777,2.0,1,0.9223771443602582,1,0.6073177224996156,0,1
260,1,group_777,3.0,1,0.9245718661782815,1,0.5903532219584877,0,1
261,0,group_777,4.0,0,0.0910129264824449,0,0.1510466962898851,0,0
262,1,group_777,2.0,0,0.1805394933785571,0,0.2810117068392662,0,0
263,0,group_777,2.0,0,0.4236341951844196,0,0.4401461786010796,0,0
264,0,group_777,4.0,0,0.27872342318011245,0,0.3519196084313186,0,0
265,0,group_777,3.0,1,0.7343313658311593,0,0.4649334177650423,0,1
266,0,group_777,2.0,0,0.11662496284190323,0,0.1532478368849534,0,0
267,0,group_777,4.0,0,0.2137861218275058,0,0.1791120830441022,0,0
268,1,group_777,1.0,0,0.055617050248046425,0,0.0536831779375927,0,0
269,1,group_777,1.0,1,0.9354088085221476,1,0.7057942087272577,0,1
270,1,group_777,1.0,1,0.9409773208323441,1,0.8311396038639419,0,1
271,0,group_777,1.0,0,0.2381028791431395,0,0.2526344592989847,0,0
272,1,group_777,3.0,0,0.10688230524988104,0,0.2247784298686211,0,0
273,1,group_777,4.0,1,0.8215083104842157,1,0.7565331277684963,0,1
274,0,group_777,1.0,1,0.5063218978577645,0,0.4896235129050039,0,1
275,1,group_777,2.0,1,0.7031534314718693,1,0.5313680256650205,0,1
276,1,group_777,3.0,1,0.9503992619906111,1,0.6675073761081937,0,1
277,0,group_777,4.0,0,0.49894315146598917,0,0.4208535095562931,0,0
278,0,group_777,1.0,0,0.09831573315852393,0,0.2364725155610096,0,0
279,0,group_777,1.0,0,0.27375564264356816,1,0.500816976930906,0,0
280,1,group_777,3.0,1,0.5237822819209951,0,0.4309854856378292,0,1
281,0,group_777,4.0,0,0.09807141626959694,0,0.1808067088906689,0,0
282,0,group_777,3.0,0,0.11519689183103189,0,0.1248891051233715,0,0
283,0,group_777,1.0,0,0.1396595416190696,0,0.2826769295312045,0,0
284,1,group_777,2.0,0,0.10136906799434184,0,0.1241804429672084,0,0
285,0,group_777,4.0,0,0.33154706535211054,0,0.3264003540399726,0,0
286,0,group_777,4.0,0,0.1649738547855474,0,0.0955181928702188,0,0
287,1,group_777,4.0,0,0.12279385595861393,0,0.2902404837105378,0,0
288,0,group_777,1.0,0,0.0847254131116731,0,0.099255586076989,0,0
289,1,group_777,2.0,0,0.111047635947342,0,0.2804421889814059,0,0
290,1,group_777,0.0,1,0.6629710219369073,1,0.5355732589062009,0,1
291,1,group_777,2.0,1,0.8837760848740642,1,0.7704629364974394,0,1
292,1,group_777,0.0,1,0.9893493890771832,1,0.8125248184608135,0,1
293,0,group_777,2.0,0,0.34182030629622034,0,0.3829103384086763,0,0
294,0,group_777,1.0,0,0.48446197218419584,0,0.2973802376379013,0,0
295,0,group_777,2.0,0,0.089170784481979,0,0.0797240566539576,0,0
296,0,group_777,1.0,0,0.2868044544573241,0,0.2861784409908259,0,0
297,0,group_777,3.0,0,0.13072803303420952,0,0.2880952123515112,0,0
298,0,group_777,0.0,1,0.987977535925098,1,0.8085310612430672,0,1
299,1,group_777,2.0,0,0.28173987761991603,0,0.4774802335900152,0,0
300,1,group_777,1.0,1,0.9585649080856691,1,0.830566915243729,0,1
301,1,group_777,1.0,1,0.8053938861307245,1,0.7705946916573341,0,1
302,1,group_777,4.0,0,0.09875198073702117,0,0.2413255097505121,0,0
303,0,group_777,3.0,0,0.11379876720655224,0,0.3228905152486757,0,0
304,1,group_777,0.0,1,0.8789839770313593,1,0.8024277419521071,0,1
305,0,group_777,1.0,0,0.11612969396169133,0,0.2074313970373671,0,0
306,1,group_777,0.0,1,0.6712523801255856,1,0.6440935213279051,0,1
307,1,group_777,0.0,1,0.9462496663815451,1,0.6314412246134279,0,1
308,1,group_777,4.0,1,0.9493011073252436,1,0.7267868526310939,0,1
309,0,group_777,2.0,0,0.1402147083396696,0,0.2393828218550848,0,0
310,1,group_777,4.0,1,0.9698419569117718,1,0.7564909560662725,0,1
311,1,group_777,1.0,1,0.9609592581238654,1,0.831198403548708,0,1
312,1,group_777,4.0,1,0.7580229898188708,1,0.7436410037135431,0,1
313,0,group_777,1.0,1,0.9305986108834349,1,0.6677206987957078,0,1
314,0,group_777,3.0,0,0.11519689183103189,0,0.1263660073494365,0,0
315,0,group_777,1.0,0,0.06705400079241122,0,0.2530308848408334,0,0
316,1,group_777,3.0,1,0.5768916279781701,0,0.3607962562554653,0,1
317,1,group_777,2.0,1,0.8477947819628308,1,0.5290506051067847,0,1
318,0,group_777,2.0,0,0.2169181090018999,0,0.3679672068460171,0,0
319,1,group_777,2.0,1,0.9347068002792206,1,0.696238790896977,0,1
320,1,group_777,0.0,1,0.9842956029407786,1,0.7739313979868446,0,1
321,0,group_777,3.0,0,0.08489522400067324,0,0.2147938871950815,0,0
322,0,group_777,0.0,0,0.12886870485041788,0,0.0907227908999876,0,0
323,1,group_777,2.0,1,0.8272803535865847,1,0.5656377851352717,0,1
324,1,group_777,3.0,1,0.907226733659978,0,0.4724388968130719,0,1
325,0,group_777,0.0,0,0.06981846911369273,0,0.127420793949454,0,0
326,1,group_777,1.0,1,0.9612200610916134,1,0.7995358660354344,0,1
327,0,group_777,4.0,0,0.08056449413892078,0,0.0985038196482501,0,0
328,1,group_777,1.0,1,0.8611853695925529,1,0.8114732861622078,0,1
329,1,group_777,4.0,1,0.5641251244052311,1,0.5607548183222938,0,1
330,1,group_777,2.0,1,0.9409389496189444,1,0.7352248135587318,0,1
331,1,group_777,4.0,1,0.6765462681240083,1,0.5359954482096907,0,1
332,0,group_777,1.0,0,0.29292597798368436,0,0.3687034432010107,0,0
333,0,group_777,1.0,0,0.4150864383834062,0,0.3401248145483752,0,0
334,0,group_777,4.0,0,0.18202825945350323,0,0.0946817832205052,0,0
335,1,group_777,2.0,1,0.9048566090328919,1,0.5022049445772131,0,1
336,0,group_777,2.0,0,0.089170784481979,0,0.0991566826132954,0,0
337,0,group_777,1.0,0,0.4192603646181382,0,0.314094580955914,0,0
338,1,group_777,0.0,1,0.9714642306906451,1,0.8722004258095489,0,1
339,1,group_777,4.0,0,0.10568436636850112,0,0.1718509358010577,0,0
340,0,group_777,0.0,0,0.36235138752070883,1,0.5161077822244525,0,0
341,1,group_777,0.0,1,0.7061121634928288,1,0.5828054306594543,0,1
342,1,group_777,2.0,1,0.7422185134047388,1,0.8257366608303497,0,1
343,0,group_777,0.0,0,0.12479196677996571,0,0.2715364463620183,0,0
344,0,group_777,3.0,0,0.10597142312434088,0,0.2582008922929089,0,0
345,0,group_777,0.0,0,0.11883415261593139,0,0.2097972213042118,0,0
346,1,group_777,2.0,1,0.8364119877084348,1,0.7055592136775791,0,1
347,1,group_777,4.0,1,0.8049003292670492,1,0.6592508341296607,0,1
348,1,group_777,2.0,1,0.5868077154963662,0,0.4676896818155522,0,1
349,1,group_777,1.0,1,0.5881080893847964,0,0.4260690635520318,0,1
350,0,group_777,2.0,0,0.14210082886801909,0,0.1283489669078559,0,0
351,0,group_777,0.0,0,0.10884390005317313,0,0.1887952593345119,0,0
352,0,group_777,1.0,0,0.2800232666463291,1,0.5585319173494906,0,0
353,0,group_777,4.0,0,0.20432894854138545,0,0.1604714998333274,0,0
354,0,group_777,0.0,0,0.10403757973243054,0,0.1089012485917065,0,0
355,0,group_777,1.0,0,0.10995191458315183,0,0.1292938897026008,0,0
356,0,group_777,4.0,0,0.12272610400039491,0,0.0963048964081914,0,0
357,1,group_777,3.0,1,0.9355366738491109,1,0.7259059346089647,0,1
358,0,group_777,3.0,1,0.9180998500184931,1,0.7067465928814987,0,1
359,1,group_777,0.0,1,0.6635831175283907,1,0.5980933262381323,0,1
360,1,group_777,1.0,1,0.765653733184366,1,0.733271296999575,0,1
361,0,group_777,2.0,0,0.12916387700607776,0,0.135033434407305,0,0
362,0,group_777,3.0,0,0.19056463840264323,0,0.3860627809397681,0,0
363,0,group_777,4.0,1,0.6348404486607685,1,0.7042131738778965,0,1
364,0,group_777,4.0,0,0.08024896621930848,0,0.1811012644703844,0,0
365,0,group_777,3.0,0,0.11518515911798428,0,0.1461941136123823,0,0
366,0,group_777,0.0,0,0.11658697702397328,0,0.2850558938271118,0,0
367,1,group_777,1.0,1,0.9673829292689956,1,0.7863552332366871,0,1
368,1,group_777,2.0,1,0.6617594206192393,1,0.5107399930192913,0,1
369,1,group_777,1.0,1,0.8053938861307245,1,0.666030950306348,0,1
370,1,group_777,3.0,1,0.9493916051636081,1,0.6054230787833514,0,1
371,1,group_777,2.0,0,0.444090680540183,1,0.5063891471031577,0,0
372,0,group_777,0.0,0,0.150248429156126,0,0.1365267325374252,0,0
373,0,group_777,2.0,0,0.10136906799434184,0,0.1880084499954896,0,0
374,0,group_777,1.0,0,0.3356379223914513,0,0.3571296974313804,0,0
375,0,group_777,0.0,0,0.44095159299955783,0,0.267884298999297,0,0
376,1,group_777,4.0,1,0.9491193288235688,1,0.6457819058122819,0,1
377,1,group_777,2.0,1,0.5850737948398682,0,0.4435624425233625,0,1
378,0,group_777,4.0,0,0.46615460675746,0,0.4050878007260484,0,0
379,0,group_777,4.0,0,0.10635022161187951,0,0.1702084424054598,0,0
380,0,group_777,2.0,0,0.09464494250791632,0,0.1488972815678867,0,0
381,1,group_777,4.0,1,0.7896172559470779,1,0.7557973332068834,0,1
382,1,group_777,4.0,1,0.7596048705179808,1,0.6078323449175276,0,1
383,0,group_777,4.0,0,0.12685559713544856,0,0.3461075081370244,0,0
384,1,group_777,0.0,1,0.9081745292692052,1,0.7398216664449642,0,1
385,0,group_777,1.0,0,0.08777774385110605,0,0.101636701852185,0,0
386,0,group_777,2.0,0,0.20227440317878673,0,0.2164461618020136,0,0
387,0,group_777,1.0,0,0.3326440656861539,0,0.4398308482406977,0,0
388,1,group_777,1.0,1,0.8355720508284369,1,0.5966854363325822,0,1
389,0,group_777,4.0,0,0.0910129264824449,0,0.2112416652136804,0,0
390,1,group_777,2.0,1,0.8213580810772877,1,0.657715918401794,0,1
391,1,group_777,4.0,0,0.3416728821498915,0,0.3211580176713582,0,0
392,1,group_777,4.0,0,0.08391694344548101,0,0.1474106107830463,0,0
393,0,group_777,3.0,0,0.12231700319366466,0,0.1385337071703463,0,0
394,1,group_777,3.0,1,0.956789633754918,1,0.7563747048458072,0,1
395,1,group_777,1.0,1,0.6487672986787861,0,0.4847553537304239,0,1
396,0,group_777,2.0,0,0.09091411125165053,0,0.1855921529849387,0,0
397,0,group_777,3.0,1,0.5824647923570763,0,0.3978212164260911,0,1
398,0,group_777,0.0,0,0.08840511595888945,0,0.1962733373713149,0,0
399,0,group_777,3.0,0,0.2865949116302827,0,0.200322458267439,0,0
400,1,group_777,1.0,1,0.8735202404853089,1,0.6031808917028921,0,1
401,1,group_777,4.0,0,0.10411379013926236,0,0.4605269636673927,0,0
402,0,group_777,4.0,0,0.11529242089404844,0,0.0602985726778244,0,0
403,0,group_777,3.0,1,0.5608221034832247,1,0.5840620938210264,0,1
404,0,group_777,4.0,0,0.07915000854622915,0,0.3028899947312446,0,0
405,0,group_777,3.0,1,0.590377534263472,0,0.4028413643372195,0,1
406,0,group_777,2.0,0,0.11332151491691166,0,0.1733786128780995,0,0
407,0,group_777,3.0,0,0.08600673480763492,0,0.1601646409165703,0,0
408,1,group_777,3.0,1,0.6849602019548544,0,0.397044144567801,0,1
409,0,group_777,3.0,0,0.0907747419779756,0,0.1744488890234314,0,0
410,0,group_777,4.0,0,0.1951570887487234,0,0.3787802557491168,0,0
411,0,group_777,3.0,0,0.07940144655985885,0,0.0606123012062892,0,0
412,0,group_777,3.0,0,0.05590665916071513,0,0.1675148157863583,0,0
413,1,group_777,3.0,1,0.9498239731153538,1,0.749358677708978,0,1
414,0,group_777,1.0,0,0.09831573315852393,0,0.1902167955432124,0,0
415,1,group_777,0.0,0,0.10297619303601073,0,0.2595597750319706,0,0
416,0,group_777,3.0,1,0.6338417833237788,1,0.663536161432088,0,1
417,1,group_777,0.0,1,0.8540850849964196,1,0.5763718192976268,0,1
418,1,group_777,2.0,1,0.8059078296270021,1,0.5034626994170222,0,1
419,0,group_777,4.0,0,0.10921577936516581,0,0.180062012570851,0,0
420,0,group_777,4.0,1,0.62155295123507,0,0.3307792883016081,0,1
421,0,group_777,0.0,0,0.14940060714951056,0,0.0747542329923103,0,0
422,0,group_777,0.0,0,0.11431067821741282,0,0.1347995730317928,0,0
423,0,group_777,0.0,0,0.12886870485041788,0,0.1430264885905082,0,0
424,0,group_777,4.0,1,0.5775767315913717,0,0.4987979486981759,0,1
425,0,group_777,0.0,0,0.12241905190973323,0,0.112209469593777,0,0
426,0,group_777,2.0,0,0.08319050460532718,0,0.204883615066741,0,0
427,1,group_777,0.0,1,0.8460757889197262,0,0.4794251728726346,0,1
428,1,group_777,4.0,1,0.8537115564326997,1,0.7261946389720018,0,1
429,0,group_777,4.0,0,0.0910129264824449,0,0.0972150946435925,0,0
430,1,group_777,3.0,0,0.24804184691433273,0,0.3325606140470457,0,0
431,1,group_777,1.0,0,0.3543770836541495,0,0.2865911365807133,0,0
432,1,group_777,4.0,1,0.5651206977659768,1,0.6275406785611647,0,1
433,1,group_777,0.0,1,0.838552614314158,0,0.474384755491181,0,1
434,0,group_777,4.0,0,0.0865311375335823,0,0.3252269602716403,0,0
435,0,group_777,3.0,0,0.3289465423446813,0,0.3859743777400281,0,0
436,1,group_777,4.0,1,0.7610852991297451,1,0.6949124874076794,0,1
437,0,group_777,3.0,0,0.22474802896219037,1,0.5970383012422904,0,0
438,1,group_777,3.0,1,0.7662417252144705,1,0.5205403466409229,0,1
439,0,group_777,2.0,0,0.27871025714860514,0,0.3995050987493974,0,0
440,0,group_777,2.0,0,0.1310744085721071,0,0.2348834711983598,0,0
441,1,group_777,1.0,1,0.8868241150428254,1,0.576961433315265,0,1
442,0,group_777,0.0,0,0.11289349599742146,0,0.1097348965969209,0,0
443,0,group_777,1.0,0,0.055617050248046425,0,0.0945009555302927,0,0
444,1,group_777,0.0,1,0.8415456489819092,0,0.4137795913468751,0,1
445,1,group_777,2.0,0,0.09273554705183983,0,0.2652769876418293,0,0
446,1,group_777,3.0,1,0.7011811121176633,0,0.4570007682326071,0,1
447,1,group_777,4.0,1,0.8760270713839059,1,0.6389388914106542,0,1
448,1,group_777,3.0,0,0.26125791002533966,0,0.1875694499733649,0,0
449,1,group_777,1.0,1,0.5908902754963773,1,0.6699760646522237,0,1
450,1,group_777,1.0,0,0.33442182224309,0,0.4833264021910109,0,0
451,0,group_777,2.0,0,0.12431667602626045,0,0.218682246523465,0,0
452,0,group_777,2.0,0,0.11845217747455243,0,0.1587512854652054,0,0
453,0,group_777,0.0,0,0.43679365868792436,0,0.3638753686274408,0,0
454,1,group_777,2.0,0,0.3081233369911547,0,0.3003409278039454,0,0
455,0,group_777,4.0,0,0.09924016143073847,0,0.1452014613771463,0,0
456,1,group_777,1.0,0,0.1240603569676743,0,0.0736856796804791,0,0
457,0,group_777,4.0,0,0.46528624744955704,0,0.4663476168802256,0,0
458,1,group_777,1.0,1,0.9721507656935537,1,0.7015168092140227,0,1
459,1,group_777,4.0,1,0.7342444571169887,1,0.5354538735386338,0,1
460,0,group_777,3.0,0,0.04581178318011716,0,0.2186186008756076,0,0
461,1,group_777,1.0,0,0.44634843914800004,0,0.3971672912709027,0,0
462,0,group_777,4.0,0,0.12685559713544856,0,0.1141398160318922,0,0
463,0,group_777,0.0,0,0.49981078220635233,0,0.4574959450863623,0,0
464,0,group_777,3.0,0,0.1276271162505757,0,0.3538324300163708,0,0
465,0,group_777,0.0,0,0.09971897219295803,0,0.1561174859379445,0,0
466,0,group_777,1.0,0,0.08973682970130968,0,0.165171047317603,0,0
467,0,group_777,1.0,0,0.09831573315852393,0,0.2621092806063915,0,0
468,0,group_777,2.0,0,0.24433179895027246,0,0.1946348778922738,0,0
469,0,group_777,1.0,0,0.08690478114905927,0,0.0894821563439193,0,0
470,1,group_777,1.0,1,0.5908902754963773,1,0.5939848597213253,0,1
471,0,group_777,3.0,0,0.08060042031833797,0,0.1407551592509597,0,0
472,0,group_777,3.0,0,0.12562761459996005,0,0.1194218099475862,0,0
473,1,group_777,2.0,1,0.8699422807721645,1,0.5886217165369987,0,1
474,1,group_777,0.0,1,0.8956626742039172,1,0.7429251079314915,0,1
475,0,group_777,3.0,1,0.5959613306269073,0,0.4848569931123064,0,1
476,0,group_777,2.0,0,0.25848819914518195,0,0.4300424067559406,0,0
477,0,group_777,2.0,0,0.11332151491691166,0,0.0906665642873834,0,0
478,0,group_777,0.0,0,0.1345711437629219,0,0.1182091758003174,0,0
479,0,group_777,3.0,0,0.07735648064029711,0,0.1772344159793635,0,0
480,1,group_777,3.0,1,0.5671357625360148,1,0.5092280014619402,0,1
481,0,group_777,1.0,0,0.3326440656861539,0,0.4640739262408882,0,0
482,0,group_777,2.0,0,0.10739438512410161,0,0.3001406994180056,0,0
483,0,group_777,2.0,0,0.13898129809344528,0,0.0656374059885301,0,0
484,1,group_777,4.0,0,0.460452067592824,0,0.4451565229378809,0,0
485,1,group_777,0.0,0,0.4075486773053494,1,0.5441111464433898,0,0
486,0,group_777,4.0,0,0.1951570887487234,1,0.5080487597537433,0,0
487,1,group_777,1.0,1,0.9519773618555674,1,0.7622338648624373,0,1
488,0,group_777,4.0,0,0.3940435308214857,0,0.428931765288036,0,0
489,0,group_777,1.0,0,0.14786090162333207,0,0.1677357379256807,0,0
490,1,group_777,1.0,1,0.5881080893847964,1,0.5221637563552007,0,1
491,0,group_777,2.0,0,0.11845217747455243,0,0.2515200096637593,0,0
492,0,group_777,2.0,0,0.08900896730415497,0,0.2195246033206723,0,0
493,0,group_777,0.0,0,0.3534310316444378,0,0.4112225322130515,0,0
494,0,group_777,1.0,0,0.26084944029993695,0,0.2460499064861311,0,0
495,0,group_777,3.0,0,0.10513356493808541,0,0.1717763620280302,0,0
496,0,group_777,4.0,0,0.1466194398666948,0,0.1865542167430624,0,0
497,1,group_777,0.0,1,0.9557369010033405,1,0.8022407736785522,0,1
498,0,group_777,4.0,0,0.09280949765990047,0,0.2279062295232815,0,0
499,0,group_777,0.0,1,0.9898187762686071,1,0.7241847699238696,0,1
500,0,group_777,2.0,0,0.089170784481979,0,0.1864297652502987,0,0
501,0,group_777,4.0,0,0.09843379692682423,0,0.125217155958949,0,0
502,0,group_777,1.0,1,0.8032998971308213,1,0.5000165548074904,0,1
503,0,group_777,1.0,1,0.8053938861307245,1,0.5792735444161301,0,1
504,0,group_777,1.0,0,0.4962094882545713,1,0.5600810665541319,0,0
505,1,group_777,1.0,1,0.9237455339051803,1,0.7966045573701462,0,1
506,0,group_777,4.0,0,0.46998929314252513,1,0.5462412385229652,0,0
507,1,group_777,3.0,1,0.9265723222004703,1,0.5346336147867673,0,1
508,1,group_777,4.0,0,0.23628467838816772,0,0.3739406307898457,0,0
509,0,group_777,0.0,0,0.09977798894734066,0,0.2066143843988927,0,0
510,1,group_777,0.0,0,0.07352419678728747,0,0.1189483547230775,0,0
511,1,group_777,3.0,0,0.07042058327795168,0,0.2142402496057733,0,0
512,0,group_777,4.0,0,0.09924016143073847,0,0.1584901835246561,0,0
513,1,group_777,2.0,0,0.4881088828730789,0,0.4428476368067743,0,0
514,1,group_777,2.0,1,0.8996134540302623,1,0.6594415924110666,0,1
515,0,group_777,1.0,0,0.08539162337907416,0,0.0735679400637732,0,0
516,0,group_777,0.0,1,0.5408873776686098,0,0.3575560147293197,0,1
517,1,group_777,3.0,1,0.9390044764488678,1,0.6840413554485041,0,1
518,0,group_777,4.0,0,0.14454240983643646,0,0.1113694638289043,0,0
519,1,group_777,1.0,1,0.9095569472440899,1,0.6475734463407986,0,1
520,0,group_777,3.0,0,0.10939102890774678,0,0.0708521370455957,0,0
521,1,group_777,2.0,1,0.9552196400305326,1,0.7715107216402577,0,1
522,0,group_777,2.0,0,0.09091411125165053,0,0.0821316546158967,0,0
523,0,group_777,0.0,0,0.153554387699103,0,0.1328516786654288,0,0
524,1,group_777,2.0,1,0.950977470957911,1,0.7619822559217307,0,1
525,0,group_777,4.0,0,0.0996012126521806,0,0.2241268526977034,0,0
526,0,group_777,3.0,0,0.05881399869500304,0,0.1831919718800165,0,0
527,1,group_777,2.0,1,0.7649679205931155,0,0.2807237586571684,0,1
528,0,group_777,3.0,0,0.3101079715402747,0,0.446297354488636,0,0
529,0,group_777,4.0,0,0.10411379013926236,0,0.2115541599857668,0,0
530,0,group_777,1.0,0,0.06693866199085304,0,0.2479758424543301,0,0
531,1,group_777,3.0,1,0.9255624364529145,1,0.5495493786508926,0,1
532,0,group_777,3.0,0,0.13072803303420952,0,0.2291544186087153,0,0
533,0,group_777,4.0,0,0.14162055956823894,0,0.1825558470201611,0,0
534,1,group_777,4.0,1,0.7033438277023131,1,0.6620592379632617,0,1
535,0,group_777,3.0,1,0.5946237185074092,0,0.4006733260107232,0,1
536,1,group_777,1.0,1,0.9301521525969587,1,0.5612396987247398,0,1
537,0,group_777,0.0,0,0.43736164866698624,1,0.5353336962777465,0,0
538,1,group_777,1.0,1,0.9446912481558635,1,0.7952883100779559,0,1
539,0,group_777,0.0,0,0.0825796353461887,0,0.1762253132974587,0,0
540,1,group_777,0.0,1,0.9598772375173724,1,0.8202770668835756,0,1
541,1,group_777,3.0,1,0.952249356923605,1,0.6412834734635902,0,1
542,0,group_777,3.0,0,0.2994097334072276,0,0.4164882514998418,0,0
543,0,group_777,3.0,0,0.2994097334072276,1,0.548722438823704,0,0
544,1,group_777,1.0,0,0.052430668983007495,0,0.1825239583580415,0,0
545,0,group_777,1.0,0,0.4723194087036492,0,0.479520191403945,0,0
546,0,group_777,3.0,0,0.2100010472602375,0,0.2662035246675058,0,0
547,1,group_777,1.0,1,0.9254906524438749,1,0.6002323446478777,0,1
548,1,group_777,2.0,0,0.14171220646312108,0,0.2455949445978704,0,0
549,0,group_777,4.0,0,0.08813737475935586,0,0.1545525948996372,0,0
550,1,group_777,2.0,1,0.6870789705953204,0,0.4369155387363479,0,1
551,1,group_777,0.0,0,0.36170424262168943,0,0.4387146952794999,0,0
552,0,group_777,4.0,0,0.11620198923962993,0,0.1962331564419901,0,0
553,0,group_777,4.0,0,0.09138048820902989,0,0.2218848450312585,0,0
554,1,group_777,1.0,0,0.1125202162222078,0,0.3184664710433967,0,0
555,1,group_777,3.0,1,0.5957513072775068,0,0.3378658501167777,0,1
556,0,group_777,4.0,0,0.22979602073976885,0,0.1987851014007986,0,0
557,1,group_777,4.0,1,0.9193043731922358,1,0.7103659973408124,0,1
558,0,group_777,4.0,0,0.2581243750953832,0,0.2954582397499392,0,0
559,1,group_777,2.0,1,0.9675280784768396,1,0.7873743940384099,0,1
560,1,group_777,3.0,1,0.5214220478220817,0,0.4708769853034992,0,1
561,0,group_777,0.0,0,0.1078789402674728,0,0.1905207270336221,0,0
562,0,group_777,4.0,0,0.08275210501819572,0,0.0858384715346061,0,0
563,0,group_777,2.0,0,0.1256184090614797,0,0.2374085707144874,0,0
564,0,group_777,2.0,0,0.09529319040697638,0,0.1341266568329302,0,0
565,0,group_777,3.0,1,0.5974195603820207,1,0.5034728209857978,0,1
566,0,group_777,2.0,0,0.14263461297687208,0,0.1209142849253637,0,0
567,0,group_777,2.0,0,0.09464494250791632,0,0.0903328357507495,0,0
568,0,group_777,0.0,0,0.43626380752181126,0,0.4943283910069287,0,0
569,0,group_777,1.0,0,0.10995191458315183,0,0.2458295917875112,0,0
570,1,group_777,1.0,0,0.10066163275892252,0,0.1579963403696331,0,0
571,1,group_777,1.0,0,0.09015158693320491,0,0.2018694863644348,0,0
572,1,group_777,0.0,1,0.9590432370577157,1,0.7104882852568194,0,1
573,1,group_777,4.0,1,0.5252053971971044,1,0.5344559572092302,0,1
574,1,group_777,1.0,1,0.8053938861307245,1,0.7090049131899708,0,1
575,0,group_777,1.0,0,0.14731072182532176,0,0.1128124314050961,0,0
576,0,group_777,2.0,0,0.09913420148825462,0,0.2006994684363342,0,0
577,1,group_777,2.0,1,0.8200104814754412,1,0.5419255610842559,0,1
578,1,group_777,3.0,1,0.9778974480348125,1,0.7450730683602483,0,1
579,0,group_777,2.0,1,0.600829335692577,1,0.5892998420767749,0,1
580,1,group_777,0.0,0,0.1249409254803797,0,0.2036644264673162,0,0
581,1,group_777,1.0,1,0.9190696477056454,1,0.6762095919392394,0,1
582,1,group_777,0.0,1,0.9931370415611416,1,0.7546166666433151,0,1
583,0,group_777,0.0,0,0.0870573216997659,0,0.1498287201634673,0,0
584,0,group_777,1.0,0,0.45161022743129653,0,0.2666798551500204,0,0
585,0,group_777,1.0,0,0.13767991182978775,0,0.1484791495862017,0,0
586,1,group_777,2.0,1,0.9516954684512741,1,0.7794305239445526,0,1
587,0,group_777,1.0,0,0.10924990866353404,0,0.1874866963604137,0,0
588,1,group_777,3.0,0,0.38661003354470436,1,0.5375503386120721,0,0
589,0,group_777,4.0,0,0.1000394200307378,0,0.2618663413197948,0,0
590,0,group_777,1.0,0,0.11612969396169133,0,0.143165643512544,0,0
591,0,group_777,1.0,0,0.08973682970130968,0,0.2443474359345028,0,0
592,1,group_777,0.0,1,0.9597327954314885,1,0.7263231148850072,0,1
593,0,group_777,1.0,0,0.09214991816373606,0,0.1339534592301117,0,0
594,0,group_777,1.0,1,0.7214730877651786,1,0.5461526984995263,0,1
595,0,group_777,3.0,0,0.10174633074045553,0,0.2063403829729554,0,0
596,0,group_777,4.0,0,0.08792521348671335,0,0.1580797513842196,0,0
597,1,group_777,0.0,1,0.8845215923364128,1,0.5524643741399337,0,1
598,0,group_777,3.0,0,0.1143417061163454,0,0.2545170212046574,0,0
599,0,group_777,1.0,0,0.10995191458315183,0,0.3458653401399644,0,0
600,1,group_777,4.0,1,0.5384314863921019,1,0.6320805858368711,0,1
601,1,group_777,4.0,1,0.8803217543686265,1,0.5180715917114019,0,1
602,0,group_777,2.0,0,0.089170784481979,0,0.0783353522734483,0,0
603,0,group_777,0.0,0,0.2052126506562091,0,0.26434798093896,0,0
604,0,group_777,3.0,0,0.12646808778233648,0,0.2075980308373271,0,0
605,1,group_777,0.0,0,0.22659697854304228,1,0.5612071374443313,0,0
606,0,group_777,0.0,0,0.08984925854619452,0,0.2413186200061628,0,0
607,0,group_777,0.0,0,0.11708450248157225,0,0.0767867788368795,0,0
608,1,group_777,4.0,0,0.256236593279495,0,0.2354653264443054,0,0
609,1,group_777,0.0,1,0.908694032603589,1,0.5323866085262674,0,1
610,1,group_777,1.0,1,0.9472714845742425,1,0.8068078456680974,0,1
611,0,group_777,3.0,0,0.35508191708376835,0,0.4106946192303894,0,0
612,0,group_777,4.0,0,0.08541889493571601,0,0.1663632984509678,0,0
613,1,group_777,1.0,1,0.6586513830298588,1,0.7052174831950266,0,1
614,0,group_777,0.0,0,0.1078789402674728,0,0.1419934026041438,0,0
615,0,group_777,4.0,0,0.10411379013926236,0,0.1174240913001141,0,0
616,1,group_777,4.0,1,0.7134973723662617,1,0.6274446890238863,0,1
617,0,group_777,4.0,0,0.0899253275281346,0,0.2218210508758424,0,0
618,0,group_777,1.0,1,0.5936175251594872,1,0.5020999599217718,0,1
619,1,group_777,1.0,1,0.9184921339150638,1,0.7520467015287606,0,1
620,0,group_777,3.0,0,0.11704771622640767,0,0.1769443296532274,0,0
621,0,group_777,1.0,0,0.16474625683460853,0,0.2603564827914998,0,0
622,1,group_777,3.0,0,0.3354393549135261,0,0.4976403850871885,0,0
623,1,group_777,4.0,0,0.1629335888660579,0,0.1522955240851119,0,0
624,0,group_777,1.0,0,0.09088813943579097,0,0.1268988591094672,0,0
625,0,group_777,1.0,0,0.11469631337293097,0,0.1235619915710406,0,0
626,0,group_777,0.0,1,0.5046314255954273,0,0.3142104215339403,0,1
627,0,group_777,2.0,0,0.21796013415017468,0,0.2489924580717621,0,0
628,1,group_777,3.0,1,0.9385081280224032,1,0.6460527465783862,0,1
629,0,group_777,1.0,0,0.09574403541049088,0,0.088055330727881,0,0
630,0,group_777,2.0,0,0.09116781777164687,0,0.1872100435746384,0,0
631,1,group_777,1.0,0,0.25358261830689566,0,0.3468862438817373,0,0
632,0,group_777,0.0,0,0.09197075287551143,0,0.2119360141265776,0,0
633,1,group_777,3.0,0,0.4863320894320899,0,0.4084727670015484,0,0
634,0,group_777,2.0,0,0.2008222498293798,0,0.2097472343555089,0,0
635,0,group_777,2.0,0,0.13959260328503403,0,0.3981229397830751,0,0
636,1,group_777,0.0,1,0.8415456489819092,1,0.6187437262972819,0,1
637,0,group_777,0.0,0,0.1250896964843424,0,0.2196070698417506,0,0
638,0,group_777,0.0,0,0.09103927265353409,0,0.2753279607339928,0,0
639,0,group_777,4.0,0,0.2435533812928357,1,0.5727007582130127,0,0
640,0,group_777,4.0,0,0.07606287511361233,0,0.1919368802934149,0,0
641,0,group_777,1.0,0,0.09088813943579097,0,0.1682099124289672,0,0
642,1,group_777,3.0,1,0.9493916051636081,1,0.5906701730300162,0,1
643,0,group_777,2.0,0,0.13959260328503403,1,0.6489047891142485,0,0
644,1,group_777,0.0,0,0.07320003514589288,0,0.0938242104342671,0,0
645,1,group_777,1.0,1,0.5908902754963773,1,0.6121692437232714,0,1
646,1,group_777,0.0,0,0.4190479477664263,1,0.5147933763709572,0,0
647,0,group_777,3.0,0,0.0907747419779756,0,0.1044746828103379,0,0
648,1,group_777,2.0,0,0.3579348642171968,0,0.4747940465520777,0,0
649,0,group_777,3.0,0,0.07371903512287824,0,0.3037515748520443,0,0
650,1,group_777,3.0,1,0.5808769716606039,0,0.4234339695780403,0,1
651,0,group_777,2.0,0,0.089170784481979,0,0.0712720829495398,0,0
652,1,group_777,2.0,1,0.8629618958508903,1,0.68147665329137,0,1
653,0,group_777,3.0,0,0.1029197575954095,0,0.2209678875888019,0,0
654,1,group_777,4.0,1,0.6631920392557561,1,0.5335763410001175,0,1
655,0,group_777,1.0,1,0.8002241113923626,1,0.6954884061541218,0,1
656,0,group_777,2.0,0,0.1749216136911261,0,0.2486387038089964,0,0
657,0,group_777,0.0,0,0.09745539350616468,0,0.0822825941126486,0,0
658,0,group_777,1.0,1,0.6490100549783087,0,0.492121362041985,0,1
659,0,group_777,4.0,0,0.08370119222595275,0,0.3118476494327483,0,0
660,0,group_777,3.0,0,0.43952403939702267,0,0.3898522517263759,0,0
661,1,group_777,2.0,0,0.36470282978239993,0,0.2349318600926603,0,0
662,0,group_777,2.0,0,0.12375117945992989,0,0.1563134845383893,0,0
663,0,group_777,0.0,1,0.5160893103079122,0,0.4167775269356185,0,1
664,0,group_777,1.0,0,0.09061343240968373,0,0.059374809417406,0,0
665,1,group_777,1.0,0,0.08028819653257764,0,0.2658195275684394,0,0
666,0,group_777,2.0,0,0.17056638815453637,0,0.2004731791255713,0,0
667,0,group_777,0.0,0,0.0841177624462938,0,0.2259517555390821,0,0
668,0,group_777,0.0,0,0.09745539350616468,0,0.1690773391915118,0,0
669,0,group_777,0.0,0,0.10297619303601073,0,0.135305197436368,0,0
670,1,group_777,3.0,1,0.9703629245320698,1,0.778745858909598,0,1
671,1,group_777,3.0,1,0.9330464767450029,1,0.7269994026257597,0,1
672,0,group_777,1.0,0,0.4187677579523261,0,0.4765799158512891,0,0
673,0,group_777,3.0,0,0.12766781978243613,0,0.2239632111604899,0,0
674,1,group_777,4.0,0,0.10921577936516581,0,0.1819022740088369,0,0
675,0,group_777,1.0,0,0.08666453116727224,0,0.2217321949819308,0,0
676,0,group_777,4.0,0,0.08391694344548101,0,0.1213134713957174,0,0
677,0,group_777,1.0,0,0.11612969396169133,0,0.1662163271500102,0,0
678,1,group_777,4.0,0,0.45111836537535394,0,0.4249364559357775,0,0
679,0,group_777,1.0,0,0.3412724015627297,0,0.4840232893230619,0,0
680,1,group_777,2.0,0,0.3355403467097389,0,0.4705865162726108,0,0
681,0,group_777,3.0,1,0.726921061054657,1,0.6136095465750491,0,1
682,1,group_777,0.0,0,0.4435731757962281,1,0.5642411168899908,0,0
683,0,group_777,2.0,0,0.09750449890837903,0,0.1603041652200111,0,0
684,0,group_777,1.0,0,0.2474469180187193,0,0.1700206835826958,0,0
685,0,group_777,3.0,0,0.11114473850718921,0,0.2809684493273194,0,0
686,0,group_777,0.0,0,0.1313523053171893,0,0.2017989291916172,0,0
687,0,group_777,4.0,0,0.2137861218275058,0,0.1628641480671021,0,0
688,0,group_777,4.0,0,0.09843379692682423,0,0.12344782656685,0,0
689,0,group_777,1.0,0,0.09088813943579097,0,0.2534975779272719,0,0
690,1,group_777,0.0,1,0.9876907241002983,1,0.7802413180485871,0,1
691,1,group_777,3.0,0,0.338190831755237,1,0.5673405176271105,0,0
692,1,group_777,0.0,1,0.5926510067056605,0,0.3206448271796893,0,1
693,1,group_777,0.0,0,0.07320003514589288,0,0.1113942587799508,0,0
694,0,group_777,0.0,0,0.153554387699103,0,0.2067197667620926,0,0
695,0,group_777,3.0,0,0.33629404860336765,0,0.320239142579939,0,0
696,0,group_777,4.0,0,0.1119405567707395,0,0.2525452248704798,0,0
697,0,group_777,1.0,0,0.14348537076375836,0,0.1515777412145651,0,0
698,1,group_777,0.0,1,0.6629710219369073,1,0.703510438937198,0,1
699,0,group_777,0.0,0,0.3520594372381295,0,0.4398538774305252,0,0
700,0,group_777,3.0,0,0.1418712721540079,0,0.2712111470792706,0,0
701,1,group_777,4.0,1,0.8218654525063005,1,0.7362766163394366,0,1
702,1,group_777,2.0,0,0.4881088828730789,0,0.4702351282582037,0,0
703,0,group_777,4.0,1,0.7067750697919492,1,0.6516926305105347,0,1
704,0,group_777,2.0,0,0.09116781777164687,0,0.1366035920993358,0,0
705,0,group_777,0.0,0,0.12456809040726215,0,0.1688949241392974,0,0
706,0,group_777,4.0,0,0.1045031194192452,0,0.377487747504628,0,0
707,1,group_777,1.0,1,0.8464181693962107,1,0.7092918447974338,0,1
708,1,group_777,3.0,0,0.378045578590191,1,0.5225675981253622,0,0
709,1,group_777,0.0,1,0.9165098208892268,1,0.6745897561002702,0,1
710,1,group_777,0.0,0,0.4876305850202903,1,0.5501198338609442,0,0
711,1,group_777,0.0,1,0.961502567813026,1,0.8504839350280722,0,1
712,0,group_777,1.0,0,0.29049169322073537,1,0.5138458330343794,0,0
713,1,group_777,3.0,0,0.23248822998361815,0,0.4763219108063896,0,0
714,0,group_777,3.0,0,0.1354186361889205,0,0.2155731349489553,0,0
715,0,group_777,1.0,0,0.0804078189797982,0,0.2783982492147913,0,0
716,0,group_777,0.0,0,0.20890196609488848,0,0.2510691999336493,0,0
717,1,group_777,4.0,1,0.8520851763824991,1,0.7802386609303892,0,1
718,1,group_777,1.0,1,0.8290085537920124,1,0.7946060037624306,0,1
719,0,group_777,0.0,0,0.0938962584357016,0,0.1854791897127999,0,0
720,0,group_777,3.0,0,0.11185044309398885,0,0.1790643450992858,0,0
721,1,group_777,0.0,1,0.906805424866784,1,0.7042435931890196,0,1
722,0,group_777,0.0,0,0.150248429156126,0,0.1961956794612422,0,0
723,0,group_777,0.0,0,0.12877294308339865,0,0.2194685381323397,0,0
724,0,group_777,0.0,0,0.12415683180746438,0,0.2689762744256374,0,0
725,1,group_777,4.0,0,0.43324026776573726,0,0.4004407859873291,0,0
726,0,group_777,3.0,0,0.1029197575954095,0,0.1119511868434738,0,0
727,1,group_777,2.0,1,0.8475197591914795,0,0.330543170359627,0,1
728,1,group_777,0.0,1,0.6629710219369073,1,0.5721338990976217,0,1
729,0,group_777,0.0,0,0.09110532049418762,0,0.2506742738488189,0,0
730,0,group_777,2.0,1,0.5032249939419899,1,0.5958178809313892,0,1
731,1,group_777,0.0,1,0.9902183102305447,1,0.742760109950854,0,1
732,0,group_777,0.0,0,0.1578168113211235,0,0.1704973276248803,0,0
733,0,group_777,3.0,0,0.10947272753655059,0,0.1960226353440851,0,0
734,0,group_777,0.0,0,0.0841177624462938,0,0.1720514485040534,0,0
735,0,group_777,3.0,0,0.10597142312434088,0,0.2938886385141297,0,0
736,0,group_777,1.0,0,0.14240626772090992,0,0.2430834956474871,0,0
737,0,group_777,3.0,0,0.29764653558936466,1,0.6720695867815165,0,0
738,1,group_777,2.0,0,0.2896475466862911,0,0.3566255403343488,0,0
739,0,group_777,0.0,0,0.09745539350616468,0,0.0784887485220545,0,0
740,0,group_777,2.0,0,0.089170784481979,0,0.1009534490120785,0,0
741,1,group_777,0.0,1,0.5408873776686098,0,0.2223735585880182,1,0
742,0,group_777,2.0,0,0.36281629816029987,0,0.3694969150364033,0,0
743,1,group_777,4.0,1,0.7580229898188708,1,0.6786492048379072,0,1
744,0,group_777,1.0,0,0.07246334105258677,0,0.2075558000203328,0,0
745,1,group_777,3.0,0,0.12734873207883454,0,0.2330597044677888,0,0
746,0,group_777,3.0,1,0.5371402377563407,0,0.4502412250145635,0,1
747,0,group_777,3.0,0,0.18010135181161108,0,0.2557559915557437,0,0
748,1,group_777,4.0,1,0.8246104171400676,0,0.4979736395471098,0,1
749,0,group_777,4.0,0,0.4336269017994279,1,0.5026226214506329,0,0
750,0,group_777,4.0,0,0.1176382944816567,0,0.1577868894366572,0,0
751,1,group_777,4.0,1,0.9017222664353821,1,0.5370812779404561,0,1
752,1,group_777,3.0,1,0.6468118607608013,1,0.5966719826834281,0,1
753,0,group_777,2.0,0,0.15561398281813776,0,0.1449256314604723,0,0
754,0,group_777,1.0,0,0.08777774385110605,0,0.0736099880263926,0,0
755,1,group_777,4.0,1,0.7290771863976555,1,0.6384400265667767,0,1
756,1,group_777,1.0,1,0.6180322394403275,0,0.4768583649212655,0,1
757,0,group_777,2.0,0,0.1384709332491464,0,0.172477139576928,0,0
758,0,group_777,3.0,0,0.11575144729608587,0,0.2483308973842075,0,0
759,0,group_777,2.0,0,0.15574791519104578,0,0.2637782805403717,0,0
760,1,group_777,1.0,1,0.9519079388161977,1,0.7476630682456784,0,1
761,0,group_777,2.0,0,0.0946933579483599,0,0.1417591975785861,0,0
762,0,group_777,2.0,0,0.10509159592848578,0,0.2570478062029241,0,0
763,1,group_777,4.0,0,0.10635022161187951,0,0.2879007412186301,0,0
764,1,group_777,4.0,1,0.8143240264207896,1,0.653698506977252,0,1
765,0,group_777,3.0,0,0.1106140415562385,0,0.1154694282978509,0,0
766,1,group_777,3.0,1,0.961251715810622,1,0.6195145601387404,0,1
767,0,group_777,2.0,0,0.2840332150872001,0,0.284883767829214,0,0
768,0,group_777,1.0,1,0.76920940061048,1,0.6400059197861956,0,1
769,0,group_777,4.0,0,0.10853214979016945,0,0.1323345166506098,0,0
770,0,group_777,4.0,0,0.12279385595861393,0,0.1861035224512431,0,0
771,0,group_777,0.0,0,0.10884390005317313,0,0.1544076164116804,0,0
772,0,group_777,1.0,0,0.09704198716864498,0,0.2111600818224024,0,0
773,0,group_777,3.0,1,0.9373241691488672,1,0.8251081085208117,0,1
774,0,group_777,0.0,0,0.1534056166951403,0,0.1754786024976546,0,0
775,1,group_777,1.0,1,0.7368457725404901,1,0.7892183193836637,0,1
776,0,group_777,4.0,0,0.08343432592555353,0,0.2143687026457819,0,0
777,0,group_777,0.0,0,0.21441069124943146,0,0.2848208934709694,0,0
778,1,group_777,4.0,1,0.547556726662851,0,0.4338434729720585,0,1
779,0,group_777,2.0,0,0.09116781777164687,0,0.1369725335617402,0,0
780,1,group_777,0.0,1,0.9837164290857595,1,0.7028698630496638,0,1
781,1,group_777,4.0,1,0.7000950525411734,0,0.4778819840819558,0,1
782,1,group_777,3.0,1,0.9199215508432098,1,0.8294131358871369,0,1
783,0,group_777,2.0,1,0.5383664402057646,1,0.5530008354703245,0,1
784,0,group_777,0.0,0,0.11895468661504102,0,0.1414193042108169,0,0
785,0,group_777,3.0,0,0.08060042031833797,0,0.1306920030322199,0,0
786,0,group_777,0.0,0,0.10354301219063905,0,0.264327639455453,0,0
787,1,group_777,0.0,1,0.5410146858275731,0,0.4982730792441924,0,1
788,0,group_777,1.0,0,0.27375564264356816,0,0.4471911535068144,0,0
789,1,group_777,1.0,1,0.5541316427928187,1,0.6521529388588089,0,1
790,0,group_777,0.0,0,0.357778608828895,0,0.4599758447395,0,0
791,0,group_777,0.0,0,0.1078789402674728,0,0.2861434229113231,0,0
792,0,group_777,2.0,0,0.15739431894288178,0,0.1341274606626502,0,0
793,0,group_777,0.0,0,0.2744340212824859,1,0.6113472898210829,0,0
794,0,group_777,2.0,0,0.24401878983852746,0,0.2878113560975148,0,0
795,0,group_777,0.0,0,0.09745539350616468,0,0.1111045344588123,0,0
796,0,group_777,4.0,0,0.1015804839889765,0,0.1600451879991529,0,0
797,1,group_777,0.0,1,0.7666578698674169,1,0.6981278763928405,0,1
798,1,group_777,0.0,1,0.5014183921080766,0,0.3044032517822406,0,1
799,0,group_777,4.0,0,0.1333741616036472,0,0.2147620578156795,0,0
800,0,group_777,4.0,1,0.5632920166965214,1,0.553567282046999,0,1
801,0,group_777,1.0,0,0.09694742457526029,0,0.19753027102254,0,0
802,1,group_777,0.0,1,0.852985527672,1,0.6219759772745772,0,1
803,1,group_777,4.0,1,0.6336437616880949,1,0.598756309018589,0,1
804,1,group_777,1.0,1,0.531651264341077,0,0.4699240514638966,0,1
805,1,group_777,1.0,0,0.10045090312121153,0,0.1459720482525636,0,0
806,0,group_777,2.0,0,0.1360060788028374,0,0.1712696144708174,0,0
807,0,group_777,2.0,0,0.25289796847996704,0,0.362219597091976,0,0
808,0,group_777,2.0,1,0.5899713996004459,0,0.367925226284175,0,1
809,0,group_777,1.0,0,0.10460411734721432,0,0.2991146447212021,0,0
810,1,group_777,4.0,1,0.9707473289054306,1,0.7453250487263436,0,1
811,0,group_777,1.0,0,0.09574403541049088,0,0.167136629869069,0,0
812,0,group_777,2.0,0,0.15240969748525282,0,0.0966222170403351,0,0
813,0,group_777,3.0,0,0.12358828479136977,0,0.1276357074421714,0,0
814,0,group_777,3.0,0,0.2994097334072276,0,0.4246788482839992,0,0
815,0,group_777,1.0,0,0.14786090162333207,0,0.1452780564029387,0,0
816,0,group_777,1.0,0,0.2201219907741701,0,0.3678195351588004,0,0
817,0,group_777,3.0,1,0.580108798363884,1,0.5851168482020767,0,1
818,0,group_777,2.0,0,0.15278766333881555,0,0.3026040125500198,0,0
819,0,group_777,4.0,0,0.08089783708145352,0,0.2081430134514612,0,0
820,0,group_777,2.0,0,0.14942023115071795,0,0.4687546133236527,0,0
821,1,group_777,2.0,1,0.9295336495333435,1,0.7720964654657395,0,1
822,1,group_777,3.0,0,0.1354186361889205,0,0.134737057598821,0,0
823,0,group_777,4.0,0,0.2745812918861439,0,0.3238506872731316,0,0
824,1,group_777,3.0,1,0.6055375044360213,1,0.6912364485409959,0,1
825,0,group_777,4.0,0,0.2149360608494747,0,0.4357794231340622,0,0
826,0,group_777,4.0,0,0.08992332807434436,0,0.081715069098911,0,0
827,0,group_777,0.0,0,0.07320003514589288,0,0.1111509483261638,0,0
828,1,group_777,2.0,1,0.684487836700419,0,0.4960907087325534,0,1
829,1,group_777,3.0,0,0.04581178318011716,0,0.2479922357054625,0,0
830,1,group_777,3.0,1,0.9592923758069558,1,0.7535807413707004,0,1
831,1,group_777,1.0,1,0.6129338541002884,1,0.647576901222325,0,1
832,1,group_777,3.0,1,0.6849602019548544,0,0.360064745476784,0,1
833,0,group_777,0.0,0,0.153554387699103,0,0.1750253412815847,0,0
834,0,group_777,0.0,0,0.09745539350616468,0,0.1799073987969938,0,0
835,0,group_777,0.0,0,0.11289349599742146,0,0.2157270679293389,0,0
836,1,group_777,2.0,1,0.9729663926901188,1,0.677535006880003,0,1
837,0,group_777,3.0,0,0.1029197575954095,0,0.0716131431102741,0,0
838,0,group_777,1.0,0,0.11612969396169133,0,0.2003007469447445,0,0
839,1,group_777,0.0,0,0.08464225577619577,0,0.1210774725973173,0,0
840,1,group_777,2.0,0,0.2501095443139847,1,0.5024013949510362,0,0
841,0,group_777,2.0,0,0.10136906799434184,0,0.2503634054997617,0,0
842,0,group_777,3.0,0,0.13216798068591296,0,0.2386863508938136,0,0
843,1,group_777,1.0,1,0.8989051981118726,1,0.5728747900804626,0,1
844,0,group_777,4.0,0,0.11622914619961938,0,0.1979633821790767,0,0
845,0,group_777,3.0,0,0.1029197575954095,0,0.1279892025937319,0,0
846,0,group_777,2.0,0,0.10955623909631303,0,0.209952180019508,0,0
847,0,group_777,0.0,0,0.06981846911369273,0,0.1962565996043662,0,0
848,0,group_777,2.0,0,0.13919385500783868,0,0.0880490172565988,0,0
849,0,group_777,0.0,0,0.3321647562232126,0,0.2070071948143625,0,0
850,1,group_777,2.0,1,0.9726387197271393,1,0.6336849585210995,0,1
851,0,group_777,3.0,0,0.2443754776750878,0,0.333323774991727,0,0
852,0,group_777,2.0,0,0.11818809063847721,0,0.0922956900027671,0,0
853,0,group_777,1.0,1,0.6316807068701288,1,0.5130312404847216,0,1
854,1,group_777,3.0,1,0.9324871289052075,1,0.7667609628909301,0,1
855,0,group_777,3.0,1,0.9254437524373569,1,0.7180704867715137,0,1
856,1,group_777,1.0,1,0.5196741620593888,1,0.5344493040141625,0,1
857,1,group_777,2.0,1,0.8848534520872983,1,0.5485703267953747,0,1
858,1,group_777,3.0,0,0.361840303342344,0,0.383109168065418,0,0
859,1,group_777,1.0,1,0.6149045169796673,1,0.5863118187084365,0,1
860,0,group_777,4.0,0,0.0996012126521806,0,0.1496068856303136,0,0
861,0,group_777,1.0,0,0.07334064536103466,0,0.1530594046554494,0,0
862,0,group_777,2.0,0,0.14892647635405576,0,0.1719279860858457,0,0
863,1,group_777,2.0,1,0.8906880985253331,1,0.8015492313793714,0,1
864,0,group_777,0.0,0,0.2744340212824859,1,0.5472329860795597,0,0
865,0,group_777,3.0,0,0.10597142312434088,0,0.1148331156200279,0,0
866,1,group_777,4.0,1,0.8170421295121444,1,0.5451613671632372,0,1
867,1,group_777,3.0,1,0.8782143425027189,1,0.5982743459306222,0,1
868,0,group_777,3.0,0,0.32641683813667144,0,0.3522120614774109,0,0
869,0,group_777,1.0,0,0.11370663949739855,0,0.1123223675613413,0,0
870,1,group_777,2.0,1,0.6638861180564521,0,0.3382170290138076,0,1
871,0,group_777,4.0,0,0.09398014143782721,0,0.1083341075690917,0,0
872,1,group_777,0.0,1,0.9571689239593761,1,0.6941454744640504,0,1
873,0,group_777,2.0,0,0.28129392876359866,0,0.3822416208980323,0,0
874,0,group_777,1.0,0,0.1393394246066159,0,0.0937100783527467,0,0
875,1,group_777,2.0,1,0.8511913691798261,1,0.6213186036229722,0,1
876,1,group_777,1.0,1,0.7070314056661297,1,0.7572852242721595,0,1
877,0,group_777,2.0,0,0.09865355376692048,0,0.1251551824280257,0,0
878,0,group_777,4.0,0,0.08391694344548101,0,0.0778229673908012,0,0
879,0,group_777,1.0,0,0.08777774385110605,0,0.0948662336784603,0,0
880,1,group_777,1.0,1,0.9620311721727485,1,0.7304428647801924,0,1
881,1,group_777,3.0,1,0.8969938720136877,1,0.5912173758660666,0,1
882,0,group_777,4.0,0,0.10411433806035092,0,0.0956899001341279,0,0
883,0,group_777,4.0,1,0.5064593083671187,1,0.5432580702099127,0,1
884,0,group_777,3.0,0,0.13117835907562522,0,0.2399666972293025,0,0
885,0,group_777,0.0,0,0.10354301219063905,0,0.2296551704909234,0,0
886,0,group_777,1.0,0,0.3844353042606322,1,0.6650339775868098,0,0
887,0,group_777,1.0,0,0.2046806269747875,0,0.2271234152633952,0,0
888,1,group_777,4.0,1,0.8871587466684601,1,0.7097519708753401,0,1
889,0,group_777,0.0,1,0.6631647147795243,1,0.6388647519880376,0,1
890,1,group_777,4.0,0,0.437119311625239,0,0.4606246452272143,0,0
891,0,group_777,3.0,0,0.06374864269828391,0,0.1605593564749398,0,0
17,0,pseudo_0,,0,0.22627358774171002,0,0.4332731377406089,0,0
18,1,pseudo_0,,0,0.10725713224137888,0,0.2761141435383957,0,0
19,0,pseudo_0,,1,0.504787971265338,0,0.4108342213133074,0,1
32,1,pseudo_0,,1,0.971829906185992,1,0.8409276417851138,0,1
46,0,pseudo_0,,0,0.10428373984213055,0,0.1581947963523734,0,0
47,0,pseudo_0,,0,0.12193738174920725,0,0.1439561594465338,0,0
48,1,pseudo_0,,1,0.7002207922708724,1,0.5300335234992484,0,1
63,0,pseudo_0,,0,0.3793682463237034,0,0.3798754765714835,0,0
65,0,pseudo_0,,0,0.27861565271545874,0,0.378194495462383,0,0
70,0,pseudo_0,,0,0.11221299166608742,0,0.2155681512108863,0,0
75,1,pseudo_0,,0,0.21952918190453977,0,0.3879127568664263,0,0
79,1,pseudo_0,,1,0.6510455616943686,0,0.4717619861195881,0,1
85,1,pseudo_0,,1,0.7904124626694932,1,0.5838693316368209,0,1
86,1,pseudo_0,,0,0.4926778915629536,0,0.403892040061596,0,0
87,0,pseudo_0,,0,0.11954111888596396,0,0.1213414701891249,0,0
88,0,pseudo_0,,0,0.10428373984213055,0,0.2388118853795895,0,0
96,0,pseudo_0,,0,0.10428373984213055,0,0.1725112758065181,0,0
116,0,pseudo_0,,0,0.10960999296154542,0,0.2301849856532985,0,0
117,0,pseudo_0,,0,0.09496933392605468,0,0.2308571904662846,0,0
119,0,pseudo_0,,0,0.4990787086506379,1,0.660406899583724,0,0
130,0,pseudo_0,,0,0.08631694607522777,0,0.0958191356713708,0,0
145,0,pseudo_0,,0,0.09704232252385568,0,0.243618275496045,0,0
150,0,pseudo_0,,0,0.23798271287631456,0,0.2799876121840126,0,0
151,0,pseudo_0,,0,0.23999304818184564,0,0.2448319851268945,0,0
158,0,pseudo_0,,0,0.1315131283141239,0,0.1743949045587448,0,0
160,0,pseudo_0,,0,0.24822805515583676,0,0.2816102284535329,0,0
163,0,pseudo_0,,0,0.10432768648259225,0,0.1156972845646504,0,0
176,0,pseudo_0,,0,0.1336577736388249,0,0.1659598925226575,0,0
181,0,pseudo_0,,0,0.2243865810308701,0,0.3338685450241659,0,0
182,0,pseudo_0,,0,0.17299885939089116,0,0.2592879057927115,0,0
186,0,pseudo_0,,0,0.3459185831151083,0,0.3761234282733355,0,0
191,1,pseudo_0,,1,0.8682896451397807,1,0.5019268290866704,0,1
205,1,pseudo_0,,0,0.10960999296154542,0,0.0962994666932444,0,0
212,1,pseudo_0,,1,0.8793344887076993,1,0.5232104188923317,0,1
214,0,pseudo_0,,0,0.10725713224137888,0,0.1791112375867281,0,0
217,1,pseudo_0,,0,0.4401564864872851,1,0.5320425679340712,0,0
223,0,pseudo_0,,0,0.11766654011493215,0,0.1838029578705767,0,0
224,0,pseudo_0,,0,0.09561940105468068,0,0.1216099543599856,0,0
234,1,pseudo_0,,0,0.2555362822274491,0,0.4869381457140669,0,0
236,0,pseudo_0,,1,0.529366892581119,0,0.4842593789690513,0,1
237,0,pseudo_0,,0,0.04757387048132892,0,0.1679554473082351,0,0
239,0,pseudo_0,,0,0.10483104434543551,0,0.2278674529033699,0,0
252,0,pseudo_0,,1,0.5533423481192207,1,0.5791239966126069,0,1
264,0,pseudo_0,,0,0.30695829928537227,0,0.4579730831840817,0,0
272,1,pseudo_0,,0,0.08666736297976832,0,0.2264005209938023,0,0
273,1,pseudo_0,,1,0.8667091020044082,1,0.832850412748123,0,1
279,0,pseudo_0,,0,0.22627358774171002,0,0.3299052467122115,0,0
280,1,pseudo_0,,0,0.4939407419601272,0,0.4180812647547727,0,0
281,0,pseudo_0,,0,0.09496933392605468,0,0.2235568899782313,0,0
292,1,pseudo_0,,1,0.9449089439382993,1,0.819076040530777,0,1
299,1,pseudo_0,,0,0.35215469892076784,0,0.4372882984384279,0,0
310,1,pseudo_0,,1,0.9684246791219294,1,0.739477418220873,0,1
311,1,pseudo_0,,1,0.9511049547870867,1,0.8737612780103592,0,1
312,1,pseudo_0,,1,0.8299725158396052,1,0.7964643363318388,0,1
313,0,pseudo_0,,1,0.9172718071307245,1,0.6035989964727391,0,1
315,0,pseudo_0,,0,0.1268323131990017,0,0.31964342044132,0,0
316,1,pseudo_0,,0,0.46768375585957406,0,0.3182938779008255,0,0
317,1,pseudo_0,,1,0.825571572624239,1,0.5260003886882219,0,1
320,1,pseudo_0,,1,0.9737823665714198,1,0.8106267961847887,0,1
325,0,pseudo_0,,0,0.1544603728793374,0,0.1021922681515595,0,0
329,1,pseudo_0,,1,0.5905868585962138,1,0.5637346434043499,0,1
334,0,pseudo_0,,0,0.16203207438390288,0,0.0877904501588063,0,0
336,0,pseudo_0,,0,0.09561940105468068,0,0.0927615873026402,0,0
337,0,pseudo_0,,0,0.41521106999285984,0,0.4409326655146704,0,0
352,0,pseudo_0,,0,0.3459185831151083,0,0.4777568018944728,0,0
361,0,pseudo_0,,0,0.09670673184309488,0,0.104879305446674,0,0
363,0,pseudo_0,,0,0.4908785291608819,1,0.6468736553400435,0,0
367,1,pseudo_0,,1,0.9786636879331057,1,0.8220489928873322,0,1
375,0,pseudo_0,,0,0.39973446472295415,0,0.1906249196600095,0,0
377,1,pseudo_0,,1,0.528044563456105,0,0.4838529779953993,0,1
378,0,pseudo_0,,0,0.4913817775638073,0,0.4825216981681306,0,0
379,0,pseudo_0,,0,0.1475154436758441,0,0.1926652579422488,0,0
381,1,pseudo_0,,1,0.932461747041869,1,0.6759896321577725,0,1
382,1,pseudo_0,,1,0.6582943638340355,1,0.6926142264728423,0,1
390,1,pseudo_0,,1,0.825644140140727,1,0.6680631181484914,0,1
391,1,pseudo_0,,0,0.41025119928243414,0,0.4801082377963793,0,0
401,1,pseudo_0,,0,0.13459718767896875,0,0.3268132964162148,0,0
408,1,pseudo_0,,1,0.6738211410964234,0,0.4988069123974017,0,1
410,0,pseudo_0,,0,0.3537251520539926,0,0.2253279717791008,0,0
411,0,pseudo_0,,0,0.09561940105468068,0,0.0787116970071125,0,0
413,1,pseudo_0,,1,0.8960562959578431,1,0.6402423454631831,0,1
415,1,pseudo_0,,0,0.11347493232762099,0,0.286294982681804,0,0
418,1,pseudo_0,,1,0.8203072448642992,1,0.5163129519285001,0,1
423,0,pseudo_0,,0,0.12179712075648,0,0.138017595450961,0,0
426,0,pseudo_0,,0,0.08875042965595488,0,0.2130372116675261,0,0
430,1,pseudo_0,,0,0.3044607482754348,0,0.3411931082032431,0,0
433,1,pseudo_0,,1,0.9085024381860215,1,0.5160885413572495,0,1
436,1,pseudo_0,,1,0.9017609708124891,1,0.7579369382400364,0,1
437,0,pseudo_0,,0,0.3687759065808796,0,0.4210837321534499,0,0
450,1,pseudo_0,,0,0.4076552003756323,0,0.4430177218992445,0,0
452,0,pseudo_0,,0,0.1056560492501634,0,0.182160668812275,0,0
454,1,pseudo_0,,0,0.41906085602204013,0,0.2951170449533198,0,0
455,0,pseudo_0,,0,0.10428373984213055,0,0.116000900931703,0,0
458,1,pseudo_0,,1,0.97943458052576,1,0.7268145225872308,0,1
459,1,pseudo_0,,1,0.7757619225517379,1,0.5231379935780873,0,1
462,0,pseudo_0,,0,0.1315131283141239,0,0.1568521699335011,0,0
463,0,pseudo_0,,0,0.49163853293208293,0,0.4212271652688243,0,0
472,0,pseudo_0,,0,0.1325745496089964,0,0.1165975362202472,0,0
473,1,pseudo_0,,1,0.9129995384226773,1,0.6390597163834096,0,1
477,0,pseudo_0,,0,0.1220883713373702,0,0.1640377958399585,0,0
478,0,pseudo_0,,0,0.10763415214711046,0,0.1294606277214681,0,0
482,0,pseudo_0,,0,0.10003464824258956,0,0.2557736153875388,0,0
483,0,pseudo_0,,0,0.11766654011493215,0,0.0890110166854294,0,0
484,1,pseudo_0,,0,0.4585325531873337,0,0.42184986250633,0,0
488,0,pseudo_0,,0,0.3745639106442436,0,0.4181043820316317,0,0
490,1,pseudo_0,,1,0.6718607243270305,1,0.5284827471900717,0,1
494,0,pseudo_0,,0,0.247209595497015,0,0.2231373557851022,0,0
497,1,pseudo_0,,1,0.9537035290994632,1,0.7659033688442634,0,1
509,0,pseudo_0,,0,0.11561930210832624,0,0.1769974913843752,0,0
510,1,pseudo_0,,0,0.21764590495861333,0,0.3303942335703445,0,0
514,1,pseudo_0,,1,0.9350594692244811,1,0.7284540667594623,0,1
516,0,pseudo_0,,1,0.5013456327201219,0,0.4293810535119545,0,1
541,1,pseudo_0,,1,0.8930799160012226,1,0.571112032309207,0,1
544,1,pseudo_0,,0,0.12244612275737565,0,0.2481131655584277,0,0
552,0,pseudo_0,,0,0.08439651764876076,0,0.2113575381665057,0,0
557,1,pseudo_0,,1,0.9213722844067709,1,0.7656344541313544,0,1
573,1,pseudo_0,,1,0.5288217413048687,1,0.5040197402791384,0,1
575,0,pseudo_0,,0,0.13478348194860573,0,0.0943659642247355,0,0
576,0,pseudo_0,,0,0.08127344168406714,0,0.1887505710239166,0,0
583,0,pseudo_0,,0,0.08258380986662861,0,0.1555113665498828,0,0
586,1,pseudo_0,,1,0.9410162758597859,1,0.6395499545257328,0,1
588,1,pseudo_0,,0,0.3974670733990432,1,0.5157196395838592,0,0
590,0,pseudo_0,,0,0.10428373984213055,0,0.137247915756497,0,0
598,0,pseudo_0,,0,0.15322215401402095,0,0.1835111123084665,0,0
599,0,pseudo_0,,0,0.12840773511230372,0,0.2602997758601832,0,0
604,0,pseudo_0,,0,0.11347493232762099,0,0.2368135499596177,0,0
608,1,pseudo_0,,0,0.26378683693209815,0,0.2469863491723535,0,0
610,1,pseudo_0,,1,0.9669237239662963,1,0.7733638658454401,0,1
615,0,pseudo_0,,0,0.13459718767896875,0,0.1654893333005924,0,0
616,1,pseudo_0,,1,0.8982464289928022,1,0.6813821657060131,0,1
624,0,pseudo_0,,0,0.09623189284332555,0,0.1343663442180254,0,0
628,1,pseudo_0,,1,0.9514577794456028,1,0.6757636432549899,0,1
629,0,pseudo_0,,0,0.10432768648259225,0,0.0922641159595843,0,0
632,0,pseudo_0,,0,0.08810934251172862,0,0.1654618970146797,0,0
636,1,pseudo_0,,1,0.8331885614351412,1,0.5882946543800325,0,1
639,0,pseudo_0,,0,0.2688941384353522,0,0.3777039932495991,0,0
642,1,pseudo_0,,1,0.9480517873627387,1,0.6641482417657854,0,1
643,0,pseudo_0,,0,0.2150190514720796,0,0.4094757629499597,0,0
649,0,pseudo_0,,0,0.08852320616491634,0,0.2280818828801226,0,0
651,0,pseudo_0,,0,0.09561940105468068,0,0.0650986384430888,0,0
652,1,pseudo_0,,1,0.8632383591358778,1,0.6904783232959807,0,1
660,0,pseudo_0,,0,0.4878678778241994,0,0.4694665048951037,0,0
667,0,pseudo_0,,0,0.08862163471178078,0,0.2236111541456455,0,0
675,0,pseudo_0,,0,0.10003464824258956,0,0.2249925371086292,0,0
677,0,pseudo_0,,0,0.10428373984213055,0,0.1614436967869972,0,0
681,0,pseudo_0,,1,0.6819340148880865,1,0.6583135668050084,0,1
683,0,pseudo_0,,0,0.1049806532794434,0,0.1886280769853641,0,0
695,0,pseudo_0,,0,0.3243025963618251,0,0.261027823504,0,0
699,0,pseudo_0,,0,0.44166403507458524,1,0.5968682423095735,0,0
712,0,pseudo_0,,0,0.36959923707901093,0,0.4734528505793648,0,0
714,0,pseudo_0,,0,0.1294654995827681,0,0.1390760740115975,0,0
720,0,pseudo_0,,0,0.17087680443512268,0,0.1710364607118957,0,0
726,0,pseudo_0,,0,0.1049806532794434,0,0.1050798838453598,0,0
728,1,pseudo_0,,1,0.7002207922708724,1,0.6330042574028026,0,1
729,0,pseudo_0,,0,0.05992211732442878,0,0.2181297704069778,0,0
751,1,pseudo_0,,1,0.9108621353025596,1,0.5002975409867322,0,1
756,1,pseudo_0,,1,0.6273675039046815,0,0.488338632470834,0,1
770,0,pseudo_0,,0,0.1294654995827681,0,0.1448101452541264,0,0
773,0,pseudo_0,,1,0.8359400537731566,1,0.7859702816344835,0,1
800,0,pseudo_0,,0,0.4923183846621079,0,0.462135057942916,0,0
807,0,pseudo_0,,0,0.31468310871722055,0,0.4344280017028232,0,0
813,0,pseudo_0,,0,0.11729027353008563,0,0.1398777499535607,0,0
822,1,pseudo_0,,0,0.1294654995827681,0,0.1075904525678442,0,0
828,1,pseudo_0,,1,0.615066522364685,0,0.449673635226323,0,1
834,0,pseudo_0,,0,0.09561940105468068,0,0.1661090520636614,0,0
835,0,pseudo_0,,0,0.1049806532794434,0,0.1963112935327381,0,0
838,0,pseudo_0,,0,0.10428373984213055,0,0.2273294958319064,0,0
847,0,pseudo_0,,0,0.1544603728793374,0,0.1175808094202653,0,0
849,0,pseudo_0,,0,0.38641576712348036,0,0.3907564052419642,0,0
850,1,pseudo_0,,1,0.9719034467537254,1,0.6330582139851126,0,1
852,0,pseudo_0,,0,0.10224138442144302,0,0.0802268245069338,0,0
854,1,pseudo_0,,1,0.9371436663230134,1,0.6983511781957399,0,1
857,1,pseudo_0,,1,0.900953236417624,1,0.6522242319370782,0,1
869,0,pseudo_0,,0,0.10276317804348029,0,0.1438971164900737,0,0
876,1,pseudo_0,,1,0.6532146765621804,1,0.7519944014811674,0,1
878,0,pseudo_0,,0,0.09917900258713462,0,0.0924709020580232,0,0
882,0,pseudo_0,,0,0.12179712075648,0,0.0987608555490614,0,0
886,0,pseudo_0,,0,0.3632288664243834,1,0.5538697017219877,0,0
1,0,pseudo_1,,0,0.0698547656867681,0,0.1777997000144611,0,0
6,0,pseudo_1,,0,0.07622669559588402,0,0.1469689825145824,0,0
7,0,pseudo_1,,0,0.46792975544383214,1,0.5872483021604835,0,0
9,1,pseudo_1,,1,0.555179563035368,1,0.5696744369286946,0,1
11,1,pseudo_1,,1,0.662103428952832,1,0.6247168686126038,0,1
14,0,pseudo_1,,0,0.1187817576036347,0,0.0848759136126048,0,0
21,0,pseudo_1,,0,0.11600530812158737,0,0.160346924441474,0,0
27,0,pseudo_1,,0,0.11005188644285424,0,0.257724435298291,0,0
30,0,pseudo_1,,0,0.07217180934907957,0,0.1055068431159346,0,0
32,1,pseudo_1,,1,0.9720416748234402,1,0.8497040183754836,0,1
34,0,pseudo_1,,0,0.11832532142287211,0,0.2212793814278321,0,0
36,0,pseudo_1,,0,0.22723355141696455,0,0.2897429699598233,0,0
39,0,pseudo_1,,0,0.49996621371576727,0,0.2576985998901334,0,0
46,0,pseudo_1,,0,0.08385592072231672,0,0.1827662682822594,0,0
49,0,pseudo_1,,0,0.1989415656159213,0,0.2503973045097374,0,0
50,0,pseudo_1,,1,0.5294552414759008,0,0.4308883715377969,0,1
51,0,pseudo_1,,0,0.2242579865222988,0,0.320944664148125,0,0
54,1,pseudo_1,,1,0.8512580916550705,1,0.7634928489820559,0,1
61,0,pseudo_1,,0,0.11785301260789183,0,0.2914721571345502,0,0
64,0,pseudo_1,,0,0.21929672604071604,0,0.2029411362209124,0,0
65,0,pseudo_1,,0,0.2420015487786186,0,0.3305431566405636,0,0
70,0,pseudo_1,,0,0.07949329154851957,0,0.1969026125876422,0,0
78,0,pseudo_1,,0,0.08385592072231672,0,0.2220541153670217,0,0
80,1,pseudo_1,,1,0.5163764322169078,1,0.5796389661982067,0,1
88,0,pseudo_1,,0,0.08385592072231672,0,0.1988449342294887,0,0
92,0,pseudo_1,,0,0.08433325276121241,0,0.1658800088976664,0,0
101,0,pseudo_1,,1,0.5644965016109107,0,0.3349876431549753,0,1
108,1,pseudo_1,,0,0.07217180934907957,0,0.1379069145795275,0,0
110,1,pseudo_1,,1,0.555271053424713,1,0.5384454833696016,0,1
111,0,pseudo_1,,0,0.3279640038162742,0,0.4376899116363015,0,0
117,0,pseudo_1,,0,0.08773767418557123,0,0.2429885032346273,0,0
121,0,pseudo_1,,0,0.10467591185387373,0,0.240899356772222,0,0
125,0,pseudo_1,,0,0.41799470254388976,0,0.3264695287903094,0,0
138,0,pseudo_1,,0,0.44805002632460766,0,0.4496427877229159,0,0
142,1,pseudo_1,,1,0.6424810633640963,0,0.4826653054767157,0,1
143,1,pseudo_1,,1,0.5179829754181272,0,0.4323313381878227,0,1
150,0,pseudo_1,,0,0.2241153648889163,0,0.2905402939652027,0,0
153,0,pseudo_1,,0,0.12000274820586501,0,0.1373819958123661,0,0
168,0,pseudo_1,,0,0.28295270357773183,0,0.4102791464102091,0,0
171,0,pseudo_1,,0,0.36913211392728335,0,0.3201973867455367,0,0
172,0,pseudo_1,,0,0.2329833780444037,0,0.3020278159815956,0,0
181,0,pseudo_1,,0,0.34425895096335224,0,0.3932693542561752,0,0
191,1,pseudo_1,,1,0.8322808610824617,0,0.495546969347066,0,1
192,0,pseudo_1,,0,0.10292186110317599,0,0.1744977293821397,0,0
209,1,pseudo_1,,1,0.745229186601903,1,0.5241109731649718,0,1
217,1,pseudo_1,,1,0.5157027608940805,1,0.5083769038144331,0,1
218,0,pseudo_1,,0,0.1580811863630353,0,0.3498028083780996,0,0
221,1,pseudo_1,,0,0.11198596545609679,0,0.1684722106848358,0,0
232,0,pseudo_1,,0,0.12114270815752066,0,0.1253114211798435,0,0
236,0,pseudo_1,,1,0.6424810633640963,0,0.4472463073743414,0,1
239,0,pseudo_1,,0,0.10704740779962943,0,0.3103293315715757,0,0
253,0,pseudo_1,,0,0.3680196511243205,0,0.4316073208970893,0,0
259,1,pseudo_1,,1,0.9424419957714264,1,0.730414741127627,0,1
261,0,pseudo_1,,0,0.06490910661962675,0,0.2176519049724325,0,0
268,1,pseudo_1,,0,0.0653560057909887,0,0.0804696954957657,0,0
277,0,pseudo_1,,1,0.5619524388237657,0,0.4096803601171548,0,1
283,0,pseudo_1,,0,0.10893732750382967,0,0.2164222467116607,0,0
285,0,pseudo_1,,0,0.3786653767430567,0,0.3980256047032555,0,0
289,1,pseudo_1,,0,0.11649856279762019,0,0.2356681191176103,0,0
306,1,pseudo_1,,1,0.5890003845391109,0,0.379984244330126,0,1
311,1,pseudo_1,,1,0.9332687561387617,1,0.8383810154469438,0,1
317,1,pseudo_1,,1,0.7464638250216419,1,0.5537189304531048,0,1
321,0,pseudo_1,,0,0.07878019615320798,0,0.2417498827273597,0,0
326,1,pseudo_1,,1,0.9607407376501531,1,0.7295080016125977,0,1
330,1,pseudo_1,,1,0.9455137023455673,1,0.7821685538251367,0,1
333,0,pseudo_1,,0,0.4174200873333147,0,0.380565869204001,0,0
337,0,pseudo_1,,0,0.45665608429156146,0,0.3879791835262877,0,0
342,1,pseudo_1,,1,0.7189594398836503,1,0.6895436519498184,0,1
344,0,pseudo_1,,0,0.09469684637093242,0,0.4028806971216706,0,0
345,0,pseudo_1,,0,0.11531718754829985,0,0.2297600726869145,0,0
351,0,pseudo_1,,0,0.08332731381787614,0,0.1640225260152276,0,0
367,1,pseudo_1,,1,0.9634052905138097,1,0.7928842070744879,0,1
371,1,pseudo_1,,0,0.47857547009733137,0,0.4864852048023723,0,0
380,0,pseudo_1,,0,0.0814866622826734,0,0.1432279012390949,0,0
382,1,pseudo_1,,1,0.6008893752856583,1,0.7009552125356043,0,1
384,1,pseudo_1,,1,0.9288653928191081,1,0.6933279147111826,0,1
391,1,pseudo_1,,0,0.39965985299826323,0,0.4378979781999946,0,0
396,0,pseudo_1,,0,0.07242192962764407,0,0.1460412202888521,0,0
398,0,pseudo_1,,0,0.12227477236525228,0,0.2318925360879229,0,0
399,0,pseudo_1,,0,0.23416619625141682,0,0.2098265364972982,0,0
409,0,pseudo_1,,0,0.08433325276121241,0,0.203404683676262,0,0
411,0,pseudo_1,,0,0.07217180934907957,0,0.0696435223375347,0,0
414,0,pseudo_1,,0,0.10780832982005052,0,0.1820281164441742,0,0
416,0,pseudo_1,,1,0.6012982615412792,1,0.6615059685891264,0,1
423,0,pseudo_1,,0,0.12114270815752066,0,0.1407188760381265,0,0
428,1,pseudo_1,,1,0.7989476151105201,1,0.7103194198595241,0,1
436,1,pseudo_1,,1,0.8941172783537805,1,0.7492678125873501,0,1
445,1,pseudo_1,,0,0.08332731381787614,0,0.2719572023100429,0,0
447,1,pseudo_1,,1,0.8403818208927613,1,0.6849240985835314,0,1
463,0,pseudo_1,,1,0.5196784694975601,0,0.4584973807059654,0,1
471,0,pseudo_1,,0,0.07928972757157716,0,0.1584811703947352,0,0
473,1,pseudo_1,,1,0.8568547271950229,1,0.6467047078228161,0,1
475,0,pseudo_1,,1,0.5393701479616886,1,0.5120458650679853,0,1
477,0,pseudo_1,,0,0.15298191691488672,0,0.1500733544320757,0,0
482,0,pseudo_1,,0,0.11833372722255384,0,0.2883408145806049,0,0
490,1,pseudo_1,,1,0.6739956845940994,1,0.5645978989705462,0,1
491,0,pseudo_1,,0,0.07660946447467919,0,0.2487135190295684,0,0
515,0,pseudo_1,,0,0.06980523212206556,0,0.0766897553463048,0,0
517,1,pseudo_1,,1,0.8265852501069599,1,0.7073036903853931,0,1
524,1,pseudo_1,,1,0.9652557269652956,1,0.7636373907858799,0,1
528,0,pseudo_1,,0,0.32250886845345195,0,0.424796402733243,0,0
530,0,pseudo_1,,0,0.09708030066907151,0,0.3232179481751902,0,0
531,1,pseudo_1,,1,0.8589756780415112,1,0.5626099164980881,0,1
532,0,pseudo_1,,0,0.11005188644285424,0,0.2212100567501613,0,0
533,0,pseudo_1,,0,0.13835523823233847,0,0.1521392187996538,0,0
540,1,pseudo_1,,1,0.924248522572956,1,0.8437954744854441,0,1
541,1,pseudo_1,,1,0.8748926692844388,1,0.5446837408948452,0,1
542,0,pseudo_1,,0,0.30620537414167953,0,0.2998102548722627,0,0
547,1,pseudo_1,,1,0.8215526226369542,1,0.7307659730442424,0,1
553,0,pseudo_1,,0,0.06939889417181233,0,0.2396796395625489,0,0
554,1,pseudo_1,,0,0.11785301260789183,0,0.3329319021435018,0,0
560,1,pseudo_1,,1,0.5992244980143948,1,0.518167131001902,0,1
580,1,pseudo_1,,0,0.12440803541036431,0,0.184231953303627,0,0
582,1,pseudo_1,,1,0.9328455702091569,1,0.7607279948898317,0,1
583,0,pseudo_1,,0,0.12017552137477143,0,0.1943029832943904,0,0
584,0,pseudo_1,,0,0.4193157915550624,0,0.2408663509934648,0,0
592,1,pseudo_1,,1,0.9613091962579934,1,0.7216077581200072,0,1
593,0,pseudo_1,,0,0.09278411948612561,0,0.1432439171596108,0,0
596,0,pseudo_1,,0,0.09306099593503121,0,0.1767117954944674,0,0
602,0,pseudo_1,,0,0.07217180934907957,0,0.0852150244946221,0,0
605,1,pseudo_1,,0,0.2699630554631811,0,0.4201519045398773,0,0
610,1,pseudo_1,,1,0.9644227587820697,1,0.7806542259912418,0,1
612,0,pseudo_1,,0,0.07928972757157716,0,0.1388953762309478,0,0
618,0,pseudo_1,,1,0.5048726208863561,1,0.5027833719506669,0,1
626,0,pseudo_1,,1,0.5247232019517132,0,0.3795336038311944,0,1
636,1,pseudo_1,,1,0.8357721009857965,1,0.578433745306216,0,1
639,0,pseudo_1,,0,0.29938392689709903,0,0.4408708405039657,0,0
640,0,pseudo_1,,0,0.13776539922526412,0,0.2816620644015487,0,0
641,0,pseudo_1,,0,0.08433325276121241,0,0.1835261523284884,0,0
646,1,pseudo_1,,0,0.4356263953653667,1,0.5315925321054038,0,0
653,0,pseudo_1,,0,0.09188369909310054,0,0.2105911938023393,0,0
655,0,pseudo_1,,1,0.7413842843663447,1,0.682231181111176,0,1
659,0,pseudo_1,,0,0.09469684637093242,0,0.3157370469593815,0,0
665,1,pseudo_1,,0,0.08922953984112046,0,0.2181299922628962,0,0
666,0,pseudo_1,,0,0.10582063465123792,0,0.1804312399173503,0,0
677,0,pseudo_1,,0,0.08385592072231672,0,0.2280044984522056,0,0
679,0,pseudo_1,,0,0.37616047548993636,0,0.3876323848476796,0,0
688,0,pseudo_1,,0,0.09188369909310054,0,0.131942332419222,0,0
690,1,pseudo_1,,1,0.9271498971242669,1,0.8074382888848912,0,1
693,1,pseudo_1,,0,0.1874131367655339,0,0.3199044282038517,0,0
701,1,pseudo_1,,1,0.8884102061128378,1,0.7016967226649825,0,1
704,0,pseudo_1,,0,0.06490910661962675,0,0.1396920405726372,0,0
705,0,pseudo_1,,0,0.06789985775722822,0,0.1588038828362602,0,0
707,1,pseudo_1,,1,0.8108501095603086,1,0.7718439686916725,0,1
709,1,pseudo_1,,1,0.7549126398666574,1,0.608455215162716,0,1
714,0,pseudo_1,,0,0.13975936319894047,0,0.1550309479301256,0,0
719,0,pseudo_1,,0,0.08937607823769221,0,0.2089072427438224,0,0
722,0,pseudo_1,,0,0.08299174912327263,0,0.2087105904132248,0,0
723,0,pseudo_1,,0,0.1291814259338008,0,0.2068750947640653,0,0
726,0,pseudo_1,,0,0.09188369909310054,0,0.1197561693168276,0,0
733,0,pseudo_1,,0,0.11833372722255384,0,0.1807092209377613,0,0
747,0,pseudo_1,,0,0.2250031591056751,0,0.2840503319809281,0,0
754,0,pseudo_1,,0,0.07217180934907957,0,0.085485031121237,0,0
757,0,pseudo_1,,0,0.12114270815752066,0,0.1868631532745548,0,0
766,1,pseudo_1,,1,0.9594213825939467,1,0.6741538168651401,0,1
775,1,pseudo_1,,1,0.7297022324481334,1,0.7871296880834705,0,1
780,1,pseudo_1,,1,0.9449315788352347,1,0.7319375586910422,0,1
783,0,pseudo_1,,1,0.5968733998104266,1,0.5260515813390085,0,1
784,0,pseudo_1,,0,0.09578925581744048,0,0.1074068824774174,0,0
791,0,pseudo_1,,0,0.06490910661962675,0,0.3156999882326054,0,0
793,0,pseudo_1,,0,0.34425895096335224,0,0.4165803887908011,0,0
794,0,pseudo_1,,0,0.24757306444375793,0,0.3505562555914503,0,0
796,0,pseudo_1,,0,0.11531718754829985,0,0.188699806499618,0,0
798,1,pseudo_1,,1,0.5144336165420916,0,0.3417275573246736,0,1
808,0,pseudo_1,,1,0.6339341741965073,0,0.3586422454644487,0,1
810,1,pseudo_1,,1,0.9341832632265944,1,0.8124879336264782,0,1
829,1,pseudo_1,,0,0.06490910661962675,0,0.2795690484976246,0,0
836,1,pseudo_1,,1,0.9802927026264268,1,0.7821800687619045,0,1
850,1,pseudo_1,,1,0.93742234159249,1,0.764911112915435,0,1
862,0,pseudo_1,,0,0.11091734736119847,0,0.2396086103549375,0,0
866,1,pseudo_1,,1,0.8083358137847595,1,0.521297122894229,0,1
869,0,pseudo_1,,0,0.08332731381787614,0,0.1184560772970181,0,0
870,1,pseudo_1,,1,0.6839474335861683,0,0.4179058529885843,0,1
871,0,pseudo_1,,0,0.09919593650361277,0,0.0935550697877046,0,0
873,0,pseudo_1,,0,0.3249680948710722,0,0.4208123717801246,0,0
875,1,pseudo_1,,1,0.7535133719052185,1,0.57288508800601,0,1
886,0,pseudo_1,,0,0.3529144589703004,0,0.4981206279710791,0,0
888,1,pseudo_1,,1,0.89970059400929,1,0.7321950708550758,0,1
8,0,pseudo_2,,0,0.26852799928445154,0,0.2060676458967635,0,0
28,0,pseudo_2,,0,0.3542959358114235,0,0.384624080488993,0,0
50,0,pseudo_2,,1,0.5596691603482368,0,0.4505655121632909,0,1
55,0,pseudo_2,,0,0.340570799699431,0,0.4198106483809774,0,0
57,1,pseudo_2,,1,0.7854288121183108,1,0.5205524955265641,0,1
62,1,pseudo_2,,1,0.9625572433551848,1,0.7694055239264048,0,1
71,0,pseudo_2,,0,0.12715478130821192,0,0.2279945406358121,0,0
72,0,pseudo_2,,0,0.3567197688714898,0,0.3363774578584144,0,0
77,0,pseudo_2,,0,0.0960991557142789,0,0.0944459977474169,0,0
88,0,pseudo_2,,0,0.10494174558350579,0,0.252518823990206,0,0
89,1,pseudo_2,,1,0.8017041794154767,1,0.6986305384181347,0,1
107,1,pseudo_2,,1,0.5445490324599885,0,0.480670666221827,0,1
114,0,pseudo_2,,0,0.4995435116566898,1,0.5044152992074258,0,0
116,0,pseudo_2,,0,0.11418315200154264,0,0.2042562711972415,0,0
132,0,pseudo_2,,0,0.10088496126096165,0,0.1292286693055172,0,0
133,0,pseudo_2,,1,0.5368597792895686,0,0.4505402009917282,0,1
134,1,pseudo_2,,1,0.8909609657247124,1,0.5904982564411995,0,1
142,1,pseudo_2,,1,0.549614511471655,0,0.4467723225711427,0,1
143,1,pseudo_2,,1,0.55317037249747,0,0.499164679331828,0,1
145,0,pseudo_2,,0,0.12115314450213424,0,0.2527562166066922,0,0
146,0,pseudo_2,,0,0.1442594050092214,0,0.2235289207079216,0,0
147,1,pseudo_2,,0,0.12082987071160387,0,0.2081962657935638,0,0
150,0,pseudo_2,,0,0.26478064925501343,0,0.2669347887230267,0,0
151,0,pseudo_2,,0,0.26024987351396905,0,0.2374751704611265,0,0
158,0,pseudo_2,,0,0.12693624814458968,0,0.1901291946126214,0,0
160,0,pseudo_2,,0,0.26855727011872915,0,0.239215991341315,0,0
161,0,pseudo_2,,0,0.07085969448031516,0,0.1374390358716679,0,0
162,1,pseudo_2,,1,0.9079328286161109,1,0.7103161788139092,0,1
163,0,pseudo_2,,0,0.10302172296350257,0,0.1053601613401945,0,0
168,0,pseudo_2,,0,0.3406640179446204,0,0.3792756058820865,0,0
169,0,pseudo_2,,0,0.21936631215520142,0,0.2696055744502252,0,0
179,0,pseudo_2,,0,0.13949467803115295,0,0.2485820724196449,0,0
184,1,pseudo_2,,1,0.6423231853456655,1,0.6092396606548843,0,1
188,1,pseudo_2,,0,0.21936631215520142,0,0.4606986723651036,0,0
191,1,pseudo_2,,1,0.888570312029883,1,0.5343211390891871,0,1
192,0,pseudo_2,,0,0.12115314450213424,0,0.1188294699995916,0,0
202,0,pseudo_2,,0,0.21496294458684953,0,0.0969679074639716,0,0
209,1,pseudo_2,,1,0.6981597440644932,0,0.463682785417443,0,1
212,1,pseudo_2,,1,0.8833409476416751,0,0.4959350484700208,0,1
214,0,pseudo_2,,0,0.13949467803115295,0,0.1610681606213057,0,0
218,0,pseudo_2,,0,0.0890876978794759,0,0.4130181282491439,0,0
222,0,pseudo_2,,0,0.1354237780243779,0,0.2213166688452821,0,0
224,0,pseudo_2,,0,0.0960991557142789,0,0.1291354697123596,0,0
228,0,pseudo_2,,0,0.10088496126096165,0,0.1933201553271906,0,0
236,0,pseudo_2,,1,0.549614511471655,1,0.5219728877891161,0,1
242,1,pseudo_2,,1,0.5976462651237031,1,0.6519210658092596,0,1
244,0,pseudo_2,,0,0.09371152957710241,0,0.3104568735877238,0,0
251,0,pseudo_2,,0,0.09595929568798559,0,0.1300828458197118,0,0
269,1,pseudo_2,,1,0.9635173451072986,1,0.7211347250058473,0,1
271,0,pseudo_2,,0,0.17445433414618644,0,0.2464708663561913,0,0
276,1,pseudo_2,,1,0.9652648155050052,1,0.6980025466809616,0,1
278,0,pseudo_2,,0,0.11531578714480271,0,0.2182950981252465,0,0
279,0,pseudo_2,,0,0.18402367337750122,0,0.2219525097532718,0,0
287,1,pseudo_2,,0,0.11931475011941808,0,0.2684632436229752,0,0
291,1,pseudo_2,,1,0.9120380408466912,1,0.7393695528729186,0,1
292,1,pseudo_2,,1,0.9493155870441368,1,0.8309168111294222,0,1
293,0,pseudo_2,,0,0.39685443897112366,0,0.4093322163628498,0,0
296,0,pseudo_2,,0,0.24650079334239225,0,0.2672263367769011,0,0
297,0,pseudo_2,,0,0.11083500869702703,0,0.2543670407685245,0,0
300,1,pseudo_2,,1,0.9008941927901637,1,0.7922858325045226,0,1
301,1,pseudo_2,,1,0.6935692653917137,1,0.7784316245662891,0,1
302,1,pseudo_2,,0,0.11608187686049681,0,0.2976083462386866,0,0
303,0,pseudo_2,,0,0.1495422693136102,0,0.3154722217234147,0,0
306,1,pseudo_2,,1,0.5257389761718959,0,0.3789515307038918,0,1
309,0,pseudo_2,,0,0.14064929708599178,0,0.3413881977383445,0,0
311,1,pseudo_2,,1,0.9529214630491856,1,0.8402588573615452,0,1
314,0,pseudo_2,,0,0.11362929881272706,0,0.1058674987850421,0,0
318,0,pseudo_2,,0,0.25977977269300095,0,0.4233715256927146,0,0
320,1,pseudo_2,,1,0.923263810661578,1,0.8055456555389147,0,1
321,0,pseudo_2,,0,0.09371152957710241,0,0.2588532731043377,0,0
324,1,pseudo_2,,1,0.9149068705270056,1,0.5735447743152459,0,1
329,1,pseudo_2,,1,0.6062053897317802,1,0.558527820440101,0,1
333,0,pseudo_2,,0,0.3650133695416445,0,0.411426033349049,0,0
336,0,pseudo_2,,0,0.0960991557142789,0,0.0940689148353499,0,0
338,1,pseudo_2,,1,0.903608986145968,1,0.8909119577224024,0,1
346,1,pseudo_2,,1,0.8648328336540566,1,0.7115399069435513,0,1
371,1,pseudo_2,,0,0.4516035261318534,0,0.4889532234593858,0,0
376,1,pseudo_2,,1,0.8771429567012161,1,0.5880765404242426,0,1
385,0,pseudo_2,,0,0.0960991557142789,0,0.0922630265859325,0,0
389,0,pseudo_2,,0,0.08803620543207141,0,0.2038703051243519,0,0
412,0,pseudo_2,,0,0.08737499052896837,0,0.1700109230618561,0,0
423,0,pseudo_2,,0,0.11362929881272706,0,0.1452796662567796,0,0
426,0,pseudo_2,,0,0.09595929568798559,0,0.2393599648674264,0,0
430,1,pseudo_2,,0,0.3046603479543357,0,0.3222666350794032,0,0
439,0,pseudo_2,,0,0.29175068917128844,0,0.4257640623990625,0,0
441,1,pseudo_2,,1,0.9070750146117901,1,0.5712280412480161,0,1
443,0,pseudo_2,,0,0.09347764221959871,0,0.1020120251171905,0,0
448,1,pseudo_2,,0,0.24633263128403438,0,0.1913775694956364,0,0
452,0,pseudo_2,,0,0.08758769714219004,0,0.1784952009923517,0,0
463,0,pseudo_2,,0,0.4412578820142026,0,0.4091926709770434,0,0
464,0,pseudo_2,,0,0.1393669115429038,0,0.3496244239094284,0,0
465,0,pseudo_2,,0,0.10494174558350579,0,0.2475487734264154,0,0
469,0,pseudo_2,,0,0.08803620543207141,0,0.0812705859531144,0,0
470,1,pseudo_2,,1,0.7084794754372862,1,0.6882145783157106,0,1
479,0,pseudo_2,,0,0.0913661120817194,0,0.1710203321123536,0,0
483,0,pseudo_2,,0,0.11863002375938697,0,0.1155513247147162,0,0
494,0,pseudo_2,,0,0.23298919686995853,0,0.2522453944810328,0,0
495,0,pseudo_2,,0,0.11418315200154264,0,0.1640951253947604,0,0
503,0,pseudo_2,,1,0.6935692653917137,1,0.6096181413744041,0,1
509,0,pseudo_2,,0,0.15192754769070563,0,0.2054149519448136,0,0
519,1,pseudo_2,,1,0.9089989241444043,1,0.6594312318414159,0,1
521,1,pseudo_2,,1,0.9612357814790885,1,0.7824243193915746,0,1
522,0,pseudo_2,,0,0.09416679096313252,0,0.0751257547273666,0,0
530,0,pseudo_2,,0,0.11503505936544538,0,0.384791431597523,0,0
531,1,pseudo_2,,1,0.9214490938301905,1,0.5707193457724485,0,1
543,0,pseudo_2,,0,0.3480966710463526,0,0.3934448263970499,0,0
545,0,pseudo_2,,0,0.3664793575391162,0,0.438308638406456,0,0
550,1,pseudo_2,,1,0.646972156156396,0,0.4384448296789524,0,1
554,1,pseudo_2,,0,0.11399198011515399,0,0.2843839937983706,0,0
556,0,pseudo_2,,0,0.20198175783278968,0,0.2233635909379799,0,0
566,0,pseudo_2,,0,0.11044193932705999,0,0.1324424629684378,0,0
568,0,pseudo_2,,0,0.3619481450183763,0,0.4510521927909612,0,0
584,0,pseudo_2,,0,0.4037871852287442,0,0.2670771552739986,0,0
585,0,pseudo_2,,0,0.12624899800258158,0,0.1272962797126424,0,0
588,1,pseudo_2,,0,0.340570799699431,1,0.5339951840184791,0,0
595,0,pseudo_2,,0,0.09977175006568682,0,0.2270163131899177,0,0
596,0,pseudo_2,,0,0.09117778805160688,0,0.1547485677425698,0,0
606,0,pseudo_2,,0,0.07360926342000237,0,0.1591100689405825,0,0
608,1,pseudo_2,,0,0.24135268632297224,0,0.2241620714743481,0,0
609,1,pseudo_2,,1,0.9070540771104068,1,0.590688892234049,0,1
613,1,pseudo_2,,1,0.5976462651237031,1,0.6456156548056562,0,1
614,0,pseudo_2,,0,0.08803620543207141,0,0.1756190701594052,0,0
625,0,pseudo_2,,0,0.11126863000782651,0,0.1083165747906066,0,0
635,0,pseudo_2,,0,0.29746766646004463,0,0.267817139405213,0,0
640,0,pseudo_2,,0,0.08246902698935639,0,0.2620437674818401,0,0
650,1,pseudo_2,,1,0.520677165530206,0,0.4706465538087804,0,1
651,0,pseudo_2,,0,0.0960991557142789,0,0.07020769460621,0,0
654,1,pseudo_2,,1,0.6851333020834728,1,0.5859648733291413,0,1
661,1,pseudo_2,,0,0.34120735956252085,0,0.3718113103711474,0,0
665,1,pseudo_2,,0,0.1076196851775672,0,0.2506197362390417,0,0
666,0,pseudo_2,,0,0.10670921745189726,0,0.1914590814587149,0,0
676,0,pseudo_2,,0,0.10167351491705115,0,0.1426825312122873,0,0
678,1,pseudo_2,,0,0.47875333024918926,0,0.4836033935062672,0,0
680,1,pseudo_2,,0,0.4120396659675701,0,0.4980590390234108,0,0
697,0,pseudo_2,,0,0.12482662817126264,0,0.1907897120007158,0,0
698,1,pseudo_2,,1,0.6935692653917137,1,0.642610066657886,0,1
708,1,pseudo_2,,0,0.47449842765264066,0,0.4927153300007195,0,0
709,1,pseudo_2,,1,0.8103987821224232,1,0.5964823433922466,0,1
713,1,pseudo_2,,0,0.2764555574344969,1,0.5072593365989524,0,0
714,0,pseudo_2,,0,0.12023084898034163,0,0.1559610757896181,0,0
717,1,pseudo_2,,1,0.9011854413244146,1,0.7761060353459943,0,1
718,1,pseudo_2,,1,0.8346900896437918,1,0.7938657517342379,0,1
730,0,pseudo_2,,0,0.49720744647867404,0,0.4944248455880485,0,0
733,0,pseudo_2,,0,0.11276022476381035,0,0.1617803072086613,0,0
737,0,pseudo_2,,0,0.34823042089744355,1,0.5032059752536092,0,0
739,0,pseudo_2,,0,0.0960991557142789,0,0.0917873834200499,0,0
740,0,pseudo_2,,0,0.0960991557142789,0,0.0922836447563699,0,0
743,1,pseudo_2,,1,0.8075481552476624,1,0.7154136210287511,0,1
747,0,pseudo_2,,0,0.1920480460143851,0,0.2758870621124372,0,0
752,1,pseudo_2,,1,0.6235909216299563,1,0.6232082448095159,0,1
753,0,pseudo_2,,0,0.11931475011941808,0,0.109356879195003,0,0
760,1,pseudo_2,,1,0.9701531423295593,1,0.7801348165328611,0,1
767,0,pseudo_2,,0,0.32492695243960684,0,0.3296707883121774,0,0
772,0,pseudo_2,,0,0.10998320893635115,0,0.1834043781640524,0,0
773,0,pseudo_2,,1,0.8666890757672613,1,0.7451803623889464,0,1
783,0,pseudo_2,,1,0.5248520088057452,1,0.5029100085780475,0,1
786,0,pseudo_2,,0,0.09595929568798559,0,0.2438494961643089,0,0
794,0,pseudo_2,,0,0.2487209916851041,0,0.346548600712373,0,0
799,0,pseudo_2,,0,0.11982062401203142,0,0.2398098741759987,0,0
802,1,pseudo_2,,1,0.9085120531515481,1,0.5883150791745974,0,1
803,1,pseudo_2,,1,0.6233709489486992,1,0.6656687831031106,0,1
804,1,pseudo_2,,1,0.5537298990064786,0,0.4684521242478124,0,1
813,0,pseudo_2,,0,0.1218859224548229,0,0.1564829279710955,0,0
822,1,pseudo_2,,0,0.12023084898034163,0,0.1140818492947024,0,0
828,1,pseudo_2,,1,0.5694272452940286,0,0.3933172962844063,0,1
831,1,pseudo_2,,1,0.5450537296530878,1,0.5967477222847828,0,1
837,0,pseudo_2,,0,0.10337574890985096,0,0.0749593029416848,0,0
846,0,pseudo_2,,0,0.09806837230289489,0,0.2480855482577663,0,0
855,0,pseudo_2,,1,0.901693542671766,1,0.6368818441407699,0,1
856,1,pseudo_2,,1,0.5389134108714065,0,0.4960470569920962,0,1
862,0,pseudo_2,,0,0.1309720151672895,0,0.1616741141141518,0,0
864,0,pseudo_2,,0,0.35736328097278525,0,0.3673763026588084,0,0
868,0,pseudo_2,,0,0.36507651108625755,0,0.3773922744905076,0,0
872,1,pseudo_2,,1,0.9640415017790819,1,0.7679427966587009,0,1
877,0,pseudo_2,,0,0.1079313004346777,0,0.1264333507312989,0,0
883,0,pseudo_2,,1,0.5319094703348071,1,0.5830957908409558,0,1
889,0,pseudo_2,,1,0.5522771461008188,1,0.5845971891937438,0,1
890,1,pseudo_2,,0,0.4067938970954484,1,0.5210315668844443,0,0
1,0,pseudo_3,,0,0.13811939862243275,0,0.2155568430373483,0,0
8,0,pseudo_3,,0,0.41201348667214255,0,0.197006396774808,0,0
13,0,pseudo_3,,0,0.12990983346830606,0,0.1582152408331129,0,0
18,1,pseudo_3,,0,0.09072630263101754,0,0.2566722353536525,0,0
22,1,pseudo_3,,0,0.2828266136404311,0,0.4842140823872475,0,0
27,0,pseudo_3,,0,0.14332293867172247,0,0.2438675311837733,0,0
32,1,pseudo_3,,1,0.9766236623357768,1,0.7659219539804009,0,1
39,0,pseudo_3,,1,0.581511597769316,0,0.214420587370308,1,0
41,0,pseudo_3,,1,0.5211392703118283,1,0.5070029975504845,0,1
45,1,pseudo_3,,1,0.6587671718925772,1,0.58427081402731,0,1
46,0,pseudo_3,,0,0.11627223238434911,0,0.1524713190972978,0,0
49,0,pseudo_3,,0,0.218245887901898,0,0.2488223879074779,0,0
53,1,pseudo_3,,1,0.9539944455674468,1,0.7358761722959922,0,1
58,0,pseudo_3,,0,0.15096094393878584,0,0.2505359431549491,0,0
62,1,pseudo_3,,1,0.9589515473180471,1,0.804506769445618,0,1
71,0,pseudo_3,,0,0.09898289487601426,0,0.2419340833371055,0,0
75,1,pseudo_3,,0,0.26623148957882997,1,0.5113016356160669,0,0
77,0,pseudo_3,,0,0.09852866385649756,0,0.0985505252428215,0,0
78,0,pseudo_3,,0,0.11627223238434911,0,0.2565379246819229,0,0
86,1,pseudo_3,,1,0.5565611756898913,0,0.4146731280211743,0,1
89,1,pseudo_3,,1,0.8387909915953966,1,0.6034607338613861,0,1
99,1,pseudo_3,,1,0.8210197020433557,1,0.6075584709261737,0,1
109,0,pseudo_3,,0,0.10881752294537192,0,0.0843432541470966,0,0
129,1,pseudo_3,,1,0.7146064352998276,1,0.73650531265991,0,1
133,0,pseudo_3,,1,0.532978266019065,0,0.3968638292231251,0,1
143,1,pseudo_3,,1,0.5417205481361069,0,0.4760928788039628,0,1
152,1,pseudo_3,,1,0.8907365452591927,1,0.6603364258098154,0,1
153,0,pseudo_3,,0,0.12730734706619729,0,0.1949864497194947,0,0
156,0,pseudo_3,,0,0.26667253171093264,0,0.2883298387398113,0,0
165,0,pseudo_3,,0,0.31371493018985963,0,0.2959247962498468,0,0
168,0,pseudo_3,,0,0.3946926745427225,0,0.3989966438276099,0,0
169,0,pseudo_3,,0,0.3261651842618795,0,0.2586674875460725,0,0
170,0,pseudo_3,,0,0.26642309339149683,0,0.4825474417882833,0,0
176,0,pseudo_3,,0,0.151588770122149,0,0.1700670236970886,0,0
177,0,pseudo_3,,0,0.3600093534396037,0,0.2501813797058618,0,0
180,0,pseudo_3,,0,0.09602245054943814,0,0.2478016271204184,0,0
181,0,pseudo_3,,0,0.4664770487508917,0,0.3413450953383733,0,0
186,0,pseudo_3,,0,0.33194525079671394,0,0.3923029786790262,0,0
190,0,pseudo_3,,0,0.10881752294537192,0,0.081046883890361,0,0
191,1,pseudo_3,,1,0.8333282364689341,0,0.4882806480958879,0,1
195,1,pseudo_3,,1,0.8947392947848738,1,0.6562852320956004,0,1
204,0,pseudo_3,,0,0.13010613646165875,0,0.1683539411943828,0,0
207,0,pseudo_3,,0,0.10114285375372398,0,0.2192055279755282,0,0
209,1,pseudo_3,,1,0.671871905534303,1,0.5097874557440556,0,1
224,0,pseudo_3,,0,0.09852866385649756,0,0.115451742251477,0,0
229,0,pseudo_3,,0,0.09081613261568652,0,0.2343105357968398,0,0
232,0,pseudo_3,,0,0.12426834328327763,0,0.1736158305120484,0,0
239,0,pseudo_3,,0,0.096108290519204,0,0.1987706162246455,0,0
240,0,pseudo_3,,0,0.09939927637864485,0,0.1973409987821883,0,0
246,0,pseudo_3,,1,0.517284658474142,1,0.6036314057039793,0,1
248,1,pseudo_3,,1,0.8029928867485153,1,0.5343694902634679,0,1
249,1,pseudo_3,,0,0.3412324133125175,0,0.4291746793992728,0,0
250,0,pseudo_3,,0,0.36644978351796914,0,0.2680111737376442,0,0
253,0,pseudo_3,,0,0.33725246166966616,0,0.3540997971536749,0,0
255,0,pseudo_3,,1,0.5700159686940005,1,0.5083519439518184,0,1
269,1,pseudo_3,,1,0.9306973211392096,1,0.6294001927631532,0,1
272,1,pseudo_3,,0,0.09524048873241252,0,0.2095215589061069,0,0
277,0,pseudo_3,,1,0.5413642466757336,0,0.4519857801051199,0,1
279,0,pseudo_3,,0,0.31482362563811456,0,0.2551960012694879,0,0
300,1,pseudo_3,,1,0.9128536060976286,1,0.7670784110918419,0,1
305,0,pseudo_3,,0,0.11627223238434911,0,0.213003724455764,0,0
306,1,pseudo_3,,1,0.5946475382685736,0,0.4211742047203576,0,1
308,1,pseudo_3,,1,0.910268210027482,1,0.547222662449366,0,1
318,0,pseudo_3,,0,0.26207993536238033,0,0.4237837817354734,0,0
319,1,pseudo_3,,1,0.9312084206687685,1,0.7009859196801658,0,1
326,1,pseudo_3,,1,0.9683509415186684,1,0.6860549594960258,0,1
327,0,pseudo_3,,0,0.08888705449043338,0,0.1353964213869933,0,0
329,1,pseudo_3,,1,0.5879095831715048,1,0.5310062366606593,0,1
330,1,pseudo_3,,1,0.9384494866984987,1,0.7749307658297698,0,1
332,0,pseudo_3,,0,0.35408384582758373,0,0.2830958738009314,0,0
334,0,pseudo_3,,0,0.20468005811620518,0,0.0871735641836852,0,0
351,0,pseudo_3,,0,0.11225259011390863,0,0.1709781503504271,0,0
353,0,pseudo_3,,0,0.24463814397442918,0,0.1717845078754198,0,0
361,0,pseudo_3,,0,0.11988203841590288,0,0.1006875496273717,0,0
365,0,pseudo_3,,0,0.1488433603898552,0,0.2281357483321618,0,0
369,1,pseudo_3,,1,0.6757606329929501,1,0.679233979077638,0,1
373,0,pseudo_3,,0,0.12990983346830606,0,0.1883074378839597,0,0
376,1,pseudo_3,,1,0.896073748488008,1,0.5115126976164992,0,1
377,1,pseudo_3,,1,0.5647048101032625,1,0.5335003100113883,0,1
379,0,pseudo_3,,0,0.1562268071545334,0,0.2069952018334403,0,0
382,1,pseudo_3,,1,0.6336682623425336,1,0.695568433441736,0,1
383,0,pseudo_3,,0,0.14767790067919512,0,0.2971568249430258,0,0
385,0,pseudo_3,,0,0.09852866385649756,0,0.079725319185164,0,0
386,0,pseudo_3,,0,0.1453797012152134,0,0.2009206692534059,0,0
391,1,pseudo_3,,0,0.2968358283347593,0,0.4890964492189107,0,0
393,0,pseudo_3,,0,0.14599317905389367,0,0.1364379855301818,0,0
407,0,pseudo_3,,0,0.08807336401262077,0,0.1372717477343747,0,0
419,0,pseudo_3,,0,0.09939927637864485,0,0.2102769154652668,0,0
428,1,pseudo_3,,1,0.8476570012480241,1,0.6596280814025984,0,1
432,1,pseudo_3,,1,0.5426325504612344,0,0.4938653964681671,0,1
439,0,pseudo_3,,0,0.27201037698267067,0,0.4062571791428085,0,0
443,0,pseudo_3,,0,0.13817037485195832,0,0.1103969330485145,0,0
444,1,pseudo_3,,1,0.8119595448877431,0,0.4159011407943132,0,1
446,1,pseudo_3,,1,0.7059345568254989,0,0.4872813018757178,0,1
450,1,pseudo_3,,0,0.42791727938111457,0,0.3828806301420869,0,0
455,0,pseudo_3,,0,0.11627223238434911,0,0.1069056521262648,0,0
459,1,pseudo_3,,1,0.7471244059008889,1,0.5476775952509301,0,1
466,0,pseudo_3,,0,0.09632667485393695,0,0.1713044200289718,0,0
473,1,pseudo_3,,1,0.8675603062193802,1,0.5869297235003811,0,1
476,0,pseudo_3,,0,0.29128762489299787,0,0.4080893538981268,0,0
478,0,pseudo_3,,0,0.12341845286949635,0,0.1311502273570433,0,0
479,0,pseudo_3,,0,0.09170085597989537,0,0.1842124791315248,0,0
481,0,pseudo_3,,0,0.3605527514930872,0,0.2754594963924369,0,0
489,0,pseudo_3,,0,0.14767790067919512,0,0.1671798786181028,0,0
491,0,pseudo_3,,0,0.12834602049025137,0,0.2615050859130832,0,0
492,0,pseudo_3,,0,0.10013598362609061,0,0.1931511866759739,0,0
494,0,pseudo_3,,0,0.2664340638710259,0,0.2195983790406754,0,0
501,0,pseudo_3,,0,0.12059655243168753,0,0.1206666157703021,0,0
505,1,pseudo_3,,1,0.951996923473642,1,0.8170584271758295,0,1
507,1,pseudo_3,,1,0.8787493369521657,1,0.54523003487741,0,1
511,1,pseudo_3,,0,0.09522657939603864,0,0.2081981167923711,0,0
514,1,pseudo_3,,1,0.9355494349337123,1,0.7217946885505924,0,1
518,0,pseudo_3,,0,0.1624374122764174,0,0.1430598392459201,0,0
525,0,pseudo_3,,0,0.14332293867172247,0,0.229003930029734,0,0
527,1,pseudo_3,,1,0.7471244059008889,0,0.2552441535181656,0,1
531,1,pseudo_3,,1,0.9198252352605286,1,0.5029604020456473,0,1
543,0,pseudo_3,,0,0.4371475119859922,0,0.3987157859824831,0,0
548,1,pseudo_3,,0,0.12289311321642667,0,0.2219245706903186,0,0
551,1,pseudo_3,,0,0.35979647069806875,0,0.3923038569326533,0,0
557,1,pseudo_3,,1,0.9199865779441223,1,0.7354321326668749,0,1
558,0,pseudo_3,,0,0.2875350635380272,0,0.3335572968413794,0,0
560,1,pseudo_3,,1,0.5731707565152436,0,0.4474616926586435,0,1
561,0,pseudo_3,,0,0.08112705941130993,0,0.2251815416471137,0,0
563,0,pseudo_3,,0,0.09099448318610244,0,0.2538670177531462,0,0
565,0,pseudo_3,,1,0.5350797376418769,1,0.5528556851030181,0,1
567,0,pseudo_3,,0,0.10695608573762708,0,0.0990517092606334,0,0
571,1,pseudo_3,,0,0.08520777432226324,0,0.2047470725103539,0,0
575,0,pseudo_3,,0,0.16436690783163224,0,0.10218983786659,0,0
576,0,pseudo_3,,0,0.09600720988242852,0,0.1931016894881186,0,0
577,1,pseudo_3,,1,0.8095478016067889,1,0.500754723468304,0,1
578,1,pseudo_3,,1,0.9122191796006432,1,0.6865860594383036,0,1
596,0,pseudo_3,,0,0.10763156435312568,0,0.1650685585520868,0,0
597,1,pseudo_3,,1,0.8587143792432191,0,0.4902125281891356,0,1
599,0,pseudo_3,,0,0.13927029926967824,0,0.278868236331321,0,0
607,0,pseudo_3,,0,0.12107676696842884,0,0.0848538460783417,0,0
609,1,pseudo_3,,1,0.8833735209677837,1,0.5030616306831687,0,1
627,0,pseudo_3,,0,0.2650052049263045,0,0.2141373353793169,0,0
638,0,pseudo_3,,0,0.11607273916909557,0,0.308730002152244,0,0
646,1,pseudo_3,,0,0.3579077610075231,0,0.4283973002040615,0,0
670,1,pseudo_3,,1,0.9278661467469568,1,0.8063713123381306,0,1
678,1,pseudo_3,,0,0.48728981587720877,0,0.4942229976366387,0,0
692,1,pseudo_3,,1,0.5983524339237097,0,0.3207059118137264,0,1
700,0,pseudo_3,,0,0.1773343723202164,0,0.2631223651284324,0,0
703,0,pseudo_3,,1,0.532734657080456,1,0.5777562438489846,0,1
705,0,pseudo_3,,0,0.12112849276567283,0,0.1405338942831955,0,0
714,0,pseudo_3,,0,0.14587518653229775,0,0.1986266332556327,0,0
719,0,pseudo_3,,0,0.10507287922494983,0,0.1887731619919771,0,0
721,1,pseudo_3,,1,0.8795763247572552,1,0.5818888850312554,0,1
723,0,pseudo_3,,0,0.09939927637864485,0,0.1917217629640749,0,0
725,1,pseudo_3,,0,0.34212042083400385,0,0.4218849148707815,0,0
726,0,pseudo_3,,0,0.12059655243168753,0,0.1255768233245725,0,0
728,1,pseudo_3,,1,0.6757606329929501,1,0.5900075108415563,0,1
730,0,pseudo_3,,1,0.529751754723279,1,0.5264307262853156,0,1
745,1,pseudo_3,,0,0.14767790067919512,0,0.2675368133888871,0,0
747,0,pseudo_3,,0,0.2547656341750938,0,0.3467065040109712,0,0
767,0,pseudo_3,,0,0.40000131012816265,0,0.3211921809743384,0,0
771,0,pseudo_3,,0,0.11225259011390863,0,0.1787742149068133,0,0
790,0,pseudo_3,,0,0.38754024350219524,0,0.3433447539785839,0,0
791,0,pseudo_3,,0,0.08112705941130993,0,0.321286061057986,0,0
796,0,pseudo_3,,0,0.0929995692750522,0,0.1736652003881389,0,0
799,0,pseudo_3,,0,0.14181711718891377,0,0.2770180926463922,0,0
801,0,pseudo_3,,0,0.07988811094544962,0,0.210883150471962,0,0
802,1,pseudo_3,,1,0.8532713078967611,1,0.6712495923696483,0,1
804,1,pseudo_3,,1,0.6669488110985532,0,0.4770774899631996,0,1
810,1,pseudo_3,,1,0.9604187796194629,1,0.7561902239671496,0,1
815,0,pseudo_3,,0,0.14767790067919512,0,0.1340027614830199,0,0
816,0,pseudo_3,,0,0.2647816165801368,0,0.345030717230359,0,0
818,0,pseudo_3,,0,0.16103495834649417,0,0.3328829580482815,0,0
823,0,pseudo_3,,0,0.33690730314144945,0,0.3320372869733662,0,0
831,1,pseudo_3,,1,0.5435830138930481,1,0.5378298293689215,0,1
837,0,pseudo_3,,0,0.12059655243168753,0,0.0904499826227194,0,0
864,0,pseudo_3,,0,0.4664770487508917,0,0.3694023538617213,0,0
866,1,pseudo_3,,1,0.8200909899470054,1,0.5780139744131638,0,1
872,1,pseudo_3,,1,0.9628525113392512,1,0.7028099330840918,0,1
873,0,pseudo_3,,0,0.3103191427138391,0,0.4238129184773284,0,0
875,1,pseudo_3,,1,0.8107951285167089,1,0.5891816326968841,0,1
876,1,pseudo_3,,1,0.6429475198044686,1,0.7949896478832155,0,1
884,0,pseudo_3,,0,0.09309413141029052,0,0.2604961959687873,0,0
4,1,pseudo_4,,1,0.9066061420834504,1,0.6279652933014708,0,1
5,0,pseudo_4,,0,0.13173903804013867,0,0.1059054496212133,0,0
8,0,pseudo_4,,0,0.296402414283519,0,0.2133899624662381,0,0
13,0,pseudo_4,,0,0.11160951360367091,0,0.1393757641143383,0,0
16,1,pseudo_4,,1,0.865156640729776,1,0.7011980927884222,0,1
22,1,pseudo_4,,0,0.33135879331762264,0,0.4398388877288344,0,0
42,0,pseudo_4,,1,0.9010070802615991,1,0.5729414085851446,0,1
43,0,pseudo_4,,0,0.1324858730219504,0,0.134093096120983,0,0
44,1,pseudo_4,,1,0.8288555694099754,1,0.5255666820401123,0,1
49,0,pseudo_4,,0,0.15269467208088297,0,0.2065528776215803,0,0
54,1,pseudo_4,,1,0.894175047000009,1,0.7518735201839218,0,1
63,0,pseudo_4,,0,0.32555241327066214,0,0.3685648358111947,0,0
64,0,pseudo_4,,0,0.22792218691228666,0,0.2260015629973179,0,0
69,1,pseudo_4,,0,0.4421204618047868,0,0.4304013861890381,0,0
73,0,pseudo_4,,0,0.13634003920292176,0,0.1973070575640534,0,0
81,0,pseudo_4,,0,0.10663229594924259,0,0.2323473128323646,0,0
83,1,pseudo_4,,1,0.7401830956726062,1,0.5936937147307696,0,1
84,0,pseudo_4,,0,0.2706758828807186,0,0.2435629277686981,0,0
93,0,pseudo_4,,0,0.4579495772187418,0,0.3367943473668578,0,0
95,0,pseudo_4,,0,0.09139070284679164,0,0.145646725806786,0,0
98,1,pseudo_4,,0,0.492138129873383,1,0.5287754286105464,0,0
104,0,pseudo_4,,0,0.1420947699310293,0,0.1444911729334046,0,0
111,0,pseudo_4,,0,0.2516345511286512,0,0.4850819494167559,0,0
112,0,pseudo_4,,1,0.5490475703494356,1,0.5160090865055188,0,1
114,0,pseudo_4,,1,0.5243836813480008,1,0.5030867437236614,0,1
116,0,pseudo_4,,0,0.11160951360367091,0,0.3120627068813453,0,0
117,0,pseudo_4,,0,0.08082957078669854,0,0.1831946477008793,0,0
118,0,pseudo_4,,0,0.05756287527167646,0,0.2635450905176597,0,0
121,0,pseudo_4,,0,0.11117292405516391,0,0.2391650578687326,0,0
123,0,pseudo_4,,0,0.16169494143794697,0,0.3156316700490756,0,0
127,0,pseudo_4,,0,0.08203612241924357,0,0.1778362244647445,0,0
139,0,pseudo_4,,0,0.12482402053419293,0,0.1436749741678262,0,0
145,0,pseudo_4,,0,0.10124351514154771,0,0.2472305399087312,0,0
160,0,pseudo_4,,0,0.29097195222112326,0,0.2547466097210791,0,0
168,0,pseudo_4,,0,0.3136035467341427,0,0.4142697079532891,0,0
170,0,pseudo_4,,0,0.23727803221857774,1,0.5166252949642689,0,0
173,1,pseudo_4,,1,0.5941043185932715,0,0.3673844373032893,0,1
174,0,pseudo_4,,0,0.11160951360367091,0,0.3506221040715244,0,0
184,1,pseudo_4,,1,0.7237812646019716,1,0.6272219882801231,0,1
185,1,pseudo_4,,1,0.6129550474003405,0,0.4369551585296078,0,1
189,0,pseudo_4,,0,0.09175947233623392,0,0.0577161216778097,0,0
192,0,pseudo_4,,0,0.10124351514154771,0,0.1374868778656172,0,0
197,0,pseudo_4,,0,0.08203612241924357,0,0.2378318003560456,0,0
202,0,pseudo_4,,0,0.2310906572073899,0,0.1065027827550159,0,0
208,1,pseudo_4,,0,0.12686397476702269,0,0.1885397282629165,0,0
210,1,pseudo_4,,0,0.2750642335792486,0,0.2706752844750125,0,0
224,0,pseudo_4,,0,0.0903546531177462,0,0.1145075228437014,0,0
228,0,pseudo_4,,0,0.08868523584850702,0,0.182985898584935,0,0
232,0,pseudo_4,,0,0.12110535305367558,0,0.1590052269687537,0,0
233,0,pseudo_4,,0,0.10343186469897757,0,0.2174390589047232,0,0
234,1,pseudo_4,,0,0.2968308119092839,0,0.4586598481494551,0,0
237,0,pseudo_4,,0,0.05261317912746471,0,0.1828105918596149,0,0
247,0,pseudo_4,,1,0.5946203538983329,0,0.3492299937875728,0,1
249,1,pseudo_4,,0,0.48937268649532817,0,0.4044726934597266,0,0
251,0,pseudo_4,,0,0.0876688327322227,0,0.1597268566475019,0,0
257,1,pseudo_4,,1,0.949320257497819,1,0.7169998892259902,0,1
263,0,pseudo_4,,0,0.4149719342715434,1,0.5686608365019947,0,0
266,0,pseudo_4,,0,0.11107259695004111,0,0.1790815575173771,0,0
267,0,pseudo_4,,0,0.1367347153930875,0,0.111977038802093,0,0
272,1,pseudo_4,,0,0.09298061579173524,0,0.1740010320338593,0,0
273,1,pseudo_4,,1,0.8497397816230355,1,0.8102738085862443,0,1
275,1,pseudo_4,,1,0.7385410757742586,1,0.5052179253511758,0,1
277,0,pseudo_4,,1,0.5815846643214908,0,0.4117313089614881,0,1
279,0,pseudo_4,,0,0.23960079076506727,0,0.2478855394175797,0,0
283,0,pseudo_4,,0,0.14355137563597895,0,0.2754742864173393,0,0
285,0,pseudo_4,,0,0.27028534403235543,0,0.262508458888831,0,0
289,1,pseudo_4,,0,0.10589860132223798,0,0.2636745663245,0,0
291,1,pseudo_4,,1,0.8638479479786265,1,0.7667935285534251,0,1
292,1,pseudo_4,,1,0.9469378762701287,1,0.8095458502350388,0,1
296,0,pseudo_4,,0,0.2622883552024456,0,0.2791103788081921,0,0
300,1,pseudo_4,,1,0.9286242796388051,1,0.7933420393825384,0,1
301,1,pseudo_4,,1,0.7385410757742586,1,0.8041995525413991,0,1
309,0,pseudo_4,,0,0.16055065300758867,0,0.2678673351213438,0,0
332,0,pseudo_4,,0,0.2676015520754229,0,0.3670697415641987,0,0
344,0,pseudo_4,,0,0.09450831810070169,0,0.3056344093475395,0,0
345,0,pseudo_4,,0,0.10511845049890978,0,0.209798858598119,0,0
346,1,pseudo_4,,1,0.8448987284050821,1,0.6909176768570502,0,1
347,1,pseudo_4,,1,0.8153035713720124,0,0.4983820158089224,0,1
349,1,pseudo_4,,1,0.6711160156719795,0,0.4428754766538905,0,1
351,0,pseudo_4,,0,0.10767791624127236,0,0.2025375814295098,0,0
363,0,pseudo_4,,1,0.5247134312545606,1,0.5858403524613588,0,1
369,1,pseudo_4,,1,0.7385410757742586,1,0.7012274608958727,0,1
374,0,pseudo_4,,0,0.33509005669095177,0,0.4058802918219762,0,0
378,0,pseudo_4,,0,0.4229300039591372,0,0.448256880996085,0,0
382,1,pseudo_4,,1,0.6704992959281201,1,0.645258899496137,0,1
388,1,pseudo_4,,1,0.8153035713720124,1,0.5911710873211897,0,1
390,1,pseudo_4,,1,0.8303850062359579,1,0.7198249630353776,0,1
391,1,pseudo_4,,0,0.3863555252435509,0,0.4781417213201904,0,0
392,1,pseudo_4,,0,0.09044775697756842,0,0.1676443044897616,0,0
394,1,pseudo_4,,1,0.9659324742939881,1,0.7076394068631013,0,1
400,1,pseudo_4,,1,0.8684185150644694,1,0.5576624101552881,0,1
412,0,pseudo_4,,0,0.10955625679478834,0,0.1520022779997466,0,0
421,0,pseudo_4,,0,0.1324858730219504,0,0.0844370566594025,0,0
423,0,pseudo_4,,0,0.12110535305367558,0,0.1438431149989086,0,0
425,0,pseudo_4,,0,0.09999447288813193,0,0.1195839382376836,0,0
427,1,pseudo_4,,1,0.894175047000009,1,0.5301058827669776,0,1
429,0,pseudo_4,,0,0.08203612241924357,0,0.1578185253829764,0,0
431,1,pseudo_4,,0,0.3043796582655166,0,0.339678185306893,0,0
435,0,pseudo_4,,0,0.43077765436315024,0,0.4340650825612524,0,0
458,1,pseudo_4,,1,0.9750570486557489,1,0.7199535787760839,0,1
469,0,pseudo_4,,0,0.08203612241924357,0,0.0884431225725647,0,0
473,1,pseudo_4,,1,0.884400963198158,1,0.641707893177075,0,1
477,0,pseudo_4,,0,0.12732063190420925,0,0.1398018250697706,0,0
500,0,pseudo_4,,0,0.0903546531177462,0,0.0994040705458782,0,0
503,0,pseudo_4,,1,0.7385410757742586,1,0.5893352696049793,0,1
511,1,pseudo_4,,0,0.09714268110403966,0,0.2195640846115318,0,0
515,0,pseudo_4,,0,0.08580961929649542,0,0.08743328807718,0,0
516,0,pseudo_4,,0,0.4926776329353604,0,0.3981327811219202,0,0
524,1,pseudo_4,,1,0.9643517509028985,1,0.7728956792005642,0,1
525,0,pseudo_4,,0,0.1275221996396974,0,0.1552730882742189,0,0
527,1,pseudo_4,,1,0.7902717057593162,0,0.2770185930668545,0,1
528,0,pseudo_4,,0,0.31323665830313463,0,0.4024034870511704,0,0
540,1,pseudo_4,,1,0.9118207859339195,1,0.7991037439527026,0,1
542,0,pseudo_4,,0,0.23230589141811553,0,0.2710051349950989,0,0
544,1,pseudo_4,,0,0.1283862630734958,0,0.2104921603890752,0,0
556,0,pseudo_4,,0,0.2579819937057402,0,0.2387610240943697,0,0
558,0,pseudo_4,,0,0.3119297078027465,0,0.3297725951104381,0,0
562,0,pseudo_4,,0,0.10667015805163786,0,0.0899567342200872,0,0
567,0,pseudo_4,,0,0.09044775697756842,0,0.0929224429443671,0,0
568,0,pseudo_4,,0,0.3532807396622382,0,0.4351121267347819,0,0
577,1,pseudo_4,,1,0.8298777511053819,1,0.505409964120914,0,1
588,1,pseudo_4,,0,0.3211032406598625,1,0.5308767520957854,0,0
591,0,pseudo_4,,0,0.09558948613058423,0,0.2731036818465361,0,0
595,0,pseudo_4,,0,0.05199791765286309,0,0.1894539750903457,0,0
607,0,pseudo_4,,0,0.11724941922366931,0,0.1125112521054975,0,0
609,1,pseudo_4,,1,0.8301976327650112,1,0.5118012683082077,0,1
618,0,pseudo_4,,1,0.531245349234554,0,0.4787869888081958,0,1
623,1,pseudo_4,,0,0.15584604239989147,0,0.1519228908850045,0,0
624,0,pseudo_4,,0,0.09601534893017122,0,0.1144540952370673,0,0
628,1,pseudo_4,,1,0.9555530958233471,1,0.6704297397414015,0,1
631,1,pseudo_4,,0,0.23256466335355727,0,0.2723312824442327,0,0
639,0,pseudo_4,,0,0.31654897249915875,0,0.4601516564579702,0,0
647,0,pseudo_4,,0,0.09044775697756842,0,0.1064149921915061,0,0
650,1,pseudo_4,,1,0.6061083099411977,0,0.4417330947149512,0,1
652,1,pseudo_4,,1,0.8680894389454396,1,0.6971669516095217,0,1
661,1,pseudo_4,,0,0.39397035128273006,0,0.3079862242948872,0,0
665,1,pseudo_4,,0,0.09503831228247933,0,0.2964978719810921,0,0
670,1,pseudo_4,,1,0.9427336399130186,1,0.8468186555163427,0,1
671,1,pseudo_4,,1,0.8887128457226843,1,0.6277332580447942,0,1
701,1,pseudo_4,,1,0.8838321558161555,1,0.7593411581873949,0,1
711,1,pseudo_4,,1,0.9021256347214721,1,0.8226294469803757,0,1
730,0,pseudo_4,,1,0.5550191326478185,1,0.6164390644065239,0,1
731,1,pseudo_4,,1,0.957756817343724,1,0.7234288592070209,0,1
734,0,pseudo_4,,0,0.09450831810070169,0,0.1608105815229484,0,0
736,0,pseudo_4,,0,0.10875768282437608,0,0.2453909218715272,0,0
737,0,pseudo_4,,0,0.3229897733525389,0,0.4522897367444422,0,0
739,0,pseudo_4,,0,0.0903546531177462,0,0.0937062192702364,0,0
749,0,pseudo_4,,0,0.4847299905354214,1,0.5454889698558365,0,0
755,1,pseudo_4,,1,0.8042291492840355,1,0.6825127993921537,0,1
768,0,pseudo_4,,1,0.7054137859788936,1,0.594603545254605,0,1
769,0,pseudo_4,,0,0.12890884308909342,0,0.2375761623811722,0,0
770,0,pseudo_4,,0,0.1420947699310293,0,0.2120093789528721,0,0
773,0,pseudo_4,,1,0.8416032830300655,1,0.7686170642811143,0,1
774,0,pseudo_4,,0,0.1313642515325612,0,0.1755176064067686,0,0
781,1,pseudo_4,,1,0.7010921237394484,0,0.4426415154763275,0,1
784,0,pseudo_4,,0,0.10057364589462336,0,0.106943361227447,0,0
785,0,pseudo_4,,0,0.0876688327322227,0,0.1274608885037822,0,0
791,0,pseudo_4,,0,0.08203612241924357,0,0.2692747813486002,0,0
793,0,pseudo_4,,0,0.29005243613695153,0,0.4205409622676383,0,0
794,0,pseudo_4,,0,0.27466545848083346,0,0.3274328093295374,0,0
795,0,pseudo_4,,0,0.0903546531177462,0,0.1154232144680769,0,0
796,0,pseudo_4,,0,0.10511845049890978,0,0.1725405089348818,0,0
808,0,pseudo_4,,1,0.5884949484681115,0,0.3676830283244225,0,1
817,0,pseudo_4,,1,0.5589812197980717,1,0.627923461268678,0,1
823,0,pseudo_4,,0,0.27551210988806524,0,0.3675585243794946,0,0
824,1,pseudo_4,,1,0.654807032064718,1,0.7914766208035685,0,1
830,1,pseudo_4,,1,0.9547115664347438,1,0.8407056915188329,0,1
840,1,pseudo_4,,0,0.25556239059621616,1,0.5524660752407484,0,0
841,0,pseudo_4,,0,0.11160951360367091,0,0.200454281696514,0,0
852,0,pseudo_4,,0,0.10212356826875855,0,0.079916357509532,0,0
865,0,pseudo_4,,0,0.09450831810070169,0,0.0988518139381933,0,0
869,0,pseudo_4,,0,0.10767791624127236,0,0.1106425589004722,0,0
870,1,pseudo_4,,1,0.6746843365430049,0,0.4268325513454282,0,1
877,0,pseudo_4,,0,0.08998800531378824,0,0.1114910699075905,0,0
881,1,pseudo_4,,1,0.8875595731524056,1,0.633286156130559,0,1
887,0,pseudo_4,,0,0.22278320209364055,0,0.2384958621426808,0,0
888,1,pseudo_4,,1,0.8747118703117819,1,0.6695611509383932,0,1
890,1,pseudo_4,,0,0.28629635711632406,0,0.4922762953308828,0,0
