PassengerId,fold,Survived,fold_safe__RandomForest,fold_safe__ExtraTrees,fold_safe__GradientBoosting,fold_safe__XGBoost,fold_safe__LightGBM,fold_safe__CatBoost,fold_safe__Ensemble
1,1,0,0.09145490011570968,0.11775275741761262,0.10535785496121856,0.09837521612644196,0.10897529947914948,0.1090760191653612,0.10440665971590507
2,4,1,0.9447231091768289,0.9200518848918047,0.9320234087986273,0.9427044987678528,0.945832871309008,0.9615961333245888,0.9436415568410489
3,3,1,0.5720721346833807,0.621319411497407,0.5939108574555049,0.5646722316741943,0.6004605235343293,0.5446976364684614,0.575879840648736
4,3,1,0.9258694254500489,0.900570470473113,0.915549803984799,0.912200927734375,0.8954843470087656,0.948027457295533,0.9210429062334133
5,0,0,0.11298220175144487,0.13067065605286687,0.14137370208709335,0.11307474225759506,0.1284555223021195,0.1249734174747941,0.1249929913358516
6,4,0,0.1109287329330671,0.12809386310829535,0.12117515172960165,0.13596610724925995,0.14280392892229524,0.1191050751261286,0.12493360972032361
7,0,0,0.2622936517931279,0.3149677597245414,0.16641301357071628,0.18955035507678986,0.21791478032096578,0.2520428173614749,0.22683567984338987
8,4,0,0.14283884445214315,0.21805364655995949,0.07231330770931321,0.109287790954113,0.10177613274888757,0.07692785877670852,0.10896098902556856
9,4,1,0.7075458377171423,0.7348012280509478,0.7259894591132874,0.7291297316551208,0.649606871934329,0.8004601306504381,0.7357115564723902
10,3,1,0.8817377779542168,0.8248075223720768,0.902217726692694,0.8937976360321045,0.8825834418623046,0.9038961981754202,0.8881768852053854
11,2,1,0.7884206619282578,0.7954126760619281,0.9133934079631103,0.9261667132377625,0.9427790325970837,0.9440470790854826,0.896006064166685
12,4,1,0.7839566041957178,0.8244881177521527,0.8524492387161281,0.8521539568901062,0.8272873298725131,0.8780321302872144,0.8431997070848748
13,4,0,0.12513225193651922,0.12967650519658624,0.09991447534331367,0.10214760154485703,0.12295466978541919,0.11472385160446971,0.11312633356742999
14,0,0,0.109242233076003,0.11055053068161563,0.12217370751051967,0.07734488695859909,0.0682869382050664,0.06341961633042985,0.09002870482649988
15,3,0,0.6745843092723317,0.629965041563515,0.7859029339202932,0.773737907409668,0.746570604400237,0.7188337685284572,0.7304778213853316
16,3,1,0.7797263653711495,0.7944180922165264,0.6275722124706533,0.7355316281318665,0.748111096699047,0.6966227168917415,0.7179883210406691
17,1,0,0.07550945641550097,0.15075425962451863,0.06265578986594568,0.059384219348430634,0.07557924121602155,0.037001777990376024,0.06761821488684844
18,4,1,0.110147544257928,0.13122893124339052,0.09991447534331367,0.11018580943346024,0.12931612830540928,0.1291911376773652,0.11689447896826527
19,3,0,0.704927197007827,0.6943810664974955,0.668223483971999,0.6830100417137146,0.6795720534340611,0.6654910916525941,0.679753869594621
20,0,1,0.6230848135251971,0.6646484907243541,0.6699611574753802,0.582967221736908,0.5472143796749859,0.6287636681800354,0.6224256019561801
21,1,0,0.12308912511772192,0.14790259314874893,0.11497527775176784,0.11051066219806671,0.10916081597680458,0.15553165256667173,0.12814981081184848
22,3,1,0.1503367700442314,0.24584773055539438,0.15875940796229104,0.18069474399089813,0.15511051511708862,0.17696879154473177,0.17477936835070382
23,1,1,0.688192268779365,0.6830046794625659,0.7426669168039671,0.7818641066551208,0.7406050887095595,0.7257465390163124,0.731932656580013
24,1,1,0.3903807825638679,0.3055870934684671,0.34664616350286187,0.3311983048915863,0.3286944630749577,0.3862151994658719,0.35410796658428023
25,0,0,0.13877114424980494,0.21975664186849725,0.06555698021782855,0.04221184179186821,0.052258656110070294,0.08303547520913647,0.09032983463955097
26,4,1,0.31217793819042616,0.332284127022871,0.3691254510512904,0.3519802391529083,0.32415920297026674,0.31342399646043384,0.33504816088382594
27,0,0,0.1127342378769105,0.13084242225614715,0.10765110769354955,0.1120152622461319,0.12825875238837323,0.12333500946300606,0.11758727949967643
28,2,0,0.4862458909554223,0.3414496060000663,0.41002871686081116,0.41952815651893616,0.3663276941307574,0.3202064452093828,0.38967759963469095
29,0,1,0.6665770900537541,0.6687255524260701,0.6947496965648164,0.6955297589302063,0.6877938466236474,0.6476548033033102,0.675608095337867
30,2,0,0.09601281411075424,0.11552308503721914,0.1009198274150611,0.09860040992498398,0.10271406989941519,0.10795939401900877,0.10311953358303777
31,0,0,0.4637272147013417,0.39581325598260175,0.6655092679679616,0.650264322757721,0.6654340828035712,0.6297513253999915,0.5962763655789529
32,0,1,0.9646591758216171,0.9783300615553424,0.9526685520235947,0.9571927785873413,0.9698480804876638,0.9794963960965943,0.966363055723879
33,4,1,0.6592247942533709,0.6395437129701858,0.6712844917388313,0.6500590443611145,0.65630526159865,0.625514871317488,0.6491160416442504
34,3,0,0.12935570964867843,0.10786458016192416,0.13994420321364848,0.09667747467756271,0.10534452873523974,0.07095708568923872,0.10578787433757009
35,0,0,0.4015502291451454,0.31764861801325234,0.4747192329560347,0.5144083499908447,0.4832500999343977,0.4153426138031205,0.4419835762066929
36,1,0,0.29880781203111384,0.2396009797712899,0.271812548441483,0.25077950954437256,0.3689673733385301,0.2902763855712545,0.2827655151056338
37,2,1,0.09687208099724237,0.11611191395273154,0.10213811909171758,0.09967324882745743,0.11292752254576055,0.10518209474756593,0.10409255307016205
38,4,0,0.12018872834107654,0.12974792648012873,0.09991447534331367,0.10208169370889664,0.12295466978541919,0.11281400581664323,0.11190130414231915
39,3,0,0.6442035475663287,0.6491547490453985,0.6287392931260927,0.5893405079841614,0.6192471976266523,0.613570491365409,0.6204793098655574
40,1,1,0.7275214056734947,0.7520544969815576,0.855447649479248,0.8593109250068665,0.8765941626302988,0.8703162491820038,0.8325238540049337
41,1,0,0.6036031185394427,0.6473287560378563,0.5081023322908037,0.6058531999588013,0.5869254944496801,0.5894133314672722,0.5841103321464092
42,4,0,0.8418731581220871,0.7822287763726792,0.8600498632761515,0.8850355744361877,0.852893120969427,0.7764441145041904,0.8329212796210391
43,1,0,0.11762970849469696,0.13410360470897068,0.12627868572581416,0.12311456352472305,0.13534580945973668,0.12263256550956772,0.12512618891857466
44,0,1,0.9100780467866967,0.8322909071961312,0.9530273459474908,0.9598616361618042,0.958643939588781,0.9401439446132144,0.9332189742716583
45,4,1,0.6248313703077037,0.6370435529599451,0.6712844917388313,0.6601265072822571,0.65630526159865,0.611154276341045,0.642130355891494
46,0,0,0.10993865879604917,0.12980656101275578,0.1032365320910869,0.10406896471977234,0.12868029919921498,0.11022214257356458,0.11135611984616745
47,4,0,0.12735929211974403,0.14621949285202607,0.11944931392073757,0.13806380331516266,0.15083168301385616,0.13125625328683385,0.13312569817343833
48,2,1,0.6650233836134585,0.660594689744207,0.671488860218818,0.6667878031730652,0.6301468218777763,0.6366440633085042,0.6556440072097198
49,1,0,0.12393745658248749,0.134610983811554,0.12284475757527713,0.11376193165779114,0.13939988382883364,0.12583311608508044,0.12477132211929565
50,2,0,0.682877009139002,0.6602207625815301,0.6359661375162183,0.6365451216697693,0.6731456409594332,0.6191989851293114,0.645070189844472
51,4,0,0.077448589942737,0.15894794742518645,0.05774375071113552,0.046739816665649414,0.06691196240786366,0.05156825072619623,0.06799205563162161
52,4,0,0.11578231957616267,0.1289143216512413,0.09991447534331367,0.09812193363904953,0.11231692986497324,0.11254690841551815,0.10923448198839802
53,1,1,0.9584162484915826,0.9607097027289869,0.9390100587776815,0.9435783624649048,0.9454657907619028,0.9680310256191634,0.9529054272761346
54,0,1,0.8399820505422,0.7692369940716706,0.8643877262042327,0.8644626140594482,0.8248246831875421,0.7999346822510581,0.831157213922752
55,2,0,0.29271093201802884,0.3734978979358463,0.21122055758839403,0.229737788438797,0.24346679588082956,0.2191016910377624,0.2485702011492507
56,0,1,0.2702516236171703,0.2821924538256566,0.2067350786600254,0.2345091551542282,0.21228636468820594,0.29010770475032766,0.2507613983443944
57,1,1,0.8143143449127319,0.7406480102356195,0.8892352169955472,0.8973802328109741,0.8749018724877913,0.8269578400218558,0.8477646899760191
58,4,0,0.1096976812893944,0.12975322702726041,0.17499426968384035,0.12674449384212494,0.11957435361612341,0.11397704375465394,0.13022942390160408
59,2,1,0.889191070987611,0.8360924364694259,0.9424041822132969,0.9632670283317566,0.96717210938842,0.9579705122664338,0.9343319854095454
60,4,0,0.0940343084056729,0.16497880132173212,0.0678710182920032,0.055923640727996826,0.04679521109633643,0.04859083465697765,0.07218918797090221
61,0,0,0.1131554617632541,0.13081902624134656,0.13411545406164238,0.1275668889284134,0.12932288769643,0.12289741551279354,0.1260483331344753
62,1,1,0.926835611110249,0.9267270856068979,0.9451185251668655,0.9549137353897095,0.9618375705203165,0.9656495327221858,0.9493006425711202
63,1,0,0.3652598464393158,0.3269358642652268,0.30930607610444105,0.3098691701889038,0.31733964989780805,0.34926492933034364,0.3303678099734558
64,0,0,0.10749512432401262,0.1805913309025803,0.06527286475619289,0.05605265498161316,0.054768728339738615,0.05623737158442972,0.07798472141650241
65,0,0,0.28309755219631305,0.2310662297596449,0.34506389170718094,0.34040719270706177,0.33649148656470884,0.32431999744800505,0.3173946207067322
66,3,1,0.7750534822201822,0.8041827594216198,0.9180067063658466,0.8744751811027527,0.8910284619185295,0.902042007079862,0.8697860237307276
67,0,1,0.838856084397818,0.8445739924807264,0.8515834634458384,0.8342518210411072,0.8156001285601044,0.7888891528013738,0.8262351698614884
68,1,0,0.11714816397088844,0.12813315114609178,0.10531542375388304,0.11517498642206192,0.11221519242434648,0.12314121818109205,0.11649044553313909
69,0,1,0.27946210108717084,0.2801642205119049,0.060808107447718925,0.06088462844491005,0.034103883607773756,0.08129638602049352,0.11800876925869269
70,3,0,0.08982759004235405,0.11621524002067483,0.0917397066577861,0.0796932801604271,0.08846380850663602,0.10279868549161209,0.09392831209562985
71,4,0,0.11372688350755845,0.1174472193265488,0.09991447534331367,0.11327049136161804,0.13749531524601835,0.11326324103540435,0.11350608958322793
72,1,0,0.11423918940966843,0.2510856246748345,0.05409832285499818,0.051399294286966324,0.04356678843178849,0.037396799537514604,0.07704984303488412
73,1,0,0.2214665161769721,0.1650019901783551,0.15447830043852606,0.19827471673488617,0.2853643271436315,0.2205855935023464,0.20395361096901354
74,3,0,0.11112969854921345,0.12988924490158368,0.09970868199484434,0.09384201467037201,0.09490617865667834,0.11244363941838424,0.10597004632584756
75,2,1,0.2610571893312494,0.15357913417119193,0.31198990069810145,0.3080415427684784,0.2063262891341216,0.29803948126351487,0.27366527973941346
76,0,0,0.13063392154397663,0.16423819600270192,0.10662279256427834,0.1082913875579834,0.12119631889352664,0.11913374467786854,0.12090481191513884
77,1,0,0.10937148640618846,0.1265826125322227,0.10681516606475744,0.10728386789560318,0.10901899971002235,0.11326236144468667,0.11110128133839657
78,3,0,0.09154704276775882,0.11218399241409777,0.09241765981009605,0.08529675751924515,0.09732000499044872,0.10138780024745449,0.09557228968335034
79,1,1,0.8541456344677995,0.8037176490194413,0.9320834422965554,0.9524814486503601,0.9523380160651953,0.9359423396001105,0.9146259747680443
80,0,1,0.5929217465662626,0.6994820318469575,0.7581555858019406,0.7643002271652222,0.7764984524451338,0.8383976453070028,0.7506268843343318
81,4,0,0.10570531934356693,0.12670307550116058,0.09991447534331367,0.09742424637079239,0.11060493205604974,0.10564373940847513,0.10546527785219609
82,4,1,0.11581750431444832,0.1276946000551629,0.10136900421792684,0.11730127036571503,0.14014196451162933,0.10563989413200449,0.11430031055357597
83,4,1,0.6592247942533709,0.6395437129701858,0.6712844917388313,0.6500590443611145,0.65630526159865,0.623816870817677,0.6486915415192978
84,4,0,0.3116807367691926,0.22151381115970747,0.28671004177238396,0.2207333743572235,0.1842065372938586,0.34180574710906997,0.2742642653639245
85,4,1,0.7869947434066457,0.7055653022554488,0.8635177929743919,0.8744763135910034,0.8701716455637442,0.8162257387332966,0.8272781622893194
86,1,1,0.6208236339197536,0.6588041578677948,0.6145491155777907,0.5997893214225769,0.6535965185518239,0.6855646301178048,0.6386224576594496
87,2,0,0.09382561212305099,0.09676987367039011,0.06755725095321788,0.05615363270044327,0.049854558053485425,0.036238202116221335,0.06253801225063277
88,4,0,0.12365985616980908,0.12983595396845327,0.12160691715343484,0.10208169370889664,0.12295466978541919,0.11215110911853345,0.11660354025295826
89,1,1,0.8078783820169911,0.8381255141178497,0.9064146609511311,0.9224855899810791,0.9295110865568604,0.9488302171078776,0.900933021833431
90,3,0,0.08918453828521956,0.11218399241409777,0.09030912817522206,0.08347225189208984,0.09732000499044872,0.10078929484149467,0.09428168020707364
91,0,0,0.12140901576466813,0.12748147596351375,0.1045193436098639,0.10907597094774246,0.1281813490006063,0.11144309327587994,0.11435747109160348
92,1,0,0.11527079837378407,0.12817906326193917,0.11152387565431705,0.10373863577842712,0.10901899971002235,0.12199244674572994,0.11456104002624509
93,3,0,0.3875645415997427,0.37394244609091803,0.5313344335380545,0.47354835271835327,0.5013800813271497,0.3457187430539491,0.433073176996537
94,2,0,0.15038556355436444,0.13357380698692328,0.16673416830970866,0.11607011407613754,0.1302843486294446,0.1329122065622405,0.13873255821252084
95,0,0,0.10802473443813371,0.12138501119787216,0.09033426602804276,0.09668327867984772,0.07557730650829295,0.08657116326518684,0.09494624169421137
96,4,0,0.10541399959906003,0.12465844498087256,0.09991447534331367,0.10208169370889664,0.12059168041479335,0.10897637013398519,0.10798043882336394
97,4,0,0.2707285584019972,0.3453901788721547,0.20481124598867104,0.21955934166908264,0.2241299836181384,0.24337884699584145,0.24328012928984
98,1,1,0.35643749902785904,0.3485746704202247,0.2825800227322696,0.33533334732055664,0.24788630243940404,0.36429858258447173,0.3277690417968249
99,1,1,0.8699410016768286,0.8421227891866806,0.8895422331330757,0.9052267670631409,0.8962314955727995,0.9075819850292959,0.8901758750240396
100,0,0,0.14802128357543357,0.1652599916754207,0.15083818946117078,0.12766385078430176,0.13169892824364196,0.1943690173842369,0.15619174692337506
101,4,0,0.5260695620914382,0.5821189900957843,0.5142998741725523,0.5227867960929871,0.5488733504211258,0.49528962964889,0.5232494098307372
102,4,0,0.10307877220821958,0.12391147178044919,0.09991447534331367,0.09530583024024963,0.11013270856507802,0.10897637013398519,0.10515438751599462
103,2,0,0.44814231914127883,0.3538722913869312,0.4572658021891564,0.5226531624794006,0.5240956341480139,0.4705656645496334,0.46864334949580616
104,0,0,0.10938815413664543,0.1281141209458774,0.10425770993533692,0.10936323553323746,0.15041108274420978,0.10809988124627003,0.11400990289478792
105,1,0,0.09465874293883425,0.10583933071687432,0.09484776201341015,0.08018588274717331,0.07510122366880681,0.10349697776130283,0.09317384027183566
106,0,0,0.11625608596454809,0.12697700405114315,0.10133742012358192,0.10773982107639313,0.12664731385678027,0.11334121089125096,0.1129515956482823
107,1,1,0.6406306699288155,0.6531656953760501,0.656271205778945,0.6035879254341125,0.6030481979222823,0.629312890417676,0.6310160386661862
108,4,1,0.1027674376048321,0.12391147178044919,0.09991447534331367,0.0942486822605133,0.11013270856507802,0.11044811839615153,0.10526419479508083
109,0,0,0.1086812685284623,0.12751602909047205,0.1010828523659515,0.10936323553323746,0.11422415212914579,0.09503529316881763,0.10632424927327334
110,2,1,0.6281414523143591,0.6602186237998077,0.6525080790729836,0.6246790885925293,0.6311801727093963,0.657421653164534,0.6431539443223104
111,1,0,0.34030891726096707,0.32970502090519727,0.38213519178002703,0.31206226348876953,0.3706668527134954,0.3234209925497693,0.34077826414221596
112,3,0,0.5332996720035971,0.526359222659652,0.1236406234973613,0.13931860029697418,0.17135914191943344,0.16161800677745725,0.2427631337116795
113,3,0,0.08918453828521956,0.11218399241409777,0.09030912817522206,0.08289343863725662,0.09732000499044872,0.10279362304615484,0.09466699960727205
114,0,0,0.42948324436740754,0.487259832804521,0.03211160071816651,0.05181816592812538,0.030226098757910644,0.12679033781589916,0.1646546175945875
115,0,0,0.6401629278922755,0.647074115878391,0.7228044300564821,0.7276906967163086,0.6960224551557075,0.6397149583856938,0.6803618612382327
116,4,0,0.2343971239563389,0.23463536049845424,0.41149604767572,0.34897249937057495,0.1303993636606261,0.34254232832812803,0.3093923325006499
117,2,0,0.08944389781475626,0.10089158128310746,0.08432020158965119,0.06221921741962433,0.028463875408776988,0.056530430092478066,0.0697926216663765
118,1,0,0.10959448734291746,0.12506454120045912,0.11807054069693013,0.10629773139953613,0.14102796865755338,0.06808050179519885,0.10494220395533184
119,0,0,0.49363236836077984,0.4626089794977161,0.6494545953819746,0.5018814206123352,0.4779119135443077,0.4671863922228094,0.5151607458128836
120,3,0,0.2156497930768828,0.32743859083457183,0.07405094052832038,0.08865612745285034,0.08626059060733679,0.08056919987769444,0.12640110067138102
121,1,0,0.19074215292518126,0.14417196756697048,0.1524817211713275,0.1629999876022339,0.2596021363714613,0.18678507723114204,0.17878134439511814
122,1,0,0.10575257167203803,0.12493738941369205,0.10463777132217171,0.11346245557069778,0.11221519242434648,0.10553079087608641,0.10958088703220506
123,4,0,0.1847424853471721,0.18218480415682567,0.14549662796546844,0.1618635207414627,0.1460484843485093,0.18091690626338078,0.16723595795984075
124,2,1,0.8010342929289292,0.7969133525630331,0.8689421186346609,0.8530709147453308,0.8528680548409556,0.9083524432495145,0.8566240021681151
125,1,0,0.30941877067057827,0.3072130569432118,0.26508358383393965,0.2567504942417145,0.2696839448471075,0.23823461562323425,0.2680279853005581
126,2,1,0.6905452192657789,0.7526614633582819,0.9093167498174175,0.9081383943557739,0.9181628579903057,0.9019581439919535,0.8596447798573523
127,0,0,0.11328120317631925,0.12815047395397516,0.11141147633483883,0.11754634231328964,0.12825875238837323,0.1173528311115703,0.117762874618201
128,1,1,0.09785055606635754,0.12461227138263753,0.1030200105246533,0.1071644127368927,0.11439716099613206,0.1015173682886484,0.1059947533723019
129,0,1,0.7344012193336861,0.8104089585786773,0.8556886528101281,0.8770917654037476,0.8860423674737556,0.8887506156535584,0.848549053061461
130,2,0,0.1044292008045884,0.11405280438167063,0.0927954446034978,0.06764770299196243,0.040431665226838956,0.05887736294712315,0.07792079733741206
131,2,0,0.09402032961400718,0.1156475995431898,0.0998783149838001,0.09141355007886887,0.09963338453851457,0.10775592630944635,0.1008285024401669
132,0,0,0.11465404361551429,0.12948370400649428,0.10738600883810763,0.09897294640541077,0.13418132372921154,0.11694094765641196,0.1140716372787044
133,4,0,0.5247404419756576,0.6132110085834496,0.5345873017370766,0.5765658617019653,0.5912223471956363,0.5337090219899631,0.5548122900595563
134,4,1,0.8413354316445659,0.7919389784757432,0.8600498632761515,0.8754226565361023,0.852893120969427,0.8129465041366626,0.8410146546878183
135,0,0,0.1273445734351861,0.11857255271316149,0.11226505887515623,0.11031007021665573,0.10604267151205006,0.1289971340640994,0.11832751777218632
136,2,0,0.12624924400635001,0.133577841826381,0.11148372428290028,0.09161145985126495,0.07802852861702253,0.14519309532503671,0.11701533430338508
137,4,1,0.8897182168400934,0.8960335486981993,0.933438901743085,0.9235182404518127,0.9143999743027975,0.9474763202305488,0.9227615933227304
138,4,0,0.4076319371264371,0.3285218062336629,0.5670793308820165,0.5877415537834167,0.5839931149607935,0.3821769103798831,0.47890468721646867
139,4,0,0.11693733678275987,0.127730066304315,0.10245469570431709,0.06814581155776978,0.057698885440096624,0.1131729924367636,0.0984968452534634
140,4,0,0.40319981167304025,0.38890544541214517,0.43306826663754605,0.4269793927669525,0.41688764906843434,0.4888177610764557,0.4352732533490276
141,4,0,0.4023350384813749,0.4849053059167986,0.0958635015743504,0.0861452966928482,0.07690633561116585,0.1176134413015662,0.18233653990383392
142,0,1,0.5701029996361855,0.6252413892243682,0.6229334238191703,0.5867342948913574,0.5940173014900512,0.5911560797775114,0.5971638827033532
143,4,1,0.6234415380247712,0.6632852528168465,0.663439076966503,0.5935262441635132,0.5954019163361365,0.5995647945965638,0.6206692104941581
144,0,0,0.12576078674858962,0.13172235303720126,0.09980177031206872,0.12029015272855759,0.13065063019947523,0.11652719631827217,0.11825160002364941
145,3,0,0.14182056347446734,0.1301859805369569,0.14847250236127046,0.12001946568489075,0.1410318501933942,0.1852113499554536,0.14839609869230086
146,2,0,0.19409275344810534,0.14385267854676698,0.13108278421729547,0.1125272884964943,0.09615840125989439,0.1978935879841798,0.15131043253668486
147,0,1,0.11945385550545831,0.12697700405114315,0.10303241503770699,0.10854104906320572,0.13274857947512436,0.11515897576095524,0.11499507343886686
148,0,0,0.21748929873739095,0.25226466583489493,0.06764229011450022,0.0499415397644043,0.05199303300979807,0.08093535969455092,0.10679977059449658
149,0,0,0.16856173909186234,0.24836406565414887,0.14274911817390118,0.1275227814912796,0.12600129084975534,0.192512954431989,0.16490341505520317
150,2,0,0.2355600501608221,0.2106049030472731,0.1756056579186063,0.18422359228134155,0.19275213785824688,0.2542655358132699,0.2112019456079824
151,0,0,0.1886763863008185,0.21550613112080094,0.15009820549392427,0.15858915448188782,0.2111582882580125,0.19013927772280226,0.18024019130886712
152,3,1,0.9165425424984295,0.9032077542975584,0.9210314634162595,0.9024071097373962,0.9033006895243583,0.9425875512061502,0.9184668281892249
153,3,0,0.10784533984563462,0.11141035069621355,0.07322233539367072,0.09459888935089111,0.10534452873523974,0.059550486647534054,0.08630415553078641
154,0,0,0.125662166248327,0.12075821028753965,0.09616511709283466,0.09152711182832718,0.10346111922820704,0.10271810455907913,0.10448922981282588
155,1,0,0.09912045228170174,0.12461227138263753,0.1030200105246533,0.11053285747766495,0.11815981757627507,0.10206519741906812,0.1073721496933772
156,0,0,0.25522335885918446,0.2610030261746381,0.2391195845968356,0.28241461515426636,0.2986425239877871,0.24773021517354787,0.2604874525887276
157,2,1,0.6730813746954166,0.660594689744207,0.6777035721350513,0.6795316338539124,0.6365191205696021,0.6641464762158706,0.6681572474874538
158,3,0,0.1283651334583787,0.11069238785502233,0.10294647372668915,0.12913145124912262,0.18292614403793167,0.1080968235929722,0.1220564141014576
159,1,0,0.1120895041452535,0.12697749270651465,0.10456327210821692,0.11515352129936218,0.11221519242434648,0.11462145764201344,0.11333141722689331
160,1,0,0.12197653455481641,0.16866451604042482,0.052145716861629283,0.05432550981640816,0.07306302942140976,0.024888099283876444,0.06998550488598251
161,4,0,0.11093905577168221,0.1393038520245818,0.09582229925025085,0.10393452644348145,0.12342999508371719,0.1000360009374139,0.10787460844968218
162,4,1,0.7431753878769909,0.7595213967329489,0.7933319174240698,0.7545275688171387,0.7819556867907405,0.7061918675829386,0.751743880677894
163,1,0,0.10774271304424306,0.1265826125322227,0.10681516606475744,0.11053285747766495,0.11815981757627507,0.11384484042510161,0.11256646478224612
164,3,0,0.09792521271831642,0.11440222124048369,0.0966356695336482,0.08825379610061646,0.10075889508108139,0.10214378055874121,0.09871873180644222
165,0,0,0.13888969398264545,0.163004919609876,0.06527286475619289,0.0754825696349144,0.052901667071679995,0.05601213901982088,0.08457823439872911
166,3,1,0.7302756668608597,0.7750281592744565,0.9054688847243816,0.8770148754119873,0.87364065286362,0.8850366321366252,0.8521641413043667
167,2,1,0.9310816174345194,0.947495723503454,0.948482169744738,0.9611566662788391,0.9631181898268976,0.9756158653547552,0.9565553674916174
168,2,0,0.11554041034891777,0.22031998191125304,0.050312709280628296,0.04491155222058296,0.016039143078818277,0.036140659198182795,0.06904699115113275
169,4,0,0.20276843235640868,0.224701465533365,0.11995946172247339,0.19090628623962402,0.14732570842189596,0.23778713439849236,0.18923791544102997
170,1,0,0.3290861010179562,0.2132550816987733,0.523924398174713,0.36239877343177795,0.3848081969376201,0.5915660408815365,0.4343253875580151
171,0,0,0.22762848137406827,0.2389372513999484,0.15040947512889993,0.1481831818819046,0.20463862376336953,0.203278507238874,0.18904001793432143
172,3,0,0.08930197992835347,0.14397439531905465,0.08060533342029605,0.0805768370628357,0.0765524176966254,0.048676136659604144,0.0798534465523484
173,2,1,0.7763304918889907,0.7831777336361292,0.9031788189301674,0.8997243642807007,0.9276128351595725,0.9276945326151227,0.8800329004588732
174,0,0,0.2487637866742366,0.23735230763083254,0.4279114359970341,0.30265936255455017,0.12699660127048518,0.2995021174555358,0.2947391479654681
175,0,0,0.28997544492372523,0.2846809350618335,0.23608307492301525,0.23623767495155334,0.21037055721806602,0.29249892375811043,0.2605903468809901
176,4,0,0.12988414042340396,0.141036860994602,0.09845751860913486,0.09559280425310135,0.10508355327837292,0.11628695074945292,0.11197646475061857
177,0,0,0.1571438631119374,0.20076075897190535,0.06325564489320844,0.046839796006679535,0.052901667071679995,0.0678739893253486,0.0879254075824639
178,0,0,0.9060872784762346,0.9223178217289002,0.9218711634968082,0.9326633214950562,0.9398736580966789,0.9532058735354703,0.9313406051362336
179,4,0,0.110147544257928,0.13122893124339052,0.09991447534331367,0.11018580943346024,0.12931612830540928,0.1291911376773652,0.11689447896826527
180,3,0,0.11030004539919747,0.1205320988060409,0.09289319134947271,0.0818198025226593,0.06108489846452701,0.08028934055279606,0.08972164044956184
181,3,0,0.18496652376882408,0.25947083720703684,0.09299412237840479,0.08506064862012863,0.07000253707695397,0.050671614511374946,0.10897117382127311
182,4,0,0.16284115123285509,0.16349096459384826,0.13257409736029338,0.14255332946777344,0.14578167980651585,0.16777468291184142,0.15232259321853842
183,2,0,0.42776945483757234,0.5524150015851284,0.905844106770708,0.8622438907623291,0.889166408360984,0.813610292578887,0.7653437318715763
184,4,1,0.8992204066198732,0.8197766415245841,0.9394278445593209,0.9465357661247253,0.9629415783439287,0.9464369543410701,0.926956843701909
185,4,1,0.775578497017405,0.6833895334257934,0.8380249365969366,0.8541234731674194,0.8723777275934217,0.8464560152692573,0.8219571864247178
186,4,0,0.3399271868567265,0.31267784864761483,0.33716314985821316,0.3394027054309845,0.33629210757698835,0.37139979731158795,0.3440491940367058
187,1,1,0.626973164613732,0.6382485778218735,0.6061801732216422,0.6269504427909851,0.5674918266099336,0.6257037660465558,0.6176720798494049
188,4,1,0.27769334998449147,0.20182944817393916,0.21677158883724157,0.25357475876808167,0.23939369475494957,0.2563882192359358,0.2439426411206112
189,3,0,0.11357528282001168,0.11782587794821847,0.08335096903912048,0.08136050403118134,0.06891616427797242,0.05793497021457085,0.08313653381332392
190,4,0,0.10530308168918809,0.12435040668205212,0.09996722011791569,0.107090525329113,0.13340744417872424,0.1037635282445572,0.10892367849000088
191,3,1,0.8361395471379516,0.8064496211965088,0.8232266776742813,0.831375241279602,0.8036360341445339,0.8077493983780033,0.8192872309900745
192,3,0,0.1368159535203235,0.13200985979667218,0.14672376415184077,0.12190983444452286,0.1410318501933942,0.18080662192844865,0.14675493922844007
193,1,1,0.6014214253724977,0.6276675846812482,0.6114365993831247,0.5683470368385315,0.5631833619749906,0.6369960261653971,0.604504042257179
194,1,1,0.8616984550184349,0.8559465306307512,0.927602340189248,0.9426810145378113,0.9487777982063528,0.9516425151141801,0.9216945008604325
195,2,1,0.9000802263815412,0.9309148520546622,0.9422874664370468,0.9558588862419128,0.9548686621153656,0.9687152954498621,0.9453984797724915
196,3,1,0.8762177725270026,0.9475262660669477,0.9282049828718716,0.9393784403800964,0.9477171647489067,0.9578579005621334,0.9339381687515628
197,1,0,0.10532502613658813,0.118956479671652,0.12213029945781369,0.1202949807047844,0.13131369168841273,0.11834286416234321,0.11889654312960013
198,3,0,0.10241903523394408,0.10968044466413035,0.08157256749513647,0.07717571407556534,0.09268415974047418,0.059452441542693704,0.08221208242536585
199,2,1,0.6650233836134585,0.660594689744207,0.671488860218818,0.6667878031730652,0.6301468218777763,0.6366440633085042,0.6556440072097198
200,3,0,0.8171628702414477,0.7141957246939639,0.8543767820316436,0.8544182181358337,0.8563650687499429,0.754273265109794,0.8099578261915519
201,3,0,0.10791494851462285,0.11455610947072314,0.11085833678708451,0.10533690452575684,0.10776898139736683,0.11079982046144679,0.1093587547419324
202,2,0,0.11644406936936584,0.08015398503120558,0.15369957134935835,0.13020148873329163,0.06729936875907194,0.03916496801825347,0.098783399805526
203,3,0,0.09199610110495507,0.11338488773267195,0.08340355153458551,0.0744619369506836,0.05721842356972067,0.07554073149473813,0.08131802686672088
204,0,0,0.11480104127356096,0.12981988573391448,0.10106087025961862,0.10226050764322281,0.1051303075771167,0.09266009182190532,0.10454447405818189
205,2,1,0.10519370988634345,0.11845351514307097,0.09688354273317747,0.09190995246171951,0.08032688590792758,0.10889792963724956,0.10064027803634315
206,2,0,0.5486469755007524,0.6161844544228197,0.1269887698292422,0.1471216082572937,0.1218084304490734,0.2348859500425795,0.2696398979402542
207,4,0,0.13326796962084192,0.15215024658791418,0.10813767805197841,0.12423285841941833,0.16422972457760504,0.12444996508076737,0.1292147911241494
208,0,1,0.11059176001301473,0.12476565983986808,0.08471158212473753,0.06172167882323265,0.05094153401945215,0.04112510502777171,0.0737274118344212
209,2,1,0.66891470802875,0.660594689744207,0.6777035721350513,0.6795316338539124,0.6365191205696021,0.6618874604310704,0.6669674935412537
210,3,1,0.37300924590355194,0.31854466874326265,0.3367055851635273,0.3271733224391937,0.31560084280571765,0.3695348593460891,0.3445254343974973
211,3,0,0.0899317309295192,0.10901791183504225,0.07932357046894699,0.07699413597583771,0.07349168376316853,0.08780820077899865,0.08495631068295556
212,4,1,0.7500272283469992,0.7136970238766378,0.8084872095278512,0.8108454346656799,0.8129226891285748,0.6908863776219768,0.7617541787967715
213,1,0,0.10283356520662633,0.12653016728528133,0.10681516606475744,0.11053285747766495,0.11815981757627507,0.11485557326324591,0.11207753129144556
214,1,0,0.13714612992431363,0.14175203039301182,0.12455122891826996,0.14013400673866272,0.13837565182707062,0.14351542402990816,0.13740059084951886
215,3,0,0.11228176380035149,0.1245513132332504,0.09970868199484434,0.10662653297185898,0.09602581885182912,0.10530569375474029,0.10649344421058642
216,3,1,0.951061050612582,0.9429996159117663,0.9592608757336115,0.9638810753822327,0.9712499479931207,0.9811485423710112,0.9639996397982977
217,4,1,0.5384700011920771,0.5835835737679469,0.5142998741725523,0.5454827547073364,0.5625233192041417,0.5014860081200774,0.5327092172820176
218,2,0,0.13412548232151006,0.13218875459788676,0.13109545697178354,0.13636119663715363,0.15618388130973135,0.14556721011627577,0.1388392191898447
219,1,1,0.9305104885193178,0.8946973048402097,0.9438598728108096,0.9492173790931702,0.9574058798014172,0.9604545461031986,0.943515978648656
220,2,0,0.11306578678304874,0.1328248890303717,0.08911573919176574,0.11115234345197678,0.12527796944588934,0.08991611903331578,0.10530280015216087
221,3,1,0.1034388232143236,0.10939910934936938,0.10656154475160146,0.08825379610061646,0.10496405098112334,0.11011499938370103,0.10344395753156665
222,1,0,0.13571132503625433,0.13959543834350038,0.1603986548950742,0.13605108857154846,0.13490879238199713,0.1412843658319203,0.1424181619792925
223,4,0,0.10800611439892838,0.11907598411098148,0.09582229925025085,0.10808715969324112,0.13117796674652846,0.09200197740490097,0.10500869838551388
224,2,0,0.09601281411075424,0.11552308503721914,0.1009198274150611,0.09860040992498398,0.10271406989941519,0.10795939401900877,0.10311953358303777
225,1,1,0.38508240637675184,0.33426990951693214,0.3632787084939299,0.3241252303123474,0.376631009568561,0.37527274888664375,0.3601514278479785
226,4,0,0.11482187532856397,0.1316895742520804,0.09991447534331367,0.09742424637079239,0.11279733165112367,0.1059468511129728,0.10762642901066942
227,2,1,0.11424293239392314,0.11769204029488009,0.11661498491903169,0.09765958040952682,0.08424335292935509,0.1449403068276434,0.11641996895413453
228,3,0,0.092524963627941,0.11389011034007633,0.10032738734526832,0.09627492725849152,0.10335636009477588,0.10575179111934614,0.10136180228826487
229,2,0,0.17445763764345268,0.13385638447889878,0.1480970945456845,0.1342436671257019,0.1490879476195865,0.2247061875732364,0.16710777808395283
230,2,0,0.10150411426982983,0.23437188630532574,0.06345636747482315,0.050534963607788086,0.04279650644911504,0.05477280980567778,0.07943392508386025
231,2,1,0.9431933327359394,0.9196989657026906,0.9235781173025176,0.9169320464134216,0.895376924455297,0.9581935599084261,0.9306370116464842
232,3,0,0.11587390120469791,0.11408064019522762,0.11715573690129659,0.12768135964870453,0.18487208434589342,0.10926097098993584,0.12355901969230099
233,2,0,0.12550348625645003,0.12586392579130506,0.07334339280726355,0.08318646997213364,0.08952181451312526,0.07202221581959904,0.08967562347968976
234,3,1,0.41241548584363336,0.4533108265854776,0.6939048983898483,0.6592983603477478,0.6405194398860155,0.5582951156038714,0.5814597801721814
235,4,0,0.12196274783222626,0.11787608360286088,0.12562244101382167,0.10747475177049637,0.127043402462589,0.12282549394033916,0.12011217282332733
236,0,0,0.59892985743626,0.6243380817015836,0.656963072644022,0.5893067121505737,0.591045071110523,0.572927809886471,0.6038637033271865
237,3,0,0.11410245730945516,0.12654919845209484,0.11044093212241071,0.10292024165391922,0.1447151382202196,0.10500472372267,0.11316521794958323
238,4,1,0.881264290982101,0.8660787246681864,0.9488748152383872,0.949786901473999,0.9584766198928197,0.9649820067186502,0.9356230231255556
239,0,0,0.15601431051604459,0.13848493856817287,0.12510655158418688,0.12356194853782654,0.1388862822287053,0.17854711508554455,0.14550974745288334
240,4,0,0.11122126793936658,0.13602019498458648,0.09991447534331367,0.11141934245824814,0.13142037302061169,0.1234276131988064,0.11655091385143877
241,2,0,0.4586460064448704,0.503185857843487,0.06996546548851297,0.1100669577717781,0.10348849541259297,0.13072029780921415,0.19815089539670033
242,2,1,0.6476755035307639,0.6481334343348719,0.710366337515106,0.7014227509498596,0.6922451431309012,0.6415237941337103,0.6739279495026126
243,3,0,0.12019871670221627,0.12488088545891102,0.1147965340406213,0.12076826393604279,0.12648117410060286,0.12403763121732674,0.12128838086094834
244,4,0,0.22559293001637717,0.23861544510892682,0.4201676333130315,0.3043123483657837,0.11045354863365789,0.2528339798421211,0.27685033017300836
245,2,0,0.09430926212957841,0.11067297731887613,0.10125247555753611,0.0928414836525917,0.07130891091288948,0.04301146977523564,0.0819162374284478
246,4,0,0.5898177422184657,0.584832681496536,0.7462928707450759,0.7062268853187561,0.7845526027416799,0.8154503143908605,0.7197777195670729
247,1,0,0.6228083435973555,0.6514468944637007,0.5458048125233337,0.5333582758903503,0.5923133532527457,0.6029496815198776,0.5843673143739542
248,1,1,0.7682179840933113,0.7606158665331075,0.8661567731347523,0.8676787614822388,0.8516632840094505,0.7996895360387927,0.823150103601349
249,1,1,0.3859363780023912,0.33597274941318167,0.41418428598624585,0.45491835474967957,0.36974664005598956,0.33891619244858423,0.38701197190660697
250,0,0,0.20135731862032052,0.24649372458418975,0.08367411983230727,0.05728961154818535,0.054328317127614136,0.06114633986327848,0.10376513320614664
251,2,0,0.09640133777492313,0.11552308503721914,0.1009198274150611,0.0998336523771286,0.11328168420465731,0.10272352722958976,0.1031722553562615
252,0,0,0.5006273674268994,0.5721273299257708,0.08213143027175236,0.07222871482372284,0.052714854174405856,0.1098237513389511,0.19590629037788537
253,3,0,0.27743241689943504,0.3046518783943517,0.2023273493514545,0.24114319682121277,0.294816761513532,0.20029745998838255,0.2403302007573327
254,4,0,0.11374659238196738,0.1216700321367865,0.09989319141301368,0.11635330319404602,0.12715717385424113,0.07765893274917768,0.10460874156510423
255,4,0,0.5721426104189556,0.6258179414349734,0.5386421124018403,0.5388614535331726,0.610819446620587,0.5409329950543552,0.5602190923189908
256,4,1,0.6357801062630788,0.6527588639858589,0.7428565326124837,0.5399035215377808,0.5718622498050434,0.5794480452224078,0.619243149454207
257,3,1,0.9104707279577201,0.8907532305756176,0.9088982137182862,0.9134691953659058,0.895913924645571,0.9259208003897604,0.9111910066300553
258,1,1,0.9446383919753294,0.9338546552080396,0.9456784372092973,0.9514138102531433,0.9609009456323274,0.9739711659873105,0.9540825598696518
259,4,1,0.9169539821326834,0.8502343011407253,0.9200318394903547,0.9397211670875549,0.9351907446877559,0.9504293044563785,0.9256435293324272
260,4,1,0.8171761646590565,0.8383367836830319,0.8312197337490945,0.8207468390464783,0.8212973447711288,0.8941116142102151,0.842461055655943
261,3,0,0.10109118941935157,0.1183186218073634,0.09970868199484434,0.10868743807077408,0.10082405215029079,0.10630012173110821,0.10533220025456888
262,4,1,0.31880957643648977,0.28097281587301015,0.6230684659524086,0.588003933429718,0.7314444455556824,0.3173289110182058,0.4706098702393195
263,2,0,0.31461009583813176,0.3282843023553359,0.21101421036673282,0.28027400374412537,0.3310281486800083,0.2446494014442685,0.27254275266249295
264,1,0,0.17037689468870212,0.22156116450892022,0.12769704822243988,0.09803570061922073,0.08376524709608783,0.12500589064002085,0.13248719779214346
265,1,0,0.6973763390325501,0.6834751380163578,0.7111042334302008,0.7077140212059021,0.7037372622678857,0.6927671578727002,0.7002831312787025
266,2,0,0.10844200423271842,0.11550799075221405,0.09955120024900319,0.1081974133849144,0.12265738964260318,0.10806352088901472,0.1086484416234267
267,3,0,0.06623433389489822,0.08607389147559313,0.08968599440842698,0.0683264285326004,0.06087451319307416,0.043080515782399145,0.06700260408490673
268,1,1,0.09239103705627928,0.11066330565304656,0.10535785496121856,0.09837521612644196,0.10897529947914948,0.10599187751968528,0.10306709966911493
269,4,1,0.9135175985323479,0.9329645417030736,0.8960648534990755,0.9154072403907776,0.9095935503420676,0.9579427391798004,0.9230635525572871
270,2,1,0.9441139507177668,0.8956151326642167,0.9365726471628716,0.9446529746055603,0.9318225096379281,0.9780737294917028,0.9451244135644916
271,1,0,0.2167122193733743,0.22364091020579327,0.16289893727479798,0.12209770083427429,0.14020825907571885,0.25496945071117805,0.18963344013376635
272,4,1,0.10424561649427797,0.11114302488946848,0.06840961561239912,0.055147163569927216,0.04379675344503604,0.07897027600111463,0.07558474514433608
273,2,1,0.8395788306415696,0.8379307744475423,0.9137262730623968,0.9269562363624573,0.9280136879055039,0.9091317067846318,0.8979506994126689
274,0,0,0.43641810899596206,0.3115217615465243,0.6112737067619605,0.5466274619102478,0.5883519115576047,0.44681263799986554,0.49873347689421527
275,3,1,0.6939736471892157,0.6733509400758904,0.6986720443920789,0.6786468625068665,0.6613129951077983,0.6464772923801647,0.6746455450715814
276,4,1,0.9017569948057159,0.9252790620700859,0.8785162680153736,0.8976683020591736,0.8718204542183858,0.9438066812967417,0.9061620851887994
277,1,0,0.5817009019547054,0.6375730207750318,0.4584464807925749,0.513347864151001,0.5758860581644948,0.5209731664217634,0.5332032037813145
278,2,0,0.11239000734013016,0.13955521148621167,0.0932638523845792,0.09081480652093887,0.10050952146039785,0.0812096312529451,0.09798311399002038
279,1,0,0.06864544919204135,0.14448659443878617,0.064542560235757,0.05000466853380203,0.06660041133754664,0.03319204760412099,0.06261297561138153
280,2,1,0.6461602112363187,0.6385910615969078,0.5464561493378367,0.5251035094261169,0.4173048077346482,0.5271418856807814,0.5486110217915895
281,3,0,0.10836335979712555,0.11188413667875637,0.10973284829682804,0.08710380643606186,0.057316161416113245,0.05108648085991872,0.08531348494061347
282,1,0,0.12479294797235614,0.12644999564325202,0.11350488643845157,0.12654836475849152,0.12962056737535937,0.07286178036873298,0.11055209382928642
283,0,0,0.11984081396419494,0.12998171828333435,0.10496415705932549,0.09989479929208755,0.09486296503196275,0.10988687257513875,0.10890409984022625
284,0,1,0.11464183535622118,0.13079933795921822,0.10033077230983249,0.10338081419467926,0.10461960754832778,0.11251571138082768,0.10960941500029704
285,2,0,0.2720040509681182,0.28073352312565397,0.18582290873503599,0.1536712646484375,0.1407013130067322,0.3466181467666127,0.2374974626268042
286,0,0,0.11224779804061834,0.13147027989162216,0.10804499296304701,0.11592641472816467,0.11884446149586138,0.11229043039454721,0.11473553298172025
287,0,1,0.11944505697085235,0.1293490057814083,0.10355439373671298,0.10573381930589676,0.1281813490006063,0.10872837058513285,0.11270952927863448
288,0,0,0.10486035636387468,0.12695360803634256,0.10033077230983249,0.10023855417966843,0.11402082319345258,0.11267944104486012,0.10811022213667591
289,1,1,0.12756672082096077,0.13734408446539445,0.11511007261293567,0.12346408516168594,0.1375191468341332,0.12668918945480848,0.12600846017172332
290,1,1,0.6739307594437377,0.6844040330130495,0.6799648414559138,0.6793863773345947,0.6468165194193723,0.6717254727016732,0.6740132810933228
291,0,1,0.9227027750411284,0.8015247048147118,0.9224779994240668,0.9317262172698975,0.937240657619318,0.9496070380254173,0.9205245553447194
292,4,1,0.9368853562426438,0.9470938370382351,0.9347192801621663,0.9494864344596863,0.9604382627070616,0.9616528408268674,0.9485403665420138
293,2,0,0.2840980458464842,0.2828827965863615,0.4072450539815159,0.2058156579732895,0.19134649652336105,0.23435917430783718,0.27123957215586525
294,0,0,0.541953696438031,0.6261766765180147,0.40868962660999236,0.453900009393692,0.4449601686375813,0.5133676050937859,0.4892665674554476
295,2,0,0.09574007977952728,0.11552308503721914,0.1009198274150611,0.09837587922811508,0.10271406989941519,0.10785123878576432,0.10300667848566884
296,4,0,0.2997146558429452,0.22443552125483363,0.25646225136683465,0.3341630697250366,0.29120644935080414,0.28284742731384804,0.2853583164838418
297,2,0,0.10392328672001713,0.11611191395273154,0.10666273670635429,0.10444346815347672,0.11701822654938657,0.10879687097767522,0.10832196577459939
298,4,0,0.8732045367984846,0.8855195329762253,0.9022446268072969,0.9359254240989685,0.9617623994512513,0.9401019121415624,0.918368361979164
299,2,1,0.3510346507518037,0.2928338290323514,0.3797081155404722,0.3466416895389557,0.35849895976244417,0.3322654016395453,0.34612478791802204
300,3,1,0.9316199717429772,0.9240392349511714,0.877881957649103,0.8625692129135132,0.8474891617902303,0.9364252564331919,0.899092383656408
301,1,1,0.7183045196064765,0.7478218159664607,0.7986375953451986,0.7899269461631775,0.825236075357101,0.8333640024892882,0.7911053759973249
302,3,1,0.10587114006723124,0.12419011969710823,0.09970868199484434,0.0973120778799057,0.09161344164659167,0.11600727556128157,0.10586699800972507
303,4,0,0.10678572959648698,0.11377374823528219,0.06840961561239912,0.055184636265039444,0.04164651033469831,0.08699355961549342,0.07802712557583216
304,4,1,0.8469518814086245,0.8021574066243254,0.9346975144918084,0.9283541440963745,0.924698063575175,0.9210412468937432,0.9025989726723163
305,0,0,0.10924556041550575,0.1296043244630643,0.10033077230983249,0.10406896471977234,0.12868029919921498,0.11071763037610821,0.11077465142850182
306,1,1,0.4951780637549202,0.5926485181286462,0.13803332238364283,0.35991474986076355,0.2899479317897489,0.31037596790376526,0.3397199609799001
307,0,1,0.9353205820858993,0.8507492159204929,0.9526934937887894,0.960203230381012,0.9481879277301686,0.9750272597507436,0.9465279614495972
308,4,1,0.9362397357672959,0.9258657296630273,0.9403377552345638,0.9520736932754517,0.9549511137949271,0.9620189659233845,0.947504675893739
309,1,0,0.1262528389460687,0.13810290927293203,0.13132671222967698,0.1378130316734314,0.15602024488113608,0.13838410890647676,0.136774217264558
310,1,1,0.9320927563746878,0.8916098715188595,0.9428266599181685,0.9364065527915955,0.9440809869897836,0.9694065214324719,0.9415812722071382
311,1,1,0.9195528611042276,0.8777348877169996,0.9403361877905871,0.9462488889694214,0.9576087539104579,0.9627336605045271,0.9394677238065134
312,4,1,0.8445864127121706,0.9070128859225907,0.8923225381641603,0.9394517540931702,0.9467187042349678,0.9381443921606271,0.9129520774142043
313,2,0,0.8821121156948163,0.8115237110797647,0.9023866748849654,0.9107151031494141,0.9047990476718558,0.8744881498230074,0.8851914862920123
314,0,0,0.11625608596454809,0.12697700405114315,0.10133742012358192,0.10773982107639313,0.12664731385678027,0.11334121089125096,0.1129515956482823
315,0,0,0.14740193776593857,0.12744310717518534,0.1446027491139199,0.16601283848285675,0.19843106020788465,0.13528320929409554,0.150641627246077
316,1,1,0.6104913870131258,0.6514468944637007,0.5427349211721689,0.5224947929382324,0.5702101896017314,0.5944985162556662,0.5754099883445088
317,1,1,0.8675258239057426,0.7804587415109978,0.8753311398390203,0.8738652467727661,0.8524861564199975,0.839711553169214,0.8531905289936217
318,2,0,0.2213662556095294,0.19324986600041008,0.10183641428661445,0.11798302084207535,0.10545056637359505,0.14689648729486654,0.14376299042828453
319,2,1,0.91187101353618,0.8930275398617683,0.9435015586108785,0.9413779973983765,0.9334846436637357,0.9786091785823033,0.9410600762304042
320,2,1,0.89060863334402,0.915494580013863,0.9050595849621897,0.9574177265167236,0.9550366361258164,0.972746274248647,0.9363264474735153
321,2,0,0.09987954451945404,0.11553468089430768,0.09857904910829463,0.09912528097629547,0.11065050753124596,0.10680481368556992,0.10384251995878398
322,2,0,0.11210743805038946,0.11552308503721914,0.1054659117806738,0.12088150531053543,0.1232157901881399,0.11828049153325358,0.11552960953164958
323,0,1,0.8127791215927541,0.7558266470438391,0.8836978369364538,0.8900731801986694,0.8682284313306526,0.7871549273230544,0.8358653113341507
324,4,1,0.8751532524321098,0.8457127996206697,0.9110464705004003,0.9202119708061218,0.8992356778894541,0.9431608895772351,0.9078097462714421
325,0,0,0.15859237381750943,0.09263227684484268,0.17270821626663105,0.18403485417366028,0.07568500061873473,0.04119160704088368,0.12226709966726335
326,4,1,0.9410631657258458,0.9185543264866111,0.9375721185516925,0.9486392140388489,0.9493462448069092,0.9691702317531564,0.9474843564446263
327,1,0,0.09427183214377756,0.1126787947229073,0.0741508140656582,0.07011979818344116,0.07137980622201681,0.07935316070396603,0.08123904754187042
328,3,1,0.8550665390566732,0.862272788678447,0.8098145453517184,0.8433976769447327,0.8151079761506043,0.8519401585357913,0.8396255414346441
329,4,1,0.6873070785228516,0.7338924415645232,0.7641616501126643,0.7672401666641235,0.8146385980138643,0.8105126232849937,0.7668576849128725
330,2,1,0.9474360704215687,0.9355375327970193,0.9579511946861975,0.9664188027381897,0.9712843696328826,0.9869333608748038,0.964404940509804
331,3,1,0.7183140590784336,0.6909605003738142,0.7412764876641375,0.6931674480438232,0.6600754382307367,0.678387243940998,0.6993363008490618
332,0,0,0.3187469684294406,0.278038774740498,0.32106602460978284,0.3226264715194702,0.3256084221924723,0.2978129518912513,0.31136850215637657
333,2,0,0.3982117634055511,0.31654975968257576,0.4010458195188591,0.4806808829307556,0.5177559793267773,0.42720772388152073,0.4263096098720711
334,2,0,0.10306136549668406,0.11502700893105124,0.08046259159356503,0.06811373680830002,0.07453867347859441,0.03985918417284683,0.07409583478905189
335,3,1,0.9141892605386537,0.8747982254719107,0.9136561795536003,0.9123184084892273,0.8974688921897348,0.9254890646809862,0.9109222846257746
336,0,0,0.10528845762971718,0.12697700405114315,0.10033077230983249,0.10187564790248871,0.1155552614594542,0.11247181177275012,0.10860573218116908
337,0,0,0.42502718018325497,0.33802648230563437,0.4843331471556794,0.5087075233459473,0.4883561986892132,0.503748069804183,0.47093749667834406
338,1,1,0.9238356542401968,0.9171129009936021,0.9402373497243782,0.9497374296188354,0.9603169170690194,0.9627069048886825,0.9449900120331051
339,3,1,0.0989854632181526,0.11044256762798937,0.08044874246693486,0.07668216526508331,0.10316166407075535,0.06290784952555346,0.08336138658038936
340,3,0,0.3541926957731966,0.3111167382144527,0.30183062663286,0.2985844910144806,0.26213739950780834,0.3198570044260203,0.31050159277417877
341,4,1,0.8857539125701092,0.8360627184547705,0.9394278445593209,0.9502137899398804,0.955992365425344,0.9575765246108326,0.9293910533260763
342,0,1,0.772969813544562,0.8111445561437592,0.8817691995346344,0.8712719678878784,0.9071535931944875,0.9119891370984661,0.8663808047246281
343,3,0,0.11374662457571022,0.1279788841617975,0.1079720992774559,0.1067926362156868,0.11879031034293257,0.1356969271356211,0.11861609201936336
344,0,0,0.13197518176802972,0.13571393684023692,0.11226505887515623,0.10800104588270187,0.09616757039711467,0.13059265769020093,0.11968581336306147
345,2,0,0.13571052929834698,0.13457857911582527,0.12855606821095233,0.1228586807847023,0.1273901651590703,0.14959299279218152,0.1342346518194179
346,0,1,0.8518967587783163,0.8656307656676094,0.9325019205060731,0.9272159337997437,0.9134409292571295,0.9432164994772381,0.9134393790396942
347,3,1,0.6958098935235413,0.7063118542146831,0.7466583525315401,0.7250863313674927,0.7607027818209183,0.6707507876420654,0.7131095813224142
348,0,1,0.6291040932104812,0.651378222405953,0.5677576510172041,0.5593062043190002,0.5461854931907468,0.5541957824521746,0.5780837022215267
349,0,1,0.8236423155230106,0.7560399102708247,0.8537571271858664,0.882297933101654,0.8645597884928334,0.890833138747362,0.855525613949162
350,2,0,0.10157681549534778,0.11570045647474697,0.07612839018316145,0.0902974084019661,0.11998848538724874,0.07502852424011751,0.09084770728755663
351,0,0,0.10472117597548986,0.1288370674514491,0.0975088177820879,0.09713765978813171,0.11542213058384904,0.1085799158957688,0.10620837068783943
352,1,0,0.39217193615591295,0.3404437730324005,0.32869251103397895,0.3131943643093109,0.35751009871472045,0.3628678375852247,0.34771551206306317
353,4,0,0.1702008054300696,0.15993962411551546,0.13413257432248377,0.1376332938671112,0.1374663373492376,0.15826965549459357,0.14919130447255313
354,1,0,0.08628805656651758,0.10801354525981421,0.07946768114121643,0.08653400093317032,0.11371170549751974,0.05148227017889315,0.08118663752031169
355,4,0,0.10461990777124576,0.12931429212565745,0.11673124750482186,0.11276031285524368,0.13455250506787295,0.11388553684913527,0.11644936216933684
356,2,0,0.11460877956796635,0.11914261619252454,0.10557449021362418,0.12523487210273743,0.1529296686549615,0.11762245839682185,0.11996603248242134
357,3,1,0.927225268261625,0.9254321801492457,0.9569363810877167,0.96306973695755,0.9661920722673933,0.9842572528176587,0.9583117522943757
358,0,0,0.794527214328414,0.7418979925673467,0.8559860221971415,0.8587698936462402,0.8390507948360365,0.770427881817501,0.8128321145126521
359,1,1,0.6785757326269046,0.6834751380163578,0.6843115571997832,0.6986159086227417,0.7037372622678857,0.6857973150992119,0.6885424218617681
360,1,1,0.6785757326269046,0.6834751380163578,0.6843115571997832,0.6986159086227417,0.7037372622678857,0.6857973150992119,0.6885424218617681
361,2,0,0.09372176711080014,0.09694763667233097,0.06491869465881932,0.04635750874876976,0.03297614932788622,0.03363946750070339,0.0577157512233354
362,2,0,0.13957562470108062,0.12864526928686423,0.12118546054361186,0.11010528355836868,0.12624682378173288,0.15254583388756904,0.13082016030431018
363,0,0,0.28956856270359305,0.4474524279607667,0.05711882436136074,0.08110629767179489,0.0456109429035893,0.05775593241095123,0.13482562900134348
364,0,0,0.1111515067501927,0.1283808577365082,0.09358551062256741,0.10465975105762482,0.1275570491709216,0.10856021636459431,0.10905562313045891
365,1,0,0.10609533645038585,0.11986787530902379,0.1187938416826212,0.10560424625873566,0.12927223362525903,0.11868517848406017,0.11537922357027258
366,0,0,0.11931523719603433,0.129658814246584,0.10176133538269778,0.11223015934228897,0.14577420777239228,0.1168675116026508,0.11745576462696282
367,3,1,0.8994293767103472,0.9199013925727426,0.8976585282354826,0.86052006483078,0.8662526316811802,0.927257807191753,0.8969799793431352
368,1,1,0.6474686501657543,0.7134771893720961,0.6089871920698082,0.5988861322402954,0.5760359862260783,0.6292859091641887,0.6249677572377486
369,4,1,0.6592247942533709,0.6395437129701858,0.6712844917388313,0.6500590443611145,0.65630526159865,0.625514871317488,0.6491160416442504
370,0,1,0.9599315301112284,0.943619100971418,0.9396244794023357,0.9438674449920654,0.9612892364554786,0.9747161529542762,0.9548579863768233
371,3,1,0.5204754120524271,0.3955641994076519,0.7764309014099084,0.6887283325195312,0.6276088706064513,0.5914169444577378,0.6212747017095969
372,0,0,0.12590286737284892,0.12955952676170068,0.10136340598496547,0.09061671048402786,0.10043890778377568,0.10970447218625135,0.10770741490083649
373,0,0,0.10750808113152832,0.1279155307132633,0.10033077230983249,0.10120035707950592,0.09486296503196275,0.11092784585737511,0.10644224908646333
374,1,0,0.34422293110109586,0.23818977742738912,0.2892638605682576,0.3854430913925171,0.34719895739371814,0.4071401973258589,0.3468987528708948
375,4,0,0.1441928228898643,0.24087424871821156,0.09661595741788195,0.15240325033664703,0.12459380415237736,0.09871920961282606,0.13265937267465086
376,2,1,0.940604881978437,0.8968716819636122,0.9229939760380754,0.9348803758621216,0.9324085424615878,0.9410352007940256,0.9308524253178314
377,4,1,0.558815585407597,0.5855222309220772,0.6205607669508767,0.5116692781448364,0.5100563713533907,0.5377450684453189,0.5542624741691586
378,1,0,0.4451561415954447,0.36735321574482144,0.4427536482936292,0.4806138873100281,0.41092859548015054,0.3814756769233154,0.42464402871337426
379,3,0,0.1102477718458454,0.12057502021903241,0.0871383563692123,0.08428122103214264,0.08144773599425988,0.09251631414588493,0.09415243541494828
380,1,0,0.11175225959435475,0.1279265224127706,0.11152387565431705,0.10373863577842712,0.11815981757627507,0.11641069862673302,0.11352664988128988
381,1,1,0.9155734953527177,0.8954707989046161,0.9293946289135044,0.9455318450927734,0.9527416641320553,0.9513593880333407,0.9349824124161655
382,0,1,0.7448029652334367,0.6575110933147251,0.7968809272092913,0.80840665102005,0.787446570775655,0.7940850223123848,0.775794982418018
383,2,0,0.18535651330337738,0.20865835547786402,0.3408107928083179,0.29471927881240845,0.1495328909882715,0.2737698466331829,0.25917107762456115
384,0,1,0.916034595031787,0.850340694899532,0.9066170432393507,0.9212505221366882,0.9408673851576739,0.9459368008879802,0.9185837105576915
385,1,0,0.10937148640618846,0.1265826125322227,0.10681516606475744,0.10728386789560318,0.10901899971002235,0.11326236144468667,0.11110128133839657
386,1,0,0.2276665163661143,0.16992927907569821,0.16124518335596788,0.20500412583351135,0.2923575975695026,0.2654120829825295,0.21998154770296544
387,2,0,0.21002206339444815,0.19187857007097592,0.0681929737895803,0.07052489370107651,0.07809205612289266,0.04783621623714929,0.09820299968597276
388,4,1,0.7282978036970728,0.710534187796735,0.8084872095278512,0.8027977347373962,0.8017119576843158,0.6895347540043373,0.7551099624567997
389,3,0,0.09906539980756784,0.1183186218073634,0.09970868199484434,0.09609730541706085,0.09545721895815175,0.10563351709476969,0.10180697080376017
390,1,1,0.8300936372078409,0.7526790762098492,0.9190882022611252,0.9275691509246826,0.9258232982532132,0.895225543754858,0.8855021396033584
391,4,1,0.36561303936302975,0.3412564331880386,0.4797394878756287,0.5315229296684265,0.5287555140103153,0.33359164756051396,0.4274935460232293
392,3,1,0.0883770123874352,0.11224812535658212,0.09030912817522206,0.0920516699552536,0.09846502393033725,0.10254825638735227,0.09643709050974042
393,1,0,0.11171783758724302,0.11137887924325533,0.11733594863285694,0.12733280658721924,0.16470668461559287,0.1070734294196666,0.12006834042290315
394,1,1,0.934968595275009,0.9374840954444715,0.9477556810642067,0.9647318720817566,0.9699283492596075,0.9838845350449491,0.9594551781520892
395,0,1,0.751421708831,0.7736343464454905,0.76148450165394,0.8343360424041748,0.8308333804927049,0.874138149888511,0.8108586753022202
396,1,0,0.11586178307985756,0.1270416072412174,0.10681516606475744,0.11053285747766495,0.11815981757627507,0.12324875105499017,0.1161812024159599
397,3,0,0.5882032785454426,0.6206574638329762,0.6319087650262556,0.6830049157142639,0.6793465045987758,0.5835847625565722,0.6271098154122385
398,3,0,0.12525697810402908,0.13788502269619513,0.096956635118523,0.1039428785443306,0.15589575422773827,0.10420448005105622,0.11439764715333246
399,2,0,0.24828979028785467,0.21607463367810353,0.16923520879117537,0.17285874485969543,0.1448799393248102,0.2506175485182682,0.20441210370321078
400,0,1,0.8387376932969771,0.7641894660235302,0.8659699543336012,0.8547359704971313,0.8230388225057715,0.7876109644444031,0.8255774089247241
401,1,1,0.15465525522122173,0.14775410577531317,0.17426744291267382,0.11755143851041794,0.07730698490568515,0.1478760314495839,0.14103718149829741
402,2,0,0.10061323267422721,0.11568496671755718,0.10168922534496377,0.10575523972511292,0.1282068326453776,0.10795939401900877,0.1079599063561951
403,4,0,0.4138820078336213,0.4526964912479212,0.1927882197354299,0.14330728352069855,0.09098474912475767,0.14099091882314713,0.21891725556932357
404,4,0,0.10863804101741513,0.13409523418756833,0.09989319141301368,0.1228252649307251,0.1490563894896863,0.10574892181444963,0.11559179024269789
405,1,0,0.6205527048511308,0.6494590226015806,0.5962168221970271,0.5880094766616821,0.525555360738859,0.6291028588602152,0.6047053185485093
406,3,0,0.10238115577095916,0.127146849856029,0.10513990882152355,0.10921856760978699,0.10333988250855519,0.12253710337919423,0.11191181773316296
407,0,0,0.10938038271823655,0.12382388447900432,0.09344451518197691,0.10180152207612991,0.10272477241761412,0.0958151899982351,0.10206492804857747
408,0,1,0.8670795895125243,0.8184996006609903,0.9364449169851096,0.9469208717346191,0.9462642729771028,0.9280973679901767,0.915235825532178
409,3,0,0.08879388319186693,0.11282816302136553,0.09030912817522206,0.0920516699552536,0.09846502393033725,0.1029285511374615,0.09665269858441083
410,2,0,0.10150411426982983,0.23437188630532574,0.06345636747482315,0.050534963607788086,0.04279650644911504,0.05477280980567778,0.07943392508386025
411,1,0,0.10937148640618846,0.1265826125322227,0.10681516606475744,0.10728386789560318,0.10901899971002235,0.11326236144468667,0.11110128133839657
412,1,0,0.10121546774706022,0.11863136164059745,0.0979960184827159,0.09932755678892136,0.11865814755516822,0.11257284565638127,0.10651919755005837
413,0,1,0.9347536451004872,0.9133812972254775,0.9281554181126345,0.9389391541481018,0.9397447868037676,0.9717081790441109,0.9418716143811725
414,2,0,0.11239000734013016,0.13955521148621167,0.0932638523845792,0.09081480652093887,0.10050952146039785,0.0812096312529451,0.09798311399002038
415,1,1,0.154725158979288,0.14440053320970625,0.17426744291267382,0.12562361359596252,0.0933262809015303,0.14399522096950199,0.14295847180211962
416,3,0,0.7010428780334805,0.7282162204329343,0.6687438786279817,0.6861474514007568,0.6753059304058707,0.6858228095818988,0.687942615190125
417,0,1,0.8550982770283913,0.7662634361445951,0.8652434133545757,0.8843022584915161,0.8984200195539843,0.808462893577515,0.8467579448877137
418,3,1,0.8063057041805518,0.7511305741532817,0.8805631203943476,0.8692764639854431,0.8563650687499429,0.8619080978121053,0.8471403612463898
419,2,0,0.13841428738427786,0.13613427458626595,0.12985382435367276,0.12615734338760376,0.1300968669024384,0.15200687962457696,0.13658921071091168
420,1,0,0.48459124404203224,0.49805821651801485,0.09085292739152835,0.21804744005203247,0.11215110584531762,0.1408824560297324,0.23071030633878334
421,1,0,0.11762970849469696,0.13410360470897068,0.12627868572581416,0.12311456352472305,0.13534580945973668,0.12263256550956772,0.12512618891857466
422,4,0,0.11748399642127527,0.13267583171747566,0.11673124750482186,0.11760006099939346,0.12858067698547498,0.12482762591367608,0.12182141851274844
423,3,0,0.11448631700028426,0.11331837689633777,0.11715573690129659,0.13179068267345428,0.18487208434589342,0.10886011876291914,0.1239963072799457
424,4,0,0.620042757288113,0.6415631524505797,0.5696394079148742,0.4869350790977478,0.44215030935164024,0.5458316288456115,0.5491505643873662
425,3,0,0.11708130288193672,0.11221048188794863,0.09333683251489527,0.07439873367547989,0.08304988818939539,0.07800738523922442,0.09013719198790604
426,0,0,0.10868809639110762,0.12930208910038515,0.10764005848574464,0.10716751217842102,0.13326259028505022,0.11643647577837975,0.11463031547463776
427,0,1,0.8379125486403838,0.7692369940716706,0.8643877262042327,0.8628347516059875,0.8230388225057715,0.7994721355891673,0.8302269934131377
428,3,1,0.840414891348522,0.7243324400463643,0.8924163606161386,0.8743902444839478,0.8627643752892571,0.837574139298517,0.847526771080487
429,3,0,0.10109118941935157,0.1183186218073634,0.09970868199484434,0.10868743807077408,0.10082405215029079,0.10630012173110821,0.10533220025456888
430,0,1,0.1858214029329867,0.2702930372694782,0.12563787225689133,0.13600236177444458,0.17500474640787828,0.15579332797623444,0.16367936760800944
431,1,1,0.4169648680718274,0.34681647689755496,0.5238594324822287,0.5087939500808716,0.44306876303200726,0.4123257692996915,0.45114537304127333
432,4,1,0.5959868324583971,0.6426354056873248,0.5638445693494171,0.5304385423660278,0.5838609022814509,0.5612728809539553,0.5712224982472149
433,4,1,0.8077409645314954,0.7797794124157416,0.79064552644902,0.7890939712524414,0.7966300221619568,0.772492238324881,0.7878730472590066
434,0,0,0.2548252019857692,0.1856747355319187,0.2369546804172786,0.29929420351982117,0.11069889761197792,0.22972159700066136,0.23254131964984037
435,3,0,0.3885400254567839,0.3884825263237271,0.5188570929271574,0.5000303983688354,0.485973138273195,0.39788911521671916,0.4489763473415882
436,0,1,0.9531065915959502,0.9149518049523193,0.9468822285918136,0.95406574010849,0.9498246072855224,0.9625660505070168,0.9502747363299917
437,4,0,0.1827443894139964,0.23280115006540683,0.07503498547126058,0.07911062240600586,0.07490577658226381,0.047798166127181616,0.10096101418411522
438,4,1,0.676898413975619,0.6203098419379316,0.9195615698899039,0.8931809663772583,0.885926134350665,0.8748808609063708,0.8334270822052277
439,1,0,0.2798739381233769,0.2781362692227044,0.23509295546746614,0.2252386510372162,0.2515476959212436,0.25810183169045914,0.2515412664564526
440,2,0,0.1090123054049343,0.1161246283322024,0.10058995382234119,0.11815188825130463,0.12527796944588934,0.1103053732226383,0.11181681730893807
441,0,1,0.7605247781178741,0.7548879922452348,0.8402715696353444,0.7945418953895569,0.8620450648010621,0.7698007588357019,0.7951849051362165
442,3,0,0.10043138942002153,0.11512746373583102,0.11590233287582186,0.09462307393550873,0.1121678504079481,0.11569627480519434,0.10882338989094585
443,3,0,0.10741237462062155,0.12289622872194947,0.09241765981009605,0.0962177962064743,0.09376734985944615,0.10076403208661376,0.10069631327620031
444,3,1,0.7797391683666768,0.710151527967078,0.79652266138986,0.7883705496788025,0.7947072527596334,0.7210842136531399,0.7646964489546901
445,3,1,0.09139399447468596,0.11218399241409777,0.0917397066577861,0.08529675751924515,0.09732000499044872,0.10138780024745449,0.09541374180892741
446,1,1,0.8266414527180408,0.8206856794008826,0.9218352246756881,0.9454240798950195,0.9608059654792177,0.9508133897711023,0.9133005907526333
447,1,1,0.8575226176094162,0.8168456581546522,0.9172722849897152,0.9423354268074036,0.92005890606155,0.9436618643004934,0.9101558574975799
448,4,1,0.3807366951158608,0.20860103894448237,0.3520704056642402,0.3743050992488861,0.3317235608789623,0.31675597614802864,0.3356070592693561
449,0,1,0.7750197940508697,0.7435439448619768,0.9069895949118028,0.8925378322601318,0.8650789688394448,0.9068528999971311,0.8637339709114423
450,0,1,0.314494036808918,0.3242473185008385,0.2556481908898072,0.3025950491428375,0.2638210543042452,0.3504574498580359,0.305243953272884
451,4,0,0.12323076978557695,0.1395212302979231,0.10553900376947113,0.11579481512308121,0.11196333814038721,0.11544180191368845,0.11676028656860016
452,3,0,0.11449597912386723,0.13149602728652432,0.09882545217876554,0.08529344946146011,0.08971921896939361,0.11523721957119525,0.10492900671501583
453,2,0,0.4806357801904849,0.317017787065344,0.6106140230726489,0.6155269145965576,0.5833082564076203,0.4544776015680554,0.5209755593017243
454,3,1,0.3635813747747208,0.34462529922126167,0.30638182994390556,0.3257652521133423,0.3310792084040724,0.3725429764933635,0.34167281751353196
455,3,0,0.0964523470149547,0.11324593973280857,0.09241765981009605,0.08529675751924515,0.09732000499044872,0.1052301074501135,0.09737485685296554
456,2,1,0.10070672178421762,0.11611191395273154,0.10673256827979236,0.11427275836467743,0.10911816292064888,0.11177525885095471,0.10977389599660334
457,4,0,0.36861635156160594,0.3769143991140063,0.3706941195877911,0.380548894405365,0.39089961253564,0.33709333644538064,0.3665957908091819
458,3,1,0.9322536239293121,0.9152639240149679,0.9087832093203058,0.9027150869369507,0.9074645345180995,0.9340006308020813,0.9179107063946752
459,3,1,0.6863417830276546,0.7027845150485792,0.7272440334422698,0.698846697807312,0.7902000146099447,0.5996681770548715,0.687384910933635
460,3,0,0.10109118941935157,0.1183186218073634,0.09970868199484434,0.10868743807077408,0.10082405215029079,0.10630012173110821,0.10533220025456888
461,2,1,0.32453634035490303,0.3169948544566062,0.2700551162628672,0.2836277186870575,0.2896917571828089,0.2405544467287902,0.28022429088935946
462,0,0,0.11072000571539671,0.1276765238481178,0.10425770993533692,0.10936323553323746,0.15028138520539827,0.10955943242894145,0.11451783896361135
463,1,0,0.3698882216632721,0.3722158819816853,0.3204579044930842,0.3252694606781006,0.3560511814118631,0.41402571735536964,0.36096184196192505
464,2,0,0.12670224308104225,0.12995023302166514,0.11275368737558127,0.10940634459257126,0.13828889590966206,0.11855611853637202,0.11990028538301256
465,2,0,0.09530395643928391,0.109959828793805,0.09933257293046845,0.10003937035799026,0.11622739270800833,0.10464767102710244,0.10295062203054127
466,0,0,0.1111515067501927,0.12872483489123304,0.09358551062256741,0.10465975105762482,0.12443581396401374,0.09574524861850633,0.10557415538871862
467,1,0,0.10695112403120761,0.13254354434201687,0.09283075259568623,0.09627757221460342,0.09525870836538897,0.10120768975365299,0.1019464812758929
468,2,0,0.21970956574907088,0.19162623923719024,0.1972107572254268,0.1911018192768097,0.17057563271050155,0.17012976688168627,0.18937157907799868
469,4,0,0.10283933969964942,0.12820479487730274,0.11673124750482186,0.12059133499860764,0.12267822604866027,0.11667843786747929,0.11714832901509943
470,0,1,0.7728159297857256,0.7388525868372854,0.9069895949118028,0.8925378322601318,0.8650789688394448,0.9122791600084524,0.8642908204720319
471,2,0,0.09640133777492313,0.11552308503721914,0.1009198274150611,0.0998336523771286,0.11328168420465731,0.10272352722958976,0.1031722553562615
472,3,0,0.09863027341132587,0.11377006091497689,0.08464107931024918,0.0845537856221199,0.10316166407075535,0.07169014664015724,0.08824922315678524
473,1,1,0.8242847916755183,0.8421587015905992,0.8795201390750935,0.8955948352813721,0.8829211001667973,0.8916067484243658,0.8740753809044519
474,0,1,0.8682124562419792,0.8618258246789299,0.9217250717653319,0.915245532989502,0.9061392761739803,0.8969574668599399,0.8986618661875397
475,1,0,0.6842180021346961,0.6609950626302119,0.6459642134685504,0.6572827100753784,0.5586050785543906,0.6354847018297853,0.6441132746048968
476,2,0,0.25854551327013126,0.283370661748722,0.18948668015912598,0.17694513499736786,0.1460851945281804,0.33311421422042536,0.23829232920461502
477,3,0,0.10238115577095916,0.127146849856029,0.10513990882152355,0.10921856760978699,0.10333988250855519,0.12253710337919423,0.11191181773316296
478,0,0,0.12046914620414474,0.1209863066548994,0.10345160919519564,0.10110335797071457,0.13542270026366798,0.11753932618386219,0.11400709760162603
479,3,0,0.0861873507512784,0.11294625571298765,0.09030912817522206,0.09163527190685272,0.09903689308599983,0.10150554417212126,0.09589168355203578
480,2,1,0.738099436973798,0.6871736099282002,0.7198524876894903,0.7199013233184814,0.8096357509741139,0.8101136502636368,0.7508750264038047
481,1,0,0.10341385045229776,0.19247164580169243,0.04666127109009155,0.04115305840969086,0.047815965639316366,0.022820884848856537,0.06280892582411615
482,2,0,0.09921127845896606,0.1288804370664331,0.0932638523845792,0.08876515924930573,0.10050952146039785,0.08557757101487141,0.09562088270202285
483,1,0,0.10232181811584126,0.11562927404490939,0.0969997983561914,0.09162874519824982,0.09893534031644967,0.0967788709486365,0.09872516060155946
484,0,1,0.48788026991849537,0.5952254426375037,0.16238892976475547,0.29940158128738403,0.4162992165030397,0.34976252133393737,0.3541332389457409
485,4,1,0.4307989076526978,0.3902920167418009,0.46505923976352187,0.47401782870292664,0.4546760459496979,0.47574276273842253,0.4558677467949499
486,4,0,0.11677877773753642,0.2581027343350367,0.07916789253650429,0.05193980410695076,0.03642045463587404,0.05693543490858336,0.08742453361355838
487,4,1,0.9474344605704876,0.9247186066026851,0.9295413134302786,0.9400075078010559,0.943499645916709,0.9571251234806785,0.9421280394539492
488,1,0,0.3353087435790575,0.29188806433335485,0.3611777402660784,0.35571470856666565,0.4233406372113899,0.2573859179141885,0.3295441509364291
489,3,0,0.12023286337307594,0.1156826790516785,0.10294647372668915,0.12913145124912262,0.18292614403793167,0.11012210113152475,0.12184192209296595
490,1,1,0.7615250459152839,0.7553646215486465,0.8078852047390486,0.8230461478233337,0.7964153002582539,0.8543611539847619,0.8091833080766495
491,3,0,0.11449597912386723,0.13149602728652432,0.09882545217876554,0.08529344946146011,0.08971921896939361,0.11523721957119525,0.10492900671501583
492,1,0,0.1031665532490952,0.1275414613059914,0.10681516606475744,0.10546252131462097,0.11815981757627507,0.11651183108635148,0.11162860612305447
493,3,0,0.33100043283004504,0.32458336985135416,0.259692849076324,0.2834876477718353,0.3362188083753755,0.25087011506781975,0.28708391088376656
494,0,0,0.21412870712063176,0.2088838994064031,0.11601126933063022,0.15372060239315033,0.114534612292055,0.16830514022701926,0.1604838166394515
495,1,0,0.10306509783894088,0.12002385818820083,0.10425314092770026,0.11238984018564224,0.11221519242434648,0.11507567713726755,0.11078118524408126
496,2,0,0.0960358313562467,0.11835973050315854,0.08882518244741648,0.08213505893945694,0.07273957057934542,0.039627298656022165,0.07761417775306763
497,3,1,0.8599031316022465,0.8788214128783982,0.872197228660315,0.8475866913795471,0.8604990722481043,0.8984223315864692,0.8714798851575769
498,4,0,0.10942392345786366,0.11049335600593597,0.09824628472720205,0.09496986865997314,0.11312757988603099,0.11963768078018479,0.10732833298035747
499,0,0,0.8937551559524404,0.9324781219958458,0.823740008191263,0.9038885235786438,0.9293977584552169,0.9399522716582555,0.9007646357065175
500,4,0,0.10399292315470539,0.12419502652584834,0.09991447534331367,0.09812193363904953,0.11013270856507802,0.11016841346928948,0.10618109714609344
501,2,0,0.1053512060826516,0.11703900246339101,0.09755451420524049,0.09344973415136337,0.08230372272734929,0.11255632143194645,0.10207688346077916
502,3,0,0.6568652199998438,0.6707797095634834,0.6657344212342297,0.6607882976531982,0.6098415131977345,0.6380113392570591,0.6513992838678487
503,1,0,0.691589301995513,0.6834751380163578,0.7340850384316037,0.7077140212059021,0.7037372622678857,0.68449120450715,0.7019422483820399
504,1,0,0.638479320613448,0.6542351938038831,0.5972727940005069,0.5968000888824463,0.5977367939213079,0.568116422153152,0.6018127789794149
505,3,1,0.9420858488400516,0.9389637057531257,0.9571618432664154,0.9663138389587402,0.9756675219142233,0.9770780732468148,0.9617406548494775
506,1,0,0.37949729377892816,0.31255502731060175,0.38661836478100237,0.4223848581314087,0.4619109634371459,0.44383317231232633,0.4071301308021778
507,4,1,0.8500868154136719,0.8425318496746306,0.8783739483956733,0.8709414005279541,0.8563728042565005,0.9096875816229497,0.8746884528956269
508,0,1,0.2971290235754625,0.20329003606431317,0.3559851860264834,0.33922016620635986,0.3199044644289878,0.2903913323677888,0.30852770712416533
509,2,0,0.11646413509418502,0.12390538261205805,0.10548243206452536,0.13571248948574066,0.14378396054025142,0.11304186026472535,0.12073800395559325
510,3,1,0.2500266477851981,0.16308156610197666,0.33781488007618704,0.25240981578826904,0.20474246013018224,0.3917538945952338,0.29026981261269524
511,2,1,0.09765666063257077,0.11170335647942896,0.10673256827979236,0.11170819401741028,0.12025635039012221,0.11089205062965671,0.10925563489869544
512,4,0,0.12294073238112666,0.13081315345624683,0.13138192366043439,0.11000771820545197,0.130822956707676,0.12645927323578668,0.12449746755568522
513,4,1,0.550329071497204,0.4894701316015514,0.6623181108556796,0.6411542296409607,0.6119773522735996,0.6054920392518163,0.6047615870243778
514,1,1,0.903235685602495,0.8828522672521776,0.8838015856115473,0.8960675597190857,0.9036016630147342,0.9173452304321871,0.8994408825412388
515,3,0,0.0861873507512784,0.11294625571298765,0.09030912817522206,0.09372197836637497,0.09903689308599983,0.09952354567396487,0.09581352521940113
516,3,0,0.34314040885574415,0.33140988642200475,0.3080041453577501,0.3351820111274719,0.29276077392711564,0.2946289141574363,0.3161825871996772
517,4,1,0.8085237582850054,0.829858311730161,0.8469899999769657,0.8437826633453369,0.8180459681505606,0.8023969734377089,0.8248227677547108
518,4,0,0.13751302021264702,0.1472085876603273,0.13092062487214995,0.1507387012243271,0.1485866267158702,0.16730381449240875,0.1483642933119144
519,0,1,0.8397462771743837,0.7671742207445295,0.8701327815085648,0.8647100925445557,0.8500685049512511,0.7935171102742881,0.8330340665249317
520,4,0,0.11489522485673467,0.12435040668205212,0.10136900421792684,0.11610230803489685,0.14269983818017934,0.10942331355543251,0.11478939905415621
521,4,1,0.9403721822903962,0.9042756493277823,0.9255024348435851,0.933229923248291,0.9329320565528575,0.9452684286292734,0.932840176707317
522,2,0,0.09620953785802523,0.11552308503721914,0.1009198274150611,0.09837587922811508,0.10271406989941519,0.10752277284962357,0.10299498071340835
523,1,0,0.11109028847245794,0.13377848667791614,0.12627868572581416,0.12043679505586624,0.13534580945973668,0.11566804262436037,0.12183607969706015
524,0,1,0.959649833311653,0.9675641663347972,0.9558510043239317,0.9606502056121826,0.9760286918929862,0.9749213771284604,0.9653373470888642
525,3,0,0.09987440081178309,0.11850201820227678,0.09970868199484434,0.09609730541706085,0.09545721895815175,0.10548802299875996,0.10191028706988135
526,2,0,0.08902856209192415,0.10890150615897747,0.0762727551421503,0.06686648726463318,0.04865658032206888,0.06629035998451377,0.0743105314393784
527,4,1,0.6059541855233471,0.6198580643284674,0.4897734018456549,0.6650380492210388,0.7423964548080564,0.5219630674612542,0.5885716368208067
528,4,0,0.33131960337614924,0.3382722155004846,0.36697785112007775,0.35536885261535645,0.3253980523793423,0.4138598156701829,0.36399926195903765
529,1,0,0.10566834150569883,0.11953991830075189,0.09299766861927876,0.08918867260217667,0.07730698490568515,0.10136681579902694,0.09731391374054635
530,1,0,0.11793135307979712,0.13267973240097417,0.0978655869798655,0.09561820328235626,0.07742387191122878,0.13704910919557717,0.11165909874452852
531,3,1,0.8943214812713152,0.8705319501126862,0.9304093391376299,0.9603301882743835,0.9688686039540859,0.9620107803357575,0.9367388781637167
532,4,0,0.1023293143440472,0.12931429212565745,0.11673124750482186,0.11758291721343994,0.12541932035144587,0.11388553684913527,0.11615697555525359
533,2,0,0.11121331420452397,0.11674827718220085,0.10339225467872912,0.10129354894161224,0.08172745921865811,0.11518544893003327,0.10626309372734108
534,4,1,0.7127331710976026,0.7407842302748066,0.7832948195153397,0.781917154788971,0.7891880702605085,0.8389124023206886,0.7826777011592061
535,3,0,0.5454371833917667,0.6170023611842542,0.5473300784130086,0.6196649074554443,0.6426359904094898,0.5795906672601575,0.5860760766568694
536,0,1,0.8672487640092508,0.7738184294130207,0.8848630693613585,0.9104897379875183,0.9163518157946607,0.8684766486294352,0.8752940627492899
537,4,0,0.49306923112989187,0.4875065631944747,0.6719805234325903,0.6228218674659729,0.5244696742843334,0.6838029634233665,0.6050692274529189
538,3,1,0.9088787942987975,0.8378304422371301,0.9077706106783879,0.9077017903327942,0.8903276699411028,0.9293745783282562,0.9045857551469435
539,3,0,0.10318253456284336,0.11839712109557918,0.09241765981009605,0.08736559003591537,0.09732000499044872,0.10715365147014903,0.09979415562976886
540,0,1,0.9366623376850883,0.9279637131850764,0.9349611780163152,0.9392167925834656,0.9567205753494562,0.9707514195333811,0.946491228509518
541,3,1,0.9029597717954007,0.8422456275625928,0.9171011385537453,0.9127297401428223,0.8916678753748638,0.9394253672221691,0.9096578336079116
542,3,0,0.19079056995695312,0.3086359596666127,0.06834626162302895,0.06843719631433487,0.0650172397008713,0.06565308902100733,0.10975386927301595
543,3,0,0.19475882392520713,0.3077853349455061,0.06834626162302895,0.07080500572919846,0.0650172397008713,0.06575513948609767,0.11076311939538871
544,3,1,0.1013406074901712,0.13622823504324943,0.11314013785668359,0.09504354000091553,0.08832776519226886,0.14609866246928946,0.11581809233591969
545,2,0,0.2860063231730914,0.2949425709194596,0.15908189386992058,0.15798430144786835,0.18923772832033808,0.2370491307446415,0.21399450014966165
546,3,0,0.17102823585175453,0.19831982718267557,0.12371996042945153,0.11991655081510544,0.12717299981009078,0.12592549890044172,0.13841219505106164
547,2,1,0.902099364209265,0.815154915813247,0.9185557800775093,0.921231210231781,0.9163418114772891,0.9069138819943737,0.9031504459208949
548,2,1,0.13752353354867486,0.13195637543024372,0.12322965658046545,0.12398164719343185,0.12713112264677157,0.14260993682591191,0.13163202480126018
549,3,0,0.10583518220962573,0.11899570681606658,0.10959817904817322,0.09286133944988251,0.07469699642601564,0.10092865487740944,0.10096861507461559
550,0,1,0.7654569970814283,0.7314409150402942,0.8585798215772346,0.9026308655738831,0.9170778578633545,0.7993651510060682,0.8317538520343197
551,0,1,0.37588741822554983,0.33317544035806296,0.3467988111313146,0.4247758686542511,0.45169116299475337,0.40950402295916555,0.39156071476601867
552,3,0,0.1200722590515466,0.13867329900005512,0.10644818363524891,0.1067926362156868,0.11879031034293257,0.13205728932694752,0.11941968609395479
553,1,0,0.11186159649143992,0.118956479671652,0.12213029945781369,0.1202949807047844,0.13131369168841273,0.12060354390101133,0.12044219861749492
554,3,1,0.09614168480154425,0.11850201820227678,0.09477601369089662,0.0933489203453064,0.10403155678889012,0.10486325136749067,0.10051540986846161
555,4,1,0.5470408729885541,0.5891762331343319,0.5696295713374039,0.5116692781448364,0.5100563713533907,0.5489906068949254,0.5454868130172348
556,1,0,0.2800538436420134,0.21823765863537578,0.27815446589802223,0.31577202677726746,0.38607130743822254,0.23125853913274314,0.27903890647190555
557,2,1,0.8074252186096834,0.8716113381397759,0.9138442381105033,0.9062488079071045,0.8864656189777208,0.9173507497568465,0.8902777751459354
558,3,0,0.2895777050613298,0.24755253933323773,0.19422254091020008,0.25669315457344055,0.2230500551378413,0.25885188071518495,0.24539302448183176
559,0,1,0.967011308384897,0.9533065982141701,0.9546770000363398,0.9587608575820923,0.9743964767345434,0.9771597625405846,0.9647995159114384
560,2,1,0.6223784362049399,0.6233215950423213,0.48404985376071613,0.5003776550292969,0.49081180936133734,0.49903554991258586,0.5264144951072559
561,4,0,0.106117583070539,0.12820479487730274,0.11867200134676052,0.13171765208244324,0.13945792172566207,0.1224925434227542,0.12338497566240664
562,4,0,0.10704514518125155,0.12345470567864605,0.09582229925025085,0.10005195438861847,0.1152956420734812,0.10075551950253642,0.10429553715580842
563,2,0,0.13636016217521216,0.1362410047072723,0.12046268274609938,0.11412320286035538,0.09126950052799983,0.1448738106650967,0.12634070463737418
564,1,0,0.11697379034180161,0.12760207806328538,0.10848531564486052,0.11346245557069778,0.11221519242434648,0.11351827541155991,0.11429691869603506
565,4,0,0.5875208113481505,0.5914355939668563,0.5688727183060621,0.45743781328201294,0.5241403006616396,0.5691186527229277,0.5472274806634191
566,2,0,0.12756914395098023,0.13413332237947873,0.16912276289806102,0.09606192260980606,0.10558355489480085,0.13369694778781466,0.12956823336860207
567,2,0,0.09880505526320629,0.11624977378609407,0.1009198274150611,0.09689794480800629,0.1011071099369898,0.10834764450919658,0.10320691223370196
568,3,0,0.24944584885651966,0.273402089461871,0.1211155292618552,0.09996292740106583,0.09181173190777864,0.119010032378262,0.14790645889259263
569,1,0,0.11109028847245794,0.13377848667791614,0.12627868572581416,0.12677490711212158,0.13534580945973668,0.11547314971932952,0.12305497888205351
570,2,1,0.10356302084142895,0.11590589434714157,0.10171278669164265,0.12419433146715164,0.10946185192450425,0.1035584001812661,0.1091422514304543
571,2,1,0.0968736812922232,0.10839018693763412,0.06493927006948322,0.0761399194598198,0.08154240685517544,0.055682843180492436,0.07566086027409816
572,3,1,0.8982763784221487,0.883464043014324,0.8302774768081671,0.8302265405654907,0.8409767980460164,0.90854340258613,0.8664221949906205
573,1,1,0.4423432809293126,0.4182293699011154,0.5994324682258978,0.5340715050697327,0.44892676095594797,0.5355509682295163,0.5136556419416084
574,1,1,0.7183045196064765,0.7478218159664607,0.7986375953451986,0.7899269461631775,0.825236075357101,0.8333640024892882,0.7911053759973249
575,2,0,0.10533512472026883,0.1126058719046783,0.09688354273317747,0.09141485393047333,0.07424810411686647,0.11373836873697883,0.10057993782716967
576,1,0,0.1142292735318275,0.12913328267783591,0.10809675392882483,0.10855033993721008,0.11764637015495603,0.1136287860420853,0.11354897159678164
577,2,1,0.7620395768319175,0.7144610534879339,0.8611132585563515,0.8493719696998596,0.8308526342642462,0.786416846213193,0.8075385625045461
578,0,1,0.9458039146124115,0.9346875576925491,0.9372174982443864,0.9335333108901978,0.9429221329830956,0.9651356699180579,0.9450656355658575
579,1,0,0.6177029270812758,0.678465274384523,0.6152472296531306,0.6340497732162476,0.5760359862260783,0.6045459015216822,0.6191014410775477
580,3,1,0.1841404344166079,0.1735588697800278,0.24063711108505853,0.2994121313095093,0.18292614403793167,0.22085861420095232,0.2264940685734388
581,3,1,0.8166425300587343,0.7510537850963268,0.816917233953556,0.7885559797286987,0.7984613812537266,0.806806345213111,0.8002441251835442
582,2,1,0.938827061060138,0.9277952202108758,0.9483443045618254,0.94910728931427,0.9526685830345638,0.9776066547474765,0.9527624219456529
583,2,0,0.12344096404538411,0.13454832363235908,0.07456181625499876,0.08419366925954819,0.08272113151353865,0.08242556666622146,0.09260057889086215
584,2,0,0.4555532953758883,0.3104733921346209,0.632733422914003,0.6269655227661133,0.6217998074028737,0.49418863519744616,0.5370472621955175
585,1,0,0.12034490890039219,0.1344680973528751,0.1218012494074655,0.1292456090450287,0.13534580945973668,0.124088365465,0.12626459007306884
586,3,1,0.9304002541107022,0.9232561917645642,0.9549298339302349,0.96306973695755,0.9628617681143027,0.986549638552549,0.9584091579201863
587,1,0,0.1341703997684716,0.13881215121083157,0.12937445550389287,0.13368521630764008,0.1375191468341332,0.13445117949317548,0.13398341900536767
588,0,1,0.22750385338207385,0.2754645328687138,0.13385636863876257,0.15216656029224396,0.10992205811817403,0.15529444020205868,0.16869243294271585
589,3,0,0.08918453828521956,0.11218399241409777,0.09030912817522206,0.08289343863725662,0.09732000499044872,0.10279362304615484,0.09466699960727205
590,2,0,0.1002949487060202,0.11580747203219767,0.09933257293046845,0.10298074781894684,0.12527796944588934,0.10850794723193853,0.10674243741157942
591,4,0,0.23177695071107804,0.25364342611049906,0.45833179234373683,0.34104546904563904,0.12086257866551972,0.34584150058511326,0.3185529705084171
592,3,1,0.9191557910265472,0.9252172529679373,0.8774439548497673,0.8647600412368774,0.8662526316811802,0.9284613269819897,0.8975764880817203
593,4,0,0.11149716238616189,0.12758768265364803,0.09221061363115095,0.09407299011945724,0.09282976352250898,0.08958393382818874,0.0984190231827088
594,3,0,0.700642254608723,0.6989966799271323,0.6986720443920789,0.6841623783111572,0.6613129951077983,0.6998961789728961,0.6926682349786728
595,1,0,0.11016155151277594,0.12108532738927683,0.10585752687360267,0.09385088831186295,0.10370125211581949,0.12850761852056214,0.11107147834465969
596,4,0,0.10996047664939729,0.12338241414922435,0.09850957843418999,0.10165801644325256,0.117841505429702,0.07646986483018581,0.0997674486383372
597,1,1,0.8810500747008604,0.8079496542328589,0.9216724936213633,0.9325353503227234,0.9307316801805068,0.92020029476034,0.906917287125368
598,2,0,0.12183812333138891,0.1271597466909817,0.08364616821240939,0.05612186715006828,0.036293829456504424,0.05144706756840387,0.07543645007905346
599,4,0,0.10461990777124576,0.12931429212565745,0.11673124750482186,0.11276031285524368,0.13455250506787295,0.11388553684913527,0.11644936216933684
600,1,1,0.40641290498899907,0.40119805431744837,0.38210232744971817,0.4248717427253723,0.3428165479131676,0.459476812265647,0.41162741307284134
601,2,1,0.8815707101692648,0.8121908585157436,0.8993557406446727,0.9130223989486694,0.9071366429349231,0.8761620189874731,0.8856844893359931
602,4,0,0.10307877220821958,0.12391147178044919,0.09991447534331367,0.09530583024024963,0.11013270856507802,0.10897637013398519,0.10515438751599462
603,0,0,0.2028191255812182,0.19778042701040985,0.1457344114572291,0.1728668063879013,0.20892250653933683,0.24728441918649333,0.19663451055780684
604,3,0,0.09939698585189745,0.11044256762798937,0.08044874246693486,0.07668216526508331,0.10316166407075535,0.06527239687929008,0.08401425181388525
605,2,1,0.40462884482770306,0.20843326202163898,0.5753629786070693,0.5414802432060242,0.5621260120213942,0.38955118929207944,0.4585066958140974
606,3,0,0.09374982743705389,0.1202426833772629,0.09357933170718076,0.10387594997882843,0.0870233311592756,0.08793647454728507,0.09626425054323504
607,1,0,0.12246261079661469,0.12672799786631517,0.11712700048228086,0.13997873663902283,0.14290398468940438,0.11444203241784502,0.12536424540378616
608,0,1,0.38837956435623056,0.2133923668614555,0.5893600642204264,0.5405031442642212,0.5705574699377312,0.410098043908614,0.46514907100743624
609,2,1,0.8935060074405631,0.8606711236052142,0.9399330079170078,0.9568526148796082,0.9471674887243472,0.9425830527842659,0.9298126501044303
610,1,1,0.921491950997137,0.9092518906373679,0.9413482718799578,0.9365254044532776,0.9491994579453126,0.9650784267834925,0.9409132694703588
611,3,0,0.22999935037738178,0.3715674999586498,0.07105935202111832,0.08369338512420654,0.05335738688623682,0.10720326157244128,0.13474375406327121
612,0,0,0.11294629119457718,0.12818580985190411,0.10738600883810763,0.09963501244783401,0.13594544234511802,0.11596667195947996,0.11375094114594711
613,2,1,0.6476755035307639,0.6481334343348719,0.710366337515106,0.7014227509498596,0.6922451431309012,0.6415237941337103,0.6739279495026126
614,1,0,0.10532502613658813,0.118956479671652,0.12213029945781369,0.1202949807047844,0.13131369168841273,0.11834286416234321,0.11889654312960013
615,0,0,0.1101738079218585,0.1276765238481178,0.10425770993533692,0.10936323553323746,0.15028138520539827,0.10456928930739126,0.11318837351419309
616,4,1,0.8479632976056662,0.8366165963018032,0.8739155153674283,0.8810642957687378,0.8850320377059953,0.8915000922368153,0.8732303433280668
617,2,0,0.10828875628650485,0.11659422572416353,0.06441814815100705,0.0504179522395134,0.029191336100125954,0.022664483690879835,0.05945521062622873
618,0,0,0.6606914131793858,0.6605391057731115,0.6076281317408161,0.5913557410240173,0.5469551521880522,0.5582440173420666,0.5992109166615076
619,1,1,0.9151132532052515,0.8605936255801883,0.9463882414850184,0.9611067771911621,0.9731718455609807,0.9633618459188323,0.9429830003098488
620,2,0,0.10534254746203045,0.13325913221123337,0.0985380789168991,0.0958409309387207,0.08988526115277759,0.11309978951481198,0.10526657080553262
621,1,0,0.11838748886958911,0.12636469867417952,0.15876954204629667,0.13913477957248688,0.17466226362246057,0.13898159488748946,0.14218708260573146
622,2,1,0.34756552974238675,0.33822768658764385,0.4400216343415219,0.39080262184143066,0.4021472015431689,0.3311106723715871,0.37511483760392655
623,1,1,0.14548381087643653,0.1421185239123919,0.09252191367054634,0.10026634484529495,0.11048867368867912,0.12493723528220749,0.11687525191529272
624,4,0,0.10718713702128431,0.12449263589895213,0.09991447534331367,0.09812193363904953,0.11013270856507802,0.11222728435453125,0.1072047078847011
625,1,0,0.1099800070808094,0.12936973284284384,0.10693559502334495,0.110697440803051,0.11221519242434648,0.12513878110856494,0.11546679603126087
626,0,0,0.2782133440348806,0.28840620562212876,0.2547013823949955,0.24323801696300507,0.24573771061504807,0.25358938026671646,0.258131618167229
627,0,0,0.1818123648487968,0.19495449034957588,0.12631242706422197,0.15348772704601288,0.12172240140209017,0.13809528429119203,0.1494233957973311
628,0,1,0.942653917957802,0.9207909714534468,0.950569700000726,0.9531611204147339,0.9566897892550031,0.9782811228265773,0.9544626085542516
629,0,0,0.10528845762971718,0.12697700405114315,0.10033077230983249,0.10187564790248871,0.1155552614594542,0.11247181177275012,0.10860573218116908
630,1,0,0.10337564724999093,0.118956479671652,0.12213029945781369,0.1202949807047844,0.13131369168841273,0.11630502636570157,0.11809467684745013
631,3,1,0.25995176290913047,0.27512405243387406,0.1898659999004668,0.2556179165840149,0.3023003650350197,0.16505387251471146,0.22709545760883315
632,1,0,0.09316460603655147,0.11638740508566355,0.08711359640022319,0.07600124180316925,0.07764299950899774,0.08409761073817211,0.08702510169017037
633,1,1,0.4743071342382555,0.35343643449814427,0.4666665371554945,0.5651578307151794,0.5092851297411325,0.4971036442138238,0.4880590111872568
634,4,0,0.13742231552415254,0.15298246523606304,0.0843526712167805,0.0653107538819313,0.037799331675435824,0.07383977461105616,0.08808415569227918
635,3,0,0.11159040062590743,0.17895802279155812,0.06834626162302895,0.06339790672063828,0.06331163109241623,0.06163601943585564,0.0827233640099809
636,1,1,0.8102494908058429,0.7386169879345156,0.8522103661591042,0.8495575785636902,0.8408371124322253,0.7885735549215237,0.8169798113324904
637,2,0,0.18535651330337738,0.20865835547786402,0.3408107928083179,0.29471927881240845,0.1495328909882715,0.2737698466331829,0.25917107762456115
638,0,0,0.15602467104385806,0.14509876691256432,0.1882130095481384,0.18708845973014832,0.20517990272055345,0.18554920058691224,0.1798791616222759
639,0,0,0.19655908763106653,0.28935392707969754,0.06855674565701718,0.04865648224949837,0.030791050952573187,0.062254120345336374,0.10050453661552426
640,2,0,0.11097295404691872,0.13919259331614597,0.11548285419307283,0.09940709918737411,0.1269154224345897,0.13358056301315988,0.11962987611149073
641,3,0,0.0907339085544505,0.11336413728799626,0.10082893718678039,0.10024412721395493,0.1181314054034702,0.10531420074783682,0.10330280361942049
642,0,1,0.9632787889995864,0.932812541821791,0.9370944850840653,0.9438674449920654,0.9566200400172736,0.9733992283549495,0.952977269637808
643,3,0,0.13612353678931527,0.18761079333300532,0.07405094052832038,0.08225953578948975,0.0840477967195447,0.07311987628881003,0.09712645385941682
644,2,1,0.2633825213656695,0.15412225078719544,0.2680546945909311,0.2567763030529022,0.17475210993005574,0.3018551581437941,0.25282480334129076
645,3,1,0.8486730698991987,0.8144066135572015,0.9249631310183385,0.9110335111618042,0.939497107859831,0.9325523756360241,0.9030287549716176
646,2,1,0.2744383540124753,0.35273851216476415,0.29829519982363495,0.12720273435115814,0.11316856127493453,0.23584569041933384,0.23181746988563323
647,3,0,0.0937482167630932,0.11312195962646376,0.10082893718678039,0.09146799147129059,0.1167873179440236,0.10533999104683112,0.1018475437648347
648,0,1,0.2732915438967431,0.3203385494924222,0.19917102060064037,0.24513909220695496,0.22492753061615542,0.3432545983651394,0.2701960117481732
649,1,0,0.09912045228170174,0.12493738941369205,0.1030200105246533,0.11053285747766495,0.11815981757627507,0.1016432815650415,0.107299182532976
650,3,1,0.6033288487215946,0.6158001492081474,0.581609006681238,0.603290855884552,0.6035671004950353,0.565207035281756,0.5907177836121544
651,4,0,0.10307877220821958,0.12391147178044919,0.09991447534331367,0.09530583024024963,0.11013270856507802,0.10897637013398519,0.10515438751599462
652,3,1,0.882619712283441,0.8427018948363515,0.9445764315124352,0.9570705890655518,0.9612376025264691,0.9431060607829141,0.9288928258901241
653,0,0,0.10426119936082827,0.12789017871414526,0.10033077230983249,0.10023855417966843,0.11542213058384904,0.10795218074171953,0.10707232131725375
654,3,1,0.6936418570657589,0.6738952410354456,0.6986720443920789,0.6786468625068665,0.6613129951077983,0.645533880435324,0.6744143536628083
655,4,0,0.6344824985957749,0.6385653387259802,0.6797529007391065,0.6234419345855713,0.6549588155854601,0.6039644928098229,0.6361548804879016
656,4,0,0.15839945772643355,0.15100411337694625,0.09913606912613564,0.14241817593574524,0.2179499190269299,0.1599356777577774,0.14895009035117318
657,1,0,0.10937148640618846,0.1265826125322227,0.10681516606475744,0.10728386789560318,0.10901899971002235,0.11326236144468667,0.11110128133839657
658,3,0,0.7363348810641855,0.7038490823507021,0.7457623366955701,0.7545135021209717,0.7048935431146827,0.7029849225103004,0.7271258930970498
659,2,0,0.12804528083056937,0.13534062156550983,0.12046268274609938,0.10114581137895584,0.08358192838082504,0.15689115030833245,0.12464353352131305
660,3,0,0.3374983973260777,0.3971996494415326,0.27739847697996645,0.31732234358787537,0.30627502969745823,0.38086222874222886,0.3351319488119363
661,4,1,0.43917025155890144,0.4031990608801754,0.2265680965555077,0.2951643764972687,0.26516559015201346,0.4764284552608955,0.35616561126283325
662,3,0,0.09788700005636719,0.11619793254712184,0.081027711674112,0.06963694095611572,0.07133687478513694,0.06165210050645528,0.07898248639434033
663,2,0,0.28255282749055044,0.3169948544566062,0.1928152264247179,0.15819919109344482,0.1180928657915802,0.20643750435141744,0.20770395573988815
664,4,0,0.09937456673128214,0.12435040668205212,0.09621593089941123,0.09748762100934982,0.10573501942880213,0.09853857332704152,0.10129008133429035
665,2,1,0.14254935525135337,0.16244748738135387,0.2009456495678062,0.1963648498058319,0.11356205918657994,0.11642047405617481,0.15755057633326772
666,0,0,0.1501184951307489,0.13815884067249928,0.1626181901247403,0.1718965321779251,0.30377563549218045,0.17334744990519804,0.1769510288229129
667,2,0,0.12831895351803518,0.1362410047072723,0.12046268274609938,0.10618223249912262,0.09126950052799983,0.15608056247132432,0.12634801721810796
668,4,0,0.1027674376048321,0.12391147178044919,0.09991447534331367,0.0942486822605133,0.11013270856507802,0.11044811839615153,0.10526419479508083
669,0,0,0.11946202647372996,0.1304336397926835,0.10425770993533692,0.10750230401754379,0.1497620273194554,0.09638083876509278,0.11238608316412273
670,1,1,0.9448413735460186,0.9087700735170547,0.9324194395973796,0.9224190711975098,0.9337018297228636,0.9332704861670659,0.930258720056639
671,4,1,0.8452189483620656,0.7819416986647051,0.79064552644902,0.7947180867195129,0.8276453013922125,0.8271553515365123,0.8116031027778363
672,2,0,0.41969852584740824,0.3727681652888718,0.2906432404882521,0.3064798414707184,0.22404409770131128,0.4577341039009918,0.3564941475431716
673,4,0,0.12028892115898583,0.11598677753809539,0.10309922584999338,0.10854580253362656,0.1207871097492246,0.09175695144919699,0.10698897044160312
674,4,1,0.110147544257928,0.13122893124339052,0.09991447534331367,0.11018580943346024,0.12931612830540928,0.12695263484753994,0.11633485326080895
675,1,0,0.10459963485706568,0.13098985620251002,0.09283075259568623,0.09563206136226654,0.09525870836538897,0.09853607723255907,0.10064138378508009
676,4,0,0.1206875180038837,0.12625009696379438,0.09991447534331367,0.09431006759405136,0.10508355327837292,0.11642178359833405,0.10918684721185581
677,1,0,0.10953309709716921,0.1265826125322227,0.10848531564486052,0.11346245557069778,0.11221519242434648,0.11365861874160887,0.11311395398874619
678,2,1,0.5866060997311606,0.6098150168381441,0.5543854462853917,0.5163686871528625,0.5467519476117232,0.5400830881437308,0.5528192101282444
679,0,0,0.21935156206853237,0.30622606741375463,0.0738942929001027,0.053825635462999344,0.030791050952573187,0.06740602573610582,0.1089999382535595
680,1,1,0.41352103537899043,0.3422475259417202,0.504962904175151,0.32921555638313293,0.25053506537915726,0.3916596112712818,0.3860570093684136
681,2,0,0.6297818646964398,0.660594689744207,0.6057356320512152,0.5809854865074158,0.5646889410745254,0.6280571399096396,0.6113541514754753
682,2,1,0.4328960517758946,0.3465185305035286,0.4977285743211991,0.2503279745578766,0.18846985618294176,0.433322299793383,0.37637513115919213
683,1,0,0.11697589776937828,0.12830004146629392,0.09235809251937059,0.11517498642206192,0.11221519242434648,0.1260570458202529,0.11461878529782052
684,0,0,0.13747410787427675,0.09850243297810722,0.12050656505453083,0.14878518879413605,0.04944853884812008,0.025477732772324284,0.09564399732657869
685,3,0,0.12305503552086158,0.12743442832217816,0.09095916196465378,0.09381627291440964,0.08830046748214947,0.09218717593838038,0.10003362586896979
686,0,0,0.17253068379488262,0.17937413384556708,0.21676440778251532,0.21688318252563477,0.2154926097260616,0.21280618904953133,0.2052973422504081
687,0,0,0.09120155163285361,0.1035433820733583,0.07917539888647884,0.06598159670829773,0.04944853884812008,0.03096624033624348,0.06575238404009207
688,3,0,0.1052237551287443,0.11488528607429851,0.10554996090525093,0.09462307393550873,0.1121678504079481,0.1119753124951807,0.10651731200948342
689,2,0,0.10421925843029604,0.11539135037031464,0.0984359406785882,0.09777749329805374,0.07901695335865801,0.11013702793108728,0.10185066291554187
690,2,1,0.9374031346499194,0.9378492145490416,0.9539375515635977,0.9614704847335815,0.9630158866314785,0.9848423151939243,0.9599891663734569
691,3,1,0.49675220074359355,0.4057269698759165,0.5832302234287258,0.6350408792495728,0.5685188239953977,0.49803752199696316,0.540101010533571
692,1,1,0.8136714541355393,0.7246283429683317,0.884553707029791,0.8883026838302612,0.9103351137331622,0.874831324961499,0.8588261732028655
693,1,1,0.32190629917592556,0.21269302969801415,0.4979999228260259,0.31821900606155396,0.3051197690805912,0.5931540975261663,0.4115995349133069
694,2,0,0.09837671062687202,0.11611191395273154,0.10213811909171758,0.1100098192691803,0.11292752254576055,0.11399826983038293,0.10858960537365532
695,1,0,0.34754259884217886,0.27056257239161635,0.4135555145515332,0.371669739484787,0.41153117014424356,0.3786791899055135,0.3720556123635553
696,1,0,0.12282948090237192,0.13442085139113083,0.10513335680125536,0.0925893634557724,0.08204037654012362,0.11864372005001345,0.10927601899239014
697,0,0,0.11653121512558502,0.1298234420164005,0.14137370208709335,0.108833909034729,0.11634647913923872,0.1121941044746702,0.1201867227274337
698,4,1,0.6592247942533709,0.6395437129701858,0.6712844917388313,0.6405961513519287,0.65630526159865,0.6300439667343115,0.6483557368966191
699,4,0,0.4058328931645288,0.34958001208310685,0.5295913280334257,0.46247196197509766,0.517989983262618,0.3589539474540777,0.4357830783744759
700,2,0,0.15518632199853663,0.1860023679526411,0.13229099563376645,0.08620864897966385,0.07169838107564543,0.08468194174480442,0.11391843756149632
701,2,1,0.8914086126350963,0.9092484777971125,0.8850606828506798,0.9402338862419128,0.9176384762417596,0.9632429592927332,0.9222696409408535
702,1,1,0.4450384761245077,0.4233294719716899,0.6083041491406427,0.5534319281578064,0.44892676095594797,0.550105781816279,0.5238550556251995
703,2,0,0.4672488761589403,0.5158082805624021,0.07286099898057068,0.11934740096330643,0.10348849541259297,0.1360610049916989,0.2044739402580407
704,3,0,0.09917048547469125,0.1183186218073634,0.09970868199484434,0.10775382816791534,0.10082405215029079,0.10644267869879422,0.1048930119242196
705,2,0,0.09447374777835363,0.11036175480029464,0.0970259149756575,0.09168821573257446,0.10271406989941519,0.09879609700046275,0.09792049502848611
706,3,0,0.11692935264239994,0.13788502269619513,0.09458511860710497,0.09814105182886124,0.09510359087032413,0.11170852017540213,0.1073106283840557
707,2,1,0.8284353904062361,0.841295926060262,0.8882173500939956,0.9002537131309509,0.907472282493045,0.9173488980763965,0.8861735665803546
708,0,1,0.3944883940861282,0.43475028606330457,0.41495312082583624,0.38830459117889404,0.33924925114037424,0.3981226842561852,0.3967554262982795
709,0,1,0.8702533811687688,0.8007627690677637,0.8111724492961457,0.9050866961479187,0.9235240255798844,0.9229717853142635,0.876961462057459
710,2,1,0.7518485114133524,0.7965418101094057,0.9376306406251104,0.9275016784667969,0.9367566437886401,0.9248112510425067,0.8903363986808156
711,4,1,0.8891084321760261,0.861936704336936,0.9255630771097181,0.9330925941467285,0.9450706496038411,0.9452516220418054,0.9221110399822223
712,1,0,0.40074478300870736,0.34171255984502735,0.4872750669774781,0.47977495193481445,0.4748191845838431,0.3642689247348039,0.4262421268603527
713,2,1,0.22878299488303028,0.30280922158409296,0.11376445625391093,0.09400538355112076,0.08504423249505945,0.25614286626777494,0.17869247916831987
714,3,0,0.13077121310343334,0.11577766946633004,0.1321729968190416,0.12885381281375885,0.18292614403793167,0.11982162014684833,0.13164683027921334
715,4,0,0.10672178920958311,0.1287580322926523,0.08996782197364092,0.08025389164686203,0.09145054509579077,0.07798330609803504,0.09156929536889112
716,1,0,0.15531963577318092,0.16143938340259184,0.13081689886250802,0.12152311950922012,0.13309721008779293,0.12595371799284522,0.13470803788757257
717,2,1,0.9241769426269248,0.8940894859816639,0.9204592060236123,0.9328892230987549,0.9350566533051805,0.9621878897795958,0.9327578135920956
718,2,1,0.7866781997032981,0.7946208679668356,0.8264147941718847,0.8151843547821045,0.8474526290117269,0.8833251466028286,0.831360196094856
719,0,0,0.11857242786520736,0.13036650011684958,0.11141147633483883,0.11642022430896759,0.11347863747670431,0.12302969707406906,0.11849414233641506
720,1,0,0.09607071647610133,0.12416507980378655,0.09790160148168542,0.08618489652872086,0.06489385674968928,0.10467282692364964,0.09630200745975645
721,2,1,0.9036125718112673,0.8527450209223214,0.9413544216336097,0.9643360376358032,0.9703550730833134,0.9656558222360639,0.9404039425851523
722,1,0,0.10604683342276762,0.12411913091120318,0.10050422175843413,0.09008122235536575,0.10673338172992798,0.09586527443323836,0.10107568370859782
723,4,0,0.10832209478294812,0.13150531215015934,0.09991447534331367,0.11141934245824814,0.12891860172370795,0.12815566034360912,0.1165963842510436
724,0,0,0.1283748884656636,0.13551444013501998,0.11151598190566969,0.11480411142110825,0.14682473715774583,0.12603785969124628,0.12426363458729328
725,0,1,0.508770773143481,0.3758543251149814,0.6021574490036534,0.6483873128890991,0.596819024458594,0.5778123573765725,0.5681449926515734
726,2,0,0.09830945883103483,0.11260681321331115,0.0903757288040255,0.08211880922317505,0.09990958623599054,0.04125619569506835,0.08081101529879259
727,3,1,0.8072410603469523,0.78608789738624,0.8448878890791757,0.8312326669692993,0.8184580457819138,0.7985853846411897,0.8164112107388506
728,3,1,0.6939736471892157,0.6733509400758904,0.6986720443920789,0.6786468625068665,0.6613129951077983,0.6448675265158547,0.6742431036055039
729,3,0,0.105227984452954,0.1375456083369155,0.10644818363524891,0.09618210792541504,0.10075889508108139,0.14650182660060254,0.11676616297202622
730,0,0,0.5840062571169844,0.6572989346769899,0.6194255287268738,0.5802649855613708,0.5842717706601357,0.5823369235595487,0.5972803428487964
731,1,1,0.9439154284825612,0.9405992805515266,0.9435512695615391,0.9548367857933044,0.9597817223240093,0.9788197127988914,0.9560079538306292
732,2,0,0.41518054320535536,0.4149356114481168,0.6746987912380049,0.6182975769042969,0.6952230164309424,0.5241607845381022,0.5629324140316951
733,0,0,0.11771248466227766,0.13125311445179846,0.10325834735612255,0.09443887323141098,0.12236033610580051,0.08888524535358111,0.10477897321100353
734,1,0,0.1328322161151545,0.1392253516683544,0.11708187896896873,0.11592642962932587,0.11221519242434648,0.15048963303341417,0.12929295680455571
735,0,0,0.12931988786448897,0.13723292657824346,0.10937799438892996,0.10823310911655426,0.08901005593442608,0.13922237089388356,0.12035009485550803
736,3,0,0.11044667098912674,0.11840171859330473,0.09437656061859066,0.1031424030661583,0.18292614403793167,0.11155387316173922,0.11409204793887724
737,1,0,0.1852753246246178,0.2717647069892695,0.048745131180291085,0.04555696249008179,0.06411498543695547,0.05567862939653483,0.09415934401952346
738,0,1,0.42625920129243516,0.38309210699736496,0.7057681914370744,0.5095617771148682,0.44310697518073994,0.4432745580683466,0.5004434216391509
739,4,0,0.10307877220821958,0.12391147178044919,0.09991447534331367,0.09530583024024963,0.11013270856507802,0.10897637013398519,0.10515438751599462
740,1,0,0.10937148640618846,0.1265826125322227,0.10681516606475744,0.10728386789560318,0.10901899971002235,0.11326236144468667,0.11110128133839657
741,4,1,0.40686484440111015,0.32740357876754594,0.4935118511422595,0.5183473229408264,0.496228836200118,0.4188380558529709,0.4504743169367928
742,3,0,0.43362634152598417,0.3504453878417117,0.63054986031943,0.648497998714447,0.6172353443016005,0.48857416940572934,0.5397651386014366
743,3,1,0.8717002791548535,0.9163536533345007,0.8930492356515808,0.9205488562583923,0.9365956581053714,0.9458563399013473,0.9152336763745468
744,2,0,0.10267511801285077,0.1219529666190611,0.09934954425774419,0.0911492332816124,0.11661069707242443,0.1084710205962923,0.10447514472802055
745,2,1,0.18157495917394723,0.20865835547786402,0.32148900988982215,0.29471927881240845,0.1495328909882715,0.21520490427339528,0.24009825233150056
746,4,0,0.48313885011318486,0.5334186257689948,0.505258631463957,0.3594747483730316,0.3391582063787197,0.710512325277145,0.5103032680184332
747,4,0,0.1807596110977698,0.14876951814707245,0.1454037379229892,0.11505108326673508,0.11687324938279842,0.17012534910656749,0.14830051993223928
748,3,1,0.7623855728513487,0.7090894364638101,0.811307720509816,0.8105956315994263,0.7979618177177545,0.7285785786651036,0.7715882764339832
749,3,0,0.5184203678297475,0.38334193680572615,0.5986670505226037,0.5214022397994995,0.5872078569784323,0.4695461699351495,0.516218435101086
750,2,0,0.0966304235774423,0.11208616578935139,0.10673256827979236,0.1190277561545372,0.12025635039012221,0.1107732645876301,0.11057419618833714
751,3,1,0.8500635532912257,0.7700554738252167,0.8888543151635706,0.8751564025878906,0.9014555311213306,0.8965986041612827,0.8716124280789515
752,3,1,0.7923586985208873,0.8527157430590779,0.907197656020594,0.8968451619148254,0.9079004053326792,0.9424318683139317,0.8913319502828756
753,1,0,0.11788574033774359,0.12606550312948528,0.10637067138454556,0.10654468089342117,0.07918811010897771,0.11994514344683928,0.110777578691811
754,1,0,0.10840111183859774,0.1270416072412174,0.10681516606475744,0.10728386789560318,0.10901899971002235,0.1160714462725475,0.11170389583112264
755,2,1,0.8198400671601765,0.8324088262154891,0.9182278319660999,0.9317245483398438,0.9397645031440433,0.9101215341265554,0.8977142026028073
756,1,1,0.8542534267716252,0.7564018392350238,0.9196338320215531,0.9325866103172302,0.9433262744892981,0.8933658907536488,0.8918963865443448
757,2,0,0.10317784097102405,0.11552308503721914,0.1054659117806738,0.1173274964094162,0.12063037100959918,0.10759201086980492,0.11054870610580467
758,4,0,0.1486668663959952,0.1376197009253416,0.14263122423777708,0.14980626106262207,0.13226945880790636,0.1880926252486656,0.1547995993049703
759,2,0,0.10075358407109562,0.11552929428332412,0.07743428601672324,0.09363837540149689,0.11562650428463957,0.09214917388844177,0.09548044322321517
760,1,1,0.8841158930306992,0.8770085069930311,0.9456784372092973,0.9538354873657227,0.961719336377442,0.9711044273146585,0.9391690600353209
761,4,0,0.10847832278422143,0.12836076580286765,0.09824628472720205,0.09496986865997314,0.11092956395482087,0.10997765278750754,0.10633842526771399
762,4,0,0.11918933868114355,0.12845802124598182,0.11791873193921833,0.09845577925443649,0.10208156116419499,0.08938593151711983,0.10655374416120013
763,4,1,0.10419404878933558,0.13089814881668668,0.11673124750482186,0.12157776206731796,0.1294067231547903,0.11717317192640277,0.1186146894115767
764,2,1,0.920174742876074,0.9336506989945881,0.9533365330742796,0.9643237590789795,0.9569412961340252,0.9815683472528165,0.9560095561881283
765,4,0,0.128016420531601,0.12625009696379438,0.12562244101382167,0.11173512041568756,0.1228965024641057,0.13209686211282182,0.12461285083663748
766,0,1,0.9580917162305377,0.9625625256500159,0.9515052216876536,0.9511609673500061,0.9684551395527409,0.9752130499543591,0.961152024250978
767,4,0,0.4050196380748336,0.33215602196758737,0.21859772299427735,0.30157333612442017,0.2750159778032388,0.43656078015048055,0.3346445525496673
768,2,0,0.607641226315123,0.6524423724128224,0.5980424937464793,0.5941447615623474,0.5713547737859429,0.5957127598562739,0.6008915395929788
769,3,0,0.11454021617495032,0.13810632411673537,0.10868672811909966,0.08621416985988617,0.08464827050591171,0.11646792891348343,0.10755365371267528
770,2,0,0.10734670943761213,0.11684754274125649,0.11513229340372816,0.13680224120616913,0.1529296686549615,0.10529446410681452,0.11979025050394672
771,4,0,0.10444332191010172,0.12753921989895908,0.09991447534331367,0.09742424637079239,0.11060493205604974,0.10461509716155538,0.10510243211522621
772,1,0,0.10077889768895044,0.11671252311671808,0.09548753140626635,0.07996580749750137,0.07863677814061099,0.09734992618795796,0.09407991410681851
773,1,0,0.7746346147423268,0.8366592052496017,0.8692560750125267,0.7819332480430603,0.8487312177241997,0.8922109812721049,0.8380248444378728
774,0,0,0.1127342378769105,0.13084242225614715,0.10765110769354955,0.1120152622461319,0.12825875238837323,0.12333500946300606,0.11758727949967643
775,2,1,0.6581179632587331,0.6421624408154648,0.7392878347178112,0.832105278968811,0.8089009224152961,0.7221139488553018,0.7386311407630359
776,1,0,0.11764944883144665,0.1279219911026884,0.11152387565431705,0.10373863577842712,0.11815981757627507,0.1149695493885474,0.11405048782629904
777,3,0,0.1270840524933718,0.1646818043838303,0.12001933725751997,0.13821794092655182,0.12425818553214689,0.13265412754509226,0.1327675943886909
778,1,1,0.7568663176497007,0.7346337474855594,0.902075438411403,0.9076295495033264,0.9329546503731517,0.9114105484753229,0.8700824221351029
779,1,0,0.10337564724999093,0.118956479671652,0.12213029945781369,0.1202949807047844,0.13131369168841273,0.11834286416234321,0.11860413629661054
780,0,1,0.9517190775133647,0.9666916658393442,0.9482917082439175,0.9494670629501343,0.9506263092920831,0.975834866071158,0.9580001298967473
781,0,1,0.6494309123434461,0.6457778592619376,0.695078428515523,0.726349949836731,0.7156044568626675,0.7297506799501652,0.7002762141219695
782,4,1,0.9425327695434004,0.9337881380943613,0.9307496614249626,0.9499686360359192,0.944586223943428,0.9562643334943269,0.9444270945010471
783,4,0,0.49230207554831384,0.3310340492984388,0.6302858032393753,0.569867730140686,0.5476998640167575,0.48549452711996904,0.5231230411197713
784,2,0,0.11143122673430958,0.10828639764342723,0.06932187075904014,0.061677299439907074,0.06170667671309689,0.031240547897070883,0.06772396245985601
785,2,0,0.09943119594922013,0.11503733261685944,0.09108266048462453,0.1032644733786583,0.11065050753124596,0.10354221079531506,0.10223844287867889
786,0,0,0.1057067851591776,0.12697700405114315,0.104624814818769,0.1049165353178978,0.12119631889352664,0.11825059899169825,0.11214426984360155
787,4,1,0.6093213142281423,0.592791058106636,0.6337258462400289,0.5479788184165955,0.5549500432275492,0.5681765657746998,0.5845573816426397
788,0,0,0.07419523518212212,0.1589288780643183,0.08894130519981616,0.05432284250855446,0.06560374540037407,0.050580563315844235,0.07488051799442275
789,0,1,0.7316989865678364,0.6532098436278667,0.7234537579041903,0.7530120015144348,0.7232793070255681,0.687532177110228,0.714579959211801
790,3,0,0.33559340738997756,0.3244260008698958,0.22364833387099647,0.27830401062965393,0.25282608308962906,0.26749101764161515,0.275327442814983
791,0,0,0.11630105631243845,0.13208290274467793,0.15099178554969236,0.11590651422739029,0.10922019436597666,0.14427216819529165,0.1310231701621707
792,4,0,0.18513763691853388,0.1490833471656987,0.1447643813739981,0.15726998448371887,0.13029459097978285,0.23165826198934916,0.17402987802120892
793,3,0,0.18496652376882408,0.25947083720703684,0.09299412237840479,0.08506064862012863,0.07000253707695397,0.050671614511374946,0.10897117382127311
794,0,0,0.26366926643362376,0.2314149771695657,0.3230600322643171,0.33220958709716797,0.32845228277776933,0.33090870953011176,0.30931821721460206
795,3,0,0.08806148082174085,0.11218399241409777,0.09241765981009605,0.0877251848578453,0.09732000499044872,0.10134411270251849,0.09552421897293366
796,0,0,0.13174379627884547,0.13617517577702903,0.11978423074184852,0.11437299847602844,0.1431600571730323,0.13114428232876624,0.1273126091625999
797,0,1,0.7485119352522273,0.8016889456540066,0.8947698132852709,0.8869325518608093,0.8944736877889101,0.8882258889993505,0.8602899989111795
798,4,1,0.5364542722199812,0.6445108669143051,0.4361947038805485,0.4377172589302063,0.4657035512751032,0.4853275472869836,0.48760386203583495
799,1,0,0.12397947593782895,0.1336666074034588,0.13511857061283852,0.15008683502674103,0.13512462909968834,0.11293794988216421,0.13075161363944604
800,0,0,0.48783950803531534,0.5001396359180641,0.05064288530148753,0.06485230475664139,0.0418583019818067,0.15010619996216262,0.18800130799745085
801,3,0,0.10636928430504818,0.12854379993103418,0.09523053008538222,0.1034231036901474,0.10818955784860369,0.1059071907977749,0.10583625287827067
802,0,1,0.8697346315620575,0.8542616236203913,0.9328507594502574,0.9294394850730896,0.9565862834976471,0.9291890896901819,0.9163003067733274
803,2,1,0.8873057769660748,0.8807271583275644,0.9495637063256709,0.9595106244087219,0.9572926033600041,0.9709720553441453,0.941455722696583
804,0,1,0.7070788423405117,0.6728285535034183,0.6872383107766643,0.7327789068222046,0.7594900504760996,0.7274105639464243,0.7151497712554085
805,3,1,0.09212616167288634,0.11294625571298765,0.08294133600091155,0.0793818011879921,0.07185814868161704,0.08668857109507372,0.08643613490194259
806,2,0,0.10215160391589556,0.11590589434714157,0.1054659117806738,0.12103857100009918,0.12063037100959918,0.1067548796546794,0.11096598359288286
807,3,0,0.2146764106219488,0.278732407193595,0.13888108236887614,0.10438181459903717,0.12857767513284538,0.16175193985703518,0.1620230341837778
808,4,0,0.609830501972935,0.593988815497054,0.6003959510059395,0.5479788184165955,0.5549500432275492,0.5723266745518086,0.5791250836908597
809,4,0,0.10722933019173152,0.1306477671248876,0.09443899506888433,0.10788515210151672,0.11370000659753818,0.12415867359856375,0.11202367473472345
810,3,1,0.9415796332785599,0.9070921663062222,0.9490880180920918,0.9342577457427979,0.9146814266766677,0.9647149881694673,0.9412622040994179
811,3,0,0.08935193266556081,0.11218399241409777,0.09241765981009605,0.09295093268156052,0.09732000499044872,0.10056934739626942,0.09656924498768743
812,0,0,0.11329099980633472,0.1399967352137742,0.10461816281688276,0.10750409215688705,0.1454592761739112,0.1165821984175214,0.11710925170885306
813,3,0,0.10631266549812507,0.12486472176723934,0.10513990882152355,0.11336299777030945,0.10845973660123936,0.12733805629829253,0.11481444105450636
814,4,0,0.16331855550803054,0.2847533195931942,0.13382267564819858,0.10442174226045609,0.08135149793350212,0.09860407258999458,0.1334081668081038
815,0,0,0.12017094611812852,0.12833725949012686,0.10032638408186359,0.10907597094774246,0.15041108274420978,0.10955943242894145,0.11517080525430952
816,3,0,0.20548557017362865,0.2701832350797764,0.11477482121808248,0.10061106830835342,0.09873038063895181,0.148486783759649,0.14791307094311656
817,2,0,0.6326962482490874,0.6257771272625772,0.6308261350213223,0.5959442853927612,0.6067626815180261,0.5952267875005671,0.612319199073382
818,2,0,0.12837055650668772,0.1454390764952125,0.12594880839144035,0.12618282437324524,0.12500743781233184,0.138652070196886,0.1313895790089162
819,0,0,0.11445412966197688,0.13253881183741176,0.092905142375026,0.09003964811563492,0.11552147559456925,0.08393693417992933,0.09954733983560915
820,2,0,0.09156970717099697,0.17152694722090536,0.06385273655255445,0.04551102593541145,0.046583839942449974,0.04052344083634954,0.06755014749866564
821,4,1,0.9341750791606399,0.9258006479491145,0.8991401081041388,0.9016270041465759,0.8849636343270713,0.9306349320931279,0.9140148455751397
822,3,1,0.097412509627661,0.11333142889529256,0.09368572080627226,0.10063596814870834,0.10776898139736683,0.10490361662511773,0.10181215942069065
823,0,0,0.2620233883551849,0.268652203561708,0.1923963381006321,0.2514357268810272,0.19678628589538535,0.3229291700815155,0.2553460627156978
824,1,1,0.7192888373979628,0.8051959379458088,0.8206679674250955,0.7512695789337158,0.8099079762280956,0.8971246633433007,0.8080723921346723
825,3,0,0.1300603466527316,0.1415798561916424,0.07388934868698281,0.08921100944280624,0.07891418310801318,0.058419092995232506,0.08878330080264124
826,2,0,0.1008754324145556,0.11117425595032844,0.09439942597534079,0.09306945651769638,0.11292752254576055,0.10931735684778252,0.1023646084223453
827,1,0,0.32190629917592556,0.21269302969801415,0.4979999228260259,0.31821900606155396,0.3051197690805912,0.5931540975261663,0.4115995349133069
828,3,1,0.7835360370856921,0.7792648703511639,0.8902386002875412,0.8918820023536682,0.902888370140287,0.8769381869325336,0.8614043968733742
829,1,1,0.10532502613658813,0.118956479671652,0.12213029945781369,0.1202949807047844,0.13131369168841273,0.11834286416234321,0.11889654312960013
830,4,1,0.9133454238491948,0.9459148479180561,0.8812605334089614,0.9177826046943665,0.8936160598580086,0.9513318898975497,0.9185965044500387
831,0,1,0.6654380521612471,0.6662108850270927,0.766542724793939,0.7536315321922302,0.7096416887715907,0.6582894040908248,0.7060081676239954
832,2,1,0.8582216191806691,0.8213843977643411,0.9449211617687545,0.9563931226730347,0.9697941914059629,0.9451247796787127,0.9243951536021667
833,2,0,0.09687208099724237,0.11611191395273154,0.10213811909171758,0.09967324882745743,0.11292752254576055,0.10518209474756593,0.10409255307016205
834,4,0,0.10508568774592199,0.12476901680572096,0.09991447534331367,0.09812193363904953,0.11013270856507802,0.11105539743262581,0.10662415685359729
835,4,0,0.12037706448587511,0.12699707016421774,0.09991447534331367,0.09748747944831848,0.1130123771056485,0.11390949252786917,0.1100152684901616
836,4,1,0.933768183493511,0.907026538039096,0.9374329727529902,0.9448320269584656,0.9364621267191147,0.9619757878469337,0.9413610409038723
837,4,0,0.1053850330147119,0.1257470255636589,0.09991447534331367,0.09742424637079239,0.11060493205604974,0.10772603791897287,0.10584220453674209
838,4,0,0.10541399959906003,0.12465844498087256,0.09991447534331367,0.10208169370889664,0.12059168041479335,0.10897637013398519,0.10798043882336394
839,1,1,0.3296314364972823,0.2126746696108861,0.5347603485158986,0.39861685037612915,0.39704435345880307,0.5994369146888728,0.44695128623218505
840,0,1,0.33196365872917577,0.2970686850341056,0.339983127925588,0.34118416905403137,0.34234232139501475,0.34094322006416283,0.335204913864253
841,2,0,0.09921111876201183,0.11148186856106064,0.09933257293046845,0.09380250424146652,0.10668442870435964,0.10502541390428198,0.10158166645130129
842,1,0,0.14620313397930504,0.14222915431819938,0.1156467561808055,0.10522214323282242,0.09611945632850702,0.1611699182768476,0.13023159061350387
843,3,1,0.8570488098799969,0.7919090441809544,0.9007943055324232,0.890821635723114,0.8694072582362757,0.8886728979966482,0.8751803644739921
844,4,0,0.10009434239025124,0.12863991133061134,0.0868227610267683,0.07528641074895859,0.07026798331283994,0.09646680918212852,0.09144347747356033
845,4,0,0.11959334019233117,0.12750448662850114,0.09991447534331367,0.09748747944831848,0.10987444390343892,0.12165244540261569,0.11157039639102403
846,0,0,0.10976276819961701,0.1089148722912261,0.09654493937910698,0.10341514647006989,0.11318888571914834,0.09242629532869291,0.10177338203298861
847,4,0,0.13886083597166995,0.0826099220047756,0.16648577642147117,0.16922177374362946,0.14541529127391487,0.03993254993232773,0.12075629423972159
848,2,0,0.09239257054180364,0.1156475995431898,0.0762727551421503,0.07192722707986832,0.042094230606789476,0.0891486023100865,0.08156021561819382
849,0,0,0.3158691554638479,0.34492694152516706,0.3125139732532771,0.3447860777378082,0.4047494674212991,0.32479026211256723,0.3350055899405827
850,4,1,0.9481043093139702,0.9291045092865199,0.9308544362413017,0.9455617666244507,0.9502563096336584,0.9609186756351074,0.9456646377710407
851,2,0,0.16061818097653327,0.24718302606722425,0.06215499135163742,0.06080728396773338,0.06325376227843764,0.05570728068542162,0.09365568121627575
852,4,0,0.1117645237722569,0.11798547897282327,0.12028943238015609,0.09528692066669464,0.11302044813688628,0.09185991983334214,0.10594552184451517
853,1,0,0.4895013032061877,0.5316821730651835,0.08734822623577176,0.09582746773958206,0.08620370447173464,0.150831854911641,0.20955688575760098
854,3,1,0.8658801350385569,0.8574832528150991,0.8885455509397056,0.8924127817153931,0.9072446457841088,0.9417866266472007,0.8979931333085243
855,2,0,0.8673297816655601,0.8057471443269925,0.8850850597129876,0.8836686611175537,0.8807603208013466,0.8494781325005935,0.8648704910539247
856,4,1,0.6339225005934058,0.6555914940455797,0.5635868392529758,0.4572458267211914,0.429651879727898,0.6060257618409085,0.5592856861214193
857,0,1,0.9307528822661512,0.9036059418700431,0.9465315301131504,0.9478761553764343,0.9483455674388344,0.9651504940861643,0.9449772438902685
858,2,1,0.3173695009474389,0.3094868036411736,0.23644429966890002,0.2836277186870575,0.2896917571828089,0.22007187168515277,0.2665556528169938
859,3,1,0.7509002395173507,0.7792463363511314,0.8748179684728811,0.8662083148956299,0.8793741363940145,0.8636793973313727,0.8426221892086626
860,1,0,0.11109028847245794,0.13377848667791614,0.12627868572581416,0.12677490711212158,0.13534580945973668,0.11547314971932952,0.12305497888205351
861,3,0,0.08751110105999184,0.11421683022893982,0.07951594705985689,0.07491716742515564,0.07486265682517708,0.05577539238908218,0.07686508485868353
862,3,0,0.12872191268396788,0.13308844281921534,0.13010733276865102,0.10017671436071396,0.10075889508108139,0.15955060322400208,0.12863748092449837
863,0,1,0.8991144773258607,0.9278959463147127,0.9189658307041811,0.9040196537971497,0.899608877835946,0.9416527223556296,0.9176279315031185
864,4,0,0.14660817853181257,0.1665714446634691,0.10245708677146143,0.08865206688642502,0.10147171876334872,0.05138808776031095,0.0998643957941087
865,3,0,0.11089691350208673,0.12817446935738272,0.11151769196001932,0.0941118597984314,0.10075889508108139,0.14919648619046988,0.11795290536846703
866,3,1,0.8042986972876107,0.7986926158650175,0.7942999061276496,0.7657010555267334,0.7817319884681357,0.7610305059156908,0.7809450838362564
867,2,1,0.7679292026741641,0.7483655245101062,0.8575517897803064,0.8373625874519348,0.8271008777864198,0.7752146850483648,0.8055225673393166
868,2,0,0.46755496984491135,0.33526573080730465,0.5411258985074769,0.650314450263977,0.6520564380836352,0.45760027730636754,0.5215536014467134
869,1,0,0.12513477532540238,0.12848303585792145,0.10921410751311904,0.12142020463943481,0.11221519242434648,0.11765892074975952,0.1183816317449878
870,2,1,0.7403552975118823,0.7923349674947425,0.9031788189301674,0.890530526638031,0.9341043959983512,0.9013446678240775,0.8677752670457508
871,0,0,0.10528845762971718,0.12697700405114315,0.10033077230983249,0.10187564790248871,0.1155552614594542,0.11247181177275012,0.10860573218116908
872,2,1,0.944446824330744,0.9296477947044134,0.920024431465702,0.9299309849739075,0.9202894508551591,0.9477789319496186,0.9335965644808955
873,3,0,0.2527537139688696,0.28419092293888687,0.15772772334189702,0.18950413167476654,0.13693225639948858,0.21513102111638208,0.2032545013115962
874,0,0,0.11186401813182568,0.12652410282398857,0.098100118676534,0.0998653694987297,0.13643698130649998,0.09227841174202553,0.10573841170338183
875,1,1,0.8539790555243874,0.7934109666648401,0.875947946388031,0.8814802169799805,0.8759165446880486,0.8312510701694557,0.8543280096799132
876,0,1,0.6086822330517666,0.6461102211542776,0.7021760539535203,0.7008020281791687,0.6774545748517985,0.6619191510622805,0.6697342187504806
877,4,0,0.10959082379242706,0.12583879887581467,0.08104841556991525,0.061406612396240234,0.05041641434942843,0.09639755629349794,0.08665453955799395
878,3,0,0.0937482167630932,0.11312195962646376,0.10082893718678039,0.09146799147129059,0.1167873179440236,0.10533999104683112,0.1018475437648347
879,1,0,0.10937148640618846,0.1265826125322227,0.10681516606475744,0.10728386789560318,0.10901899971002235,0.11326236144468667,0.11110128133839657
880,1,1,0.9347348281743321,0.9143220380317749,0.9074496156583665,0.8949120044708252,0.9123030098601653,0.9407984698094395,0.918544670493542
881,2,1,0.9008215573584486,0.8558361333224295,0.9291160828311372,0.9525865912437439,0.9479600821640911,0.9414678592228402,0.9272103547731056
882,4,0,0.10636128274738912,0.12435040668205212,0.10136900421792684,0.10844946652650833,0.13340744417872424,0.10882718532773765,0.11090046797900745
883,1,0,0.6988103898312791,0.667614867027794,0.6459642134685504,0.6572827100753784,0.5586050785543906,0.6354847018297853,0.6469641131991425
884,0,0,0.12338969671474344,0.13972738788011477,0.11432377727474625,0.10730774700641632,0.11333682131021552,0.13854640858159037,0.12277778242787465
885,0,0,0.11398207273883329,0.12818580985190411,0.10738600883810763,0.09963501244783401,0.13594544234511802,0.11616239888441879,0.11395524010882022
886,0,0,0.1740735185523602,0.31725160241744493,0.07426399492170756,0.05452876165509224,0.04099021714029893,0.07970286009547929,0.10761947607785821
887,2,0,0.26188194075676385,0.21746326267728924,0.1987938326819196,0.1889207661151886,0.15947785343391505,0.28836873333614843,0.22661150581809375
888,3,1,0.8798127246911384,0.8556343865530056,0.9193968549590581,0.9021439552307129,0.8934686208858323,0.9317220064742293,0.9041208731040661
889,3,0,0.6730906019003832,0.6043566893343042,0.6935068263065259,0.6351186633110046,0.66056208862202,0.6062426967927188,0.6447412402023758
890,2,1,0.48296993054927895,0.3219521634837203,0.6105347858005093,0.5818446278572083,0.5833082564076203,0.44948177515989385,0.5138178580930429
891,0,0,0.12615411338805796,0.12900625748058833,0.10804499296304701,0.11805421859025955,0.11884446149586138,0.11965113313567391,0.11884081450043346
