PassengerId,fold,Survived,baseline,d3_l2_3,d4_l2_1,d4_l2_6,d5_l2_3,d5_l2_6,slow_d3_l2_6,slow_d4_l2_10
1,1,0,0.10296221851426747,0.09180261965824794,0.0837637085003374,0.09891136958399553,0.08876832008434388,0.08670727853306684,0.10625585778144325,0.09479291354215924
2,4,1,0.9742211654877933,0.9659524859465416,0.9726653130727192,0.974677090051899,0.9731146346219539,0.9718963605399948,0.9652707833917578,0.9711336507644891
3,3,1,0.5583831770395375,0.5944041078706804,0.5531982224987465,0.5648561932543883,0.5393883642577291,0.5408486335351083,0.6003471935833032,0.5708153442444387
4,3,1,0.9536323612712106,0.9592019214725229,0.9419247190059246,0.9549809617505347,0.9662980530671361,0.9603392673120712,0.9391942023031685,0.9442976935765649
5,0,0,0.14019635428805255,0.12445855080608305,0.12333503436175573,0.1319305305968901,0.09682879474108085,0.11141976558916251,0.12518448489298323,0.12601930890745203
6,4,0,0.11466985763858523,0.11717062115195154,0.11303872395934274,0.11606587663620443,0.12591633855722206,0.11559731221512497,0.11940745657926488,0.11456831219901133
7,0,0,0.20512311169575012,0.2194400937092095,0.208832386288951,0.2306396876402176,0.20075082172058234,0.2236234420715225,0.24700235570310447,0.24954810915706688
8,4,0,0.14226687970302673,0.13781161716083068,0.10825229342972335,0.11609480245935241,0.07462438808847684,0.09678701765275684,0.12049522967364339,0.09255060131613801
9,4,1,0.8105466383129826,0.73036256637574,0.8237818991476733,0.81443045108413,0.8590057049778381,0.7603143858522164,0.7433261462049509,0.7926066097936662
10,3,1,0.8819970951165714,0.8762055586794326,0.9110619407918579,0.8906617969123265,0.9325942661308472,0.9250050705998493,0.8835182559100534,0.8863640384804166
11,2,1,0.9354592779518542,0.948901994385291,0.9598824868509662,0.9517775394408438,0.968600357350025,0.9588720819178896,0.9331493055009461,0.9365674304114973
12,4,1,0.9253692627445496,0.8873049744330272,0.9090141630550667,0.9161192499261986,0.9018255235513932,0.9120865918757791,0.9078614330292638,0.8999544835942765
13,4,0,0.10784399501127923,0.10228155649433261,0.11067989141318492,0.10444456935028862,0.11655913647987638,0.1091250971322774,0.11082964616717755,0.1099886844786012
14,0,0,0.05315953409325609,0.030455359353959804,0.02975016841875282,0.07886518198791936,0.06425729763169923,0.0810920639133452,0.05660989089093327,0.08209911610089156
15,3,0,0.6789427188185772,0.7228158607167436,0.762124536499298,0.723864614642164,0.7264613453204158,0.7119687050412618,0.7079872047500718,0.723550895654023
16,3,1,0.7072905664894015,0.6637056067556539,0.733740417604433,0.7388448457434342,0.7384331044563207,0.6981630834418809,0.7115414646392844,0.6963768079043714
17,1,0,0.04806626115073269,0.05935749099160065,0.03025912720306735,0.04931259261344643,0.032085197234232116,0.04023314401793505,0.0584443946301457,0.04926182403030286
18,4,1,0.11617271395192792,0.11351441620329325,0.1073705716096324,0.11000635536298119,0.10725957456138534,0.10511912545374422,0.12157200975688537,0.1161423379677559
19,3,0,0.6675126615131444,0.6995408090684154,0.6455861521809837,0.71238956234132,0.6748046586023932,0.6780006272006381,0.6700027045202722,0.691754252821417
20,0,1,0.6066432174366203,0.621127814227864,0.6326657315022665,0.5858959807565296,0.6235730243034088,0.5851373573888057,0.6046459340657022,0.6024576295334851
21,1,0,0.1320555345273315,0.14335381203502162,0.14644614938129344,0.13421321693780705,0.13515948586680548,0.14635321110544616,0.14864940744202074,0.14009893873722679
22,3,1,0.20155806446655708,0.19443795451386778,0.18281073017245514,0.19405005174540613,0.1699775600164434,0.17073130429113567,0.18332877105533343,0.1754511603870498
23,1,1,0.7046500974397704,0.7075041336220683,0.6931785273724296,0.7117498304473981,0.7504307165213079,0.7233655242727293,0.7223930106448361,0.7109519077486076
24,1,1,0.38542815846125505,0.38435919608212926,0.4165622625767328,0.408767017717692,0.42938235654920115,0.41982056968923565,0.3928652987256706,0.42144871321690963
25,0,0,0.06292550172208784,0.06819962642084715,0.043591085030146706,0.05422781832403249,0.05238604926593563,0.04554981160019308,0.08653999470610747,0.06805805608038212
26,4,1,0.24394113644940357,0.23090120615880055,0.21008660646950642,0.2630385525327001,0.18266891628711865,0.21868560989447733,0.3841328254779064,0.28036404398608483
27,0,0,0.11780016149643774,0.11305434923709651,0.12037960767553565,0.11638269735325198,0.12116465968290735,0.11641131292152317,0.11920641895296274,0.12248765851098826
28,2,0,0.3098364808960169,0.2285082774667758,0.23403263150726125,0.30635662703225014,0.303700475043527,0.3558006097670667,0.3277547541982731,0.3442003268170235
29,0,1,0.6349851413106328,0.6531621465859712,0.6491674182593138,0.6580051095436079,0.6773697634009843,0.6800718782371309,0.6311246023286802,0.6509637222102181
30,2,0,0.104443808774432,0.09997365152541692,0.09872188830322087,0.10098027986335219,0.09909493576586006,0.1007911823094959,0.10109313472509576,0.10105130194044794
31,0,0,0.6137885009687832,0.6539154604271714,0.654998741459545,0.5936080532395813,0.6381205752488384,0.6387969928627242,0.5694877652170068,0.5690571359847293
32,0,1,0.9861807895964309,0.9732147656581122,0.9898472916902512,0.98331685497229,0.9899225439263779,0.9861723314964063,0.9714584132985208,0.9772210760994698
33,4,1,0.6396554755350846,0.6219713395978254,0.6527397657814318,0.6435687576279736,0.667971859548498,0.6675613338638718,0.6166949834635038,0.6312161437062589
34,3,0,0.0948793554166245,0.07702732631398605,0.07731214965310602,0.07864264662266086,0.08770436910684508,0.09104568392025217,0.07975741513057176,0.08446154679416187
35,0,0,0.4673360613593691,0.4883652204822194,0.4373072161289681,0.5083178463550723,0.46555479688906365,0.5340593443403708,0.473588471955553,0.4819435714942817
36,1,0,0.2859554487395838,0.2839410744637195,0.26843227819402604,0.2964749076213495,0.323783343347991,0.3560258321784618,0.28129973922850415,0.30681895637411605
37,2,1,0.10836149997898457,0.10150889816199868,0.10722294197090722,0.10077324056695035,0.09742087330571958,0.09428648701134577,0.10248017014718573,0.10000322349537874
38,4,0,0.10668087761221168,0.10228155649433261,0.10805184868308591,0.10033186348265766,0.11655913647987638,0.1085877156603284,0.10823041230844536,0.10947692541185658
39,3,0,0.6381137049820196,0.655152269407733,0.6271490107951978,0.6469358509443418,0.5835081138392842,0.5978144855405632,0.641019691652057,0.6555659547888482
40,1,1,0.8404318480681061,0.8342104721748194,0.8685426859679153,0.8577961302330324,0.8746123460552802,0.8562631388080358,0.800469321790846,0.8439212217207773
41,1,0,0.5930688168025225,0.5995021369407691,0.5918817834228357,0.6081345607358398,0.5653874642002326,0.5276017111898381,0.6230879640074094,0.6158657365066177
42,4,0,0.782948699395145,0.7721911798067977,0.7927726683242442,0.8063005188405608,0.8144249631283027,0.8206510456620368,0.773023263756263,0.796442015843764
43,1,0,0.1252603400980858,0.12919959341229406,0.11678320649964456,0.12232043242477798,0.13086227447799276,0.125814824842526,0.11740490761922992,0.12192052496673955
44,0,1,0.9413346653558805,0.9531091362725318,0.9579894015818328,0.9523585698113654,0.9586958769633157,0.9577851162121517,0.9418473459663131,0.9602093029632528
45,4,1,0.6275505566786514,0.6185193233687364,0.6537108801718131,0.6360731974329292,0.6575487750894157,0.6520408810702635,0.6045687394093996,0.624937415433754
46,0,0,0.1128237892857667,0.10744012172064042,0.10768902357891956,0.1074735947668352,0.10453838847124246,0.10574354083186079,0.11025661270320045,0.10587800753885106
47,4,0,0.11361017494575619,0.12116494249382638,0.1180150394557482,0.1268277911767171,0.1265261077883072,0.13121003505803092,0.1284114008280895,0.12205986666235429
48,2,1,0.6512985399532695,0.6401346007564561,0.6557352817960628,0.6515765850891919,0.6835932396562352,0.6552809166269877,0.6394893273066533,0.6561280164568379
49,1,0,0.11726570572959419,0.12575574568628714,0.12192505842368155,0.1110139595309925,0.1529707465945103,0.12111300043611223,0.12328937230663922,0.12526517240276103
50,2,0,0.6161338524242882,0.6519058770191324,0.6122131171384639,0.6485401332541594,0.6497448925855426,0.6631549583121489,0.6507465034584777,0.6208791156517617
51,4,0,0.06413595145896146,0.0493220621712377,0.04525527843177085,0.05196598413973969,0.03847957640840464,0.05239642952826148,0.07371657928577843,0.047849069197021525
52,4,0,0.10589718866410272,0.10502542059946632,0.10757356152926477,0.10110210281080871,0.11586134628638646,0.11084473341647312,0.10809720675411515,0.1091026137050939
53,1,1,0.9776627456283531,0.9844770448495807,0.9838909177417517,0.9794306515322195,0.9855340138855448,0.9778989731080673,0.9689823314116666,0.9719859587762639
54,0,1,0.8018870344707254,0.7967901909012096,0.7991356906530195,0.8251589986111332,0.8062561431977671,0.8307267842312035,0.8055797087409388,0.8262731695150203
55,2,0,0.2518210586345676,0.23997087420270818,0.2340377408199245,0.2451403985325819,0.24219821599343752,0.24158253309826533,0.240910886012359,0.2549211816466964
56,0,1,0.2672583426534857,0.25742340103126393,0.26431030879887557,0.25872853208168606,0.2461010214889887,0.2600043232320876,0.2595939472884868,0.2745138202560067
57,1,1,0.8408897455622947,0.8235809196228573,0.8105461342935473,0.8423307709573127,0.8608880939166725,0.847440091845308,0.8444332789307617,0.8364074985370425
58,4,0,0.11512727893922604,0.11903674156755133,0.1121566374213395,0.1088234253925853,0.10861097038358777,0.11311714819763972,0.11622298474232777,0.10876398349185805
59,2,1,0.9660298441649552,0.9589873931044761,0.9633746557846633,0.9695548886902708,0.9758418202143745,0.9727721801175677,0.9470218444073756,0.9493534050388871
60,4,0,0.03880436771293143,0.028431397857614726,0.02040069038996466,0.03562968578208886,0.02761838599298744,0.03872590309930943,0.05377060371156565,0.0523209898154303
61,0,0,0.12112007380874064,0.12378103075430578,0.12623397257209043,0.13268640462600714,0.12050237299501924,0.1190318016937696,0.12163669933698212,0.1271825529610835
62,1,1,0.9739857060544153,0.9734184678322307,0.9854572817198254,0.9744237487051558,0.9793924628822737,0.9751862327768875,0.9674715724344511,0.9739200625838677
63,1,0,0.3440123992295184,0.37121402351101324,0.34795240849656,0.34264359196976296,0.3749910031108168,0.3591948476929859,0.33616237643024116,0.3459481778016467
64,0,0,0.04938652142647958,0.06299425473005858,0.04198183814546981,0.04938279724706977,0.0363623133805737,0.03725287414510104,0.07882452049631973,0.05490717243612732
65,0,0,0.32088500256615354,0.30213810188950874,0.2895118093931301,0.29866298463408397,0.3192244859571756,0.3225489790848728,0.26968809107072683,0.2913786133380308
66,3,1,0.9146125534316134,0.895817342249193,0.9174195587939116,0.90482061791083,0.9581967083559041,0.9476467283995561,0.8887849090207773,0.898146268936012
67,0,1,0.8308723547314102,0.8063034540651288,0.8401114686752539,0.8419781002109704,0.8423038881864464,0.8429220716249525,0.8339752895422048,0.8160884717352769
68,1,0,0.10380219966836264,0.10865202420323805,0.10488421168442158,0.10682861709236795,0.12136698698195444,0.12373285221026076,0.11020337870259332,0.11226789996056917
69,0,1,0.06574604373593809,0.04659972576251454,0.0403266743841163,0.06470083502506604,0.06635155307932812,0.07021626227129855,0.07750223814567452,0.07300902459895055
70,3,0,0.08838554757163918,0.08570593289486007,0.07846834264522298,0.09895669243903692,0.07716111554288604,0.07431664876991256,0.09619875913415367,0.09258745279114983
71,4,0,0.10590766902171177,0.11336798105477185,0.10028144234953537,0.10154786429079948,0.10764695830652994,0.10600514137525816,0.115999680337042,0.11172630163962907
72,1,0,0.04827434398184436,0.04179258434622973,0.02679310565814015,0.037441052617550465,0.028440550180777926,0.03002263069697595,0.04525017658472735,0.04312018789577627
73,1,0,0.24229579142220223,0.2206926279769954,0.3460207458032928,0.28318975258333223,0.22034572053691096,0.264948828981997,0.22426882047868463,0.23413979085441522
74,3,0,0.10200335574644466,0.10352759275860658,0.1021992903632874,0.10227517935321088,0.08738276934676308,0.08923964704459762,0.10698910536032935,0.09907923738335471
75,2,1,0.312225348994928,0.3059472573559097,0.35773738354587736,0.2959334521265789,0.37814721817770747,0.33801623576522993,0.19484321454040832,0.29490359093007285
76,0,0,0.12279467113480512,0.12365404461642052,0.10510118588141662,0.12251803045436846,0.12350255372678623,0.11364647690349561,0.13352799820442424,0.11397253750950563
77,1,0,0.11798752808563329,0.10923706150490962,0.10906046876590252,0.11105037548286793,0.11362939979261552,0.11086645889552948,0.10891568780665159,0.10750583250806542
78,3,0,0.09978629180238217,0.09285726397879172,0.08789493241128599,0.09273494652792866,0.09060049730397361,0.08711092160144686,0.1002379865629764,0.09326730983457582
79,1,1,0.9420111515763556,0.9425575155317143,0.9655427353714879,0.9568284995350232,0.964704529864948,0.9544381158628854,0.9287350023591007,0.9365027352002921
80,0,1,0.7719199565410962,0.7925737226068478,0.8236988226163325,0.764213832620972,0.8027048840711972,0.7948523275107721,0.765201833025829,0.7716817648009338
81,4,0,0.10018133555643927,0.09948131382427766,0.09456722571700245,0.09647763494308761,0.09080375610573269,0.09874997087006937,0.10638082597439903,0.09894663446329811
82,4,1,0.10356433628239706,0.10165747889143821,0.10498916122467786,0.09966565658585223,0.1068415256431797,0.10319795004490412,0.10567435472136819,0.10106993362995338
83,4,1,0.6396554755350846,0.6269747927029186,0.6645913282382618,0.6436772215982123,0.6704729051002696,0.6691073272848994,0.6156735503468436,0.6307026274066682
84,4,0,0.3095892451006204,0.3384633087877829,0.3179963274734644,0.3385335506962016,0.33187007116146333,0.33116696432122583,0.2994020321333367,0.3148045871922177
85,4,1,0.8307198905735232,0.8363117811441142,0.818956527724993,0.8331394786351839,0.8760050557578767,0.8766144376069561,0.8206968520850338,0.8455453480275699
86,1,1,0.6481430301400578,0.6303341732065273,0.6489935792592563,0.6120480815870379,0.5927420129052831,0.5497347133469137,0.6211683222175781,0.5893830719781177
87,2,0,0.026451359340714097,0.025583251040306867,0.01177168631461578,0.02475739150445722,0.017201766587781095,0.040264578486974505,0.053231340309552296,0.0485702631559684
88,4,0,0.10454315867464324,0.10229300871020434,0.10565856904160251,0.10375329416300122,0.12121397733014858,0.11594344770470591,0.11020157448500309,0.11202033079026073
89,1,1,0.9558994770716054,0.9656017415785327,0.9770363590344209,0.9571948335846087,0.9568012084987341,0.9374720500808571,0.9483160658251902,0.9520581700625784
90,3,0,0.0995550836642784,0.09309002260545435,0.08789493241128599,0.09284624240027355,0.08911428047780123,0.086820408439008,0.09934294839657243,0.09297402350674083
91,0,0,0.11065478339398198,0.110732884701761,0.10650620275277697,0.10248942578001091,0.09989123196300043,0.09988162066183752,0.11224893183268153,0.1017745752579821
92,1,0,0.11866396404529711,0.10430580169973923,0.11308250033072696,0.11326402992055568,0.1076089090555349,0.11069128745047498,0.11139118750777478,0.11287640577591651
93,3,0,0.3426232865153798,0.39299784419742545,0.37520579314453373,0.3757958355494185,0.4074153904304878,0.39863826330629104,0.4281402581897487,0.43305528343228583
94,2,0,0.15771894636383293,0.12895925264964847,0.16095801169464344,0.15118303595316354,0.1275239280782832,0.12725809764687276,0.15949272076599974,0.16682705953212731
95,0,0,0.06935446739525106,0.0725230983210348,0.06043673502663415,0.0735002370822684,0.056429422378408076,0.06403271480621824,0.08013001865552595,0.07602048976826528
96,4,0,0.10323772617735483,0.09921460772998685,0.10258039955004766,0.10132832143888754,0.10224153685340637,0.10314040412712429,0.10453261618494586,0.10542096443306119
97,4,0,0.3004676687338943,0.2763504971434063,0.27205033407221135,0.2981465106027094,0.20800281026895204,0.1981425303362619,0.28954797801194787,0.28485873303840525
98,1,1,0.33986126899923513,0.3861796125135689,0.2854616495064044,0.339743373829219,0.2531664533427577,0.26060756802707497,0.3341828472544068,0.3280516716479563
99,1,1,0.904734303045081,0.9004441919817202,0.9295493685815281,0.9029961533618869,0.9240038764368224,0.9263814829252951,0.8854611214206806,0.8893284729479016
100,0,0,0.2006264064723729,0.19008038989273804,0.19540432435278252,0.18580540972904985,0.19013399086221427,0.1770911125518866,0.19975604605764494,0.18644456580801838
101,4,0,0.5207512845554405,0.5341838224376987,0.5273349657467274,0.49270177952713373,0.4810627610386269,0.4709782439367995,0.5223418122409456,0.5142005830024383
102,4,0,0.10323772617735483,0.09961040583933316,0.10230687322132612,0.10186231114737354,0.0989671272860705,0.10187815885619696,0.10474340573489428,0.10442834201547538
103,2,0,0.4523799884970114,0.48180788430925914,0.512698930716234,0.488000553776424,0.4698269678556495,0.48454816211269536,0.4676822546212677,0.47716934066753874
104,0,0,0.11356192416823739,0.10273300654625724,0.11036194722765802,0.1068233274586806,0.09353731585860199,0.09710476619422308,0.11193805810761379,0.10145702642266219
105,1,0,0.08998072216267496,0.08613639493553912,0.08246426238966295,0.0876324042435219,0.07678104915131867,0.07365202321721318,0.09717469591257102,0.08797593044433305
106,0,0,0.10940217073868608,0.10422530804590248,0.10654065329759638,0.10154413515942184,0.09915725856327447,0.09928398169858418,0.11244131241765383,0.10200419235442085
107,1,1,0.62607661575921,0.6261292591547226,0.6276089080874554,0.6222971747358504,0.6303556976336766,0.6067598012028803,0.6235623653875795,0.62684754896937
108,4,1,0.10384087512909584,0.09979506231569303,0.10333310601229095,0.10243058999127834,0.09949758015061093,0.10390479974340186,0.10442194487416723,0.10633194917114604
109,0,0,0.10264545787876828,0.09760941642836292,0.09649352566767071,0.09648305303253484,0.09330094385572298,0.09018116324263338,0.10005080866040889,0.09636534224300172
110,2,1,0.656945039312307,0.7171662878766631,0.6637135306674347,0.6882942106883448,0.6935411747319681,0.683358303378386,0.6902835451030481,0.6805816711906473
111,1,0,0.3122992102986144,0.3065149624545842,0.33495625358889114,0.309461869904075,0.3393438130054185,0.31958242375127177,0.3159335723270816,0.3232061151354261
112,3,0,0.16370312679081828,0.16506198840873418,0.16389982435554393,0.16791461739607982,0.141767005695931,0.14241581573894832,0.1921973401175024,0.17628910946661588
113,3,0,0.0990602031745544,0.0933360165974972,0.08938760978063887,0.09240830223926415,0.08970130013909289,0.08641500124093218,0.09934294839657243,0.09320222094907572
114,0,0,0.11397286899209703,0.06815495122956562,0.08123420692437378,0.09527366194990457,0.08848663429914104,0.08760515211923182,0.09832186674954786,0.09233801564100277
115,0,0,0.6359774080878936,0.6391891876500074,0.6357687187952276,0.6377424442689147,0.6159689373470092,0.6298788271053902,0.6339436780770551,0.6440264305292736
116,4,0,0.3385274784138822,0.36328244761077727,0.3154905987627094,0.3587215950386234,0.36627155689576213,0.3385627716016594,0.3387266065083213,0.3672088591903265
117,2,0,0.0433403586016513,0.054975754615057625,0.035003735405945174,0.05441106915121366,0.032520517265736654,0.04621808920208567,0.05445536402145878,0.059215731430864026
118,1,0,0.08142116309120102,0.06407345743060479,0.1183419077120543,0.06953029648104841,0.09665521309649776,0.0795580539278831,0.0732252541275887,0.09616715997156577
119,0,0,0.5451105405812716,0.5179548638672444,0.564294418444106,0.5317192768944147,0.5421301132087445,0.5266699597216042,0.48661105256974024,0.5118427254831511
120,3,0,0.07969556197110636,0.07009518344354629,0.05846011470220455,0.074788806684738,0.05332914485794182,0.06289923619665186,0.08309094478520775,0.07918748395843099
121,1,0,0.12971293509710954,0.1616015486746061,0.16399423366829238,0.15670430667215327,0.09718087947130682,0.14302210100598037,0.20465339830648377,0.17399409577672909
122,1,0,0.10391591788450222,0.10699901604522702,0.10243839241329798,0.10391497620415911,0.09948312991694469,0.11583388479820014,0.10827723942794011,0.10491198011017584
123,4,0,0.17106194130958802,0.19108179715773993,0.17911451961458794,0.18474662389170993,0.18737948067393953,0.1722227695599819,0.17104788497778703,0.17661863889055665
124,2,1,0.8866794853968305,0.8978421541861542,0.90929904830938,0.9019032797091898,0.9025595591892493,0.8971260175486441,0.8760511552761708,0.8981430325887988
125,1,0,0.2781600068535572,0.2664626142809362,0.2719737160982094,0.28417575914040916,0.2288575599558214,0.2581011547582548,0.28111015438166,0.27179657961317233
126,2,1,0.8839850349991079,0.8967206091370958,0.9270343371173736,0.9116785045204363,0.9526181386041641,0.9387412310142443,0.8558861837440408,0.9082642808146274
127,0,0,0.11651787756808284,0.11780146912333611,0.12030929252563738,0.11493312689284113,0.1206274142372991,0.11577426297376864,0.12043056834382493,0.12104742414085058
128,1,1,0.09954060018514922,0.10488216638055585,0.09874286796950225,0.0997428491924333,0.09159350569591126,0.10268016309218952,0.10481301419032582,0.09972704265843464
129,0,1,0.8252741054556849,0.8637136906845184,0.8679835565491423,0.8378472155723131,0.9047066474222307,0.8917953334196105,0.8432551485437904,0.8476554019942311
130,2,0,0.05147701795709932,0.06583958986095928,0.042868494786053715,0.06375524920548833,0.04416728009674241,0.053739404846933646,0.06792352668747302,0.06147999564289694
131,2,0,0.10172030085735403,0.09582313930609852,0.10194652904448634,0.09491941274701404,0.08638804548038694,0.08023512108836173,0.09963392859729517,0.0927775991872778
132,0,0,0.11475057523309973,0.10618024014839932,0.11506198540579576,0.11488903634037596,0.10297453607779913,0.10719938846161153,0.10742776583636275,0.10519207348676687
133,4,0,0.5116838802644376,0.48651917525008803,0.5060484479836489,0.49342224071584606,0.44141325289577255,0.46273625071933483,0.5528656065222289,0.5368851628512914
134,4,1,0.8142183383460051,0.7921913363068112,0.8151370254276153,0.8382325713245036,0.8256460935944606,0.8292687891893044,0.7961059254736553,0.8184770259675329
135,0,0,0.12545951710747905,0.136169902505717,0.11036745389315829,0.12411395550017261,0.12745869898157297,0.12207715260909312,0.14485569663798992,0.12830670774459937
136,2,0,0.1387785236690845,0.13739248352030006,0.12798299343982286,0.14955948216386922,0.11754431581571034,0.12073788892287017,0.14438132010654808,0.1365829956718286
137,4,1,0.9648656979845976,0.9578909588050813,0.9704675866850339,0.9646945100743217,0.9608545508962688,0.9643815432167652,0.955392795940163,0.9599437011138792
138,4,0,0.37253298430018067,0.383737357982461,0.3718824307791275,0.3826264790546242,0.37262567920799167,0.4052938853540199,0.3946577724984169,0.38096029286582367
139,4,0,0.203775798703828,0.20403237525735513,0.20891507422211356,0.17195556291480987,0.15068902915803423,0.15748809899527458,0.2125574601410586,0.17325351428413804
140,4,0,0.45319476434604233,0.48614052259919993,0.4997603545939376,0.4934350138617764,0.4364761619794006,0.4108191553032954,0.44711125158146814,0.4986797110643018
141,4,0,0.11899322105145209,0.15388034798086692,0.10375065938540085,0.12910060076023405,0.11633581404969523,0.12435939864803341,0.1554723528613244,0.13520168658011414
142,0,1,0.552988164857154,0.5888134973836775,0.5531545905308277,0.5539480205497367,0.5682951753749234,0.5752883212643135,0.5814344346863992,0.5789705750269808
143,4,1,0.5653109278374734,0.6072927457434126,0.5753446604598059,0.5631944991539374,0.5672446882760661,0.5462124245761335,0.593831151721117,0.5746057069449617
144,0,0,0.10374433023395194,0.10482969791722306,0.09671438725431432,0.12183041053281503,0.10089209558979637,0.11817746802491207,0.11360476087279163,0.12052949862696495
145,3,0,0.18427818097195994,0.1634111558498546,0.1685025631557286,0.16978657772369,0.15555442587319898,0.1488857610318194,0.19226263232613547,0.1737359439418775
146,2,0,0.14114836879223566,0.22393476907213808,0.1494430207934168,0.18252260892437244,0.10807028271442694,0.16194041089739086,0.21299946862308655,0.213473225506712
147,0,1,0.1115285823251077,0.1076358510370488,0.115175360580228,0.10630602214794563,0.11097650298041634,0.10512763339442543,0.1134650873134852,0.10852942104201115
148,0,0,0.07701621881268078,0.06793157599199585,0.06462579905102347,0.07241448485444986,0.04767588388302908,0.045100600722065606,0.09846189125809693,0.07963512275988686
149,0,0,0.22070866756714502,0.19576022588529654,0.19086939171150694,0.2005087764590308,0.18855303725400516,0.18414399265059447,0.21899430563777572,0.1969236590935456
150,2,0,0.23631956441431232,0.2149814099704535,0.19950033502667905,0.216964938764537,0.23054633349965933,0.22772007886981216,0.23708771689587863,0.2304160130202576
151,0,0,0.1559129818237449,0.17694592380958318,0.14619444142715166,0.1615545081633857,0.16011621065750353,0.17266176555975393,0.1972393614589564,0.17691899452464555
152,3,1,0.94840428478093,0.9559813179480703,0.9444999047375249,0.9471559156721885,0.9616709503627919,0.9525359362621841,0.9440228594980918,0.9420946478033974
153,3,0,0.06994019769040523,0.05498695629560823,0.049006167618319385,0.05370333135789653,0.05629923325218943,0.04718777645333714,0.06523808816121802,0.06880669195512965
154,0,0,0.08513193098057359,0.0888826073285064,0.06646752526341702,0.08650412189640652,0.06723475889588333,0.09022899013749966,0.09769630315698526,0.09651839176422748
155,1,0,0.10330710198437673,0.10547964121687133,0.09842146900018446,0.10303209651791362,0.09054494225376877,0.10865991670727497,0.1055748113305487,0.09992284811806293
156,0,0,0.24676327929457464,0.2446251645818181,0.20860305255103828,0.24664731567876932,0.2163322609186186,0.2081684171875626,0.2405751239796336,0.2132179903080243
157,2,1,0.6605499747417215,0.6401346007564561,0.672468386918988,0.6639178574789038,0.6595693055758154,0.6658791645627943,0.6494722646374966,0.6655554006679957
158,3,0,0.0976878070896571,0.09950313769697347,0.09535081635797313,0.11147084040274356,0.0923906085021483,0.10491789539302229,0.10103399429929263,0.10409686981377808
159,1,0,0.1213222267405398,0.11100022836458985,0.11405157856950998,0.11564733751500181,0.11986828090394516,0.11513614145151964,0.1094837613915808,0.111625433878781
160,1,0,0.044190828980902534,0.038067337024534985,0.01832289343469256,0.03802101000930379,0.024985438260362994,0.03278687760403024,0.042651841221236664,0.043042725194774804
161,4,0,0.09873554716605555,0.08538264658138423,0.08499544428780988,0.08743946369428567,0.08230654540819494,0.08408601077636678,0.10315212335494832,0.09467534604411659
162,4,1,0.6701505536610182,0.7282902978036758,0.6961830392407332,0.6977643634276417,0.7429972056289097,0.7693463659701621,0.7384631906312935,0.7157883020327298
163,1,0,0.11949601736535997,0.10936247336646572,0.11202097244244928,0.11297405876796636,0.11340856580282754,0.11277869548452613,0.10967187483629015,0.10983382143614304
164,3,0,0.12329726756716818,0.11203693256629597,0.08823360180331552,0.0950489486804679,0.07780116221570045,0.09816444773618978,0.14402197283347598,0.12388459644466189
165,0,0,0.047920272900572415,0.06258627151581096,0.03864951977014452,0.045602312826406324,0.04295345343427147,0.037595013306817,0.07534173052993029,0.05417156779242323
166,3,1,0.8810918460199815,0.8414718084564045,0.9111400670114704,0.8739080217354719,0.9362219366370933,0.9189134928989435,0.862292723616265,0.8861681169737797
167,2,1,0.9724133873811842,0.9683883137922529,0.9822817710911199,0.9801099507250732,0.9794211537428796,0.9793337594834587,0.96470285790166,0.9696679448278743
168,2,0,0.02633197630002247,0.042426267628807225,0.019711641313666442,0.03424534867174133,0.02381509553913045,0.03384974117291972,0.05065610962403496,0.045830851030436215
169,4,0,0.2627520287351628,0.22463795097905312,0.2664051361648583,0.2697757298883096,0.21914111101451106,0.24299275856925057,0.2589094423094912,0.22416617016169355
170,1,0,0.5501787004909547,0.5541718261499985,0.6688486885057334,0.5908379018435054,0.6988055368943827,0.6467588261568005,0.4152381210731967,0.48900318245179186
171,0,0,0.16555175446937867,0.20272539032062517,0.1657618447257733,0.18711463164237355,0.18667438811172166,0.18197477296259942,0.22224526716639706,0.21929798761938846
172,3,0,0.05788003857111056,0.05216038500796688,0.039463243887378846,0.05076089455241252,0.038658497500120265,0.04798986346817463,0.07742471068253075,0.05832546461661793
173,2,1,0.9319336250799267,0.925024220296209,0.9518053324285533,0.9370906750014953,0.9713688955198787,0.9589663388403753,0.9015395353388644,0.9195581197676107
174,0,0,0.31281622030458955,0.3465613904707082,0.3074840835452149,0.3338225491704174,0.3314639050360547,0.32124771165401167,0.32739873338365044,0.3302978569026091
175,0,0,0.2767172134864632,0.2979886867277139,0.250397982354147,0.29868729206985095,0.2810439519618534,0.2615286515008911,0.2997510186498754,0.31847799052190656
176,4,0,0.1081424843834261,0.10105317264466027,0.10950788585255164,0.1065332375413969,0.09756192749918194,0.09955981547250936,0.11176202985137176,0.10520052596324239
177,0,0,0.05369286841294183,0.06326333259053346,0.040890403744745785,0.050007318727613374,0.03861233944594144,0.03671284267913288,0.0863304670315049,0.06303770884665386
178,0,0,0.953745981553461,0.9555916964804495,0.9738724150542926,0.9538058526116787,0.9643113586023364,0.9547486952221091,0.9319340350329521,0.9379067986604936
179,4,0,0.11617271395192792,0.11351441620329325,0.1073705716096324,0.11000635536298119,0.10725957456138534,0.10511912545374422,0.12157200975688537,0.1161423379677559
180,3,0,0.09351193908804668,0.0627381762410805,0.08100394810907106,0.07548205787149642,0.0860733994797969,0.08163564048297223,0.08432718304856758,0.09456030428006906
181,3,0,0.042328312072426995,0.04960223231042942,0.03509947385519721,0.04779072372625842,0.030334137625384387,0.042827850076247426,0.0655053525860798,0.05879175545850996
182,4,0,0.16088705573291842,0.1541199532646922,0.15377401204850902,0.1458251087557916,0.17428447571722064,0.16756079532190424,0.14959320986420827,0.14628818359272064
183,2,0,0.8299252529937877,0.8330814539422007,0.8733662560925713,0.8432442410154589,0.877670226310962,0.8506487535986167,0.7767002395528898,0.7916201993271347
184,4,1,0.9592429061065555,0.9647033018284167,0.9661036089782702,0.9705273762615868,0.9642905009564272,0.9552318122486475,0.9575370468111215,0.9605336616834752
185,4,1,0.842307127740673,0.8576412899044131,0.8621989780677248,0.8415190851191796,0.836343452856557,0.8583558799135125,0.8089764971689746,0.8310355795236622
186,4,0,0.3993652813641141,0.3736530434670811,0.37042102020255535,0.38487706088447615,0.3449393526171829,0.3707225070880713,0.37831179691435457,0.37039050123289247
187,1,1,0.5963005008102247,0.6519762029718473,0.5970867452483857,0.5945397492311602,0.585652225289946,0.5724578018859309,0.6343287016008372,0.616862168685381
188,4,1,0.22476617259356277,0.2340887988495864,0.22702642274432724,0.2245325756098271,0.25077631907017617,0.23511034718008014,0.24151113631925866,0.21555242955619322
189,3,0,0.0728214103906326,0.07571335610353537,0.06660647160044542,0.06315678995672087,0.05773626031369013,0.05167354175111065,0.07302649873361317,0.08113718525078878
190,4,0,0.10050178859906483,0.09591748014634198,0.09031089993283284,0.09119873869833742,0.083622850834715,0.09412247498525998,0.09895214172971122,0.09913584690831947
191,3,1,0.7933139789532133,0.803488351320843,0.8097605146616056,0.7952230254532524,0.8556958139751584,0.8119520879593402,0.7860618896220903,0.7960571460849867
192,3,0,0.18482135995782423,0.1686967068611422,0.16499000081188242,0.1642098141071399,0.14803034798948017,0.14289988665832715,0.1958102426749506,0.16735529463124957
193,1,1,0.618984248946021,0.5674677684711823,0.5820895011050609,0.6068344733152274,0.6079025077687167,0.5874373765481437,0.6304842074005814,0.6227562457917244
194,1,1,0.9519614160504097,0.938556357550632,0.9639417466512136,0.9583189359134944,0.9669677089761609,0.9592107061340059,0.9416027183130619,0.9396123038836226
195,2,1,0.9645144039282207,0.9687600492252194,0.9760419160420357,0.9758772358781054,0.9771488634776385,0.9727737822337018,0.967222144273704,0.9655582429530472
196,3,1,0.9614920847583431,0.9570164801672372,0.9704595800783484,0.9626416803747649,0.9736279976564731,0.9671317262437086,0.956448927042122,0.9590053853355105
197,1,0,0.11734545354455854,0.12117265665134808,0.11251918894067259,0.1157696692256743,0.11591254008191405,0.10972851084391662,0.11240764406012906,0.12052510259976161
198,3,0,0.05988335282769322,0.059414325058132766,0.05976609974983067,0.056268998861481435,0.0524671030251573,0.047123100778047634,0.06606210948759143,0.06947447718218155
199,2,1,0.6512985399532695,0.6401346007564561,0.6557352817960628,0.6515765850891919,0.6835932396562352,0.6552809166269877,0.6394893273066533,0.6561280164568379
200,3,0,0.7534300005726686,0.7702919894631788,0.7671797847087923,0.7621558580042874,0.7926603848902503,0.775608134368024,0.7721532847995539,0.7769415031048957
201,3,0,0.11032379523854038,0.09337290008326246,0.10376114055704201,0.11050300939816236,0.10008967920031406,0.10116975506642295,0.10258809458266419,0.098799467154855
202,2,0,0.052997119869394184,0.023020377071259236,0.01765981801895115,0.053019573819283,0.02822058204037653,0.0423747705784617,0.05094995885293114,0.06388930955013623
203,3,0,0.07929358277877031,0.07707504945551594,0.08176765191351829,0.06332784816613975,0.06477969241337261,0.069844196627774,0.08962162458021601,0.08165052761756282
204,0,0,0.09475535747977523,0.08933319260145836,0.09177818622596115,0.08552051220090663,0.06713180785194381,0.0796771690596551,0.09035851308560483,0.09612984555508258
205,2,1,0.10147558456150908,0.10655194036267515,0.09617682456399732,0.09593345470395293,0.084992578975003,0.1018235566271453,0.10441445871967686,0.09686038526983078
206,2,0,0.2580799919459369,0.2362164494003188,0.2472098014082991,0.2915715249675949,0.15378260546120803,0.17925118458019068,0.27010486745832474,0.298648576247306
207,4,0,0.11675928140153036,0.12435679965171587,0.127266573577443,0.11877577180932497,0.1265974128027691,0.12490432840029322,0.12894756798615123,0.12230373899410003
208,0,1,0.034435945707825516,0.02353361084380822,0.022187915454420483,0.035702008564753106,0.03262383176061733,0.03197763251150423,0.03668317663231293,0.046134102254077
209,2,1,0.6653418970671703,0.6401346007564561,0.6722910495061325,0.6639178574789038,0.6879228438776558,0.6626315106762489,0.6494722646374966,0.6655554006679957
210,3,1,0.36348599514383134,0.3393099989587689,0.33266880789680353,0.36908047943250616,0.36235716190006645,0.34518235290618915,0.3635996513840739,0.35369850673664904
211,3,0,0.0739224076963938,0.08339356003767796,0.07666729207505726,0.07978127731559974,0.06823405192485486,0.07849790870454221,0.08955826918095182,0.0866547357775174
212,4,1,0.736740896721663,0.7284937362142312,0.7304841387138814,0.7364184998356601,0.7836325483954087,0.765252112648997,0.7303791878436698,0.7523395504365405
213,1,0,0.11531270114738063,0.11256528925889882,0.11085492066205875,0.1119640932939266,0.10210881843405588,0.10830617585289973,0.10968509448367544,0.10615181366945318
214,1,0,0.14973390224606287,0.13193327506989125,0.14407495435149092,0.13949593784652656,0.1462245981810824,0.1393440634528198,0.13892500843876873,0.13496871396194787
215,3,0,0.09975918369143968,0.10144700010610427,0.10654099249844722,0.10935484814659069,0.1070011132936523,0.10603112304453954,0.10404862355080392,0.10186819196925281
216,3,1,0.9831867067245944,0.988035676305286,0.9950174583371517,0.9877664099766232,0.9913455319170266,0.9879323027442646,0.9805492552457911,0.981852577389003
217,4,1,0.5302898541898989,0.5494972798495996,0.5218989989548385,0.4942964793528779,0.48790711485584015,0.4782368924622927,0.5252767092503449,0.518917476087622
218,2,0,0.13707547741762768,0.1369187715451808,0.12595658694044953,0.1307928451559103,0.1310220541602369,0.1340697254328868,0.14831134150401337,0.13206702909389537
219,1,1,0.9670307289073714,0.9583824656055537,0.9739834043218658,0.9680464672363098,0.9749130854826444,0.9698135583961905,0.9661464551680836,0.9662799835425865
220,2,0,0.11880540148295617,0.10462634760423042,0.11636115753317497,0.12310761119643251,0.10528980078046052,0.10676484304945794,0.1132118237294749,0.11894374897267301
221,3,1,0.12340409577557512,0.11118749030098266,0.08729219769512978,0.10103859891856196,0.06948275046320365,0.0909016662974198,0.15068417477490764,0.13052366976510033
222,1,0,0.15016258990111592,0.1301098392292007,0.1420885591036288,0.13711178492769402,0.14527283701413757,0.13798085989669145,0.13807508880463568,0.12892969808790372
223,4,0,0.09305900102110176,0.07907109883280965,0.07358010929431501,0.08831007899310389,0.07554616127097429,0.08440645332343916,0.09211956391479173,0.08651501704277152
224,2,0,0.104443808774432,0.09997365152541692,0.09872188830322087,0.10098027986335219,0.09909493576586006,0.1007911823094959,0.10109313472509576,0.10105130194044794
225,1,1,0.39713623028492595,0.37609613884080917,0.38452257805528817,0.3814414250958171,0.40066739980109917,0.38747385031122733,0.3583845366922408,0.3675417146616562
226,4,0,0.10157869767379334,0.10243714953714671,0.09763060952629317,0.09660741345111075,0.11779298396656489,0.106909461804938,0.10796696540317459,0.10070976852514661
227,2,1,0.13428777844966053,0.15147056373734857,0.11065305632210075,0.16159485453272177,0.07848563545705672,0.11768105544882237,0.15952218750366573,0.13698679020698937
228,3,0,0.10243568626031878,0.09485001845208357,0.0963533016541725,0.09197583882791284,0.09415619602636896,0.09378314029640579,0.09669691377566203,0.09599769330450898
229,2,0,0.16875190230234696,0.1933436902396989,0.16806384801498414,0.1962201196176147,0.16746782018639314,0.1763417021403157,0.20089757873338174,0.16753455731208003
230,2,0,0.06066112666159139,0.06658501474369027,0.05125461200268218,0.05267163137697189,0.044677370520627924,0.04872258488477053,0.07147129094961575,0.062262295342335135
231,2,1,0.961079667041196,0.9561023558718693,0.9711486752802996,0.9524347033513738,0.9646962129212279,0.965029327086557,0.9603785684584302,0.9572053206977947
232,3,0,0.10623577505912535,0.09781699872894378,0.11139045502741728,0.10298181965744291,0.1040972363899716,0.10594801968304104,0.10143515553685956,0.1032630392361434
233,2,0,0.06865265357608959,0.07172931623930057,0.06393603347321997,0.07430656531505687,0.06648859830872832,0.07538035220106992,0.08141760325749052,0.08196386186147848
234,3,1,0.568755834855363,0.5626807374627352,0.6177640768461634,0.583383528916031,0.5748140758089046,0.5469781745947898,0.5802942475756484,0.5466340406874742
235,4,0,0.11110319645415612,0.12889920124562956,0.10793554411639007,0.1076942340383309,0.10266212822848735,0.1024031855215796,0.12970714936748232,0.11625221143353222
236,0,0,0.5737095636676257,0.5898190685106414,0.557395892785722,0.5639410912247955,0.618629711652277,0.5980370156632343,0.5691011357281721,0.5972418874317268
237,3,0,0.1202460280296284,0.1183634299669323,0.11823565840723789,0.12350806421285447,0.0893067764540282,0.09345953690887919,0.12837469995436585,0.10636111279827576
238,4,1,0.9474247039361238,0.9440802138191221,0.9623846920769482,0.9621684973920966,0.9687127762791946,0.9662544189137667,0.944192730428955,0.9565013135141144
239,0,0,0.1865836740641566,0.17769345871791623,0.16598796363944035,0.16751457250865417,0.16838520287369074,0.1474827547603405,0.19382255121988048,0.1588453615617344
240,4,0,0.1126469504172899,0.1135049581534788,0.11225353919213345,0.1097438357083445,0.11844455807908738,0.1072690467924349,0.11815032010686341,0.11207646654673595
241,2,0,0.1544553003014952,0.12964754071099627,0.12446055663104647,0.15888166229787912,0.09690117262935126,0.11498957295213988,0.13852819238730293,0.1376513877832673
242,2,1,0.6419644096568556,0.6523542865678829,0.6613970346210413,0.6508995006658002,0.6637423167284899,0.6669845701823978,0.6551298155665523,0.6570276349920302
243,3,0,0.12169875811589216,0.1336858513162135,0.12031148914594945,0.12104013391916608,0.10533432927459899,0.11360811955749882,0.1258134799709131,0.11582601455246444
244,4,0,0.29860247442727667,0.2711605482127518,0.2870083500599133,0.29080530592407605,0.2836799742921137,0.2809122501721601,0.3023311640772568,0.326261195028094
245,2,0,0.030320424823389792,0.031167196807173947,0.022056151842394563,0.0464040550181108,0.027742579525624766,0.04124314878808479,0.04595201566283124,0.05295203530261572
246,4,0,0.5963114218657075,0.6148167038659673,0.5680447899762261,0.5789005865153115,0.6996597497302826,0.680437624338507,0.6147847359378429,0.6249180656117237
247,1,0,0.5760307149907674,0.6174471122542909,0.585100387003345,0.5818704378581206,0.5464747367994612,0.584044382590049,0.6063175680914188,0.6072407773778989
248,1,1,0.8189603183363957,0.7947990213097537,0.8123947162012355,0.797083013118845,0.8119537927744108,0.8188580201656328,0.8055439813277159,0.8137258715096024
249,1,1,0.4049917050306485,0.380188120106251,0.4088379937276347,0.3890876349823702,0.35704117486511294,0.3684681804240806,0.3404690070399419,0.38433755157103017
250,0,0,0.04675933948596723,0.035628532369560165,0.03974660611631392,0.06380885441328436,0.07744413569547266,0.12287389897537286,0.05484964761495707,0.0798723425228404
251,2,0,0.10562863470705244,0.09788837066070652,0.1046897546062299,0.1023272470688746,0.10006564746817165,0.09746970270860074,0.10126701523500489,0.10204471104722485
252,0,0,0.09555170789306096,0.106567834099182,0.06911254074684087,0.09586828069786274,0.10400072020428305,0.09337535357003365,0.14477841508603345,0.1334298583479294
253,3,0,0.2462601796721825,0.1853783210878057,0.20991326022045925,0.23162749226980578,0.19773723306264848,0.1949088185324436,0.21454274411631294,0.22592426716311126
254,4,0,0.06880190270156215,0.049784207084884353,0.051567498894046326,0.06894785688879647,0.07032200810004403,0.08173014676280344,0.0665209828254639,0.07022081266481317
255,4,0,0.5651706459180363,0.5128840570387041,0.5363189816640294,0.5090927919343985,0.4594121149404795,0.5209845828164307,0.5869526950140377,0.5775980522077271
256,4,1,0.598207193841807,0.637730312410016,0.637685385445009,0.5990458913400429,0.621568595524822,0.6226874436587609,0.6221027211078168,0.6212362162265784
257,3,1,0.9243679087097832,0.9435936058372224,0.9258453813610513,0.9258118220025268,0.947926512441849,0.9359612092516117,0.9233379127522243,0.9235309466892493
258,1,1,0.977629891663853,0.9767855240882134,0.9893197166436695,0.9773288691342006,0.9813875154533931,0.9807199100773167,0.9735218905576504,0.9771033263446092
259,4,1,0.9700640719260915,0.9707030997713173,0.9723549468993778,0.967042467816793,0.9804766758872296,0.9715967473289893,0.9536455077621216,0.9535334120460359
260,4,1,0.8916510426200284,0.866298152232006,0.9029536121609633,0.9104498303176013,0.9146147918013667,0.8916644612897753,0.8707740773424684,0.889564426913323
261,3,0,0.10442727843404721,0.10323197818723781,0.10691687839625771,0.10717230379286237,0.11171576043254393,0.11118900122925479,0.10611612932477071,0.1005785938605502
262,4,1,0.39753674350053514,0.424419641099255,0.40385587476008256,0.39717110577459414,0.3345085624586273,0.3738498512911641,0.4536051492827823,0.39287337959371255
263,2,0,0.2645317438308411,0.30726062378575,0.23839069002411853,0.23322080077375779,0.1866357544737066,0.23300892342259652,0.2818723378788787,0.2740675180890227
264,1,0,0.15775983595263218,0.1413358266018881,0.09851803604398543,0.1415899467927257,0.07894427623572935,0.10616419405650868,0.1822852202460733,0.14905410666080274
265,1,0,0.677135298744942,0.6835050812062847,0.6983804665084428,0.6953867499225795,0.7242351528075238,0.7154683991068911,0.6890794759604878,0.6882776053068895
266,2,0,0.11560790096150782,0.104331001905941,0.11822229978864515,0.11313343882886528,0.10832623785545735,0.11300698936700447,0.11798849762623265,0.11684962631754538
267,3,0,0.029665240272339386,0.019521345288078192,0.01579769268428666,0.029335016627330707,0.023519715001610656,0.032303914785842706,0.046561739971339076,0.04562140087183892
268,1,1,0.10743534579265508,0.08895952497251838,0.08957528232444831,0.09807870536080374,0.08387491629554619,0.08086929182686954,0.10617246745229957,0.09823230303254094
269,4,1,0.9698773500123415,0.9507534011781239,0.9663079923391044,0.9671712848327095,0.9661204616542796,0.9516582734133082,0.949649548054333,0.9481036730905875
270,2,1,0.9794936507552664,0.974054735875448,0.9785664344829582,0.9747099188793961,0.9808351070516663,0.9776812627451378,0.9720304371458566,0.9676232843205412
271,1,0,0.24090542903497159,0.24653430206565935,0.23038089227965494,0.25283072195181605,0.2722676744355033,0.26563619903659613,0.2396057938994814,0.2551097134279588
272,4,1,0.08432719662783811,0.060583838872223156,0.0586911615837737,0.06619039774251637,0.06784310362726487,0.06618095336828143,0.06943360797302765,0.08498242445709096
273,2,1,0.9366229168922808,0.8997581832531015,0.9232919323912805,0.930919252916278,0.9390957253000959,0.9368139972774012,0.9060775719979137,0.9110450562128065
274,0,0,0.43606696984831556,0.44071551330989267,0.4592855414991476,0.47854853691179133,0.4241353310849997,0.4862688830574557,0.4195399402732867,0.44529674230517935
275,3,1,0.6537299835037872,0.6655427769674902,0.6753784221780681,0.6664474758615295,0.690253405929962,0.6936009359511597,0.6438802419435198,0.6580620396076371
276,4,1,0.9663406292981035,0.9581334323365682,0.9538803229904879,0.9635229915174666,0.9735622811546093,0.9600761649807862,0.9425758502977809,0.9495279492417765
277,1,0,0.5457328918355543,0.5659794195504632,0.5399026971836641,0.5317320843091919,0.5477804745582638,0.5044070328597956,0.579792525894809,0.5734482169215201
278,2,0,0.08857620255733861,0.0896864930659825,0.08864225838888899,0.07478695802815932,0.0994468592788415,0.09541575466498607,0.10358861090844802,0.0846714314704278
279,1,0,0.04615244382395379,0.06008617501315755,0.029436276655377822,0.04716415731204095,0.03063447537434812,0.03619343495010237,0.050660392131855685,0.04552270112846774
280,2,1,0.5898691665077871,0.574209369738589,0.5169641856987776,0.5993406002335099,0.4672556206694527,0.509993296345652,0.5565510252586793,0.5485240234482338
281,3,0,0.06568422549539828,0.06436555894253752,0.04070861794014406,0.0527263419817316,0.05746914565746414,0.05593058316420769,0.07311532410658918,0.06763617856581575
282,1,0,0.0774678942923999,0.07122216022386724,0.06258406537643166,0.08849839478689303,0.10605458352415727,0.11098256526400102,0.08288339321108266,0.09486845693498949
283,0,0,0.1563818516802947,0.12733434939242802,0.1150925661802652,0.1267645953874506,0.1078288896249327,0.11475192541878525,0.16104078546422718,0.14686688421831073
284,0,1,0.11663312157199988,0.10285073492580109,0.11457749556893529,0.10628080489844542,0.10361886923480096,0.10095098447384943,0.11246582473604282,0.1005679753258379
285,2,0,0.29789599233588715,0.3224684409320155,0.3587124497753635,0.2782920633964032,0.31700769398862094,0.3210749862920153,0.30455727487907613,0.305121339299306
286,0,0,0.11701355538674772,0.1066895334215455,0.11752872983513613,0.11114412407282084,0.09784005431663154,0.10065909602250432,0.11665185426364809,0.10886252393521063
287,0,1,0.11734194200923571,0.10166927999593028,0.10590676579424144,0.10556829481792625,0.0953071108841524,0.09643517536017762,0.11252388964487436,0.10182728798670557
288,0,0,0.11028915665412212,0.10246303145030203,0.10271746837788821,0.09981884623854702,0.09417362072039573,0.09313435791334976,0.11250338824063315,0.09993974804336074
289,1,1,0.12501246278615205,0.11987860220271025,0.13109946543976542,0.12738023369883278,0.11444760250209614,0.1154188389920608,0.12804026922253775,0.12488120013412207
290,1,1,0.6133053627532377,0.6737921504778364,0.6622627041861217,0.6497675526633488,0.6567584237567162,0.6361649457344374,0.6476119442386948,0.6683868343678311
291,0,1,0.9541152514436038,0.9543693870340326,0.9631963183252068,0.9562820186313112,0.9624832605055401,0.9561109943071895,0.9404455900040825,0.9485702575927498
292,4,1,0.9807299464839941,0.970722470294539,0.9811218598464497,0.9785677697219266,0.9836067157803213,0.9812320677447011,0.9726145919368171,0.9727965608558351
293,2,0,0.18795041830617987,0.21470580345570744,0.24009137563931515,0.19896974947843576,0.27694659017550416,0.22638699912685456,0.2139568238901057,0.20597864644748676
294,0,0,0.5409646826112713,0.5538721579778803,0.5013954396010338,0.5099677869156231,0.4714803721477272,0.48170140807070594,0.5756641288247422,0.5227645742424194
295,2,0,0.10426806180076299,0.10153470805905164,0.099134702046518,0.09816548534626063,0.0975347010007053,0.10483711230326087,0.10054713656950998,0.10190676877300979
296,4,0,0.25179973331836575,0.26929144412103184,0.25464210169305507,0.2762569687754502,0.2360584427271522,0.24586187040144536,0.2885596420400048,0.26759404021280886
297,2,0,0.11258825016646763,0.10309118122540353,0.11219900047997054,0.10378252210797878,0.11405691565031711,0.11294401928756376,0.10372061804506982,0.10772185083841566
298,4,0,0.9531549409026374,0.9580722749044874,0.9664093716862062,0.9513502881641145,0.9490818906677122,0.9467634067927867,0.9523140023045504,0.9549876093979356
299,2,1,0.32374216193014427,0.31066686600432564,0.3564142661184351,0.3125214910472529,0.32398450914365207,0.3698862425412985,0.30714701509922426,0.33798033502132296
300,3,1,0.9405848505035352,0.9344137815339204,0.9463286881707627,0.9387557406511073,0.9433185402241434,0.947615757060271,0.9237913403240755,0.9317271185849556
301,1,1,0.8192138463834664,0.7996472740382276,0.8637720805849084,0.8186051022525013,0.8450278472600935,0.7971972808004826,0.7718689812723325,0.8005151601566722
302,3,1,0.11289742013590265,0.0975388342331189,0.09686005248350955,0.11851885484941238,0.0990285514869377,0.09306090136901872,0.11322770328229062,0.11376398180988925
303,4,0,0.09321236155701021,0.06151310629129854,0.06093204353285774,0.0669230862575438,0.07602932970224748,0.06842971743822976,0.07486950792794606,0.08502717755423647
304,4,1,0.9265498914445152,0.9342808284673039,0.9499997675883183,0.9255856559317297,0.9357900313639976,0.9420915355932151,0.919873721422635,0.9305925120994714
305,0,0,0.11492744535362627,0.10605936295894419,0.1101267819257373,0.10515371011372457,0.10020184973963099,0.10039973845644373,0.1108761278882678,0.10546993732187196
306,1,1,0.22798391327054582,0.2418800511385645,0.2165982992173535,0.22844879451143216,0.226272265207524,0.20249274487640587,0.34993767050654484,0.27588188534459074
307,0,1,0.9787647825718793,0.9789644366624086,0.9849885668284408,0.9827354237924006,0.9884898937667785,0.9845105053708937,0.9688756442957736,0.9750668963306492
308,4,1,0.9774472061996519,0.9693139639849383,0.9752823871395668,0.9750521112005028,0.9731297150917034,0.9701931047914553,0.9716355029218785,0.9725304909608712
309,1,0,0.13588227353643223,0.1403287204918124,0.14728661833404139,0.13074061766575037,0.11992272961329964,0.14461660376005359,0.15125408974508517,0.13209014929718957
310,1,1,0.9757744860740429,0.9746777472220678,0.9814322739421212,0.9696619951170292,0.9721699887055876,0.9617981783609364,0.9691696944556077,0.9705020059995085
311,1,1,0.9718940903841872,0.9702432364133061,0.9758886963282618,0.9740183007591855,0.9816940505273932,0.9729714285889968,0.9686067840754844,0.9687298467401686
312,4,1,0.9542149451940627,0.9510282386992749,0.9671764683240587,0.950511833952562,0.9382687572226273,0.9428632162860645,0.9509831574286691,0.9421352953230389
313,2,0,0.8740891643383236,0.8578805903746899,0.8668106086281103,0.8773013734602355,0.8900853742825795,0.8849399256401902,0.8593110931293734,0.8756938123860781
314,0,0,0.10940217073868608,0.10422530804590248,0.10654065329759638,0.10154413515942184,0.09915725856327447,0.09928398169858418,0.11244131241765383,0.10200419235442085
315,0,0,0.12672235428840625,0.1249958146191064,0.11181848383096507,0.1183403337998334,0.10863693258267532,0.110836859624073,0.14042947051813168,0.1150796085677144
316,1,1,0.5773234225550097,0.6200208028838321,0.5863812632075472,0.5625970387731203,0.5401116016481071,0.5803016691866547,0.6052700790952427,0.5989641925825595
317,1,1,0.8370379674541475,0.8320550791123624,0.8170292664513298,0.8119762528421689,0.8236698673511238,0.8165251669759573,0.8461545866197242,0.8288368556964135
318,2,0,0.14575625837503253,0.1478202863255779,0.13800962228370453,0.1587002988474081,0.13227735316473463,0.1291940654304683,0.15584691797062758,0.16721764649763537
319,2,1,0.9757709912050772,0.9707680957369557,0.9745000956143239,0.9737038106413248,0.9766808850995441,0.9772157300875801,0.9714765849619196,0.963274810381957
320,2,1,0.9753330948839172,0.9811835890375895,0.9874104442041622,0.9807164939047642,0.9882181164067109,0.9855308696043643,0.9741345946980344,0.9714929142314442
321,2,0,0.10881680394902486,0.09928875509667827,0.10069695392839098,0.10126727063160479,0.10445678052104158,0.10562616201286906,0.10393000150712699,0.1030859346612224
322,2,0,0.1064379410950915,0.1134667860969111,0.10000116920626648,0.10947171811540606,0.11923141189478574,0.10157751729037141,0.10124225667247944,0.10260315840304865
323,0,1,0.8264475023618195,0.8154459281976791,0.829738395338378,0.8355810928003898,0.8423797496641626,0.8422625039544279,0.8034352288673582,0.8226827599563424
324,4,1,0.9372570750143017,0.9203326783655128,0.9314694581679624,0.9454911431473612,0.942426713209924,0.9264211214051277,0.9089613790717204,0.9275445899429335
325,0,0,0.04102446981134311,0.035506015735484925,0.02367855016136259,0.056302227067024375,0.03201720454947272,0.044495213227673164,0.06079156174473808,0.08195583493028455
326,4,1,0.9767574124945991,0.9742092503099627,0.9747362709022851,0.9764246070979979,0.9786344320242867,0.977688585637677,0.9730400098512592,0.9714291088485646
327,1,0,0.0768763448353395,0.08117238360221642,0.065065445954532,0.07312982870990008,0.0628481304732569,0.06611325358606984,0.0854842767534068,0.07472256020289299
328,3,1,0.8606986833460967,0.8463503176813746,0.8728234621071942,0.8452785753490218,0.8956945851815349,0.8683768111376795,0.8435563639828897,0.8330750620980334
329,4,1,0.8222329842157626,0.7678761251260179,0.8471772545115743,0.8375868094879535,0.8600150927785453,0.8091590096766572,0.7729928393753497,0.8107327155225021
330,2,1,0.9807873807493861,0.9840510493329828,0.9856877744295413,0.9862361845319445,0.9888409700257659,0.9872648260033643,0.9822208120950375,0.9825982062356718
331,3,1,0.6826714115881525,0.6803484924077318,0.7088872397317719,0.6989184167864452,0.7083027143182398,0.6982247206766009,0.6786971372211743,0.6990223299340086
332,0,0,0.27386504903412545,0.2813849945048473,0.2842333500276912,0.27452818860375766,0.295670512581498,0.31346390663859786,0.2612282420341046,0.2858321314595481
333,2,0,0.42680502652612273,0.3983335136135858,0.4039198363848519,0.3868567539974735,0.3968734115707086,0.34934979998322646,0.40166825942720213,0.41780605726445375
334,2,0,0.04866607883943181,0.05104733562447952,0.026369254843656282,0.0598971757360311,0.038980543635042865,0.05811896626105164,0.06472713459245032,0.0631870511309232
335,3,1,0.9318586039582606,0.9513732762341908,0.9365008963365027,0.935425595118431,0.9578475842007503,0.9508460251892241,0.922184092303447,0.923853380985535
336,0,0,0.10904546192795622,0.10512475591939101,0.10558269477196983,0.10064503211225118,0.0987804385781152,0.0971026695747105,0.11042509201073995,0.1028022418419104
337,0,0,0.4279504778368452,0.4994927518822413,0.45194484202967217,0.4682437885748083,0.5320430742674221,0.5198111252734581,0.46390628463243383,0.4816841355779203
338,1,1,0.9800416332523366,0.9787190691475712,0.9882539523363476,0.9822259284132959,0.9814671235841798,0.9722122062859186,0.9723337156069263,0.97642038268614
339,3,1,0.0690498827682896,0.058869164516405996,0.055333988320240175,0.05514767808248948,0.049781726947491806,0.047221973667212556,0.06689415120766266,0.06848394875038302
340,3,0,0.3080036082666279,0.31679600030883914,0.29253423589240624,0.29666551848744616,0.3255150301639527,0.3341594774549885,0.30726226025524184,0.31009337793346503
341,4,1,0.9557121135687805,0.9635998013995537,0.9728295290572605,0.9660605059104637,0.9719121557078467,0.9668250768941214,0.9536045395599448,0.9631974714794781
342,0,1,0.866730153483085,0.9337825590224266,0.8585532313730044,0.9044080072653028,0.9246310613390861,0.9034484714600506,0.9334263260917022,0.9082145611985899
343,3,0,0.12828735254796533,0.13242835730282698,0.12367247139571481,0.127463197117443,0.10651923806329648,0.1080758071160661,0.13680621159434075,0.11736307294573047
344,0,0,0.14759247223372435,0.13428782420969565,0.13073121058107762,0.13069852091691345,0.12504762271747585,0.12246839150464929,0.14338331222902337,0.1255429874545329
345,2,0,0.1284861350195129,0.125349047703479,0.13682811807194653,0.1306038260696833,0.14576918279087675,0.14481624765515871,0.13183336230889486,0.13159562027793062
346,0,1,0.8981421233871965,0.9109683563729077,0.9298571137984208,0.909955862373796,0.942923344857423,0.9233885932540595,0.9134789612434909,0.9232975725136783
347,3,1,0.6752410066214077,0.6906637178273387,0.6670364432183945,0.7123135611769915,0.6722853623674269,0.6667223179921334,0.7181110778689987,0.6818199810702942
348,0,1,0.5836609494265944,0.593332656111551,0.5829335472174167,0.5689911207038378,0.5588835853596956,0.5765435275826714,0.5956376359984364,0.5924637431448087
349,0,1,0.8828680937587998,0.8638062211924675,0.9058899381454238,0.8824854670397998,0.9257108097484965,0.9131734217979955,0.8532820023805482,0.8655207727546772
350,2,0,0.07446451011597933,0.07565137233541215,0.07035080476827063,0.07469462843555964,0.07566487788307681,0.07457167407153105,0.07901436533677263,0.0779429271827494
351,0,0,0.11019954294844937,0.0998389647949445,0.09876947096189446,0.0964592484445653,0.09036686534431244,0.08331083282081339,0.1140427707780121,0.09799427316188944
352,1,0,0.35511509831165916,0.36249265505992995,0.37699701578427086,0.3611668909241763,0.42771463156466555,0.4327057317452606,0.3502297845282453,0.37716272423786623
353,4,0,0.25548370769750206,0.2710940249755471,0.2695272729776124,0.2587471549038007,0.23066136953739122,0.2210903338016977,0.2785343281264723,0.24054973984801403
354,1,0,0.061119505347428986,0.050369842974513274,0.07086702811908405,0.05097296451537261,0.059051260322363165,0.05167304443207022,0.06365261412581075,0.06621544733353107
355,4,0,0.11447504450933775,0.12175727226797216,0.11418834988480563,0.11010555387108555,0.10467238911741278,0.11345428907355366,0.11622298474232777,0.11036595252843111
356,2,0,0.1124234059265505,0.10574099316717189,0.10742975827640303,0.10473777368639346,0.10969350414391493,0.10527033575145682,0.10723569466830084,0.11039975580781886
357,3,1,0.979556510386394,0.9878494381334131,0.9872173927839586,0.9790102835476018,0.9875018140420714,0.9848138335713194,0.9831796052100118,0.9804401734799878
358,0,0,0.7810855590001359,0.7754621025064123,0.7950233258125136,0.7977097403881431,0.8043105550767414,0.797117099316271,0.7760017875469408,0.8047588572984697
359,1,1,0.6739756444364791,0.6810027497976167,0.6849803340649199,0.6827025963231933,0.698776956403354,0.7090228536487605,0.6878895161663925,0.6784405272715197
360,1,1,0.6739756444364791,0.6810027497976167,0.6849803340649199,0.6827025963231933,0.698776956403354,0.7090228536487605,0.6878895161663925,0.6784405272715197
361,2,0,0.0261458806120611,0.0207304571652221,0.013433580284429487,0.03511390300136504,0.01942097158102775,0.033658123752714805,0.041642046857087125,0.05099723788852503
362,2,0,0.15386520602874604,0.1689576894202527,0.13144415219231784,0.14811653866536975,0.1463963697275146,0.1537756308522947,0.15966245314747882,0.14449094673771962
363,0,0,0.04981969470352232,0.04487549691197006,0.025375719205842803,0.06451448140931998,0.04838212798990089,0.05880406140862306,0.076772404402309,0.07632610484407672
364,0,0,0.10582820055950842,0.09434467751912817,0.1110593922030731,0.09773520293749673,0.09348141792856503,0.10700835913490575,0.10400858580088747,0.0960140602586655
365,1,0,0.10290704297072223,0.11547345675342874,0.10450943294110913,0.10080499066569948,0.1085125580452764,0.0978973811605159,0.11456360333528605,0.10900148496552137
366,0,0,0.1167067473232258,0.10949110331101362,0.11554314083226687,0.11546516629175976,0.11546020605640085,0.11922958019991953,0.11604453907028926,0.11281709119084335
367,3,1,0.9274549223596754,0.9466150078012213,0.9670732182982605,0.9491736449020518,0.9659543487486241,0.9559225002347398,0.9263792815965727,0.9252010812728346
368,1,1,0.6389575400743744,0.6456890206860699,0.6280687760498461,0.6411060293684536,0.6462355369210867,0.6438583498987576,0.6371042769624354,0.6330896932649449
369,4,1,0.6396554755350846,0.6219713395978254,0.6527397657814318,0.6435687576279736,0.667971859548498,0.6675613338638718,0.6166949834635038,0.6312161437062589
370,0,1,0.9767641187395601,0.9718827969258368,0.9828669994733896,0.9765781007108121,0.9824562787542882,0.9792361365836685,0.9700426349080445,0.9697798205893982
371,3,1,0.5921284798197212,0.6349094484636623,0.6877719139204981,0.5679126117067567,0.6190227467474695,0.588129462630816,0.6303526798920683,0.6072191384488553
372,0,0,0.10441247695303042,0.09659339222015706,0.09293901310137172,0.11029115502432757,0.09204727137564263,0.09339113558441448,0.09935237626668451,0.09888723218500059
373,0,0,0.11078358890617236,0.10194117834086633,0.0943587855984281,0.10032786550901826,0.08562891950569242,0.09392411928500445,0.11159095905840415,0.09591431376352788
374,1,0,0.29688841577103836,0.3409703236075336,0.3306777331150446,0.30817915879590546,0.27682212526310074,0.3117367430111566,0.3233839574105612,0.35738438355983415
375,4,0,0.17251146217054864,0.16201807480804387,0.13497920089290755,0.13734353865545262,0.09863581114612445,0.12586891400838707,0.13315497796137207,0.11022207369737796
376,2,1,0.9494886899206028,0.9290847130696722,0.9545846212156935,0.9320132374906333,0.9569807379828473,0.949952500861781,0.9278247859071372,0.9352783820153765
377,4,1,0.5593251466641457,0.5469194172372329,0.5546532181680969,0.5308182437731543,0.5505618941380453,0.5638058364345867,0.5352315898879383,0.5442539177772597
378,1,0,0.410694546024407,0.3947016655140634,0.3870564901331577,0.37077539105127166,0.34632991009005193,0.36959583479280045,0.3873337233227095,0.41489914930671984
379,3,0,0.09155744942135771,0.09301545051623385,0.11360252908763575,0.08803239403976637,0.08620414767933966,0.09451465247828839,0.10074405946771858,0.09095475464589944
380,1,0,0.11936752059362955,0.1051439338544816,0.11740415926995623,0.1161087922770113,0.10526597465388035,0.1086706747356442,0.11139795931161851,0.11496105972681914
381,1,1,0.9564693721541265,0.9477448884756412,0.9732877856954399,0.9635035638629923,0.9666671687342585,0.9528143688709302,0.9419880087377733,0.9564255299764695
382,0,1,0.8099700129715235,0.7616838317439412,0.7865969521280323,0.7948535748060043,0.7969199657605839,0.7733389857114954,0.7656684308911565,0.7790582712281974
383,2,0,0.30871923798671924,0.28698548449942646,0.3392216093217207,0.32504603798134374,0.4306616019902482,0.3600180229005878,0.24592882718906592,0.21515998159186725
384,0,1,0.9481188062795254,0.9600482500894413,0.9532114832039137,0.9533481644768045,0.9658507262492796,0.9584333900986091,0.9380587971891597,0.9456145748873588
385,1,0,0.11798752808563329,0.10923706150490962,0.10906046876590252,0.11105037548286793,0.11362939979261552,0.11086645889552948,0.10891568780665159,0.10750583250806542
386,1,0,0.24607391903106152,0.24317756413975214,0.3648292142649388,0.29460541192639395,0.2901656415796879,0.3045075001749241,0.24127294141505545,0.26356243172236327
387,2,0,0.043263653820620515,0.03605123050862419,0.023614227707418466,0.04224024325096294,0.028553866132889894,0.029551877308716768,0.06317515136911755,0.05006917460396073
388,4,1,0.7511493307858429,0.7059584531614272,0.7237284107028029,0.7510819859872415,0.7612662914814445,0.7569913357194877,0.7245391141380244,0.741068948205143
389,3,0,0.10406486770259837,0.10323197818723781,0.10424733159588585,0.10535868542056522,0.10758811262835014,0.11118900122925479,0.10506103960075495,0.09937974956063644
390,1,1,0.8862742207206239,0.8627454214814819,0.8745751024154953,0.8750812059622046,0.9122311976423383,0.9065554825015544,0.8897101904741099,0.875626762360638
391,4,1,0.28504433660616824,0.3105498261029348,0.27896732946739017,0.2970497424294484,0.30055192701591354,0.31632410051311194,0.36924344827980815,0.3363538240988549
392,3,1,0.10336159438874944,0.09482125961569056,0.0999490609416896,0.09430652886357187,0.09558549195328019,0.09245593094986541,0.09950840581555141,0.09689812580385702
393,1,0,0.10657496930458854,0.099680663287585,0.09935828271606571,0.10023307444747595,0.09086637701613498,0.09711731942851475,0.10780948999724288,0.10289887080497209
394,1,1,0.9800620106875803,0.9832932035109955,0.9884552647790992,0.9846621066634667,0.9916429203142576,0.9835116826205171,0.9780209792335663,0.9829059800800504
395,0,1,0.8187939394272908,0.8439039395000324,0.8491514068547396,0.7891728411567921,0.905159215413118,0.8732041548071573,0.848014226801703,0.8299401144527705
396,1,0,0.11806735991437561,0.11296929308623126,0.11311356433692446,0.11205571552934018,0.11580832362413787,0.11098568287553195,0.11288217533465696,0.11172658324164711
397,3,0,0.5759854664752723,0.606747619102634,0.5845596718503415,0.6148333885142926,0.5889187366435602,0.5985360997488418,0.6096932409825225,0.5983107161447027
398,3,0,0.12504449088789182,0.11818447703031361,0.11547881024156789,0.1266776377385037,0.10592189475693732,0.10189644299208094,0.12695696374046025,0.10973533272540556
399,2,0,0.24701429023314944,0.2172382124271908,0.21080992153297082,0.23444838541305701,0.1958942694857154,0.18145840775226177,0.23574886330821787,0.21949120789401835
400,0,1,0.7830759406228585,0.7788646126050588,0.7954011525402787,0.8098367828195131,0.8071147653182503,0.8108203188132581,0.7991889732720835,0.8085471447199265
401,1,1,0.13375796053766467,0.14234339373150898,0.15215871399144965,0.14361445885563598,0.14597293307499673,0.1319543839059743,0.1332542220436771,0.1333274601105681
402,2,0,0.10617710316700207,0.10067961794120982,0.09837089262246222,0.10098027986335219,0.09909493576586006,0.10122459920480302,0.1031903414040467,0.10096297444296191
403,4,0,0.09635853127557127,0.15446269007616706,0.07616925584046862,0.11465197103670044,0.13335896558834448,0.1530340014963815,0.1351048551160244,0.12445044265476685
404,4,0,0.10455327316720082,0.10672267184318773,0.0907483760228177,0.10050048926548243,0.10724884333220656,0.10171559561498165,0.11543498699828394,0.10600807988452404
405,1,0,0.6247270505040883,0.607771901153172,0.6257839349459821,0.6089897876393486,0.6043468533351034,0.5817813674427645,0.622287953563413,0.6386125776722191
406,3,0,0.12299537900822127,0.13502054145174297,0.11664204762175831,0.12558961193237778,0.10108785085392223,0.110912237824241,0.12942354259499095,0.11655422310218742
407,0,0,0.0928310411569962,0.0837257301704308,0.07931157573930674,0.08868072465247484,0.06717627201850705,0.07900190292312637,0.08343823094772007,0.0799458406377732
408,0,1,0.9207272516030293,0.9201194224679041,0.943595517416795,0.9300483884008502,0.9497007226360638,0.9378269322032898,0.9031712163170087,0.9166038535263675
409,3,0,0.10346601565526477,0.09482125961569056,0.09978391830703562,0.09532373043209323,0.09644577261866048,0.09319839268593402,0.09954309582635298,0.09689812580385702
410,2,0,0.06066112666159139,0.06658501474369027,0.05125461200268218,0.05267163137697189,0.044677370520627924,0.04872258488477053,0.07147129094961575,0.062262295342335135
411,1,0,0.11798752808563329,0.10923706150490962,0.10906046876590252,0.11105037548286793,0.11362939979261552,0.11086645889552948,0.10891568780665159,0.10750583250806542
412,1,0,0.1085959201774772,0.1061820078371036,0.09658796141628169,0.10549288104537591,0.11019102225254936,0.10788749746907961,0.1065443826464031,0.1091135906580998
413,0,1,0.9668284404470313,0.9636255779826857,0.9712832792532538,0.9646585191806377,0.9813980857953891,0.9743592409527208,0.9560921083702334,0.9631597771713332
414,2,0,0.08857620255733861,0.0896864930659825,0.08864225838888899,0.07478695802815932,0.0994468592788415,0.09541575466498607,0.10358861090844802,0.0846714314704278
415,1,1,0.12444675013553673,0.13330626852420643,0.14282275354976834,0.13675419111924725,0.13954334632782012,0.125929869355067,0.1296068528676684,0.12949777537561893
416,3,0,0.6575998917640179,0.6998396534595587,0.6730285174083115,0.683419018043219,0.722271297856343,0.6674171225268646,0.6609033386769017,0.6622617084449601
417,0,1,0.8339803462125422,0.8445956370062668,0.841583797402008,0.8636447987090538,0.8511024324372395,0.8602040774225502,0.8245255873445674,0.8425268487621723
418,3,1,0.8371132171774966,0.8432502247452378,0.8585418925352899,0.8531765757743944,0.85716423046758,0.8570230102969508,0.8342211384595344,0.8491017154784702
419,2,0,0.13287016413862543,0.1307051571666824,0.13978426579165154,0.13627040909064553,0.15090874635012655,0.1504041954201488,0.13609014569494873,0.13296010353894697
420,1,0,0.09501747816469487,0.1262089872971096,0.09273813118524875,0.09336463348463918,0.15634971626340322,0.13091502688803325,0.14502350150951868,0.12716473899185085
421,1,0,0.1252603400980858,0.12919959341229406,0.11678320649964456,0.12232043242477798,0.13086227447799276,0.125814824842526,0.11740490761922992,0.12192052496673955
422,4,0,0.11870850326385134,0.11854715408872309,0.12733050059337012,0.11422414303343328,0.13474412323148496,0.12719670348177303,0.12281570719630626,0.12035012797153316
423,3,0,0.10715662507330118,0.09981583838069089,0.11071448925384124,0.10640366905176418,0.1037807660003056,0.10634317291941577,0.10123163150418653,0.10467168879579151
424,4,0,0.5420782508614317,0.5691703891367915,0.5457693431155793,0.556051125220645,0.5397808924582379,0.5230287649527325,0.5616942951969501,0.5567841838932513
425,3,0,0.05201429536705621,0.04778906227376828,0.05770059207512182,0.059178247879743046,0.05305091804818802,0.05308415052215908,0.06592149694914554,0.06625787662700643
426,0,0,0.11513334336825219,0.10964593356035508,0.1138013466329636,0.11764911723149553,0.11845640088744494,0.11793310606008221,0.11310534332968196,0.11551279467163636
427,0,1,0.797031793437159,0.7946236901642754,0.7966519490354604,0.8234654258029142,0.8046251000233579,0.8305842714207625,0.8057717124424715,0.8229080818711965
428,3,1,0.8270077562696404,0.8373485953389296,0.8456562111109414,0.8404374211742824,0.8553826158538322,0.8531410605378605,0.8366222205376607,0.8286704450796338
429,3,0,0.10442727843404721,0.10323197818723781,0.10691687839625771,0.10717230379286237,0.11171576043254393,0.11118900122925479,0.10611612932477071,0.1005785938605502
430,0,1,0.13878331804669092,0.15179151615638156,0.12921346545376985,0.14661948864589391,0.12807999575415968,0.1443576789091627,0.1521552360395243,0.14793116614650123
431,1,1,0.41247140154544165,0.3983900503134551,0.4198016993263454,0.42663578104782396,0.428512826587372,0.3917813841870666,0.39598341742264664,0.43221260255946004
432,4,1,0.5536146064187629,0.5804753952124067,0.56777678405253,0.5436482040699915,0.5267443967826239,0.5323525840130622,0.5813228740781252,0.5645902654469174
433,4,1,0.7789745099640455,0.7690218362463617,0.7783414910736027,0.7822496403285883,0.7781999450238689,0.7775161054938854,0.7816804114917855,0.7986872409432357
434,0,0,0.24541162755051868,0.28565747158953203,0.2027768393982069,0.25885171421030045,0.20622738307361144,0.25756411260812445,0.3038054259474243,0.27349341066608723
435,3,0,0.3860075926641746,0.38869860251193294,0.3437625095505091,0.3988987513581155,0.3315986481314176,0.38619355836093777,0.42830685434421795,0.4418013995117557
436,0,1,0.9766259125490757,0.9752913218479714,0.9804829870399594,0.9734536025823707,0.9848825641986501,0.9789802255119923,0.9704004062464345,0.9721901962693288
437,4,0,0.05916753934755541,0.049078528972064994,0.06164196261854671,0.0609034020891306,0.033535227265672325,0.04239407051535599,0.07162932162253184,0.06137084692965521
438,4,1,0.8923489724600214,0.8345998141834282,0.8849580233151605,0.9012179700434233,0.9228336067860199,0.8593638542788703,0.8406922449621199,0.8468745313542587
439,1,0,0.2297546896863387,0.22876206240248095,0.16847372675856923,0.29493585868700517,0.27110581895039515,0.2603889307898083,0.2666317317885152,0.2494324786563933
440,2,0,0.12109690249309721,0.10860729741571226,0.1220315772530089,0.11972750539418743,0.11171700336232009,0.1176954205366254,0.12089563576220948,0.11663339436964953
441,0,1,0.7869495658831767,0.7839438868719188,0.8273588740527271,0.7811113731420066,0.7907572365437394,0.8056873502047742,0.7835285502109401,0.8016907634965255
442,3,0,0.11222943931658276,0.10845862189109962,0.10956978307746196,0.10580967016264328,0.09781380415480465,0.09672888674442852,0.10706046747983518,0.10013891283181955
443,3,0,0.09510326594309236,0.09313842882634768,0.09537936883558551,0.10099957719396307,0.09471727799756528,0.09017102324702209,0.09847064269698287,0.09685907429831937
444,3,1,0.743743484686666,0.750336258922016,0.7372491576028799,0.7446744565628458,0.7458248272530684,0.7425141230086444,0.7475013042506707,0.7540707688388458
445,3,1,0.09498271568258772,0.09285726397879172,0.08789493241128599,0.09273494652792866,0.0891404215867231,0.08711092160144686,0.1002379865629764,0.09326730983457582
446,1,1,0.9575742020921982,0.9587543262781235,0.9715443430829874,0.9678155896084117,0.9669850667263342,0.959932876179352,0.9577975886203474,0.9571930228611361
447,1,1,0.9521223046948806,0.9231654310901203,0.950856865072918,0.9505153194625111,0.9575680558518586,0.9496513179151707,0.9176278742696288,0.9387669504109349
448,4,1,0.30645202345698724,0.34310667482383883,0.3481858665532759,0.35093933785662584,0.3795348155477179,0.37381237021028346,0.32277775125925545,0.31052151658956245
449,0,1,0.8854125443385131,0.897866742166402,0.9246631821474051,0.8882496211715064,0.9276118934757573,0.914243770130923,0.8658149220423847,0.8878509296872046
450,0,1,0.2987606221590695,0.35356949568273677,0.29630673582942896,0.3058478369852498,0.30424144827342126,0.29133584729371725,0.3474308766310029,0.3319504305347845
451,4,0,0.12750913071577227,0.12297176858476283,0.07740434031530519,0.10187066808674858,0.0766413844418965,0.09645379714994058,0.13342984358108143,0.10802597673604052
452,3,0,0.13485238054336157,0.11890458438494568,0.11362799267147979,0.12458228343009979,0.09766566573992967,0.09281070643036347,0.123611575688862,0.12198879612183071
453,2,0,0.4214526943215884,0.43712715072420594,0.45062422710084543,0.4330081819936459,0.4432877388386837,0.45075542452316514,0.42573317556888385,0.4496947789200124
454,3,1,0.3545925491063651,0.35420896972697424,0.35595910162687755,0.3573332005811828,0.349833617841473,0.3994091115716967,0.32586372225198074,0.35520997471873567
455,3,0,0.0993856382117752,0.09285726397879172,0.08800470434079269,0.09347673717372004,0.09379551935436119,0.09093101552411118,0.09949558178578671,0.093260215018297
456,2,1,0.10651048374779132,0.10146003825365793,0.10418219767411331,0.09997323333374965,0.09584501782833427,0.09302813877120374,0.10216904987902377,0.09987289505351347
457,4,0,0.347043475384974,0.31855062656674915,0.3378969820180051,0.34568399531007576,0.37526105426996387,0.3489415580640267,0.32225957971325625,0.33505518599798095
458,3,1,0.9463322713190804,0.9532212364598681,0.9582030867468206,0.951610332950566,0.964036319566204,0.9626474942461218,0.9331578185993389,0.9413835127391558
459,3,1,0.6370353833490119,0.6728706633762188,0.64567616271155,0.6648044123154927,0.6598276172212275,0.659781823734084,0.675817522604363,0.6574036083110707
460,3,0,0.10442727843404721,0.10323197818723781,0.10691687839625771,0.10717230379286237,0.11171576043254393,0.11118900122925479,0.10611612932477071,0.1005785938605502
461,2,1,0.2666319443020134,0.2902917604869194,0.23752901434345466,0.23633721676064154,0.2325852849727939,0.2424716776179866,0.27530950539588844,0.23700680915081102
462,0,0,0.11158524117564218,0.10363516282021873,0.10739373357546855,0.10291300532219239,0.09681961037131052,0.09663893633984533,0.1090307504454462,0.10213991761004082
463,1,0,0.35100082700937296,0.39339223455756567,0.4055819866660704,0.3733850979185065,0.4020232486312844,0.41767285895664175,0.3756646783687344,0.401407044177147
464,2,0,0.10286062562224318,0.0920606026309519,0.09985811386946666,0.09427061662625733,0.09314754309996968,0.09808141620441783,0.10519326738048096,0.09886533964252135
465,2,0,0.09995016638970405,0.09429054314756957,0.08332944625991302,0.09578862005869822,0.07823605432983873,0.09048794492717874,0.09860378497033571,0.09601400030300494
466,0,0,0.09321889769104032,0.09235779701439548,0.10102176898119886,0.09314420444296605,0.08024820603186908,0.0941128932774014,0.09597515485767862,0.09045245283822625
467,1,0,0.10098746443846454,0.09102175209109345,0.07021683927768181,0.09252630898386681,0.0692877142407828,0.08041504536331368,0.10563618270978457,0.10873806020568368
468,2,0,0.19221216881986308,0.16781691869291399,0.16701812766047322,0.17872784529341992,0.15232452271477712,0.16047157247320712,0.16971038601849905,0.15759930579706763
469,4,0,0.11348258853984623,0.11729786596133186,0.11861874360335048,0.11319266739084076,0.10957129357386128,0.11023432922753086,0.11810792230356565,0.1157178909633022
470,0,1,0.8848306832709288,0.902071035173879,0.9237383669169704,0.8882496211715064,0.9277761670375287,0.9115356798167372,0.8723675755009407,0.8878852244163021
471,2,0,0.10562863470705244,0.09788837066070652,0.1046897546062299,0.1023272470688746,0.10006564746817165,0.09746970270860074,0.10126701523500489,0.10204471104722485
472,3,0,0.07308487244207149,0.06215228062355974,0.06507369842431025,0.06398126342138961,0.061140682065664136,0.06231108562267102,0.07689760541271833,0.07761844928375333
473,1,1,0.8797198468639483,0.8821716557009334,0.8942964859839252,0.9029473153598316,0.9016758601717869,0.9193777234581931,0.8721377201394028,0.8730514362983594
474,0,1,0.8974814010118801,0.8930133957826177,0.9257243684626444,0.9017324843515816,0.910526638324836,0.9044327524803882,0.8957086700049924,0.9077224957746765
475,1,0,0.6284279341337656,0.6204390745531114,0.6370617017761909,0.6218477978134777,0.5843179531318364,0.6205940462342097,0.6460175281318631,0.6581487397982291
476,2,0,0.29877036453462474,0.3311689127187384,0.34979425036540507,0.28988688224724946,0.35772596166398846,0.338184749694845,0.31076786382815463,0.30799361658239277
477,3,0,0.12299537900822127,0.13502054145174297,0.11664204762175831,0.12558961193237778,0.10108785085392223,0.110912237824241,0.12942354259499095,0.11655422310218742
478,0,0,0.11182925762641603,0.11086910431827823,0.10991961344145526,0.10224155997109288,0.11036585388956904,0.10302785177993999,0.10704512690837435,0.10122052913738872
479,3,0,0.09792100717982838,0.09497104559219849,0.09616479363111738,0.09048836831256774,0.08920679758952259,0.09210912786713596,0.0972011842444379,0.09238347236202145
480,2,1,0.8104798442838225,0.7855123086834519,0.8041898374200687,0.7684405188623724,0.8337038710710918,0.8381261558497217,0.7520745686358755,0.7848147196076617
481,1,0,0.041628032015627474,0.0378440239762726,0.022099544833734885,0.03395369768112775,0.021347061186006537,0.02413997589747552,0.038092002530627625,0.03711199991871232
482,2,0,0.09240214872715309,0.0859795546895568,0.08906171317617273,0.07914689028178362,0.08328418376493471,0.085806577243872,0.10129988616141997,0.08410647512679803
483,1,0,0.07738501120708176,0.08882557644247542,0.07555779712336681,0.08075496704081082,0.07740654610378782,0.079316986209779,0.09415729119358265,0.08497136489038982
484,0,1,0.40123496597193237,0.3307533384359225,0.31303711536854756,0.42388767240134567,0.40398981228712993,0.44297991715036467,0.41319236109291707,0.39717073029034383
485,4,1,0.5049932752336809,0.49962353550958494,0.536886425909647,0.5185691410625431,0.4928535403071091,0.4914137399193696,0.4763867241807816,0.48229929484245043
486,4,0,0.08270842268955247,0.0852385931350115,0.06529637555348083,0.0684680717661558,0.056279602158054276,0.06574079155762433,0.08792398039729478,0.06996525179506236
487,4,1,0.9717146883520661,0.9662761107537925,0.9709310648321188,0.9729871659422784,0.9821977039766714,0.979759356746499,0.9674635947725313,0.9672867621169123
488,1,0,0.3057333408098772,0.28671569939520253,0.2981206515751538,0.34101632524248127,0.2873395042658747,0.3077251543621952,0.30240063994381344,0.31670690435943355
489,3,0,0.10598535388941258,0.09950313769697347,0.10055846337119795,0.11049746611262333,0.10561761786751432,0.11135793052277673,0.10103399429929263,0.1051389734050491
490,1,1,0.8687934538091103,0.810993167525791,0.8908192989662768,0.8667470539138736,0.8964221526394626,0.8796606711413697,0.8173680418928821,0.8623953389283608
491,3,0,0.13485238054336157,0.11890458438494568,0.11362799267147979,0.12458228343009979,0.09766566573992967,0.09281070643036347,0.123611575688862,0.12198879612183071
492,1,0,0.11500575709944431,0.11345582094838177,0.1074044756662984,0.11192394417766467,0.09645244280720772,0.10788148839105084,0.11005497161964109,0.10715352389919186
493,3,0,0.27056029247660046,0.23918565460738858,0.25367741838684016,0.2552598871560723,0.2529241077713735,0.25525194465293455,0.2621669531336346,0.24727037271870195
494,0,0,0.17134994683352375,0.15909287384452225,0.13108355341777664,0.1464160195819944,0.1189031615119723,0.1408724896237432,0.20380810945414463,0.1744497026172271
495,1,0,0.09928131055514249,0.09773619412630455,0.09747689262410232,0.09912147910475402,0.09657006867756548,0.10866753441052455,0.11683036138047148,0.10729670184830492
496,2,0,0.03411214047414248,0.029293465207108085,0.024301258667810854,0.0470037695252169,0.029085637486798946,0.041774862799766214,0.04311363064915173,0.055495240570637344
497,3,1,0.9166238033126214,0.9335415576849178,0.954474322497949,0.9425837011844523,0.9567585197551097,0.9463265733697614,0.9157762095693768,0.9126810991536733
498,4,0,0.11001764624014018,0.10713772625710101,0.10808518929234523,0.10436682956095512,0.09154091749436141,0.10697607131049718,0.10720172211923235,0.1137837623049791
499,0,0,0.9426704272482715,0.9466624131440017,0.9344527607805304,0.9338500448831192,0.9259736444947471,0.9251367333689834,0.9299381269231265,0.9081306575700372
500,4,0,0.10322758876281053,0.10200338757678634,0.10660118292100401,0.10091538100874367,0.09797069157160782,0.099631182864644,0.1054761401015412,0.10529944161526561
501,2,0,0.16203653660610376,0.16888117545323053,0.1537853666040684,0.1539093513432845,0.12012752842842549,0.13855998315187787,0.16860493861774437,0.15277657918839818
502,3,0,0.6493126878527777,0.6471909839411412,0.6537384139943497,0.6527425706839168,0.6739520538682792,0.6686872758285316,0.6252194438136176,0.6368333085752964
503,1,0,0.6877376574144727,0.6831366239137401,0.7030389318247744,0.7034653463759069,0.7335546001683738,0.7181189492785502,0.6845336106527252,0.6883833814793521
504,1,0,0.5976088925677582,0.5979423204340982,0.6090833964178276,0.5737808357861484,0.588428679560878,0.5714920799690167,0.6163792694620959,0.6218580908752285
505,3,1,0.9786601691941986,0.9822925432312386,0.9803441288541034,0.9779798051535845,0.9839315862564171,0.9835027574375242,0.9748895592233198,0.9765979385861977
506,1,0,0.34726091864095804,0.4234215211540683,0.3327333450439867,0.3598827075526409,0.349463424161737,0.3523267768141971,0.3691859181890032,0.3740478358549444
507,4,1,0.9061899629607896,0.886751634703432,0.9214201239542934,0.9237946588039728,0.9429031677470112,0.9121777611598909,0.870008712439961,0.8948301701733262
508,0,1,0.26733395286890815,0.26166107438710606,0.26806121128812194,0.2530461592262088,0.2888057017570344,0.30495308422187617,0.23618605947130178,0.2604437373925258
509,2,0,0.1191822331908664,0.11266578597903597,0.1051251987921262,0.11809610535813385,0.10102498607391602,0.10901491560704515,0.12099425520220133,0.11244394686493364
510,3,1,0.3726345094364162,0.33722338293159554,0.42976486140750764,0.35191002659602244,0.43393673963827784,0.4089138195795096,0.27697841711737714,0.35468398262381123
511,2,1,0.10271215706366267,0.09896477300623133,0.09669861769439193,0.09585792592386531,0.09223454807540257,0.09127447375541191,0.10166967949745459,0.09818664787829122
512,4,0,0.11413757041788611,0.12116344983921888,0.11355447268923581,0.12159831607203157,0.13072359803159725,0.13255522006942236,0.12349027265587391,0.12198671833875285
513,4,1,0.6207477820293351,0.5838391035099141,0.7297825792964108,0.6429021636336685,0.7292769263252316,0.7517518748854842,0.5629600833275054,0.6041960110172434
514,1,1,0.9272404796885981,0.9245710933512683,0.9186850500975933,0.9376187979628415,0.92622105012869,0.9364072068349836,0.9225164179540248,0.9261833013174762
515,3,0,0.09841081817664793,0.09472119255586559,0.09457069787829611,0.0909181210349939,0.08854041178782582,0.0927023551700348,0.0972011842444379,0.09215707582439044
516,3,0,0.3347015365946874,0.3713563851777024,0.3373009054935629,0.35096879049410856,0.3512943141853773,0.3538955418324112,0.3486720201899584,0.33915754034446477
517,4,1,0.826212078273447,0.8072425240792589,0.8540876582503009,0.8373347841310237,0.8759511064218377,0.8581260334416737,0.8113492110609726,0.8404087145612847
518,4,0,0.16137741124926952,0.17036691557838884,0.15964341760024167,0.17170900875859904,0.16774673008629273,0.1647489761107585,0.15415207470130163,0.1544238377794565
519,0,1,0.8053045597346941,0.801466838691209,0.8068956352448435,0.8256065429910288,0.822521255911577,0.8387523931928302,0.8061064345688203,0.8294447650110005
520,4,0,0.10383344216604955,0.10020328921013281,0.10009431836963271,0.10002372561307032,0.10598889177797385,0.10155232455238107,0.10432800029972333,0.10455506325796927
521,4,1,0.9725910575509957,0.9518776069000177,0.9664929266170608,0.9652070097912845,0.9718837286023415,0.9711751387892107,0.9529606642303766,0.9643796938371215
522,2,0,0.10439531477648195,0.10343377194279824,0.09924142720169955,0.09757876611219927,0.09687536760971129,0.10105630564461582,0.10251125802169181,0.0998568073579546
523,1,0,0.12454385335231946,0.12412283216365239,0.11987918430955334,0.11955827886243273,0.11761813795567719,0.11750331358303384,0.11458201275898011,0.1206282686036138
524,0,1,0.9821078125204099,0.9767121264482145,0.9844495011714212,0.981622526014301,0.9873907475823228,0.9828818235055133,0.9676497774172513,0.9742807748611079
525,3,0,0.10378836854337554,0.10104366585969753,0.1027198163159962,0.09660297587164536,0.10466048778975455,0.1104080861548287,0.10205690522940458,0.09612261980892271
526,2,0,0.05281360995407133,0.07212752453360281,0.05552636884691863,0.06864985769467981,0.05468890672063407,0.05808856387563501,0.07475969042923002,0.07033630946775996
527,4,1,0.6342847086157959,0.5355066918087464,0.5421936136072213,0.6258109538486919,0.6443974481627823,0.6280210105193942,0.6352215214317342,0.6556942276324688
528,4,0,0.4049619841174831,0.3657799675476114,0.35947457829638846,0.4068994969868511,0.37426185716968646,0.32414932415042,0.3687168035165134,0.38865843225449476
529,1,0,0.09457830394782081,0.09292681290902578,0.08788032764025411,0.09299433539136523,0.08852100136741622,0.08444417769825899,0.0963112007891832,0.09007729199601527
530,1,0,0.11212356269130523,0.11826811932317223,0.12984242557339623,0.11794684831402905,0.07952490491500824,0.09323814728947856,0.12359281672964352,0.11720163430093661
531,3,1,0.958790669135636,0.961126482413373,0.9701667502499731,0.9607674605756262,0.9740156412555792,0.9699311659938379,0.9472818148743595,0.9636833291688758
532,4,0,0.11447504450933775,0.11640433463244002,0.11312366837235847,0.11010555387108555,0.10467238911741278,0.11345428907355366,0.11622298474232777,0.10939976729101021
533,2,0,0.18593896597212897,0.16975957764076585,0.17862099304870088,0.1694034720911816,0.14926643024990197,0.16879724840652155,0.17235399375925264,0.18443301443633667
534,4,1,0.8417864526851936,0.8159466594911183,0.8765350324103932,0.853229827563986,0.8806412639907396,0.8380692402631362,0.8012973663368723,0.837018188890019
535,3,0,0.5605164676582124,0.6120904424633443,0.5689799991376749,0.6128060147119031,0.5988237657095075,0.5855792985672214,0.6053296662268969,0.5962224924713423
536,0,1,0.8895656359408307,0.8740174125097873,0.898137898858102,0.8915904720995065,0.8851239067749179,0.8877542614518484,0.8687956436940172,0.8747673480405818
537,4,0,0.5753276316660522,0.5007765828309656,0.5324286504343186,0.5016997002228282,0.5383813955112016,0.5399338830878082,0.5683039555170469,0.5027230392402765
538,3,1,0.9273589069611328,0.946969093017007,0.9426064072744895,0.9382472746588577,0.9552781115303471,0.9523504615126018,0.9293136668397508,0.9368479039353871
539,3,0,0.10423434471712018,0.09826237013871227,0.09483585466254744,0.0978439490253489,0.09113173699600241,0.08737528412692597,0.10313676786004738,0.0970109936428035
540,0,1,0.9636038563132359,0.9646711847576686,0.9698472546967521,0.9683100529688383,0.9796615157092529,0.9761634598970306,0.9592756238607746,0.9625678665282558
541,3,1,0.9373933767671573,0.9571645846874347,0.9541446933905303,0.9561543606961928,0.9445591754599441,0.9485502564537187,0.9435782354510636,0.942662672843028
542,3,0,0.0755702896814502,0.06459172075180727,0.05659572937211414,0.05889492439444711,0.0461664372976178,0.05983708786082774,0.07198144308747959,0.06830364813277626
543,3,0,0.0751607684024497,0.0631454274124299,0.0577144740278251,0.058867879795432294,0.04650879490109652,0.05989792583700604,0.07059232764453277,0.06524946696608332
544,3,1,0.1384476034421982,0.1753838013082077,0.13846917784047658,0.14926636550107422,0.10656220264266297,0.11060068100662639,0.15562156210307662,0.14094826317076636
545,2,0,0.22267506832090117,0.2599205298552389,0.21559644718289406,0.21796650614383162,0.21776951461676586,0.25646621756448984,0.25323168272395585,0.24771856663190484
546,3,0,0.17424479705930643,0.14426800002343315,0.1114975234405425,0.15006205872824688,0.13985467127407547,0.1378266850738275,0.16439372704031374,0.16216729874014124
547,2,1,0.901329318752238,0.9086812421501606,0.9230577780685936,0.9108029333670067,0.9138843779489397,0.9181162614594519,0.9013288606935785,0.9120210001094531
548,2,1,0.13633458628552064,0.13464398367524935,0.11883222284967192,0.14216535867132354,0.13009155961593083,0.13067741236622082,0.13705919932801314,0.12727374837655236
549,3,0,0.1000878574488632,0.13300668145857647,0.11040693139297258,0.11900856483413139,0.09914215530513756,0.11074294227887778,0.12505724978157545,0.11916803887266293
550,0,1,0.8552877379329114,0.85858211164362,0.8569718311606137,0.8814303894733635,0.860085103841698,0.8514916119904622,0.833490270766411,0.8431948557141055
551,0,1,0.5802355157834757,0.6675909478510372,0.6014795942657842,0.6016457670040343,0.6149282432624821,0.6511347559124658,0.664676338284915,0.6613001834180307
552,3,0,0.14382426009598565,0.142923299283575,0.1414653017019789,0.14210694582160352,0.10826006698993997,0.10781925886789873,0.14507343174319293,0.12457359473615547
553,1,0,0.11734545354455854,0.12211217242821616,0.11045567122737616,0.11552495016820095,0.11801821650955566,0.10786170466052815,0.11240081864207094,0.11835121514098508
554,3,1,0.10303649216748197,0.09848611854732728,0.10318817413615583,0.09863147612829805,0.0950127049865133,0.10010673880464514,0.09940685666376951,0.09520640789060987
555,4,1,0.5540475844425699,0.5454377932155285,0.5300890315899238,0.5147766770991328,0.5065235050992264,0.5243842618694329,0.5353486147478194,0.5423978440092859
556,1,0,0.2064757916410818,0.22275571819274842,0.22369142756508179,0.24096210095898277,0.20139860278996893,0.22639885037443166,0.22405931571094448,0.2265591505364051
557,2,1,0.9256995026236797,0.9176471098437349,0.9424830346094382,0.9267387800263347,0.9324097162156143,0.9407966571508357,0.9290423725381116,0.9153055787425164
558,3,0,0.32151552299745956,0.34463077457220187,0.3221759810835259,0.35046469907950967,0.2703180473394783,0.2709625985010689,0.3134445931685495,0.351491147627119
559,0,1,0.9783942064660573,0.9846662090812847,0.9835051338848488,0.9823874775258088,0.989706359329514,0.9867587164175019,0.9735864755708052,0.977867764870735
560,2,1,0.47243731482347817,0.5066583239683334,0.46435794694731625,0.4955408942814716,0.4815586839898769,0.49577895094094443,0.5103521945531341,0.4991978059652366
561,4,0,0.11635909023397206,0.11723154588420581,0.11861874360335048,0.11838364209547929,0.11681186776917668,0.11756294490391209,0.11901682679080258,0.11845200069771064
562,4,0,0.09972908947282863,0.08239765107168187,0.08022869714966306,0.0888164261560831,0.07986683270840285,0.0904276888309945,0.09599849289977236,0.09811179043710584
563,2,0,0.1290982203374798,0.1314171757746034,0.13419824785080955,0.13032774115403142,0.14525453954117257,0.14331739314181274,0.13555628605874384,0.13022210766448097
564,1,0,0.11650635374325999,0.11140969368568991,0.10918063245228858,0.11297704113381482,0.10421612794693308,0.11589244421778319,0.10953231880243511,0.11024048173018587
565,4,0,0.6158524747589657,0.5823888055165695,0.5936723442951182,0.5640597425004579,0.5771336996277827,0.5370507611370826,0.5761166694599096,0.5791337678483076
566,2,0,0.13660825562727566,0.12265247450907799,0.11796991681744105,0.14069119377158795,0.09374315855732729,0.11790744734007347,0.1307325972969167,0.13479622212917325
567,2,0,0.10132398421497428,0.10464641252797922,0.09242033517057346,0.09711492871607716,0.09426589842319404,0.10109381474474817,0.1024776576445999,0.0968374366354449
568,3,0,0.08805845128160206,0.11579689119451597,0.09019045659061407,0.09835863538424947,0.07217532268752652,0.08092257216411129,0.09960476668483766,0.10098373687421328
569,1,0,0.12454385335231946,0.1245835870857742,0.1185329170083172,0.12130234527903683,0.11843977041244136,0.12427221392322584,0.11458201275898011,0.1206282686036138
570,2,1,0.10052674781248552,0.09472729432387156,0.0974744426954501,0.09770943139314153,0.09428713003500756,0.09381304190031166,0.0987004270512967,0.09917417504167371
571,2,1,0.061740919255749364,0.058826645377018136,0.05191723226394393,0.06361272429970725,0.047775690124369184,0.06362000933822061,0.07301980289909255,0.06980590746141957
572,3,1,0.9058394516600896,0.9007123720012418,0.8986005830862335,0.9005818371479196,0.9083805927942517,0.9152438628305695,0.8672451078767895,0.8955549250612289
573,1,1,0.5716398792409341,0.5910041782013052,0.6179475260498051,0.563324489083712,0.6697549495097952,0.6415856417826041,0.5080141286036075,0.5456830932456358
574,1,1,0.8192138463834664,0.7996472740382276,0.8637720805849084,0.8186051022525013,0.8450278472600935,0.7971972808004826,0.7718689812723325,0.8005151601566722
575,2,0,0.15514382572446828,0.16596947901014228,0.16068067675609352,0.149226021482852,0.13571518790408105,0.15154547033572266,0.17146909903818827,0.15675634274243289
576,1,0,0.12019283307298727,0.11072184432901018,0.11634840149310324,0.11025345806685036,0.09424709976197748,0.10243530529030999,0.11075457737346184,0.11326215046066312
577,2,1,0.8107692688825614,0.7882981878267934,0.80119414683598,0.81819190749005,0.792005597441131,0.8094717139318646,0.7976958494674627,0.8050380588345819
578,0,1,0.9651874198401722,0.9718832682569217,0.9696148763415131,0.9679203307335698,0.9795526602993072,0.9729772930838647,0.958890861532341,0.9628214732474382
579,1,0,0.6120070831601707,0.6352567752675728,0.6046847349298697,0.5979480021525045,0.5802066427940712,0.5627796651760878,0.637569021032814,0.6157958031600008
580,3,1,0.21314548226906202,0.19405837433052153,0.20623987124437246,0.2524433298488888,0.2573237140638279,0.26837773094897266,0.18915532072422012,0.20831015889355475
581,3,1,0.7703808763705818,0.7793791964402225,0.7800956240996982,0.7820114123249158,0.8081477583748837,0.8200977192021565,0.7893011675830173,0.7958020149739806
582,2,1,0.972090013576732,0.9769721490680172,0.9796723734844388,0.9777867382063007,0.986728701334442,0.9827727281754719,0.9738325797792687,0.9677687811937904
583,2,0,0.08725215077181432,0.09279733781595437,0.08822875521040899,0.08803235190576165,0.075338193023157,0.08659979110182736,0.09972872320149215,0.09661578272416552
584,2,0,0.44650315989769035,0.4565495633095843,0.47941051677587065,0.4991431525005849,0.5349632756502152,0.5321412329858791,0.4432006736932688,0.49002086279479445
585,1,0,0.12877058137964675,0.13234797379152644,0.123018699868224,0.12810078870299507,0.13830042417918728,0.13088711835717612,0.12096787946330052,0.12697376112181447
586,3,1,0.9837797315604788,0.9892607825304299,0.9857154561001965,0.978959330967523,0.9864754944169578,0.9838019833410339,0.9819122942014562,0.9821198575227527
587,1,0,0.12440153032429238,0.12542893218845722,0.12758795441997883,0.12995314136882194,0.11178394196286409,0.10623768948282751,0.13157348339031036,0.12964451583462927
588,0,1,0.1709356560590311,0.1693719547545861,0.1388988514717802,0.18456121423900537,0.1261397776680298,0.1234484393982077,0.22537965797156972,0.20038280690423615
589,3,0,0.0990602031745544,0.0933360165974972,0.08938760978063887,0.09240830223926415,0.08970130013909289,0.08641500124093218,0.09934294839657243,0.09320222094907572
590,2,0,0.10676277373694593,0.10245479556433976,0.0940958778914704,0.10100192690830984,0.09403273736883853,0.10029752925515194,0.10300677182337818,0.10144454441422401
591,4,0,0.3373804673011557,0.2914897883202886,0.3726808306539986,0.3223245070258328,0.3731448996670404,0.34380572108252067,0.3192505450963801,0.3375763959642882
592,3,1,0.9367297539010163,0.9495166795011812,0.965845612961002,0.9493131812565957,0.9700159145967854,0.9607468794819419,0.9306381367964106,0.9302464291148167
593,4,0,0.10109317115416176,0.07509088994914485,0.07773489324939359,0.08815768743933082,0.06196511324890864,0.07045667689464732,0.09341058554810762,0.09064822273106113
594,3,0,0.6847683195431102,0.673475869922835,0.7083266795745804,0.6979039395133774,0.7388717826281955,0.739554846626016,0.6544869923659895,0.6941152771831135
595,1,0,0.10958771892905037,0.12309031878937846,0.12138850757727426,0.10504787824125865,0.09022304742813497,0.10490445317094332,0.13219336678787375,0.11438560849655444
596,4,0,0.07062595778773567,0.050228088605106254,0.0424358675697105,0.06429612599537943,0.05038948321684644,0.06592988076928402,0.061260200011973576,0.06413578475890848
597,1,1,0.9189590153352272,0.9117529859706748,0.9351994863116845,0.9340030476373917,0.9386502347432519,0.9398597731538344,0.9047072555937319,0.9270009356916051
598,2,0,0.05146366248116781,0.05496548971808754,0.046342647444364296,0.06769827458010785,0.04309292963216954,0.055793906065670036,0.060759753578577054,0.06433090515756808
599,4,0,0.11447504450933775,0.12175727226797216,0.11418834988480563,0.11010555387108555,0.10467238911741278,0.11345428907355366,0.11622298474232777,0.11036595252843111
600,1,1,0.39488711951920197,0.4057942527392061,0.37117206581942735,0.420887775589111,0.3591367468070663,0.3680361866076999,0.41602594612946986,0.43392741067000196
601,2,1,0.8767026539278711,0.8496732316184934,0.8834525617518192,0.886697403344286,0.8963999894604496,0.8809298071498879,0.8564256491371102,0.8816405192884825
602,4,0,0.10323772617735483,0.09961040583933316,0.10230687322132612,0.10186231114737354,0.0989671272860705,0.10187815885619696,0.10474340573489428,0.10442834201547538
603,0,0,0.24082548221681616,0.22287326972393348,0.21842109416104538,0.22809498425328237,0.19990963014763702,0.21414607376870912,0.214088468873802,0.2277955873788836
604,3,0,0.06873914375633446,0.058869164516405996,0.055333988320240175,0.055297931053949013,0.05312707173501544,0.049493676772117336,0.06689415120766266,0.06961982834579374
605,2,1,0.3967955721348927,0.3537851540648312,0.3540669895437803,0.3855266153148551,0.39591300171041915,0.4046375930122646,0.3571378341587883,0.38049810721995053
606,3,0,0.09547512022464366,0.08420329008666302,0.08324429358856628,0.07834377243605556,0.06477607814989035,0.06162214419876655,0.09226326370481266,0.09904287553850524
607,1,0,0.1175278448736036,0.11080523512477762,0.10940762228418337,0.11349847339218008,0.12269732734316896,0.11975319047061272,0.10895114340275519,0.10915182724557496
608,0,1,0.38732478018006616,0.3763426879443718,0.4279448410448036,0.4005623974845547,0.5132273079000949,0.45508188275819067,0.3466513290433664,0.3822506456079956
609,2,1,0.9565903586216807,0.9385971039752389,0.9586600032029774,0.9611159991691998,0.96887589739472,0.9603380297917392,0.925394101111048,0.9432508752007758
610,1,1,0.9648870909347829,0.9661123628407724,0.981133169447336,0.9694291737791655,0.9757639929625023,0.9647785973599134,0.9614272052884532,0.9655428540033046
611,3,0,0.07999535119175387,0.06999587531439445,0.06400721617909368,0.0782788059898316,0.06694181556960624,0.0828272062528852,0.07357021763725986,0.07655202509695251
612,0,0,0.1116643852460634,0.10547389452432882,0.11594105332294441,0.11183195764631573,0.10513801619608334,0.10665346901499807,0.10843152979851203,0.10676842143078144
613,2,1,0.6419644096568556,0.6523542865678829,0.6613970346210413,0.6508995006658002,0.6637423167284899,0.6669845701823978,0.6551298155665523,0.6570276349920302
614,1,0,0.11734545354455854,0.12117265665134808,0.11251918894067259,0.1157696692256743,0.11591254008191405,0.10972851084391662,0.11240764406012906,0.12052510259976161
615,0,0,0.11045315034589294,0.09969686468143964,0.10489655170055692,0.1022770333239877,0.09504803699711009,0.09676124522578955,0.10325799471678887,0.10213991761004082
616,4,1,0.9132606844720876,0.8816214835858325,0.8553562174022541,0.8996399215190317,0.886688303677502,0.8761907478884013,0.8897484923307436,0.8994381486051434
617,2,0,0.025532326130820245,0.021783705698576742,0.018439698835848985,0.03506309889506472,0.02064776764334359,0.03128486832566563,0.03671242586632921,0.040082519992675
618,0,0,0.610247923484769,0.6077994599289503,0.5888887286880372,0.5879832999997305,0.605797887330659,0.6289738315536608,0.6100584064919309,0.598228318622463
619,1,1,0.9646999202914202,0.9630903277362375,0.97815062707816,0.9738441385495642,0.9768156017291556,0.9699444800630425,0.9541762751829175,0.9603130746724563
620,2,0,0.12324108344669793,0.11622894559722527,0.11695639270331563,0.12189233094335163,0.12305391008121477,0.1240570651106319,0.1236347598352824,0.11165057273929901
621,1,0,0.11779431187118014,0.12577165697568088,0.1433340907619115,0.10539109955013087,0.11230282962336235,0.12135438915977532,0.12452667419204844,0.12134299593521848
622,2,1,0.31886325789419573,0.35185563236903833,0.3895149447693842,0.319121165644739,0.36784748174937437,0.3145472608930328,0.3400696673125794,0.333500894630107
623,1,1,0.11288555473995326,0.11706034736734097,0.09301461469724773,0.11005474171058405,0.0722750736054861,0.1029836388073229,0.11821442811383186,0.11562660952895935
624,4,0,0.10504578486861257,0.10158846776340073,0.10342904894829044,0.09968391620551043,0.10035327133624171,0.10220226883994972,0.10650938241154159,0.10651605582954347
625,1,0,0.11943377350114866,0.10708308006302869,0.1124796788268131,0.11232967223577275,0.10555033156809306,0.10411538583299437,0.11502224210268154,0.11358836277703183
626,0,0,0.20440554220493337,0.24214108506500046,0.22659311037201954,0.24440367568181237,0.23381910871319503,0.24034312116404283,0.2507132212811168,0.26924540502954136
627,0,0,0.1291709336540975,0.14819135443429812,0.1388713996831083,0.1430708774332305,0.1343943999231864,0.15233122575918912,0.17026847873543643,0.1659006646365284
628,0,1,0.9803496524731335,0.9819879932774872,0.9869135216363496,0.981457339968848,0.9859071582497227,0.9797724092490812,0.9732007264293617,0.9781941645818343
629,0,0,0.10904546192795622,0.10512475591939101,0.10558269477196983,0.10064503211225118,0.0987804385781152,0.0971026695747105,0.11042509201073995,0.1028022418419104
630,1,0,0.11458979561266668,0.12117265665134808,0.1117431530231782,0.11291364105900098,0.11234797093196208,0.10854511586981097,0.11202556731595105,0.11756040778407326
631,3,1,0.16599357080544172,0.13905753093446632,0.129395480586266,0.17881476828506096,0.16143190550777625,0.1690524575732146,0.19885456822586953,0.18478859533873823
632,1,0,0.07529130656155264,0.07650117894102697,0.07296005628382994,0.07327692865944894,0.06558253906876006,0.06655956429780674,0.09089065706001011,0.07769441935314002
633,1,1,0.5088948120728084,0.5292487427940366,0.5073578372168464,0.5494140812820254,0.49129078482657984,0.542468457350637,0.5114439897123584,0.5451840524373771
634,4,0,0.07582149028858905,0.07615053948287956,0.04570407702722308,0.07200850921534033,0.04907171235480542,0.06161075184055257,0.10474245400884263,0.09175763184716568
635,3,0,0.061338651394638864,0.05475342020933437,0.04915555703454024,0.05432370986574932,0.029206048474067835,0.04042745579649745,0.07476301960874604,0.06327948211568064
636,1,1,0.8029332709219208,0.7968809316566494,0.780762005789508,0.7910197480961076,0.8008176931744139,0.7942930313503506,0.8108252533700424,0.7992475158929597
637,2,0,0.30871923798671924,0.28698548449942646,0.3392216093217207,0.32504603798134374,0.4306616019902482,0.3600180229005878,0.24592882718906592,0.21515998159186725
638,0,0,0.1275327567887955,0.19531787584008617,0.12746070028805007,0.13391644516862025,0.13773667502193238,0.13660462552826558,0.1885014692090741,0.16058287419270545
639,0,0,0.05577453701903837,0.056775868372080374,0.055217226948464156,0.08879754608540193,0.07086880266356575,0.07261302879655909,0.08749043571140241,0.06704509471032537
640,2,0,0.12212022796586999,0.11112226310135188,0.10304228951879357,0.12086704432754398,0.09397181480839914,0.09732687683281234,0.12209300014590134,0.12086973828100753
641,3,0,0.10554941177330678,0.10131544099881784,0.10283275481230296,0.09736577206869529,0.09667066309756552,0.09157904236914748,0.1056429884173507,0.10030220711975943
642,0,1,0.9735021683703484,0.9688850422900971,0.980387178385095,0.9745035964282587,0.981618745341556,0.9782232592822926,0.9661715494921425,0.9685400799182957
643,3,0,0.06474144750552288,0.059471917340104645,0.049923010641203476,0.06907451033262668,0.034394222427114894,0.04656599514479835,0.08348428966472479,0.07342583519798267
644,2,1,0.29683827256440853,0.3059046684924378,0.3477047655770096,0.3011340863985841,0.3811411539110059,0.37134649387754987,0.1995002036346949,0.3012121314321262
645,3,1,0.9396603430143663,0.9375445836738283,0.9575088439502873,0.9383515852610462,0.962115350050645,0.9536621521009949,0.9265828879148702,0.9363373108828297
646,2,1,0.21913248991736145,0.2643546151526959,0.2516553026799232,0.22259953752636505,0.23598969145608722,0.2798531207033718,0.2688410136268734,0.2830430535406298
647,3,0,0.10649676662853605,0.09711819673210526,0.09812260899379634,0.09620367916094145,0.093035523256641,0.0881771062655546,0.10736747100068965,0.09955793012692396
648,0,1,0.2818660301434583,0.2887933049808669,0.27823315257354575,0.25802711223051233,0.22905188645971783,0.24083088429168523,0.33964900838654405,0.3056249126412916
649,1,0,0.10353014581959581,0.10635147190107268,0.09890726825873465,0.10365200749685576,0.09176781133075183,0.10996430396317901,0.10546106818091179,0.1002070511331908
650,3,1,0.6046774405907864,0.6058003338033825,0.5581189289103755,0.5882748834818455,0.5887262201440977,0.5910413376066458,0.6110861192422278,0.6054081768570859
651,4,0,0.10323772617735483,0.09961040583933316,0.10230687322132612,0.10186231114737354,0.0989671272860705,0.10187815885619696,0.10474340573489428,0.10442834201547538
652,3,1,0.9434467639811968,0.9365833901270209,0.9552883606024952,0.9492872676000478,0.968617611949857,0.9659176991048738,0.938689151672212,0.9481337129480011
653,0,0,0.10566510624497219,0.0996606512460569,0.10214622339838957,0.09583201338517318,0.08789783891393488,0.08247063428984792,0.11262412852666648,0.09593111455393612
654,3,1,0.6530343856784876,0.6655427769674902,0.674065999658743,0.6619362938294941,0.6867904122472772,0.6934880733239547,0.6443485007992713,0.6558327896056441
655,4,0,0.6347503034967219,0.589312700542724,0.6602424256113157,0.638682728302506,0.6529725462260313,0.6551636855197933,0.5825172707249808,0.6163449717158785
656,4,0,0.13389106251539237,0.17368837741713178,0.09090095709175204,0.11522854053568654,0.0868116800302931,0.10351438712504696,0.14342098097091724,0.14308870251089414
657,1,0,0.11798752808563329,0.10923706150490962,0.10906046876590252,0.11105037548286793,0.11362939979261552,0.11086645889552948,0.10891568780665159,0.10750583250806542
658,3,0,0.6874234041002646,0.7201562411089524,0.7182654535636678,0.7332844523940424,0.7157991791080068,0.743862838904312,0.6919094318515001,0.7253443193672457
659,2,0,0.12351064952674501,0.13114447045447156,0.13574448027868577,0.12408728569024574,0.11310339470309433,0.11120570422361242,0.13691101860310598,0.11923765540345102
660,3,0,0.33635291261953115,0.39401723485608164,0.44303358200952664,0.35624921595396214,0.3287791419163157,0.36019864936575724,0.34463201168259094,0.3574923869179436
661,4,1,0.3001294651279646,0.4154812120175813,0.3030816937191216,0.31896689357861413,0.40650277898999765,0.3897613026019491,0.37813192084594704,0.3842775160305959
662,3,0,0.0713683599713227,0.05566532163736938,0.051960477391469764,0.05705640551192217,0.05211725051470712,0.055787016685880673,0.06569266898420886,0.06496625194624539
663,2,0,0.21732167600304353,0.23838552878827707,0.1898415881527201,0.19985695078590462,0.19867414341567527,0.2491861218443745,0.23489533821313036,0.21586455072034383
664,4,0,0.09853410618578538,0.09381105615633997,0.08774055872301587,0.08573923271809691,0.06383579445172075,0.07820811300754253,0.09787587223880344,0.09493433616001236
665,2,1,0.10045552373432096,0.12734775826501382,0.10324606511986666,0.11217191123644804,0.08080748327632033,0.10293417903161468,0.12776485701617413,0.11537047799869612
666,0,0,0.11620515022817018,0.179563420584358,0.08976700907867413,0.153039638524896,0.11145497555112245,0.1333993599998651,0.18922352861531214,0.17413635744299977
667,2,0,0.13366481406832184,0.13114447045447156,0.13391287137731475,0.1323746724436848,0.13519510293674025,0.14209303154668884,0.13614873194374308,0.12547390025512792
668,4,0,0.10384087512909584,0.09979506231569303,0.10333310601229095,0.10243058999127834,0.09949758015061093,0.10390479974340186,0.10442194487416723,0.10633194917114604
669,0,0,0.10576548087962606,0.09090921434668851,0.0995163726759322,0.10687225690314456,0.10255544813989094,0.10412575031906679,0.09267027104756699,0.09366644330595736
670,1,1,0.9478568367548317,0.9488789663666823,0.9620951320862157,0.9556965216741113,0.9622450315058443,0.9513945206327078,0.9541253429737658,0.955694718993018
671,4,1,0.8610988304802376,0.8190036305723725,0.8144083985680812,0.8501993560959364,0.8470243604071773,0.8330953764443692,0.8050802361462618,0.8412563570522131
672,2,0,0.4031726177261795,0.4376393999717388,0.42688239494689467,0.40551153181429533,0.48157664032336195,0.43409408842882086,0.4171475395109006,0.4066360506135109
673,4,0,0.10524968842020635,0.09891732710748062,0.08494934503838394,0.10495001475975374,0.09501573272007055,0.10533959962573375,0.10125771614880102,0.09419716828576417
674,4,1,0.11608801140009321,0.11351441620329325,0.10749282431813563,0.10982395062301373,0.10735763848472384,0.10459915499623881,0.12084010631132998,0.1156056660425904
675,1,0,0.0991342370805528,0.08844064844860443,0.0698579778437567,0.0919985947245675,0.06636857232726354,0.07916507549108612,0.10571164991904176,0.10472921504072802
676,4,0,0.10684497227648017,0.10254256288006403,0.10530152851323336,0.1058824596909947,0.1032626230404209,0.10255834534818206,0.11047562878192538,0.10571092272862698
677,1,0,0.11329245904257376,0.10965264483945394,0.10674187785197202,0.10771431108495326,0.10810583245566285,0.10942791004314043,0.10848274580539474,0.10662768364419827
678,2,1,0.5417947570015244,0.5823863084902607,0.5499735703687313,0.5362837500832959,0.5388948263702733,0.5510095265769179,0.5853865865305005,0.5601440647657145
679,0,0,0.06058161770025764,0.06001648400304932,0.04477586438519505,0.09898334534861734,0.07909824810319725,0.06599659195275158,0.07523244091899514,0.0698346886692437
680,1,1,0.3677557037477966,0.3813593163158387,0.4308056896197577,0.38947045961845483,0.3594686372608732,0.325463725729885,0.3333456504059574,0.3619942514758115
681,2,0,0.6312873281694442,0.6221754556238311,0.6243795464024038,0.6508948677003069,0.6577965178063073,0.6289843991150061,0.6361915848237918,0.6507447771092932
682,2,1,0.3830570110706342,0.4536369970181902,0.4695009595427813,0.38674819210440137,0.40098575962846095,0.43150993957003664,0.44310497091854434,0.4505016163752034
683,1,0,0.12469811357145653,0.11435451051194861,0.12107848726077748,0.1196856612082922,0.10369916197542482,0.11600938165980099,0.11535333575619285,0.1190263378479355
684,0,0,0.02886197149181092,0.029579192019055178,0.01722046118159301,0.037229892824807535,0.025171916137766526,0.03199458220248166,0.043014813530903494,0.052204828357335156
685,3,0,0.11116084501981288,0.11381796206149997,0.11482944133645236,0.1158939052818403,0.08065435409576661,0.07852301568243752,0.12207549475420705,0.11537743907242647
686,0,0,0.2192239992115483,0.2535709727263261,0.2058373996509392,0.20427612466345055,0.1997993057676527,0.20520351637251188,0.23841196274684526,0.22571759709595854
687,0,0,0.03333276524288561,0.02899154610768328,0.016438668900549874,0.039492571040662124,0.02618305128497454,0.02756411537695284,0.041344802591234124,0.04839095643328414
688,3,0,0.11582729840821626,0.1062189049570823,0.10943637781632663,0.10724810125065251,0.09417231018408186,0.09012794543958846,0.11257462581533774,0.10002110736528824
689,2,0,0.10543145444200137,0.10400540625518213,0.10500601509337137,0.09877943180787904,0.09481931018769017,0.10498586381170023,0.10375799031951209,0.09990620959885009
690,2,1,0.9793931826226381,0.9808749863801797,0.980750772033643,0.9826070888132092,0.9857072028908506,0.9854895332522027,0.979877782554157,0.9761477787322858
691,3,1,0.5135324320588976,0.49997845264408464,0.5422608225682586,0.4887717242097258,0.5091243425458379,0.496292423670175,0.5019814366498079,0.5106158005913999
692,1,1,0.8701310981687538,0.8543537865255062,0.8838597173244758,0.8843256444911094,0.9258949833847968,0.9097720625825286,0.8511491953126087,0.8726394163276702
693,1,1,0.5561934702542,0.5541718261499985,0.6673894439236949,0.5892500646122681,0.7033220101412473,0.6326957173979737,0.41073309507000016,0.4796360454267697
694,2,0,0.10836149997898457,0.10153014609850483,0.10918737637838555,0.09972427510058722,0.09928682924180424,0.09727706316089879,0.10311782215132946,0.1026379365332076
695,1,0,0.29471721853173566,0.31852555009622213,0.3313224005282974,0.315307247307804,0.284642805241617,0.3061009460065893,0.3247029098271845,0.3059277877177878
696,1,0,0.10707081609547493,0.10767626997215997,0.10319570965926636,0.10569590422186732,0.10405537022950737,0.09743571994889688,0.12372206543940988,0.10658997958766696
697,0,0,0.12782389109494913,0.11277017270193894,0.11195432233258094,0.12370777548923528,0.09820862094653818,0.10345376108163924,0.1093628655774052,0.11107780973118149
698,4,1,0.6425398011636491,0.6221219685209765,0.6527397657814318,0.6519173397522381,0.68847543004952,0.6788082166291961,0.6159477821002315,0.6312161437062589
699,4,0,0.34116375003855587,0.35151101761042325,0.3304984805125305,0.3363921194687964,0.3481579280184655,0.33993563146322997,0.34021048950058413,0.33060536354171655
700,2,0,0.07014271719523703,0.09414922178808574,0.061255087033832326,0.10300097307975532,0.07995365063648548,0.08214789966191399,0.1064340235057135,0.09979695638964346
701,2,1,0.9595499106319502,0.9762639591955585,0.9672486264234861,0.968565789094881,0.9692153601625151,0.9656388562281225,0.9644237212777649,0.9592302005752558
702,1,1,0.59701024839392,0.5979416565405602,0.6466788546785903,0.5625574372833597,0.6726577647308529,0.6539482490096159,0.5306297014297178,0.5512892837394348
703,2,0,0.15524312508045704,0.1304962819592383,0.12873410617267475,0.15805782853591757,0.10116700879436624,0.12275266871009094,0.14222183756467147,0.13968801039995607
704,3,0,0.10438076502114187,0.10372709299695876,0.10424733159588585,0.10943240861335551,0.11020599054646289,0.11196081346042856,0.10506103960075495,0.09981911985709385
705,2,0,0.10382171536167449,0.09506976890322191,0.09157710874138711,0.09372649794964044,0.08959647341051424,0.08800453366348202,0.09685582834669444,0.09210132869623294
706,3,0,0.129624643686982,0.12208767462227216,0.12394942742716475,0.1341714182732773,0.10578104403034137,0.10352193529413176,0.12976874186319118,0.11703320262591145
707,2,1,0.9248517029430396,0.8955920821532417,0.9211463620890159,0.9169858488811639,0.9390429814393066,0.9380531112894865,0.8942565653464334,0.8935383764462078
708,0,1,0.374886944445333,0.3934457486463036,0.4400160204327534,0.39674663177720654,0.4966896136740938,0.45944524446063634,0.3238387758948983,0.3693528908421355
709,0,1,0.9276792024884558,0.9312342719568621,0.9179106152652025,0.913850554373583,0.9153841903713792,0.9116211944710327,0.9038168622959476,0.8924933204934274
710,2,1,0.9199045042138558,0.9163422500744655,0.9502706109412643,0.933935801296159,0.9733075405849533,0.9581034393454456,0.8900251403163528,0.9294341737386008
711,4,1,0.9726754114746272,0.9668535475001211,0.9599950756690548,0.9713351945146005,0.9535307382652732,0.9550399358495777,0.9642081211395942,0.9650295060324675
712,1,0,0.36352138687371593,0.3513075220984028,0.3631611400210463,0.3661184158551062,0.4182010789197994,0.3839865854346974,0.35077760638895406,0.39108114997987764
713,2,1,0.22580543932423017,0.23161575802670917,0.1981379899908434,0.18881453996637146,0.19724525935834702,0.20716523422716698,0.24292636310513188,0.22104522737707166
714,3,0,0.11476465969979652,0.10761293238398904,0.11965310474279606,0.11922431819818739,0.12137853110175416,0.11791854416150332,0.10299122854825295,0.10473394176074748
715,4,0,0.0754301150076545,0.07779700624971249,0.05872561220139553,0.06740990215137443,0.046006339970029626,0.06570741815427462,0.09704290629729544,0.07618850021331822
716,1,0,0.14310238660565153,0.13710637891784722,0.14988793364534636,0.142845173997081,0.12763880561352203,0.1412219406583016,0.13666570068535153,0.14041221326092315
717,2,1,0.9603223980296173,0.9606621963221924,0.9695684620011646,0.9591100555680365,0.9715179243668806,0.9669354756429848,0.9582743757564818,0.9490583553024085
718,2,1,0.8770696205064133,0.8798678115566746,0.8823624783905876,0.8891500414535826,0.871896005488577,0.8679919401090836,0.8598221393378048,0.8722971134647275
719,0,0,0.11806048150177384,0.12113723028412138,0.12317674044519127,0.11307076348979464,0.11098046249940612,0.11467388806028295,0.122262700829699,0.11900280208959858
720,1,0,0.10670008777711175,0.10928228873386787,0.09871175970824496,0.10398112704845061,0.09244391040109579,0.10753894213869061,0.11033952046615013,0.102793401986851
721,2,1,0.9682895089200222,0.9624168182214254,0.9637195374105745,0.9723723225370547,0.9739476686829258,0.9756000207696102,0.9586578182997216,0.9610444952914822
722,1,0,0.14253841430700473,0.13786126283123432,0.10325190526034793,0.1338844746210269,0.11709478649257021,0.1150676683924914,0.1698902647765067,0.14215869738096337
723,4,0,0.11455939979091216,0.11272681462118607,0.10623049871770202,0.1103845260628826,0.10191296096243418,0.10087128351892141,0.12083912242587946,0.11230195244124389
724,0,0,0.13994091714935047,0.12254215205783522,0.13066754784082396,0.1295219388482062,0.11852134833027551,0.12076182801121742,0.12909849254242198,0.12527253075848735
725,0,1,0.5711326675909842,0.5958610278339252,0.556378796245134,0.5683242368459785,0.5965668761156484,0.6206889688549355,0.5403398332782375,0.5448032764985681
726,2,0,0.03626204618661175,0.03266167734964015,0.026290790565668718,0.048639990337694464,0.028002511096337373,0.046219318713040115,0.04835976481652376,0.05440089419124895
727,3,1,0.787866623581883,0.8011674290870717,0.8511341998767261,0.8000731949724853,0.810075459497665,0.7987800484492141,0.798825458824621,0.80401820643417
728,3,1,0.6537299835037872,0.6655427769674902,0.6691499497817508,0.6632765156009391,0.6856857778506684,0.6936009359511597,0.6404672932259728,0.6592646703639717
729,3,0,0.13962429829423245,0.14191391957468383,0.13239637849070204,0.12534600277149327,0.09673647562613448,0.0958222439465403,0.148140908845054,0.12137422870256123
730,0,0,0.5857377185423513,0.584148508980128,0.5883392187950095,0.5537803095609697,0.5622899306795278,0.5739465722349728,0.5862300008997317,0.5704901174760485
731,1,1,0.9756564851441929,0.974675887935795,0.9858680506130826,0.9771068925801188,0.9846632550354169,0.9784421900329912,0.9733205018775348,0.9763117783210264
732,2,0,0.5170465066805734,0.6215230579122337,0.5119889475923519,0.5057252742612286,0.598121986920759,0.6148069278175647,0.5498564960952104,0.5573143343514969
733,0,0,0.09784719691888133,0.09897038592039221,0.07894647215870956,0.09564791336827627,0.07195319919190367,0.08497718810141223,0.10290773931447815,0.09153085827425207
734,1,0,0.14164366169687023,0.13438681606017694,0.1496402650479389,0.13772535573080796,0.12016665334360398,0.1274183081110626,0.14149616969428513,0.13297525131573137
735,0,0,0.15052137055767253,0.13223034152600954,0.13665463418038518,0.12799125119413318,0.1268801628548833,0.1123693752190035,0.14703420662336353,0.12440634989377782
736,3,0,0.1078536899534784,0.1001877221362565,0.10122618308502564,0.10703463298452931,0.10516709078480406,0.09427366816935441,0.10504108591166024,0.11192271260249337
737,1,0,0.042754079301364926,0.04744580474025779,0.03695264353003747,0.04456004865811881,0.036406236105419,0.05344003327609791,0.05531326501006959,0.055261128299850706
738,0,1,0.5432459642682106,0.5195983149935011,0.578583338381287,0.5375491539707763,0.4868624111250785,0.492834705280725,0.4782862290560533,0.5076320863971328
739,4,0,0.10323772617735483,0.09961040583933316,0.10230687322132612,0.10186231114737354,0.0989671272860705,0.10187815885619696,0.10474340573489428,0.10442834201547538
740,1,0,0.11798752808563329,0.10923706150490962,0.10906046876590252,0.11105037548286793,0.11362939979261552,0.11086645889552948,0.10891568780665159,0.10750583250806542
741,4,1,0.4134535192838607,0.354062332024971,0.3885383467709654,0.38881830017212976,0.32339679759836004,0.41176687237521675,0.39145769958852467,0.3975894232349867
742,3,0,0.480431058050099,0.524556102781733,0.4722192280298836,0.45958946521305355,0.4836996179746304,0.5100356409384474,0.45057856408114033,0.493430586299489
743,3,1,0.9402032479085761,0.933618897820173,0.9586648544099878,0.9538413129399673,0.9535966308158447,0.9453767426489995,0.950539377345059,0.9417291502021032
744,2,0,0.10949261302023328,0.11131803421354891,0.10636217908983392,0.09782939295484554,0.0927567196547733,0.10369654481834333,0.10958941162271366,0.10390032715691348
745,2,1,0.28537757304403655,0.28698548449942646,0.302787893356362,0.30685244602831224,0.4063309722129359,0.326825550967957,0.22678454028364053,0.21143197290379553
746,4,0,0.4873240760542541,0.47339528432186667,0.35166884539799637,0.43729367659812585,0.4463185364339841,0.5555299686428256,0.49513160682949403,0.4685110929671578
747,4,0,0.35699073697351996,0.3550580266515682,0.4929095398268762,0.363189348561788,0.26679861567026436,0.3175346834421744,0.34439660227495583,0.3738556553423986
748,3,1,0.7450720843395486,0.7670434237742788,0.7554642875794528,0.7532978277347442,0.7793675638199574,0.7618128617175013,0.7450612211318329,0.7592552849163736
749,3,0,0.47363349831958484,0.481481138244985,0.5397528572616588,0.4641106235404993,0.4375677013791571,0.438270433316592,0.4783592910208222,0.4776735799914665
750,2,0,0.09400248676693582,0.09579827484627264,0.09389112898171029,0.09428758021916947,0.08685129709402967,0.08743542274888023,0.10161308497577051,0.09451743704369273
751,3,1,0.8738918587639483,0.8900978900588018,0.884372575211336,0.8873258985849736,0.8974242254886804,0.8877014527715545,0.8489919259053849,0.8873472487215566
752,3,1,0.953968998236854,0.9300772761522487,0.9574567206653648,0.9302633571314629,0.9597377746978314,0.9470336372259873,0.9381203041800663,0.9262843797364164
753,1,0,0.11434101584391912,0.11505922316225113,0.10712470271283901,0.11155155886327285,0.11277096429137591,0.12052726181202868,0.11800363976654696,0.10992661665747983
754,1,0,0.11499030824409298,0.10146479020004405,0.10805785804793648,0.1091833811655036,0.11207603963272834,0.10651374633495277,0.11116288779987168,0.10909645952894477
755,2,1,0.918615802431186,0.9103288193365034,0.9492969383668499,0.9163004777534502,0.9478538927919458,0.9461552408026696,0.9039351663354458,0.8824180425949136
756,1,1,0.8812929106897108,0.8959406482640577,0.9232953984958113,0.9002198481236277,0.9303754177771064,0.9130160093900713,0.8830391643666056,0.8899274232697054
757,2,0,0.10737403972156773,0.10022132701997057,0.1055918686757753,0.10257760660960265,0.11483439265961917,0.10099658024271661,0.10090858749022696,0.10357046793011113
758,4,0,0.1489298131760367,0.16814255890718963,0.15773583777138322,0.16454245377303237,0.13818739122989665,0.15345385984731272,0.1744968758276641,0.15778109118910116
759,2,0,0.09693320966037913,0.08965038625737141,0.09541608430113406,0.09304025364731797,0.08762365323614779,0.08202029296608425,0.09332253324681865,0.09396006595798852
760,1,1,0.9711309451735063,0.9729294104423346,0.9871953254024982,0.974570602342126,0.980357499776004,0.9751375671655474,0.9729962058591947,0.9739921963509384
761,4,0,0.10769471719943839,0.10313542486868094,0.111254578059449,0.10330745149113466,0.0925877780078622,0.10665427641416626,0.10706862704587072,0.10583747359062692
762,4,0,0.10276101414545857,0.07708758645858607,0.08255407534745411,0.09041820583517018,0.06739751028397854,0.08224834338771213,0.09107997655297564,0.09682220140639948
763,4,1,0.11703680012079569,0.1165368034234078,0.12182817648102783,0.11591628230067116,0.12425419803161124,0.11245859538414375,0.1203002049986902,0.11031701410905527
764,2,1,0.9831464100860114,0.9839719446057787,0.9843152342796904,0.9850729802759259,0.9841374275148993,0.9846456527910199,0.9802138955523328,0.9769161295210604
765,4,0,0.2254402303811747,0.21541857946045098,0.23336207266424747,0.21020435456132336,0.17919751070583068,0.18097253075569864,0.23148932406767772,0.2075644432902845
766,0,1,0.9753505755957446,0.9744557214817544,0.9815715400778562,0.9768113563806529,0.9878932715019896,0.9813992185469296,0.960358900622417,0.9698371820093293
767,4,0,0.39281074185193915,0.47289813853587254,0.35899130407190855,0.4114529790705893,0.37859794523254536,0.37777204032142603,0.4017455406695599,0.3820984493623728
768,2,0,0.5344890119167937,0.592952292367332,0.5838230742160389,0.5530530493672079,0.5831979584289745,0.5848060404966102,0.6005829385875685,0.5675348640833713
769,3,0,0.10951416424801463,0.1354139123838198,0.11151696308788844,0.1267583130080569,0.10334789233425969,0.10965407512983773,0.13080928461899624,0.11688799627238339
770,2,0,0.10379679002349756,0.09693760936040421,0.09917056868845807,0.09701028089588007,0.09560526366481911,0.09463767150218462,0.10210389850056707,0.09854465967563969
771,4,0,0.10236125643592103,0.09948131382427766,0.10186788042243804,0.09699277989948336,0.09397358033150476,0.09788146721381796,0.10582082394229482,0.0993070982244793
772,1,0,0.07950124590856153,0.0885693112727162,0.07373830383815222,0.0824797442150723,0.08048897456974932,0.07696622527694943,0.0936544527937038,0.08417621910299454
773,1,0,0.8850229460180933,0.8617830708509501,0.927695182482725,0.8656222983919332,0.9004715747204023,0.8664551437621718,0.8518307999947968,0.8488833648237245
774,0,0,0.11780016149643774,0.11305434923709651,0.12037960767553565,0.11638269735325198,0.12116465968290735,0.11641131292152317,0.11920641895296274,0.12248765851098826
775,2,1,0.7466568619050338,0.6973291005124514,0.7519947391944207,0.7456638392898239,0.7479174384012304,0.7955426508475675,0.715480077678833,0.7344638097848012
776,1,0,0.11878779481697196,0.1051439338544816,0.11630000738997506,0.11160179447891919,0.10952437369048858,0.10863893178457877,0.11139795931161851,0.11451538028436456
777,3,0,0.1323461799419995,0.1168214430950235,0.12165567932497715,0.13843704091208076,0.12748548593922282,0.12835843250950182,0.1270079496826749,0.12669733344905443
778,1,1,0.904835195934286,0.8810131163876235,0.9475068705953831,0.9256207879577846,0.9225365385911042,0.8854532459351815,0.8706467596611541,0.8971644178278895
779,1,0,0.11540407112376042,0.12117265665134808,0.11243590509819068,0.11548420169682527,0.11414923066020063,0.108853743755668,0.11202556731595105,0.11915432190188387
780,0,1,0.9796938050254809,0.9697238762227522,0.9803613945957144,0.9779846410072897,0.9864490007963139,0.9821640972862479,0.9629828348373832,0.9696856998531065
781,0,1,0.6939582886515763,0.6748597653906868,0.7144699223021564,0.7191257331601448,0.761675987446993,0.7258578723895056,0.696486756279169,0.7201598929267338
782,4,1,0.9765278582545331,0.9596402983655866,0.9748440348471524,0.9716470677629654,0.9806664648795358,0.973826604509109,0.9688285853618608,0.9706325917815276
783,4,0,0.47708801863577666,0.44620455438457945,0.48097550502626624,0.47941626864351045,0.44837807092857906,0.5197558485758179,0.42914873135502835,0.4839023919887063
784,2,0,0.03759930179411663,0.021541257691111388,0.014346717703851944,0.04308985035006577,0.02030431372553707,0.03343936857874291,0.041126234027993605,0.060391870219594974
785,2,0,0.10621163943364317,0.09686498928347655,0.09381456603597602,0.09845586598060366,0.09927159490518045,0.10464144563272398,0.10038318247311245,0.09933386773449782
786,0,0,0.11139673208063892,0.10728874584961592,0.11121074193735053,0.11025389630163934,0.11024442461818663,0.1084169211723041,0.11257629464210646,0.11064971886177637
787,4,1,0.5922197125226841,0.5565968855136257,0.5711963440697556,0.5690571514840967,0.5630686635104791,0.5464032772891845,0.5638032397771372,0.5602624853101004
788,0,0,0.045691001861343984,0.0666771939519645,0.039426884606952206,0.049383482813776254,0.03665558396808783,0.03583505885929363,0.07881407350173972,0.055241398497411644
789,0,1,0.7475071272952738,0.6889798826448207,0.7414981464122256,0.7250730778469423,0.737854896292177,0.7276420314512004,0.6808788284172431,0.6975114450631401
790,3,0,0.2864862884758807,0.2646437978136374,0.24642860711550635,0.27080225763329957,0.25680609620021455,0.2510340745404701,0.29266554593183836,0.2994025219629993
791,0,0,0.14762318877497896,0.14632893984011067,0.13688463019030883,0.14752293467144417,0.13441661250034284,0.13012498533217087,0.15047200374988748,0.15018719770468902
792,4,0,0.43761248058815594,0.4525739164146398,0.5020708344554691,0.48898830355539047,0.4527338970861098,0.4553119470491906,0.4718144230496269,0.43480640825226025
793,3,0,0.042328312072426995,0.04960223231042942,0.03509947385519721,0.04779072372625842,0.030334137625384387,0.042827850076247426,0.0655053525860798,0.05879175545850996
794,0,0,0.33225533639433363,0.2972529074053568,0.2897915854642539,0.30933705616098495,0.3307859079999703,0.3296676827892361,0.27491145384285043,0.28939113226721636
795,3,0,0.10044721531743328,0.09330779755529073,0.09132433821118022,0.09601618406171607,0.0916203558802197,0.08823786346539077,0.1002379865629764,0.0937730196094201
796,0,0,0.1435937493435288,0.12913444235944999,0.13332511350029952,0.13192056259472784,0.13454383963299224,0.12994852001570384,0.1351993802337875,0.1324034605620722
797,0,1,0.8891932326357833,0.9142531878413926,0.9076492218413988,0.8781232706531877,0.9301185193658741,0.9205094759957362,0.8834878562814268,0.892500523165098
798,4,1,0.4919427539241485,0.5595505618469439,0.5026064033088447,0.4839704153829993,0.4857238819695667,0.4540625804009123,0.546762789374583,0.4833170164623644
799,1,0,0.11868393426282424,0.1214604998342062,0.11635286691186832,0.11558434442969909,0.11646572024345254,0.12391118104032241,0.11254955872601635,0.1139035188155983
800,0,0,0.09706045204844391,0.08758714820864617,0.07632701055521188,0.08609361537569493,0.10014286952691427,0.09365256884669676,0.10301799801129025,0.10421446406825098
801,3,0,0.0961883999429305,0.11255245060040193,0.09364565095634107,0.10366699680214027,0.07849855425658099,0.08392078714799274,0.11334094363069792,0.10416811988316069
802,0,1,0.902650553393334,0.912965592466704,0.9302653660098971,0.9094158163785417,0.9436594924435573,0.9444177590783807,0.8898807638374714,0.9195052755106462
803,2,1,0.9782866556709987,0.976983049088839,0.9816595391994365,0.9809848946311146,0.976270269770371,0.9774052206411402,0.971615147583236,0.970913081546382
804,0,1,0.7515050932982357,0.7348919004830585,0.7444950337767484,0.7565980066672042,0.7689024502602722,0.7364749904380857,0.7216958453396457,0.7393564233605266
805,3,1,0.08294768013661782,0.08296283360096376,0.0885716020381734,0.07858051193848493,0.07826858386478003,0.08462700445886905,0.09160275400751962,0.08847478991967012
806,2,0,0.09520326387994134,0.09342326038603661,0.09736774758952584,0.09280656375469462,0.09574409662661894,0.09634537369990945,0.10123265635633229,0.09533569917410166
807,3,0,0.14942595964263206,0.14144534175907583,0.10250783167543746,0.1344354194202209,0.09751113226952607,0.1098814135678615,0.17338080420157595,0.19117010619769678
808,4,0,0.5892311845276998,0.5631489390247851,0.5646209950501428,0.5528630311565631,0.5428281390839386,0.5454860571816937,0.5659409458510943,0.56733481267286
809,4,0,0.1148442559242785,0.10639454967468165,0.10246269234452944,0.10807332639687647,0.09897092325485451,0.10161407186231099,0.11761334920442487,0.11152441925994525
810,3,1,0.9706945397361563,0.9771697880821311,0.9787048277540374,0.9722723086974852,0.982707211017413,0.9735715320144509,0.9673067765540213,0.9634263171917312
811,3,0,0.10049217256586497,0.09285726397879172,0.09132433821118022,0.09279887778259578,0.09112443783393415,0.08761345318023178,0.1002379865629764,0.0937730196094201
812,0,0,0.10354690035596367,0.10544626003402373,0.10327827575163508,0.10505164399068363,0.0976302444484287,0.11118640792501819,0.11071134845060077,0.10049005377938995
813,3,0,0.12050914355934048,0.1253160968829233,0.12295786179342601,0.12464501114678468,0.10585922930892262,0.11360185039629923,0.12362145803757103,0.11377622706523462
814,4,0,0.10176507103525287,0.07104466627703142,0.10041735683286311,0.08196890590860036,0.10189724798224951,0.09138478394425933,0.08234214895599545,0.09233731877078516
815,0,0,0.11065478339398198,0.105093561122525,0.10772839960166729,0.10318010717813761,0.09891590234595624,0.09681351736303266,0.11046800880587551,0.10192052138555094
816,3,0,0.14334652520867153,0.12913217460503199,0.08905576402347354,0.12710882509412652,0.08409744687267141,0.10371599325167345,0.1595336617094163,0.16805394507984966
817,2,0,0.6216430283824489,0.6126211151139831,0.6148862300075454,0.6182362075230653,0.6306949299976534,0.6228727301904285,0.6033441693519702,0.6017139535833809
818,2,0,0.1487235426731419,0.18049351902354357,0.1215864568755958,0.1558191079213232,0.12385121686967307,0.15312484148235098,0.1702356630973671,0.1498312962683605
819,0,0,0.09576081134560115,0.08617286486996206,0.09184530950182077,0.09433774968585479,0.07881185025126486,0.09201325084776978,0.08871924372972471,0.08965938855931609
820,2,0,0.042883222322103495,0.04039995995975663,0.0313781111377008,0.04023572035477632,0.025921548975813082,0.029556546811049828,0.057499239986728956,0.04648800937789923
821,4,1,0.9574046037641495,0.9275462180491715,0.9505644740778121,0.947550741875903,0.9527278876911001,0.9588942881976746,0.9284567178457869,0.94458275565335
822,3,1,0.09734501986932288,0.09285726397879172,0.08858345807064759,0.09726878084617113,0.09086857205028379,0.08866240846429087,0.1009567391209007,0.09655585353259544
823,0,0,0.21940365857131228,0.29397993238347453,0.2181150731394339,0.25351492586276453,0.1878083661512495,0.207461247378397,0.3225621555394526,0.28607625376526574
824,1,1,0.8898313189243229,0.9136326790724559,0.9430357333602652,0.8850598070739188,0.8976632602902026,0.8744282109734551,0.8455616465565303,0.8592158394958048
825,3,0,0.048484408371604594,0.04589682521480344,0.03744134419766725,0.04773722475861445,0.02897554634299278,0.031858048917393175,0.07147603173327166,0.0520072699756747
826,2,0,0.10421984421369297,0.10225225501871035,0.10061928375590734,0.09194548971171304,0.08862941691705943,0.09237529099422506,0.09663950731057817,0.09605169289355787
827,1,0,0.5561934702542,0.5541718261499985,0.6673894439236949,0.5892500646122681,0.7033220101412473,0.6326957173979737,0.41073309507000016,0.4796360454267697
828,3,1,0.8461034548235076,0.8940212582737825,0.8749559465924133,0.8746024074722899,0.9145175202707864,0.9102349290080642,0.8445255655637915,0.867728211485629
829,1,1,0.11734545354455854,0.12117265665134808,0.11251918894067259,0.1157696692256743,0.11591254008191405,0.10972851084391662,0.11240764406012906,0.12052510259976161
830,4,1,0.9702948023110379,0.9489167054671901,0.9714205162398487,0.9639216228042317,0.9694969488422835,0.9591121122989561,0.9503870324421955,0.947107512542292
831,0,1,0.6803590043231732,0.6558661849470862,0.6558827621799723,0.6750772850065458,0.6646331694893496,0.6671700618860168,0.6767319882994168,0.6823116522265832
832,2,1,0.9507365044100878,0.9496137282128445,0.9713978521884277,0.9609985980132673,0.9768446518796577,0.9690760937187336,0.9438077386302586,0.9541693658685084
833,2,0,0.10836149997898457,0.10150889816199868,0.10722294197090722,0.10077324056695035,0.09742087330571958,0.09428648701134577,0.10248017014718573,0.10000322349537874
834,4,0,0.10322758876281053,0.10158846776340073,0.10297562418902365,0.10079899420355776,0.09693452187897732,0.09946863543045784,0.10603453437533372,0.10589737587713163
835,4,0,0.10547031693957652,0.10248838567392231,0.09583588690913952,0.09367255544389382,0.09786303982823685,0.10189504444241679,0.10930464955362705,0.10305623004268029
836,4,1,0.9731895050926346,0.9697499994999234,0.9848406876248929,0.9734548557641591,0.9784336126414268,0.977964587188262,0.9665795955207638,0.9715780886149573
837,4,0,0.10114178089667526,0.09985782546145586,0.09514171943390655,0.09487325113309822,0.09642937332291858,0.10032784712385799,0.10685703942063458,0.09960130757702905
838,4,0,0.10323772617735483,0.09921460772998685,0.10258039955004766,0.10132832143888754,0.10224153685340637,0.10314040412712429,0.10453261618494586,0.10542096443306119
839,1,1,0.5551010019552919,0.5653103838904763,0.6613895074875124,0.6001250933904115,0.7040062954193429,0.6482483013542035,0.4177759148422704,0.4873916333931884
840,0,1,0.3197139342741902,0.3370064627984583,0.31728355553779963,0.32101065893136865,0.3488374598791117,0.3570437095286466,0.2915556777574508,0.319056844884598
841,2,0,0.09206472944106438,0.0971450244612331,0.08290694963882471,0.09024749561087646,0.07433962326360188,0.09172654883223352,0.09995800607157834,0.0936003993988339
842,1,0,0.283819117523788,0.2730382394256684,0.2160283514495359,0.2706700922050473,0.2962489348478319,0.2392267626328378,0.27991269417716547,0.2545345864471849
843,3,1,0.8817199844222462,0.9062360212789793,0.9045861439060364,0.8967787281421309,0.9313246191251037,0.9176381255459717,0.8863512650644417,0.9063025775754003
844,4,0,0.10291882081098033,0.0813906823435574,0.08776066443625133,0.07688157644313905,0.07269852377528199,0.08571099960384945,0.0924907963010787,0.0949292617551708
845,4,0,0.19684138550027538,0.19179345560226468,0.19056889907193686,0.17069269170702075,0.1313992466791478,0.15201414530956722,0.20098690297394015,0.17242755984268374
846,0,0,0.08069331543944727,0.08828341467870404,0.07468289510268704,0.08807494767852299,0.07090250021057973,0.09053870576792476,0.0904158333046911,0.09238025621677838
847,4,0,0.050228507773881145,0.044833465729726255,0.024348782848152464,0.06694255239670338,0.03402593230532802,0.06400970526999163,0.06560958813502568,0.080965333989954
848,2,0,0.09140092435952601,0.08216322081228847,0.08918619642551018,0.08679512694893261,0.07756464736998207,0.0726970831714821,0.08551001285584058,0.08511118704573259
849,0,0,0.32361686802094247,0.3305580061023163,0.26884149717893746,0.3001013945388988,0.29097956895675536,0.3135176933002885,0.3458838666918369,0.35726735215335137
850,4,1,0.9671312318603719,0.9591815179223152,0.9674766199607101,0.9674443533374278,0.9817091184672404,0.9802759632325924,0.9572719930531937,0.9656538000201145
851,2,0,0.0544825164517701,0.04204275210399754,0.04028293210941491,0.053584100217194265,0.03511001820321863,0.03531688031965155,0.06342689061484803,0.05499497025506959
852,4,0,0.09072901559769894,0.08678337793246321,0.08368282556846394,0.09284708331500313,0.07128580026629833,0.07761379036960248,0.09184950830171719,0.08529065828034842
853,1,0,0.11325818195227356,0.1518551133974928,0.1129673621969904,0.11305140108942566,0.20603582657987127,0.14892719986180414,0.14137428585939696,0.13034205526481063
854,3,1,0.940379077837135,0.9427615755867118,0.943987638278442,0.9304326717040186,0.9415495881953235,0.9503291788205696,0.9244729809343484,0.9413866082072467
855,2,0,0.8469401820363467,0.8099476732874659,0.8524352693181079,0.8347737850965022,0.8600275774535563,0.8698841551133013,0.840132368963347,0.8497280884669017
856,4,1,0.5931840829458995,0.5952567365088518,0.5614400421324053,0.580018667085715,0.5796224840516183,0.5644094258336722,0.5833138460202063,0.561766883800513
857,0,1,0.9714952573833349,0.9562550299769249,0.9665301954811122,0.9709317001541482,0.985689935656572,0.9804918674787942,0.9504623363104061,0.9619160761356939
858,2,1,0.2666319443020134,0.28548638943775906,0.20717810485126473,0.23633721676064154,0.21088418660287755,0.22803558086365844,0.26119698973881394,0.23264428660865136
859,3,1,0.9017924051422709,0.8776562838002849,0.925073447613778,0.8905321925536117,0.9343648138945946,0.9227125712287372,0.8816660244707978,0.8793558791061453
860,1,0,0.12454385335231946,0.1245835870857742,0.1185329170083172,0.12130234527903683,0.11843977041244136,0.12427221392322584,0.11458201275898011,0.1206282686036138
861,3,0,0.06740828256599067,0.06114379129525579,0.051127763662727706,0.052650846656492854,0.04206970533586901,0.03878998189978761,0.06975456745451539,0.06829589458570151
862,3,0,0.14652713830125244,0.14049581490530644,0.146446381810323,0.14474299995188689,0.1199246624463283,0.126256811440209,0.16445043169352727,0.1442401283438773
863,0,1,0.9262236266630207,0.947351151001462,0.9471851947995183,0.9230741902661844,0.9513909745093506,0.9373532010052734,0.9223135703460335,0.930954404744296
864,4,0,0.03973926790288881,0.04045141815850457,0.022941546831114143,0.044214636263905704,0.029326699283259008,0.04668138070244682,0.05836207957196232,0.058851864787216816
865,3,0,0.13301639785453534,0.13145981284595237,0.12732052654450657,0.1259635345445922,0.10281294363187235,0.09972305441727274,0.14663897761652636,0.12418153229205527
866,3,1,0.7461035262569292,0.7547811445150664,0.7554963758180314,0.7635680802896283,0.7783196471319886,0.7332610964526597,0.76266497671468,0.7298239167518998
867,2,1,0.8059695075718921,0.8083230617814477,0.8133122105011811,0.8252515292468616,0.8362605742029661,0.8253762656757816,0.8112545631061899,0.8133265717147998
868,2,0,0.45157012246509504,0.46793169756351904,0.4508180750563077,0.4798811014147665,0.4900737320580208,0.46563022126026055,0.4567611973608646,0.4729366990793778
869,1,0,0.12792205772430187,0.11514309861001308,0.12129384033239127,0.12111073051683931,0.12552881031420926,0.12230393217462895,0.11729573399320643,0.1173916729503294
870,2,1,0.9125545984403184,0.9026725616310851,0.9415453083525026,0.9242545889782963,0.9705534659916918,0.9554387302444931,0.873757357511981,0.9126873696601243
871,0,0,0.10904546192795622,0.10512475591939101,0.10558269477196983,0.10064503211225118,0.0987804385781152,0.0971026695747105,0.11042509201073995,0.1028022418419104
872,2,1,0.9416814000604781,0.9344438518339357,0.9573885234421932,0.9395630037356935,0.9600681999997708,0.9551810908141803,0.9361812962125884,0.9369362692439995
873,3,0,0.19178280293911187,0.20117852356255883,0.13675666988471716,0.15259594962537013,0.14116886069973375,0.157874099915144,0.19612656531124192,0.23026787397021378
874,0,0,0.09834565854202265,0.08584527670837941,0.08617709162362587,0.09374692587728274,0.08647732441179114,0.08920133334853217,0.0917829481698884,0.08506309175437286
875,1,1,0.841559514893855,0.8365857169432139,0.8285555843566521,0.8381630014794745,0.8464200470556573,0.8656738154808373,0.85199798455308,0.8233262520030078
876,0,1,0.6422955155917149,0.6674967463669816,0.6458673344158807,0.6549075636405649,0.64986214332067,0.644461511823867,0.6334685992438174,0.6529162042228952
877,4,0,0.0882966048641248,0.08523896059312776,0.0887143207362886,0.08219206486793303,0.07766702846920902,0.08675855901702502,0.0984362732236172,0.08845535912221815
878,3,0,0.10649676662853605,0.09711819673210526,0.09812260899379634,0.09620367916094145,0.093035523256641,0.0881771062655546,0.10736747100068965,0.09955793012692396
879,1,0,0.11798752808563329,0.10923706150490962,0.10906046876590252,0.11105037548286793,0.11362939979261552,0.11086645889552948,0.10891568780665159,0.10750583250806542
880,1,1,0.9444912890503787,0.9568994824517781,0.9654816186722655,0.95364936331133,0.9620057337467595,0.9593144995893671,0.9523393401238013,0.951483426598018
881,2,1,0.9479237177339059,0.9327001666792769,0.9510604833920022,0.9552532883541147,0.9673893071465803,0.9617372515229,0.925078441434704,0.9398426370739322
882,4,0,0.10198730209879796,0.09949767873825845,0.09434830273283819,0.10002372561307032,0.10402195402732296,0.09602081767494808,0.10213835710444788,0.10129485295116451
883,1,0,0.6349484920015742,0.6451852284313091,0.6458985543347864,0.6274852328505407,0.5843179531318364,0.6205940462342097,0.658242259508023,0.6620236726940422
884,0,0,0.1346721319244736,0.12542585569937953,0.12254671605933747,0.13043736649950824,0.13997688185378043,0.1357271314402998,0.1345768834852537,0.12162905089958255
885,0,0,0.1116643852460634,0.10547389452432882,0.11594105332294441,0.11183195764631573,0.10568999805646626,0.10665346901499807,0.10843152979851203,0.10676842143078144
886,0,0,0.06489406397391517,0.06536243086082587,0.07317544289131767,0.07319284212895179,0.07499914141014317,0.07523373777495446,0.09242085437561197,0.08604536016629649
887,2,0,0.25429553944347744,0.24157295218665706,0.22232581038079255,0.24484331441069682,0.2439099753388029,0.2369804313844912,0.25464922790451755,0.23991447938255867
888,3,1,0.9303718420853566,0.9442593687753673,0.9464789478508958,0.9408160089955845,0.9533420551456049,0.9461772903131426,0.9387465202724353,0.9381926259114918
889,3,0,0.634175268316157,0.6261328489061052,0.5978103831803749,0.6097957949299916,0.6430566458361854,0.6325168522213093,0.652839125885857,0.6502771210735068
890,2,1,0.44730359633736677,0.43870125951467215,0.4688345076979032,0.44558840157941265,0.45049032875507217,0.45877991679491686,0.4274200518192636,0.4564149610375465
891,0,0,0.12470478179885525,0.11563977632660874,0.11797922520824579,0.1131866809997007,0.10923323512015928,0.10832560434974114,0.11819673578479446,0.1132865440036509
